NAME	ORIGINAL SIZE	AFTER RESTRICTING TO DATASET	STATUS	
GOBP_MITOCHONDRIAL_GENOME_MAINTENANCE	23	19		
GOBP_REPRODUCTION	1514		Rejected!	
GOBP_SINGLE_STRAND_BREAK_REPAIR	12		Rejected!	
GOBP_REGULATION_OF_DNA_RECOMBINATION	131	98		
GOBP_REGULATION_OF_MITOTIC_RECOMBINATION	7		Rejected!	
GOBP_RIBOSOMAL_LARGE_SUBUNIT_ASSEMBLY	27	23		
GOBP_RIBOSOMAL_SMALL_SUBUNIT_ASSEMBLY	19	17		
GOBP_VERY_LONG_CHAIN_FATTY_ACID_METABOLIC_PROCESS	35	18		
GOBP_TRANSITION_METAL_ION_TRANSPORT	105	55		
GOBP_UREA_CYCLE	10		Rejected!	
GOBP_CITRULLINE_METABOLIC_PROCESS	8		Rejected!	
GOBP_RIBOSOMAL_SUBUNIT_EXPORT_FROM_NUCLEUS	14		Rejected!	
GOBP_RIBOSOMAL_LARGE_SUBUNIT_EXPORT_FROM_NUCLEUS	7		Rejected!	
GOBP_RIBOSOMAL_SMALL_SUBUNIT_EXPORT_FROM_NUCLEUS	8		Rejected!	
GOBP_MITOTIC_SISTER_CHROMATID_SEGREGATION	173	145		
GOBP_CELL_CYCLE_CHECKPOINT_SIGNALING	170	141		
GOBP_DNA_REPLICATION_CHECKPOINT_SIGNALING	17	15		
GOBP_REGULATION_OF_TRANSCRIPTION_INVOLVED_IN_G1_S_TRANSITION_OF_MITOTIC_CELL_CYCLE	21	17		
GOBP_SULFUR_AMINO_ACID_METABOLIC_PROCESS	33	18		
GOBP_SULFUR_AMINO_ACID_BIOSYNTHETIC_PROCESS	17		Rejected!	
GOBP_SULFUR_AMINO_ACID_CATABOLIC_PROCESS	10		Rejected!	
GOBP_SULFUR_AMINO_ACID_TRANSPORT	9		Rejected!	
GOBP_NEGATIVE_REGULATION_OF_TRANSCRIPTION_BY_RNA_POLYMERASE_II	931	471		
GOBP_RRNA_MODIFICATION	37	29		
GOBP_MAPK_CASCADE	792	370		
GOBP_NUCLEAR_TRANSCRIBED_MRNA_CATABOLIC_PROCESS_NONSENSE_MEDIATED_DECAY	40	35		
GOBP_PROTEIN_POLYUBIQUITINATION	244	190		
GOBP_MEIOTIC_SPINDLE_ORGANIZATION	15		Rejected!	
GOBP_MICROTUBULE_CYTOSKELETON_ORGANIZATION	642	393		
GOBP_SPLICEOSOMAL_TRI_SNRNP_COMPLEX_ASSEMBLY	25		Rejected!	
GOBP_SPLICEOSOMAL_COMPLEX_ASSEMBLY	77	48		
GOBP_ALLANTOIN_METABOLIC_PROCESS	8		Rejected!	
GOBP_MITOCHONDRIAL_FISSION	40	28		
GOBP_PEPTIDOGLYCAN_METABOLIC_PROCESS	6		Rejected!	
GOBP_POLYSACCHARIDE_BIOSYNTHETIC_PROCESS	75	39		
GOBP_POLYSACCHARIDE_CATABOLIC_PROCESS	19		Rejected!	
GOBP_MITOTIC_CELL_CYCLE	900		Rejected!	
GOBP_MITOTIC_CYTOKINESIS	71	57		
GOBP_NUCLEAR_TRANSCRIBED_MRNA_CATABOLIC_PROCESS_DEADENYLATION_DEPENDENT_DECAY	63	51		
GOBP_NUCLEAR_TRANSCRIBED_MRNA_POLY_A_TAIL_SHORTENING	28	21		
GOBP_DEADENYLATION_DEPENDENT_DECAPPING_OF_NUCLEAR_TRANSCRIBED_MRNA	10		Rejected!	
GOBP_NUCLEAR_TRANSCRIBED_MRNA_CATABOLIC_PROCESS_EXONUCLEOLYTIC	19	19		
GOBP_RETROGRADE_TRANSPORT_VESICLE_RECYCLING_WITHIN_GOLGI	9		Rejected!	
GOBP_RESPONSE_TO_REACTIVE_OXYGEN_SPECIES	204	116		
GOBP_RESPONSE_TO_OXYGEN_RADICAL	29	16		
GOBP_PROTEIN_DENEDDYLATION	10		Rejected!	
GOBP_FORMATION_OF_QUADRUPLE_SL_U4_U5_U6_SNRNP	10		Rejected!	
GOBP_RNA_SPLICING_VIA_TRANSESTERIFICATION_REACTIONS	322	246		
GOBP_ALTERNATIVE_MRNA_SPLICING_VIA_SPLICEOSOME	77	56		
GOBP_REGULATION_OF_ALTERNATIVE_MRNA_SPLICING_VIA_SPLICEOSOME	60	41		
GOBP_SPLICEOSOMAL_SNRNP_ASSEMBLY	50	35		
GOBP_MRNA_3_SPLICE_SITE_RECOGNITION	6		Rejected!	
GOBP_SPLICEOSOMAL_CONFORMATIONAL_CHANGES_TO_GENERATE_CATALYTIC_CONFORMATION	5		Rejected!	
GOBP_RNA_SPLICING_VIA_ENDONUCLEOLYTIC_CLEAVAGE_AND_LIGATION	11		Rejected!	
GOBP_MRNA_5_SPLICE_SITE_RECOGNITION	23		Rejected!	
GOBP_PROTEIN_PEPTIDYL_PROLYL_ISOMERIZATION	42	27		
GOBP_REGULATION_OF_HISTONE_H3_K36_METHYLATION	7		Rejected!	
GOBP_AUTOPHAGY_OF_MITOCHONDRION	88	74		
GOBP_MITOPHAGY	34	28		
GOBP_ENDONUCLEOLYTIC_CLEAVAGE_IN_ITS1_TO_SEPARATE_SSU_RRNA_FROM_5_8S_RRNA_AND_LSU_RRNA_FROM_TRICISTRONIC_RRNA_TRANSCRIPT_SSU_RRNA_5_8S_RRNA_LSU_RRNA	9		Rejected!	
GOBP_ENZYME_DIRECTED_RRNA_PSEUDOURIDINE_SYNTHESIS	6		Rejected!	
GOBP_MATURATION_OF_5_8S_RRNA	35	34		
GOBP_MATURATION_OF_SSU_RRNA_FROM_TRICISTRONIC_RRNA_TRANSCRIPT_SSU_RRNA_5_8S_RRNA_LSU_RRNA	37	33		
GOBP_MATURATION_OF_LSU_RRNA_FROM_TRICISTRONIC_RRNA_TRANSCRIPT_SSU_RRNA_5_8S_RRNA_LSU_RRNA	15	15		
GOBP_MATURATION_OF_5_8S_RRNA_FROM_TRICISTRONIC_RRNA_TRANSCRIPT_SSU_RRNA_5_8S_RRNA_LSU_RRNA	24	24		
GOBP_CLEAVAGE_INVOLVED_IN_RRNA_PROCESSING	27	27		
GOBP_MATURATION_OF_LSU_RRNA	28	27		
GOBP_ENDONUCLEOLYTIC_CLEAVAGE_INVOLVED_IN_RRNA_PROCESSING	15	15		
GOBP_ENDONUCLEOLYTIC_CLEAVAGE_IN_5_ETS_OF_TRICISTRONIC_RRNA_TRANSCRIPT_SSU_RRNA_5_8S_RRNA_LSU_RRNA	7		Rejected!	
GOBP_SMALL_NUCLEOLAR_RIBONUCLEOPROTEIN_COMPLEX_ASSEMBLY	12		Rejected!	
GOBP_BOX_C_D_SNORNP_ASSEMBLY	10		Rejected!	
GOBP_EMBRYONIC_AXIS_SPECIFICATION	43		Rejected!	
GOBP_RESOLUTION_OF_MEIOTIC_RECOMBINATION_INTERMEDIATES	17		Rejected!	
GOBP_TELOMERE_MAINTENANCE_VIA_RECOMBINATION	15	15		
GOBP_TELOMERE_MAINTENANCE	132	118		
GOBP_RECOMBINATIONAL_REPAIR	164	137		
GOBP_DOUBLE_STRAND_BREAK_REPAIR_VIA_BREAK_INDUCED_REPLICATION	12		Rejected!	
GOBP_DNA_DOUBLE_STRAND_BREAK_PROCESSING	19	16		
GOBP_DNA_SYNTHESIS_INVOLVED_IN_DNA_REPAIR	37	30		
GOBP_DNA_CATABOLIC_PROCESS_ENDONUCLEOLYTIC	26	17		
GOBP_DNA_CATABOLIC_PROCESS_EXONUCLEOLYTIC	5		Rejected!	
GOBP_SISTER_CHROMATID_SEGREGATION	207	165		
GOBP_REGULATION_OF_GLUTAMINE_FAMILY_AMINO_ACID_METABOLIC_PROCESS	8		Rejected!	
GOBP_CELL_MORPHOGENESIS	1004	450		
GOBP_CELL_MORPHOGENESIS_INVOLVED_IN_DIFFERENTIATION	711	307		
GOBP_CYTOKINESIS	174	118		
GOBP_NUCLEAR_TRANSCRIBED_MRNA_CATABOLIC_PROCESS	123	105		
GOBP_MITOCHONDRIAL_RNA_CATABOLIC_PROCESS	6		Rejected!	
GOBP_MITOCHONDRIAL_RNA_METABOLIC_PROCESS	49	44		
GOBP_REGULATION_OF_MITOCHONDRIAL_RNA_CATABOLIC_PROCESS	5		Rejected!	
GOBP_MITOCHONDRIAL_RNA_PROCESSING	20	19		
GOBP_MITOCHONDRIAL_RNA_3_END_PROCESSING	5		Rejected!	
GOBP_RNA_5_END_PROCESSING	23	21		
GOBP_RRNA_5_END_PROCESSING	5		Rejected!	
GOBP_TRANSCRIPTION_DEPENDENT_TETHERING_OF_RNA_POLYMERASE_II_GENE_DNA_AT_NUCLEAR_PERIPHERY	6		Rejected!	
GOBP_RESPONSE_TO_ACID_CHEMICAL	129	65		
GOBP_RNA_POLYMERASE_I_PREINITIATION_COMPLEX_ASSEMBLY	9		Rejected!	
GOBP_FORMATION_OF_EXTRACHROMOSOMAL_CIRCULAR_DNA	15		Rejected!	
GOBP_GUANINE_NUCLEOTIDE_TRANSPORT	8		Rejected!	
GOBP_SKELETAL_SYSTEM_DEVELOPMENT	523	196		
GOBP_OSSIFICATION	419	175		
GOBP_NEUROTRANSMITTER_UPTAKE	43		Rejected!	
GOBP_REGULATION_OF_NEUROTRANSMITTER_LEVELS	214	84		
GOBP_ACTION_POTENTIAL	143	44		
GOBP_RNA_METHYLATION	83	67		
GOBP_PSEUDOURIDINE_SYNTHESIS	18	18		
GOBP_CILIUM_OR_FLAGELLUM_DEPENDENT_CELL_MOTILITY	149	35		
GOBP_OVARIAN_FOLLICLE_DEVELOPMENT	57	23		
GOBP_OVULATION_FROM_OVARIAN_FOLLICLE	10		Rejected!	
GOBP_ANTRAL_OVARIAN_FOLLICLE_GROWTH	9		Rejected!	
GOBP_LUTEINIZATION	12		Rejected!	
GOBP_LUTEOLYSIS	7		Rejected!	
GOBP_OOCYTE_MATURATION	27		Rejected!	
GOBP_FATTY_ACID_ALPHA_OXIDATION	7		Rejected!	
GOBP_RESPONSE_TO_PROTOZOAN	27		Rejected!	
GOBP_BRANCHING_INVOLVED_IN_BLOOD_VESSEL_MORPHOGENESIS	35		Rejected!	
GOBP_VASCULOGENESIS	80	35		
GOBP_GANGLIOSIDE_METABOLIC_PROCESS	26	19		
GOBP_GANGLIOSIDE_BIOSYNTHETIC_PROCESS	16		Rejected!	
GOBP_MICROTUBULE_BUNDLE_FORMATION	119	34		
GOBP_OSTEOBLAST_DIFFERENTIATION	241	101		
GOBP_UROGENITAL_SYSTEM_DEVELOPMENT	353	128		
GOBP_METANEPHROS_DEVELOPMENT	89	22		
GOBP_TEMPERATURE_HOMEOSTASIS	177	89		
GOBP_FEVER_GENERATION	11		Rejected!	
GOBP_AMEBOIDAL_TYPE_CELL_MIGRATION	482	198		
GOBP_REGULATION_OF_CHROMATIN_ASSEMBLY_OR_DISASSEMBLY	36	26		
GOBP_ACROSOME_ASSEMBLY	18		Rejected!	
GOBP_LONG_CHAIN_FATTY_ACID_METABOLIC_PROCESS	111	40		
GOBP_CELLULAR_GLUCOSE_HOMEOSTASIS	155	76		
GOBP_TRNA_5_LEADER_REMOVAL	13		Rejected!	
GOBP_HISTAMINE_METABOLIC_PROCESS	6		Rejected!	
GOBP_GASTRIC_ACID_SECRETION	18		Rejected!	
GOBP_IN_UTERO_EMBRYONIC_DEVELOPMENT	389	236		
GOBP_GASTRULATION_WITH_MOUTH_FORMING_SECOND	26		Rejected!	
GOBP_FORMATION_OF_PRIMARY_GERM_LAYER	123	45		
GOBP_ENDODERM_FORMATION	55	20		
GOBP_CELL_FATE_SPECIFICATION	96	20		
GOBP_CELL_FATE_DETERMINATION	43		Rejected!	
GOBP_MESODERMAL_CELL_FATE_COMMITMENT	17		Rejected!	
GOBP_ENDODERMAL_CELL_FATE_COMMITMENT	15		Rejected!	
GOBP_ENDODERMAL_CELL_FATE_SPECIFICATION	8		Rejected!	
GOBP_FORMATION_OF_TRANSLATION_PREINITIATION_COMPLEX	11		Rejected!	
GOBP_MORPHOGENESIS_OF_A_POLARIZED_EPITHELIUM	96	42		
GOBP_EYE_PHOTORECEPTOR_CELL_DIFFERENTIATION	45	17		
GOBP_NEURAL_CREST_CELL_MIGRATION	60	15		
GOBP_SOMITOGENESIS	65	23		
GOBP_SOMITE_SPECIFICATION	5		Rejected!	
GOBP_ORGAN_INDUCTION	24		Rejected!	
GOBP_MORPHOGENESIS_OF_A_BRANCHING_STRUCTURE	199	65		
GOBP_NEURON_MIGRATION	164	65		
GOBP_MEMBRANE_RAFT_ASSEMBLY	11		Rejected!	
GOBP_ESTABLISHMENT_OF_LYMPHOCYTE_POLARITY	14		Rejected!	
GOBP_IMMUNOLOGICAL_SYNAPSE_FORMATION	15		Rejected!	
GOBP_MYELOID_DENDRITIC_CELL_ACTIVATION	29	17		
GOBP_MICROGLIAL_CELL_ACTIVATION	47	23		
GOBP_CELL_ACTIVATION	1095		Rejected!	
GOBP_LEUKOCYTE_HOMEOSTASIS	89	66		
GOBP_PLASMA_MEMBRANE_REPAIR	24	15		
GOBP_NATURAL_KILLER_CELL_DIFFERENTIATION	24	18		
GOBP_NEUTROPHIL_HOMEOSTASIS	16		Rejected!	
GOBP_NEUTROPHIL_APOPTOTIC_PROCESS	7		Rejected!	
GOBP_B_CELL_HOMEOSTASIS	31	26		
GOBP_B_CELL_APOPTOTIC_PROCESS	26	23		
GOBP_NATURAL_KILLER_CELL_PROLIFERATION	14		Rejected!	
GOBP_ANTIBODY_DEPENDENT_CELLULAR_CYTOTOXICITY	5		Rejected!	
GOBP_CYTOKINE_PRODUCTION	828	387		
GOBP_NEGATIVE_REGULATION_OF_CYTOKINE_PRODUCTION	365	146		
GOBP_POSITIVE_REGULATION_OF_CYTOKINE_PRODUCTION	476	249		
GOBP_SEROTONIN_SECRETION	9		Rejected!	
GOBP_HISTAMINE_SECRETION	12		Rejected!	
GOBP_MESONEPHROS_DEVELOPMENT	99	23		
GOBP_BLASTOCYST_DEVELOPMENT	113	74		
GOBP_BLASTOCYST_FORMATION	43	29		
GOBP_INNER_CELL_MASS_CELL_DIFFERENTIATION	7		Rejected!	
GOBP_TROPHECTODERMAL_CELL_DIFFERENTIATION	19		Rejected!	
GOBP_BLASTOCYST_GROWTH	21	16		
GOBP_INNER_CELL_MASS_CELL_PROLIFERATION	13		Rejected!	
GOBP_RELEASE_OF_CYTOCHROME_C_FROM_MITOCHONDRIA	56	39		
GOBP_EPITHELIAL_TO_MESENCHYMAL_TRANSITION	164	73		
GOBP_NEURAL_PLATE_MORPHOGENESIS	5		Rejected!	
GOBP_NEURAL_PLATE_DEVELOPMENT	8		Rejected!	
GOBP_NEURAL_TUBE_FORMATION	104	67		
GOBP_NEURAL_FOLD_FORMATION	6		Rejected!	
GOBP_PROTEIN_INSERTION_INTO_MITOCHONDRIAL_MEMBRANE_INVOLVED_IN_APOPTOTIC_SIGNALING_PATHWAY	6		Rejected!	
GOBP_PHAGOLYSOSOME_ASSEMBLY	17		Rejected!	
GOBP_NK_T_CELL_DIFFERENTIATION	10		Rejected!	
GOBP_NK_T_CELL_PROLIFERATION	9		Rejected!	
GOBP_COMPLEMENT_ACTIVATION_LECTIN_PATHWAY	12		Rejected!	
GOBP_RESPONSE_TO_YEAST	7		Rejected!	
GOBP_RECEPTOR_RECYCLING	33	24		
GOBP_ENDOTHELIAL_CELL_DEVELOPMENT	69	41		
GOBP_ENDOTHELIAL_CELL_MORPHOGENESIS	11		Rejected!	
GOBP_PLACENTA_DEVELOPMENT	148	73		
GOBP_EMBRYONIC_PLACENTA_DEVELOPMENT	88	46		
GOBP_MATERNAL_PLACENTA_DEVELOPMENT	33	17		
GOBP_RETINA_HOMEOSTASIS	80	26		
GOBP_CELL_KILLING	187	75		
GOBP_LEUKOCYTE_MEDIATED_CYTOTOXICITY	130	62		
GOBP_REGULATION_OF_LEUKOCYTE_MEDIATED_CYTOTOXICITY	85	38		
GOBP_T_CELL_MEDIATED_CYTOTOXICITY	50	17		
GOBP_REGULATION_OF_T_CELL_MEDIATED_CYTOTOXICITY	40		Rejected!	
GOBP_NEGATIVE_REGULATION_OF_T_CELL_MEDIATED_CYTOTOXICITY	10		Rejected!	
GOBP_POSITIVE_REGULATION_OF_T_CELL_MEDIATED_CYTOTOXICITY	30		Rejected!	
GOBP_REGULATION_OF_RECEPTOR_RECYCLING	22	17		
GOBP_NEGATIVE_REGULATION_OF_RECEPTOR_RECYCLING	5		Rejected!	
GOBP_POSITIVE_REGULATION_OF_RECEPTOR_RECYCLING	12		Rejected!	
GOBP_B_1_B_CELL_DIFFERENTIATION	5		Rejected!	
GOBP_REGULATION_OF_PROTEIN_PHOSPHORYLATION	1104		Rejected!	
GOBP_POSITIVE_REGULATION_OF_PROTEIN_PHOSPHORYLATION	726	351		
GOBP_ENDOTHELIAL_CELL_PROLIFERATION	201	61		
GOBP_NEGATIVE_REGULATION_OF_ENDOTHELIAL_CELL_PROLIFERATION	77		Rejected!	
GOBP_POSITIVE_REGULATION_OF_ENDOTHELIAL_CELL_PROLIFERATION	111	43		
GOBP_POSTSYNAPTIC_MEMBRANE_ORGANIZATION	36		Rejected!	
GOBP_VASCULATURE_DEVELOPMENT	819	310		
GOBP_LYMPH_VESSEL_DEVELOPMENT	30		Rejected!	
GOBP_LYMPHANGIOGENESIS	18		Rejected!	
GOBP_REGULATION_OF_CELL_MATRIX_ADHESION	123	61		
GOBP_NEGATIVE_REGULATION_OF_CELL_MATRIX_ADHESION	40	17		
GOBP_POSITIVE_REGULATION_OF_CELL_MATRIX_ADHESION	55	28		
GOBP_BLOOD_VESSEL_MATURATION	8		Rejected!	
GOBP_POSITIVE_REGULATION_OF_NEUROTRANSMITTER_SECRETION	17		Rejected!	
GOBP_SYNAPTIC_TRANSMISSION_DOPAMINERGIC	27		Rejected!	
GOBP_STARTLE_RESPONSE	24		Rejected!	
GOBP_SUCKLING_BEHAVIOR	12		Rejected!	
GOBP_BLOOD_VESSEL_REMODELING	46	19		
GOBP_RESPONSE_TO_AMPHETAMINE	30		Rejected!	
GOBP_NERVOUS_SYSTEM_PROCESS_INVOLVED_IN_REGULATION_OF_SYSTEMIC_ARTERIAL_BLOOD_PRESSURE	14		Rejected!	
GOBP_RENAL_SYSTEM_PROCESS_INVOLVED_IN_REGULATION_OF_BLOOD_VOLUME	15		Rejected!	
GOBP_REGULATION_OF_SYSTEMIC_ARTERIAL_BLOOD_PRESSURE_BY_HORMONE	38		Rejected!	
GOBP_REGULATION_OF_SYSTEMIC_ARTERIAL_BLOOD_PRESSURE_BY_CIRCULATORY_RENIN_ANGIOTENSIN	16		Rejected!	
GOBP_REGULATION_OF_SYSTEMIC_ARTERIAL_BLOOD_PRESSURE_BY_VASOPRESSIN	5		Rejected!	
GOBP_REGULATION_OF_SYSTEMIC_ARTERIAL_BLOOD_PRESSURE_BY_NOREPINEPHRINE_EPINEPHRINE	9		Rejected!	
GOBP_RENIN_SECRETION_INTO_BLOOD_STREAM	6		Rejected!	
GOBP_REGULATION_OF_ANGIOTENSIN_LEVELS_IN_BLOOD	9		Rejected!	
GOBP_MORPHOGENESIS_OF_AN_EPITHELIUM	513	209		
GOBP_MORPHOGENESIS_OF_AN_EPITHELIAL_SHEET	59	31		
GOBP_REGULATION_OF_BLOOD_VOLUME_BY_RENIN_ANGIOTENSIN	9		Rejected!	
GOBP_RESPONSE_TO_DIETARY_EXCESS	29		Rejected!	
GOBP_REDUCTION_OF_FOOD_INTAKE_IN_RESPONSE_TO_DIETARY_EXCESS	6		Rejected!	
GOBP_DIET_INDUCED_THERMOGENESIS	12		Rejected!	
GOBP_REGULATION_OF_THE_FORCE_OF_HEART_CONTRACTION	26		Rejected!	
GOBP_REGULATION_OF_HEART_RATE	105	27		
GOBP_REGULATION_OF_SODIUM_ION_TRANSPORT	90	41		
GOBP_G_PROTEIN_COUPLED_RECEPTOR_INTERNALIZATION	15		Rejected!	
GOBP_BRAIN_RENIN_ANGIOTENSIN_SYSTEM	5		Rejected!	
GOBP_REGULATION_OF_L_GLUTAMATE_IMPORT_ACROSS_PLASMA_MEMBRANE	7		Rejected!	
GOBP_SPROUTING_ANGIOGENESIS	189	53		
GOBP_CELL_MIGRATION_INVOLVED_IN_SPROUTING_ANGIOGENESIS	94	27		
GOBP_BLOOD_VESSEL_ENDOTHELIAL_CELL_PROLIFERATION_INVOLVED_IN_SPROUTING_ANGIOGENESIS	55		Rejected!	
GOBP_POSITIVE_REGULATION_OF_NEUROBLAST_PROLIFERATION	24		Rejected!	
GOBP_POSITIVE_REGULATION_OF_MESENCHYMAL_CELL_PROLIFERATION	23		Rejected!	
GOBP_CHONDROCYTE_DIFFERENTIATION	110	38		
GOBP_CHONDROCYTE_DEVELOPMENT	31		Rejected!	
GOBP_EPITHELIAL_CELL_DEVELOPMENT	208	101		
GOBP_COLUMNAR_CUBOIDAL_EPITHELIAL_CELL_DIFFERENTIATION	92	32		
GOBP_COLUMNAR_CUBOIDAL_EPITHELIAL_CELL_DEVELOPMENT	44	22		
GOBP_GLANDULAR_EPITHELIAL_CELL_DIFFERENTIATION	54	19		
GOBP_GLANDULAR_EPITHELIAL_CELL_DEVELOPMENT	29	15		
GOBP_COLUMNAR_CUBOIDAL_EPITHELIAL_CELL_MATURATION	6		Rejected!	
GOBP_EPITHELIAL_CELL_MATURATION	15		Rejected!	
GOBP_OPTIC_CUP_MORPHOGENESIS_INVOLVED_IN_CAMERA_TYPE_EYE_DEVELOPMENT	7		Rejected!	
GOBP_OSTEOBLAST_DEVELOPMENT	18		Rejected!	
GOBP_REGULATION_OF_OXIDATIVE_PHOSPHORYLATION	24	17		
GOBP_PROTEIN_DEPALMITOYLATION	10		Rejected!	
GOBP_REGULATION_OF_RESPIRATORY_GASEOUS_EXCHANGE_BY_NERVOUS_SYSTEM_PROCESS	13		Rejected!	
GOBP_LENS_DEVELOPMENT_IN_CAMERA_TYPE_EYE	86	30		
GOBP_LENS_MORPHOGENESIS_IN_CAMERA_TYPE_EYE	22		Rejected!	
GOBP_REGULATION_OF_RECEPTOR_INTERNALIZATION	59	29		
GOBP_NEGATIVE_REGULATION_OF_RECEPTOR_INTERNALIZATION	17		Rejected!	
GOBP_POSITIVE_REGULATION_OF_RECEPTOR_INTERNALIZATION	28		Rejected!	
GOBP_AUDITORY_RECEPTOR_CELL_MORPHOGENESIS	18		Rejected!	
GOBP_TRNA_WOBBLE_BASE_MODIFICATION	18	15		
GOBP_TRNA_WOBBLE_URIDINE_MODIFICATION	15		Rejected!	
GOBP_STORE_OPERATED_CALCIUM_ENTRY	21		Rejected!	
GOBP_AGGRESSIVE_BEHAVIOR	8		Rejected!	
GOBP_THYROID_HORMONE_MEDIATED_SIGNALING_PATHWAY	8		Rejected!	
GOBP_OSTEOCLAST_PROLIFERATION	8		Rejected!	
GOBP_CYTOPLASMIC_TRANSLATION	148	130		
GOBP_CYTOPLASMIC_TRANSLATIONAL_ELONGATION	13		Rejected!	
GOBP_CYTOPLASMIC_TRANSLATIONAL_INITIATION	27	23		
GOBP_CAP_DEPENDENT_TRANSLATIONAL_INITIATION	5		Rejected!	
GOBP_SOMATIC_DIVERSIFICATION_OF_IMMUNE_RECEPTORS	82	63		
GOBP_SOMATIC_DIVERSIFICATION_OF_IMMUNOGLOBULINS_INVOLVED_IN_IMMUNE_RESPONSE	52	40		
GOBP_ACTIVATION_OF_INNATE_IMMUNE_RESPONSE	58	32		
GOBP_PATTERN_RECOGNITION_RECEPTOR_SIGNALING_PATHWAY	180	117		
GOBP_TOLL_LIKE_RECEPTOR_SIGNALING_PATHWAY	126	80		
GOBP_INNATE_IMMUNE_RESPONSE_IN_MUCOSA	27		Rejected!	
GOBP_NATURAL_KILLER_CELL_MEDIATED_IMMUNITY	76	37		
GOBP_POSITIVE_REGULATION_OF_DEFENSE_RESPONSE_TO_VIRUS_BY_HOST	31	18		
GOBP_LEUKOCYTE_CHEMOTAXIS_INVOLVED_IN_INFLAMMATORY_RESPONSE	8		Rejected!	
GOBP_RESPONSE_TO_MOLECULE_OF_BACTERIAL_ORIGIN	354	162		
GOBP_RESPONSE_TO_MOLECULE_OF_FUNGAL_ORIGIN	5		Rejected!	
GOBP_HEMATOPOIETIC_PROGENITOR_CELL_DIFFERENTIATION	123	73		
GOBP_WOUND_HEALING_INVOLVED_IN_INFLAMMATORY_RESPONSE	9		Rejected!	
GOBP_CONNECTIVE_TISSUE_REPLACEMENT_INVOLVED_IN_INFLAMMATORY_RESPONSE_WOUND_HEALING	7		Rejected!	
GOBP_LYMPHOCYTE_ANERGY	8		Rejected!	
GOBP_ADAPTIVE_IMMUNE_RESPONSE	719	231		
GOBP_ORGAN_OR_TISSUE_SPECIFIC_IMMUNE_RESPONSE	41		Rejected!	
GOBP_IMMUNE_EFFECTOR_PROCESS	668	305		
GOBP_ACTIVATION_OF_IMMUNE_RESPONSE	379	168		
GOBP_LYMPHOCYTE_HOMEOSTASIS	65	52		
GOBP_MYELOID_CELL_HOMEOSTASIS	161	112		
GOBP_CELL_ACTIVATION_INVOLVED_IN_IMMUNE_RESPONSE	291	175		
GOBP_MYELOID_LEUKOCYTE_ACTIVATION	234	121		
GOBP_MYELOID_CELL_ACTIVATION_INVOLVED_IN_IMMUNE_RESPONSE	95	56		
GOBP_MAST_CELL_ACTIVATION_INVOLVED_IN_IMMUNE_RESPONSE	55	31		
GOBP_MACROPHAGE_ACTIVATION_INVOLVED_IN_IMMUNE_RESPONSE	18		Rejected!	
GOBP_NEUTROPHIL_ACTIVATION_INVOLVED_IN_IMMUNE_RESPONSE	21		Rejected!	
GOBP_LYMPHOCYTE_ACTIVATION_INVOLVED_IN_IMMUNE_RESPONSE	202	124		
GOBP_T_CELL_ACTIVATION_INVOLVED_IN_IMMUNE_RESPONSE	116	68		
GOBP_T_CELL_ACTIVATION_VIA_T_CELL_RECEPTOR_CONTACT_WITH_ANTIGEN_BOUND_TO_MHC_MOLECULE_ON_ANTIGEN_PRESENTING_CELL	10		Rejected!	
GOBP_T_CELL_DIFFERENTIATION_INVOLVED_IN_IMMUNE_RESPONSE	76	53		
GOBP_T_HELPER_CELL_LINEAGE_COMMITMENT	17		Rejected!	
GOBP_T_CELL_PROLIFERATION_INVOLVED_IN_IMMUNE_RESPONSE	5		Rejected!	
GOBP_B_CELL_ACTIVATION_INVOLVED_IN_IMMUNE_RESPONSE	86	59		
GOBP_GERMINAL_CENTER_B_CELL_DIFFERENTIATION	8		Rejected!	
GOBP_MARGINAL_ZONE_B_CELL_DIFFERENTIATION	9		Rejected!	
GOBP_PLASMA_CELL_DIFFERENTIATION	7		Rejected!	
GOBP_MYELOID_PROGENITOR_CELL_DIFFERENTIATION	7		Rejected!	
GOBP_LYMPHOID_PROGENITOR_CELL_DIFFERENTIATION	22	17		
GOBP_B_CELL_PROLIFERATION_INVOLVED_IN_IMMUNE_RESPONSE	6		Rejected!	
GOBP_NATURAL_KILLER_CELL_ACTIVATION_INVOLVED_IN_IMMUNE_RESPONSE	33		Rejected!	
GOBP_B_CELL_LINEAGE_COMMITMENT	6		Rejected!	
GOBP_IMMATURE_B_CELL_DIFFERENTIATION	11		Rejected!	
GOBP_PRO_B_CELL_DIFFERENTIATION	12		Rejected!	
GOBP_MATURE_B_CELL_DIFFERENTIATION	34	21		
GOBP_RESPONSE_TO_TUMOR_CELL	40	19		
GOBP_HISTAMINE_PRODUCTION_INVOLVED_IN_INFLAMMATORY_RESPONSE	10		Rejected!	
GOBP_DEFENSE_RESPONSE_TO_TUMOR_CELL	11		Rejected!	
GOBP_T_CELL_LINEAGE_COMMITMENT	28	17		
GOBP_CD4_POSITIVE_CD25_POSITIVE_ALPHA_BETA_REGULATORY_T_CELL_DIFFERENTIATION	8		Rejected!	
GOBP_CYTOKINE_PRODUCTION_INVOLVED_IN_IMMUNE_RESPONSE	101	58		
GOBP_T_CELL_CYTOKINE_PRODUCTION	38	25		
GOBP_NATURAL_KILLER_CELL_CYTOKINE_PRODUCTION	9		Rejected!	
GOBP_DENDRITIC_CELL_CYTOKINE_PRODUCTION	17		Rejected!	
GOBP_MYELOID_DENDRITIC_CELL_CYTOKINE_PRODUCTION	7		Rejected!	
GOBP_IMMUNOGLOBULIN_PRODUCTION	218	73		
GOBP_IMMUNOGLOBULIN_PRODUCTION_INVOLVED_IN_IMMUNOGLOBULIN_MEDIATED_IMMUNE_RESPONSE	73	43		
GOBP_DENDRITIC_CELL_CHEMOTAXIS	26	15		
GOBP_MYELOID_DENDRITIC_CELL_CHEMOTAXIS	5		Rejected!	
GOBP_IMMUNE_RESPONSE_TO_TUMOR_CELL	25		Rejected!	
GOBP_NATURAL_KILLER_CELL_MEDIATED_IMMUNE_RESPONSE_TO_TUMOR_CELL	10		Rejected!	
GOBP_T_CELL_MEDIATED_IMMUNE_RESPONSE_TO_TUMOR_CELL	10		Rejected!	
GOBP_ANTIGEN_PROCESSING_AND_PRESENTATION_OF_PEPTIDE_ANTIGEN_VIA_MHC_CLASS_IB	7		Rejected!	
GOBP_COMPLEMENT_RECEPTOR_MEDIATED_SIGNALING_PATHWAY	13		Rejected!	
GOBP_FC_RECEPTOR_MEDIATED_STIMULATORY_SIGNALING_PATHWAY	33	22		
GOBP_IMMUNE_COMPLEX_CLEARANCE	5		Rejected!	
GOBP_INFLAMMATORY_RESPONSE_TO_ANTIGENIC_STIMULUS	75	32		
GOBP_ACUTE_INFLAMMATORY_RESPONSE_TO_ANTIGENIC_STIMULUS	25		Rejected!	
GOBP_PRODUCTION_OF_MOLECULAR_MEDIATOR_OF_IMMUNE_RESPONSE	313	120		
GOBP_LEUKOCYTE_MEDIATED_IMMUNITY	451	196		
GOBP_MYELOID_LEUKOCYTE_MEDIATED_IMMUNITY	107	58		
GOBP_TYPE_II_HYPERSENSITIVITY	6		Rejected!	
GOBP_NEUTROPHIL_MEDIATED_IMMUNITY	37	18		
GOBP_EOSINOPHIL_MEDIATED_IMMUNITY	8		Rejected!	
GOBP_LYMPHOCYTE_MEDIATED_IMMUNITY	357	146		
GOBP_HUMORAL_IMMUNE_RESPONSE_MEDIATED_BY_CIRCULATING_IMMUNOGLOBULIN	114		Rejected!	
GOBP_T_CELL_MEDIATED_IMMUNITY	112	56		
GOBP_T_CELL_ANTIGEN_PROCESSING_AND_PRESENTATION	6		Rejected!	
GOBP_ADAPTIVE_IMMUNE_RESPONSE_BASED_ON_SOMATIC_RECOMBINATION_OF_IMMUNE_RECEPTORS_BUILT_FROM_IMMUNOGLOBULIN_SUPERFAMILY_DOMAINS	363	156		
GOBP_TOLERANCE_INDUCTION_DEPENDENT_UPON_IMMUNE_RESPONSE	6		Rejected!	
GOBP_GERMINAL_CENTER_FORMATION	14		Rejected!	
GOBP_DENDRITIC_CELL_ANTIGEN_PROCESSING_AND_PRESENTATION	15		Rejected!	
GOBP_ANTIGEN_PROCESSING_AND_PRESENTATION_OF_PEPTIDE_ANTIGEN_VIA_MHC_CLASS_I	29	16		
GOBP_ANTIGEN_PROCESSING_AND_PRESENTATION_VIA_MHC_CLASS_IB	14		Rejected!	
GOBP_ANTIGEN_PROCESSING_AND_PRESENTATION_OF_EXOGENOUS_PEPTIDE_ANTIGEN	38	15		
GOBP_ANTIGEN_PROCESSING_AND_PRESENTATION_OF_ENDOGENOUS_PEPTIDE_ANTIGEN	19		Rejected!	
GOBP_ANTIGEN_PROCESSING_AND_PRESENTATION_OF_ENDOGENOUS_PEPTIDE_ANTIGEN_VIA_MHC_CLASS_I_VIA_ER_PATHWAY	8		Rejected!	
GOBP_PEPTIDE_ANTIGEN_ASSEMBLY_WITH_MHC_PROTEIN_COMPLEX	20		Rejected!	
GOBP_PEPTIDE_ANTIGEN_ASSEMBLY_WITH_MHC_CLASS_II_PROTEIN_COMPLEX	16		Rejected!	
GOBP_ANTIGEN_PROCESSING_AND_PRESENTATION_OF_PEPTIDE_OR_POLYSACCHARIDE_ANTIGEN_VIA_MHC_CLASS_II	36		Rejected!	
GOBP_TOLERANCE_INDUCTION	31	16		
GOBP_TOLERANCE_INDUCTION_TO_SELF_ANTIGEN	6		Rejected!	
GOBP_T_CELL_TOLERANCE_INDUCTION	15		Rejected!	
GOBP_IMMUNE_SYSTEM_DEVELOPMENT	965		Rejected!	
GOBP_LEUKOCYTE_DIFFERENTIATION	553	337		
GOBP_LEUKOCYTE_MIGRATION_INVOLVED_IN_INFLAMMATORY_RESPONSE	19		Rejected!	
GOBP_HYPERSENSITIVITY	13		Rejected!	
GOBP_ACUTE_INFLAMMATORY_RESPONSE	113	33		
GOBP_PRODUCTION_OF_MOLECULAR_MEDIATOR_INVOLVED_IN_INFLAMMATORY_RESPONSE	100	41		
GOBP_CYTOKINE_PRODUCTION_INVOLVED_IN_INFLAMMATORY_RESPONSE	75	27		
GOBP_RESPIRATORY_BURST_INVOLVED_IN_INFLAMMATORY_RESPONSE	8		Rejected!	
GOBP_CHRONIC_INFLAMMATORY_RESPONSE	17		Rejected!	
GOBP_MONOCYTE_CHEMOTAXIS	70	17		
GOBP_SOMATIC_DIVERSIFICATION_OF_IMMUNE_RECEPTORS_VIA_SOMATIC_MUTATION	16		Rejected!	
GOBP_SOMATIC_DIVERSIFICATION_OF_T_CELL_RECEPTOR_GENES	5		Rejected!	
GOBP_MYELOID_LEUKOCYTE_DIFFERENTIATION	211	119		
GOBP_PLATELET_DEGRANULATION	9		Rejected!	
GOBP_REGULATION_OF_ANTIGEN_PROCESSING_AND_PRESENTATION	20		Rejected!	
GOBP_NEGATIVE_REGULATION_OF_ANTIGEN_PROCESSING_AND_PRESENTATION	9		Rejected!	
GOBP_POSITIVE_REGULATION_OF_ANTIGEN_PROCESSING_AND_PRESENTATION	9		Rejected!	
GOBP_REGULATION_OF_ANTIGEN_PROCESSING_AND_PRESENTATION_OF_PEPTIDE_OR_POLYSACCHARIDE_ANTIGEN_VIA_MHC_CLASS_II	5		Rejected!	
GOBP_REGULATION_OF_ANTIGEN_PROCESSING_AND_PRESENTATION_OF_PEPTIDE_ANTIGEN	6		Rejected!	
GOBP_REGULATION_OF_DENDRITIC_CELL_ANTIGEN_PROCESSING_AND_PRESENTATION	11		Rejected!	
GOBP_POSITIVE_REGULATION_OF_DENDRITIC_CELL_ANTIGEN_PROCESSING_AND_PRESENTATION	7		Rejected!	
GOBP_REGULATION_OF_GERMINAL_CENTER_FORMATION	8		Rejected!	
GOBP_REGULATION_OF_IMMUNOGLOBULIN_PRODUCTION	75	45		
GOBP_NEGATIVE_REGULATION_OF_IMMUNOGLOBULIN_PRODUCTION	12		Rejected!	
GOBP_POSITIVE_REGULATION_OF_IMMUNOGLOBULIN_PRODUCTION	52	28		
GOBP_REGULATION_OF_TOLERANCE_INDUCTION	20		Rejected!	
GOBP_POSITIVE_REGULATION_OF_TOLERANCE_INDUCTION	12		Rejected!	
GOBP_POSITIVE_REGULATION_OF_T_CELL_TOLERANCE_INDUCTION	9		Rejected!	
GOBP_REGULATION_OF_ACUTE_INFLAMMATORY_RESPONSE	47	17		
GOBP_NEGATIVE_REGULATION_OF_ACUTE_INFLAMMATORY_RESPONSE	12		Rejected!	
GOBP_POSITIVE_REGULATION_OF_ACUTE_INFLAMMATORY_RESPONSE	27		Rejected!	
GOBP_REGULATION_OF_CHRONIC_INFLAMMATORY_RESPONSE	10		Rejected!	
GOBP_NEGATIVE_REGULATION_OF_CHRONIC_INFLAMMATORY_RESPONSE	5		Rejected!	
GOBP_RESPIRATORY_BURST_INVOLVED_IN_DEFENSE_RESPONSE	15		Rejected!	
GOBP_REGULATION_OF_IMMUNE_SYSTEM_PROCESS	1435		Rejected!	
GOBP_NEGATIVE_REGULATION_OF_IMMUNE_SYSTEM_PROCESS	425	224		
GOBP_POSITIVE_REGULATION_OF_IMMUNE_SYSTEM_PROCESS	917	442		
GOBP_REGULATION_OF_LEUKOCYTE_MIGRATION	219	104		
GOBP_NEGATIVE_REGULATION_OF_LEUKOCYTE_MIGRATION	52	22		
GOBP_POSITIVE_REGULATION_OF_LEUKOCYTE_MIGRATION	141	66		
GOBP_REGULATION_OF_LEUKOCYTE_CHEMOTAXIS	124	52		
GOBP_NEGATIVE_REGULATION_OF_LEUKOCYTE_CHEMOTAXIS	23		Rejected!	
GOBP_POSITIVE_REGULATION_OF_LEUKOCYTE_CHEMOTAXIS	94	42		
GOBP_REGULATION_OF_CELLULAR_EXTRAVASATION	40	20		
GOBP_NEGATIVE_REGULATION_OF_CELLULAR_EXTRAVASATION	9		Rejected!	
GOBP_POSITIVE_REGULATION_OF_CELLULAR_EXTRAVASATION	18		Rejected!	
GOBP_REGULATION_OF_IMMUNE_EFFECTOR_PROCESS	355	182		
GOBP_NEGATIVE_REGULATION_OF_IMMUNE_EFFECTOR_PROCESS	112	58		
GOBP_POSITIVE_REGULATION_OF_IMMUNE_EFFECTOR_PROCESS	250	123		
GOBP_REGULATION_OF_PRODUCTION_OF_MOLECULAR_MEDIATOR_OF_IMMUNE_RESPONSE	169	94		
GOBP_NEGATIVE_REGULATION_OF_PRODUCTION_OF_MOLECULAR_MEDIATOR_OF_IMMUNE_RESPONSE	38	19		
GOBP_POSITIVE_REGULATION_OF_PRODUCTION_OF_MOLECULAR_MEDIATOR_OF_IMMUNE_RESPONSE	122	67		
GOBP_REGULATION_OF_LEUKOCYTE_MEDIATED_IMMUNITY	237	126		
GOBP_NEGATIVE_REGULATION_OF_LEUKOCYTE_MEDIATED_IMMUNITY	67	34		
GOBP_POSITIVE_REGULATION_OF_LEUKOCYTE_MEDIATED_IMMUNITY	139	73		
GOBP_REGULATION_OF_LYMPHOCYTE_MEDIATED_IMMUNITY	175	92		
GOBP_NEGATIVE_REGULATION_OF_LYMPHOCYTE_MEDIATED_IMMUNITY	55	26		
GOBP_POSITIVE_REGULATION_OF_LYMPHOCYTE_MEDIATED_IMMUNITY	117	60		
GOBP_REGULATION_OF_T_CELL_MEDIATED_IMMUNITY	88	46		
GOBP_NEGATIVE_REGULATION_OF_T_CELL_MEDIATED_IMMUNITY	27		Rejected!	
GOBP_POSITIVE_REGULATION_OF_T_CELL_MEDIATED_IMMUNITY	59	31		
GOBP_REGULATION_OF_B_CELL_MEDIATED_IMMUNITY	62	35		
GOBP_NEGATIVE_REGULATION_OF_B_CELL_MEDIATED_IMMUNITY	16		Rejected!	
GOBP_POSITIVE_REGULATION_OF_B_CELL_MEDIATED_IMMUNITY	41	23		
GOBP_REGULATION_OF_NATURAL_KILLER_CELL_MEDIATED_IMMUNITY	50	19		
GOBP_NEGATIVE_REGULATION_OF_NATURAL_KILLER_CELL_MEDIATED_IMMUNITY	20		Rejected!	
GOBP_POSITIVE_REGULATION_OF_NATURAL_KILLER_CELL_MEDIATED_IMMUNITY	32		Rejected!	
GOBP_NEGATIVE_REGULATION_OF_CYTOKINE_PRODUCTION_INVOLVED_IN_IMMUNE_RESPONSE	27		Rejected!	
GOBP_POSITIVE_REGULATION_OF_CYTOKINE_PRODUCTION_INVOLVED_IN_IMMUNE_RESPONSE	69	42		
GOBP_NEGATIVE_REGULATION_OF_T_CELL_CYTOKINE_PRODUCTION	11		Rejected!	
GOBP_POSITIVE_REGULATION_OF_T_CELL_CYTOKINE_PRODUCTION	26	20		
GOBP_POSITIVE_REGULATION_OF_DENDRITIC_CELL_CYTOKINE_PRODUCTION	12		Rejected!	
GOBP_CYTOPLASMIC_PATTERN_RECOGNITION_RECEPTOR_SIGNALING_PATHWAY	61	46		
GOBP_MYD88_DEPENDENT_TOLL_LIKE_RECEPTOR_SIGNALING_PATHWAY	24	16		
GOBP_MYD88_INDEPENDENT_TOLL_LIKE_RECEPTOR_SIGNALING_PATHWAY	14		Rejected!	
GOBP_INNATE_IMMUNE_RESPONSE_ACTIVATING_SIGNAL_TRANSDUCTION	28		Rejected!	
GOBP_REGULATION_OF_ANTIMICROBIAL_HUMORAL_RESPONSE	11		Rejected!	
GOBP_POSITIVE_REGULATION_OF_ANTIMICROBIAL_HUMORAL_RESPONSE	8		Rejected!	
GOBP_REGULATION_OF_MYELOID_LEUKOCYTE_DIFFERENTIATION	117	62		
GOBP_NEGATIVE_REGULATION_OF_MYELOID_LEUKOCYTE_DIFFERENTIATION	49	23		
GOBP_POSITIVE_REGULATION_OF_MYELOID_LEUKOCYTE_DIFFERENTIATION	55	33		
GOBP_IMMUNE_RESPONSE_REGULATING_SIGNALING_PATHWAY	479	250		
GOBP_IMMUNE_RESPONSE_INHIBITING_SIGNAL_TRANSDUCTION	11		Rejected!	
GOBP_IMMUNE_RESPONSE_INHIBITING_CELL_SURFACE_RECEPTOR_SIGNALING_PATHWAY	9		Rejected!	
GOBP_IMMUNE_RESPONSE_REGULATING_CELL_SURFACE_RECEPTOR_SIGNALING_PATHWAY	321	143		
GOBP_FC_RECEPTOR_MEDIATED_INHIBITORY_SIGNALING_PATHWAY	5		Rejected!	
GOBP_ANTIMICROBIAL_PEPTIDE_PRODUCTION	9		Rejected!	
GOBP_ANTIBACTERIAL_PEPTIDE_PRODUCTION	7		Rejected!	
GOBP_NEGATIVE_REGULATION_OF_PEPTIDE_SECRETION	40	16		
GOBP_POSITIVE_REGULATION_OF_PEPTIDE_SECRETION	93	40		
GOBP_POSITIVE_REGULATION_OF_ANTIBACTERIAL_PEPTIDE_PRODUCTION	5		Rejected!	
GOBP_REGULATION_OF_ADAPTIVE_IMMUNE_RESPONSE	188	107		
GOBP_NEGATIVE_REGULATION_OF_ADAPTIVE_IMMUNE_RESPONSE	59	33		
GOBP_POSITIVE_REGULATION_OF_ADAPTIVE_IMMUNE_RESPONSE	115	65		
GOBP_REGULATION_OF_T_HELPER_1_TYPE_IMMUNE_RESPONSE	29	15		
GOBP_NEGATIVE_REGULATION_OF_T_HELPER_1_TYPE_IMMUNE_RESPONSE	6		Rejected!	
GOBP_POSITIVE_REGULATION_OF_T_HELPER_1_TYPE_IMMUNE_RESPONSE	18		Rejected!	
GOBP_NEGATIVE_REGULATION_OF_TYPE_2_IMMUNE_RESPONSE	14		Rejected!	
GOBP_POSITIVE_REGULATION_OF_TYPE_2_IMMUNE_RESPONSE	17		Rejected!	
GOBP_REGULATION_OF_RESPONSE_TO_BIOTIC_STIMULUS	350	204		
GOBP_NEGATIVE_REGULATION_OF_RESPONSE_TO_BIOTIC_STIMULUS	113	66		
GOBP_POSITIVE_REGULATION_OF_RESPONSE_TO_BIOTIC_STIMULUS	179	95		
GOBP_REGULATION_OF_RESPONSE_TO_TUMOR_CELL	22		Rejected!	
GOBP_POSITIVE_REGULATION_OF_RESPONSE_TO_TUMOR_CELL	15		Rejected!	
GOBP_REGULATION_OF_T_CELL_MEDIATED_IMMUNE_RESPONSE_TO_TUMOR_CELL	9		Rejected!	
GOBP_POSITIVE_REGULATION_OF_T_CELL_MEDIATED_IMMUNE_RESPONSE_TO_TUMOR_CELL	6		Rejected!	
GOBP_REGULATION_OF_NATURAL_KILLER_CELL_MEDIATED_IMMUNE_RESPONSE_TO_TUMOR_CELL	9		Rejected!	
GOBP_POSITIVE_REGULATION_OF_NATURAL_KILLER_CELL_MEDIATED_IMMUNE_RESPONSE_TO_TUMOR_CELL	7		Rejected!	
GOBP_REGULATION_OF_INFLAMMATORY_RESPONSE_TO_ANTIGENIC_STIMULUS	45	20		
GOBP_NEGATIVE_REGULATION_OF_INFLAMMATORY_RESPONSE_TO_ANTIGENIC_STIMULUS	31		Rejected!	
GOBP_POSITIVE_REGULATION_OF_INFLAMMATORY_RESPONSE_TO_ANTIGENIC_STIMULUS	12		Rejected!	
GOBP_REGULATION_OF_ACUTE_INFLAMMATORY_RESPONSE_TO_ANTIGENIC_STIMULUS	14		Rejected!	
GOBP_NEGATIVE_REGULATION_OF_ACUTE_INFLAMMATORY_RESPONSE_TO_ANTIGENIC_STIMULUS	5		Rejected!	
GOBP_POSITIVE_REGULATION_OF_ACUTE_INFLAMMATORY_RESPONSE_TO_ANTIGENIC_STIMULUS	7		Rejected!	
GOBP_REGULATION_OF_HYPERSENSITIVITY	8		Rejected!	
GOBP_POSITIVE_REGULATION_OF_HYPERSENSITIVITY	5		Rejected!	
GOBP_REGULATION_OF_MYELOID_LEUKOCYTE_MEDIATED_IMMUNITY	60	34		
GOBP_NEGATIVE_REGULATION_OF_MYELOID_LEUKOCYTE_MEDIATED_IMMUNITY	12		Rejected!	
GOBP_POSITIVE_REGULATION_OF_MYELOID_LEUKOCYTE_MEDIATED_IMMUNITY	20		Rejected!	
GOBP_REGULATION_OF_B_CELL_APOPTOTIC_PROCESS	21	18		
GOBP_NEGATIVE_REGULATION_OF_B_CELL_APOPTOTIC_PROCESS	14		Rejected!	
GOBP_POSITIVE_REGULATION_OF_LYMPHOCYTE_ANERGY	5		Rejected!	
GOBP_REGULATION_OF_HUMORAL_IMMUNE_RESPONSE	46		Rejected!	
GOBP_NEGATIVE_REGULATION_OF_HUMORAL_IMMUNE_RESPONSE	16		Rejected!	
GOBP_POSITIVE_REGULATION_OF_HUMORAL_IMMUNE_RESPONSE	24		Rejected!	
GOBP_REGULATION_OF_HUMORAL_IMMUNE_RESPONSE_MEDIATED_BY_CIRCULATING_IMMUNOGLOBULIN	18		Rejected!	
GOBP_NEGATIVE_REGULATION_OF_HUMORAL_IMMUNE_RESPONSE_MEDIATED_BY_CIRCULATING_IMMUNOGLOBULIN	11		Rejected!	
GOBP_POSITIVE_REGULATION_OF_HUMORAL_IMMUNE_RESPONSE_MEDIATED_BY_CIRCULATING_IMMUNOGLOBULIN	7		Rejected!	
GOBP_RESPONSE_TO_ISCHEMIA	53	32		
GOBP_LIPID_HYDROXYLATION	7		Rejected!	
GOBP_DESMOSOME_ORGANIZATION	10		Rejected!	
GOBP_REGIONALIZATION	351	113		
GOBP_DEVELOPMENTAL_PROCESS_INVOLVED_IN_REPRODUCTION	1010	394		
GOBP_HEART_MORPHOGENESIS	255	91		
GOBP_SKELETAL_MUSCLE_CONTRACTION	43		Rejected!	
GOBP_VOLUNTARY_SKELETAL_MUSCLE_CONTRACTION	6		Rejected!	
GOBP_MUSCLE_SYSTEM_PROCESS	449	149		
GOBP_CIRCULATORY_SYSTEM_PROCESS	597	213		
GOBP_RENAL_SYSTEM_PROCESS	114	39		
GOBP_HEART_PROCESS	258	89		
GOBP_RESPIRATORY_SYSTEM_PROCESS	39		Rejected!	
GOBP_VASCULAR_PROCESS_IN_CIRCULATORY_SYSTEM	263	96		
GOBP_REGULATION_OF_SYSTEMIC_ARTERIAL_BLOOD_PRESSURE_MEDIATED_BY_A_CHEMICAL_SIGNAL	48		Rejected!	
GOBP_REGULATION_OF_VASCULAR_ASSOCIATED_SMOOTH_MUSCLE_CONTRACTION	10		Rejected!	
GOBP_REGULATION_OF_THE_FORCE_OF_HEART_CONTRACTION_BY_CHEMICAL_SIGNAL	6		Rejected!	
GOBP_REGULATION_OF_HEART_RATE_BY_CHEMICAL_SIGNAL	7		Rejected!	
GOBP_RENAL_SYSTEM_PROCESS_INVOLVED_IN_REGULATION_OF_SYSTEMIC_ARTERIAL_BLOOD_PRESSURE	25		Rejected!	
GOBP_RENAL_CONTROL_OF_PERIPHERAL_VASCULAR_RESISTANCE_INVOLVED_IN_REGULATION_OF_SYSTEMIC_ARTERIAL_BLOOD_PRESSURE	5		Rejected!	
GOBP_REGULATION_OF_SYSTEMIC_ARTERIAL_BLOOD_PRESSURE	95	27		
GOBP_REGULATION_OF_SYSTEMIC_ARTERIAL_BLOOD_PRESSURE_BY_RENIN_ANGIOTENSIN	24		Rejected!	
GOBP_POSITIVE_REGULATION_OF_SYSTEMIC_ARTERIAL_BLOOD_PRESSURE	13		Rejected!	
GOBP_NEGATIVE_REGULATION_OF_SYSTEMIC_ARTERIAL_BLOOD_PRESSURE	21		Rejected!	
GOBP_RENAL_WATER_HOMEOSTASIS	21		Rejected!	
GOBP_REGULATION_OF_GLOMERULAR_FILTRATION	10		Rejected!	
GOBP_RENAL_SODIUM_ION_TRANSPORT	11		Rejected!	
GOBP_RENAL_WATER_TRANSPORT	6		Rejected!	
GOBP_REGULATION_OF_SYSTEMIC_ARTERIAL_BLOOD_PRESSURE_BY_ENDOTHELIN	6		Rejected!	
GOBP_HEART_FIELD_SPECIFICATION	18		Rejected!	
GOBP_SECONDARY_HEART_FIELD_SPECIFICATION	11		Rejected!	
GOBP_DETERMINATION_OF_LEFT_RIGHT_ASYMMETRY_IN_LATERAL_MESODERM	8		Rejected!	
GOBP_EMBRYONIC_HEART_TUBE_MORPHOGENESIS	70	26		
GOBP_OUTFLOW_TRACT_SEPTUM_MORPHOGENESIS	26		Rejected!	
GOBP_MEMBRANOUS_SEPTUM_MORPHOGENESIS	8		Rejected!	
GOBP_MUSCULAR_SEPTUM_MORPHOGENESIS	5		Rejected!	
GOBP_OUTFLOW_TRACT_MORPHOGENESIS	81	25		
GOBP_REGULATION_OF_ANIMAL_ORGAN_FORMATION	29		Rejected!	
GOBP_ENDOCARDIUM_DEVELOPMENT	12		Rejected!	
GOBP_ENDOTHELIUM_DEVELOPMENT	138	63		
GOBP_MORPHOGENESIS_OF_AN_ENDOTHELIUM	18		Rejected!	
GOBP_ENDOCARDIUM_MORPHOGENESIS	6		Rejected!	
GOBP_CARDIAC_CONDUCTION_SYSTEM_DEVELOPMENT	37		Rejected!	
GOBP_ATRIOVENTRICULAR_NODE_DEVELOPMENT	8		Rejected!	
GOBP_SINOATRIAL_NODE_DEVELOPMENT	11		Rejected!	
GOBP_HIS_PURKINJE_SYSTEM_DEVELOPMENT	7		Rejected!	
GOBP_HEART_VALVE_DEVELOPMENT	65	27		
GOBP_ATRIOVENTRICULAR_VALVE_DEVELOPMENT	27		Rejected!	
GOBP_MITRAL_VALVE_DEVELOPMENT	11		Rejected!	
GOBP_TRICUSPID_VALVE_DEVELOPMENT	6		Rejected!	
GOBP_PULMONARY_VALVE_DEVELOPMENT	21		Rejected!	
GOBP_HEART_VALVE_MORPHOGENESIS	55	19		
GOBP_AORTIC_VALVE_MORPHOGENESIS	32		Rejected!	
GOBP_PULMONARY_VALVE_MORPHOGENESIS	17		Rejected!	
GOBP_TRICUSPID_VALVE_MORPHOGENESIS	5		Rejected!	
GOBP_HEART_VALVE_FORMATION	14		Rejected!	
GOBP_ATRIOVENTRICULAR_VALVE_FORMATION	8		Rejected!	
GOBP_ENDOCARDIAL_CUSHION_DEVELOPMENT	49	16		
GOBP_EPITHELIAL_TO_MESENCHYMAL_TRANSITION_INVOLVED_IN_ENDOCARDIAL_CUSHION_FORMATION	20		Rejected!	
GOBP_ENDOCARDIAL_CUSHION_MORPHOGENESIS	40		Rejected!	
GOBP_CARDIAC_CHAMBER_DEVELOPMENT	167	65		
GOBP_CARDIAC_CHAMBER_MORPHOGENESIS	126	37		
GOBP_CARDIAC_CHAMBER_FORMATION	14		Rejected!	
GOBP_CARDIAC_VENTRICLE_MORPHOGENESIS	73	21		
GOBP_CARDIAC_ATRIUM_MORPHOGENESIS	29		Rejected!	
GOBP_CARDIAC_VENTRICLE_FORMATION	10		Rejected!	
GOBP_CARDIAC_LEFT_VENTRICLE_MORPHOGENESIS	15		Rejected!	
GOBP_CARDIAC_RIGHT_VENTRICLE_MORPHOGENESIS	21		Rejected!	
GOBP_VENTRICULAR_TRABECULA_MYOCARDIUM_MORPHOGENESIS	14		Rejected!	
GOBP_VENTRICULAR_COMPACT_MYOCARDIUM_MORPHOGENESIS	8		Rejected!	
GOBP_ATRIAL_CARDIAC_MUSCLE_TISSUE_DEVELOPMENT	9		Rejected!	
GOBP_VENTRICULAR_CARDIAC_MUSCLE_TISSUE_DEVELOPMENT	56	17		
GOBP_CARDIAC_ATRIUM_DEVELOPMENT	37		Rejected!	
GOBP_CARDIAC_VENTRICLE_DEVELOPMENT	126	45		
GOBP_GROWTH_INVOLVED_IN_HEART_MORPHOGENESIS	5		Rejected!	
GOBP_CARDIAC_NEURAL_CREST_CELL_MIGRATION_INVOLVED_IN_OUTFLOW_TRACT_MORPHOGENESIS	11		Rejected!	
GOBP_REGULATION_OF_MEMBRANE_DEPOLARIZATION	47	18		
GOBP_CARDIOBLAST_PROLIFERATION	11		Rejected!	
GOBP_REGULATION_OF_SECONDARY_HEART_FIELD_CARDIOBLAST_PROLIFERATION	9		Rejected!	
GOBP_ENDOCARDIAL_CUSHION_FORMATION	31		Rejected!	
GOBP_APOPTOTIC_PROCESS_INVOLVED_IN_HEART_MORPHOGENESIS	7		Rejected!	
GOBP_CARDIAC_SEPTUM_DEVELOPMENT	106	50		
GOBP_VENTRICULAR_SEPTUM_DEVELOPMENT	73	34		
GOBP_ATRIAL_SEPTUM_DEVELOPMENT	23		Rejected!	
GOBP_SEPTUM_PRIMUM_DEVELOPMENT	5		Rejected!	
GOBP_MUSCLE_HYPERTROPHY_IN_RESPONSE_TO_STRESS	31		Rejected!	
GOBP_PHYSIOLOGICAL_CARDIAC_MUSCLE_HYPERTROPHY	29		Rejected!	
GOBP_WNT_SIGNALING_PATHWAY_INVOLVED_IN_HEART_DEVELOPMENT	12		Rejected!	
GOBP_REGULATION_OF_WNT_SIGNALING_PATHWAY_INVOLVED_IN_HEART_DEVELOPMENT	9		Rejected!	
GOBP_NEGATIVE_REGULATION_OF_WNT_SIGNALING_PATHWAY_INVOLVED_IN_HEART_DEVELOPMENT	7		Rejected!	
GOBP_PANCREATIC_A_CELL_DIFFERENTIATION	7		Rejected!	
GOBP_POSITIVE_REGULATION_OF_BLOOD_PRESSURE_BY_EPINEPHRINE_NOREPINEPHRINE	7		Rejected!	
GOBP_TYPE_B_PANCREATIC_CELL_DEVELOPMENT	23		Rejected!	
GOBP_REGULATION_OF_EXTRACELLULAR_MATRIX_CONSTITUENT_SECRETION	10		Rejected!	
GOBP_POSITIVE_REGULATION_OF_EXTRACELLULAR_MATRIX_CONSTITUENT_SECRETION	5		Rejected!	
GOBP_AMINO_ACID_TRANSMEMBRANE_TRANSPORT	100	42		
GOBP_KERATINOCYTE_DEVELOPMENT	13		Rejected!	
GOBP_MESENCHYMAL_TO_EPITHELIAL_TRANSITION_INVOLVED_IN_METANEPHROS_MORPHOGENESIS	12		Rejected!	
GOBP_METANEPHROS_MORPHOGENESIS	32		Rejected!	
GOBP_REGULATION_OF_MESENCHYMAL_TO_EPITHELIAL_TRANSITION_INVOLVED_IN_METANEPHROS_MORPHOGENESIS	7		Rejected!	
GOBP_CILIUM_MOVEMENT	185	38		
GOBP_PERICARDIUM_MORPHOGENESIS	8		Rejected!	
GOBP_REGULATION_OF_CILIUM_MOVEMENT	39		Rejected!	
GOBP_POSITIVE_REGULATION_OF_CILIUM_MOVEMENT	12		Rejected!	
GOBP_REGULATION_OF_CILIUM_BEAT_FREQUENCY	16		Rejected!	
GOBP_NORADRENERGIC_NEURON_DIFFERENTIATION	11		Rejected!	
GOBP_NORADRENERGIC_NEURON_DEVELOPMENT	5		Rejected!	
GOBP_BRAINSTEM_DEVELOPMENT	8		Rejected!	
GOBP_EPITHELIAL_CELL_MORPHOGENESIS	33		Rejected!	
GOBP_AXIS_ELONGATION	27		Rejected!	
GOBP_PLANAR_CELL_POLARITY_PATHWAY_INVOLVED_IN_AXIS_ELONGATION	5		Rejected!	
GOBP_RETINAL_PIGMENT_EPITHELIUM_DEVELOPMENT	5		Rejected!	
GOBP_NEURAL_RETINA_DEVELOPMENT	70	21		
GOBP_CHONDROCYTE_DIFFERENTIATION_INVOLVED_IN_ENDOCHONDRAL_BONE_MORPHOGENESIS	15		Rejected!	
GOBP_CHONDROCYTE_HYPERTROPHY	6		Rejected!	
GOBP_GROWTH_PLATE_CARTILAGE_DEVELOPMENT	19		Rejected!	
GOBP_GROWTH_PLATE_CARTILAGE_CHONDROCYTE_DIFFERENTIATION	10		Rejected!	
GOBP_GROWTH_PLATE_CARTILAGE_CHONDROCYTE_DEVELOPMENT	5		Rejected!	
GOBP_CHONDROCYTE_DEVELOPMENT_INVOLVED_IN_ENDOCHONDRAL_BONE_MORPHOGENESIS	8		Rejected!	
GOBP_DETECTION_OF_CALCIUM_ION	13		Rejected!	
GOBP_CARBOHYDRATE_METABOLIC_PROCESS	597	354		
GOBP_POLYSACCHARIDE_METABOLIC_PROCESS	109	53		
GOBP_REGULATION_OF_GLYCOGEN_CATABOLIC_PROCESS	6		Rejected!	
GOBP_DISACCHARIDE_METABOLIC_PROCESS	11		Rejected!	
GOBP_MONOSACCHARIDE_METABOLIC_PROCESS	263	165		
GOBP_FRUCTOSE_METABOLIC_PROCESS	13		Rejected!	
GOBP_FRUCTOSE_6_PHOSPHATE_METABOLIC_PROCESS	11		Rejected!	
GOBP_FRUCTOSE_2_6_BISPHOSPHATE_METABOLIC_PROCESS	5		Rejected!	
GOBP_FUCOSE_METABOLIC_PROCESS	16		Rejected!	
GOBP_GLUCOSE_METABOLIC_PROCESS	201	120		
GOBP_GLUCOSE_CATABOLIC_PROCESS	20		Rejected!	
GOBP_UDP_GLUCOSE_METABOLIC_PROCESS	5		Rejected!	
GOBP_GALACTOSE_METABOLIC_PROCESS	9		Rejected!	
GOBP_MANNOSE_METABOLIC_PROCESS	9		Rejected!	
GOBP_INOSITOL_METABOLIC_PROCESS	11		Rejected!	
GOBP_AMINOGLYCAN_METABOLIC_PROCESS	131	62		
GOBP_AMINOGLYCAN_BIOSYNTHETIC_PROCESS	80	45		
GOBP_AMINOGLYCAN_CATABOLIC_PROCESS	32	15		
GOBP_GLYCOSAMINOGLYCAN_CATABOLIC_PROCESS	26		Rejected!	
GOBP_PROTEOGLYCAN_METABOLIC_PROCESS	80	37		
GOBP_CHITIN_METABOLIC_PROCESS	6		Rejected!	
GOBP_AMINO_SUGAR_METABOLIC_PROCESS	41	22		
GOBP_N_ACETYLGLUCOSAMINE_METABOLIC_PROCESS	18		Rejected!	
GOBP_UDP_N_ACETYLGLUCOSAMINE_METABOLIC_PROCESS	12		Rejected!	
GOBP_UDP_N_ACETYLGLUCOSAMINE_BIOSYNTHETIC_PROCESS	7		Rejected!	
GOBP_N_ACETYLNEURAMINATE_METABOLIC_PROCESS	11		Rejected!	
GOBP_URONIC_ACID_METABOLIC_PROCESS	22		Rejected!	
GOBP_ALCOHOL_METABOLIC_PROCESS	361	180		
GOBP_ETHANOL_METABOLIC_PROCESS	21		Rejected!	
GOBP_ETHANOL_CATABOLIC_PROCESS	12		Rejected!	
GOBP_ETHANOL_OXIDATION	9		Rejected!	
GOBP_GLYCEROL_3_PHOSPHATE_METABOLIC_PROCESS	9		Rejected!	
GOBP_CELLULAR_GLUCAN_METABOLIC_PROCESS	74	38		
GOBP_CELLULAR_ALDEHYDE_METABOLIC_PROCESS	66	31		
GOBP_ORGANIC_ACID_METABOLIC_PROCESS	964	487		
GOBP_ACETYL_COA_METABOLIC_PROCESS	33	25		
GOBP_ACETYL_COA_BIOSYNTHETIC_PROCESS	18	16		
GOBP_ACETYL_COA_BIOSYNTHETIC_PROCESS_FROM_PYRUVATE	11		Rejected!	
GOBP_LACTATE_METABOLIC_PROCESS	16		Rejected!	
GOBP_PYRUVATE_METABOLIC_PROCESS	106	69		
GOBP_GENERATION_OF_PRECURSOR_METABOLITES_AND_ENERGY	494	309		
GOBP_PENTOSE_PHOSPHATE_SHUNT	15		Rejected!	
GOBP_TRICARBOXYLIC_ACID_CYCLE	31	27		
GOBP_CITRATE_METABOLIC_PROCESS	5		Rejected!	
GOBP_ISOCITRATE_METABOLIC_PROCESS	6		Rejected!	
GOBP_2_OXOGLUTARATE_METABOLIC_PROCESS	17		Rejected!	
GOBP_SUCCINYL_COA_METABOLIC_PROCESS	8		Rejected!	
GOBP_SUCCINATE_METABOLIC_PROCESS	5		Rejected!	
GOBP_OXALOACETATE_METABOLIC_PROCESS	9		Rejected!	
GOBP_MALATE_METABOLIC_PROCESS	9		Rejected!	
GOBP_REGULATION_OF_CARBOHYDRATE_METABOLIC_PROCESS	183	107		
GOBP_REGULATION_OF_GLYCOLYTIC_PROCESS	45	30		
GOBP_REGULATION_OF_GLUCONEOGENESIS	51	29		
GOBP_ENERGY_RESERVE_METABOLIC_PROCESS	86	41		
GOBP_FERMENTATION	6		Rejected!	
GOBP_NADH_OXIDATION	6		Rejected!	
GOBP_OXIDATIVE_PHOSPHORYLATION	139	89		
GOBP_MITOCHONDRIAL_ELECTRON_TRANSPORT_NADH_TO_UBIQUINONE	51	39		
GOBP_MITOCHONDRIAL_ELECTRON_TRANSPORT_UBIQUINOL_TO_CYTOCHROME_C	11		Rejected!	
GOBP_MITOCHONDRIAL_ELECTRON_TRANSPORT_CYTOCHROME_C_TO_OXYGEN	18		Rejected!	
GOBP_REGULATION_OF_NUCLEOTIDE_METABOLIC_PROCESS	87	42		
GOBP_PURINE_NUCLEOBASE_METABOLIC_PROCESS	20		Rejected!	
GOBP_PURINE_NUCLEOSIDE_CATABOLIC_PROCESS	8		Rejected!	
GOBP_PURINE_RIBONUCLEOSIDE_SALVAGE	6		Rejected!	
GOBP_AMP_BIOSYNTHETIC_PROCESS	14		Rejected!	
GOBP_CAMP_BIOSYNTHETIC_PROCESS	10		Rejected!	
GOBP_ADP_BIOSYNTHETIC_PROCESS	5		Rejected!	
GOBP_GMP_BIOSYNTHETIC_PROCESS	14		Rejected!	
GOBP_CGMP_BIOSYNTHETIC_PROCESS	11		Rejected!	
GOBP_GTP_BIOSYNTHETIC_PROCESS	11		Rejected!	
GOBP_IMP_BIOSYNTHETIC_PROCESS	11		Rejected!	
GOBP_PURINE_NUCLEOTIDE_CATABOLIC_PROCESS	46	30		
GOBP_AMP_CATABOLIC_PROCESS	5		Rejected!	
GOBP_CAMP_CATABOLIC_PROCESS	9		Rejected!	
GOBP_IMP_CATABOLIC_PROCESS	5		Rejected!	
GOBP_PYRIMIDINE_NUCLEOBASE_METABOLIC_PROCESS	20		Rejected!	
GOBP_DE_NOVO_PYRIMIDINE_NUCLEOBASE_BIOSYNTHETIC_PROCESS	6		Rejected!	
GOBP_PYRIMIDINE_NUCLEOBASE_CATABOLIC_PROCESS	8		Rejected!	
GOBP_PYRIMIDINE_NUCLEOSIDE_METABOLIC_PROCESS	24		Rejected!	
GOBP_PYRIMIDINE_NUCLEOTIDE_METABOLIC_PROCESS	52	35		
GOBP_UMP_BIOSYNTHETIC_PROCESS	11		Rejected!	
GOBP_UTP_BIOSYNTHETIC_PROCESS	10		Rejected!	
GOBP_PYRIMIDINE_NUCLEOTIDE_CATABOLIC_PROCESS	21		Rejected!	
GOBP_DCMP_CATABOLIC_PROCESS	6		Rejected!	
GOBP_DNA_METABOLIC_PROCESS	912		Rejected!	
GOBP_DNA_REPLICATION	282	238		
GOBP_DNA_DEPENDENT_DNA_REPLICATION	160	138		
GOBP_MITOCHONDRIAL_DNA_REPLICATION	15		Rejected!	
GOBP_DNA_TOPOLOGICAL_CHANGE	9		Rejected!	
GOBP_DNA_LIGATION	16	16		
GOBP_DNA_UNWINDING_INVOLVED_IN_DNA_REPLICATION	22	20		
GOBP_DNA_REPLICATION_SYNTHESIS_OF_RNA_PRIMER	6		Rejected!	
GOBP_DNA_REPLICATION_INITIATION	38	35		
GOBP_DNA_STRAND_ELONGATION_INVOLVED_IN_DNA_REPLICATION	15	15		
GOBP_REGULATION_OF_DNA_REPLICATION	131	106		
GOBP_RNA_DEPENDENT_DNA_BIOSYNTHETIC_PROCESS	70	62		
GOBP_DNA_REPAIR	528	430		
GOBP_REGULATION_OF_DNA_REPAIR	152	115		
GOBP_TRANSCRIPTION_COUPLED_NUCLEOTIDE_EXCISION_REPAIR	9		Rejected!	
GOBP_BASE_EXCISION_REPAIR	43	39		
GOBP_BASE_EXCISION_REPAIR_AP_SITE_FORMATION	12		Rejected!	
GOBP_BASE_EXCISION_REPAIR_GAP_FILLING	14		Rejected!	
GOBP_NUCLEOTIDE_EXCISION_REPAIR	60	54		
GOBP_PYRIMIDINE_DIMER_REPAIR	8		Rejected!	
GOBP_NUCLEOTIDE_EXCISION_REPAIR_DNA_GAP_FILLING	6		Rejected!	
GOBP_MISMATCH_REPAIR	33	25		
GOBP_POSTREPLICATION_REPAIR	35	31		
GOBP_DOUBLE_STRAND_BREAK_REPAIR	273	220		
GOBP_DOUBLE_STRAND_BREAK_REPAIR_VIA_NONHOMOLOGOUS_END_JOINING	70	54		
GOBP_DNA_MODIFICATION	119	78		
GOBP_DNA_METHYLATION	74	44		
GOBP_DNA_DEALKYLATION_INVOLVED_IN_DNA_REPAIR	7		Rejected!	
GOBP_DNA_CATABOLIC_PROCESS	32	21		
GOBP_APOPTOTIC_DNA_FRAGMENTATION	18		Rejected!	
GOBP_DNA_RECOMBINATION	320	242		
GOBP_MITOTIC_RECOMBINATION	26	23		
GOBP_DNA_PACKAGING	254	135		
GOBP_CHROMATIN_ORGANIZATION	591	404		
GOBP_CHROMATIN_ASSEMBLY_OR_DISASSEMBLY	233	124		
GOBP_NUCLEOSOME_ASSEMBLY	125	40		
GOBP_CHROMATIN_REMODELING	267	160		
GOBP_DNA_METHYLATION_DEPENDENT_HETEROCHROMATIN_ASSEMBLY	24	18		
GOBP_REGULATION_OF_GENE_EXPRESSION_BY_GENOMIC_IMPRINTING	16		Rejected!	
GOBP_DNA_TEMPLATED_TRANSCRIPTION_INITIATION	134	93		
GOBP_DNA_TEMPLATED_TRANSCRIPTION_TERMINATION	21	17		
GOBP_DNA_TEMPLATED_TRANSCRIPTION_ELONGATION	83	66		
GOBP_REGULATION_OF_TRANSCRIPTION_BY_RNA_POLYMERASE_I	33	26		
GOBP_REGULATION_OF_TRANSCRIPTION_BY_RNA_POLYMERASE_III	29	25		
GOBP_TRANSCRIPTION_BY_RNA_POLYMERASE_I	54	42		
GOBP_TRANSCRIPTION_INITIATION_FROM_RNA_POLYMERASE_I_PROMOTER	13		Rejected!	
GOBP_TRANSCRIPTION_ELONGATION_FROM_RNA_POLYMERASE_I_PROMOTER	5		Rejected!	
GOBP_TRANSCRIPTION_INITIATION_FROM_RNA_POLYMERASE_II_PROMOTER	80	63		
GOBP_TRANSCRIPTION_ELONGATION_FROM_RNA_POLYMERASE_II_PROMOTER	65	49		
GOBP_TERMINATION_OF_RNA_POLYMERASE_II_TRANSCRIPTION	8		Rejected!	
GOBP_MRNA_SPLICE_SITE_SELECTION	48	24		
GOBP_MRNA_CLEAVAGE	20	18		
GOBP_ADENOSINE_TO_INOSINE_EDITING	8		Rejected!	
GOBP_TRANSCRIPTION_BY_RNA_POLYMERASE_III	53	48		
GOBP_TRANSCRIPTION_INITIATION_FROM_RNA_POLYMERASE_III_PROMOTER	8		Rejected!	
GOBP_MITOCHONDRIAL_TRANSCRIPTION	17		Rejected!	
GOBP_RNA_PROCESSING	1392		Rejected!	
GOBP_MRNA_PROCESSING	496	384		
GOBP_MRNA_3_END_PROCESSING_BY_STEM_LOOP_BINDING_AND_CLEAVAGE	6		Rejected!	
GOBP_TRNA_METABOLIC_PROCESS	185	149		
GOBP_TRNA_MODIFICATION	88	77		
GOBP_RNA_CATABOLIC_PROCESS	282	226		
GOBP_MRNA_CATABOLIC_PROCESS	235	190		
GOBP_RNA_LOCALIZATION	196	162		
GOBP_RNA_EXPORT_FROM_NUCLEUS	85	68		
GOBP_MRNA_EXPORT_FROM_NUCLEUS	62	51		
GOBP_TRANSLATIONAL_INITIATION	120	102		
GOBP_TRANSLATIONAL_ELONGATION	56	41		
GOBP_TRANSLATIONAL_TERMINATION	18		Rejected!	
GOBP_REGULATION_OF_TRANSLATIONAL_INITIATION	81	71		
GOBP_REGULATION_OF_TRANSLATIONAL_ELONGATION	20		Rejected!	
GOBP_REGULATION_OF_TRANSLATIONAL_TERMINATION	11		Rejected!	
GOBP_REGULATION_OF_TRANSLATIONAL_FIDELITY	21		Rejected!	
GOBP_TRANSLATIONAL_READTHROUGH	8		Rejected!	
GOBP_PROTEIN_FOLDING	211	155		
GOBP_DE_NOVO_PROTEIN_FOLDING	43	35		
GOBP_SIGNAL_PEPTIDE_PROCESSING	12		Rejected!	
GOBP_PROTEIN_DEPHOSPHORYLATION	292	204		
GOBP_PROTEIN_ADP_RIBOSYLATION	37	28		
GOBP_PROTEIN_ACETYLATION	217	167		
GOBP_N_TERMINAL_PROTEIN_AMINO_ACID_ACETYLATION	17		Rejected!	
GOBP_PROTEIN_SULFATION	8		Rejected!	
GOBP_PROTEIN_METHYLATION	200	147		
GOBP_PROTEIN_DEMETHYLATION	34	28		
GOBP_PROTEIN_N_LINKED_GLYCOSYLATION	70	57		
GOBP_DOLICHYL_DIPHOSPHATE_BIOSYNTHETIC_PROCESS	5		Rejected!	
GOBP_OLIGOSACCHARIDE_LIPID_INTERMEDIATE_BIOSYNTHETIC_PROCESS	19	18		
GOBP_N_GLYCAN_PROCESSING	19	15		
GOBP_PROTEIN_O_LINKED_GLYCOSYLATION	91	56		
GOBP_N_TERMINAL_PROTEIN_LIPIDATION	7		Rejected!	
GOBP_C_TERMINAL_PROTEIN_LIPIDATION	7		Rejected!	
GOBP_GPI_ANCHOR_METABOLIC_PROCESS	32	28		
GOBP_PROTEOLYSIS	1790		Rejected!	
GOBP_MEMBRANE_PROTEIN_ECTODOMAIN_PROTEOLYSIS	47	34		
GOBP_PROTEIN_MONOUBIQUITINATION	78	68		
GOBP_PROTEIN_QUALITY_CONTROL_FOR_MISFOLDED_OR_INCOMPLETELY_SYNTHESIZED_PROTEINS	27	25		
GOBP_GLYCOPROTEIN_CATABOLIC_PROCESS	27	15		
GOBP_PROTEIN_DEGLYCOSYLATION	25	21		
GOBP_PEPTIDE_METABOLIC_PROCESS	908		Rejected!	
GOBP_CELLULAR_AMINO_ACID_METABOLIC_PROCESS	286	149		
GOBP_REGULATION_OF_CELLULAR_AMINO_ACID_METABOLIC_PROCESS	13		Rejected!	
GOBP_ALANINE_CATABOLIC_PROCESS	5		Rejected!	
GOBP_ARGININE_METABOLIC_PROCESS	20		Rejected!	
GOBP_ARGININE_BIOSYNTHETIC_PROCESS	5		Rejected!	
GOBP_ARGININE_CATABOLIC_PROCESS	11		Rejected!	
GOBP_ASPARAGINE_METABOLIC_PROCESS	5		Rejected!	
GOBP_ASPARTATE_METABOLIC_PROCESS	8		Rejected!	
GOBP_CYSTEINE_METABOLIC_PROCESS	12		Rejected!	
GOBP_GLUTAMATE_METABOLIC_PROCESS	34	17		
GOBP_GLUTAMATE_BIOSYNTHETIC_PROCESS	5		Rejected!	
GOBP_GLUTAMATE_CATABOLIC_PROCESS	8		Rejected!	
GOBP_GLUTAMINE_METABOLIC_PROCESS	25	16		
GOBP_GLYCINE_METABOLIC_PROCESS	16		Rejected!	
GOBP_GLYCINE_BIOSYNTHETIC_PROCESS	7		Rejected!	
GOBP_HISTIDINE_METABOLIC_PROCESS	11		Rejected!	
GOBP_HISTIDINE_CATABOLIC_PROCESS	8		Rejected!	
GOBP_ISOLEUCINE_METABOLIC_PROCESS	7		Rejected!	
GOBP_LEUCINE_METABOLIC_PROCESS	8		Rejected!	
GOBP_LEUCINE_CATABOLIC_PROCESS	6		Rejected!	
GOBP_LYSINE_METABOLIC_PROCESS	9		Rejected!	
GOBP_LYSINE_CATABOLIC_PROCESS	7		Rejected!	
GOBP_METHIONINE_METABOLIC_PROCESS	16		Rejected!	
GOBP_L_PHENYLALANINE_METABOLIC_PROCESS	9		Rejected!	
GOBP_PROLINE_METABOLIC_PROCESS	10		Rejected!	
GOBP_L_SERINE_METABOLIC_PROCESS	12		Rejected!	
GOBP_L_SERINE_BIOSYNTHETIC_PROCESS	6		Rejected!	
GOBP_L_SERINE_CATABOLIC_PROCESS	5		Rejected!	
GOBP_THREONINE_METABOLIC_PROCESS	6		Rejected!	
GOBP_THREONINE_CATABOLIC_PROCESS	5		Rejected!	
GOBP_TRYPTOPHAN_CATABOLIC_PROCESS	9		Rejected!	
GOBP_TYROSINE_METABOLIC_PROCESS	15		Rejected!	
GOBP_TYROSINE_CATABOLIC_PROCESS	6		Rejected!	
GOBP_VALINE_METABOLIC_PROCESS	7		Rejected!	
GOBP_CELLULAR_MODIFIED_AMINO_ACID_METABOLIC_PROCESS	190	101		
GOBP_AMINO_ACID_BETAINE_METABOLIC_PROCESS	18		Rejected!	
GOBP_AMINO_ACID_BETAINE_BIOSYNTHETIC_PROCESS	6		Rejected!	
GOBP_INDOLALKYLAMINE_METABOLIC_PROCESS	14		Rejected!	
GOBP_THYROID_HORMONE_GENERATION	21		Rejected!	
GOBP_ORNITHINE_METABOLIC_PROCESS	9		Rejected!	
GOBP_POLYAMINE_METABOLIC_PROCESS	19		Rejected!	
GOBP_POLYAMINE_BIOSYNTHETIC_PROCESS	15		Rejected!	
GOBP_PHOSPHAGEN_METABOLIC_PROCESS	5		Rejected!	
GOBP_PROTEIN_TARGETING	315	238		
GOBP_NLS_BEARING_PROTEIN_IMPORT_INTO_NUCLEUS	20		Rejected!	
GOBP_PROTEIN_EXPORT_FROM_NUCLEUS	58	48		
GOBP_PROTEIN_TARGETING_TO_MEMBRANE	130	85		
GOBP_COTRANSLATIONAL_PROTEIN_TARGETING_TO_MEMBRANE	29	18		
GOBP_SRP_DEPENDENT_COTRANSLATIONAL_PROTEIN_TARGETING_TO_MEMBRANE	23		Rejected!	
GOBP_SRP_DEPENDENT_COTRANSLATIONAL_PROTEIN_TARGETING_TO_MEMBRANE_TRANSLOCATION	8		Rejected!	
GOBP_SRP_DEPENDENT_COTRANSLATIONAL_PROTEIN_TARGETING_TO_MEMBRANE_SIGNAL_SEQUENCE_RECOGNITION	10		Rejected!	
GOBP_POSTTRANSLATIONAL_PROTEIN_TARGETING_TO_ENDOPLASMIC_RETICULUM_MEMBRANE	15		Rejected!	
GOBP_PROTEIN_RETENTION_IN_ER_LUMEN	9		Rejected!	
GOBP_PROTEIN_TARGETING_TO_LYSOSOME	23	19		
GOBP_PROTEIN_TARGETING_TO_VACUOLE	37	32		
GOBP_PROTEIN_TARGETING_TO_PEROXISOME	18	17		
GOBP_PROTEIN_TARGETING_TO_MITOCHONDRION	101	84		
GOBP_PROTEIN_PROCESSING_INVOLVED_IN_PROTEIN_TARGETING_TO_MITOCHONDRION	7		Rejected!	
GOBP_LIPID_METABOLIC_PROCESS	1388		Rejected!	
GOBP_FATTY_ACID_METABOLIC_PROCESS	395	191		
GOBP_FATTY_ACID_BIOSYNTHETIC_PROCESS	162	67		
GOBP_FATTY_ACID_BETA_OXIDATION	76	54		
GOBP_UNSATURATED_FATTY_ACID_BIOSYNTHETIC_PROCESS	52	21		
GOBP_NEUTRAL_LIPID_METABOLIC_PROCESS	132	60		
GOBP_MONOACYLGLYCEROL_BIOSYNTHETIC_PROCESS	7		Rejected!	
GOBP_TRIGLYCERIDE_METABOLIC_PROCESS	103	45		
GOBP_MEMBRANE_LIPID_METABOLIC_PROCESS	208	133		
GOBP_PHOSPHOLIPID_METABOLIC_PROCESS	389	246		
GOBP_PHOSPHATIDYLETHANOLAMINE_BIOSYNTHETIC_PROCESS	10		Rejected!	
GOBP_GLYCEROPHOSPHOLIPID_METABOLIC_PROCESS	309	204		
GOBP_DIACYLGLYCEROL_BIOSYNTHETIC_PROCESS	9		Rejected!	
GOBP_PHOSPHATIDYLGLYCEROL_BIOSYNTHETIC_PROCESS	10		Rejected!	
GOBP_PHOSPHATIDYLCHOLINE_BIOSYNTHETIC_PROCESS	29	16		
GOBP_CDP_CHOLINE_PATHWAY	7		Rejected!	
GOBP_PHOSPHATIDYLSERINE_METABOLIC_PROCESS	25	17		
GOBP_PHOSPHATIDYLINOSITOL_BIOSYNTHETIC_PROCESS	134	104		
GOBP_GLYCEROL_ETHER_METABOLIC_PROCESS	22		Rejected!	
GOBP_SPHINGOLIPID_METABOLIC_PROCESS	162	99		
GOBP_CERAMIDE_METABOLIC_PROCESS	105	64		
GOBP_GLYCOSYLCERAMIDE_METABOLIC_PROCESS	17		Rejected!	
GOBP_GLUCOSYLCERAMIDE_METABOLIC_PROCESS	7		Rejected!	
GOBP_SPHINGOMYELIN_METABOLIC_PROCESS	19	15		
GOBP_SPHINGOMYELIN_CATABOLIC_PROCESS	8		Rejected!	
GOBP_SPHINGOMYELIN_BIOSYNTHETIC_PROCESS	10		Rejected!	
GOBP_GLYCOSPHINGOLIPID_METABOLIC_PROCESS	60	38		
GOBP_GLYCOSPHINGOLIPID_BIOSYNTHETIC_PROCESS	33	18		
GOBP_GANGLIOSIDE_CATABOLIC_PROCESS	7		Rejected!	
GOBP_ICOSANOID_METABOLIC_PROCESS	121	40		
GOBP_LEUKOTRIENE_METABOLIC_PROCESS	34		Rejected!	
GOBP_PROSTANOID_METABOLIC_PROCESS	50	21		
GOBP_STEROID_BIOSYNTHETIC_PROCESS	176	83		
GOBP_BILE_ACID_BIOSYNTHETIC_PROCESS	36		Rejected!	
GOBP_C21_STEROID_HORMONE_BIOSYNTHETIC_PROCESS	20		Rejected!	
GOBP_PROGESTERONE_BIOSYNTHETIC_PROCESS	6		Rejected!	
GOBP_ANDROGEN_BIOSYNTHETIC_PROCESS	10		Rejected!	
GOBP_ESTROGEN_BIOSYNTHETIC_PROCESS	11		Rejected!	
GOBP_GLUCOCORTICOID_BIOSYNTHETIC_PROCESS	15		Rejected!	
GOBP_MINERALOCORTICOID_BIOSYNTHETIC_PROCESS	12		Rejected!	
GOBP_STEROID_CATABOLIC_PROCESS	27		Rejected!	
GOBP_CHOLESTEROL_CATABOLIC_PROCESS	11		Rejected!	
GOBP_ANDROGEN_CATABOLIC_PROCESS	5		Rejected!	
GOBP_ISOPRENOID_METABOLIC_PROCESS	117	47		
GOBP_TERPENOID_METABOLIC_PROCESS	98	31		
GOBP_ONE_CARBON_METABOLIC_PROCESS	40	18		
GOBP_NADH_METABOLIC_PROCESS	31	19		
GOBP_NADH_REGENERATION	11		Rejected!	
GOBP_NADP_METABOLIC_PROCESS	37	24		
GOBP_NADPH_REGENERATION	18		Rejected!	
GOBP_UBIQUINONE_METABOLIC_PROCESS	18	15		
GOBP_GLUTATHIONE_METABOLIC_PROCESS	65	35		
GOBP_GLUTATHIONE_CATABOLIC_PROCESS	11		Rejected!	
GOBP_ATP_BIOSYNTHETIC_PROCESS	57	20		
GOBP_FOLIC_ACID_CONTAINING_COMPOUND_METABOLIC_PROCESS	29	21		
GOBP_VITAMIN_METABOLIC_PROCESS	111	56		
GOBP_WATER_SOLUBLE_VITAMIN_METABOLIC_PROCESS	65	43		
GOBP_RIBOFLAVIN_METABOLIC_PROCESS	5		Rejected!	
GOBP_FAT_SOLUBLE_VITAMIN_METABOLIC_PROCESS	43		Rejected!	
GOBP_VITAMIN_A_METABOLIC_PROCESS	8		Rejected!	
GOBP_PORPHYRIN_CONTAINING_COMPOUND_METABOLIC_PROCESS	53	34		
GOBP_PROTOPORPHYRINOGEN_IX_BIOSYNTHETIC_PROCESS	9		Rejected!	
GOBP_SULFUR_COMPOUND_METABOLIC_PROCESS	339	203		
GOBP_SUPEROXIDE_METABOLIC_PROCESS	72	36		
GOBP_XENOBIOTIC_METABOLIC_PROCESS	108	28		
GOBP_ION_TRANSPORT	1556		Rejected!	
GOBP_CATION_TRANSPORT	1186	453		
GOBP_POTASSIUM_ION_TRANSPORT	243	65		
GOBP_SODIUM_ION_TRANSPORT	249	79		
GOBP_CALCIUM_ION_TRANSPORT	424	165		
GOBP_PHOSPHATE_ION_TRANSPORT	26	15		
GOBP_ANION_TRANSPORT	518	201		
GOBP_CHLORIDE_TRANSPORT	112	31		
GOBP_COBALT_ION_TRANSPORT	7		Rejected!	
GOBP_COPPER_ION_TRANSPORT	16		Rejected!	
GOBP_IRON_ION_TRANSPORT	59	29		
GOBP_MANGANESE_ION_TRANSPORT	16		Rejected!	
GOBP_ZINC_ION_TRANSPORT	28	18		
GOBP_WATER_TRANSPORT	24		Rejected!	
GOBP_DICARBOXYLIC_ACID_TRANSPORT	92	39		
GOBP_NEUROTRANSMITTER_TRANSPORT	208	79		
GOBP_SEROTONIN_TRANSPORT	19		Rejected!	
GOBP_MITOCHONDRIAL_TRANSPORT	200	142		
GOBP_PYRUVATE_TRANSPORT	6		Rejected!	
GOBP_MITOCHONDRIAL_CALCIUM_ION_TRANSMEMBRANE_TRANSPORT	18		Rejected!	
GOBP_XENOBIOTIC_TRANSMEMBRANE_TRANSPORT	7		Rejected!	
GOBP_OLIGOPEPTIDE_TRANSPORT	16		Rejected!	
GOBP_EXTRACELLULAR_TRANSPORT	44		Rejected!	
GOBP_NUCLEOTIDE_TRANSPORT	38	27		
GOBP_AMINO_ACID_TRANSPORT	150	64		
GOBP_GLUTAMINE_TRANSPORT	9		Rejected!	
GOBP_CELLULAR_ION_HOMEOSTASIS	671	281		
GOBP_CELLULAR_COPPER_ION_HOMEOSTASIS	16		Rejected!	
GOBP_CELLULAR_IRON_ION_HOMEOSTASIS	66	37		
GOBP_CELLULAR_SODIUM_ION_HOMEOSTASIS	22		Rejected!	
GOBP_CELL_VOLUME_HOMEOSTASIS	31	17		
GOBP_REGULATION_OF_PH	93	43		
GOBP_INTRACELLULAR_PROTEIN_TRANSPORT	849		Rejected!	
GOBP_EXOCYTOSIS	360	188		
GOBP_ENDOPLASMIC_RETICULUM_TO_GOLGI_VESICLE_MEDIATED_TRANSPORT	136	109		
GOBP_RETROGRADE_VESICLE_MEDIATED_TRANSPORT_GOLGI_TO_ENDOPLASMIC_RETICULUM	52	45		
GOBP_INTRA_GOLGI_VESICLE_MEDIATED_TRANSPORT	34	29		
GOBP_POST_GOLGI_VESICLE_MEDIATED_TRANSPORT	106	87		
GOBP_GOLGI_TO_PLASMA_MEMBRANE_TRANSPORT	62	49		
GOBP_GOLGI_TO_ENDOSOME_TRANSPORT	17		Rejected!	
GOBP_GOLGI_TO_VACUOLE_TRANSPORT	20	19		
GOBP_ENDOCYTOSIS	635	310		
GOBP_RECEPTOR_MEDIATED_ENDOCYTOSIS	251	129		
GOBP_VESICLE_BUDDING_FROM_MEMBRANE	64	50		
GOBP_VESICLE_TARGETING	43	33		
GOBP_VESICLE_DOCKING_INVOLVED_IN_EXOCYTOSIS	36	23		
GOBP_PINOCYTOSIS	23	16		
GOBP_PHAGOCYTOSIS	305	125		
GOBP_PHAGOCYTOSIS_RECOGNITION	95		Rejected!	
GOBP_ACTIVATION_OF_CYSTEINE_TYPE_ENDOPEPTIDASE_ACTIVITY_INVOLVED_IN_APOPTOTIC_PROCESS	81	52		
GOBP_CELLULAR_COMPONENT_DISASSEMBLY_INVOLVED_IN_EXECUTION_PHASE_OF_APOPTOSIS	29	17		
GOBP_ACTIVATION_INDUCED_CELL_DEATH_OF_T_CELLS	9		Rejected!	
GOBP_INFLAMMATORY_CELL_APOPTOTIC_PROCESS	22		Rejected!	
GOBP_SUBSTRATE_DEPENDENT_CELL_MIGRATION	25		Rejected!	
GOBP_SUBSTRATE_DEPENDENT_CELL_MIGRATION_CELL_EXTENSION	9		Rejected!	
GOBP_MUSCLE_CONTRACTION	349	105		
GOBP_REGULATION_OF_MUSCLE_CONTRACTION	170	54		
GOBP_SMOOTH_MUSCLE_CONTRACTION	112	33		
GOBP_REGULATION_OF_SMOOTH_MUSCLE_CONTRACTION	65	20		
GOBP_STRIATED_MUSCLE_CONTRACTION	178	58		
GOBP_REGULATION_OF_STRIATED_MUSCLE_CONTRACTION	96	31		
GOBP_SYNCYTIUM_FORMATION	63	27		
GOBP_DEFENSE_RESPONSE	1739		Rejected!	
GOBP_ACUTE_PHASE_RESPONSE	48		Rejected!	
GOBP_INFLAMMATORY_RESPONSE	815	349		
GOBP_IMMUNE_RESPONSE	1882		Rejected!	
GOBP_COMPLEMENT_ACTIVATION	125		Rejected!	
GOBP_COMPLEMENT_ACTIVATION_ALTERNATIVE_PATHWAY	18		Rejected!	
GOBP_HUMORAL_IMMUNE_RESPONSE	312	57		
GOBP_CELLULAR_DEFENSE_RESPONSE	54	25		
GOBP_RESPONSE_TO_OSMOTIC_STRESS	80	41		
GOBP_HYPOTONIC_RESPONSE	11		Rejected!	
GOBP_HYPEROSMOTIC_RESPONSE	26		Rejected!	
GOBP_CELLULAR_RESPONSE_TO_DNA_DAMAGE_STIMULUS	810		Rejected!	
GOBP_DNA_DAMAGE_INDUCED_PROTEIN_PHOSPHORYLATION	8		Rejected!	
GOBP_DNA_DAMAGE_RESPONSE_SIGNAL_TRANSDUCTION_BY_P53_CLASS_MEDIATOR_RESULTING_IN_CELL_CYCLE_ARREST	18		Rejected!	
GOBP_RESPONSE_TO_OXIDATIVE_STRESS	436	255		
GOBP_ER_OVERLOAD_RESPONSE	12		Rejected!	
GOBP_ER_NUCLEUS_SIGNALING_PATHWAY	45	39		
GOBP_RESPONSE_TO_STEROL_DEPLETION	18		Rejected!	
GOBP_CELLULAR_RESPONSE_TO_NITROGEN_STARVATION	12		Rejected!	
GOBP_NUCLEUS_ORGANIZATION	141	109		
GOBP_NUCLEAR_ENVELOPE_ORGANIZATION	57	48		
GOBP_NUCLEAR_PORE_ORGANIZATION	14		Rejected!	
GOBP_NUCLEOLUS_ORGANIZATION	16	15		
GOBP_MITOCHONDRION_ORGANIZATION	518	391		
GOBP_MITOCHONDRIAL_MEMBRANE_ORGANIZATION	116	86		
GOBP_INNER_MITOCHONDRIAL_MEMBRANE_ORGANIZATION	40	32		
GOBP_OUTER_MITOCHONDRIAL_MEMBRANE_ORGANIZATION	5		Rejected!	
GOBP_PLASMA_MEMBRANE_ORGANIZATION	156	74		
GOBP_CYTOSKELETON_ORGANIZATION	1468		Rejected!	
GOBP_ACTIN_FILAMENT_ORGANIZATION	449	238		
GOBP_MICROTUBULE_BASED_PROCESS	907		Rejected!	
GOBP_MICROTUBULE_BASED_MOVEMENT	393	174		
GOBP_MICROTUBULE_DEPOLYMERIZATION	47	29		
GOBP_MICROTUBULE_NUCLEATION	35	33		
GOBP_TUBULIN_COMPLEX_ASSEMBLY	8		Rejected!	
GOBP_POST_CHAPERONIN_TUBULIN_FOLDING_PATHWAY	6		Rejected!	
GOBP_CYTOPLASM_ORGANIZATION	16		Rejected!	
GOBP_ENDOPLASMIC_RETICULUM_ORGANIZATION	90	63		
GOBP_GOLGI_ORGANIZATION	161	117		
GOBP_PEROXISOME_ORGANIZATION	36	30		
GOBP_ENDOSOME_ORGANIZATION	85	67		
GOBP_VACUOLE_ORGANIZATION	188	149		
GOBP_VACUOLAR_TRANSPORT	156	127		
GOBP_VACUOLAR_ACIDIFICATION	24	18		
GOBP_PROTEIN_CATABOLIC_PROCESS_IN_THE_VACUOLE	23	17		
GOBP_LYSOSOMAL_TRANSPORT	122	96		
GOBP_LYSOSOMAL_LUMEN_ACIDIFICATION	11		Rejected!	
GOBP_CELL_CELL_JUNCTION_ASSEMBLY	150	51		
GOBP_CELL_CYCLE	1779		Rejected!	
GOBP_SPINDLE_ORGANIZATION	208	155		
GOBP_MITOTIC_SPINDLE_ORGANIZATION	126	103		
GOBP_SPINDLE_ASSEMBLY_INVOLVED_IN_FEMALE_MEIOSIS	5		Rejected!	
GOBP_CHROMOSOME_SEGREGATION	350	263		
GOBP_SISTER_CHROMATID_COHESION	63	42		
GOBP_REGULATION_OF_SISTER_CHROMATID_COHESION	21	17		
GOBP_MITOTIC_SISTER_CHROMATID_COHESION	28	21		
GOBP_MITOTIC_CHROMOSOME_CONDENSATION	19	17		
GOBP_MITOTIC_NUCLEAR_MEMBRANE_DISASSEMBLY	7		Rejected!	
GOBP_MITOTIC_METAPHASE_PLATE_CONGRESSION	53	49		
GOBP_REGULATION_OF_MITOTIC_NUCLEAR_DIVISION	111	80		
GOBP_MITOTIC_CELL_CYCLE_CHECKPOINT_SIGNALING	130	106		
GOBP_MITOTIC_G2_DNA_DAMAGE_CHECKPOINT_SIGNALING	35	28		
GOBP_REGULATION_OF_EXIT_FROM_MITOSIS	18		Rejected!	
GOBP_NUCLEAR_MIGRATION	21	17		
GOBP_HOMOLOGOUS_CHROMOSOME_PAIRING_AT_MEIOSIS	53	22		
GOBP_MALE_MEIOTIC_NUCLEAR_DIVISION	51	22		
GOBP_MALE_MEIOSIS_I	28		Rejected!	
GOBP_FEMALE_MEIOTIC_NUCLEAR_DIVISION	33	19		
GOBP_FEMALE_MEIOSIS_I	13		Rejected!	
GOBP_HOMOPHILIC_CELL_ADHESION_VIA_PLASMA_MEMBRANE_ADHESION_MOLECULES	170	18		
GOBP_HETEROPHILIC_CELL_CELL_ADHESION_VIA_PLASMA_MEMBRANE_CELL_ADHESION_MOLECULES	47		Rejected!	
GOBP_NEURON_CELL_CELL_ADHESION	17		Rejected!	
GOBP_LEUKOCYTE_CELL_CELL_ADHESION	381	209		
GOBP_CELL_MATRIX_ADHESION	236	113		
GOBP_NEGATIVE_REGULATION_OF_CELL_ADHESION	305	132		
GOBP_ESTABLISHMENT_OR_MAINTENANCE_OF_CELL_POLARITY	221	132		
GOBP_ESTABLISHMENT_OF_TISSUE_POLARITY	72	29		
GOBP_ENZYME_LINKED_RECEPTOR_PROTEIN_SIGNALING_PATHWAY	984	401		
GOBP_RECEPTOR_GUANYLYL_CYCLASE_SIGNALING_PATHWAY	10		Rejected!	
GOBP_TRANSMEMBRANE_RECEPTOR_PROTEIN_TYROSINE_KINASE_SIGNALING_PATHWAY	634	267		
GOBP_ACTIVATION_OF_TRANSMEMBRANE_RECEPTOR_PROTEIN_TYROSINE_KINASE_ACTIVITY	14		Rejected!	
GOBP_SIGNAL_COMPLEX_ASSEMBLY	8		Rejected!	
GOBP_NEGATIVE_REGULATION_OF_EPIDERMAL_GROWTH_FACTOR_ACTIVATED_RECEPTOR_ACTIVITY	14		Rejected!	
GOBP_REGULATION_OF_EPIDERMAL_GROWTH_FACTOR_ACTIVATED_RECEPTOR_ACTIVITY	30	18		
GOBP_TRANSMEMBRANE_RECEPTOR_PROTEIN_SERINE_THREONINE_KINASE_SIGNALING_PATHWAY	373	149		
GOBP_TRANSFORMING_GROWTH_FACTOR_BETA_RECEPTOR_SIGNALING_PATHWAY	204	98		
GOBP_COMMON_PARTNER_SMAD_PROTEIN_PHOSPHORYLATION	6		Rejected!	
GOBP_SMAD_PROTEIN_COMPLEX_ASSEMBLY	13		Rejected!	
GOBP_TRANSMEMBRANE_RECEPTOR_PROTEIN_TYROSINE_PHOSPHATASE_SIGNALING_PATHWAY	6		Rejected!	
GOBP_G_PROTEIN_COUPLED_RECEPTOR_SIGNALING_PATHWAY	1274	241		
GOBP_G_PROTEIN_COUPLED_RECEPTOR_SIGNALING_PATHWAY_COUPLED_TO_CYCLIC_NUCLEOTIDE_SECOND_MESSENGER	67		Rejected!	
GOBP_ADENYLATE_CYCLASE_MODULATING_G_PROTEIN_COUPLED_RECEPTOR_SIGNALING_PATHWAY	244	71		
GOBP_ADENYLATE_CYCLASE_ACTIVATING_G_PROTEIN_COUPLED_RECEPTOR_SIGNALING_PATHWAY	155	46		
GOBP_ACTIVATION_OF_ADENYLATE_CYCLASE_ACTIVITY	31		Rejected!	
GOBP_ADENYLATE_CYCLASE_ACTIVATING_DOPAMINE_RECEPTOR_SIGNALING_PATHWAY	10		Rejected!	
GOBP_ADENYLATE_CYCLASE_INHIBITING_G_PROTEIN_COUPLED_RECEPTOR_SIGNALING_PATHWAY	78	18		
GOBP_NEGATIVE_REGULATION_OF_ADENYLATE_CYCLASE_ACTIVITY	21		Rejected!	
GOBP_ADENYLATE_CYCLASE_INHIBITING_DOPAMINE_RECEPTOR_SIGNALING_PATHWAY	6		Rejected!	
GOBP_ADENYLATE_CYCLASE_INHIBITING_G_PROTEIN_COUPLED_GLUTAMATE_RECEPTOR_SIGNALING_PATHWAY	9		Rejected!	
GOBP_ADENYLATE_CYCLASE_INHIBITING_G_PROTEIN_COUPLED_ACETYLCHOLINE_RECEPTOR_SIGNALING_PATHWAY	8		Rejected!	
GOBP_ADENYLATE_CYCLASE_INHIBITING_SEROTONIN_RECEPTOR_SIGNALING_PATHWAY	7		Rejected!	
GOBP_PHOSPHOLIPASE_C_ACTIVATING_G_PROTEIN_COUPLED_RECEPTOR_SIGNALING_PATHWAY	104	22		
GOBP_ACTIVATION_OF_PHOSPHOLIPASE_C_ACTIVITY	30		Rejected!	
GOBP_PROTEIN_KINASE_C_ACTIVATING_G_PROTEIN_COUPLED_RECEPTOR_SIGNALING_PATHWAY	27		Rejected!	
GOBP_SEROTONIN_RECEPTOR_SIGNALING_PATHWAY	40		Rejected!	
GOBP_DOPAMINE_RECEPTOR_SIGNALING_PATHWAY	40	22		
GOBP_G_PROTEIN_COUPLED_ACETYLCHOLINE_RECEPTOR_SIGNALING_PATHWAY	19		Rejected!	
GOBP_GAMMA_AMINOBUTYRIC_ACID_SIGNALING_PATHWAY	27		Rejected!	
GOBP_GLUTAMATE_RECEPTOR_SIGNALING_PATHWAY	52		Rejected!	
GOBP_G_PROTEIN_COUPLED_GLUTAMATE_RECEPTOR_SIGNALING_PATHWAY	15		Rejected!	
GOBP_TACHYKININ_RECEPTOR_SIGNALING_PATHWAY	8		Rejected!	
GOBP_NEUROPEPTIDE_SIGNALING_PATHWAY	108		Rejected!	
GOBP_NOTCH_SIGNALING_PATHWAY	182	91		
GOBP_NOTCH_RECEPTOR_PROCESSING	9		Rejected!	
GOBP_POSITIVE_REGULATION_OF_TRANSCRIPTION_OF_NOTCH_RECEPTOR_TARGET	7		Rejected!	
GOBP_WNT_SIGNALING_PATHWAY_CALCIUM_MODULATING_PATHWAY	6		Rejected!	
GOBP_SMOOTHENED_SIGNALING_PATHWAY	140	76		
GOBP_INTEGRIN_MEDIATED_SIGNALING_PATHWAY	109	53		
GOBP_I_KAPPAB_KINASE_NF_KAPPAB_SIGNALING	288	201		
GOBP_ACTIVATION_OF_NF_KAPPAB_INDUCING_KINASE_ACTIVITY	18		Rejected!	
GOBP_I_KAPPAB_PHOSPHORYLATION	21		Rejected!	
GOBP_CYTOPLASMIC_SEQUESTERING_OF_NF_KAPPAB	8		Rejected!	
GOBP_JNK_CASCADE	175	107		
GOBP_TYROSINE_PHOSPHORYLATION_OF_STAT_PROTEIN	87	37		
GOBP_NITRIC_OXIDE_MEDIATED_SIGNAL_TRANSDUCTION	27		Rejected!	
GOBP_SMALL_GTPASE_MEDIATED_SIGNAL_TRANSDUCTION	502	314		
GOBP_RAS_PROTEIN_SIGNAL_TRANSDUCTION	348	221		
GOBP_RHO_PROTEIN_SIGNAL_TRANSDUCTION	139	74		
GOBP_CELL_CELL_SIGNALING	1633		Rejected!	
GOBP_NEUROTRANSMITTER_SECRETION	146	62		
GOBP_NEURON_NEURON_SYNAPTIC_TRANSMISSION	5		Rejected!	
GOBP_SYNAPTIC_TRANSMISSION_CHOLINERGIC	29		Rejected!	
GOBP_ENSHEATHMENT_OF_NEURONS	140	72		
GOBP_NEUROMUSCULAR_SYNAPTIC_TRANSMISSION	28		Rejected!	
GOBP_GAMETE_GENERATION	736	293		
GOBP_GERM_CELL_DEVELOPMENT	298	111		
GOBP_SPERMATID_NUCLEUS_DIFFERENTIATION	21		Rejected!	
GOBP_FEMALE_GAMETE_GENERATION	158	64		
GOBP_OOCYTE_CONSTRUCTION	9		Rejected!	
GOBP_INSEMINATION	13		Rejected!	
GOBP_SINGLE_FERTILIZATION	156	47		
GOBP_BINDING_OF_SPERM_TO_ZONA_PELLUCIDA	41	16		
GOBP_ACROSOME_REACTION	40		Rejected!	
GOBP_PENETRATION_OF_ZONA_PELLUCIDA	8		Rejected!	
GOBP_FUSION_OF_SPERM_TO_EGG_PLASMA_MEMBRANE_INVOLVED_IN_SINGLE_FERTILIZATION	22		Rejected!	
GOBP_EGG_ACTIVATION	10		Rejected!	
GOBP_REGULATION_OF_MITOTIC_CELL_CYCLE	480	324		
GOBP_BLASTODERM_SEGMENTATION	26		Rejected!	
GOBP_TRIPARTITE_REGIONAL_SUBDIVISION	22		Rejected!	
GOBP_ZYGOTIC_DETERMINATION_OF_ANTERIOR_POSTERIOR_AXIS_EMBRYO	6		Rejected!	
GOBP_THORAX_AND_ANTERIOR_ABDOMEN_DETERMINATION	5		Rejected!	
GOBP_GASTRULATION	190	76		
GOBP_SEGMENT_SPECIFICATION	17		Rejected!	
GOBP_COMPARTMENT_PATTERN_SPECIFICATION	5		Rejected!	
GOBP_PATTERN_SPECIFICATION_PROCESS	460	149		
GOBP_ECTODERM_DEVELOPMENT	22		Rejected!	
GOBP_NEUROBLAST_PROLIFERATION	61	21		
GOBP_NEGATIVE_REGULATION_OF_NEUROBLAST_PROLIFERATION	6		Rejected!	
GOBP_AXONAL_FASCICULATION	22		Rejected!	
GOBP_SYNAPSE_ASSEMBLY	180	38		
GOBP_CENTRAL_NERVOUS_SYSTEM_DEVELOPMENT	1027	450		
GOBP_VENTRAL_MIDLINE_DEVELOPMENT	5		Rejected!	
GOBP_PERIPHERAL_NERVOUS_SYSTEM_DEVELOPMENT	78	30		
GOBP_SENSORY_ORGAN_DEVELOPMENT	564	188		
GOBP_SALIVARY_GLAND_DEVELOPMENT	36	15		
GOBP_FOREGUT_MORPHOGENESIS	10		Rejected!	
GOBP_ENDODERM_DEVELOPMENT	78	32		
GOBP_MIDGUT_DEVELOPMENT	11		Rejected!	
GOBP_MESODERM_DEVELOPMENT	132	47		
GOBP_MESODERMAL_CELL_FATE_SPECIFICATION	12		Rejected!	
GOBP_GONADAL_MESODERM_DEVELOPMENT	8		Rejected!	
GOBP_HEART_DEVELOPMENT	595	257		
GOBP_ADULT_HEART_DEVELOPMENT	14		Rejected!	
GOBP_MUSCLE_ORGAN_DEVELOPMENT	333	130		
GOBP_MYOBLAST_FUSION	45	20		
GOBP_NEUROMUSCULAR_JUNCTION_DEVELOPMENT	43	18		
GOBP_SEX_DETERMINATION	22		Rejected!	
GOBP_SEX_DIFFERENTIATION	281	105		
GOBP_DOSAGE_COMPENSATION	21	17		
GOBP_EMBRYO_IMPLANTATION	57	23		
GOBP_PARTURITION	15		Rejected!	
GOBP_AGING	313	174		
GOBP_CELL_AGING	128	80		
GOBP_RESPONSE_TO_NUTRIENT	150	68		
GOBP_RESPIRATORY_GASEOUS_EXCHANGE_BY_RESPIRATORY_SYSTEM	70	27		
GOBP_DIGESTION	137	27		
GOBP_EXCRETION	65	15		
GOBP_BODY_FLUID_SECRETION	91	38		
GOBP_LACTATION	44	23		
GOBP_BLOOD_COAGULATION_INTRINSIC_PATHWAY	8		Rejected!	
GOBP_HEMOSTASIS	228	104		
GOBP_SENSORY_PERCEPTION	987	144		
GOBP_PHOTOTRANSDUCTION	48		Rejected!	
GOBP_PHOTOTRANSDUCTION_VISIBLE_LIGHT	19		Rejected!	
GOBP_SENSORY_PERCEPTION_OF_CHEMICAL_STIMULUS	530	18		
GOBP_SENSORY_PERCEPTION_OF_SMELL	458		Rejected!	
GOBP_BEHAVIOR	597	221		
GOBP_LEARNING	145	58		
GOBP_MEMORY	122	48		
GOBP_SHORT_TERM_MEMORY	11		Rejected!	
GOBP_LONG_TERM_MEMORY	35	18		
GOBP_MATING_BEHAVIOR	19		Rejected!	
GOBP_MATING	39		Rejected!	
GOBP_COPULATION	22		Rejected!	
GOBP_RHYTHMIC_BEHAVIOR	45	18		
GOBP_CIRCADIAN_RHYTHM	205	119		
GOBP_GROOMING_BEHAVIOR	18		Rejected!	
GOBP_LOCOMOTORY_BEHAVIOR	193	77		
GOBP_FEEDING_BEHAVIOR	107	22		
GOBP_VISUAL_BEHAVIOR	48	20		
GOBP_CHEMOSENSORY_BEHAVIOR	16		Rejected!	
GOBP_MECHANOSENSORY_BEHAVIOR	14		Rejected!	
GOBP_REGULATION_OF_HEART_CONTRACTION	212	65		
GOBP_TRNA_PROCESSING	125	108		
GOBP_CELL_RECOGNITION	222	52		
GOBP_NEURON_RECOGNITION	49		Rejected!	
GOBP_MOTOR_NEURON_AXON_GUIDANCE	30		Rejected!	
GOBP_MITOCHONDRIAL_FUSION	30	24		
GOBP_TOLL_SIGNALING_PATHWAY	7		Rejected!	
GOBP_AXO_DENDRITIC_TRANSPORT	77	52		
GOBP_ANTEROGRADE_AXONAL_TRANSPORT	49	32		
GOBP_RETROGRADE_AXONAL_TRANSPORT	21		Rejected!	
GOBP_ACTIN_POLYMERIZATION_OR_DEPOLYMERIZATION	196	107		
GOBP_NEGATIVE_REGULATION_OF_DNA_REPLICATION	32	22		
GOBP_STEROID_METABOLIC_PROCESS	323	138		
GOBP_BILE_ACID_METABOLIC_PROCESS	49	19		
GOBP_C21_STEROID_HORMONE_METABOLIC_PROCESS	37		Rejected!	
GOBP_ANDROGEN_METABOLIC_PROCESS	29		Rejected!	
GOBP_ESTROGEN_METABOLIC_PROCESS	37		Rejected!	
GOBP_GLUCOCORTICOID_METABOLIC_PROCESS	23		Rejected!	
GOBP_MINERALOCORTICOID_METABOLIC_PROCESS	14		Rejected!	
GOBP_SPERMINE_METABOLIC_PROCESS	5		Rejected!	
GOBP_SPERMIDINE_METABOLIC_PROCESS	9		Rejected!	
GOBP_REGULATION_OF_BLOOD_PRESSURE	183	56		
GOBP_OPSONIZATION	16		Rejected!	
GOBP_SULFATE_TRANSPORT	18		Rejected!	
GOBP_REGULATION_OF_G_PROTEIN_COUPLED_RECEPTOR_SIGNALING_PATHWAY	139	62		
GOBP_POSITIVE_REGULATION_OF_CELL_POPULATION_PROLIFERATION	959	421		
GOBP_NEGATIVE_REGULATION_OF_CELL_POPULATION_PROLIFERATION	785	334		
GOBP_INSULIN_RECEPTOR_SIGNALING_PATHWAY	120	71		
GOBP_ACETYLCHOLINE_METABOLIC_PROCESS	6		Rejected!	
GOBP_INTRACELLULAR_MRNA_LOCALIZATION	9		Rejected!	
GOBP_ISOPRENOID_BIOSYNTHETIC_PROCESS	30	17		
GOBP_ISOPRENOID_CATABOLIC_PROCESS	11		Rejected!	
GOBP_ASSOCIATIVE_LEARNING	80	31		
GOBP_G2_MI_TRANSITION_OF_MEIOTIC_CELL_CYCLE	6		Rejected!	
GOBP_ENDOSOME_TO_LYSOSOME_TRANSPORT	62	46		
GOBP_HISTONE_MRNA_METABOLIC_PROCESS	24	19		
GOBP_DETERMINATION_OF_ADULT_LIFESPAN	18		Rejected!	
GOBP_ADULT_FEEDING_BEHAVIOR	10		Rejected!	
GOBP_ADULT_LOCOMOTORY_BEHAVIOR	76	28		
GOBP_GLIAL_CELL_MIGRATION	51	25		
GOBP_GERM_CELL_MIGRATION	6		Rejected!	
GOBP_ASYMMETRIC_CELL_DIVISION	18		Rejected!	
GOBP_REGULATION_OF_CELL_SHAPE	151	77		
GOBP_REGULATION_OF_CELL_SIZE	180	96		
GOBP_RNA_SPLICING	434	336		
GOBP_RESPIRATORY_CHAIN_COMPLEX_IV_ASSEMBLY	26	21		
GOBP_FIBROBLAST_GROWTH_FACTOR_RECEPTOR_SIGNALING_PATHWAY	85	24		
GOBP_EPIDERMIS_DEVELOPMENT	335	118		
GOBP_REGULATION_OF_SYNAPTIC_ASSEMBLY_AT_NEUROMUSCULAR_JUNCTION	5		Rejected!	
GOBP_REGULATION_OF_SMOOTHENED_SIGNALING_PATHWAY	82	45		
GOBP_REGULATION_OF_NOTCH_SIGNALING_PATHWAY	97	48		
GOBP_ATTACHMENT_OF_SPINDLE_MICROTUBULES_TO_KINETOCHORE	37	29		
GOBP_LIPID_BIOSYNTHETIC_PROCESS	706	399		
GOBP_EXTRINSIC_APOPTOTIC_SIGNALING_PATHWAY_VIA_DEATH_DOMAIN_RECEPTORS	85	55		
GOBP_INTRINSIC_APOPTOTIC_SIGNALING_PATHWAY_IN_RESPONSE_TO_OSMOTIC_STRESS	8		Rejected!	
GOBP_INTRINSIC_APOPTOTIC_SIGNALING_PATHWAY_IN_RESPONSE_TO_DNA_DAMAGE	101	75		
GOBP_INTRINSIC_APOPTOTIC_SIGNALING_PATHWAY_IN_RESPONSE_TO_OXIDATIVE_STRESS	45	35		
GOBP_ACTIVATION_OF_CYSTEINE_TYPE_ENDOPEPTIDASE_ACTIVITY_INVOLVED_IN_APOPTOTIC_PROCESS_BY_CYTOCHROME_C	7		Rejected!	
GOBP_APOPTOTIC_MITOCHONDRIAL_CHANGES	105	73		
GOBP_CARBOHYDRATE_TRANSPORT	156	74		
GOBP_CELLULAR_AMINO_ACID_BIOSYNTHETIC_PROCESS	76	45		
GOBP_PHOSPHOLIPID_BIOSYNTHETIC_PROCESS	258	190		
GOBP_PYRIMIDINE_CONTAINING_COMPOUND_SALVAGE	7		Rejected!	
GOBP_PENTOSE_PHOSPHATE_SHUNT_NON_OXIDATIVE_BRANCH	6		Rejected!	
GOBP_MACROMOLECULE_CATABOLIC_PROCESS	1331		Rejected!	
GOBP_AEROBIC_RESPIRATION	187	129		
GOBP_FATTY_ACID_CATABOLIC_PROCESS	102	73		
GOBP_CELLULAR_AMINO_ACID_CATABOLIC_PROCESS	112	51		
GOBP_GLUTAMINE_FAMILY_AMINO_ACID_METABOLIC_PROCESS	79	38		
GOBP_GLUTAMINE_FAMILY_AMINO_ACID_CATABOLIC_PROCESS	27		Rejected!	
GOBP_ASPARTATE_FAMILY_AMINO_ACID_METABOLIC_PROCESS	49	28		
GOBP_ASPARTATE_FAMILY_AMINO_ACID_BIOSYNTHETIC_PROCESS	21	16		
GOBP_ASPARTATE_FAMILY_AMINO_ACID_CATABOLIC_PROCESS	18		Rejected!	
GOBP_SERINE_FAMILY_AMINO_ACID_METABOLIC_PROCESS	40	23		
GOBP_SERINE_FAMILY_AMINO_ACID_BIOSYNTHETIC_PROCESS	21		Rejected!	
GOBP_SERINE_FAMILY_AMINO_ACID_CATABOLIC_PROCESS	14		Rejected!	
GOBP_AROMATIC_AMINO_ACID_FAMILY_METABOLIC_PROCESS	31		Rejected!	
GOBP_AROMATIC_AMINO_ACID_FAMILY_CATABOLIC_PROCESS	16		Rejected!	
GOBP_BRANCHED_CHAIN_AMINO_ACID_METABOLIC_PROCESS	25	22		
GOBP_BRANCHED_CHAIN_AMINO_ACID_BIOSYNTHETIC_PROCESS	5		Rejected!	
GOBP_BRANCHED_CHAIN_AMINO_ACID_CATABOLIC_PROCESS	21	20		
GOBP_GLUTAMINE_FAMILY_AMINO_ACID_BIOSYNTHETIC_PROCESS	18		Rejected!	
GOBP_METHIONINE_BIOSYNTHETIC_PROCESS	12		Rejected!	
GOBP_CYSTEINE_CATABOLIC_PROCESS	5		Rejected!	
GOBP_GLYCOPROTEIN_METABOLIC_PROCESS	388	230		
GOBP_GLYCOPROTEIN_BIOSYNTHETIC_PROCESS	319	198		
GOBP_VITAMIN_BIOSYNTHETIC_PROCESS	20		Rejected!	
GOBP_VITAMIN_CATABOLIC_PROCESS	16		Rejected!	
GOBP_NUCLEOBASE_METABOLIC_PROCESS	39	23		
GOBP_PURINE_NUCLEOBASE_BIOSYNTHETIC_PROCESS	11		Rejected!	
GOBP_NUCLEOSIDE_METABOLIC_PROCESS	63	34		
GOBP_RIBONUCLEOSIDE_METABOLIC_PROCESS	36	16		
GOBP_DEOXYRIBONUCLEOSIDE_METABOLIC_PROCESS	11		Rejected!	
GOBP_NUCLEOSIDE_MONOPHOSPHATE_METABOLIC_PROCESS	79	54		
GOBP_NUCLEOSIDE_MONOPHOSPHATE_BIOSYNTHETIC_PROCESS	44	35		
GOBP_NUCLEOSIDE_MONOPHOSPHATE_CATABOLIC_PROCESS	19		Rejected!	
GOBP_PURINE_NUCLEOSIDE_MONOPHOSPHATE_METABOLIC_PROCESS	45	33		
GOBP_PURINE_NUCLEOSIDE_MONOPHOSPHATE_BIOSYNTHETIC_PROCESS	22	19		
GOBP_PURINE_NUCLEOSIDE_MONOPHOSPHATE_CATABOLIC_PROCESS	11		Rejected!	
GOBP_PYRIMIDINE_NUCLEOSIDE_MONOPHOSPHATE_METABOLIC_PROCESS	22		Rejected!	
GOBP_PYRIMIDINE_NUCLEOSIDE_MONOPHOSPHATE_BIOSYNTHETIC_PROCESS	16		Rejected!	
GOBP_PYRIMIDINE_NUCLEOSIDE_MONOPHOSPHATE_CATABOLIC_PROCESS	8		Rejected!	
GOBP_NUCLEOSIDE_DIPHOSPHATE_METABOLIC_PROCESS	130	87		
GOBP_NUCLEOSIDE_DIPHOSPHATE_BIOSYNTHETIC_PROCESS	13		Rejected!	
GOBP_NUCLEOSIDE_DIPHOSPHATE_CATABOLIC_PROCESS	13		Rejected!	
GOBP_PURINE_NUCLEOSIDE_DIPHOSPHATE_BIOSYNTHETIC_PROCESS	6		Rejected!	
GOBP_PURINE_NUCLEOSIDE_DIPHOSPHATE_CATABOLIC_PROCESS	6		Rejected!	
GOBP_PYRIMIDINE_NUCLEOSIDE_DIPHOSPHATE_METABOLIC_PROCESS	8		Rejected!	
GOBP_PYRIMIDINE_NUCLEOSIDE_DIPHOSPHATE_BIOSYNTHETIC_PROCESS	6		Rejected!	
GOBP_NUCLEOSIDE_TRIPHOSPHATE_METABOLIC_PROCESS	111	59		
GOBP_NUCLEOSIDE_TRIPHOSPHATE_BIOSYNTHETIC_PROCESS	85	40		
GOBP_NUCLEOSIDE_TRIPHOSPHATE_CATABOLIC_PROCESS	13		Rejected!	
GOBP_PURINE_NUCLEOSIDE_TRIPHOSPHATE_CATABOLIC_PROCESS	5		Rejected!	
GOBP_PYRIMIDINE_NUCLEOSIDE_TRIPHOSPHATE_METABOLIC_PROCESS	25	19		
GOBP_PYRIMIDINE_NUCLEOSIDE_TRIPHOSPHATE_BIOSYNTHETIC_PROCESS	19	15		
GOBP_PURINE_DEOXYRIBONUCLEOTIDE_METABOLIC_PROCESS	16		Rejected!	
GOBP_PURINE_DEOXYRIBONUCLEOTIDE_BIOSYNTHETIC_PROCESS	5		Rejected!	
GOBP_PURINE_DEOXYRIBONUCLEOTIDE_CATABOLIC_PROCESS	10		Rejected!	
GOBP_RIBONUCLEOSIDE_MONOPHOSPHATE_BIOSYNTHETIC_PROCESS	34	27		
GOBP_DEOXYRIBONUCLEOSIDE_MONOPHOSPHATE_BIOSYNTHETIC_PROCESS	10		Rejected!	
GOBP_RIBONUCLEOSIDE_MONOPHOSPHATE_CATABOLIC_PROCESS	15		Rejected!	
GOBP_DEOXYRIBONUCLEOSIDE_MONOPHOSPHATE_CATABOLIC_PROCESS	14		Rejected!	
GOBP_RIBONUCLEOSIDE_MONOPHOSPHATE_METABOLIC_PROCESS	60	41		
GOBP_DEOXYRIBONUCLEOSIDE_MONOPHOSPHATE_METABOLIC_PROCESS	24	15		
GOBP_NUCLEOSIDE_CATABOLIC_PROCESS	26		Rejected!	
GOBP_PURINE_DEOXYRIBONUCLEOSIDE_MONOPHOSPHATE_METABOLIC_PROCESS	9		Rejected!	
GOBP_PURINE_DEOXYRIBONUCLEOSIDE_MONOPHOSPHATE_CATABOLIC_PROCESS	6		Rejected!	
GOBP_PYRIMIDINE_RIBONUCLEOSIDE_MONOPHOSPHATE_METABOLIC_PROCESS	15		Rejected!	
GOBP_PYRIMIDINE_DEOXYRIBONUCLEOSIDE_MONOPHOSPHATE_METABOLIC_PROCESS	13		Rejected!	
GOBP_PYRIMIDINE_DEOXYRIBONUCLEOSIDE_MONOPHOSPHATE_BIOSYNTHETIC_PROCESS	5		Rejected!	
GOBP_RIBONUCLEOSIDE_DIPHOSPHATE_METABOLIC_PROCESS	112	76		
GOBP_DEOXYRIBONUCLEOSIDE_DIPHOSPHATE_METABOLIC_PROCESS	6		Rejected!	
GOBP_CYCLIC_NUCLEOTIDE_METABOLIC_PROCESS	39		Rejected!	
GOBP_RIBONUCLEOSIDE_DIPHOSPHATE_BIOSYNTHETIC_PROCESS	9		Rejected!	
GOBP_CYCLIC_NUCLEOTIDE_BIOSYNTHETIC_PROCESS	22		Rejected!	
GOBP_RIBONUCLEOSIDE_DIPHOSPHATE_CATABOLIC_PROCESS	8		Rejected!	
GOBP_PYRIMIDINE_RIBONUCLEOSIDE_DIPHOSPHATE_METABOLIC_PROCESS	6		Rejected!	
GOBP_RIBONUCLEOSIDE_TRIPHOSPHATE_METABOLIC_PROCESS	89	44		
GOBP_DEOXYRIBONUCLEOSIDE_TRIPHOSPHATE_METABOLIC_PROCESS	16		Rejected!	
GOBP_RIBONUCLEOSIDE_TRIPHOSPHATE_BIOSYNTHETIC_PROCESS	74	33		
GOBP_DEOXYRIBONUCLEOSIDE_TRIPHOSPHATE_BIOSYNTHETIC_PROCESS	6		Rejected!	
GOBP_DEOXYRIBONUCLEOSIDE_TRIPHOSPHATE_CATABOLIC_PROCESS	8		Rejected!	
GOBP_PYRIMIDINE_RIBONUCLEOSIDE_TRIPHOSPHATE_METABOLIC_PROCESS	18		Rejected!	
GOBP_PYRIMIDINE_RIBONUCLEOSIDE_TRIPHOSPHATE_BIOSYNTHETIC_PROCESS	15		Rejected!	
GOBP_PYRIMIDINE_DEOXYRIBONUCLEOSIDE_TRIPHOSPHATE_METABOLIC_PROCESS	7		Rejected!	
GOBP_CYCLIC_NUCLEOTIDE_CATABOLIC_PROCESS	13		Rejected!	
GOBP_PURINE_DEOXYRIBONUCLEOSIDE_TRIPHOSPHATE_METABOLIC_PROCESS	7		Rejected!	
GOBP_PYRIMIDINE_RIBONUCLEOTIDE_METABOLIC_PROCESS	30	18		
GOBP_PYRIMIDINE_DEOXYRIBONUCLEOTIDE_METABOLIC_PROCESS	25	16		
GOBP_PYRIMIDINE_RIBONUCLEOTIDE_BIOSYNTHETIC_PROCESS	23	15		
GOBP_PYRIMIDINE_DEOXYRIBONUCLEOTIDE_BIOSYNTHETIC_PROCESS	8		Rejected!	
GOBP_PYRIMIDINE_RIBONUCLEOTIDE_CATABOLIC_PROCESS	7		Rejected!	
GOBP_NUCLEOTIDE_SUGAR_METABOLIC_PROCESS	33	27		
GOBP_NUCLEOTIDE_SUGAR_BIOSYNTHETIC_PROCESS	17		Rejected!	
GOBP_MENAQUINONE_METABOLIC_PROCESS	5		Rejected!	
GOBP_COBALAMIN_METABOLIC_PROCESS	14		Rejected!	
GOBP_ISOPENTENYL_DIPHOSPHATE_BIOSYNTHETIC_PROCESS	5		Rejected!	
GOBP_GLYCOLIPID_BIOSYNTHETIC_PROCESS	71	48		
GOBP_PROTEIN_LIPOYLATION	6		Rejected!	
GOBP_GLUCAN_BIOSYNTHETIC_PROCESS	46	24		
GOBP_10_FORMYLTETRAHYDROFOLATE_METABOLIC_PROCESS	6		Rejected!	
GOBP_RIBONUCLEOTIDE_CATABOLIC_PROCESS	47	28		
GOBP_DEOXYRIBONUCLEOTIDE_BIOSYNTHETIC_PROCESS	16		Rejected!	
GOBP_RESPONSE_TO_TEMPERATURE_STIMULUS	179	92		
GOBP_CELLULAR_RESPONSE_TO_STARVATION	160	110		
GOBP_RESPONSE_TO_PH	45	17		
GOBP_MRNA_TRANSCRIPTION	41	33		
GOBP_SNRNA_TRANSCRIPTION	19	17		
GOBP_RRNA_TRANSCRIPTION	34	26		
GOBP_TRNA_TRANSCRIPTION	8		Rejected!	
GOBP_AMINE_METABOLIC_PROCESS	122	46		
GOBP_AMINE_BIOSYNTHETIC_PROCESS	41		Rejected!	
GOBP_AMINE_CATABOLIC_PROCESS	30		Rejected!	
GOBP_OLIGOSACCHARIDE_METABOLIC_PROCESS	63	32		
GOBP_OLIGOSACCHARIDE_BIOSYNTHETIC_PROCESS	28		Rejected!	
GOBP_OLIGOSACCHARIDE_CATABOLIC_PROCESS	13		Rejected!	
GOBP_RESPONSE_TO_RADIATION	438	267		
GOBP_PHOSPHOLIPID_CATABOLIC_PROCESS	53	27		
GOBP_FOLIC_ACID_CONTAINING_COMPOUND_BIOSYNTHETIC_PROCESS	10		Rejected!	
GOBP_FOLIC_ACID_CONTAINING_COMPOUND_CATABOLIC_PROCESS	5		Rejected!	
GOBP_TOXIN_METABOLIC_PROCESS	17		Rejected!	
GOBP_RESPONSE_TO_HEAT	108	63		
GOBP_RESPONSE_TO_COLD	51	28		
GOBP_RESPONSE_TO_XENOBIOTIC_STIMULUS	411	173		
GOBP_RESPONSE_TO_UV	147	108		
GOBP_RESPONSE_TO_WATER_DEPRIVATION	6		Rejected!	
GOBP_RESPONSE_TO_WATER	13		Rejected!	
GOBP_RESPONSE_TO_LIGHT_STIMULUS	310	176		
GOBP_CARNITINE_METABOLIC_PROCESS	13		Rejected!	
GOBP_METHYLGLYOXAL_METABOLIC_PROCESS	5		Rejected!	
GOBP_PUTRESCINE_METABOLIC_PROCESS	8		Rejected!	
GOBP_PUTRESCINE_BIOSYNTHETIC_PROCESS	5		Rejected!	
GOBP_GAMMA_AMINOBUTYRIC_ACID_METABOLIC_PROCESS	5		Rejected!	
GOBP_RNA_MODIFICATION	166	131		
GOBP_FERTILIZATION	197	61		
GOBP_DETECTION_OF_ABIOTIC_STIMULUS	138	34		
GOBP_DETECTION_OF_LIGHT_STIMULUS	66	15		
GOBP_DETECTION_OF_VISIBLE_LIGHT	51		Rejected!	
GOBP_DETECTION_OF_BIOTIC_STIMULUS	37		Rejected!	
GOBP_DETECTION_OF_VIRUS	6		Rejected!	
GOBP_RESPONSE_TO_SYMBIONT	5		Rejected!	
GOBP_RESPONSE_TO_WOUNDING	561	240		
GOBP_RESPONSE_TO_MECHANICAL_STIMULUS	201	90		
GOBP_RESPONSE_TO_VIRUS	391	240		
GOBP_RESPONSE_TO_BACTERIUM	750	245		
GOBP_RESPONSE_TO_FUNGUS	64	19		
GOBP_RESPONSE_TO_ABIOTIC_STIMULUS	1102		Rejected!	
GOBP_RESPONSE_TO_GRAVITY	8		Rejected!	
GOBP_RESPONSE_TO_HERBICIDE	5		Rejected!	
GOBP_RESPONSE_TO_TOXIC_SUBSTANCE	247	101		
GOBP_RESPONSE_TO_BLUE_LIGHT	6		Rejected!	
GOBP_RESPONSE_TO_LIGHT_INTENSITY	16		Rejected!	
GOBP_PHOTOPERIODISM	33	24		
GOBP_ENTRAINMENT_OF_CIRCADIAN_CLOCK	34	26		
GOBP_UV_PROTECTION	13		Rejected!	
GOBP_RESPONSE_TO_SALT_STRESS	27		Rejected!	
GOBP_PHENYLPROPANOID_METABOLIC_PROCESS	8		Rejected!	
GOBP_CATECHOL_CONTAINING_COMPOUND_METABOLIC_PROCESS	58	18		
GOBP_CATECHOL_CONTAINING_COMPOUND_BIOSYNTHETIC_PROCESS	22		Rejected!	
GOBP_RESPONSE_TO_ENDOGENOUS_STIMULUS	1597		Rejected!	
GOBP_RESPONSE_TO_HORMONE	842	443		
GOBP_RESPONSE_TO_CARBOHYDRATE	227	105		
GOBP_RESPONSE_TO_FRUCTOSE	7		Rejected!	
GOBP_HORMONE_MEDIATED_SIGNALING_PATHWAY	190	108		
GOBP_CARBOHYDRATE_MEDIATED_SIGNALING	9		Rejected!	
GOBP_REGULATION_OF_ASYMMETRIC_CELL_DIVISION	5		Rejected!	
GOBP_EMBRYO_DEVELOPMENT	1090		Rejected!	
GOBP_POST_EMBRYONIC_DEVELOPMENT	87	49		
GOBP_EMBRYO_DEVELOPMENT_ENDING_IN_BIRTH_OR_EGG_HATCHING	662	345		
GOBP_AXIS_SPECIFICATION	94	35		
GOBP_SPECIFICATION_OF_SYMMETRY	139	52		
GOBP_FLAVONOID_METABOLIC_PROCESS	16		Rejected!	
GOBP_ALKALOID_METABOLIC_PROCESS	8		Rejected!	
GOBP_ABSCISSION	6		Rejected!	
GOBP_EMBRYONIC_PATTERN_SPECIFICATION	74	21		
GOBP_POST_EMBRYONIC_ANIMAL_MORPHOGENESIS	14		Rejected!	
GOBP_ANIMAL_ORGAN_MORPHOGENESIS	1037	355		
GOBP_TISSUE_DEVELOPMENT	1916		Rejected!	
GOBP_NEGATIVE_REGULATION_OF_BIOSYNTHETIC_PROCESS	1693		Rejected!	
GOBP_REGULATION_OF_CATABOLIC_PROCESS	980		Rejected!	
GOBP_NEGATIVE_REGULATION_OF_CATABOLIC_PROCESS	326	210		
GOBP_POSITIVE_REGULATION_OF_CATABOLIC_PROCESS	513	363		
GOBP_EPIDERMAL_CELL_DIFFERENTIATION	205	72		
GOBP_HORMONE_TRANSPORT	293	116		
GOBP_ANTERIOR_POSTERIOR_AXIS_SPECIFICATION	57	16		
GOBP_DORSAL_VENTRAL_AXIS_SPECIFICATION	12		Rejected!	
GOBP_ANTERIOR_POSTERIOR_PATTERN_SPECIFICATION	214	64		
GOBP_DORSAL_VENTRAL_PATTERN_FORMATION	89	30		
GOBP_PROXIMAL_DISTAL_PATTERN_FORMATION	34		Rejected!	
GOBP_CELL_CELL_RECOGNITION	70	30		
GOBP_RESPONSE_TO_EXTRACELLULAR_STIMULUS	479	255		
GOBP_CELLULAR_WATER_HOMEOSTASIS	6		Rejected!	
GOBP_OOCYTE_DIFFERENTIATION	58	20		
GOBP_NEGATIVE_REGULATION_OF_CELL_FATE_SPECIFICATION	5		Rejected!	
GOBP_GLIAL_CELL_DIFFERENTIATION	218	97		
GOBP_CARDIOBLAST_DIFFERENTIATION	20		Rejected!	
GOBP_MEIOTIC_CHROMOSOME_CONDENSATION	6		Rejected!	
GOBP_RESPONSE_TO_INORGANIC_SUBSTANCE	538	266		
GOBP_RESPONSE_TO_METAL_ION	350	171		
GOBP_RESPONSE_TO_IRON_ION	31	15		
GOBP_RESPONSE_TO_IRON_II_ION	6		Rejected!	
GOBP_RESPONSE_TO_MANGANESE_ION	22		Rejected!	
GOBP_RESPONSE_TO_ZINC_ION	53	22		
GOBP_SPECIFICATION_OF_ANIMAL_ORGAN_IDENTITY	37		Rejected!	
GOBP_REGULATION_OF_PROTON_TRANSPORT	24	16		
GOBP_RESPONSE_TO_X_RAY	32	21		
GOBP_BODY_MORPHOGENESIS	45	22		
GOBP_EMBRYONIC_BODY_MORPHOGENESIS	10		Rejected!	
GOBP_SUGAR_MEDIATED_SIGNALING_PATHWAY	7		Rejected!	
GOBP_RESPONSE_TO_OZONE	6		Rejected!	
GOBP_RESPONSE_TO_IONIZING_RADIATION	143	112		
GOBP_MAINTENANCE_OF_DNA_METHYLATION	7		Rejected!	
GOBP_RESPONSE_TO_UV_B	16		Rejected!	
GOBP_RESPONSE_TO_UV_C	14		Rejected!	
GOBP_RESPONSE_TO_LITHIUM_ION	22		Rejected!	
GOBP_VASCULAR_TRANSPORT	87	39		
GOBP_ESTABLISHMENT_OR_MAINTENANCE_OF_TRANSMEMBRANE_ELECTROCHEMICAL_GRADIENT	9		Rejected!	
GOBP_ENDOMEMBRANE_SYSTEM_ORGANIZATION	547	356		
GOBP_NADH_DEHYDROGENASE_COMPLEX_ASSEMBLY	58	46		
GOBP_MULTICELLULAR_ORGANISM_AGING	42	21		
GOBP_RESPONSE_TO_SELENIUM_ION	12		Rejected!	
GOBP_DETOXIFICATION_OF_COPPER_ION	15		Rejected!	
GOBP_HEAT_ACCLIMATION	6		Rejected!	
GOBP_RESPONSE_TO_LEAD_ION	20		Rejected!	
GOBP_REGULATION_OF_HYDROGEN_PEROXIDE_METABOLIC_PROCESS	20		Rejected!	
GOBP_MEMBRANE_INVAGINATION	137	40		
GOBP_RESPONSE_TO_GAMMA_RADIATION	56	47		
GOBP_REGULATION_OF_ANION_CHANNEL_ACTIVITY	9		Rejected!	
GOBP_COP9_SIGNALOSOME_ASSEMBLY	5		Rejected!	
GOBP_HISTONE_MONOUBIQUITINATION	29	26		
GOBP_FATTY_ACID_OMEGA_OXIDATION	6		Rejected!	
GOBP_RESPONSE_TO_ACIDIC_PH	29		Rejected!	
GOBP_HISTONE_H3_K36_METHYLATION	15		Rejected!	
GOBP_REGULATION_OF_CELL_FATE_COMMITMENT	29		Rejected!	
GOBP_NEGATIVE_REGULATION_OF_CELL_FATE_COMMITMENT	11		Rejected!	
GOBP_POSITIVE_REGULATION_OF_CELL_FATE_COMMITMENT	12		Rejected!	
GOBP_CENTRIOLE_CENTRIOLE_COHESION	14		Rejected!	
GOBP_EXIT_FROM_MITOSIS	30	25		
GOBP_NEGATIVE_REGULATION_OF_HEART_RATE	12		Rejected!	
GOBP_POSITIVE_REGULATION_OF_HEART_RATE	27		Rejected!	
GOBP_MESENCHYMAL_CELL_PROLIFERATION	41		Rejected!	
GOBP_REGULATION_OF_MESENCHYMAL_CELL_PROLIFERATION	29		Rejected!	
GOBP_NEGATIVE_REGULATION_OF_PEPTIDASE_ACTIVITY	260	90		
GOBP_REGULATION_OF_SIGNALING_RECEPTOR_ACTIVITY	173	62		
GOBP_REGULATION_OF_GASTRULATION	17		Rejected!	
GOBP_INTERCELLULAR_TRANSPORT	9		Rejected!	
GOBP_PROTEASOMAL_PROTEIN_CATABOLIC_PROCESS	494	399		
GOBP_RNA_SECONDARY_STRUCTURE_UNWINDING	8		Rejected!	
GOBP_REGULATION_OF_AUTOPHAGY	339	245		
GOBP_NEGATIVE_REGULATION_OF_AUTOPHAGY	87	60		
GOBP_POSITIVE_REGULATION_OF_AUTOPHAGY	136	99		
GOBP_REGULATION_OF_PHOSPHATIDYLINOSITOL_BIOSYNTHETIC_PROCESS	5		Rejected!	
GOBP_REGULATION_OF_PHOSPHOLIPASE_ACTIVITY	68	29		
GOBP_POSITIVE_REGULATION_OF_PHOSPHOLIPASE_ACTIVITY	56	24		
GOBP_NEGATIVE_REGULATION_OF_PHOSPHOLIPASE_ACTIVITY	8		Rejected!	
GOBP_REGULATION_OF_CALCIUM_ION_TRANSPORT_INTO_CYTOSOL	103	39		
GOBP_NEGATIVE_REGULATION_OF_CALCIUM_ION_TRANSPORT_INTO_CYTOSOL	21		Rejected!	
GOBP_POSITIVE_REGULATION_OF_CALCIUM_ION_TRANSPORT_INTO_CYTOSOL	54	20		
GOBP_REGULATION_OF_TRANSPOSITION	27		Rejected!	
GOBP_REGULATION_OF_ACTIVATION_OF_JANUS_KINASE_ACTIVITY	9		Rejected!	
GOBP_POSITIVE_REGULATION_OF_ACTIVATION_OF_JANUS_KINASE_ACTIVITY	7		Rejected!	
GOBP_REGULATION_OF_PLATELET_ACTIVATION	48	16		
GOBP_NEGATIVE_REGULATION_OF_PLATELET_ACTIVATION	19		Rejected!	
GOBP_POSITIVE_REGULATION_OF_PHOSPHORUS_METABOLIC_PROCESS	887	423		
GOBP_NEGATIVE_REGULATION_OF_PHOSPHORUS_METABOLIC_PROCESS	442	264		
GOBP_REGULATION_OF_CELL_CYCLE_PROCESS	688	467		
GOBP_REGULATION_OF_CELLULAR_KETONE_METABOLIC_PROCESS	132	61		
GOBP_REGULATION_OF_KETONE_BIOSYNTHETIC_PROCESS	17		Rejected!	
GOBP_REGULATION_OF_DOUBLE_STRAND_BREAK_REPAIR_VIA_HOMOLOGOUS_RECOMBINATION	70	57		
GOBP_POSITIVE_REGULATION_OF_NUCLEAR_CELL_CYCLE_DNA_REPLICATION	6		Rejected!	
GOBP_POSITIVE_REGULATION_OF_PLATELET_ACTIVATION	9		Rejected!	
GOBP_VASCULAR_ENDOTHELIAL_GROWTH_FACTOR_PRODUCTION	63		Rejected!	
GOBP_POSITIVE_REGULATION_OF_VASCULAR_ENDOTHELIAL_GROWTH_FACTOR_PRODUCTION	29		Rejected!	
GOBP_MIRNA_METABOLIC_PROCESS	27	19		
GOBP_MIRNA_CATABOLIC_PROCESS	12		Rejected!	
GOBP_REGULATION_OF_LAMELLIPODIUM_ASSEMBLY	41	23		
GOBP_POSITIVE_REGULATION_OF_LAMELLIPODIUM_ASSEMBLY	28	18		
GOBP_NEGATIVE_REGULATION_OF_LAMELLIPODIUM_ASSEMBLY	6		Rejected!	
GOBP_REGULATION_OF_ENDOTHELIAL_CELL_MIGRATION	231	83		
GOBP_POSITIVE_REGULATION_OF_ENDOTHELIAL_CELL_MIGRATION	132	55		
GOBP_REGULATION_OF_CYTOPLASMIC_MRNA_PROCESSING_BODY_ASSEMBLY	7		Rejected!	
GOBP_POSTTRANSCRIPTIONAL_REGULATION_OF_GENE_EXPRESSION	1078	400		
GOBP_REGULATION_OF_CARDIAC_MUSCLE_ADAPTATION	18		Rejected!	
GOBP_POSITIVE_REGULATION_OF_CARDIAC_MUSCLE_ADAPTATION	9		Rejected!	
GOBP_NEGATIVE_REGULATION_OF_CARDIAC_MUSCLE_ADAPTATION	9		Rejected!	
GOBP_PROGRAMMED_CELL_DEATH_INVOLVED_IN_CELL_DEVELOPMENT	13		Rejected!	
GOBP_NEGATIVE_REGULATION_OF_SCHWANN_CELL_PROLIFERATION	6		Rejected!	
GOBP_POSITIVE_REGULATION_OF_GENE_EXPRESSION	1147		Rejected!	
GOBP_NEGATIVE_REGULATION_OF_GENE_EXPRESSION	1530		Rejected!	
GOBP_REGULATION_OF_EPITHELIAL_CELL_MIGRATION	291	117		
GOBP_NEGATIVE_REGULATION_OF_EPITHELIAL_CELL_MIGRATION	112	32		
GOBP_POSITIVE_REGULATION_OF_EPITHELIAL_CELL_MIGRATION	175	79		
GOBP_REGULATION_OF_MITOCHONDRIAL_FUSION	12		Rejected!	
GOBP_NEGATIVE_REGULATION_OF_MITOCHONDRIAL_FUSION	8		Rejected!	
GOBP_POSITIVE_REGULATION_OF_ORGANELLE_ORGANIZATION	487	323		
GOBP_NEGATIVE_REGULATION_OF_ORGANELLE_ORGANIZATION	351	232		
GOBP_REGULATION_OF_PLATELET_DERIVED_GROWTH_FACTOR_RECEPTOR_SIGNALING_PATHWAY	23		Rejected!	
GOBP_POSITIVE_REGULATION_OF_PLATELET_DERIVED_GROWTH_FACTOR_RECEPTOR_SIGNALING_PATHWAY	6		Rejected!	
GOBP_NEGATIVE_REGULATION_OF_PLATELET_DERIVED_GROWTH_FACTOR_RECEPTOR_SIGNALING_PATHWAY	12		Rejected!	
GOBP_CELL_COMMUNICATION_BY_ELECTRICAL_COUPLING	34		Rejected!	
GOBP_REGULATION_OF_CELL_COMMUNICATION_BY_ELECTRICAL_COUPLING	16		Rejected!	
GOBP_NEGATIVE_REGULATION_OF_MUSCLE_CELL_APOPTOTIC_PROCESS	49	19		
GOBP_MUSCLE_CELL_APOPTOTIC_PROCESS	87	36		
GOBP_STRIATED_MUSCLE_CELL_APOPTOTIC_PROCESS	53	20		
GOBP_POSITIVE_REGULATION_OF_MUSCLE_CELL_APOPTOTIC_PROCESS	33		Rejected!	
GOBP_POSITIVE_REGULATION_OF_STRIATED_MUSCLE_CELL_APOPTOTIC_PROCESS	17		Rejected!	
GOBP_NEGATIVE_REGULATION_OF_STRIATED_MUSCLE_CELL_APOPTOTIC_PROCESS	31		Rejected!	
GOBP_ECTODERMAL_CELL_DIFFERENTIATION	7		Rejected!	
GOBP_EPITHELIAL_STRUCTURE_MAINTENANCE	32		Rejected!	
GOBP_REGULATION_OF_CELLULAR_CARBOHYDRATE_METABOLIC_PROCESS	150	84		
GOBP_POSITIVE_REGULATION_OF_CELLULAR_CARBOHYDRATE_METABOLIC_PROCESS	56	23		
GOBP_REGULATION_OF_ALKALINE_PHOSPHATASE_ACTIVITY	9		Rejected!	
GOBP_POSITIVE_REGULATION_OF_ALKALINE_PHOSPHATASE_ACTIVITY	6		Rejected!	
GOBP_NEGATIVE_REGULATION_OF_NOREPINEPHRINE_SECRETION	5		Rejected!	
GOBP_GANGLIOSIDE_BIOSYNTHETIC_PROCESS_VIA_LACTOSYLCERAMIDE	5		Rejected!	
GOBP_REGULATION_OF_COLLAGEN_METABOLIC_PROCESS	43	15		
GOBP_NEGATIVE_REGULATION_OF_COLLAGEN_METABOLIC_PROCESS	13		Rejected!	
GOBP_POSITIVE_REGULATION_OF_COLLAGEN_METABOLIC_PROCESS	26		Rejected!	
GOBP_REGULATION_OF_EXTRACELLULAR_MATRIX_DISASSEMBLY	16		Rejected!	
GOBP_NEGATIVE_REGULATION_OF_EXTRACELLULAR_MATRIX_DISASSEMBLY	5		Rejected!	
GOBP_REGULATION_OF_EPITHELIAL_TO_MESENCHYMAL_TRANSITION	102	42		
GOBP_POSITIVE_REGULATION_OF_EPITHELIAL_TO_MESENCHYMAL_TRANSITION	53	22		
GOBP_NEGATIVE_REGULATION_OF_EPITHELIAL_TO_MESENCHYMAL_TRANSITION	40		Rejected!	
GOBP_POSITIVE_REGULATION_OF_CELL_DEVELOPMENT	297	147		
GOBP_NEGATIVE_REGULATION_OF_CELL_DEVELOPMENT	180	68		
GOBP_POSITIVE_REGULATION_OF_HYDROGEN_PEROXIDE_METABOLIC_PROCESS	7		Rejected!	
GOBP_NEGATIVE_REGULATION_OF_HYDROGEN_PEROXIDE_METABOLIC_PROCESS	7		Rejected!	
GOBP_REGULATION_OF_HYDROGEN_PEROXIDE_BIOSYNTHETIC_PROCESS	9		Rejected!	
GOBP_PROTEIN_KINASE_A_SIGNALING	35		Rejected!	
GOBP_REGULATION_OF_PROTEIN_KINASE_A_SIGNALING	19		Rejected!	
GOBP_POSITIVE_REGULATION_OF_PROTEIN_KINASE_A_SIGNALING	11		Rejected!	
GOBP_REGULATION_OF_MACROPHAGE_DERIVED_FOAM_CELL_DIFFERENTIATION	32		Rejected!	
GOBP_POSITIVE_REGULATION_OF_MACROPHAGE_DERIVED_FOAM_CELL_DIFFERENTIATION	19		Rejected!	
GOBP_NEGATIVE_REGULATION_OF_MACROPHAGE_DERIVED_FOAM_CELL_DIFFERENTIATION	13		Rejected!	
GOBP_REGULATION_OF_LONG_CHAIN_FATTY_ACID_IMPORT_ACROSS_PLASMA_MEMBRANE	6		Rejected!	
GOBP_REGULATION_OF_NITRIC_OXIDE_MEDIATED_SIGNAL_TRANSDUCTION	10		Rejected!	
GOBP_POSITIVE_REGULATION_OF_NITRIC_OXIDE_MEDIATED_SIGNAL_TRANSDUCTION	5		Rejected!	
GOBP_REGULATION_OF_CGMP_MEDIATED_SIGNALING	14		Rejected!	
GOBP_POSITIVE_REGULATION_OF_CGMP_MEDIATED_SIGNALING	7		Rejected!	
GOBP_NEGATIVE_REGULATION_OF_CGMP_MEDIATED_SIGNALING	6		Rejected!	
GOBP_REGULATION_OF_PLASMINOGEN_ACTIVATION	15		Rejected!	
GOBP_POSITIVE_REGULATION_OF_PLASMINOGEN_ACTIVATION	8		Rejected!	
GOBP_NEGATIVE_REGULATION_OF_PLASMINOGEN_ACTIVATION	6		Rejected!	
GOBP_REGULATION_OF_MACROPHAGE_CHEMOTAXIS	27		Rejected!	
GOBP_POSITIVE_REGULATION_OF_MACROPHAGE_CHEMOTAXIS	18		Rejected!	
GOBP_NEGATIVE_REGULATION_OF_MACROPHAGE_CHEMOTAXIS	7		Rejected!	
GOBP_FIBROBLAST_MIGRATION	47	33		
GOBP_REGULATION_OF_FIBROBLAST_MIGRATION	35	22		
GOBP_POSITIVE_REGULATION_OF_FIBROBLAST_MIGRATION	15		Rejected!	
GOBP_NEGATIVE_REGULATION_OF_FIBROBLAST_MIGRATION	8		Rejected!	
GOBP_POSITIVE_REGULATION_OF_SODIUM_ION_TRANSPORT	33		Rejected!	
GOBP_NEGATIVE_REGULATION_OF_SODIUM_ION_TRANSPORT	21		Rejected!	
GOBP_REGULATION_OF_CELL_MORPHOGENESIS_INVOLVED_IN_DIFFERENTIATION	96	56		
GOBP_POSITIVE_REGULATION_OF_CELL_MORPHOGENESIS_INVOLVED_IN_DIFFERENTIATION	79	49		
GOBP_NEGATIVE_REGULATION_OF_CELL_MORPHOGENESIS_INVOLVED_IN_DIFFERENTIATION	13		Rejected!	
GOBP_REGULATION_OF_MRNA_EXPORT_FROM_NUCLEUS	6		Rejected!	
GOBP_REGULATION_OF_PEPTIDYL_THREONINE_PHOSPHORYLATION	44	24		
GOBP_POSITIVE_REGULATION_OF_PEPTIDYL_THREONINE_PHOSPHORYLATION	28	16		
GOBP_NEGATIVE_REGULATION_OF_PEPTIDYL_THREONINE_PHOSPHORYLATION	19		Rejected!	
GOBP_REGULATION_OF_TUMOR_NECROSIS_FACTOR_MEDIATED_SIGNALING_PATHWAY	57	34		
GOBP_NEGATIVE_REGULATION_OF_TUMOR_NECROSIS_FACTOR_MEDIATED_SIGNALING_PATHWAY	28		Rejected!	
GOBP_REGULATION_OF_SYNAPTIC_VESICLE_PRIMING	8		Rejected!	
GOBP_REGULATION_OF_CELL_SUBSTRATE_ADHESION	217	102		
GOBP_POSITIVE_REGULATION_OF_CELL_SUBSTRATE_ADHESION	122	59		
GOBP_NEGATIVE_REGULATION_OF_CELL_SUBSTRATE_ADHESION	66	25		
GOBP_BRADYKININ_CATABOLIC_PROCESS	6		Rejected!	
GOBP_REGULATION_OF_HORMONE_LEVELS	499	188		
GOBP_T_CELL_CHEMOTAXIS	28		Rejected!	
GOBP_REGULATION_OF_T_CELL_CHEMOTAXIS	17		Rejected!	
GOBP_REGULATION_OF_MITOCHONDRION_ORGANIZATION	143	104		
GOBP_POSITIVE_REGULATION_OF_MITOCHONDRION_ORGANIZATION	72	50		
GOBP_NEGATIVE_REGULATION_OF_MITOCHONDRION_ORGANIZATION	48	34		
GOBP_NEGATIVE_REGULATION_OF_CENTROSOME_DUPLICATION	12		Rejected!	
GOBP_REGULATION_OF_GLUCOSE_TRANSMEMBRANE_TRANSPORT	78	38		
GOBP_POSITIVE_REGULATION_OF_GLUCOSE_TRANSMEMBRANE_TRANSPORT	44	22		
GOBP_NEGATIVE_REGULATION_OF_GLUCOSE_TRANSMEMBRANE_TRANSPORT	22		Rejected!	
GOBP_REGULATION_OF_MYOTUBE_DIFFERENTIATION	48	18		
GOBP_POSITIVE_REGULATION_OF_MYOTUBE_DIFFERENTIATION	17		Rejected!	
GOBP_NEGATIVE_REGULATION_OF_MYOTUBE_DIFFERENTIATION	17		Rejected!	
GOBP_TELOMERE_MAINTENANCE_VIA_TELOMERE_LENGTHENING	81	71		
GOBP_REGULATION_OF_PROTEIN_ADP_RIBOSYLATION	9		Rejected!	
GOBP_REGULATION_OF_KERATINOCYTE_PROLIFERATION	37		Rejected!	
GOBP_POSITIVE_REGULATION_OF_KERATINOCYTE_PROLIFERATION	14		Rejected!	
GOBP_NEGATIVE_REGULATION_OF_KERATINOCYTE_PROLIFERATION	15		Rejected!	
GOBP_RETINA_LAYER_FORMATION	25		Rejected!	
GOBP_REGULATION_OF_CHROMATIN_ASSEMBLY	31	22		
GOBP_POSITIVE_REGULATION_OF_PATHWAY_RESTRICTED_SMAD_PROTEIN_PHOSPHORYLATION	49		Rejected!	
GOBP_REGULATION_OF_TRIGLYCERIDE_BIOSYNTHETIC_PROCESS	22		Rejected!	
GOBP_POSITIVE_REGULATION_OF_TRIGLYCERIDE_BIOSYNTHETIC_PROCESS	14		Rejected!	
GOBP_NEGATIVE_REGULATION_OF_TRIGLYCERIDE_BIOSYNTHETIC_PROCESS	5		Rejected!	
GOBP_REGULATION_OF_CHOLESTEROL_ESTERIFICATION	14		Rejected!	
GOBP_POSITIVE_REGULATION_OF_CHOLESTEROL_ESTERIFICATION	9		Rejected!	
GOBP_REGULATION_OF_CHOLESTEROL_EFFLUX	52	17		
GOBP_POSITIVE_REGULATION_OF_CHOLESTEROL_EFFLUX	27		Rejected!	
GOBP_LIPID_LOCALIZATION	469	206		
GOBP_CHOLESTEROL_STORAGE	21		Rejected!	
GOBP_REGULATION_OF_CARDIAC_MUSCLE_CONTRACTION_BY_REGULATION_OF_THE_RELEASE_OF_SEQUESTERED_CALCIUM_ION	22		Rejected!	
GOBP_REGULATION_OF_CARDIAC_MUSCLE_CONTRACTION_BY_CALCIUM_ION_SIGNALING	26		Rejected!	
GOBP_REGULATION_OF_LIPID_STORAGE	55	30		
GOBP_POSITIVE_REGULATION_OF_LIPID_STORAGE	27		Rejected!	
GOBP_POSITIVE_REGULATION_OF_CHOLESTEROL_STORAGE	8		Rejected!	
GOBP_NEGATIVE_REGULATION_OF_CHOLESTEROL_STORAGE	11		Rejected!	
GOBP_NEGATIVE_REGULATION_OF_LIPID_STORAGE	22		Rejected!	
GOBP_REGULATION_OF_SEQUESTERING_OF_TRIGLYCERIDE	15		Rejected!	
GOBP_POSITIVE_REGULATION_OF_SEQUESTERING_OF_TRIGLYCERIDE	9		Rejected!	
GOBP_NEGATIVE_REGULATION_OF_SEQUESTERING_OF_TRIGLYCERIDE	6		Rejected!	
GOBP_POSITIVE_REGULATION_OF_STEROID_BIOSYNTHETIC_PROCESS	23		Rejected!	
GOBP_REGULATION_OF_TRIGLYCERIDE_CATABOLIC_PROCESS	14		Rejected!	
GOBP_NEGATIVE_REGULATION_OF_TRIGLYCERIDE_CATABOLIC_PROCESS	5		Rejected!	
GOBP_POSITIVE_REGULATION_OF_TRIGLYCERIDE_CATABOLIC_PROCESS	9		Rejected!	
GOBP_REGULATION_OF_VERY_LOW_DENSITY_LIPOPROTEIN_PARTICLE_REMODELING	6		Rejected!	
GOBP_REGULATION_OF_GLUCOSE_METABOLIC_PROCESS	123	71		
GOBP_POSITIVE_REGULATION_OF_GLUCOSE_METABOLIC_PROCESS	42	21		
GOBP_REGULATION_OF_ISOMERASE_ACTIVITY	8		Rejected!	
GOBP_REGULATION_OF_VERY_LOW_DENSITY_LIPOPROTEIN_PARTICLE_CLEARANCE	5		Rejected!	
GOBP_POSITIVE_REGULATION_OF_MITOCHONDRIAL_MEMBRANE_POTENTIAL	11		Rejected!	
GOBP_REGULATION_OF_INOSITOL_PHOSPHATE_BIOSYNTHETIC_PROCESS	16		Rejected!	
GOBP_REGULATION_OF_PHOSPHATASE_ACTIVITY	84	52		
GOBP_POSITIVE_REGULATION_OF_PHOSPHATASE_ACTIVITY	36	21		
GOBP_NEGATIVE_REGULATION_OF_PHOSPHATASE_ACTIVITY	37	23		
GOBP_CELLULAR_COMPONENT_ASSEMBLY_INVOLVED_IN_MORPHOGENESIS	112	43		
GOBP_MACROPHAGE_CYTOKINE_PRODUCTION	17		Rejected!	
GOBP_NEGATIVE_REGULATION_OF_MACROPHAGE_CYTOKINE_PRODUCTION	5		Rejected!	
GOBP_REGULATION_OF_NECROTIC_CELL_DEATH	47	24		
GOBP_POSITIVE_REGULATION_OF_NECROTIC_CELL_DEATH	18		Rejected!	
GOBP_REGULATION_OF_CELL_DEATH	1643		Rejected!	
GOBP_POSITIVE_REGULATION_OF_CELL_DEATH	604	331		
GOBP_NEGATIVE_REGULATION_OF_TRANSCRIPTION_BY_COMPETITIVE_PROMOTER_BINDING	10		Rejected!	
GOBP_NEGATIVE_REGULATION_OF_CELL_CYCLE_PROCESS	301	209		
GOBP_POSITIVE_REGULATION_OF_PEPTIDASE_ACTIVITY	195	111		
GOBP_NEGATIVE_REGULATION_OF_VITAMIN_D_BIOSYNTHETIC_PROCESS	5		Rejected!	
GOBP_REGULATION_OF_METAL_ION_TRANSPORT	403	153		
GOBP_MAGNESIUM_ION_HOMEOSTASIS	13		Rejected!	
GOBP_CELLULAR_MAGNESIUM_ION_HOMEOSTASIS	5		Rejected!	
GOBP_REGULATION_OF_GLUCAN_BIOSYNTHETIC_PROCESS	31	16		
GOBP_REGULATION_OF_PHOSPHATE_TRANSPORT	6		Rejected!	
GOBP_REGULATION_OF_MICROTUBULE_NUCLEATION	10		Rejected!	
GOBP_TRANSPORT_ALONG_MICROTUBULE	156	106		
GOBP_REGULATION_OF_NEURON_PROJECTION_DEVELOPMENT	431	201		
GOBP_POSITIVE_REGULATION_OF_NEURON_PROJECTION_DEVELOPMENT	150	75		
GOBP_NEGATIVE_REGULATION_OF_NEURON_PROJECTION_DEVELOPMENT	136	61		
GOBP_REGULATION_OF_HIGH_DENSITY_LIPOPROTEIN_PARTICLE_CLEARANCE	8		Rejected!	
GOBP_REGULATION_OF_LIPOPROTEIN_PARTICLE_CLEARANCE	34		Rejected!	
GOBP_NEGATIVE_REGULATION_OF_LIPOPROTEIN_PARTICLE_CLEARANCE	19		Rejected!	
GOBP_POSITIVE_REGULATION_OF_LIPOPROTEIN_PARTICLE_CLEARANCE	11		Rejected!	
GOBP_REGULATION_OF_LOW_DENSITY_LIPOPROTEIN_PARTICLE_CLEARANCE	22		Rejected!	
GOBP_NEGATIVE_REGULATION_OF_LOW_DENSITY_LIPOPROTEIN_PARTICLE_CLEARANCE	15		Rejected!	
GOBP_REGULATION_OF_SMAD_PROTEIN_COMPLEX_ASSEMBLY	6		Rejected!	
GOBP_NEGATIVE_REGULATION_OF_SMAD_PROTEIN_COMPLEX_ASSEMBLY	5		Rejected!	
GOBP_UBIQUITIN_RECYCLING	12		Rejected!	
GOBP_FREE_UBIQUITIN_CHAIN_POLYMERIZATION	9		Rejected!	
GOBP_RESPONSE_TO_AUDITORY_STIMULUS	27		Rejected!	
GOBP_REGULATION_OF_TRANSLATIONAL_INITIATION_BY_EIF2_ALPHA_PHOSPHORYLATION	10		Rejected!	
GOBP_PROGRAMMED_CELL_DEATH	1950		Rejected!	
GOBP_ASTROCYTE_DEVELOPMENT	43	18		
GOBP_OLIGODENDROCYTE_DEVELOPMENT	42	15		
GOBP_MICROGLIA_DIFFERENTIATION	6		Rejected!	
GOBP_GLIAL_CELL_PROLIFERATION	44	20		
GOBP_SCHWANN_CELL_PROLIFERATION	10		Rejected!	
GOBP_PERIPHERAL_NERVOUS_SYSTEM_AXON_REGENERATION	9		Rejected!	
GOBP_REGULATION_OF_GLIOGENESIS	100	44		
GOBP_NEGATIVE_REGULATION_OF_GLIOGENESIS	41		Rejected!	
GOBP_POSITIVE_REGULATION_OF_GLIOGENESIS	64	31		
GOBP_NEUROBLAST_DIFFERENTIATION	5		Rejected!	
GOBP_NEURAL_CREST_FORMATION	15		Rejected!	
GOBP_MESENCHYMAL_CELL_DEVELOPMENT	89	29		
GOBP_NEURAL_CREST_CELL_DIFFERENTIATION	96	33		
GOBP_NEURAL_CREST_CELL_FATE_COMMITMENT	6		Rejected!	
GOBP_SCHWANN_CELL_DIFFERENTIATION	37	22		
GOBP_REGULATION_OF_NEURON_MATURATION	8		Rejected!	
GOBP_SCHWANN_CELL_DEVELOPMENT	31	16		
GOBP_DOPAMINE_SECRETION	37		Rejected!	
GOBP_GLUTAMATE_SECRETION	25		Rejected!	
GOBP_REGULATION_OF_GLUTAMATE_SECRETION	19		Rejected!	
GOBP_POSITIVE_REGULATION_OF_GLUTAMATE_SECRETION	12		Rejected!	
GOBP_NEGATIVE_REGULATION_OF_GLUTAMATE_SECRETION	5		Rejected!	
GOBP_GAMMA_AMINOBUTYRIC_ACID_SECRETION	11		Rejected!	
GOBP_REGULATION_OF_GAMMA_AMINOBUTYRIC_ACID_SECRETION	8		Rejected!	
GOBP_REGULATION_OF_SEROTONIN_SECRETION	7		Rejected!	
GOBP_NEGATIVE_REGULATION_OF_SEROTONIN_SECRETION	5		Rejected!	
GOBP_PHOSPHATIDYLINOSITOL_3_KINASE_SIGNALING	144	70		
GOBP_REGULATION_OF_PHOSPHATIDYLINOSITOL_3_KINASE_SIGNALING	111	49		
GOBP_NEGATIVE_REGULATION_OF_PHOSPHATIDYLINOSITOL_3_KINASE_SIGNALING	19		Rejected!	
GOBP_POSITIVE_REGULATION_OF_PHOSPHATIDYLINOSITOL_3_KINASE_SIGNALING	79	33		
GOBP_RESPONSE_TO_ORGANIC_CYCLIC_COMPOUND	901	440		
GOBP_RESPONSE_TO_ISOQUINOLINE_ALKALOID	28		Rejected!	
GOBP_RESPONSE_TO_PURINE_CONTAINING_COMPOUND	134	57		
GOBP_RESPONSE_TO_AMINE	43	18		
GOBP_SKELETAL_MUSCLE_SATELLITE_CELL_ACTIVATION	8		Rejected!	
GOBP_REGULATION_OF_SKELETAL_MUSCLE_CONTRACTION_BY_CALCIUM_ION_SIGNALING	5		Rejected!	
GOBP_SKELETAL_MUSCLE_ATROPHY	6		Rejected!	
GOBP_REGULATION_OF_SKELETAL_MUSCLE_ADAPTATION	14		Rejected!	
GOBP_NEGATIVE_REGULATION_OF_MUSCLE_HYPERTROPHY	37	16		
GOBP_POSITIVE_REGULATION_OF_MUSCLE_HYPERTROPHY	37	15		
GOBP_REGULATION_OF_MUSCLE_HYPERTROPHY	71	31		
GOBP_POSITIVE_REGULATION_OF_MUSCLE_ADAPTATION	14		Rejected!	
GOBP_NEGATIVE_REGULATION_OF_MUSCLE_ADAPTATION	12		Rejected!	
GOBP_SMOOTH_MUSCLE_ADAPTATION	5		Rejected!	
GOBP_REGULATION_OF_SOMITOGENESIS	6		Rejected!	
GOBP_MUSCLE_CELL_MIGRATION	104	40		
GOBP_SKELETAL_MUSCLE_SATELLITE_CELL_DIFFERENTIATION	7		Rejected!	
GOBP_REGULATION_OF_SKELETAL_MUSCLE_CONTRACTION	16		Rejected!	
GOBP_TONIC_SMOOTH_MUSCLE_CONTRACTION	11		Rejected!	
GOBP_PHASIC_SMOOTH_MUSCLE_CONTRACTION	23		Rejected!	
GOBP_RESPONSE_TO_ACTIVITY	65	30		
GOBP_INTESTINE_SMOOTH_MUSCLE_CONTRACTION	7		Rejected!	
GOBP_VASCULAR_ASSOCIATED_SMOOTH_MUSCLE_CONTRACTION	26		Rejected!	
GOBP_GASTRO_INTESTINAL_SYSTEM_SMOOTH_MUSCLE_CONTRACTION	11		Rejected!	
GOBP_URINARY_BLADDER_SMOOTH_MUSCLE_CONTRACTION	8		Rejected!	
GOBP_URINARY_TRACT_SMOOTH_MUSCLE_CONTRACTION	10		Rejected!	
GOBP_RESPONSE_TO_MUSCLE_ACTIVITY	21		Rejected!	
GOBP_RESPONSE_TO_INACTIVITY	12		Rejected!	
GOBP_STRIATED_MUSCLE_CELL_PROLIFERATION	72	26		
GOBP_SKELETAL_MUSCLE_CELL_PROLIFERATION	15		Rejected!	
GOBP_REGULATION_OF_SKELETAL_MUSCLE_CELL_PROLIFERATION	13		Rejected!	
GOBP_SKELETAL_MYOFIBRIL_ASSEMBLY	9		Rejected!	
GOBP_RESPONSE_TO_MUSCLE_INACTIVITY	9		Rejected!	
GOBP_RESPONSE_TO_STIMULUS_INVOLVED_IN_REGULATION_OF_MUSCLE_ADAPTATION	13		Rejected!	
GOBP_TRANSITION_BETWEEN_FAST_AND_SLOW_FIBER	9		Rejected!	
GOBP_STRIATED_MUSCLE_ADAPTATION	54	19		
GOBP_MUSCLE_ATROPHY	11		Rejected!	
GOBP_STRIATED_MUSCLE_ATROPHY	8		Rejected!	
GOBP_MUSCLE_HYPERTROPHY	101	43		
GOBP_SATELLITE_CELL_ACTIVATION_INVOLVED_IN_SKELETAL_MUSCLE_REGENERATION	5		Rejected!	
GOBP_MYOTUBE_DIFFERENTIATION	124	51		
GOBP_MYOTUBE_CELL_DEVELOPMENT	39		Rejected!	
GOBP_MYOBLAST_FUSION_INVOLVED_IN_SKELETAL_MUSCLE_REGENERATION	5		Rejected!	
GOBP_MYOTUBE_DIFFERENTIATION_INVOLVED_IN_SKELETAL_MUSCLE_REGENERATION	9		Rejected!	
GOBP_SMOOTH_MUSCLE_CELL_MIGRATION	91	32		
GOBP_POSITIVE_REGULATION_OF_SMOOTH_MUSCLE_CELL_MIGRATION	42	15		
GOBP_NEGATIVE_REGULATION_OF_SMOOTH_MUSCLE_CELL_MIGRATION	39		Rejected!	
GOBP_REGULATION_OF_LUNG_BLOOD_PRESSURE	5		Rejected!	
GOBP_HEPARAN_SULFATE_PROTEOGLYCAN_BIOSYNTHETIC_PROCESS	26	18		
GOBP_HEPARAN_SULFATE_PROTEOGLYCAN_BIOSYNTHETIC_PROCESS_POLYSACCHARIDE_CHAIN_BIOSYNTHETIC_PROCESS	8		Rejected!	
GOBP_HEPARAN_SULFATE_PROTEOGLYCAN_BIOSYNTHETIC_PROCESS_ENZYMATIC_MODIFICATION	6		Rejected!	
GOBP_DNA_INTEGRATION	10		Rejected!	
GOBP_GAS_TRANSPORT	21		Rejected!	
GOBP_CARBON_DIOXIDE_TRANSPORT	6		Rejected!	
GOBP_OXYGEN_TRANSPORT	15		Rejected!	
GOBP_COPPER_ION_IMPORT	6		Rejected!	
GOBP_MAGNESIUM_ION_TRANSPORT	18		Rejected!	
GOBP_ORGANIC_CATION_TRANSPORT	37	18		
GOBP_QUATERNARY_AMMONIUM_GROUP_TRANSPORT	15		Rejected!	
GOBP_INORGANIC_ANION_TRANSPORT	185	67		
GOBP_BICARBONATE_TRANSPORT	29		Rejected!	
GOBP_IODIDE_TRANSPORT	6		Rejected!	
GOBP_ORGANIC_ANION_TRANSPORT	362	145		
GOBP_HEXOSE_PHOSPHATE_TRANSPORT	7		Rejected!	
GOBP_MONOCARBOXYLIC_ACID_TRANSPORT	117	33		
GOBP_BILE_ACID_AND_BILE_SALT_TRANSPORT	31		Rejected!	
GOBP_OXALOACETATE_TRANSPORT	5		Rejected!	
GOBP_PROSTAGLANDIN_TRANSPORT	19		Rejected!	
GOBP_TAURINE_TRANSPORT	6		Rejected!	
GOBP_SIALIC_ACID_TRANSPORT	5		Rejected!	
GOBP_C4_DICARBOXYLATE_TRANSPORT	28	15		
GOBP_ALPHA_KETOGLUTARATE_TRANSPORT	5		Rejected!	
GOBP_URATE_TRANSPORT	7		Rejected!	
GOBP_ORGANOPHOSPHATE_ESTER_TRANSPORT	147	87		
GOBP_FRUCTOSE_TRANSMEMBRANE_TRANSPORT	6		Rejected!	
GOBP_NUCLEOTIDE_SUGAR_TRANSMEMBRANE_TRANSPORT	12		Rejected!	
GOBP_POLYOL_TRANSPORT	13		Rejected!	
GOBP_GLYCEROL_TRANSPORT	8		Rejected!	
GOBP_ACIDIC_AMINO_ACID_TRANSPORT	63	28		
GOBP_AROMATIC_AMINO_ACID_TRANSPORT	13		Rejected!	
GOBP_BASIC_AMINO_ACID_TRANSPORT	11		Rejected!	
GOBP_BRANCHED_CHAIN_AMINO_ACID_TRANSPORT	12		Rejected!	
GOBP_NEUTRAL_AMINO_ACID_TRANSPORT	51	24		
GOBP_L_AMINO_ACID_TRANSPORT	69	32		
GOBP_L_ALANINE_TRANSPORT	10		Rejected!	
GOBP_ASPARTATE_TRANSMEMBRANE_TRANSPORT	11		Rejected!	
GOBP_L_CYSTINE_TRANSPORT	5		Rejected!	
GOBP_GAMMA_AMINOBUTYRIC_ACID_TRANSPORT	17		Rejected!	
GOBP_L_GLUTAMATE_TRANSMEMBRANE_TRANSPORT	29		Rejected!	
GOBP_GLYCINE_TRANSPORT	13		Rejected!	
GOBP_LEUCINE_TRANSPORT	8		Rejected!	
GOBP_ORNITHINE_TRANSPORT	7		Rejected!	
GOBP_PROLINE_TRANSPORT	10		Rejected!	
GOBP_L_SERINE_TRANSPORT	9		Rejected!	
GOBP_TRYPTOPHAN_TRANSPORT	5		Rejected!	
GOBP_PEPTIDE_TRANSPORT	249	107		
GOBP_AMINE_TRANSPORT	100	28		
GOBP_AMINO_ACID_BETAINE_TRANSPORT	8		Rejected!	
GOBP_UREA_TRANSPORT	9		Rejected!	
GOBP_MONOAMINE_TRANSPORT	83	21		
GOBP_POLYAMINE_TRANSPORT	8		Rejected!	
GOBP_ORGANIC_ACID_TRANSPORT	323	126		
GOBP_ORGANIC_HYDROXY_COMPOUND_TRANSPORT	286	97		
GOBP_NUCLEOBASE_TRANSPORT	10		Rejected!	
GOBP_PYRIMIDINE_NUCLEOBASE_TRANSPORT	5		Rejected!	
GOBP_NUCLEOSIDE_TRANSPORT	9		Rejected!	
GOBP_PYRIMIDINE_NUCLEOSIDE_TRANSPORT	5		Rejected!	
GOBP_PURINE_NUCLEOTIDE_TRANSPORT	30	20		
GOBP_ADP_TRANSPORT	8		Rejected!	
GOBP_ATP_TRANSPORT	16		Rejected!	
GOBP_CHOLINE_TRANSPORT	9		Rejected!	
GOBP_DOPAMINE_TRANSPORT	51		Rejected!	
GOBP_NOREPINEPHRINE_TRANSPORT	22		Rejected!	
GOBP_CARNITINE_TRANSPORT	6		Rejected!	
GOBP_FOLIC_ACID_TRANSPORT	10		Rejected!	
GOBP_HEME_TRANSPORT	11		Rejected!	
GOBP_THIAMINE_TRANSPORT	5		Rejected!	
GOBP_COBALAMIN_TRANSPORT	8		Rejected!	
GOBP_FATTY_ACID_TRANSPORT	99	36		
GOBP_LONG_CHAIN_FATTY_ACID_TRANSPORT	66	27		
GOBP_LONG_CHAIN_FATTY_ACID_IMPORT_ACROSS_PLASMA_MEMBRANE	10		Rejected!	
GOBP_PHOSPHOLIPID_TRANSPORT	102	56		
GOBP_AMINOPHOSPHOLIPID_TRANSPORT	9		Rejected!	
GOBP_STEROL_TRANSPORT	132	58		
GOBP_NUCLEOBASE_CONTAINING_COMPOUND_TRANSPORT	218	171		
GOBP_COENZYME_A_METABOLIC_PROCESS	18	17		
GOBP_COENZYME_A_BIOSYNTHETIC_PROCESS	11		Rejected!	
GOBP_PANTOTHENATE_METABOLIC_PROCESS	5		Rejected!	
GOBP_FORMATE_METABOLIC_PROCESS	6		Rejected!	
GOBP_NUCLEOBASE_CONTAINING_SMALL_MOLECULE_INTERCONVERSION	8		Rejected!	
GOBP_DIADENOSINE_POLYPHOSPHATE_METABOLIC_PROCESS	8		Rejected!	
GOBP_DIADENOSINE_POLYPHOSPHATE_CATABOLIC_PROCESS	6		Rejected!	
GOBP_ENERGY_DERIVATION_BY_OXIDATION_OF_ORGANIC_COMPOUNDS	321	204		
GOBP_ATP_SYNTHESIS_COUPLED_PROTON_TRANSPORT	26		Rejected!	
GOBP_VIRAL_PROCESS	415	287		
GOBP_LIPID_CATABOLIC_PROCESS	328	165		
GOBP_DETECTION_OF_TEMPERATURE_STIMULUS	24		Rejected!	
GOBP_CELL_GROWTH	487	255		
GOBP_VESICLE_ORGANIZATION	306	218		
GOBP_CARBOHYDRATE_BIOSYNTHETIC_PROCESS	210	112		
GOBP_CARBOHYDRATE_CATABOLIC_PROCESS	154	96		
GOBP_ORGANIC_ACID_BIOSYNTHETIC_PROCESS	318	142		
GOBP_ORGANIC_ACID_CATABOLIC_PROCESS	243	137		
GOBP_RHODOPSIN_MEDIATED_SIGNALING_PATHWAY	13		Rejected!	
GOBP_MRNA_METABOLIC_PROCESS	725		Rejected!	
GOBP_RRNA_METABOLIC_PROCESS	263	229		
GOBP_SNRNA_METABOLIC_PROCESS	64	47		
GOBP_SNO_S_RNA_METABOLIC_PROCESS	17		Rejected!	
GOBP_RRNA_CATABOLIC_PROCESS	21	17		
GOBP_TRNA_CATABOLIC_PROCESS	13		Rejected!	
GOBP_SYNAPTIC_VESICLE_EXOCYTOSIS	108	48		
GOBP_SYNAPTIC_VESICLE_DOCKING	10		Rejected!	
GOBP_SYNAPTIC_VESICLE_PRIMING	19		Rejected!	
GOBP_POLYPRENOL_METABOLIC_PROCESS	8		Rejected!	
GOBP_MONOTERPENOID_METABOLIC_PROCESS	6		Rejected!	
GOBP_DITERPENOID_BIOSYNTHETIC_PROCESS	11		Rejected!	
GOBP_TERPENOID_BIOSYNTHETIC_PROCESS	17		Rejected!	
GOBP_TERPENOID_CATABOLIC_PROCESS	9		Rejected!	
GOBP_STEROL_METABOLIC_PROCESS	155	79		
GOBP_STEROL_BIOSYNTHETIC_PROCESS	66	40		
GOBP_GLYCOSIDE_METABOLIC_PROCESS	22		Rejected!	
GOBP_GLYCOSIDE_CATABOLIC_PROCESS	10		Rejected!	
GOBP_SNRNA_PROCESSING	36	22		
GOBP_SYNAPTIC_VESICLE_MATURATION	12		Rejected!	
GOBP_SYNAPTIC_VESICLE_UNCOATING	7		Rejected!	
GOBP_VESICLE_MEDIATED_TRANSPORT	1575		Rejected!	
GOBP_ENDOSOMAL_TRANSPORT	233	173		
GOBP_AXON_CHOICE_POINT_RECOGNITION	7		Rejected!	
GOBP_AXON_MIDLINE_CHOICE_POINT_RECOGNITION	5		Rejected!	
GOBP_IRON_SULFUR_CLUSTER_ASSEMBLY	26	22		
GOBP_TELOMERE_CAPPING	40	35		
GOBP_MACROAUTOPHAGY	310	246		
GOBP_LYSOSOMAL_MICROAUTOPHAGY	9		Rejected!	
GOBP_POSITIVE_REGULATION_OF_MACROAUTOPHAGY	73	55		
GOBP_AUTOPHAGOSOME_MEMBRANE_DOCKING	7		Rejected!	
GOBP_REGULATION_OF_MACROAUTOPHAGY	158	123		
GOBP_NEGATIVE_REGULATION_OF_MACROAUTOPHAGY	35	27		
GOBP_RNA_INTERFERENCE	18	16		
GOBP_PREASSEMBLY_OF_GPI_ANCHOR_IN_ER_MEMBRANE	8		Rejected!	
GOBP_ATTACHMENT_OF_GPI_ANCHOR_TO_PROTEIN	6		Rejected!	
GOBP_GAP_JUNCTION_ASSEMBLY	17		Rejected!	
GOBP_O_GLYCAN_PROCESSING	43	27		
GOBP_PHOSPHORYLATION	1855		Rejected!	
GOBP_DEPHOSPHORYLATION	425	283		
GOBP_FEMALE_MEIOSIS_CHROMOSOME_SEGREGATION	6		Rejected!	
GOBP_NEURON_REMODELING	14		Rejected!	
GOBP_MORPHOGENESIS_OF_EMBRYONIC_EPITHELIUM	150	73		
GOBP_CALCIUM_INDEPENDENT_CELL_CELL_ADHESION_VIA_PLASMA_MEMBRANE_CELL_ADHESION_MOLECULES	23		Rejected!	
GOBP_CALCIUM_DEPENDENT_CELL_CELL_ADHESION_VIA_PLASMA_MEMBRANE_CELL_ADHESION_MOLECULES	43		Rejected!	
GOBP_DENDRITE_DEVELOPMENT	231	115		
GOBP_SOMATIC_DIVERSIFICATION_OF_IMMUNOGLOBULINS	69	53		
GOBP_CELL_MIGRATION	1556		Rejected!	
GOBP_NEGATIVE_REGULATION_OF_TRANSCRIPTION_BY_RNA_POLYMERASE_I	6		Rejected!	
GOBP_CYTOSOLIC_TRANSPORT	173	128		
GOBP_PROTEIN_PROCESSING	242	129		
GOBP_PROTEIN_AUTOPROCESSING	27	15		
GOBP_BASE_CONVERSION_OR_SUBSTITUTION_EDITING	20		Rejected!	
GOBP_CYTIDINE_TO_URIDINE_EDITING	12		Rejected!	
GOBP_MRNA_MODIFICATION	28	26		
GOBP_PROTEIN_IMPORT_INTO_PEROXISOME_MATRIX	13		Rejected!	
GOBP_PEROXISOME_FISSION	10		Rejected!	
GOBP_HISTONE_MODIFICATION	498	385		
GOBP_HISTONE_METHYLATION	159	120		
GOBP_HISTONE_PHOSPHORYLATION	45	33		
GOBP_HISTONE_UBIQUITINATION	48	44		
GOBP_HISTONE_DEACETYLATION	99	81		
GOBP_HISTONE_DEPHOSPHORYLATION	8		Rejected!	
GOBP_HISTONE_DEUBIQUITINATION	40	34		
GOBP_NUCLEOSOME_POSITIONING	17		Rejected!	
GOBP_RAC_PROTEIN_SIGNAL_TRANSDUCTION	43	31		
GOBP_PROTEIN_SUMOYLATION	54	41		
GOBP_PROTEIN_DESUMOYLATION	9		Rejected!	
GOBP_POLY_A_PLUS_MRNA_EXPORT_FROM_NUCLEUS	23	15		
GOBP_CYTOCHROME_COMPLEX_ASSEMBLY	36	30		
GOBP_PROTEIN_NITROSYLATION	16		Rejected!	
GOBP_PROTEIN_IMPORT	210	160		
GOBP_RESPIRATORY_CHAIN_COMPLEX_III_ASSEMBLY	9		Rejected!	
GOBP_RESPONSE_TO_INSECTICIDE	7		Rejected!	
GOBP_PLASMA_MEMBRANE_PHOSPHOLIPID_SCRAMBLING	24		Rejected!	
GOBP_STEM_CELL_DIVISION	29	15		
GOBP_CALCIUM_ION_REGULATED_EXOCYTOSIS	65	27		
GOBP_REGULATION_OF_EXOCYTOSIS	206	97		
GOBP_REGULATION_OF_CALCIUM_ION_DEPENDENT_EXOCYTOSIS	40	17		
GOBP_PEPTIDYL_DIPHTHAMIDE_BIOSYNTHETIC_PROCESS_FROM_PEPTIDYL_HISTIDINE	8		Rejected!	
GOBP_PEPTIDYL_LYSINE_HYDROXYLATION	9		Rejected!	
GOBP_N_TERMINAL_PEPTIDYL_METHIONINE_ACETYLATION	7		Rejected!	
GOBP_PEPTIDYL_LYSINE_METHYLATION	144	103		
GOBP_PEPTIDYL_LYSINE_TRIMETHYLATION	57	39		
GOBP_PEPTIDYL_LYSINE_MONOMETHYLATION	11		Rejected!	
GOBP_PEPTIDYL_LYSINE_DIMETHYLATION	26	20		
GOBP_PEPTIDYL_LYSINE_OXIDATION	5		Rejected!	
GOBP_PROTEIN_POLYGLUTAMYLATION	13		Rejected!	
GOBP_PROTEIN_C_LINKED_GLYCOSYLATION	5		Rejected!	
GOBP_PROTEIN_HYDROXYLATION	27	20		
GOBP_PEPTIDE_CROSS_LINKING	36		Rejected!	
GOBP_PROTEIN_OXIDATION	14		Rejected!	
GOBP_PEPTIDYL_AMINO_ACID_MODIFICATION	1278		Rejected!	
GOBP_PEPTIDYL_ARGININE_MODIFICATION	28	18		
GOBP_PEPTIDYL_ASPARAGINE_MODIFICATION	24	22		
GOBP_PEPTIDYL_CYSTEINE_MODIFICATION	49	31		
GOBP_PEPTIDYL_GLUTAMIC_ACID_MODIFICATION	31	16		
GOBP_PEPTIDYL_HISTIDINE_MODIFICATION	13		Rejected!	
GOBP_PEPTIDYL_LYSINE_MODIFICATION	396	294		
GOBP_PEPTIDYL_METHIONINE_MODIFICATION	13		Rejected!	
GOBP_PEPTIDYL_PROLINE_MODIFICATION	58	40		
GOBP_PEPTIDYL_SERINE_MODIFICATION	338	208		
GOBP_PEPTIDYL_THREONINE_MODIFICATION	123	85		
GOBP_PEPTIDYL_TYROSINE_MODIFICATION	377	178		
GOBP_PEPTIDYL_ARGININE_METHYLATION	16		Rejected!	
GOBP_PEPTIDYL_L_CYSTEINE_S_PALMITOYLATION	24	16		
GOBP_PROTEIN_O_LINKED_GLYCOSYLATION_VIA_SERINE	10		Rejected!	
GOBP_PROTEIN_O_LINKED_GLYCOSYLATION_VIA_THREONINE	9		Rejected!	
GOBP_PROTEIN_CHROMOPHORE_LINKAGE	15		Rejected!	
GOBP_PROTEIN_GERANYLGERANYLATION	7		Rejected!	
GOBP_PROTEIN_PALMITOYLATION	33	21		
GOBP_PEPTIDYL_GLUTAMINE_METHYLATION	6		Rejected!	
GOBP_PEPTIDYL_LYSINE_ACETYLATION	187	149		
GOBP_PEPTIDYL_PROLINE_HYDROXYLATION_TO_4_HYDROXY_L_PROLINE	10		Rejected!	
GOBP_C_TERMINAL_PROTEIN_AMINO_ACID_MODIFICATION	16		Rejected!	
GOBP_ETHER_METABOLIC_PROCESS	27	15		
GOBP_PHENOL_CONTAINING_COMPOUND_METABOLIC_PROCESS	113	35		
GOBP_VIRAL_LIFE_CYCLE	318	201		
GOBP_VIRION_ATTACHMENT_TO_HOST_CELL	10		Rejected!	
GOBP_VIRION_ASSEMBLY	36	31		
GOBP_VIRAL_RELEASE_FROM_HOST_CELL	28	21		
GOBP_VIRAL_GENOME_REPLICATION	134	91		
GOBP_VIRAL_GENE_EXPRESSION	99	90		
GOBP_VIRAL_TRANSLATION	18	17		
GOBP_VIRAL_PROTEIN_PROCESSING	31	30		
GOBP_VIRAL_TRANSCRIPTION	51	44		
GOBP_REPRODUCTIVE_BEHAVIOR	26		Rejected!	
GOBP_NONRIBOSOMAL_PEPTIDE_BIOSYNTHETIC_PROCESS	18		Rejected!	
GOBP_REGULATION_OF_LIPID_METABOLIC_PROCESS	339	172		
GOBP_REGULATION_OF_FATTY_ACID_METABOLIC_PROCESS	92	41		
GOBP_REGULATION_OF_STEROID_METABOLIC_PROCESS	104	50		
GOBP_CYTOKINE_MEDIATED_SIGNALING_PATHWAY	485	247		
GOBP_TRANSMISSION_OF_NERVE_IMPULSE	73		Rejected!	
GOBP_NEURONAL_ACTION_POTENTIAL_PROPAGATION	8		Rejected!	
GOBP_NEURONAL_ACTION_POTENTIAL	35		Rejected!	
GOBP_REGULATION_OF_VASOCONSTRICTION	64	18		
GOBP_PROPRIOCEPTION	5		Rejected!	
GOBP_SENSORY_PERCEPTION_OF_PAIN	99	25		
GOBP_RESPONSE_TO_PHEROMONE	8		Rejected!	
GOBP_CITRULLINE_BIOSYNTHETIC_PROCESS	5		Rejected!	
GOBP_N_ACETYLNEURAMINATE_CATABOLIC_PROCESS	6		Rejected!	
GOBP_FUCOSE_CATABOLIC_PROCESS	9		Rejected!	
GOBP_PENTOSE_METABOLIC_PROCESS	14		Rejected!	
GOBP_PENTOSE_CATABOLIC_PROCESS	6		Rejected!	
GOBP_PHENOL_CONTAINING_COMPOUND_CATABOLIC_PROCESS	13		Rejected!	
GOBP_DOLICHOL_METABOLIC_PROCESS	5		Rejected!	
GOBP_PYRIDINE_NUCLEOTIDE_METABOLIC_PROCESS	32	16		
GOBP_PYRIDINE_NUCLEOTIDE_BIOSYNTHETIC_PROCESS	28		Rejected!	
GOBP_FATTY_ACID_ELONGATION_SATURATED_FATTY_ACID	7		Rejected!	
GOBP_ARACHIDONIC_ACID_METABOLIC_PROCESS	58		Rejected!	
GOBP_LEUKOTRIENE_BIOSYNTHETIC_PROCESS	21		Rejected!	
GOBP_CYCLOOXYGENASE_PATHWAY	9		Rejected!	
GOBP_LIPOXYGENASE_PATHWAY	11		Rejected!	
GOBP_EPOXYGENASE_P450_PATHWAY	19		Rejected!	
GOBP_GALACTOLIPID_METABOLIC_PROCESS	9		Rejected!	
GOBP_GALACTOLIPID_BIOSYNTHETIC_PROCESS	6		Rejected!	
GOBP_GLYCOLIPID_CATABOLIC_PROCESS	16		Rejected!	
GOBP_GALACTOSE_CATABOLIC_PROCESS	5		Rejected!	
GOBP_ALDITOL_METABOLIC_PROCESS	21		Rejected!	
GOBP_ALDITOL_BIOSYNTHETIC_PROCESS	5		Rejected!	
GOBP_ALDITOL_CATABOLIC_PROCESS	7		Rejected!	
GOBP_TRIGLYCERIDE_BIOSYNTHETIC_PROCESS	40	20		
GOBP_TRIGLYCERIDE_CATABOLIC_PROCESS	31		Rejected!	
GOBP_TRYPTOPHAN_CATABOLIC_PROCESS_TO_KYNURENINE	5		Rejected!	
GOBP_L_METHIONINE_SALVAGE_FROM_METHYLTHIOADENOSINE	5		Rejected!	
GOBP_PEPTIDYL_PROLINE_HYDROXYLATION	15		Rejected!	
GOBP_OXALATE_TRANSPORT	11		Rejected!	
GOBP_CATECHOL_CONTAINING_COMPOUND_CATABOLIC_PROCESS	10		Rejected!	
GOBP_SHORT_CHAIN_FATTY_ACID_CATABOLIC_PROCESS	7		Rejected!	
GOBP_UREA_METABOLIC_PROCESS	12		Rejected!	
GOBP_ORGANOPHOSPHATE_METABOLIC_PROCESS	936		Rejected!	
GOBP_GLYCOLYTIC_FERMENTATION	5		Rejected!	
GOBP_GDP_MANNOSE_METABOLIC_PROCESS	7		Rejected!	
GOBP_NAD_METABOLIC_PROCESS	29	18		
GOBP_DEOXYRIBOSE_PHOSPHATE_METABOLIC_PROCESS	45	32		
GOBP_RIBOSE_PHOSPHATE_METABOLIC_PROCESS	395	230		
GOBP_ALKANESULFONATE_METABOLIC_PROCESS	7		Rejected!	
GOBP_CHOLINE_METABOLIC_PROCESS	6		Rejected!	
GOBP_CALCIUM_MEDIATED_SIGNALING	203	88		
GOBP_B_CELL_MEDIATED_IMMUNITY	212	68		
GOBP_CELLULAR_HOMEOSTASIS	912	417		
GOBP_ANTIMICROBIAL_HUMORAL_RESPONSE	123	15		
GOBP_ANTIBACTERIAL_HUMORAL_RESPONSE	61		Rejected!	
GOBP_ANTIFUNGAL_HUMORAL_RESPONSE	5		Rejected!	
GOBP_NITROGEN_UTILIZATION	5		Rejected!	
GOBP_SECONDARY_METABOLIC_PROCESS	59	18		
GOBP_POLYOL_METABOLIC_PROCESS	116	63		
GOBP_ONE_CARBON_COMPOUND_TRANSPORT	15		Rejected!	
GOBP_PEPTIDE_CROSS_LINKING_VIA_CHONDROITIN_4_SULFATE_GLYCOSAMINOGLYCAN	6		Rejected!	
GOBP_CYTOLYSIS	24		Rejected!	
GOBP_L_ASCORBIC_ACID_METABOLIC_PROCESS	9		Rejected!	
GOBP_PYRIMIDINE_NUCLEOBASE_BIOSYNTHETIC_PROCESS	8		Rejected!	
GOBP_ANTIGEN_PROCESSING_AND_PRESENTATION	107	53		
GOBP_ANTIGEN_PROCESSING_AND_PRESENTATION_OF_ENDOGENOUS_ANTIGEN	26		Rejected!	
GOBP_ANTIGEN_PROCESSING_AND_PRESENTATION_OF_EXOGENOUS_ANTIGEN	47	19		
GOBP_ANTIGEN_PROCESSING_AND_PRESENTATION_OF_EXOGENOUS_PEPTIDE_ANTIGEN_VIA_MHC_CLASS_II	30		Rejected!	
GOBP_AXONAL_TRANSPORT_OF_MITOCHONDRION	18		Rejected!	
GOBP_LIPID_STORAGE	86	50		
GOBP_PEPTIDYL_ARGININE_METHYLATION_TO_ASYMMETRICAL_DIMETHYL_ARGININE	6		Rejected!	
GOBP_SECOND_MESSENGER_MEDIATED_SIGNALING	302	110		
GOBP_CAMP_MEDIATED_SIGNALING	50	16		
GOBP_CGMP_MEDIATED_SIGNALING	33		Rejected!	
GOBP_CYCLIC_NUCLEOTIDE_MEDIATED_SIGNALING	80	20		
GOBP_TRANSLESION_SYNTHESIS	24	21		
GOBP_HEMOGLOBIN_METABOLIC_PROCESS	17		Rejected!	
GOBP_SPINAL_CORD_DEVELOPMENT	99	33		
GOBP_SPINAL_CORD_PATTERNING	19		Rejected!	
GOBP_VENTRAL_SPINAL_CORD_INTERNEURON_DIFFERENTIATION	13		Rejected!	
GOBP_CELL_DIFFERENTIATION_IN_SPINAL_CORD	51		Rejected!	
GOBP_DORSAL_SPINAL_CORD_DEVELOPMENT	20		Rejected!	
GOBP_VENTRAL_SPINAL_CORD_DEVELOPMENT	46	15		
GOBP_SPINAL_CORD_MOTOR_NEURON_CELL_FATE_SPECIFICATION	9		Rejected!	
GOBP_SPINAL_CORD_MOTOR_NEURON_DIFFERENTIATION	30		Rejected!	
GOBP_SOMATIC_MOTOR_NEURON_DIFFERENTIATION	5		Rejected!	
GOBP_SPINAL_CORD_ASSOCIATION_NEURON_DIFFERENTIATION	12		Rejected!	
GOBP_SPINAL_CORD_OLIGODENDROCYTE_CELL_DIFFERENTIATION	5		Rejected!	
GOBP_NEURAL_TUBE_PATTERNING	36	21		
GOBP_CELL_DIFFERENTIATION_IN_HINDBRAIN	22		Rejected!	
GOBP_CELL_PROLIFERATION_IN_HINDBRAIN	15		Rejected!	
GOBP_CELL_MIGRATION_IN_HINDBRAIN	17		Rejected!	
GOBP_DIENCEPHALON_DEVELOPMENT	75	15		
GOBP_TELENCEPHALON_DEVELOPMENT	249	110		
GOBP_CORPUS_CALLOSUM_MORPHOGENESIS	5		Rejected!	
GOBP_DENTATE_GYRUS_DEVELOPMENT	17		Rejected!	
GOBP_PALLIUM_DEVELOPMENT	169	85		
GOBP_SUBPALLIUM_DEVELOPMENT	24		Rejected!	
GOBP_CRANIAL_NERVE_DEVELOPMENT	54	16		
GOBP_RHOMBOMERE_DEVELOPMENT	7		Rejected!	
GOBP_PONS_DEVELOPMENT	10		Rejected!	
GOBP_OLFACTORY_NERVE_DEVELOPMENT	5		Rejected!	
GOBP_OPTIC_NERVE_DEVELOPMENT	14		Rejected!	
GOBP_TRIGEMINAL_NERVE_DEVELOPMENT	12		Rejected!	
GOBP_VESTIBULOCOCHLEAR_NERVE_DEVELOPMENT	10		Rejected!	
GOBP_HINDBRAIN_MORPHOGENESIS	43	20		
GOBP_HINDBRAIN_MATURATION	5		Rejected!	
GOBP_VENTRICULAR_SYSTEM_DEVELOPMENT	30	16		
GOBP_CRANIAL_NERVE_MORPHOGENESIS	29		Rejected!	
GOBP_CRANIAL_NERVE_FORMATION	9		Rejected!	
GOBP_CRANIAL_NERVE_STRUCTURAL_ORGANIZATION	11		Rejected!	
GOBP_FACIAL_NERVE_MORPHOGENESIS	11		Rejected!	
GOBP_FACIAL_NERVE_STRUCTURAL_ORGANIZATION	9		Rejected!	
GOBP_CENTRAL_NERVOUS_SYSTEM_MATURATION	7		Rejected!	
GOBP_OPTIC_NERVE_MORPHOGENESIS	6		Rejected!	
GOBP_TRIGEMINAL_NERVE_MORPHOGENESIS	5		Rejected!	
GOBP_VESTIBULOCOCHLEAR_NERVE_MORPHOGENESIS	7		Rejected!	
GOBP_VESTIBULOCOCHLEAR_NERVE_FORMATION	5		Rejected!	
GOBP_LATERAL_VENTRICLE_DEVELOPMENT	12		Rejected!	
GOBP_NERVE_DEVELOPMENT	81	27		
GOBP_CEREBELLAR_PURKINJE_CELL_LAYER_DEVELOPMENT	27	15		
GOBP_CEREBELLAR_GRANULAR_LAYER_DEVELOPMENT	13		Rejected!	
GOBP_CEREBELLAR_GRANULAR_LAYER_MORPHOGENESIS	9		Rejected!	
GOBP_CEREBELLAR_GRANULAR_LAYER_FORMATION	7		Rejected!	
GOBP_CEREBELLAR_PURKINJE_CELL_LAYER_MORPHOGENESIS	18		Rejected!	
GOBP_CEREBELLAR_PURKINJE_CELL_LAYER_FORMATION	14		Rejected!	
GOBP_CEREBELLAR_CORTEX_DEVELOPMENT	50	26		
GOBP_CEREBELLAR_CORTEX_MORPHOGENESIS	34	16		
GOBP_CEREBELLAR_CORTEX_FORMATION	25		Rejected!	
GOBP_DEVELOPMENTAL_MATURATION	294	120		
GOBP_STRIATUM_DEVELOPMENT	18		Rejected!	
GOBP_LIMBIC_SYSTEM_DEVELOPMENT	108	54		
GOBP_SUBSTANTIA_NIGRA_DEVELOPMENT	44	27		
GOBP_AMYGDALA_DEVELOPMENT	5		Rejected!	
GOBP_HIPPOCAMPUS_DEVELOPMENT	80	45		
GOBP_GLIAL_CELL_FATE_COMMITMENT	12		Rejected!	
GOBP_GLIAL_CELL_DEVELOPMENT	115	51		
GOBP_BRANCHIOMOTOR_NEURON_AXON_GUIDANCE	6		Rejected!	
GOBP_THALAMUS_DEVELOPMENT	12		Rejected!	
GOBP_CEREBRAL_CORTEX_CELL_MIGRATION	44	20		
GOBP_CEREBRAL_CORTEX_REGIONALIZATION	7		Rejected!	
GOBP_FOREBRAIN_DORSAL_VENTRAL_PATTERN_FORMATION	6		Rejected!	
GOBP_CEREBRAL_CORTEX_RADIALLY_ORIENTED_CELL_MIGRATION	33	15		
GOBP_CEREBRAL_CORTEX_TANGENTIAL_MIGRATION	6		Rejected!	
GOBP_CELL_MOTILITY_INVOLVED_IN_CEREBRAL_CORTEX_RADIAL_GLIA_GUIDED_MIGRATION	7		Rejected!	
GOBP_LAYER_FORMATION_IN_CEREBRAL_CORTEX	13		Rejected!	
GOBP_SUBSTRATE_INDEPENDENT_TELENCEPHALIC_TANGENTIAL_MIGRATION	12		Rejected!	
GOBP_INTERNEURON_MIGRATION_FROM_THE_SUBPALLIUM_TO_THE_CORTEX	9		Rejected!	
GOBP_CELL_PROLIFERATION_IN_FOREBRAIN	23		Rejected!	
GOBP_HYPOTHALAMUS_DEVELOPMENT	23		Rejected!	
GOBP_HYPOTHALAMUS_CELL_MIGRATION	5		Rejected!	
GOBP_PYRAMIDAL_NEURON_DIFFERENTIATION	13		Rejected!	
GOBP_PYRAMIDAL_NEURON_DEVELOPMENT	11		Rejected!	
GOBP_FOREBRAIN_RADIAL_GLIAL_CELL_DIFFERENTIATION	7		Rejected!	
GOBP_FOREBRAIN_VENTRICULAR_ZONE_PROGENITOR_CELL_DIVISION	5		Rejected!	
GOBP_FOREBRAIN_REGIONALIZATION	23		Rejected!	
GOBP_FOREBRAIN_GENERATION_OF_NEURONS	50	21		
GOBP_FOREBRAIN_NEUROBLAST_DIVISION	5		Rejected!	
GOBP_FOREBRAIN_NEURON_FATE_COMMITMENT	7		Rejected!	
GOBP_FOREBRAIN_NEURON_DIFFERENTIATION	41	16		
GOBP_FOREBRAIN_NEURON_DEVELOPMENT	22		Rejected!	
GOBP_FOREBRAIN_CELL_MIGRATION	63	26		
GOBP_HYPOTHALAMUS_GONADOTROPHIN_RELEASING_HORMONE_NEURON_DIFFERENTIATION	6		Rejected!	
GOBP_OLFACTORY_BULB_INTERNEURON_DIFFERENTIATION	13		Rejected!	
GOBP_OLFACTORY_BULB_INTERNEURON_DEVELOPMENT	8		Rejected!	
GOBP_CEREBRAL_CORTEX_GABAERGIC_INTERNEURON_DIFFERENTIATION	10		Rejected!	
GOBP_CEREBRAL_CORTEX_GABAERGIC_INTERNEURON_DEVELOPMENT	7		Rejected!	
GOBP_CEREBRAL_CORTEX_NEURON_DIFFERENTIATION	26		Rejected!	
GOBP_ROSTROCAUDAL_NEURAL_TUBE_PATTERNING	9		Rejected!	
GOBP_DORSAL_VENTRAL_NEURAL_TUBE_PATTERNING	22	15		
GOBP_SMOOTHENED_SIGNALING_PATHWAY_INVOLVED_IN_VENTRAL_SPINAL_CORD_PATTERNING	6		Rejected!	
GOBP_NEURAL_TUBE_DEVELOPMENT	154	90		
GOBP_HINDBRAIN_RADIAL_GLIA_GUIDED_CELL_MIGRATION	9		Rejected!	
GOBP_HINDBRAIN_TANGENTIAL_CELL_MIGRATION	5		Rejected!	
GOBP_REGULATION_OF_CEREBELLAR_GRANULE_CELL_PRECURSOR_PROLIFERATION	10		Rejected!	
GOBP_CEREBELLAR_PURKINJE_CELL_GRANULE_CELL_PRECURSOR_CELL_SIGNALING_INVOLVED_IN_REGULATION_OF_GRANULE_CELL_PRECURSOR_CELL_PROLIFERATION	5		Rejected!	
GOBP_POSITIVE_REGULATION_OF_CEREBELLAR_GRANULE_CELL_PRECURSOR_PROLIFERATION	8		Rejected!	
GOBP_CENTRAL_NERVOUS_SYSTEM_PROJECTION_NEURON_AXONOGENESIS	26		Rejected!	
GOBP_CENTRAL_NERVOUS_SYSTEM_NEURON_DIFFERENTIATION	169	62		
GOBP_CENTRAL_NERVOUS_SYSTEM_NEURON_DEVELOPMENT	80	30		
GOBP_CENTRAL_NERVOUS_SYSTEM_NEURON_AXONOGENESIS	35	15		
GOBP_CORTICOSPINAL_TRACT_MORPHOGENESIS	6		Rejected!	
GOBP_ANTERIOR_COMMISSURE_MORPHOGENESIS	6		Rejected!	
GOBP_TELENCEPHALON_REGIONALIZATION	13		Rejected!	
GOBP_HYPOTHALAMUS_CELL_DIFFERENTIATION	10		Rejected!	
GOBP_PITUITARY_GLAND_DEVELOPMENT	41		Rejected!	
GOBP_ADENOHYPOPHYSIS_DEVELOPMENT	14		Rejected!	
GOBP_CEREBRAL_CORTEX_DEVELOPMENT	112	58		
GOBP_OLFACTORY_LOBE_DEVELOPMENT	35		Rejected!	
GOBP_NEUROGENESIS	1631		Rejected!	
GOBP_TANGENTIAL_MIGRATION_FROM_THE_SUBVENTRICULAR_ZONE_TO_THE_OLFACTORY_BULB	8		Rejected!	
GOBP_TELENCEPHALON_GLIAL_CELL_MIGRATION	24		Rejected!	
GOBP_METENCEPHALON_DEVELOPMENT	107	55		
GOBP_CORPUS_CALLOSUM_DEVELOPMENT	13		Rejected!	
GOBP_REGULATION_OF_RHODOPSIN_MEDIATED_SIGNALING_PATHWAY	10		Rejected!	
GOBP_CELL_CYCLE_PROCESS	1224		Rejected!	
GOBP_MEMBRANE_DOCKING	84	60		
GOBP_REGULATION_OF_CELL_CELL_ADHESION	458	225		
GOBP_NEGATIVE_REGULATION_OF_CELL_CELL_ADHESION	199	92		
GOBP_POSITIVE_REGULATION_OF_CELL_CELL_ADHESION	291	155		
GOBP_CELLULAR_COMPONENT_DISASSEMBLY	466	308		
GOBP_CELLULAR_PROCESS_INVOLVED_IN_REPRODUCTION_IN_MULTICELLULAR_ORGANISM	405	150		
GOBP_PROTEIN_MATURATION_BY_PROTEIN_FOLDING	8		Rejected!	
GOBP_DIGESTIVE_SYSTEM_PROCESS	104	25		
GOBP_OVULATION_CYCLE_PROCESS	49	15		
GOBP_REGULATION_OF_ANATOMICAL_STRUCTURE_MORPHOGENESIS	976	408		
GOBP_REGULATION_OF_CELL_MORPHOGENESIS	305	168		
GOBP_MAMMALIAN_OOGENESIS_STAGE	9		Rejected!	
GOBP_BIOLOGICAL_ADHESION	1515		Rejected!	
GOBP_GLAND_MORPHOGENESIS	123	48		
GOBP_RIBONUCLEOPROTEIN_COMPLEX_BIOGENESIS	454	374		
GOBP_MEMBRANE_TO_MEMBRANE_DOCKING	5		Rejected!	
GOBP_DNA_STRAND_ELONGATION	37	35		
GOBP_EXTRACELLULAR_MATRIX_DISASSEMBLY	64	21		
GOBP_ELECTRON_TRANSPORT_CHAIN	167	112		
GOBP_RESPIRATORY_ELECTRON_TRANSPORT_CHAIN	113	82		
GOBP_SIGNAL_TRANSDUCTION_INVOLVED_IN_REGULATION_OF_GENE_EXPRESSION	22		Rejected!	
GOBP_CD40_SIGNALING_PATHWAY	16		Rejected!	
GOBP_NEURONAL_SIGNAL_TRANSDUCTION	7		Rejected!	
GOBP_POSITIVE_REGULATION_OF_SIGNALING	1713		Rejected!	
GOBP_NEGATIVE_REGULATION_OF_SIGNALING	1384		Rejected!	
GOBP_ADAPTATION_OF_SIGNALING_PATHWAY	23		Rejected!	
GOBP_SIGNAL_RELEASE	453	183		
GOBP_METAL_ION_TRANSPORT	888	327		
GOBP_CELLULAR_ANION_HOMEOSTASIS	16		Rejected!	
GOBP_CELLULAR_MONOVALENT_INORGANIC_CATION_HOMEOSTASIS	107	50		
GOBP_CELLULAR_POTASSIUM_ION_HOMEOSTASIS	14		Rejected!	
GOBP_ESTABLISHMENT_OF_CELL_POLARITY	145	90		
GOBP_MAINTENANCE_OF_CELL_POLARITY	19		Rejected!	
GOBP_ACTIN_FILAMENT_BASED_PROCESS	808	398		
GOBP_CELL_PROJECTION_ORGANIZATION	1551		Rejected!	
GOBP_CELL_PROJECTION_ASSEMBLY	596	332		
GOBP_LAMELLIPODIUM_ASSEMBLY	71	45		
GOBP_MICROVILLUS_ASSEMBLY	22	15		
GOBP_ACTIN_FILAMENT_POLYMERIZATION	166	88		
GOBP_ACTIN_FILAMENT_DEPOLYMERIZATION	59	32		
GOBP_PARALLEL_ACTIN_FILAMENT_BUNDLE_ASSEMBLY	7		Rejected!	
GOBP_ACTIN_MODIFICATION	5		Rejected!	
GOBP_ACTIN_FILAMENT_BASED_MOVEMENT	133	53		
GOBP_INSULIN_PROCESSING	7		Rejected!	
GOBP_INSULIN_SECRETION	179	82		
GOBP_PROTEIN_REPAIR	7		Rejected!	
GOBP_MYELOID_CELL_DIFFERENTIATION	393	235		
GOBP_REGULATION_OF_ENDOCYTOSIS	211	117		
GOBP_NATURAL_KILLER_CELL_ACTIVATION	94	50		
GOBP_WATER_HOMEOSTASIS	66	22		
GOBP_REGULATION_OF_WNT_SIGNALING_PATHWAY	337	161		
GOBP_SPHINGOLIPID_BIOSYNTHETIC_PROCESS	110	64		
GOBP_PROTEIN_IMPORT_INTO_MITOCHONDRIAL_MATRIX	20	17		
GOBP_REGULATION_OF_CELL_ADHESION	762	366		
GOBP_PANCREATIC_JUICE_SECRETION	13		Rejected!	
GOBP_REGULATION_OF_PROTEOLYSIS	745	407		
GOBP_PROTEIN_CATABOLIC_PROCESS	977		Rejected!	
GOBP_PROTEOGLYCAN_BIOSYNTHETIC_PROCESS	56	33		
GOBP_PLATELET_ACTIVATION	131	67		
GOBP_REGULATION_OF_DNA_DEPENDENT_DNA_REPLICATION_INITIATION	9		Rejected!	
GOBP_POSITIVE_REGULATION_OF_WNT_SIGNALING_PATHWAY	144	74		
GOBP_NEGATIVE_REGULATION_OF_WNT_SIGNALING_PATHWAY	175	72		
GOBP_NEURON_DIFFERENTIATION	1356		Rejected!	
GOBP_B_CELL_DIFFERENTIATION	142	85		
GOBP_NITRIC_OXIDE_TRANSPORT	5		Rejected!	
GOBP_COLLAGEN_FIBRIL_ORGANIZATION	62		Rejected!	
GOBP_HEPARAN_SULFATE_PROTEOGLYCAN_METABOLIC_PROCESS	32	20		
GOBP_HEPARIN_METABOLIC_PROCESS	15		Rejected!	
GOBP_DERMATAN_SULFATE_METABOLIC_PROCESS	6		Rejected!	
GOBP_CHONDROITIN_SULFATE_BIOSYNTHETIC_PROCESS	18		Rejected!	
GOBP_DERMATAN_SULFATE_BIOSYNTHETIC_PROCESS	5		Rejected!	
GOBP_HEPARIN_BIOSYNTHETIC_PROCESS	11		Rejected!	
GOBP_HYALURONAN_METABOLIC_PROCESS	29		Rejected!	
GOBP_HYALURONAN_BIOSYNTHETIC_PROCESS	14		Rejected!	
GOBP_HYALURONAN_CATABOLIC_PROCESS	10		Rejected!	
GOBP_KERATINOCYTE_DIFFERENTIATION	142	46		
GOBP_T_CELL_DIFFERENTIATION	263	177		
GOBP_MEGAKARYOCYTE_DIFFERENTIATION	57	27		
GOBP_EOSINOPHIL_DIFFERENTIATION	5		Rejected!	
GOBP_NEUTROPHIL_DIFFERENTIATION	9		Rejected!	
GOBP_MONOCYTE_DIFFERENTIATION	36	19		
GOBP_MACROPHAGE_DIFFERENTIATION	49	28		
GOBP_MALE_SEX_DETERMINATION	14		Rejected!	
GOBP_SKELETAL_MUSCLE_THIN_FILAMENT_ASSEMBLY	6		Rejected!	
GOBP_AUTOPHAGY_OF_PEROXISOME	6		Rejected!	
GOBP_GROWTH_HORMONE_SECRETION	14		Rejected!	
GOBP_LIPID_MODIFICATION	217	122		
GOBP_LIPID_GLYCOSYLATION	12		Rejected!	
GOBP_CHROMOSOME_CONDENSATION	49	26		
GOBP_APOPTOTIC_CHROMOSOME_CONDENSATION	5		Rejected!	
GOBP_MAINTENANCE_OF_GASTROINTESTINAL_EPITHELIUM	22		Rejected!	
GOBP_REGULATION_OF_OSSIFICATION	117	48		
GOBP_NEGATIVE_REGULATION_OF_OSSIFICATION	36	16		
GOBP_BONE_MINERALIZATION	120	43		
GOBP_POSITIVE_REGULATION_OF_CELL_GROWTH	163	84		
GOBP_NEGATIVE_REGULATION_OF_CELL_GROWTH	186	90		
GOBP_POLY_N_ACETYLLACTOSAMINE_METABOLIC_PROCESS	10		Rejected!	
GOBP_OSTEOCLAST_DIFFERENTIATION	96	51		
GOBP_MELANOCYTE_DIFFERENTIATION	26		Rejected!	
GOBP_CELLULAR_MONOVALENT_INORGANIC_ANION_HOMEOSTASIS	7		Rejected!	
GOBP_TRANSEPITHELIAL_CHLORIDE_TRANSPORT	7		Rejected!	
GOBP_STABILIZATION_OF_MEMBRANE_POTENTIAL	17		Rejected!	
GOBP_ADRENAL_GLAND_DEVELOPMENT	27		Rejected!	
GOBP_DNA_DAMAGE_RESPONSE_SIGNAL_TRANSDUCTION_BY_P53_CLASS_MEDIATOR	72	55		
GOBP_FRUCTOSE_1_6_BISPHOSPHATE_METABOLIC_PROCESS	10		Rejected!	
GOBP_MEMBRANE_DISASSEMBLY	12		Rejected!	
GOBP_PRODUCTION_OF_SIRNA_INVOLVED_IN_RNA_INTERFERENCE	9		Rejected!	
GOBP_SLEEP	28		Rejected!	
GOBP_PERISTALSIS	12		Rejected!	
GOBP_UBIQUITIN_DEPENDENT_ERAD_PATHWAY	85	70		
GOBP_REGULATION_OF_COMPLEMENT_ACTIVATION	22		Rejected!	
GOBP_REGULATION_OF_COMPLEMENT_ACTIVATION_CLASSICAL_PATHWAY	9		Rejected!	
GOBP_REGULATION_OF_COMPLEMENT_ACTIVATION_ALTERNATIVE_PATHWAY	6		Rejected!	
GOBP_TRNA_METHYLATION	41	36		
GOBP_MATURATION_OF_SSU_RRNA	50	45		
GOBP_FATTY_ACID_ELONGATION	13		Rejected!	
GOBP_REGULATION_OF_BONE_MINERALIZATION	80	28		
GOBP_POSITIVE_REGULATION_OF_BONE_MINERALIZATION	42	15		
GOBP_NEGATIVE_REGULATION_OF_BONE_MINERALIZATION	20		Rejected!	
GOBP_REGULATION_OF_BMP_SIGNALING_PATHWAY	105	36		
GOBP_NEGATIVE_REGULATION_OF_TRANSFORMING_GROWTH_FACTOR_BETA_RECEPTOR_SIGNALING_PATHWAY	81	41		
GOBP_POSITIVE_REGULATION_OF_BMP_SIGNALING_PATHWAY	40	15		
GOBP_NEGATIVE_REGULATION_OF_BMP_SIGNALING_PATHWAY	58	21		
GOBP_NEGATIVE_REGULATION_OF_AXON_EXTENSION	44	16		
GOBP_INTRACELLULAR_ESTROGEN_RECEPTOR_SIGNALING_PATHWAY	54	35		
GOBP_ANDROGEN_RECEPTOR_SIGNALING_PATHWAY	46	34		
GOBP_INTRACELLULAR_RECEPTOR_SIGNALING_PATHWAY	265	165		
GOBP_ADULT_BEHAVIOR	136	43		
GOBP_MALE_GENITALIA_DEVELOPMENT	24		Rejected!	
GOBP_FEMALE_GENITALIA_DEVELOPMENT	18		Rejected!	
GOBP_COLLAGEN_CATABOLIC_PROCESS	42		Rejected!	
GOBP_NUCLEAR_BODY_ORGANIZATION	17		Rejected!	
GOBP_PML_BODY_ORGANIZATION	7		Rejected!	
GOBP_UBIQUITIN_DEPENDENT_SMAD_PROTEIN_CATABOLIC_PROCESS	6		Rejected!	
GOBP_NEUTROPHIL_CHEMOTAXIS	105	37		
GOBP_LEUKOCYTE_CHEMOTAXIS	236	93		
GOBP_POLYKETIDE_METABOLIC_PROCESS	10		Rejected!	
GOBP_REGULATION_OF_CELLULAR_PH	83	42		
GOBP_AMINOGLYCOSIDE_ANTIBIOTIC_METABOLIC_PROCESS	10		Rejected!	
GOBP_REGULATION_OF_VITAMIN_METABOLIC_PROCESS	12		Rejected!	
GOBP_CYTOSKELETON_DEPENDENT_INTRACELLULAR_TRANSPORT	196	130		
GOBP_OVULATION	23		Rejected!	
GOBP_SEQUESTERING_OF_TRIGLYCERIDE	18		Rejected!	
GOBP_REGULATION_OF_NUCLEOTIDE_BIOSYNTHETIC_PROCESS	42		Rejected!	
GOBP_NEGATIVE_REGULATION_OF_NUCLEOTIDE_BIOSYNTHETIC_PROCESS	8		Rejected!	
GOBP_POSITIVE_REGULATION_OF_NUCLEOTIDE_BIOSYNTHETIC_PROCESS	24		Rejected!	
GOBP_REGULATION_OF_ACTIN_FILAMENT_LENGTH	158	90		
GOBP_NEGATIVE_REGULATION_OF_ACTIN_FILAMENT_DEPOLYMERIZATION	45	21		
GOBP_POSITIVE_REGULATION_OF_ACTIN_FILAMENT_DEPOLYMERIZATION	13		Rejected!	
GOBP_NEGATIVE_REGULATION_OF_ACTIN_FILAMENT_POLYMERIZATION	65	33		
GOBP_POSITIVE_REGULATION_OF_ACTIN_FILAMENT_POLYMERIZATION	53	28		
GOBP_PROSTATE_GLAND_DEVELOPMENT	49	18		
GOBP_GRANULOCYTE_DIFFERENTIATION	36	23		
GOBP_REGULATION_OF_GRANULOCYTE_DIFFERENTIATION	15		Rejected!	
GOBP_NEGATIVE_REGULATION_OF_GRANULOCYTE_DIFFERENTIATION	8		Rejected!	
GOBP_POSITIVE_REGULATION_OF_GRANULOCYTE_DIFFERENTIATION	8		Rejected!	
GOBP_EPITHELIAL_CELL_DIFFERENTIATION	670	261		
GOBP_REGULATION_OF_EPITHELIAL_CELL_DIFFERENTIATION	158	57		
GOBP_NEGATIVE_REGULATION_OF_EPITHELIAL_CELL_DIFFERENTIATION	50	16		
GOBP_POSITIVE_REGULATION_OF_EPITHELIAL_CELL_DIFFERENTIATION	65	19		
GOBP_POLARIZED_EPITHELIAL_CELL_DIFFERENTIATION	26		Rejected!	
GOBP_CORTICAL_CYTOSKELETON_ORGANIZATION	61	38		
GOBP_CORTICAL_ACTIN_CYTOSKELETON_ORGANIZATION	40	27		
GOBP_THYROID_GLAND_DEVELOPMENT	26		Rejected!	
GOBP_MAMMARY_GLAND_DEVELOPMENT	135	64		
GOBP_REGULATION_OF_MYELOID_DENDRITIC_CELL_ACTIVATION	5		Rejected!	
GOBP_REGULATION_OF_B_CELL_PROLIFERATION	64	43		
GOBP_NEGATIVE_REGULATION_OF_B_CELL_PROLIFERATION	18		Rejected!	
GOBP_POSITIVE_REGULATION_OF_B_CELL_PROLIFERATION	42	29		
GOBP_FOREBRAIN_DEVELOPMENT	377	157		
GOBP_MIDBRAIN_DEVELOPMENT	90	42		
GOBP_HINDBRAIN_DEVELOPMENT	150	67		
GOBP_NOTOCHORD_DEVELOPMENT	18		Rejected!	
GOBP_PARANODAL_JUNCTION_ASSEMBLY	6		Rejected!	
GOBP_OTIC_VESICLE_FORMATION	8		Rejected!	
GOBP_MIDBRAIN_HINDBRAIN_BOUNDARY_DEVELOPMENT	6		Rejected!	
GOBP_REGULATION_OF_VASCULAR_ENDOTHELIAL_GROWTH_FACTOR_RECEPTOR_SIGNALING_PATHWAY	32		Rejected!	
GOBP_NEGATIVE_REGULATION_OF_VASCULAR_ENDOTHELIAL_GROWTH_FACTOR_RECEPTOR_SIGNALING_PATHWAY	12		Rejected!	
GOBP_POSITIVE_REGULATION_OF_VASCULAR_ENDOTHELIAL_GROWTH_FACTOR_RECEPTOR_SIGNALING_PATHWAY	17		Rejected!	
GOBP_ESTABLISHMENT_OR_MAINTENANCE_OF_CYTOSKELETON_POLARITY	7		Rejected!	
GOBP_ASTRAL_MICROTUBULE_ORGANIZATION	10		Rejected!	
GOBP_ENDOPLASMIC_RETICULUM_UNFOLDED_PROTEIN_RESPONSE	75	59		
GOBP_RESPONSE_TO_CAFFEINE	13		Rejected!	
GOBP_PANCREAS_DEVELOPMENT	81	25		
GOBP_EXOCRINE_PANCREAS_DEVELOPMENT	7		Rejected!	
GOBP_ENDOCRINE_PANCREAS_DEVELOPMENT	46	18		
GOBP_MICROTUBULE_ORGANIZING_CENTER_ORGANIZATION	146	120		
GOBP_ACTOMYOSIN_STRUCTURE_ORGANIZATION	199	97		
GOBP_MYOSIN_FILAMENT_ORGANIZATION	5		Rejected!	
GOBP_GENE_SILENCING_BY_RNA	681	85		
GOBP_DSRNA_PROCESSING	56	41		
GOBP_PRIMARY_MIRNA_PROCESSING	13		Rejected!	
GOBP_PRE_MIRNA_PROCESSING	14		Rejected!	
GOBP_CHROMATIN_REMODELING_AT_CENTROMERE	11		Rejected!	
GOBP_REGULATION_OF_HISTONE_MODIFICATION	180	131		
GOBP_NEGATIVE_REGULATION_OF_HISTONE_MODIFICATION	50	35		
GOBP_POSITIVE_REGULATION_OF_HISTONE_MODIFICATION	103	80		
GOBP_REGULATION_OF_HISTONE_METHYLATION	80	61		
GOBP_NEGATIVE_REGULATION_OF_HISTONE_METHYLATION	23	17		
GOBP_POSITIVE_REGULATION_OF_HISTONE_METHYLATION	50	41		
GOBP_REGULATION_OF_HISTONE_DEACETYLATION	43	31		
GOBP_NEGATIVE_REGULATION_OF_HISTONE_DEACETYLATION	8		Rejected!	
GOBP_POSITIVE_REGULATION_OF_HISTONE_DEACETYLATION	22	15		
GOBP_EMBRYONIC_CAMERA_TYPE_EYE_DEVELOPMENT	37	18		
GOBP_POST_EMBRYONIC_CAMERA_TYPE_EYE_DEVELOPMENT	7		Rejected!	
GOBP_NUCLEAR_TRANSCRIBED_MRNA_CATABOLIC_PROCESS_DEADENYLATION_INDEPENDENT_DECAY	7		Rejected!	
GOBP_STRESS_ACTIVATED_PROTEIN_KINASE_SIGNALING_CASCADE	253	153		
GOBP_REGENERATION	188	90		
GOBP_ANIMAL_ORGAN_REGENERATION	65	36		
GOBP_NEURON_PROJECTION_REGENERATION	59	26		
GOBP_MICROTUBULE_POLYMERIZATION_OR_DEPOLYMERIZATION	124	84		
GOBP_REGULATION_OF_MICROTUBULE_POLYMERIZATION_OR_DEPOLYMERIZATION	88	58		
GOBP_NEGATIVE_REGULATION_OF_MICROTUBULE_POLYMERIZATION_OR_DEPOLYMERIZATION	40	25		
GOBP_POSITIVE_REGULATION_OF_MICROTUBULE_POLYMERIZATION_OR_DEPOLYMERIZATION	37	26		
GOBP_REGULATION_OF_MICROTUBULE_POLYMERIZATION	55	37		
GOBP_REGULATION_OF_MICROTUBULE_DEPOLYMERIZATION	31	19		
GOBP_NEGATIVE_REGULATION_OF_MICROTUBULE_POLYMERIZATION	14		Rejected!	
GOBP_RRNA_PSEUDOURIDINE_SYNTHESIS	10		Rejected!	
GOBP_TRNA_PSEUDOURIDINE_SYNTHESIS	6		Rejected!	
GOBP_CYTOPLASMIC_MICROTUBULE_ORGANIZATION	57	43		
GOBP_RNA_3_END_PROCESSING	117	90		
GOBP_MRNA_3_END_PROCESSING	63	55		
GOBP_RRNA_3_END_PROCESSING	10		Rejected!	
GOBP_DEVELOPMENTAL_INDUCTION	34		Rejected!	
GOBP_REGULATION_OF_AXON_DIAMETER	5		Rejected!	
GOBP_ANAPHASE_PROMOTING_COMPLEX_DEPENDENT_CATABOLIC_PROCESS	18	15		
GOBP_SCF_DEPENDENT_PROTEASOMAL_UBIQUITIN_DEPENDENT_PROTEIN_CATABOLIC_PROCESS	49	37		
GOBP_RRNA_METHYLATION	26	18		
GOBP_PEPTIDE_MODIFICATION	5		Rejected!	
GOBP_POSTTRANSLATIONAL_PROTEIN_TARGETING_TO_MEMBRANE_TRANSLOCATION	7		Rejected!	
GOBP_PSEUDOPODIUM_ORGANIZATION	16		Rejected!	
GOBP_POSITIVE_REGULATION_OF_PSEUDOPODIUM_ASSEMBLY	13		Rejected!	
GOBP_REGULATION_OF_CYCLASE_ACTIVITY	53	19		
GOBP_POSITIVE_REGULATION_OF_CYCLASE_ACTIVITY	21		Rejected!	
GOBP_REGULATION_OF_GUANYLATE_CYCLASE_ACTIVITY	13		Rejected!	
GOBP_POSITIVE_REGULATION_OF_GUANYLATE_CYCLASE_ACTIVITY	10		Rejected!	
GOBP_RETINAL_GANGLION_CELL_AXON_GUIDANCE	21		Rejected!	
GOBP_MEMBRANE_PROTEIN_INTRACELLULAR_DOMAIN_PROTEOLYSIS	13		Rejected!	
GOBP_LYMPHOCYTE_COSTIMULATION	47	30		
GOBP_REPLICATION_FORK_PROCESSING	41	32		
GOBP_POSITIVE_REGULATION_OF_CELLULAR_BIOSYNTHETIC_PROCESS	1966		Rejected!	
GOBP_NEGATIVE_REGULATION_OF_CELLULAR_CATABOLIC_PROCESS	267	177		
GOBP_NEGATIVE_REGULATION_OF_PROTEIN_CONTAINING_COMPLEX_ASSEMBLY	145	83		
GOBP_POSITIVE_REGULATION_OF_PROTEIN_CONTAINING_COMPLEX_ASSEMBLY	195	116		
GOBP_REGULATION_OF_VESICLE_FUSION	22		Rejected!	
GOBP_POSITIVE_REGULATION_OF_VESICLE_FUSION	9		Rejected!	
GOBP_REGULATION_OF_CELL_KILLING	103	45		
GOBP_NEGATIVE_REGULATION_OF_CELL_KILLING	28		Rejected!	
GOBP_POSITIVE_REGULATION_OF_CELL_KILLING	65	25		
GOBP_REGULATION_OF_CELL_PROJECTION_ORGANIZATION	664	341		
GOBP_NEGATIVE_REGULATION_OF_CELL_PROJECTION_ORGANIZATION	187	91		
GOBP_POSITIVE_REGULATION_OF_CELL_PROJECTION_ORGANIZATION	341	180		
GOBP_REGULATION_OF_DEFENSE_RESPONSE	650	336		
GOBP_NEGATIVE_REGULATION_OF_DEFENSE_RESPONSE	268	124		
GOBP_POSITIVE_REGULATION_OF_DEFENSE_RESPONSE	288	146		
GOBP_N_TERMINAL_PROTEIN_AMINO_ACID_MODIFICATION	30	24		
GOBP_NEGATIVE_REGULATION_OF_PROSTAGLANDIN_BIOSYNTHETIC_PROCESS	5		Rejected!	
GOBP_POSITIVE_REGULATION_OF_PROSTAGLANDIN_BIOSYNTHETIC_PROCESS	7		Rejected!	
GOBP_REGULATION_OF_PROTEIN_MODIFICATION_PROCESS	1539		Rejected!	
GOBP_NEGATIVE_REGULATION_OF_PROTEIN_MODIFICATION_PROCESS	520	337		
GOBP_POSITIVE_REGULATION_OF_PROTEIN_MODIFICATION_PROCESS	987		Rejected!	
GOBP_KERATINIZATION	59		Rejected!	
GOBP_REGULATION_OF_MRNA_3_END_PROCESSING	28	25		
GOBP_NEGATIVE_REGULATION_OF_MRNA_3_END_PROCESSING	9		Rejected!	
GOBP_POSITIVE_REGULATION_OF_MRNA_3_END_PROCESSING	10		Rejected!	
GOBP_NUCLEAR_MEMBRANE_REASSEMBLY	23	21		
GOBP_CHROMATIN_DISASSEMBLY	21	15		
GOBP_PROTEIN_CONTAINING_COMPLEX_LOCALIZATION	155	91		
GOBP_SUBTELOMERIC_HETEROCHROMATIN_ASSEMBLY	7		Rejected!	
GOBP_RUFFLE_ORGANIZATION	57	38		
GOBP_ACTIN_CYTOSKELETON_REORGANIZATION	108	62		
GOBP_BRAIN_DERIVED_NEUROTROPHIC_FACTOR_RECEPTOR_SIGNALING_PATHWAY	6		Rejected!	
GOBP_DNA_INTEGRITY_CHECKPOINT_SIGNALING	123	102		
GOBP_MITOTIC_INTRA_S_DNA_DAMAGE_CHECKPOINT_SIGNALING	17		Rejected!	
GOBP_MEMBRANE_RAFT_ORGANIZATION	25	17		
GOBP_HEMIDESMOSOME_ASSEMBLY	5		Rejected!	
GOBP_ACTIVATION_OF_PHOSPHOLIPASE_D_ACTIVITY	6		Rejected!	
GOBP_REGULATION_OF_INOSITOL_1_4_5_TRISPHOSPHATE_SENSITIVE_CALCIUM_RELEASE_CHANNEL_ACTIVITY	5		Rejected!	
GOBP_CELL_SUBSTRATE_ADHESION	365	162		
GOBP_REGULATION_OF_FEVER_GENERATION	9		Rejected!	
GOBP_POSITIVE_REGULATION_OF_FEVER_GENERATION	7		Rejected!	
GOBP_RECEPTOR_INTERNALIZATION	114	51		
GOBP_ZYMOGEN_ACTIVATION	65	27		
GOBP_PLASMINOGEN_ACTIVATION	25		Rejected!	
GOBP_KILLING_OF_CELLS_OF_ANOTHER_ORGANISM	46		Rejected!	
GOBP_REGULATION_OF_MYELINATION	48	30		
GOBP_NEGATIVE_REGULATION_OF_MYELINATION	11		Rejected!	
GOBP_POSITIVE_REGULATION_OF_MYELINATION	18		Rejected!	
GOBP_REGULATION_OF_NERVOUS_SYSTEM_PROCESS	138	40		
GOBP_NEGATIVE_REGULATION_OF_NERVOUS_SYSTEM_PROCESS	19		Rejected!	
GOBP_POSITIVE_REGULATION_OF_NERVOUS_SYSTEM_PROCESS	35		Rejected!	
GOBP_REGULATION_OF_PROTEIN_STABILITY	302	229		
GOBP_PROTEIN_DESTABILIZATION	47	36		
GOBP_HEAT_GENERATION	16		Rejected!	
GOBP_REGULATION_OF_HEAT_GENERATION	12		Rejected!	
GOBP_POSITIVE_REGULATION_OF_HEAT_GENERATION	9		Rejected!	
GOBP_LIPOPOLYSACCHARIDE_MEDIATED_SIGNALING_PATHWAY	62	36		
GOBP_REGULATION_OF_LIPOPOLYSACCHARIDE_MEDIATED_SIGNALING_PATHWAY	26		Rejected!	
GOBP_NEGATIVE_REGULATION_OF_LIPOPOLYSACCHARIDE_MEDIATED_SIGNALING_PATHWAY	13		Rejected!	
GOBP_POSITIVE_REGULATION_OF_LIPOPOLYSACCHARIDE_MEDIATED_SIGNALING_PATHWAY	9		Rejected!	
GOBP_CELLULAR_RESPONSE_TO_EXTRACELLULAR_STIMULUS	245	155		
GOBP_CELLULAR_RESPONSE_TO_NUTRIENT	42	18		
GOBP_PROTECTION_FROM_NON_HOMOLOGOUS_END_JOINING_AT_TELOMERE	10		Rejected!	
GOBP_POSITIVE_REGULATION_OF_SYNAPTIC_PLASTICITY	9		Rejected!	
GOBP_TOR_SIGNALING	127	93		
GOBP_REGULATION_OF_GLUCOCORTICOID_METABOLIC_PROCESS	10		Rejected!	
GOBP_NEGATIVE_REGULATION_OF_GLUCOCORTICOID_METABOLIC_PROCESS	5		Rejected!	
GOBP_REGULATION_OF_GLUCOCORTICOID_BIOSYNTHETIC_PROCESS	8		Rejected!	
GOBP_REGULATION_OF_PROTEIN_AUTOPHOSPHORYLATION	42	25		
GOBP_NEGATIVE_REGULATION_OF_PROTEIN_AUTOPHOSPHORYLATION	12		Rejected!	
GOBP_POSITIVE_REGULATION_OF_PROTEIN_AUTOPHOSPHORYLATION	26		Rejected!	
GOBP_CORTICOSTEROID_RECEPTOR_SIGNALING_PATHWAY	14		Rejected!	
GOBP_RESPONSE_TO_CORTICOSTEROID	157	63		
GOBP_LOCOMOTION_INVOLVED_IN_LOCOMOTORY_BEHAVIOR	12		Rejected!	
GOBP_REGULATION_OF_FATTY_ACID_BETA_OXIDATION	20		Rejected!	
GOBP_NEGATIVE_REGULATION_OF_FATTY_ACID_BETA_OXIDATION	6		Rejected!	
GOBP_POSITIVE_REGULATION_OF_FATTY_ACID_BETA_OXIDATION	11		Rejected!	
GOBP_REGULATION_OF_TOR_SIGNALING	105	74		
GOBP_NEGATIVE_REGULATION_OF_TOR_SIGNALING	45	31		
GOBP_POSITIVE_REGULATION_OF_TOR_SIGNALING	47	35		
GOBP_ARF_PROTEIN_SIGNAL_TRANSDUCTION	20	16		
GOBP_ISG15_PROTEIN_CONJUGATION	6		Rejected!	
GOBP_POSITIVE_REGULATION_OF_INSULIN_SECRETION	67	34		
GOBP_RESPONSE_TO_COBALT_ION	10		Rejected!	
GOBP_RESPONSE_TO_MAGNESIUM_ION	19		Rejected!	
GOBP_MITOCHONDRIAL_DNA_METABOLIC_PROCESS	15		Rejected!	
GOBP_CARDIOLIPIN_METABOLIC_PROCESS	17		Rejected!	
GOBP_CARDIOLIPIN_BIOSYNTHETIC_PROCESS	8		Rejected!	
GOBP_CILIARY_BASAL_BODY_ORGANIZATION	5		Rejected!	
GOBP_POSITIVE_REGULATION_OF_TRANSLATION_IN_RESPONSE_TO_STRESS	7		Rejected!	
GOBP_BLEB_ASSEMBLY	10		Rejected!	
GOBP_REGULATION_OF_NUCLEASE_ACTIVITY	21	18		
GOBP_REGULATION_OF_DEOXYRIBONUCLEASE_ACTIVITY	10		Rejected!	
GOBP_REGULATION_OF_ENDODEOXYRIBONUCLEASE_ACTIVITY	8		Rejected!	
GOBP_NEGATIVE_REGULATION_OF_NUCLEASE_ACTIVITY	7		Rejected!	
GOBP_POSITIVE_REGULATION_OF_NUCLEASE_ACTIVITY	7		Rejected!	
GOBP_POSITIVE_REGULATION_OF_DEOXYRIBONUCLEASE_ACTIVITY	5		Rejected!	
GOBP_NEGATIVE_REGULATION_OF_NF_KAPPAB_TRANSCRIPTION_FACTOR_ACTIVITY	95	59		
GOBP_NEGATIVE_REGULATION_OF_PROTEIN_BINDING	97	56		
GOBP_POSITIVE_REGULATION_OF_PROTEIN_BINDING	83	56		
GOBP_RESPONSE_TO_FOOD	37		Rejected!	
GOBP_REGULATION_OF_RESPONSE_TO_FOOD	16		Rejected!	
GOBP_NEGATIVE_REGULATION_OF_RESPONSE_TO_FOOD	11		Rejected!	
GOBP_REGULATION_OF_APPETITE	21		Rejected!	
GOBP_REGULATION_OF_RESPONSE_TO_EXTERNAL_STIMULUS	978	461		
GOBP_NEGATIVE_REGULATION_OF_RESPONSE_TO_EXTERNAL_STIMULUS	429	176		
GOBP_POSITIVE_REGULATION_OF_RESPONSE_TO_EXTERNAL_STIMULUS	441	207		
GOBP_REGULATION_OF_RESPONSE_TO_EXTRACELLULAR_STIMULUS	25		Rejected!	
GOBP_SEQUESTERING_OF_ZINC_ION	8		Rejected!	
GOBP_ACTIVATION_OF_PROTEIN_KINASE_ACTIVITY	141	78		
GOBP_ACTIVATION_OF_PROTEIN_KINASE_B_ACTIVITY	31		Rejected!	
GOBP_TRANSPOSITION	32		Rejected!	
GOBP_TRANSPOSITION_RNA_MEDIATED	5		Rejected!	
GOBP_TELOMERE_ORGANIZATION	162	122		
GOBP_TELOMERE_MAINTENANCE_VIA_SEMI_CONSERVATIVE_REPLICATION	9		Rejected!	
GOBP_REGULATION_OF_TELOMERE_MAINTENANCE	80	72		
GOBP_NEGATIVE_REGULATION_OF_TELOMERE_MAINTENANCE	35	30		
GOBP_POSITIVE_REGULATION_OF_TELOMERE_MAINTENANCE	52	47		
GOBP_NEGATIVE_REGULATION_OF_TELOMERE_MAINTENANCE_VIA_TELOMERASE	20	16		
GOBP_RIBOFLAVIN_TRANSPORT	6		Rejected!	
GOBP_REGULATION_OF_SYNAPTIC_TRANSMISSION_CHOLINERGIC	6		Rejected!	
GOBP_REGULATION_OF_SYNAPTIC_TRANSMISSION_DOPAMINERGIC	8		Rejected!	
GOBP_REGULATION_OF_SYNAPTIC_TRANSMISSION_GABAERGIC	34	17		
GOBP_NEGATIVE_REGULATION_OF_SYNAPTIC_TRANSMISSION_GABAERGIC	6		Rejected!	
GOBP_POSITIVE_REGULATION_OF_SYNAPTIC_TRANSMISSION_GABAERGIC	14		Rejected!	
GOBP_REGULATION_OF_ACTIN_FILAMENT_BUNDLE_ASSEMBLY	106	60		
GOBP_NEGATIVE_REGULATION_OF_ACTIN_FILAMENT_BUNDLE_ASSEMBLY	36	15		
GOBP_POSITIVE_REGULATION_OF_ACTIN_FILAMENT_BUNDLE_ASSEMBLY	61	36		
GOBP_ACTIVATION_OF_STORE_OPERATED_CALCIUM_CHANNEL_ACTIVITY	5		Rejected!	
GOBP_REGULATION_OF_NUCLEOBASE_CONTAINING_COMPOUND_TRANSPORT	15		Rejected!	
GOBP_POSITIVE_REGULATION_OF_NUCLEOBASE_CONTAINING_COMPOUND_TRANSPORT	6		Rejected!	
GOBP_SECRETORY_GRANULE_LOCALIZATION	12		Rejected!	
GOBP_METHYLATION	377	257		
GOBP_PURINE_NUCLEOTIDE_SALVAGE	10		Rejected!	
GOBP_GMP_SALVAGE	5		Rejected!	
GOBP_IMP_SALVAGE	5		Rejected!	
GOBP_REGULATION_OF_PROTEIN_POLYMERIZATION	200	117		
GOBP_NEGATIVE_REGULATION_OF_PROTEIN_POLYMERIZATION	80	42		
GOBP_POSITIVE_REGULATION_OF_PROTEIN_POLYMERIZATION	93	55		
GOBP_GONADOTROPIN_SECRETION	16		Rejected!	
GOBP_LUTEINIZING_HORMONE_SECRETION	10		Rejected!	
GOBP_REGULATION_OF_GONADOTROPIN_SECRETION	11		Rejected!	
GOBP_NEGATIVE_REGULATION_OF_GONADOTROPIN_SECRETION	7		Rejected!	
GOBP_POSITIVE_REGULATION_OF_GONADOTROPIN_SECRETION	7		Rejected!	
GOBP_CENTRAL_NERVOUS_SYSTEM_MYELIN_MAINTENANCE	5		Rejected!	
GOBP_PERIPHERAL_NERVOUS_SYSTEM_MYELIN_MAINTENANCE	9		Rejected!	
GOBP_MYELIN_ASSEMBLY	22		Rejected!	
GOBP_CENTRAL_NERVOUS_SYSTEM_MYELIN_FORMATION	6		Rejected!	
GOBP_AXON_ENSHEATHMENT_IN_CENTRAL_NERVOUS_SYSTEM	24		Rejected!	
GOBP_REGULATION_OF_ICOSANOID_SECRETION	22		Rejected!	
GOBP_REGULATION_OF_PROSTAGLANDIN_SECRETION	14		Rejected!	
GOBP_ALANINE_TRANSPORT	15		Rejected!	
GOBP_SERINE_TRANSPORT	11		Rejected!	
GOBP_REGULATION_OF_CHONDROCYTE_DIFFERENTIATION	50		Rejected!	
GOBP_NEGATIVE_REGULATION_OF_CHONDROCYTE_DIFFERENTIATION	22		Rejected!	
GOBP_POSITIVE_REGULATION_OF_CHONDROCYTE_DIFFERENTIATION	19		Rejected!	
GOBP_REGULATION_OF_ALDOSTERONE_METABOLIC_PROCESS	8		Rejected!	
GOBP_REGULATION_OF_HORMONE_METABOLIC_PROCESS	36	17		
GOBP_NEGATIVE_REGULATION_OF_HORMONE_METABOLIC_PROCESS	11		Rejected!	
GOBP_POSITIVE_REGULATION_OF_HORMONE_METABOLIC_PROCESS	14		Rejected!	
GOBP_NEGATIVE_REGULATION_OF_HORMONE_BIOSYNTHETIC_PROCESS	9		Rejected!	
GOBP_RESPONSE_TO_FOLLICLE_STIMULATING_HORMONE	18		Rejected!	
GOBP_RESPONSE_TO_ESTRADIOL	123	56		
GOBP_OXYGEN_HOMEOSTASIS	7		Rejected!	
GOBP_INTRACELLULAR_LIPID_TRANSPORT	47	33		
GOBP_INTRACELLULAR_STEROL_TRANSPORT	32	24		
GOBP_REGULATION_OF_LIPID_TRANSPORT	153	55		
GOBP_NEGATIVE_REGULATION_OF_LIPID_TRANSPORT	45		Rejected!	
GOBP_POSITIVE_REGULATION_OF_LIPID_TRANSPORT	87	32		
GOBP_REGULATION_OF_STEROL_TRANSPORT	80	27		
GOBP_NEGATIVE_REGULATION_OF_STEROL_TRANSPORT	29		Rejected!	
GOBP_POSITIVE_REGULATION_OF_STEROL_TRANSPORT	39	17		
GOBP_REGULATION_OF_INTRACELLULAR_LIPID_TRANSPORT	11		Rejected!	
GOBP_POSITIVE_REGULATION_OF_INTRACELLULAR_LIPID_TRANSPORT	5		Rejected!	
GOBP_REGULATION_OF_INTRACELLULAR_TRANSPORT	333	233		
GOBP_NEGATIVE_REGULATION_OF_INTRACELLULAR_TRANSPORT	60	37		
GOBP_POSITIVE_REGULATION_OF_INTRACELLULAR_TRANSPORT	197	147		
GOBP_DNA_GEOMETRIC_CHANGE	96	85		
GOBP_REGULATION_OF_TRANSPORTER_ACTIVITY	305	109		
GOBP_NEGATIVE_REGULATION_OF_TRANSPORTER_ACTIVITY	107	28		
GOBP_POSITIVE_REGULATION_OF_TRANSPORTER_ACTIVITY	117	46		
GOBP_NEGATIVE_REGULATION_OF_ION_TRANSMEMBRANE_TRANSPORTER_ACTIVITY	84	24		
GOBP_REGULATION_OF_SODIUM_PROTON_ANTIPORTER_ACTIVITY	6		Rejected!	
GOBP_REGULATION_OF_PHOSPHOLIPASE_A2_ACTIVITY	13		Rejected!	
GOBP_POSITIVE_REGULATION_OF_PHOSPHOLIPASE_A2_ACTIVITY	7		Rejected!	
GOBP_REGULATION_OF_PROTEASOMAL_UBIQUITIN_DEPENDENT_PROTEIN_CATABOLIC_PROCESS	138	110		
GOBP_NEGATIVE_REGULATION_OF_PROTEASOMAL_UBIQUITIN_DEPENDENT_PROTEIN_CATABOLIC_PROCESS	36	27		
GOBP_POSITIVE_REGULATION_OF_PROTEASOMAL_UBIQUITIN_DEPENDENT_PROTEIN_CATABOLIC_PROCESS	93	74		
GOBP_PROTEIN_MODIFICATION_BY_SMALL_PROTEIN_CONJUGATION	873		Rejected!	
GOBP_ENDOCYTIC_RECYCLING	76	52		
GOBP_REGULATION_OF_CYTOKINESIS	91	66		
GOBP_NEGATIVE_REGULATION_OF_CYTOKINESIS	7		Rejected!	
GOBP_POSITIVE_REGULATION_OF_CYTOKINESIS	42	26		
GOBP_ENDOPLASMIC_RETICULUM_CALCIUM_ION_HOMEOSTASIS	25	24		
GOBP_NEGATIVE_REGULATION_OF_ENDOPLASMIC_RETICULUM_CALCIUM_ION_CONCENTRATION	8		Rejected!	
GOBP_NEGATIVE_REGULATION_OF_TYPE_I_INTERFERON_PRODUCTION	32	23		
GOBP_POSITIVE_REGULATION_OF_TYPE_I_INTERFERON_PRODUCTION	58	44		
GOBP_RAB_PROTEIN_SIGNAL_TRANSDUCTION	21		Rejected!	
GOBP_REGULATION_OF_RAB_PROTEIN_SIGNAL_TRANSDUCTION	7		Rejected!	
GOBP_RAL_PROTEIN_SIGNAL_TRANSDUCTION	5		Rejected!	
GOBP_RAP_PROTEIN_SIGNAL_TRANSDUCTION	14		Rejected!	
GOBP_CDC42_PROTEIN_SIGNAL_TRANSDUCTION	15		Rejected!	
GOBP_REGULATION_OF_CDC42_PROTEIN_SIGNAL_TRANSDUCTION	8		Rejected!	
GOBP_DETECTION_OF_MOLECULE_OF_BACTERIAL_ORIGIN	12		Rejected!	
GOBP_RESPONSE_TO_BACTERIAL_LIPOPROTEIN	11		Rejected!	
GOBP_RESPONSE_TO_PEPTIDOGLYCAN	13		Rejected!	
GOBP_RESPONSE_TO_MURAMYL_DIPEPTIDE	20		Rejected!	
GOBP_MULTICELLULAR_ORGANISM_REPRODUCTION	887	345		
GOBP_CYTOKINETIC_PROCESS	39	34		
GOBP_MAINTENANCE_OF_PROTEIN_LOCATION_IN_CELL	63	49		
GOBP_ENDOSOME_TRANSPORT_VIA_MULTIVESICULAR_BODY_SORTING_PATHWAY	32	26		
GOBP_ENDOSOME_TO_LYSOSOME_TRANSPORT_VIA_MULTIVESICULAR_BODY_SORTING_PATHWAY	7		Rejected!	
GOBP_LATE_ENDOSOME_TO_VACUOLE_TRANSPORT_VIA_MULTIVESICULAR_BODY_SORTING_PATHWAY	18	15		
GOBP_NEGATIVE_REGULATION_OF_PHOSPHOPROTEIN_PHOSPHATASE_ACTIVITY	26	17		
GOBP_POSITIVE_REGULATION_OF_PHOSPHOPROTEIN_PHOSPHATASE_ACTIVITY	22		Rejected!	
GOBP_SOMITE_ROSTRAL_CAUDAL_AXIS_SPECIFICATION	11		Rejected!	
GOBP_RESPONSE_TO_RETINOIC_ACID	109	41		
GOBP_PROTEIN_EXIT_FROM_ENDOPLASMIC_RETICULUM	50	39		
GOBP_MICROVILLUS_ORGANIZATION	30	17		
GOBP_REGULATION_OF_MICROVILLUS_ORGANIZATION	13		Rejected!	
GOBP_REGULATION_OF_MICROVILLUS_LENGTH	7		Rejected!	
GOBP_REGULATION_OF_MICROVILLUS_ASSEMBLY	6		Rejected!	
GOBP_REGULATION_OF_CELLULAR_COMPONENT_SIZE	350	190		
GOBP_REGULATION_OF_CELL_PROJECTION_SIZE	13		Rejected!	
GOBP_MITOCHONDRIAL_TRANSLATION	72	67		
GOBP_RESPONSE_TO_PROGESTERONE	39	20		
GOBP_RESPONSE_TO_VITAMIN_K	7		Rejected!	
GOBP_PROTEIN_TRANSPORT_WITHIN_LIPID_BILAYER	6		Rejected!	
GOBP_CHEMOKINE_PRODUCTION	98	39		
GOBP_GRANULOCYTE_MACROPHAGE_COLONY_STIMULATING_FACTOR_PRODUCTION	17		Rejected!	
GOBP_TYPE_I_INTERFERON_PRODUCTION	98	74		
GOBP_INTERFERON_ALPHA_PRODUCTION	27	19		
GOBP_INTERFERON_BETA_PRODUCTION	57	45		
GOBP_INTERFERON_GAMMA_PRODUCTION	117	63		
GOBP_INTERLEUKIN_1_ALPHA_PRODUCTION	11		Rejected!	
GOBP_INTERLEUKIN_1_PRODUCTION	130	50		
GOBP_INTERLEUKIN_10_PRODUCTION	63	30		
GOBP_INTERLEUKIN_12_PRODUCTION	63	33		
GOBP_INTERLEUKIN_13_PRODUCTION	20		Rejected!	
GOBP_INTERLEUKIN_17_PRODUCTION	45	22		
GOBP_INTERLEUKIN_18_PRODUCTION	13		Rejected!	
GOBP_INTERLEUKIN_2_PRODUCTION	63	42		
GOBP_INTERLEUKIN_21_PRODUCTION	7		Rejected!	
GOBP_INTERLEUKIN_23_PRODUCTION	9		Rejected!	
GOBP_INTERLEUKIN_4_PRODUCTION	33	22		
GOBP_INTERLEUKIN_5_PRODUCTION	20		Rejected!	
GOBP_INTERLEUKIN_6_PRODUCTION	172	76		
GOBP_INTERLEUKIN_8_PRODUCTION	103	40		
GOBP_NEGATIVE_REGULATION_OF_CHEMOKINE_PRODUCTION	26		Rejected!	
GOBP_NEGATIVE_REGULATION_OF_INTERFERON_ALPHA_PRODUCTION	6		Rejected!	
GOBP_NEGATIVE_REGULATION_OF_INTERFERON_BETA_PRODUCTION	14		Rejected!	
GOBP_NEGATIVE_REGULATION_OF_INTERFERON_GAMMA_PRODUCTION	42	20		
GOBP_NEGATIVE_REGULATION_OF_INTERLEUKIN_1_ALPHA_PRODUCTION	5		Rejected!	
GOBP_NEGATIVE_REGULATION_OF_INTERLEUKIN_1_BETA_PRODUCTION	45		Rejected!	
GOBP_NEGATIVE_REGULATION_OF_INTERLEUKIN_1_PRODUCTION	53		Rejected!	
GOBP_NEGATIVE_REGULATION_OF_INTERLEUKIN_10_PRODUCTION	23		Rejected!	
GOBP_NEGATIVE_REGULATION_OF_INTERLEUKIN_12_PRODUCTION	19		Rejected!	
GOBP_NEGATIVE_REGULATION_OF_INTERLEUKIN_13_PRODUCTION	7		Rejected!	
GOBP_NEGATIVE_REGULATION_OF_INTERLEUKIN_17_PRODUCTION	22		Rejected!	
GOBP_NEGATIVE_REGULATION_OF_INTERLEUKIN_18_PRODUCTION	5		Rejected!	
GOBP_NEGATIVE_REGULATION_OF_INTERLEUKIN_2_PRODUCTION	28	15		
GOBP_NEGATIVE_REGULATION_OF_INTERLEUKIN_21_PRODUCTION	5		Rejected!	
GOBP_NEGATIVE_REGULATION_OF_INTERLEUKIN_4_PRODUCTION	8		Rejected!	
GOBP_NEGATIVE_REGULATION_OF_INTERLEUKIN_5_PRODUCTION	8		Rejected!	
GOBP_NEGATIVE_REGULATION_OF_INTERLEUKIN_6_PRODUCTION	69	25		
GOBP_NEGATIVE_REGULATION_OF_INTERLEUKIN_8_PRODUCTION	38		Rejected!	
GOBP_POSITIVE_REGULATION_OF_CHEMOKINE_PRODUCTION	70	32		
GOBP_POSITIVE_REGULATION_OF_INTERFERON_ALPHA_PRODUCTION	21	15		
GOBP_POSITIVE_REGULATION_OF_INTERFERON_BETA_PRODUCTION	39	31		
GOBP_POSITIVE_REGULATION_OF_INTERFERON_GAMMA_PRODUCTION	77	44		
GOBP_POSITIVE_REGULATION_OF_INTERLEUKIN_1_ALPHA_PRODUCTION	6		Rejected!	
GOBP_POSITIVE_REGULATION_OF_INTERLEUKIN_1_BETA_PRODUCTION	62	28		
GOBP_POSITIVE_REGULATION_OF_INTERLEUKIN_1_PRODUCTION	73	34		
GOBP_POSITIVE_REGULATION_OF_INTERLEUKIN_10_PRODUCTION	41	22		
GOBP_POSITIVE_REGULATION_OF_INTERLEUKIN_12_PRODUCTION	42	22		
GOBP_POSITIVE_REGULATION_OF_INTERLEUKIN_13_PRODUCTION	13		Rejected!	
GOBP_POSITIVE_REGULATION_OF_INTERLEUKIN_17_PRODUCTION	24		Rejected!	
GOBP_POSITIVE_REGULATION_OF_INTERLEUKIN_18_PRODUCTION	7		Rejected!	
GOBP_POSITIVE_REGULATION_OF_INTERLEUKIN_2_PRODUCTION	34	28		
GOBP_POSITIVE_REGULATION_OF_INTERLEUKIN_23_PRODUCTION	7		Rejected!	
GOBP_POSITIVE_REGULATION_OF_INTERLEUKIN_4_PRODUCTION	25	17		
GOBP_POSITIVE_REGULATION_OF_INTERLEUKIN_5_PRODUCTION	10		Rejected!	
GOBP_POSITIVE_REGULATION_OF_INTERLEUKIN_6_PRODUCTION	97	49		
GOBP_POSITIVE_REGULATION_OF_INTERLEUKIN_8_PRODUCTION	62	28		
GOBP_MAST_CELL_CYTOKINE_PRODUCTION	5		Rejected!	
GOBP_REGULATION_OF_MONOOXYGENASE_ACTIVITY	57	29		
GOBP_NEGATIVE_REGULATION_OF_MONOOXYGENASE_ACTIVITY	18		Rejected!	
GOBP_POSITIVE_REGULATION_OF_MONOOXYGENASE_ACTIVITY	32	20		
GOBP_DNA_METHYLATION_ON_CYTOSINE	6		Rejected!	
GOBP_NEGATIVE_REGULATION_OF_ATP_DEPENDENT_ACTIVITY	22		Rejected!	
GOBP_POSITIVE_REGULATION_OF_ATP_DEPENDENT_ACTIVITY	45	32		
GOBP_BILE_ACID_SECRETION	12		Rejected!	
GOBP_REGULATION_OF_DNA_TEMPLATED_TRANSCRIPTION_ELONGATION	57	47		
GOBP_NEGATIVE_REGULATION_OF_DNA_TEMPLATED_TRANSCRIPTION_ELONGATION	19	15		
GOBP_POSITIVE_REGULATION_OF_DNA_TEMPLATED_TRANSCRIPTION_ELONGATION	30	25		
GOBP_MONOCARBOXYLIC_ACID_METABOLIC_PROCESS	602	292		
GOBP_RIBOSOME_DISASSEMBLY	8		Rejected!	
GOBP_NEGATIVE_REGULATION_OF_CREB_TRANSCRIPTION_FACTOR_ACTIVITY	6		Rejected!	
GOBP_POSITIVE_REGULATION_OF_CREB_TRANSCRIPTION_FACTOR_ACTIVITY	20		Rejected!	
GOBP_LOW_DENSITY_LIPOPROTEIN_RECEPTOR_PARTICLE_METABOLIC_PROCESS	6		Rejected!	
GOBP_RECEPTOR_CATABOLIC_PROCESS	28	26		
GOBP_LACRIMAL_GLAND_DEVELOPMENT	7		Rejected!	
GOBP_NEGATIVE_REGULATION_OF_EPINEPHRINE_SECRETION	5		Rejected!	
GOBP_REGULATION_OF_NATURAL_KILLER_CELL_ACTIVATION	38	24		
GOBP_NEGATIVE_REGULATION_OF_NATURAL_KILLER_CELL_ACTIVATION	9		Rejected!	
GOBP_POSITIVE_REGULATION_OF_NATURAL_KILLER_CELL_ACTIVATION	25	15		
GOBP_POSITIVE_REGULATION_OF_NATURAL_KILLER_CELL_PROLIFERATION	10		Rejected!	
GOBP_REGULATION_OF_NATURAL_KILLER_CELL_DIFFERENTIATION	12		Rejected!	
GOBP_POSITIVE_REGULATION_OF_NATURAL_KILLER_CELL_DIFFERENTIATION	8		Rejected!	
GOBP_REGULATION_OF_CD4_POSITIVE_CD25_POSITIVE_ALPHA_BETA_REGULATORY_T_CELL_DIFFERENTIATION	5		Rejected!	
GOBP_GLOMERULUS_DEVELOPMENT	67	15		
GOBP_GLOMERULAR_BASEMENT_MEMBRANE_DEVELOPMENT	11		Rejected!	
GOBP_REGULATION_OF_CELLULAR_PH_REDUCTION	8		Rejected!	
GOBP_POSITIVE_REGULATION_OF_CELLULAR_PH_REDUCTION	6		Rejected!	
GOBP_RESPONSE_TO_INSULIN	261	157		
GOBP_CELLULAR_RESPONSE_TO_INSULIN_STIMULUS	207	129		
GOBP_CELLULAR_RESPONSE_TO_HORMONE_STIMULUS	583	328		
GOBP_REGULATION_OF_ESTABLISHMENT_OR_MAINTENANCE_OF_CELL_POLARITY	26	18		
GOBP_REGULATION_OF_PROTEIN_LOCALIZATION	831		Rejected!	
GOBP_REGULATION_OF_POLYSACCHARIDE_METABOLIC_PROCESS	45	24		
GOBP_REGULATION_OF_MICROTUBULE_BASED_PROCESS	249	153		
GOBP_REGULATION_OF_ORGANIC_ACID_TRANSPORT	70	29		
GOBP_NEGATIVE_REGULATION_OF_ORGANIC_ACID_TRANSPORT	22		Rejected!	
GOBP_POSITIVE_REGULATION_OF_ORGANIC_ACID_TRANSPORT	45	18		
GOBP_NEGATIVE_REGULATION_OF_VIRAL_TRANSCRIPTION	15		Rejected!	
GOBP_NEUROTROPHIN_PRODUCTION	5		Rejected!	
GOBP_TRANSFORMING_GROWTH_FACTOR_BETA1_PRODUCTION	15		Rejected!	
GOBP_TRANSFORMING_GROWTH_FACTOR_BETA2_PRODUCTION	9		Rejected!	
GOBP_REGULATION_OF_TRANSFORMING_GROWTH_FACTOR_BETA1_PRODUCTION	12		Rejected!	
GOBP_NEGATIVE_REGULATION_OF_TRANSFORMING_GROWTH_FACTOR_BETA1_PRODUCTION	6		Rejected!	
GOBP_POSITIVE_REGULATION_OF_TRANSFORMING_GROWTH_FACTOR_BETA1_PRODUCTION	7		Rejected!	
GOBP_CIRCADIAN_REGULATION_OF_GENE_EXPRESSION	69	48		
GOBP_ACTIVIN_RECEPTOR_SIGNALING_PATHWAY	48	19		
GOBP_REGULATION_OF_ACTIVIN_RECEPTOR_SIGNALING_PATHWAY	27		Rejected!	
GOBP_NEGATIVE_REGULATION_OF_ACTIVIN_RECEPTOR_SIGNALING_PATHWAY	12		Rejected!	
GOBP_POSITIVE_REGULATION_OF_ACTIVIN_RECEPTOR_SIGNALING_PATHWAY	8		Rejected!	
GOBP_REGULATION_OF_SUPEROXIDE_ANION_GENERATION	22	15		
GOBP_SECRETION_BY_TISSUE	41	15		
GOBP_INOSITOL_TRISPHOSPHATE_METABOLIC_PROCESS	12		Rejected!	
GOBP_INOSITOL_PHOSPHATE_BIOSYNTHETIC_PROCESS	28		Rejected!	
GOBP_INOSITOL_TRISPHOSPHATE_BIOSYNTHETIC_PROCESS	8		Rejected!	
GOBP_REGULATION_OF_INOSITOL_TRISPHOSPHATE_BIOSYNTHETIC_PROCESS	6		Rejected!	
GOBP_POSITIVE_REGULATION_OF_INOSITOL_TRISPHOSPHATE_BIOSYNTHETIC_PROCESS	5		Rejected!	
GOBP_COLLAGEN_METABOLIC_PROCESS	101	33		
GOBP_COLLAGEN_BIOSYNTHETIC_PROCESS	47	16		
GOBP_POSITIVE_REGULATION_OF_TRANSCRIPTION_ELONGATION_FROM_RNA_POLYMERASE_II_PROMOTER	19	16		
GOBP_REGULATION_OF_ACTIN_FILAMENT_BASED_PROCESS	392	203		
GOBP_PROTEIN_CONTAINING_COMPLEX_DISASSEMBLY	245	168		
GOBP_PROTEIN_DNA_COMPLEX_DISASSEMBLY	21	15		
GOBP_RIBONUCLEOPROTEIN_COMPLEX_DISASSEMBLY	7		Rejected!	
GOBP_CELLULAR_COMPONENT_MORPHOGENESIS	753	319		
GOBP_CELL_PART_MORPHOGENESIS	658	284		
GOBP_MUSCLE_CELL_PROLIFERATION	233	89		
GOBP_REGULATION_OF_MAST_CELL_ACTIVATION	45	24		
GOBP_NEGATIVE_REGULATION_OF_MAST_CELL_ACTIVATION	14		Rejected!	
GOBP_POSITIVE_REGULATION_OF_MAST_CELL_ACTIVATION	21		Rejected!	
GOBP_REGULATION_OF_MAST_CELL_ACTIVATION_INVOLVED_IN_IMMUNE_RESPONSE	34	17		
GOBP_NEGATIVE_REGULATION_OF_MAST_CELL_ACTIVATION_INVOLVED_IN_IMMUNE_RESPONSE	10		Rejected!	
GOBP_POSITIVE_REGULATION_OF_MAST_CELL_ACTIVATION_INVOLVED_IN_IMMUNE_RESPONSE	15		Rejected!	
GOBP_TETRAPYRROLE_METABOLIC_PROCESS	66	43		
GOBP_TETRAPYRROLE_BIOSYNTHETIC_PROCESS	35	27		
GOBP_TETRAPYRROLE_CATABOLIC_PROCESS	12		Rejected!	
GOBP_MYELOID_CELL_APOPTOTIC_PROCESS	32	18		
GOBP_REGULATION_OF_MYELOID_CELL_APOPTOTIC_PROCESS	27		Rejected!	
GOBP_NEGATIVE_REGULATION_OF_MYELOID_CELL_APOPTOTIC_PROCESS	14		Rejected!	
GOBP_POSITIVE_REGULATION_OF_MYELOID_CELL_APOPTOTIC_PROCESS	8		Rejected!	
GOBP_REGULATION_OF_ORGANELLE_ORGANIZATION	1148		Rejected!	
GOBP_REGULATION_OF_CHROMOSOME_ORGANIZATION	213	181		
GOBP_REGULATION_OF_MITOTIC_SISTER_CHROMATID_SEGREGATION	46	40		
GOBP_CELLULAR_PIGMENTATION	53	37		
GOBP_T_CELL_DIFFERENTIATION_IN_THYMUS	78	53		
GOBP_IMMATURE_T_CELL_PROLIFERATION	10		Rejected!	
GOBP_REGULATION_OF_T_CELL_DIFFERENTIATION_IN_THYMUS	25	15		
GOBP_REGULATION_OF_IMMATURE_T_CELL_PROLIFERATION	9		Rejected!	
GOBP_NEGATIVE_REGULATION_OF_T_CELL_DIFFERENTIATION_IN_THYMUS	8		Rejected!	
GOBP_POSITIVE_REGULATION_OF_T_CELL_DIFFERENTIATION_IN_THYMUS	10		Rejected!	
GOBP_POSITIVE_REGULATION_OF_IMMATURE_T_CELL_PROLIFERATION	5		Rejected!	
GOBP_MITOCHONDRIAL_RESPIRATORY_CHAIN_COMPLEX_ASSEMBLY	94	78		
GOBP_NEGATIVE_REGULATION_OF_RNA_SPLICING	25	23		
GOBP_POSITIVE_REGULATION_OF_RNA_SPLICING	37	30		
GOBP_REGULATION_OF_HISTONE_PHOSPHORYLATION	15		Rejected!	
GOBP_NEGATIVE_REGULATION_OF_HISTONE_PHOSPHORYLATION	6		Rejected!	
GOBP_POSITIVE_REGULATION_OF_HISTONE_PHOSPHORYLATION	7		Rejected!	
GOBP_POSITIVE_REGULATION_OF_GLUCOKINASE_ACTIVITY	5		Rejected!	
GOBP_REGULATION_OF_PEPTIDYL_SERINE_PHOSPHORYLATION	144	71		
GOBP_NEGATIVE_REGULATION_OF_PEPTIDYL_SERINE_PHOSPHORYLATION	31	17		
GOBP_POSITIVE_REGULATION_OF_PEPTIDYL_SERINE_PHOSPHORYLATION	107	49		
GOBP_REGULATION_OF_PEPTIDYL_SERINE_PHOSPHORYLATION_OF_STAT_PROTEIN	23		Rejected!	
GOBP_REGULATION_OF_INTRACELLULAR_STEROID_HORMONE_RECEPTOR_SIGNALING_PATHWAY	72	51		
GOBP_NEGATIVE_REGULATION_OF_INTRACELLULAR_STEROID_HORMONE_RECEPTOR_SIGNALING_PATHWAY	37	24		
GOBP_POSITIVE_REGULATION_OF_INTRACELLULAR_STEROID_HORMONE_RECEPTOR_SIGNALING_PATHWAY	12		Rejected!	
GOBP_REGULATION_OF_INTRACELLULAR_ESTROGEN_RECEPTOR_SIGNALING_PATHWAY	35	22		
GOBP_NEGATIVE_REGULATION_OF_INTRACELLULAR_ESTROGEN_RECEPTOR_SIGNALING_PATHWAY	15		Rejected!	
GOBP_V_D_J_RECOMBINATION	20	16		
GOBP_IMMUNOGLOBULIN_V_D_J_RECOMBINATION	8		Rejected!	
GOBP_REGULATION_OF_INTRACELLULAR_PROTEIN_TRANSPORT	223	163		
GOBP_HISTONE_H3_K9_DEMETHYLATION	14		Rejected!	
GOBP_REGULATION_OF_HISTONE_UBIQUITINATION	12		Rejected!	
GOBP_POSITIVE_REGULATION_OF_HISTONE_UBIQUITINATION	5		Rejected!	
GOBP_RESPONSE_TO_VITAMIN_A	17		Rejected!	
GOBP_RESPONSE_TO_HYDROPEROXIDE	17		Rejected!	
GOBP_RESPONSE_TO_VITAMIN_E	10		Rejected!	
GOBP_RESPONSE_TO_ATP	30		Rejected!	
GOBP_MEIOTIC_CYTOKINESIS	7		Rejected!	
GOBP_TUMOR_NECROSIS_FACTOR_MEDIATED_SIGNALING_PATHWAY	107	72		
GOBP_LEPTIN_MEDIATED_SIGNALING_PATHWAY	11		Rejected!	
GOBP_ADIPONECTIN_ACTIVATED_SIGNALING_PATHWAY	7		Rejected!	
GOBP_IRON_IMPORT_INTO_CELL	12		Rejected!	
GOBP_REGULATION_OF_PROTEIN_SUMOYLATION	25	21		
GOBP_NEGATIVE_REGULATION_OF_PROTEIN_SUMOYLATION	11		Rejected!	
GOBP_POSITIVE_REGULATION_OF_PROTEIN_SUMOYLATION	12		Rejected!	
GOBP_REGULATION_OF_CELLULAR_AMINE_METABOLIC_PROCESS	34	15		
GOBP_NEGATIVE_REGULATION_OF_CELLULAR_AMINE_METABOLIC_PROCESS	6		Rejected!	
GOBP_POSITIVE_REGULATION_OF_CELLULAR_AMINE_METABOLIC_PROCESS	9		Rejected!	
GOBP_REGULATION_OF_NUCLEAR_CELL_CYCLE_DNA_REPLICATION	13		Rejected!	
GOBP_RESPONSE_TO_VITAMIN	83	32		
GOBP_ACTIN_MYOSIN_FILAMENT_SLIDING	16		Rejected!	
GOBP_CELL_PROLIFERATION_IN_MIDBRAIN	8		Rejected!	
GOBP_RESPONSE_TO_VITAMIN_D	35		Rejected!	
GOBP_T_TUBULE_ORGANIZATION	9		Rejected!	
GOBP_SECRETION_OF_LYSOSOMAL_ENZYMES	7		Rejected!	
GOBP_MEIOTIC_CELL_CYCLE_CHECKPOINT_SIGNALING	8		Rejected!	
GOBP_MITOTIC_DNA_REPLICATION_CHECKPOINT_SIGNALING	10		Rejected!	
GOBP_LEYDIG_CELL_DIFFERENTIATION	10		Rejected!	
GOBP_CHOLESTEROL_EFFLUX	69	23		
GOBP_S_ADENOSYLMETHIONINE_CYCLE	7		Rejected!	
GOBP_SECRETORY_GRANULE_ORGANIZATION	38	24		
GOBP_PROTEIN_LOCALIZATION_TO_ORGANELLE	872		Rejected!	
GOBP_GAS_HOMEOSTASIS	10		Rejected!	
GOBP_CARBOHYDRATE_HOMEOSTASIS	247	115		
GOBP_FLOOR_PLATE_DEVELOPMENT	10		Rejected!	
GOBP_HISTONE_H2A_UBIQUITINATION	26	24		
GOBP_HISTONE_H2B_UBIQUITINATION	12		Rejected!	
GOBP_FATTY_ACID_BETA_OXIDATION_USING_ACYL_COA_DEHYDROGENASE	11		Rejected!	
GOBP_FATTY_ACID_BETA_OXIDATION_USING_ACYL_COA_OXIDASE	12		Rejected!	
GOBP_CELLULAR_RESPONSE_TO_STRESS	1869		Rejected!	
GOBP_MULTICELLULAR_ORGANISMAL_RESPONSE_TO_STRESS	74	23		
GOBP_UNSATURATED_FATTY_ACID_METABOLIC_PROCESS	115	38		
GOBP_REGULATION_OF_WATER_LOSS_VIA_SKIN	29		Rejected!	
GOBP_ANTERIOR_POSTERIOR_AXON_GUIDANCE	7		Rejected!	
GOBP_TRANSFERRIN_TRANSPORT	10		Rejected!	
GOBP_RESPONSE_TO_TESTOSTERONE	41	24		
GOBP_RESPONSE_TO_L_ASCORBIC_ACID	5		Rejected!	
GOBP_MAMMARY_GLAND_EPITHELIAL_CELL_PROLIFERATION	26	18		
GOBP_REGULATION_OF_MAMMARY_GLAND_EPITHELIAL_CELL_PROLIFERATION	15		Rejected!	
GOBP_POSITIVE_REGULATION_OF_MAMMARY_GLAND_EPITHELIAL_CELL_PROLIFERATION	6		Rejected!	
GOBP_NEGATIVE_REGULATION_OF_DOPAMINE_SECRETION	5		Rejected!	
GOBP_POSITIVE_REGULATION_OF_DOPAMINE_SECRETION	6		Rejected!	
GOBP_NEGATIVE_REGULATION_OF_CATECHOLAMINE_SECRETION	13		Rejected!	
GOBP_POSITIVE_REGULATION_OF_CATECHOLAMINE_SECRETION	13		Rejected!	
GOBP_MITOCHONDRIAL_PROTON_TRANSPORTING_ATP_SYNTHASE_COMPLEX_ASSEMBLY	8		Rejected!	
GOBP_MITOCHONDRIAL_CYTOCHROME_C_OXIDASE_ASSEMBLY	22	18		
GOBP_MEMBRANE_PROTEIN_PROTEOLYSIS	58	42		
GOBP_INTEGRIN_ACTIVATION	26		Rejected!	
GOBP_REGULATION_OF_INTEGRIN_ACTIVATION	17		Rejected!	
GOBP_POSITIVE_REGULATION_OF_INTEGRIN_ACTIVATION	11		Rejected!	
GOBP_CELL_ADHESION_MEDIATED_BY_INTEGRIN	86	41		
GOBP_REGULATION_OF_CELL_ADHESION_MEDIATED_BY_INTEGRIN	48	25		
GOBP_NEGATIVE_REGULATION_OF_CELL_ADHESION_MEDIATED_BY_INTEGRIN	12		Rejected!	
GOBP_POSITIVE_REGULATION_OF_CELL_ADHESION_MEDIATED_BY_INTEGRIN	21		Rejected!	
GOBP_CELL_CELL_ADHESION_MEDIATED_BY_INTEGRIN	17		Rejected!	
GOBP_REGULATION_OF_CELL_CELL_ADHESION_MEDIATED_BY_INTEGRIN	11		Rejected!	
GOBP_POSITIVE_REGULATION_OF_CELL_CELL_ADHESION_MEDIATED_BY_INTEGRIN	6		Rejected!	
GOBP_NEGATIVE_REGULATION_OF_KINASE_ACTIVITY	237	144		
GOBP_POSITIVE_REGULATION_OF_KINASE_ACTIVITY	477	243		
GOBP_NUCLEOTIDE_EXCISION_REPAIR_DNA_INCISION	9		Rejected!	
GOBP_REGULATION_OF_LUTEINIZING_HORMONE_SECRETION	6		Rejected!	
GOBP_OSTEOBLAST_PROLIFERATION	34	16		
GOBP_REGULATION_OF_OSTEOBLAST_PROLIFERATION	28		Rejected!	
GOBP_NEGATIVE_REGULATION_OF_OSTEOBLAST_PROLIFERATION	13		Rejected!	
GOBP_POSITIVE_REGULATION_OF_OSTEOBLAST_PROLIFERATION	12		Rejected!	
GOBP_PHOSPHOLIPID_EFFLUX	13		Rejected!	
GOBP_RESPONSE_TO_GLUCAGON	21		Rejected!	
GOBP_REGULATION_OF_NAD_P_H_OXIDASE_ACTIVITY	11		Rejected!	
GOBP_POSITIVE_REGULATION_OF_NAD_P_H_OXIDASE_ACTIVITY	7		Rejected!	
GOBP_NUCLEOSIDE_BISPHOSPHATE_METABOLIC_PROCESS	125	80		
GOBP_NUCLEOSIDE_BISPHOSPHATE_BIOSYNTHETIC_PROCESS	60	46		
GOBP_NUCLEOSIDE_BISPHOSPHATE_CATABOLIC_PROCESS	8		Rejected!	
GOBP_P_BODY_ASSEMBLY	21	18		
GOBP_RESPONSE_TO_LIPID	887	423		
GOBP_ENDOSOMAL_VESICLE_FUSION	9		Rejected!	
GOBP_STRESS_GRANULE_ASSEMBLY	27	22		
GOBP_PROTEIN_LOCALIZATION_TO_GOLGI_APPARATUS	29	25		
GOBP_ESTABLISHMENT_OF_SISTER_CHROMATID_COHESION	10		Rejected!	
GOBP_MAINTENANCE_OF_SISTER_CHROMATID_COHESION	12		Rejected!	
GOBP_REGULATION_OF_MAINTENANCE_OF_SISTER_CHROMATID_COHESION	8		Rejected!	
GOBP_POSITIVE_REGULATION_OF_MAINTENANCE_OF_SISTER_CHROMATID_COHESION	5		Rejected!	
GOBP_RESPONSE_TO_CYTOKINE	914	495		
GOBP_ERYTHROCYTE_HOMEOSTASIS	134	93		
GOBP_REGULATION_OF_TISSUE_REMODELING	87	35		
GOBP_NEGATIVE_REGULATION_OF_TISSUE_REMODELING	22		Rejected!	
GOBP_POSITIVE_REGULATION_OF_TISSUE_REMODELING	23		Rejected!	
GOBP_HOMOTYPIC_CELL_CELL_ADHESION	92	46		
GOBP_REGULATION_OF_HOMOTYPIC_CELL_CELL_ADHESION	35		Rejected!	
GOBP_NEGATIVE_REGULATION_OF_HOMOTYPIC_CELL_CELL_ADHESION	14		Rejected!	
GOBP_POSITIVE_REGULATION_OF_HOMOTYPIC_CELL_CELL_ADHESION	15		Rejected!	
GOBP_HETEROTYPIC_CELL_CELL_ADHESION	62	31		
GOBP_REGULATION_OF_HETEROTYPIC_CELL_CELL_ADHESION	26		Rejected!	
GOBP_POSITIVE_REGULATION_OF_HETEROTYPIC_CELL_CELL_ADHESION	15		Rejected!	
GOBP_REGULATION_OF_TOLL_LIKE_RECEPTOR_SIGNALING_PATHWAY	77	48		
GOBP_NEGATIVE_REGULATION_OF_TOLL_LIKE_RECEPTOR_SIGNALING_PATHWAY	41	20		
GOBP_POSITIVE_REGULATION_OF_TOLL_LIKE_RECEPTOR_SIGNALING_PATHWAY	28	21		
GOBP_TOLL_LIKE_RECEPTOR_2_SIGNALING_PATHWAY	18		Rejected!	
GOBP_REGULATION_OF_TOLL_LIKE_RECEPTOR_2_SIGNALING_PATHWAY	12		Rejected!	
GOBP_NEGATIVE_REGULATION_OF_TOLL_LIKE_RECEPTOR_2_SIGNALING_PATHWAY	7		Rejected!	
GOBP_POSITIVE_REGULATION_OF_TOLL_LIKE_RECEPTOR_2_SIGNALING_PATHWAY	6		Rejected!	
GOBP_TOLL_LIKE_RECEPTOR_3_SIGNALING_PATHWAY	20		Rejected!	
GOBP_REGULATION_OF_TOLL_LIKE_RECEPTOR_3_SIGNALING_PATHWAY	10		Rejected!	
GOBP_POSITIVE_REGULATION_OF_TOLL_LIKE_RECEPTOR_3_SIGNALING_PATHWAY	7		Rejected!	
GOBP_TOLL_LIKE_RECEPTOR_4_SIGNALING_PATHWAY	44	24		
GOBP_REGULATION_OF_TOLL_LIKE_RECEPTOR_4_SIGNALING_PATHWAY	27	15		
GOBP_NEGATIVE_REGULATION_OF_TOLL_LIKE_RECEPTOR_4_SIGNALING_PATHWAY	13		Rejected!	
GOBP_POSITIVE_REGULATION_OF_TOLL_LIKE_RECEPTOR_4_SIGNALING_PATHWAY	11		Rejected!	
GOBP_TOLL_LIKE_RECEPTOR_7_SIGNALING_PATHWAY	12		Rejected!	
GOBP_REGULATION_OF_TOLL_LIKE_RECEPTOR_7_SIGNALING_PATHWAY	7		Rejected!	
GOBP_TOLL_LIKE_RECEPTOR_8_SIGNALING_PATHWAY	5		Rejected!	
GOBP_TOLL_LIKE_RECEPTOR_9_SIGNALING_PATHWAY	19		Rejected!	
GOBP_REGULATION_OF_TOLL_LIKE_RECEPTOR_9_SIGNALING_PATHWAY	11		Rejected!	
GOBP_POSITIVE_REGULATION_OF_TOLL_LIKE_RECEPTOR_9_SIGNALING_PATHWAY	5		Rejected!	
GOBP_ACYLGLYCEROL_TRANSPORT	8		Rejected!	
GOBP_RESPONSE_TO_OLEIC_ACID	5		Rejected!	
GOBP_LIPID_TRANSLOCATION	56	31		
GOBP_AMYLOID_BETA_FORMATION	56	32		
GOBP_PROTEIN_HEXAMERIZATION	9		Rejected!	
GOBP_CARBOHYDRATE_TRANSMEMBRANE_TRANSPORT	122	53		
GOBP_ION_TRANSMEMBRANE_TRANSPORT	1128	435		
GOBP_TRNA_THIO_MODIFICATION	5		Rejected!	
GOBP_MACROPHAGE_FUSION	6		Rejected!	
GOBP_REGULATION_OF_MACROPHAGE_FUSION	5		Rejected!	
GOBP_NEGATIVE_REGULATION_OF_SYNCYTIUM_FORMATION_BY_PLASMA_MEMBRANE_FUSION	5		Rejected!	
GOBP_REGULATION_OF_TRANSCRIPTION_ELONGATION_FROM_RNA_POLYMERASE_II_PROMOTER	41	34		
GOBP_REGULATION_OF_CELLULAR_AMIDE_METABOLIC_PROCESS	528	339		
GOBP_NEGATIVE_REGULATION_OF_CELLULAR_AMIDE_METABOLIC_PROCESS	278	155		
GOBP_POSITIVE_REGULATION_OF_CELLULAR_AMIDE_METABOLIC_PROCESS	167	117		
GOBP_NEGATIVE_REGULATION_OF_GTPASE_ACTIVITY	35	21		
GOBP_RESPONSE_TO_MONOSACCHARIDE	201	93		
GOBP_RESPONSE_TO_DISACCHARIDE	7		Rejected!	
GOBP_PRIMARY_ALCOHOL_METABOLIC_PROCESS	105	34		
GOBP_PRIMARY_ALCOHOL_BIOSYNTHETIC_PROCESS	14		Rejected!	
GOBP_PRIMARY_ALCOHOL_CATABOLIC_PROCESS	15		Rejected!	
GOBP_DIOL_METABOLIC_PROCESS	31	19		
GOBP_DIOL_BIOSYNTHETIC_PROCESS	23	15		
GOBP_ARP2_3_COMPLEX_MEDIATED_ACTIN_NUCLEATION	39	29		
GOBP_REGULATION_OF_ARP2_3_COMPLEX_MEDIATED_ACTIN_NUCLEATION	21	16		
GOBP_NEGATIVE_REGULATION_OF_ARP2_3_COMPLEX_MEDIATED_ACTIN_NUCLEATION	7		Rejected!	
GOBP_CELL_JUNCTION_ASSEMBLY	421	146		
GOBP_CELL_JUNCTION_ORGANIZATION	687	275		
GOBP_CELL_JUNCTION_MAINTENANCE	41	16		
GOBP_ADHERENS_JUNCTION_ORGANIZATION	50	19		
GOBP_ADHERENS_JUNCTION_ASSEMBLY	12		Rejected!	
GOBP_ADHERENS_JUNCTION_MAINTENANCE	7		Rejected!	
GOBP_RESPONSE_TO_TYPE_I_INTERFERON	64	50		
GOBP_RESPONSE_TO_INTERFERON_GAMMA	139	68		
GOBP_TYPE_III_INTERFERON_PRODUCTION	5		Rejected!	
GOBP_GLIAL_CELL_APOPTOTIC_PROCESS	16		Rejected!	
GOBP_REGULATION_OF_GLIAL_CELL_APOPTOTIC_PROCESS	11		Rejected!	
GOBP_NEGATIVE_REGULATION_OF_GLIAL_CELL_APOPTOTIC_PROCESS	9		Rejected!	
GOBP_NAD_BIOSYNTHESIS_VIA_NICOTINAMIDE_RIBOSIDE_SALVAGE_PATHWAY	10		Rejected!	
GOBP_PROTEIN_CONTAINING_COMPLEX_REMODELING	33		Rejected!	
GOBP_TRIGLYCERIDE_RICH_LIPOPROTEIN_PARTICLE_REMODELING	12		Rejected!	
GOBP_LOW_DENSITY_LIPOPROTEIN_PARTICLE_REMODELING	16		Rejected!	
GOBP_HIGH_DENSITY_LIPOPROTEIN_PARTICLE_REMODELING	16		Rejected!	
GOBP_VERY_LOW_DENSITY_LIPOPROTEIN_PARTICLE_ASSEMBLY	10		Rejected!	
GOBP_HIGH_DENSITY_LIPOPROTEIN_PARTICLE_ASSEMBLY	15		Rejected!	
GOBP_PLASMA_LIPOPROTEIN_PARTICLE_CLEARANCE	53	18		
GOBP_LOW_DENSITY_LIPOPROTEIN_PARTICLE_CLEARANCE	34	15		
GOBP_HIGH_DENSITY_LIPOPROTEIN_PARTICLE_CLEARANCE	15		Rejected!	
GOBP_LIPID_DROPLET_ORGANIZATION	26	16		
GOBP_SMOOTH_MUSCLE_CELL_APOPTOTIC_PROCESS	31		Rejected!	
GOBP_NEGATIVE_REGULATION_OF_SMOOTH_MUSCLE_CELL_APOPTOTIC_PROCESS	14		Rejected!	
GOBP_POSITIVE_REGULATION_OF_SMOOTH_MUSCLE_CELL_APOPTOTIC_PROCESS	16		Rejected!	
GOBP_PROTEIN_LOCALIZATION_TO_CELL_SURFACE	69	41		
GOBP_NUCLEOBASE_CONTAINING_SMALL_MOLECULE_BIOSYNTHETIC_PROCESS	15		Rejected!	
GOBP_RESPONSE_TO_FLUID_SHEAR_STRESS	34	18		
GOBP_NUCLEAR_TRANSCRIBED_MRNA_CATABOLIC_PROCESS_EXONUCLEOLYTIC_3_5	11		Rejected!	
GOBP_STEROID_ESTERIFICATION	18		Rejected!	
GOBP_LIPID_OXIDATION	112	69		
GOBP_SUBSTRATE_ADHESION_DEPENDENT_CELL_SPREADING	109	54		
GOBP_VERY_LOW_DENSITY_LIPOPROTEIN_PARTICLE_CLEARANCE	7		Rejected!	
GOBP_MICROTUBULE_ANCHORING	27	17		
GOBP_MICROTUBULE_ANCHORING_AT_CENTROSOME	11		Rejected!	
GOBP_NCRNA_PROCESSING	393	333		
GOBP_U4_SNRNA_3_END_PROCESSING	8		Rejected!	
GOBP_PROTEIN_LOCALIZATION_TO_PHAGOPHORE_ASSEMBLY_SITE	17	16		
GOBP_EARLY_ENDOSOME_TO_GOLGI_TRANSPORT	12		Rejected!	
GOBP_LATE_ENDOSOME_TO_GOLGI_TRANSPORT	5		Rejected!	
GOBP_PROTEIN_LOCALIZATION_TO_CHROMOSOME	93	78		
GOBP_PROTEIN_LOCALIZATION_TO_NUCLEUS	294	220		
GOBP_TOOTH_MINERALIZATION	27		Rejected!	
GOBP_CENTROMERE_COMPLEX_ASSEMBLY	31	25		
GOBP_PIRNA_METABOLIC_PROCESS	24		Rejected!	
GOBP_CELLULAR_RESPONSE_TO_HEAT	67	45		
GOBP_RESPONSE_TO_TUMOR_NECROSIS_FACTOR	248	132		
GOBP_CELLULAR_RESPONSE_TO_REACTIVE_OXYGEN_SPECIES	147	85		
GOBP_RESPONSE_TO_LAMINAR_FLUID_SHEAR_STRESS	13		Rejected!	
GOBP_CELLULAR_RESPONSE_TO_UNFOLDED_PROTEIN	97	75		
GOBP_DE_NOVO_NAD_BIOSYNTHETIC_PROCESS	8		Rejected!	
GOBP_CELLULAR_CARBOHYDRATE_BIOSYNTHETIC_PROCESS	80	41		
GOBP_PHOSPHATIDYLCHOLINE_CATABOLIC_PROCESS	16		Rejected!	
GOBP_CELLULAR_RESPONSE_TO_UV	89	63		
GOBP_CELLULAR_MACROMOLECULE_BIOSYNTHETIC_PROCESS	1557		Rejected!	
GOBP_CORTISOL_METABOLIC_PROCESS	12		Rejected!	
GOBP_CORTISOL_BIOSYNTHETIC_PROCESS	10		Rejected!	
GOBP_RETINOIC_ACID_CATABOLIC_PROCESS	5		Rejected!	
GOBP_NUCLEOBASE_CONTAINING_SMALL_MOLECULE_CATABOLIC_PROCESS	31	15		
GOBP_NCRNA_METABOLIC_PROCESS	534	422		
GOBP_NCRNA_CATABOLIC_PROCESS	44	33		
GOBP_RESPONSE_TO_PROSTAGLANDIN	31	15		
GOBP_RESPONSE_TO_PROSTAGLANDIN_E	23		Rejected!	
GOBP_RESPONSE_TO_GONADOTROPIN	30		Rejected!	
GOBP_RESPONSE_TO_LUTEINIZING_HORMONE	7		Rejected!	
GOBP_HISTONE_H3_K4_DEMETHYLATION	8		Rejected!	
GOBP_HISTONE_H3_K4_DEMETHYLATION_TRIMETHYL_H3_K4_SPECIFIC	5		Rejected!	
GOBP_DNA_REPLICATION_DEPENDENT_CHROMATIN_ORGANIZATION	32		Rejected!	
GOBP_DNA_REPLICATION_INDEPENDENT_CHROMATIN_ORGANIZATION	34	17		
GOBP_PIECEMEAL_MICROAUTOPHAGY_OF_THE_NUCLEUS	7		Rejected!	
GOBP_NUCLEOSOME_ORGANIZATION	176	82		
GOBP_CELLULAR_HORMONE_METABOLIC_PROCESS	137	41		
GOBP_IRON_ION_TRANSMEMBRANE_TRANSPORT	22		Rejected!	
GOBP_REGULATION_OF_IRON_ION_TRANSPORT	9		Rejected!	
GOBP_REGULATION_OF_IRON_ION_TRANSMEMBRANE_TRANSPORT	6		Rejected!	
GOBP_REGULATION_OF_TRANSMEMBRANE_TRANSPORT	580	213		
GOBP_NEGATIVE_REGULATION_OF_TRANSMEMBRANE_TRANSPORT	142	51		
GOBP_POSITIVE_REGULATION_OF_TRANSMEMBRANE_TRANSPORT	213	87		
GOBP_REGULATION_OF_ION_TRANSMEMBRANE_TRANSPORT	483	168		
GOBP_NEGATIVE_REGULATION_OF_ION_TRANSMEMBRANE_TRANSPORT	105	38		
GOBP_POSITIVE_REGULATION_OF_ION_TRANSMEMBRANE_TRANSPORT	163	61		
GOBP_HISTONE_H4_K20_METHYLATION	13		Rejected!	
GOBP_HISTONE_H4_K20_TRIMETHYLATION	8		Rejected!	
GOBP_RESPONSE_TO_HISTAMINE	10		Rejected!	
GOBP_HISTONE_ARGININE_METHYLATION	12		Rejected!	
GOBP_PROTEIN_FOLDING_IN_ENDOPLASMIC_RETICULUM	12		Rejected!	
GOBP_RESPONSE_TO_ENDOPLASMIC_RETICULUM_STRESS	256	186		
GOBP_MITOCHONDRIAL_PROTEIN_PROCESSING	13		Rejected!	
GOBP_PEPTIDYL_LYSINE_DEACETYLATION	8		Rejected!	
GOBP_SOMATIC_STEM_CELL_POPULATION_MAINTENANCE	43	19		
GOBP_REGULATION_OF_RAC_PROTEIN_SIGNAL_TRANSDUCTION	21	16		
GOBP_POSITIVE_REGULATION_OF_RAC_PROTEIN_SIGNAL_TRANSDUCTION	5		Rejected!	
GOBP_REGULATION_OF_RHO_PROTEIN_SIGNAL_TRANSDUCTION	88	47		
GOBP_NEGATIVE_REGULATION_OF_RHO_PROTEIN_SIGNAL_TRANSDUCTION	22		Rejected!	
GOBP_POSITIVE_REGULATION_OF_RHO_PROTEIN_SIGNAL_TRANSDUCTION	34		Rejected!	
GOBP_SPERM_EGG_RECOGNITION	49	18		
GOBP_EMBRYONIC_HEART_TUBE_DEVELOPMENT	84	31		
GOBP_CARDIOCYTE_DIFFERENTIATION	156	52		
GOBP_POSITIVE_REGULATION_OF_HISTONE_ACETYLATION	31	23		
GOBP_NEGATIVE_REGULATION_OF_HISTONE_ACETYLATION	16		Rejected!	
GOBP_AXONEME_ASSEMBLY	87	16		
GOBP_MAINTENANCE_OF_APICAL_BASAL_CELL_POLARITY	11		Rejected!	
GOBP_SPERM_DNA_CONDENSATION	13		Rejected!	
GOBP_SPERMATOGENESIS_EXCHANGE_OF_CHROMOSOMAL_PROTEINS	8		Rejected!	
GOBP_RESPONSE_TO_NICOTINE	49	20		
GOBP_BEHAVIORAL_RESPONSE_TO_NICOTINE	8		Rejected!	
GOBP_APPENDAGE_MORPHOGENESIS	142	48		
GOBP_GENITALIA_MORPHOGENESIS	12		Rejected!	
GOBP_EMBRYONIC_APPENDAGE_MORPHOGENESIS	119	43		
GOBP_EMBRYONIC_FORELIMB_MORPHOGENESIS	31		Rejected!	
GOBP_EMBRYONIC_HINDLIMB_MORPHOGENESIS	28		Rejected!	
GOBP_FORELIMB_MORPHOGENESIS	38		Rejected!	
GOBP_HINDLIMB_MORPHOGENESIS	35		Rejected!	
GOBP_TUBE_FORMATION	152	79		
GOBP_REGULATION_OF_TUBE_SIZE	142	48		
GOBP_EMBRYONIC_HEMOPOIESIS	24	15		
GOBP_ECTOPIC_GERM_CELL_PROGRAMMED_CELL_DEATH	7		Rejected!	
GOBP_TUBE_MORPHOGENESIS	937	358		
GOBP_PEPTIDYL_ARGININE_N_METHYLATION	11		Rejected!	
GOBP_SYNAPTIC_TRANSMISSION_GLUTAMATERGIC	94	24		
GOBP_MULTICELLULAR_ORGANISM_GROWTH	143	80		
GOBP_ORGAN_GROWTH	175	62		
GOBP_PROTEIN_MANNOSYLATION	22		Rejected!	
GOBP_PROTEIN_O_LINKED_MANNOSYLATION	17		Rejected!	
GOBP_ENDOCRINE_SYSTEM_DEVELOPMENT	132	43		
GOBP_EXOCRINE_SYSTEM_DEVELOPMENT	48	19		
GOBP_MIRNA_LOADING_ONTO_RISC_INVOLVED_IN_GENE_SILENCING_BY_MIRNA	8		Rejected!	
GOBP_SEGMENTATION	103	35		
GOBP_TUBE_DEVELOPMENT	1127	446		
GOBP_REGULATION_OF_DEPHOSPHORYLATION	130	91		
GOBP_REGULATION_OF_PROTEIN_DEPHOSPHORYLATION	91	66		
GOBP_NEGATIVE_REGULATION_OF_DEPHOSPHORYLATION	48	33		
GOBP_POSITIVE_REGULATION_OF_DEPHOSPHORYLATION	61	41		
GOBP_POSITIVE_REGULATION_OF_PROTEIN_DEPHOSPHORYLATION	46	33		
GOBP_NEGATIVE_REGULATION_OF_PROTEIN_DEPHOSPHORYLATION	34	25		
GOBP_WOUND_HEALING_SPREADING_OF_EPIDERMAL_CELLS	20		Rejected!	
GOBP_HAIR_CELL_DIFFERENTIATION	47	19		
GOBP_HIPPO_SIGNALING	40	20		
GOBP_REGULATION_OF_HIPPO_SIGNALING	21		Rejected!	
GOBP_NEGATIVE_REGULATION_OF_HIPPO_SIGNALING	13		Rejected!	
GOBP_POSITIVE_REGULATION_OF_HIPPO_SIGNALING	6		Rejected!	
GOBP_PEPTIDYL_TYROSINE_DEPHOSPHORYLATION	103	67		
GOBP_LONG_CHAIN_FATTY_ACYL_COA_METABOLIC_PROCESS	25	16		
GOBP_FATTY_ACYL_COA_METABOLIC_PROCESS	38	27		
GOBP_LONG_CHAIN_FATTY_ACYL_COA_BIOSYNTHETIC_PROCESS	19		Rejected!	
GOBP_CELLULAR_TRIGLYCERIDE_HOMEOSTASIS	7		Rejected!	
GOBP_PEROXISOME_PROLIFERATOR_ACTIVATED_RECEPTOR_SIGNALING_PATHWAY	22		Rejected!	
GOBP_REGULATION_OF_PEROXISOME_PROLIFERATOR_ACTIVATED_RECEPTOR_SIGNALING_PATHWAY	15		Rejected!	
GOBP_POSITIVE_REGULATION_OF_PEROXISOME_PROLIFERATOR_ACTIVATED_RECEPTOR_SIGNALING_PATHWAY	9		Rejected!	
GOBP_PROTEIN_LOCALIZATION_TO_MICROTUBULE	18		Rejected!	
GOBP_STEROL_IMPORT	9		Rejected!	
GOBP_THIOESTER_METABOLIC_PROCESS	93	60		
GOBP_THIOESTER_BIOSYNTHETIC_PROCESS	45	34		
GOBP_ROUNDABOUT_SIGNALING_PATHWAY	5		Rejected!	
GOBP_HISTONE_SERINE_PHOSPHORYLATION	11		Rejected!	
GOBP_HISTONE_THREONINE_PHOSPHORYLATION	7		Rejected!	
GOBP_PROTEIN_LOCALIZATION_TO_SYNAPSE	67	27		
GOBP_AUTOCRINE_SIGNALING	7		Rejected!	
GOBP_EXTRACELLULAR_MATRIX_CELL_SIGNALING	5		Rejected!	
GOBP_COPPER_ION_TRANSMEMBRANE_TRANSPORT	6		Rejected!	
GOBP_PHOSPHATE_ION_TRANSMEMBRANE_TRANSPORT	16		Rejected!	
GOBP_MAINTENANCE_OF_PROTEIN_LOCALIZATION_IN_ENDOPLASMIC_RETICULUM	13		Rejected!	
GOBP_DIPEPTIDE_TRANSMEMBRANE_TRANSPORT	7		Rejected!	
GOBP_TRIPEPTIDE_TRANSMEMBRANE_TRANSPORT	7		Rejected!	
GOBP_RESPONSE_TO_INTERFERON_ALPHA	20	16		
GOBP_RESPONSE_TO_INTERFERON_BETA	31	20		
GOBP_CELLULAR_RESPONSE_TO_INTERFERON_ALPHA	10		Rejected!	
GOBP_CELLULAR_RESPONSE_TO_INTERFERON_BETA	23		Rejected!	
GOBP_VESICLE_CARGO_LOADING	27	18		
GOBP_VITAMIN_TRANSMEMBRANE_TRANSPORT	19		Rejected!	
GOBP_DETERMINATION_OF_PANCREATIC_LEFT_RIGHT_ASYMMETRY	5		Rejected!	
GOBP_POSITIVE_REGULATION_OF_VASCULAR_WOUND_HEALING	5		Rejected!	
GOBP_GASTRIC_MOTILITY	5		Rejected!	
GOBP_SNARE_COMPLEX_ASSEMBLY	15		Rejected!	
GOBP_METANEPHRIC_PART_OF_URETERIC_BUD_DEVELOPMENT	6		Rejected!	
GOBP_REGULATION_OF_MYOSIN_LIGHT_CHAIN_PHOSPHATASE_ACTIVITY	7		Rejected!	
GOBP_NEGATIVE_REGULATION_OF_MYOSIN_LIGHT_CHAIN_PHOSPHATASE_ACTIVITY	5		Rejected!	
GOBP_DNA_DEALKYLATION	31	20		
GOBP_OXIDATIVE_DNA_DEMETHYLATION	7		Rejected!	
GOBP_OXIDATIVE_RNA_DEMETHYLATION	5		Rejected!	
GOBP_HISTONE_H2A_MONOUBIQUITINATION	17	15		
GOBP_PROTEIN_K29_LINKED_UBIQUITINATION	7		Rejected!	
GOBP_MONOUBIQUITINATED_PROTEIN_DEUBIQUITINATION	34	30		
GOBP_PROTEIN_K29_LINKED_DEUBIQUITINATION	5		Rejected!	
GOBP_PROLINE_TRANSMEMBRANE_TRANSPORT	10		Rejected!	
GOBP_REGULATION_OF_SNARE_COMPLEX_ASSEMBLY	6		Rejected!	
GOBP_REGULATION_OF_CHROMATIN_BINDING	24		Rejected!	
GOBP_NEGATIVE_REGULATION_OF_CHROMATIN_BINDING	10		Rejected!	
GOBP_POSITIVE_REGULATION_OF_CHROMATIN_BINDING	14		Rejected!	
GOBP_REGULATION_OF_KIDNEY_SIZE	6		Rejected!	
GOBP_NON_CANONICAL_WNT_SIGNALING_PATHWAY	72	24		
GOBP_SEQUESTERING_OF_EXTRACELLULAR_LIGAND_FROM_RECEPTOR	11		Rejected!	
GOBP_SEQUESTERING_OF_BMP_IN_EXTRACELLULAR_MATRIX	5		Rejected!	
GOBP_CALCIUM_MEDIATED_SIGNALING_USING_INTRACELLULAR_CALCIUM_SOURCE	22		Rejected!	
GOBP_G_PROTEIN_COUPLED_PURINERGIC_RECEPTOR_SIGNALING_PATHWAY	13		Rejected!	
GOBP_G_PROTEIN_COUPLED_PURINERGIC_NUCLEOTIDE_RECEPTOR_SIGNALING_PATHWAY	14		Rejected!	
GOBP_PURINERGIC_NUCLEOTIDE_RECEPTOR_SIGNALING_PATHWAY	34		Rejected!	
GOBP_PROTEIN_DEGLUTAMYLATION	8		Rejected!	
GOBP_C_TERMINAL_PROTEIN_DEGLUTAMYLATION	6		Rejected!	
GOBP_PROTEIN_SIDE_CHAIN_DEGLUTAMYLATION	6		Rejected!	
GOBP_STRESS_GRANULE_DISASSEMBLY	5		Rejected!	
GOBP_RECEPTOR_TRANSACTIVATION	5		Rejected!	
GOBP_CERAMIDE_TRANSPORT	18		Rejected!	
GOBP_BONE_MINERALIZATION_INVOLVED_IN_BONE_MATURATION	13		Rejected!	
GOBP_MAINTENANCE_OF_BLOOD_BRAIN_BARRIER	35		Rejected!	
GOBP_RESPONSE_TO_STILBENOID	5		Rejected!	
GOBP_ENTRY_OF_BACTERIUM_INTO_HOST_CELL	9		Rejected!	
GOBP_MULTICELLULAR_ORGANISMAL_SIGNALING	165	41		
GOBP_EXPLORATION_BEHAVIOR	27		Rejected!	
GOBP_LOCOMOTORY_EXPLORATION_BEHAVIOR	16		Rejected!	
GOBP_INTERLEUKIN_18_MEDIATED_SIGNALING_PATHWAY	6		Rejected!	
GOBP_TRIF_DEPENDENT_TOLL_LIKE_RECEPTOR_SIGNALING_PATHWAY	7		Rejected!	
GOBP_MITOCHONDRIAL_PROTEIN_CATABOLIC_PROCESS	6		Rejected!	
GOBP_MONOCYTE_EXTRAVASATION	8		Rejected!	
GOBP_HEMATOPOIETIC_STEM_CELL_MIGRATION	9		Rejected!	
GOBP_CD4_POSITIVE_ALPHA_BETA_T_CELL_ACTIVATION	102	75		
GOBP_INTRACILIARY_RETROGRADE_TRANSPORT	13		Rejected!	
GOBP_INTERLEUKIN_15_MEDIATED_SIGNALING_PATHWAY	6		Rejected!	
GOBP_SODIUM_ION_TRANSMEMBRANE_TRANSPORT	177	53		
GOBP_COMMON_MYELOID_PROGENITOR_CELL_PROLIFERATION	7		Rejected!	
GOBP_RESPONSE_TO_HEPATOCYTE_GROWTH_FACTOR	19		Rejected!	
GOBP_HEPATIC_STELLATE_CELL_ACTIVATION	8		Rejected!	
GOBP_INTRACILIARY_TRANSPORT_INVOLVED_IN_CILIUM_ASSEMBLY	7		Rejected!	
GOBP_CD4_POSITIVE_ALPHA_BETA_T_CELL_PROLIFERATION	12		Rejected!	
GOBP_CD8_POSITIVE_ALPHA_BETA_T_CELL_PROLIFERATION	8		Rejected!	
GOBP_CD4_POSITIVE_ALPHA_BETA_T_CELL_CYTOKINE_PRODUCTION	19		Rejected!	
GOBP_T_HELPER_1_CELL_CYTOKINE_PRODUCTION	8		Rejected!	
GOBP_T_HELPER_2_CELL_CYTOKINE_PRODUCTION	13		Rejected!	
GOBP_NATURAL_KILLER_CELL_CHEMOTAXIS	10		Rejected!	
GOBP_REGULATION_OF_LYSOSOMAL_LUMEN_PH	16		Rejected!	
GOBP_B_CELL_CHEMOTAXIS	8		Rejected!	
GOBP_ENDOTHELIAL_CELL_CHEMOTAXIS	31		Rejected!	
GOBP_INTERLEUKIN_4_MEDIATED_SIGNALING_PATHWAY	7		Rejected!	
GOBP_INSULIN_SECRETION_INVOLVED_IN_CELLULAR_RESPONSE_TO_GLUCOSE_STIMULUS	59	31		
GOBP_POSITIVE_REGULATION_OF_INSULIN_SECRETION_INVOLVED_IN_CELLULAR_RESPONSE_TO_GLUCOSE_STIMULUS	27		Rejected!	
GOBP_CELL_MIGRATION_INVOLVED_IN_KIDNEY_DEVELOPMENT	6		Rejected!	
GOBP_CELL_MIGRATION_INVOLVED_IN_METANEPHROS_DEVELOPMENT	5		Rejected!	
GOBP_PLATELET_DERIVED_GROWTH_FACTOR_RECEPTOR_ALPHA_SIGNALING_PATHWAY	5		Rejected!	
GOBP_PLATELET_DERIVED_GROWTH_FACTOR_RECEPTOR_BETA_SIGNALING_PATHWAY	14		Rejected!	
GOBP_NEGATIVE_REGULATION_OF_MITOCHONDRIAL_MEMBRANE_PERMEABILITY	8		Rejected!	
GOBP_REGULATION_OF_URINE_VOLUME	21		Rejected!	
GOBP_POSITIVE_REGULATION_OF_URINE_VOLUME	13		Rejected!	
GOBP_NEGATIVE_REGULATION_OF_URINE_VOLUME	5		Rejected!	
GOBP_RENAL_SODIUM_EXCRETION	22		Rejected!	
GOBP_POSITIVE_REGULATION_OF_RENAL_SODIUM_EXCRETION	13		Rejected!	
GOBP_MODULATION_OF_PROCESS_OF_ANOTHER_ORGANISM	25		Rejected!	
GOBP_HOMOLOGOUS_RECOMBINATION	59	35		
GOBP_PHOTORECEPTOR_CELL_OUTER_SEGMENT_ORGANIZATION	14		Rejected!	
GOBP_EPITHELIAL_CELL_DIFFERENTIATION_INVOLVED_IN_KIDNEY_DEVELOPMENT	48	15		
GOBP_MEGAKARYOCYTE_DEVELOPMENT	17		Rejected!	
GOBP_GLIAL_CELL_DERIVED_NEUROTROPHIC_FACTOR_RECEPTOR_SIGNALING_PATHWAY	10		Rejected!	
GOBP_RESPONSE_TO_POTASSIUM_ION	16		Rejected!	
GOBP_CELLULAR_RESPONSE_TO_POTASSIUM_ION	12		Rejected!	
GOBP_PROTEIN_K11_LINKED_DEUBIQUITINATION	10		Rejected!	
GOBP_NUCLEOTIDE_BINDING_DOMAIN_LEUCINE_RICH_REPEAT_CONTAINING_RECEPTOR_SIGNALING_PATHWAY	26	18		
GOBP_LACTATE_TRANSMEMBRANE_TRANSPORT	8		Rejected!	
GOBP_NAIL_DEVELOPMENT	10		Rejected!	
GOBP_AMACRINE_CELL_DIFFERENTIATION	8		Rejected!	
GOBP_ENTEROENDOCRINE_CELL_DIFFERENTIATION	32		Rejected!	
GOBP_VASCULAR_ASSOCIATED_SMOOTH_MUSCLE_CELL_DIFFERENTIATION	38		Rejected!	
GOBP_RESPONSE_TO_IMMOBILIZATION_STRESS	20		Rejected!	
GOBP_AORTA_DEVELOPMENT	62	23		
GOBP_ASCENDING_AORTA_DEVELOPMENT	5		Rejected!	
GOBP_DORSAL_AORTA_DEVELOPMENT	10		Rejected!	
GOBP_AORTA_MORPHOGENESIS	36		Rejected!	
GOBP_DORSAL_AORTA_MORPHOGENESIS	8		Rejected!	
GOBP_SKELETAL_MUSCLE_CELL_DIFFERENTIATION	65	30		
GOBP_CELLULAR_RESPONSE_TO_VASCULAR_ENDOTHELIAL_GROWTH_FACTOR_STIMULUS	74	25		
GOBP_RNA_IMPORT_INTO_MITOCHONDRION	5		Rejected!	
GOBP_STEROID_HORMONE_SECRETION	22		Rejected!	
GOBP_CORTICOSTEROID_HORMONE_SECRETION	17		Rejected!	
GOBP_MINERALOCORTICOID_SECRETION	6		Rejected!	
GOBP_GLUCOCORTICOID_SECRETION	11		Rejected!	
GOBP_COPI_COATED_VESICLE_BUDDING	6		Rejected!	
GOBP_CARDIOLIPIN_ACYL_CHAIN_REMODELING	6		Rejected!	
GOBP_RESPONSE_TO_TOPOLOGICALLY_INCORRECT_PROTEIN	158	122		
GOBP_CELLULAR_RESPONSE_TO_TOPOLOGICALLY_INCORRECT_PROTEIN	116	92		
GOBP_PEPTIDYL_THREONINE_DEPHOSPHORYLATION	16		Rejected!	
GOBP_AGGREPHAGY	10		Rejected!	
GOBP_ENDODERMAL_CELL_DIFFERENTIATION	46	15		
GOBP_CHONDROCYTE_PROLIFERATION	23		Rejected!	
GOBP_TENDON_DEVELOPMENT	6		Rejected!	
GOBP_RESPONSE_TO_MUSCLE_STRETCH	24		Rejected!	
GOBP_DETECTION_OF_MUSCLE_STRETCH	7		Rejected!	
GOBP_TETRAHYDROFOLATE_INTERCONVERSION	10		Rejected!	
GOBP_POSITIVE_REGULATION_OF_TRANSCRIPTION_FROM_RNA_POLYMERASE_II_PROMOTER_IN_RESPONSE_TO_STRESS	24	17		
GOBP_RESPONSE_TO_MACROPHAGE_COLONY_STIMULATING_FACTOR	13		Rejected!	
GOBP_PROTEIN_LOCALIZATION_TO_ENDOSOME	24	20		
GOBP_RESPONSE_TO_INTERLEUKIN_3	7		Rejected!	
GOBP_RESPONSE_TO_ERYTHROPOIETIN	7		Rejected!	
GOBP_LIMB_JOINT_MORPHOGENESIS	5		Rejected!	
GOBP_OSTEOCLAST_DEVELOPMENT	18		Rejected!	
GOBP_CD8_POSITIVE_ALPHA_BETA_T_CELL_ACTIVATION	27	15		
GOBP_FUCOSYLATION	17		Rejected!	
GOBP_PROTEIN_O_LINKED_FUCOSYLATION	5		Rejected!	
GOBP_DIRECT_OSSIFICATION	7		Rejected!	
GOBP_REPLACEMENT_OSSIFICATION	28		Rejected!	
GOBP_CLEAVAGE_FURROW_FORMATION	7		Rejected!	
GOBP_POSITIVE_REGULATION_OF_TRANSCRIPTION_FROM_RNA_POLYMERASE_II_PROMOTER_IN_RESPONSE_TO_OXIDATIVE_STRESS	5		Rejected!	
GOBP_PHOSPHATIDYLINOSITOL_3_PHOSPHATE_BIOSYNTHETIC_PROCESS	21	20		
GOBP_GERM_CELL_PROLIFERATION	7		Rejected!	
GOBP_LEUKOTRIENE_B4_CATABOLIC_PROCESS	5		Rejected!	
GOBP_LEUKOTRIENE_B4_METABOLIC_PROCESS	6		Rejected!	
GOBP_ALPHA_LINOLENIC_ACID_METABOLIC_PROCESS	10		Rejected!	
GOBP_MEDIUM_CHAIN_FATTY_ACYL_COA_METABOLIC_PROCESS	6		Rejected!	
GOBP_FATTY_ACYL_COA_CATABOLIC_PROCESS	6		Rejected!	
GOBP_RESPONSE_TO_PLATELET_DERIVED_GROWTH_FACTOR	25		Rejected!	
GOBP_HISTONE_H3_K9_DIMETHYLATION	7		Rejected!	
GOBP_HISTONE_H3_K9_TRIMETHYLATION	17		Rejected!	
GOBP_PHOSPHATIDYLGLYCEROL_ACYL_CHAIN_REMODELING	9		Rejected!	
GOBP_PHOSPHATIDYLINOSITOL_ACYL_CHAIN_REMODELING	5		Rejected!	
GOBP_PHOSPHATIDYLSERINE_ACYL_CHAIN_REMODELING	9		Rejected!	
GOBP_PHOSPHATIDYLCHOLINE_ACYL_CHAIN_REMODELING	14		Rejected!	
GOBP_PHOSPHATIDYLETHANOLAMINE_ACYL_CHAIN_REMODELING	10		Rejected!	
GOBP_OUTER_DYNEIN_ARM_ASSEMBLY	22		Rejected!	
GOBP_INNER_DYNEIN_ARM_ASSEMBLY	17		Rejected!	
GOBP_PHENOTYPIC_SWITCHING	17		Rejected!	
GOBP_GRANULOCYTE_ACTIVATION	48	24		
GOBP_MULTIVESICULAR_BODY_ORGANIZATION	31	28		
GOBP_RNA_CAPPING	8		Rejected!	
GOBP_RNA_GUANINE_N7_METHYLATION	6		Rejected!	
GOBP_PEPTIDYL_SERINE_AUTOPHOSPHORYLATION	9		Rejected!	
GOBP_CELLULAR_RESPONSE_TO_INCREASED_OXYGEN_LEVELS	12		Rejected!	
GOBP_RESPONSE_TO_INCREASED_OXYGEN_LEVELS	26	16		
GOBP_INTERSTRAND_CROSS_LINK_REPAIR	32	27		
GOBP_MACROPHAGE_COLONY_STIMULATING_FACTOR_PRODUCTION	7		Rejected!	
GOBP_ATRIOVENTRICULAR_CANAL_DEVELOPMENT	13		Rejected!	
GOBP_LYMPH_VESSEL_MORPHOGENESIS	23		Rejected!	
GOBP_RESPONSE_TO_STEROL	33	20		
GOBP_CELLULAR_RESPONSE_TO_STEROL	23		Rejected!	
GOBP_VASCULAR_ENDOTHELIAL_GROWTH_FACTOR_RECEPTOR_2_SIGNALING_PATHWAY	5		Rejected!	
GOBP_DENDRITIC_CELL_MIGRATION	33	19		
GOBP_FAS_SIGNALING_PATHWAY	5		Rejected!	
GOBP_POST_ANAL_TAIL_MORPHOGENESIS	17		Rejected!	
GOBP_PLATELET_MORPHOGENESIS	22	16		
GOBP_HISTONE_H2A_K119_MONOUBIQUITINATION	8		Rejected!	
GOBP_TRANSFORMING_GROWTH_FACTOR_BETA_ACTIVATION	11		Rejected!	
GOBP_TRANSCRIPTION_FACTOR_CATABOLIC_PROCESS	6		Rejected!	
GOBP_SODIUM_ION_EXPORT_ACROSS_PLASMA_MEMBRANE	15		Rejected!	
GOBP_HISTONE_CITRULLINATION	5		Rejected!	
GOBP_MAINTENANCE_OF_LENS_TRANSPARENCY	6		Rejected!	
GOBP_CALCIUM_IMPORT_INTO_THE_MITOCHONDRION	12		Rejected!	
GOBP_MYOFIBROBLAST_DIFFERENTIATION	7		Rejected!	
GOBP_TRAIL_ACTIVATED_APOPTOTIC_SIGNALING_PATHWAY	13		Rejected!	
GOBP_SYNAPTIC_VESICLE_RECYCLING	73	39		
GOBP_SYNAPTIC_VESICLE_RECYCLING_VIA_ENDOSOME	6		Rejected!	
GOBP_CELL_DEATH_IN_RESPONSE_TO_OXIDATIVE_STRESS	99	57		
GOBP_CELL_DEATH_IN_RESPONSE_TO_HYDROGEN_PEROXIDE	32		Rejected!	
GOBP_NEURON_DEATH_IN_RESPONSE_TO_OXIDATIVE_STRESS	33	22		
GOBP_NEURON_DEATH_IN_RESPONSE_TO_HYDROGEN_PEROXIDE	5		Rejected!	
GOBP_NEURON_INTRINSIC_APOPTOTIC_SIGNALING_PATHWAY_IN_RESPONSE_TO_OXIDATIVE_STRESS	9		Rejected!	
GOBP_INTRINSIC_APOPTOTIC_SIGNALING_PATHWAY_IN_RESPONSE_TO_HYDROGEN_PEROXIDE	5		Rejected!	
GOBP_REGULATION_OF_TRANSLATION_IN_RESPONSE_TO_ENDOPLASMIC_RETICULUM_STRESS	11		Rejected!	
GOBP_REGULATION_OF_TRANSLATION_INITIATION_IN_RESPONSE_TO_ENDOPLASMIC_RETICULUM_STRESS	8		Rejected!	
GOBP_POSITIVE_REGULATION_OF_TRANSLATION_IN_RESPONSE_TO_ENDOPLASMIC_RETICULUM_STRESS	5		Rejected!	
GOBP_IRE1_MEDIATED_UNFOLDED_PROTEIN_RESPONSE	19	16		
GOBP_PERK_MEDIATED_UNFOLDED_PROTEIN_RESPONSE	18	16		
GOBP_ATF6_MEDIATED_UNFOLDED_PROTEIN_RESPONSE	7		Rejected!	
GOBP_ERAD_PATHWAY	108	85		
GOBP_PROTEIN_DEMANNOSYLATION	17		Rejected!	
GOBP_PARACRINE_SIGNALING	7		Rejected!	
GOBP_G_PROTEIN_COUPLED_OPIOID_RECEPTOR_SIGNALING_PATHWAY	10		Rejected!	
GOBP_NETRIN_ACTIVATED_SIGNALING_PATHWAY	10		Rejected!	
GOBP_REELIN_MEDIATED_SIGNALING_PATHWAY	8		Rejected!	
GOBP_APOLIPOPROTEIN_A_I_MEDIATED_SIGNALING_PATHWAY	7		Rejected!	
GOBP_NON_CANONICAL_WNT_SIGNALING_PATHWAY_VIA_MAPK_CASCADE	7		Rejected!	
GOBP_POSITIVE_REGULATION_OF_ENDOTHELIAL_CELL_CHEMOTAXIS_BY_VEGF_ACTIVATED_VASCULAR_ENDOTHELIAL_GROWTH_FACTOR_RECEPTOR_SIGNALING_PATHWAY	5		Rejected!	
GOBP_SIGNAL_TRANSDUCTION_IN_ABSENCE_OF_LIGAND	66	41		
GOBP_NIK_NF_KAPPAB_SIGNALING	144	85		
GOBP_COLLAGEN_ACTIVATED_TYROSINE_KINASE_RECEPTOR_SIGNALING_PATHWAY	12		Rejected!	
GOBP_COLLAGEN_ACTIVATED_SIGNALING_PATHWAY	17		Rejected!	
GOBP_P38MAPK_CASCADE	58	36		
GOBP_PEPTIDYL_TYROSINE_AUTOPHOSPHORYLATION	21		Rejected!	
GOBP_VASCULAR_ENDOTHELIAL_GROWTH_FACTOR_SIGNALING_PATHWAY	50		Rejected!	
GOBP_POSITIVE_REGULATION_OF_CELL_MIGRATION_BY_VASCULAR_ENDOTHELIAL_GROWTH_FACTOR_SIGNALING_PATHWAY	8		Rejected!	
GOBP_NODAL_SIGNALING_PATHWAY	20		Rejected!	
GOBP_FC_RECEPTOR_SIGNALING_PATHWAY	52	32		
GOBP_FC_GAMMA_RECEPTOR_SIGNALING_PATHWAY	30	17		
GOBP_FC_EPSILON_RECEPTOR_SIGNALING_PATHWAY	24	16		
GOBP_INTERLEUKIN_2_MEDIATED_SIGNALING_PATHWAY	6		Rejected!	
GOBP_ERBB_SIGNALING_PATHWAY	122	61		
GOBP_ERBB2_SIGNALING_PATHWAY	7		Rejected!	
GOBP_MACROPHAGE_COLONY_STIMULATING_FACTOR_SIGNALING_PATHWAY	7		Rejected!	
GOBP_CHEMOKINE_C_X_C_MOTIF_LIGAND_12_SIGNALING_PATHWAY	6		Rejected!	
GOBP_THROMBOPOIETIN_MEDIATED_SIGNALING_PATHWAY	5		Rejected!	
GOBP_ONCOSTATIN_M_MEDIATED_SIGNALING_PATHWAY	7		Rejected!	
GOBP_ANGIOTENSIN_ACTIVATED_SIGNALING_PATHWAY	14		Rejected!	
GOBP_SOMATOSTATIN_RECEPTOR_SIGNALING_PATHWAY	5		Rejected!	
GOBP_CANNABINOID_SIGNALING_PATHWAY	9		Rejected!	
GOBP_NEUROTROPHIN_SIGNALING_PATHWAY	37	19		
GOBP_NERVE_GROWTH_FACTOR_SIGNALING_PATHWAY	12		Rejected!	
GOBP_BILE_ACID_SIGNALING_PATHWAY	12		Rejected!	
GOBP_TORC1_SIGNALING	50	35		
GOBP_TORC2_SIGNALING	13		Rejected!	
GOBP_CYTOPLASMIC_PATTERN_RECOGNITION_RECEPTOR_SIGNALING_PATHWAY_IN_RESPONSE_TO_VIRUS	35	29		
GOBP_RIG_I_SIGNALING_PATHWAY	28	23		
GOBP_MDA_5_SIGNALING_PATHWAY	11		Rejected!	
GOBP_REGULATION_OF_VIRAL_INDUCED_CYTOPLASMIC_PATTERN_RECOGNITION_RECEPTOR_SIGNALING_PATHWAY	24	18		
GOBP_NEGATIVE_REGULATION_OF_VIRAL_INDUCED_CYTOPLASMIC_PATTERN_RECOGNITION_RECEPTOR_SIGNALING_PATHWAY	11		Rejected!	
GOBP_REGULATION_OF_MDA_5_SIGNALING_PATHWAY	7		Rejected!	
GOBP_REGULATION_OF_RIG_I_SIGNALING_PATHWAY	20	15		
GOBP_NEGATIVE_REGULATION_OF_RIG_I_SIGNALING_PATHWAY	8		Rejected!	
GOBP_MEMBRANE_FUSION_INVOLVED_IN_VIRAL_ENTRY_INTO_HOST_CELL	5		Rejected!	
GOBP_SINGLE_STRANDED_VIRAL_RNA_REPLICATION_VIA_DOUBLE_STRANDED_DNA_INTERMEDIATE	20		Rejected!	
GOBP_VIRAL_RNA_GENOME_REPLICATION	36	21		
GOBP_ESTABLISHMENT_OF_MITOTIC_SPINDLE_LOCALIZATION	35	26		
GOBP_GROWTH	950	474		
GOBP_REGULATION_OF_GROWTH	663	329		
GOBP_REGULATION_OF_GROWTH_RATE	5		Rejected!	
GOBP_LOCOMOTION	1921		Rejected!	
GOBP_NEGATIVE_REGULATION_OF_LOCOMOTION	396	135		
GOBP_REGULATION_OF_MULTICELLULAR_ORGANISM_GROWTH	64	35		
GOBP_NEGATIVE_REGULATION_OF_MULTICELLULAR_ORGANISM_GROWTH	11		Rejected!	
GOBP_EMBRYONIC_CLEAVAGE	8		Rejected!	
GOBP_POSITIVE_REGULATION_OF_LOCOMOTION	598	256		
GOBP_POSITIVE_REGULATION_OF_MULTICELLULAR_ORGANISM_GROWTH	30		Rejected!	
GOBP_POSITIVE_REGULATION_OF_EMBRYONIC_DEVELOPMENT	23		Rejected!	
GOBP_REGULATION_OF_MEIOTIC_NUCLEAR_DIVISION	32		Rejected!	
GOBP_REGULATION_OF_GENE_EXPRESSION_EPIGENETIC	141	92		
GOBP_SNRNA_MODIFICATION	7		Rejected!	
GOBP_RNA_MEDIATED_GENE_SILENCING_BY_INHIBITION_OF_TRANSLATION	92		Rejected!	
GOBP_REGULATION_OF_DEVELOPMENT_HETEROCHRONIC	8		Rejected!	
GOBP_REGULATION_OF_FIBROBLAST_GROWTH_FACTOR_RECEPTOR_SIGNALING_PATHWAY	38		Rejected!	
GOBP_NEGATIVE_REGULATION_OF_FIBROBLAST_GROWTH_FACTOR_RECEPTOR_SIGNALING_PATHWAY	24		Rejected!	
GOBP_DNA_ENDOREDUPLICATION	5		Rejected!	
GOBP_PROTEIN_REFOLDING	22	17		
GOBP_FLUID_TRANSPORT	33		Rejected!	
GOBP_EPITHELIAL_FLUID_TRANSPORT	10		Rejected!	
GOBP_OLFACTORY_BEHAVIOR	9		Rejected!	
GOBP_WOUND_HEALING	431	186		
GOBP_GLIOGENESIS	291	136		
GOBP_REGULATION_OF_CATECHOLAMINE_METABOLIC_PROCESS	20		Rejected!	
GOBP_INTRACILIARY_TRANSPORT	39	25		
GOBP_CELL_MIGRATION_INVOLVED_IN_GASTRULATION	15		Rejected!	
GOBP_T_HELPER_1_TYPE_IMMUNE_RESPONSE	45	28		
GOBP_TYPE_2_IMMUNE_RESPONSE	37	23		
GOBP_T_CELL_PROLIFERATION	205	114		
GOBP_B_CELL_PROLIFERATION	100	53		
GOBP_POSITIVE_REGULATION_OF_T_CELL_PROLIFERATION	103	60		
GOBP_POSITIVE_REGULATION_OF_ACTIVATED_T_CELL_PROLIFERATION	28	15		
GOBP_T_CELL_ACTIVATION	507	300		
GOBP_B_CELL_ACTIVATION	329	168		
GOBP_MACROPHAGE_ACTIVATION	106	50		
GOBP_MONOCYTE_ACTIVATION	14		Rejected!	
GOBP_ENDOTHELIAL_CELL_ACTIVATION	11		Rejected!	
GOBP_REGULATION_OF_CELL_POPULATION_PROLIFERATION	1745		Rejected!	
GOBP_REGULATION_OF_T_CELL_PROLIFERATION	174	91		
GOBP_NEGATIVE_REGULATION_OF_T_CELL_PROLIFERATION	68	28		
GOBP_NEUROTRANSMITTER_METABOLIC_PROCESS	28		Rejected!	
GOBP_NEUROTRANSMITTER_CATABOLIC_PROCESS	11		Rejected!	
GOBP_NEUROTRANSMITTER_BIOSYNTHETIC_PROCESS	14		Rejected!	
GOBP_MEIOTIC_DNA_DOUBLE_STRAND_BREAK_FORMATION	7		Rejected!	
GOBP_RETROGRADE_TRANSPORT_ENDOSOME_TO_GOLGI	95	69		
GOBP_STRAND_INVASION	6		Rejected!	
GOBP_CELLULAR_RESPONSE_TO_GLUCOSE_STARVATION	50	38		
GOBP_LIPOPROTEIN_METABOLIC_PROCESS	140	94		
GOBP_LIPOPROTEIN_BIOSYNTHETIC_PROCESS	101	78		
GOBP_LIPOPROTEIN_CATABOLIC_PROCESS	16		Rejected!	
GOBP_REGULATION_OF_PROTEIN_CATABOLIC_PROCESS	395	282		
GOBP_NEGATIVE_REGULATION_OF_PROTEIN_CATABOLIC_PROCESS	124	81		
GOBP_XENOBIOTIC_CATABOLIC_PROCESS	25		Rejected!	
GOBP_CELLULAR_KETONE_METABOLIC_PROCESS	211	98		
GOBP_KETONE_BIOSYNTHETIC_PROCESS	43	24		
GOBP_KETONE_CATABOLIC_PROCESS	14		Rejected!	
GOBP_CELLULAR_MODIFIED_AMINO_ACID_CATABOLIC_PROCESS	33	17		
GOBP_RESPONSE_TO_COCAINE	47	16		
GOBP_TISSUE_REGENERATION	72	32		
GOBP_ESTABLISHMENT_OF_PLANAR_POLARITY_OF_EMBRYONIC_EPITHELIUM	16		Rejected!	
GOBP_RIBOSOME_BIOGENESIS	303	270		
GOBP_RIBOSOME_ASSEMBLY	62	54		
GOBP_MATURE_RIBOSOME_ASSEMBLY	5		Rejected!	
GOBP_DNA_PROTECTION	7		Rejected!	
GOBP_PROTECTION_FROM_NATURAL_KILLER_CELL_MEDIATED_CYTOTOXICITY	6		Rejected!	
GOBP_RIBOSOMAL_LARGE_SUBUNIT_BIOGENESIS	72	63		
GOBP_RIBOSOMAL_SMALL_SUBUNIT_BIOGENESIS	73	67		
GOBP_ERROR_PRONE_TRANSLESION_SYNTHESIS	10		Rejected!	
GOBP_PURINE_NUCLEOSIDE_METABOLIC_PROCESS	27	16		
GOBP_MOLTING_CYCLE	114	44		
GOBP_REGULATION_OF_FATTY_ACID_BIOSYNTHETIC_PROCESS	49	21		
GOBP_NEGATIVE_REGULATION_OF_PROTEIN_IMPORT_INTO_NUCLEUS	14		Rejected!	
GOBP_VASOCONSTRICTION	82	22		
GOBP_VASODILATION	48	19		
GOBP_NEGATIVE_REGULATION_OF_PHOSPHORYLATION	383	227		
GOBP_TAXIS	619	211		
GOBP_KERATAN_SULFATE_METABOLIC_PROCESS	18		Rejected!	
GOBP_VITAMIN_D_METABOLIC_PROCESS	20		Rejected!	
GOBP_FAT_SOLUBLE_VITAMIN_BIOSYNTHETIC_PROCESS	13		Rejected!	
GOBP_FAT_SOLUBLE_VITAMIN_CATABOLIC_PROCESS	13		Rejected!	
GOBP_WATER_SOLUBLE_VITAMIN_BIOSYNTHETIC_PROCESS	7		Rejected!	
GOBP_VITAMIN_D_BIOSYNTHETIC_PROCESS	10		Rejected!	
GOBP_VITAMIN_K_METABOLIC_PROCESS	8		Rejected!	
GOBP_REGULATION_OF_MEMBRANE_POTENTIAL	425	140		
GOBP_CELLULAR_MODIFIED_AMINO_ACID_BIOSYNTHETIC_PROCESS	46	30		
GOBP_THYROID_HORMONE_METABOLIC_PROCESS	27		Rejected!	
GOBP_CRISTAE_FORMATION	16		Rejected!	
GOBP_NOREPINEPHRINE_METABOLIC_PROCESS	15		Rejected!	
GOBP_DOPAMINE_BIOSYNTHETIC_PROCESS	12		Rejected!	
GOBP_DOPAMINE_METABOLIC_PROCESS	42		Rejected!	
GOBP_NOREPINEPHRINE_BIOSYNTHETIC_PROCESS	8		Rejected!	
GOBP_SEROTONIN_METABOLIC_PROCESS	11		Rejected!	
GOBP_INDOLE_CONTAINING_COMPOUND_METABOLIC_PROCESS	25		Rejected!	
GOBP_INDOLE_CONTAINING_COMPOUND_BIOSYNTHETIC_PROCESS	6		Rejected!	
GOBP_ETHANOLAMINE_CONTAINING_COMPOUND_METABOLIC_PROCESS	8		Rejected!	
GOBP_PIGMENT_METABOLIC_PROCESS	89	50		
GOBP_HORMONE_METABOLIC_PROCESS	230	75		
GOBP_HORMONE_BIOSYNTHETIC_PROCESS	65	24		
GOBP_HORMONE_CATABOLIC_PROCESS	11		Rejected!	
GOBP_PROGESTERONE_METABOLIC_PROCESS	16		Rejected!	
GOBP_PURINE_NUCLEOSIDE_BIOSYNTHETIC_PROCESS	11		Rejected!	
GOBP_RIBONUCLEOSIDE_CATABOLIC_PROCESS	20		Rejected!	
GOBP_PHOTORECEPTOR_CELL_DEVELOPMENT	49	20		
GOBP_EYE_PHOTORECEPTOR_CELL_DEVELOPMENT	35		Rejected!	
GOBP_EAR_MORPHOGENESIS	123	31		
GOBP_INNER_EAR_MORPHOGENESIS	103	23		
GOBP_OUTER_EAR_MORPHOGENESIS	7		Rejected!	
GOBP_MIDDLE_EAR_MORPHOGENESIS	20		Rejected!	
GOBP_ODONTOGENESIS_OF_DENTIN_CONTAINING_TOOTH	90	26		
GOBP_ODONTOGENESIS	130	36		
GOBP_REGULATION_OF_ODONTOGENESIS	17		Rejected!	
GOBP_POSITIVE_REGULATION_OF_ODONTOGENESIS	5		Rejected!	
GOBP_REGULATION_OF_ODONTOGENESIS_OF_DENTIN_CONTAINING_TOOTH	11		Rejected!	
GOBP_MECHANORECEPTOR_DIFFERENTIATION	65	23		
GOBP_INNER_EAR_AUDITORY_RECEPTOR_CELL_DIFFERENTIATION	39	16		
GOBP_GAMMA_DELTA_T_CELL_DIFFERENTIATION	13		Rejected!	
GOBP_DETECTION_OF_BACTERIAL_LIPOPROTEIN	5		Rejected!	
GOBP_SERINE_PHOSPHORYLATION_OF_STAT_PROTEIN	27		Rejected!	
GOBP_POSITIVE_REGULATION_OF_TYROSINE_PHOSPHORYLATION_OF_STAT_PROTEIN	68	26		
GOBP_NEGATIVE_REGULATION_OF_TYROSINE_PHOSPHORYLATION_OF_STAT_PROTEIN	16		Rejected!	
GOBP_BENZENE_CONTAINING_COMPOUND_METABOLIC_PROCESS	27		Rejected!	
GOBP_HYPEROSMOTIC_SALINITY_RESPONSE	13		Rejected!	
GOBP_HEMOGLOBIN_BIOSYNTHETIC_PROCESS	13		Rejected!	
GOBP_RESPONSE_TO_HYDROGEN_PEROXIDE	128	73		
GOBP_NEURON_MATURATION	45	15		
GOBP_SUPEROXIDE_ANION_GENERATION	43	22		
GOBP_PTERIDINE_CONTAINING_COMPOUND_METABOLIC_PROCESS	36	26		
GOBP_PTERIDINE_CONTAINING_COMPOUND_BIOSYNTHETIC_PROCESS	15		Rejected!	
GOBP_RETINOL_METABOLIC_PROCESS	51		Rejected!	
GOBP_RETINOIC_ACID_METABOLIC_PROCESS	34		Rejected!	
GOBP_RETINAL_METABOLIC_PROCESS	19		Rejected!	
GOBP_ANTIGEN_PROCESSING_AND_PRESENTATION_OF_EXOGENOUS_PEPTIDE_ANTIGEN_VIA_MHC_CLASS_I	8		Rejected!	
GOBP_HOMEOSTATIC_PROCESS	1810		Rejected!	
GOBP_RESPONSE_TO_STARVATION	196	130		
GOBP_FEAR_RESPONSE	38		Rejected!	
GOBP_REGULATION_OF_HAIR_CYCLE	28		Rejected!	
GOBP_ANAGEN	5		Rejected!	
GOBP_REGULATION_OF_CELL_FATE_SPECIFICATION	13		Rejected!	
GOBP_REGULATION_OF_MESODERMAL_CELL_FATE_SPECIFICATION	5		Rejected!	
GOBP_RETINAL_CONE_CELL_DIFFERENTIATION	11		Rejected!	
GOBP_MUSCLE_CELL_DIFFERENTIATION	389	149		
GOBP_MUSCLE_CELL_FATE_COMMITMENT	20		Rejected!	
GOBP_OVULATION_CYCLE	71	23		
GOBP_SPERM_EJACULATION	6		Rejected!	
GOBP_THIAMINE_CONTAINING_COMPOUND_METABOLIC_PROCESS	7		Rejected!	
GOBP_FLAVIN_CONTAINING_COMPOUND_METABOLIC_PROCESS	6		Rejected!	
GOBP_FIBRINOLYSIS	24		Rejected!	
GOBP_EMBRYONIC_DIGIT_MORPHOGENESIS	58	22		
GOBP_DEFENSE_RESPONSE_TO_BACTERIUM	361	76		
GOBP_HYDROGEN_PEROXIDE_METABOLIC_PROCESS	55	20		
GOBP_HYDROGEN_PEROXIDE_CATABOLIC_PROCESS	30		Rejected!	
GOBP_CIRCADIAN_SLEEP_WAKE_CYCLE	23		Rejected!	
GOBP_CIRCADIAN_SLEEP_WAKE_CYCLE_REM_SLEEP	5		Rejected!	
GOBP_CIRCADIAN_SLEEP_WAKE_CYCLE_NON_REM_SLEEP	6		Rejected!	
GOBP_REGULATION_OF_CIRCADIAN_SLEEP_WAKE_CYCLE	19		Rejected!	
GOBP_REGULATION_OF_CIRCADIAN_RHYTHM	117	73		
GOBP_POSITIVE_REGULATION_OF_CIRCADIAN_RHYTHM	17		Rejected!	
GOBP_NEGATIVE_REGULATION_OF_CIRCADIAN_RHYTHM	14		Rejected!	
GOBP_EATING_BEHAVIOR	39		Rejected!	
GOBP_DRINKING_BEHAVIOR	12		Rejected!	
GOBP_LONG_CHAIN_FATTY_ACID_CATABOLIC_PROCESS	5		Rejected!	
GOBP_LONG_CHAIN_FATTY_ACID_BIOSYNTHETIC_PROCESS	29		Rejected!	
GOBP_VERY_LONG_CHAIN_FATTY_ACID_CATABOLIC_PROCESS	7		Rejected!	
GOBP_REGULATION_OF_SULFUR_METABOLIC_PROCESS	11		Rejected!	
GOBP_NUCLEOSOME_MOBILIZATION	21	21		
GOBP_SIGNAL_TRANSDUCTION_IN_RESPONSE_TO_DNA_DAMAGE	174	140		
GOBP_INTRINSIC_APOPTOTIC_SIGNALING_PATHWAY_IN_RESPONSE_TO_DNA_DAMAGE_BY_P53_CLASS_MEDIATOR	43	34		
GOBP_DNA_DAMAGE_RESPONSE_SIGNAL_TRANSDUCTION_RESULTING_IN_TRANSCRIPTION	18		Rejected!	
GOBP_ATP_SYNTHESIS_COUPLED_ELECTRON_TRANSPORT	92	67		
GOBP_MITOCHONDRIAL_ATP_SYNTHESIS_COUPLED_PROTON_TRANSPORT	19		Rejected!	
GOBP_TRNA_3_END_PROCESSING	8		Rejected!	
GOBP_NUCLEOLAR_LARGE_RRNA_TRANSCRIPTION_BY_RNA_POLYMERASE_I	18		Rejected!	
GOBP_5S_CLASS_RRNA_TRANSCRIPTION_BY_RNA_POLYMERASE_III	6		Rejected!	
GOBP_SNRNA_TRANSCRIPTION_BY_RNA_POLYMERASE_II	16		Rejected!	
GOBP_SNRNA_TRANSCRIPTION_BY_RNA_POLYMERASE_III	8		Rejected!	
GOBP_VITAMIN_B6_METABOLIC_PROCESS	5		Rejected!	
GOBP_AMIDE_TRANSPORT	290	127		
GOBP_XENOBIOTIC_TRANSPORT	47	16		
GOBP_TRIPEPTIDE_TRANSPORT	9		Rejected!	
GOBP_D_AMINO_ACID_TRANSPORT	7		Rejected!	
GOBP_ACTIVATION_OF_JANUS_KINASE_ACTIVITY	15		Rejected!	
GOBP_AMYLOID_PRECURSOR_PROTEIN_METABOLIC_PROCESS	95	49		
GOBP_AMYLOID_PRECURSOR_PROTEIN_BIOSYNTHETIC_PROCESS	28		Rejected!	
GOBP_NEGATIVE_REGULATION_OF_AMYLOID_PRECURSOR_PROTEIN_BIOSYNTHETIC_PROCESS	20		Rejected!	
GOBP_POSITIVE_REGULATION_OF_AMYLOID_PRECURSOR_PROTEIN_BIOSYNTHETIC_PROCESS	5		Rejected!	
GOBP_AMYLOID_PRECURSOR_PROTEIN_CATABOLIC_PROCESS	68	41		
GOBP_SEQUESTERING_OF_ACTIN_MONOMERS	10		Rejected!	
GOBP_CYTOPLASMIC_SEQUESTERING_OF_TRANSCRIPTION_FACTOR	15		Rejected!	
GOBP_REGULATION_OF_GOLGI_TO_PLASMA_MEMBRANE_PROTEIN_TRANSPORT	10		Rejected!	
GOBP_NEGATIVE_REGULATION_OF_GOLGI_TO_PLASMA_MEMBRANE_PROTEIN_TRANSPORT	5		Rejected!	
GOBP_POSITIVE_REGULATION_OF_GOLGI_TO_PLASMA_MEMBRANE_PROTEIN_TRANSPORT	5		Rejected!	
GOBP_GOLGI_TO_PLASMA_MEMBRANE_PROTEIN_TRANSPORT	42	33		
GOBP_CAMERA_TYPE_EYE_DEVELOPMENT	329	115		
GOBP_MYELOID_DENDRITIC_CELL_DIFFERENTIATION	20		Rejected!	
GOBP_T_CELL_HOMEOSTASIS	39	33		
GOBP_REGULATION_OF_MACROPHAGE_ACTIVATION	62	26		
GOBP_NEGATIVE_REGULATION_OF_MACROPHAGE_ACTIVATION	19		Rejected!	
GOBP_POSITIVE_REGULATION_OF_MACROPHAGE_ACTIVATION	30		Rejected!	
GOBP_AMINO_ACID_ACTIVATION	45	26		
GOBP_PEPTIDE_BIOSYNTHETIC_PROCESS	740		Rejected!	
GOBP_DNA_METHYLATION_INVOLVED_IN_GAMETE_GENERATION	20		Rejected!	
GOBP_PENILE_ERECTION	11		Rejected!	
GOBP_POSITIVE_REGULATION_OF_CATALYTIC_ACTIVITY	1139		Rejected!	
GOBP_NEGATIVE_REGULATION_OF_CATALYTIC_ACTIVITY	785	391		
GOBP_REGULATION_OF_GTPASE_ACTIVITY	363	214		
GOBP_AMINO_ACID_IMPORT	54	23		
GOBP_CELLULAR_METABOLIC_COMPOUND_SALVAGE	29	21		
GOBP_PURINE_CONTAINING_COMPOUND_SALVAGE	13		Rejected!	
GOBP_AMINO_ACID_SALVAGE	7		Rejected!	
GOBP_RECEPTOR_METABOLIC_PROCESS	167	96		
GOBP_RECEPTOR_CLUSTERING	56	30		
GOBP_REGULATION_OF_VASCULAR_PERMEABILITY	48		Rejected!	
GOBP_NEGATIVE_REGULATION_OF_VASCULAR_PERMEABILITY	18		Rejected!	
GOBP_POSITIVE_REGULATION_OF_VASCULAR_PERMEABILITY	17		Rejected!	
GOBP_POSITIVE_REGULATION_OF_I_KAPPAB_KINASE_NF_KAPPAB_SIGNALING	188	134		
GOBP_NEGATIVE_REGULATION_OF_I_KAPPAB_KINASE_NF_KAPPAB_SIGNALING	51	34		
GOBP_SNO_S_RNA_PROCESSING	14		Rejected!	
GOBP_STRESS_FIBER_ASSEMBLY	109	66		
GOBP_INDUCTION_OF_BACTERIAL_AGGLUTINATION	7		Rejected!	
GOBP_PROTEASOME_MEDIATED_UBIQUITIN_DEPENDENT_PROTEIN_CATABOLIC_PROCESS	413	343		
GOBP_UBIQUITIN_DEPENDENT_PROTEIN_CATABOLIC_PROCESS_VIA_THE_MULTIVESICULAR_BODY_SORTING_PATHWAY	34	29		
GOBP_PEPTIDE_CATABOLIC_PROCESS	31		Rejected!	
GOBP_NUCLEOTIDE_SALVAGE	18		Rejected!	
GOBP_NUCLEOSIDE_SALVAGE	8		Rejected!	
GOBP_RESPONSE_TO_LEUCINE	14		Rejected!	
GOBP_MYELIN_MAINTENANCE	18		Rejected!	
GOBP_NEGATIVE_REGULATION_OF_PROTEIN_CONTAINING_COMPLEX_DISASSEMBLY	82	45		
GOBP_POSITIVE_REGULATION_OF_PROTEIN_CONTAINING_COMPLEX_DISASSEMBLY	35	21		
GOBP_REGULATION_OF_PROTEIN_CONTAINING_COMPLEX_DISASSEMBLY	125	78		
GOBP_TELOMERE_MAINTENANCE_IN_RESPONSE_TO_DNA_DAMAGE	13		Rejected!	
GOBP_PROTEASOME_ASSEMBLY	12		Rejected!	
GOBP_ERYTHROCYTE_MATURATION	16		Rejected!	
GOBP_SODIUM_INDEPENDENT_ORGANIC_ANION_TRANSPORT	15		Rejected!	
GOBP_REGULATION_OF_PROTEIN_CONTAINING_COMPLEX_ASSEMBLY	401	240		
GOBP_REGULATION_OF_CARBOHYDRATE_BIOSYNTHETIC_PROCESS	102	53		
GOBP_REGULATION_OF_POTASSIUM_ION_TRANSPORT	110	33		
GOBP_NEGATIVE_REGULATION_OF_POTASSIUM_ION_TRANSPORT	39		Rejected!	
GOBP_POSITIVE_REGULATION_OF_POTASSIUM_ION_TRANSPORT	51	15		
GOBP_REGULATION_OF_ION_TRANSPORT	687	234		
GOBP_POSITIVE_REGULATION_OF_ION_TRANSPORT	273	99		
GOBP_NEGATIVE_REGULATION_OF_ION_TRANSPORT	156	51		
GOBP_ANOIKIS	34	22		
GOBP_APOPTOTIC_CELL_CLEARANCE	52	28		
GOBP_RESPONSE_TO_ALKALOID	97	45		
GOBP_APICAL_JUNCTION_ASSEMBLY	77	30		
GOBP_LEUKOCYTE_DEGRANULATION	78	43		
GOBP_REGULATION_OF_LEUKOCYTE_DEGRANULATION	49	24		
GOBP_NEGATIVE_REGULATION_OF_LEUKOCYTE_DEGRANULATION	14		Rejected!	
GOBP_POSITIVE_REGULATION_OF_LEUKOCYTE_DEGRANULATION	25		Rejected!	
GOBP_NEGATIVE_REGULATION_OF_MAST_CELL_DEGRANULATION	7		Rejected!	
GOBP_EOSINOPHIL_ACTIVATION	8		Rejected!	
GOBP_NEUTROPHIL_DEGRANULATION	14		Rejected!	
GOBP_REGULATION_OF_NEUTROPHIL_DEGRANULATION	8		Rejected!	
GOBP_NATURAL_KILLER_CELL_DEGRANULATION	11		Rejected!	
GOBP_PROTEIN_TRANSPORT_TO_VACUOLE_INVOLVED_IN_UBIQUITIN_DEPENDENT_PROTEIN_CATABOLIC_PROCESS_VIA_THE_MULTIVESICULAR_BODY_SORTING_PATHWAY	6		Rejected!	
GOBP_RESPONSE_TO_DSRNA	56	29		
GOBP_ENUCLEATE_ERYTHROCYTE_DIFFERENTIATION	9		Rejected!	
GOBP_CD4_POSITIVE_ALPHA_BETA_T_CELL_DIFFERENTIATION	82	64		
GOBP_POSITIVE_T_CELL_SELECTION	36	28		
GOBP_CD4_POSITIVE_OR_CD8_POSITIVE_ALPHA_BETA_T_CELL_LINEAGE_COMMITMENT	22	15		
GOBP_REGULATION_OF_CD4_POSITIVE_ALPHA_BETA_T_CELL_DIFFERENTIATION	50	37		
GOBP_NEGATIVE_REGULATION_OF_CD4_POSITIVE_ALPHA_BETA_T_CELL_DIFFERENTIATION	21	18		
GOBP_POSITIVE_REGULATION_OF_CD4_POSITIVE_ALPHA_BETA_T_CELL_DIFFERENTIATION	32	21		
GOBP_CD8_POSITIVE_ALPHA_BETA_T_CELL_DIFFERENTIATION	14		Rejected!	
GOBP_REGULATION_OF_CD8_POSITIVE_ALPHA_BETA_T_CELL_DIFFERENTIATION	7		Rejected!	
GOBP_POSITIVE_REGULATION_OF_CD8_POSITIVE_ALPHA_BETA_T_CELL_DIFFERENTIATION	5		Rejected!	
GOBP_POSITIVE_REGULATION_OF_MEMORY_T_CELL_DIFFERENTIATION	9		Rejected!	
GOBP_NEGATIVE_T_CELL_SELECTION	12		Rejected!	
GOBP_MYCOTOXIN_METABOLIC_PROCESS	7		Rejected!	
GOBP_POSITIVE_REGULATION_OF_DNA_BINDING	57	31		
GOBP_NEGATIVE_REGULATION_OF_DNA_BINDING	52	33		
GOBP_REGULATION_OF_PROTEIN_BINDING	197	126		
GOBP_CORTISOL_SECRETION	5		Rejected!	
GOBP_STEROID_HORMONE_MEDIATED_SIGNALING_PATHWAY	135	90		
GOBP_SKELETAL_MUSCLE_TISSUE_REGENERATION	38	19		
GOBP_REGULATION_OF_MAP_KINASE_ACTIVITY	187	92		
GOBP_POSITIVE_REGULATION_OF_MAP_KINASE_ACTIVITY	118	51		
GOBP_NEGATIVE_REGULATION_OF_MAP_KINASE_ACTIVITY	60	32		
GOBP_NEGATIVE_REGULATION_OF_MAPK_CASCADE	179	97		
GOBP_POSITIVE_REGULATION_OF_MAPK_CASCADE	492	200		
GOBP_POSITIVE_REGULATION_OF_SKELETAL_MUSCLE_TISSUE_REGENERATION	6		Rejected!	
GOBP_REGULATION_OF_SKELETAL_MUSCLE_TISSUE_REGENERATION	9		Rejected!	
GOBP_NEGATIVE_REGULATION_OF_DNA_BINDING_TRANSCRIPTION_FACTOR_ACTIVITY	190	110		
GOBP_RESPONSE_TO_PEPTIDE_HORMONE	404	217		
GOBP_RESPONSE_TO_CORTICOTROPIN_RELEASING_HORMONE	5		Rejected!	
GOBP_REGULATION_OF_SECONDARY_METABOLIC_PROCESS	14		Rejected!	
GOBP_REGULATION_OF_CELLULAR_RESPIRATION	50	38		
GOBP_REGULATION_OF_ATP_DEPENDENT_ACTIVITY	74	48		
GOBP_REGULATION_OF_GENERATION_OF_PRECURSOR_METABOLITES_AND_ENERGY	134	90		
GOBP_REGULATION_OF_CARBOHYDRATE_CATABOLIC_PROCESS	55	37		
GOBP_REGULATION_OF_CELLULAR_CARBOHYDRATE_CATABOLIC_PROCESS	11		Rejected!	
GOBP_PIGMENTATION	101	55		
GOBP_PIGMENT_METABOLIC_PROCESS_INVOLVED_IN_PIGMENTATION	5		Rejected!	
GOBP_PIGMENT_ACCUMULATION	12		Rejected!	
GOBP_REGULATION_OF_RNA_SPLICING	153	119		
GOBP_HISTONE_EXCHANGE	22	17		
GOBP_RNA_STABILIZATION	66	43		
GOBP_PROTEIN_KINASE_B_SIGNALING	216	92		
GOBP_MUSCLE_ADAPTATION	118	50		
GOBP_SKELETAL_MUSCLE_ADAPTATION	24		Rejected!	
GOBP_REGULATION_OF_MUSCLE_ADAPTATION	95	42		
GOBP_MITOCHONDRIAL_DNA_REPAIR	6		Rejected!	
GOBP_REGULATION_OF_JUN_KINASE_ACTIVITY	60	33		
GOBP_POSITIVE_REGULATION_OF_JUN_KINASE_ACTIVITY	43	24		
GOBP_NEGATIVE_REGULATION_OF_JUN_KINASE_ACTIVITY	16		Rejected!	
GOBP_REGULATION_OF_DNA_DAMAGE_RESPONSE_SIGNAL_TRANSDUCTION_BY_P53_CLASS_MEDIATOR	36	23		
GOBP_POSITIVE_REGULATION_OF_DNA_DAMAGE_RESPONSE_SIGNAL_TRANSDUCTION_BY_P53_CLASS_MEDIATOR	15		Rejected!	
GOBP_NEGATIVE_REGULATION_OF_DNA_DAMAGE_RESPONSE_SIGNAL_TRANSDUCTION_BY_P53_CLASS_MEDIATOR	15		Rejected!	
GOBP_NEGATIVE_REGULATION_OF_NEURON_APOPTOTIC_PROCESS	145	74		
GOBP_POSITIVE_REGULATION_OF_NEURON_APOPTOTIC_PROCESS	52	35		
GOBP_BLOOD_VESSEL_ENDOTHELIAL_CELL_MIGRATION	176	63		
GOBP_POSITIVE_REGULATION_OF_BLOOD_VESSEL_ENDOTHELIAL_CELL_MIGRATION	76	30		
GOBP_NEGATIVE_REGULATION_OF_BLOOD_VESSEL_ENDOTHELIAL_CELL_MIGRATION	78	19		
GOBP_ENDOTHELIAL_CELL_MIGRATION	281	106		
GOBP_PROTEIN_ACYLATION	259	197		
GOBP_POSITIVE_REGULATION_OF_GTPASE_ACTIVITY	271	159		
GOBP_REGULATION_OF_LIPID_KINASE_ACTIVITY	69	40		
GOBP_REGULATION_OF_PHOSPHATIDYLINOSITOL_3_KINASE_ACTIVITY	57	30		
GOBP_NEGATIVE_REGULATION_OF_PHOSPHATIDYLINOSITOL_3_KINASE_ACTIVITY	6		Rejected!	
GOBP_REGULATION_OF_TRANSLATION_IN_RESPONSE_TO_STRESS	20	19		
GOBP_REGULATION_OF_TRANSLATIONAL_INITIATION_IN_RESPONSE_TO_STRESS	14		Rejected!	
GOBP_REGULATION_OF_INSULIN_LIKE_GROWTH_FACTOR_RECEPTOR_SIGNALING_PATHWAY	24		Rejected!	
GOBP_POSITIVE_REGULATION_OF_INSULIN_LIKE_GROWTH_FACTOR_RECEPTOR_SIGNALING_PATHWAY	12		Rejected!	
GOBP_NEGATIVE_REGULATION_OF_INSULIN_LIKE_GROWTH_FACTOR_RECEPTOR_SIGNALING_PATHWAY	8		Rejected!	
GOBP_MAINTENANCE_OF_DNA_REPEAT_ELEMENTS	7		Rejected!	
GOBP_PEROXISOMAL_TRANSPORT	22	20		
GOBP_REGULATION_OF_RESPIRATORY_GASEOUS_EXCHANGE	21		Rejected!	
GOBP_EAR_DEVELOPMENT	219	68		
GOBP_NOSE_DEVELOPMENT	14		Rejected!	
GOBP_TONGUE_DEVELOPMENT	20		Rejected!	
GOBP_TONGUE_MORPHOGENESIS	10		Rejected!	
GOBP_SKIN_DEVELOPMENT	274	96		
GOBP_SKIN_MORPHOGENESIS	12		Rejected!	
GOBP_CELLULAR_AMIDE_METABOLIC_PROCESS	1181		Rejected!	
GOBP_AMIDE_BIOSYNTHETIC_PROCESS	870		Rejected!	
GOBP_ASTROCYTE_CELL_MIGRATION	8		Rejected!	
GOBP_KERATINOCYTE_PROLIFERATION	48	16		
GOBP_REGULATION_OF_TRANSCRIPTION_FROM_RNA_POLYMERASE_II_PROMOTER_IN_RESPONSE_TO_OXIDATIVE_STRESS	11		Rejected!	
GOBP_REGULATION_OF_DNA_TEMPLATED_TRANSCRIPTION_IN_RESPONSE_TO_STRESS	53	43		
GOBP_RESPONSE_TO_ESTROGEN	68	31		
GOBP_NCRNA_3_END_PROCESSING	50	35		
GOBP_RNA_POLYADENYLATION	48	41		
GOBP_MODIFICATION_DEPENDENT_MACROMOLECULE_CATABOLIC_PROCESS	666		Rejected!	
GOBP_POLYADENYLATION_DEPENDENT_RNA_CATABOLIC_PROCESS	8		Rejected!	
GOBP_INOSITOL_PHOSPHATE_METABOLIC_PROCESS	55	30		
GOBP_DICARBOXYLIC_ACID_METABOLIC_PROCESS	96	55		
GOBP_DICARBOXYLIC_ACID_CATABOLIC_PROCESS	19		Rejected!	
GOBP_DICARBOXYLIC_ACID_BIOSYNTHETIC_PROCESS	14		Rejected!	
GOBP_LINOLEIC_ACID_METABOLIC_PROCESS	20		Rejected!	
GOBP_ENGULFMENT_OF_APOPTOTIC_CELL	19		Rejected!	
GOBP_MITOCHONDRIAL_FRAGMENTATION_INVOLVED_IN_APOPTOTIC_PROCESS	10		Rejected!	
GOBP_RECOGNITION_OF_APOPTOTIC_CELL	7		Rejected!	
GOBP_REGULATION_OF_PHOSPHOPROTEIN_PHOSPHATASE_ACTIVITY	59	38		
GOBP_POST_TRANSLATIONAL_PROTEIN_MODIFICATION	40	33		
GOBP_REVERSE_CHOLESTEROL_TRANSPORT	20		Rejected!	
GOBP_DEDIFFERENTIATION	12		Rejected!	
GOBP_REGULATION_OF_BIOLOGICAL_PROCESS_INVOLVED_IN_SYMBIOTIC_INTERACTION	56	26		
GOBP_NEGATIVE_REGULATION_BY_HOST_OF_VIRAL_TRANSCRIPTION	14		Rejected!	
GOBP_POSITIVE_REGULATION_BY_HOST_OF_VIRAL_TRANSCRIPTION	17	15		
GOBP_EXONUCLEOLYTIC_CATABOLISM_OF_DEADENYLATED_MRNA	13		Rejected!	
GOBP_OSSIFICATION_INVOLVED_IN_BONE_REMODELING	5		Rejected!	
GOBP_PROTEIN_CONTAINING_COMPLEX_ORGANIZATION	1763		Rejected!	
GOBP_REGULATION_OF_CAMP_MEDIATED_SIGNALING	29		Rejected!	
GOBP_POSITIVE_REGULATION_OF_CAMP_MEDIATED_SIGNALING	15		Rejected!	
GOBP_NEGATIVE_REGULATION_OF_CAMP_MEDIATED_SIGNALING	11		Rejected!	
GOBP_CELLULAR_COMPONENT_MAINTENANCE	66	30		
GOBP_HISTONE_H3_ACETYLATION	75	64		
GOBP_HISTONE_H4_ACETYLATION	73	64		
GOBP_HISTONE_H2A_ACETYLATION	23	22		
GOBP_HISTONE_H3_K9_ACETYLATION	16		Rejected!	
GOBP_HISTONE_H4_K5_ACETYLATION	16	16		
GOBP_HISTONE_H4_K12_ACETYLATION	8		Rejected!	
GOBP_HISTONE_H4_K16_ACETYLATION	27	25		
GOBP_HISTONE_H4_R3_METHYLATION	7		Rejected!	
GOBP_REGULATION_OF_DNA_METHYLATION	28	15		
GOBP_REGULATION_OF_SYSTEM_PROCESS	578	187		
GOBP_REGULATION_OF_DIGESTIVE_SYSTEM_PROCESS	43		Rejected!	
GOBP_REGULATION_OF_ENDOCRINE_PROCESS	35		Rejected!	
GOBP_REGULATION_OF_EXCRETION	24		Rejected!	
GOBP_REGULATION_OF_RESPIRATORY_SYSTEM_PROCESS	16		Rejected!	
GOBP_REGULATION_OF_ANION_TRANSPORT	89	32		
GOBP_REGULATION_OF_CELLULAR_COMPONENT_BIOGENESIS	980		Rejected!	
GOBP_REGULATION_OF_VACUOLE_ORGANIZATION	51	41		
GOBP_POSITIVE_REGULATION_OF_CELLULAR_COMPONENT_BIOGENESIS	494	268		
GOBP_POSITIVE_REGULATION_OF_VACUOLE_ORGANIZATION	21	17		
GOBP_MEMBRANE_BIOGENESIS	62	39		
GOBP_NEGATIVE_REGULATION_OF_MOLECULAR_FUNCTION	1172		Rejected!	
GOBP_POSITIVE_REGULATION_OF_MOLECULAR_FUNCTION	1523		Rejected!	
GOBP_HISTONE_H3_K14_ACETYLATION	22	19		
GOBP_DE_NOVO_AMP_BIOSYNTHETIC_PROCESS	8		Rejected!	
GOBP_AMP_SALVAGE	5		Rejected!	
GOBP_LIPID_DIGESTION	21		Rejected!	
GOBP_CELLULAR_LIPID_CATABOLIC_PROCESS	220	129		
GOBP_CELLULAR_POLYSACCHARIDE_CATABOLIC_PROCESS	17		Rejected!	
GOBP_CELLULAR_LIPID_METABOLIC_PROCESS	1007		Rejected!	
GOBP_CELLULAR_PROTEIN_CATABOLIC_PROCESS	819		Rejected!	
GOBP_CELLULAR_CARBOHYDRATE_METABOLIC_PROCESS	288	167		
GOBP_CELLULAR_NITROGEN_COMPOUND_CATABOLIC_PROCESS	459	325		
GOBP_SULFUR_COMPOUND_BIOSYNTHETIC_PROCESS	149	99		
GOBP_SULFUR_COMPOUND_CATABOLIC_PROCESS	34	20		
GOBP_CELLULAR_CARBOHYDRATE_CATABOLIC_PROCESS	40	23		
GOBP_SMALL_MOLECULE_METABOLIC_PROCESS	1771		Rejected!	
GOBP_SMALL_MOLECULE_CATABOLIC_PROCESS	380	210		
GOBP_SMALL_MOLECULE_BIOSYNTHETIC_PROCESS	565	290		
GOBP_PROTEIN_K27_LINKED_UBIQUITINATION	8		Rejected!	
GOBP_CELLULAR_RESPONSE_TO_LEPTIN_STIMULUS	18		Rejected!	
GOBP_RESPONSE_TO_LEPTIN	22		Rejected!	
GOBP_CELL_CELL_ADHESION_MEDIATED_BY_CADHERIN	28		Rejected!	
GOBP_CANONICAL_WNT_SIGNALING_PATHWAY_INVOLVED_IN_OSTEOBLAST_DIFFERENTIATION	7		Rejected!	
GOBP_CANONICAL_WNT_SIGNALING_PATHWAY_INVOLVED_IN_REGULATION_OF_CELL_PROLIFERATION	6		Rejected!	
GOBP_SODIUM_DEPENDENT_PHOSPHATE_TRANSPORT	7		Rejected!	
GOBP_TYPE_B_PANCREATIC_CELL_PROLIFERATION	21		Rejected!	
GOBP_FIBROBLAST_APOPTOTIC_PROCESS	22		Rejected!	
GOBP_MACROPINOCYTOSIS	11		Rejected!	
GOBP_PROTEIN_LOCALIZATION_TO_CYTOSKELETON	58	48		
GOBP_GLUCOSE_IMPORT_IN_RESPONSE_TO_INSULIN_STIMULUS	5		Rejected!	
GOBP_NEGATIVE_REGULATION_OF_PROTEIN_KINASE_ACTIVITY_BY_REGULATION_OF_PROTEIN_PHOSPHORYLATION	7		Rejected!	
GOBP_BIOLOGICAL_PROCESS_INVOLVED_IN_SYMBIOTIC_INTERACTION	287	167		
GOBP_ADHESION_OF_SYMBIONT_TO_HOST	16		Rejected!	
GOBP_ENTRY_INTO_HOST	154	82		
GOBP_TRANSLOCATION_OF_MOLECULES_INTO_HOST	9		Rejected!	
GOBP_BIOLOGICAL_PROCESS_INVOLVED_IN_INTERSPECIES_INTERACTION_BETWEEN_ORGANISMS	1649		Rejected!	
GOBP_MOTILE_CILIUM_ASSEMBLY	56	15		
GOBP_REGULATION_OF_MITOCHONDRIAL_MRNA_STABILITY	7		Rejected!	
GOBP_SECONDARY_METABOLITE_BIOSYNTHETIC_PROCESS	25		Rejected!	
GOBP_RELAXATION_OF_SMOOTH_MUSCLE	11		Rejected!	
GOBP_2FE_2S_CLUSTER_ASSEMBLY	6		Rejected!	
GOBP_HISTONE_H3_K4_DIMETHYLATION	7		Rejected!	
GOBP_ADHESION_OF_SYMBIONT_TO_HOST_CELL	12		Rejected!	
GOBP_TOOTH_ERUPTION	7		Rejected!	
GOBP_MULTI_ORGANISM_REPRODUCTIVE_PROCESS	1054	403		
GOBP_MULTI_MULTICELLULAR_ORGANISM_PROCESS	213	81		
GOBP_DNA_METHYLATION_OR_DEMETHYLATION	98	59		
GOBP_PROTEIN_TRANSMEMBRANE_IMPORT_INTO_INTRACELLULAR_ORGANELLE	36	32		
GOBP_RESPONSE_TO_HUMAN_CHORIONIC_GONADOTROPIN	6		Rejected!	
GOBP_CELL_CYCLE_PHASE_TRANSITION	538	380		
GOBP_MEIOTIC_CELL_CYCLE_PHASE_TRANSITION	12		Rejected!	
GOBP_MITOTIC_CELL_CYCLE_PHASE_TRANSITION	440	316		
GOBP_MITOTIC_DNA_INTEGRITY_CHECKPOINT_SIGNALING	85	67		
GOBP_CILIUM_ORGANIZATION	410	220		
GOBP_METAPHASE_ANAPHASE_TRANSITION_OF_CELL_CYCLE	65	57		
GOBP_CELL_CYCLE_DNA_REPLICATION	44	37		
GOBP_MODULATION_BY_HOST_OF_VIRAL_PROCESS	32	20		
GOBP_SUPPRESSION_OF_VIRAL_RELEASE_BY_HOST	16		Rejected!	
GOBP_NEGATIVE_REGULATION_BY_HOST_OF_VIRAL_PROCESS	15		Rejected!	
GOBP_POSITIVE_REGULATION_BY_HOST_OF_VIRAL_PROCESS	14		Rejected!	
GOBP_AUTOPHAGY_OF_NUCLEUS	16	15		
GOBP_LATE_NUCLEOPHAGY	7		Rejected!	
GOBP_G_QUADRUPLEX_DNA_UNWINDING	7		Rejected!	
GOBP_MITOTIC_G2_M_TRANSITION_CHECKPOINT	48	38		
GOBP_MITOTIC_G1_S_TRANSITION_CHECKPOINT_SIGNALING	30	23		
GOBP_MODULATION_BY_HOST_OF_VIRAL_GENOME_REPLICATION	20		Rejected!	
GOBP_NEGATIVE_REGULATION_BY_HOST_OF_VIRAL_GENOME_REPLICATION	9		Rejected!	
GOBP_POSITIVE_REGULATION_BY_HOST_OF_VIRAL_GENOME_REPLICATION	7		Rejected!	
GOBP_ACTOMYOSIN_CONTRACTILE_RING_ORGANIZATION	7		Rejected!	
GOBP_CELL_CYCLE_G2_M_PHASE_TRANSITION	155	113		
GOBP_CELL_CYCLE_G1_S_PHASE_TRANSITION	255	164		
GOBP_BIOLOGICAL_PHASE	11		Rejected!	
GOBP_ESTROUS_CYCLE	15		Rejected!	
GOBP_HAIR_CYCLE_PHASE	9		Rejected!	
GOBP_PLASMA_MEMBRANE_RAFT_ASSEMBLY	7		Rejected!	
GOBP_PLASMA_MEMBRANE_RAFT_ORGANIZATION	10		Rejected!	
GOBP_LIPOPROTEIN_LOCALIZATION	21		Rejected!	
GOBP_DOUBLE_STRAND_BREAK_REPAIR_VIA_SINGLE_STRAND_ANNEALING	7		Rejected!	
GOBP_DOUBLE_STRAND_BREAK_REPAIR_VIA_SYNTHESIS_DEPENDENT_STRAND_ANNEALING	7		Rejected!	
GOBP_DNA_DEPENDENT_DNA_REPLICATION_MAINTENANCE_OF_FIDELITY	49	38		
GOBP_DNA_DEAMINATION	13		Rejected!	
GOBP_DEPYRIMIDINATION	8		Rejected!	
GOBP_ACTIN_NUCLEATION	52	32		
GOBP_GLYCEROLIPID_BIOSYNTHETIC_PROCESS	253	174		
GOBP_G0_TO_G1_TRANSITION	18		Rejected!	
GOBP_PLASMA_MEMBRANE_FUSION	26		Rejected!	
GOBP_PROTEIN_INSERTION_INTO_MITOCHONDRIAL_INNER_MEMBRANE	13		Rejected!	
GOBP_PROTEIN_IMPORT_INTO_PEROXISOME_MEMBRANE	6		Rejected!	
GOBP_PROTEIN_INSERTION_INTO_ER_MEMBRANE	23	19		
GOBP_PROTEIN_INSERTION_INTO_ER_MEMBRANE_BY_STOP_TRANSFER_MEMBRANE_ANCHOR_SEQUENCE	10		Rejected!	
GOBP_PROTEIN_RETENTION_IN_GOLGI_APPARATUS	5		Rejected!	
GOBP_CONSTITUTIVE_SECRETORY_PATHWAY	7		Rejected!	
GOBP_REGULATED_EXOCYTOSIS	235	117		
GOBP_TRANSCYTOSIS	21		Rejected!	
GOBP_T_CELL_SELECTION	49	35		
GOBP_POSITIVE_THYMIC_T_CELL_SELECTION	14		Rejected!	
GOBP_THYMIC_T_CELL_SELECTION	22	17		
GOBP_T_HELPER_1_CELL_DIFFERENTIATION	21	15		
GOBP_T_HELPER_2_CELL_DIFFERENTIATION	15		Rejected!	
GOBP_REGULATORY_T_CELL_DIFFERENTIATION	36	21		
GOBP_REGULATION_OF_VIRAL_GENOME_REPLICATION	87	57		
GOBP_POSITIVE_REGULATION_OF_VIRAL_GENOME_REPLICATION	32	28		
GOBP_NEGATIVE_REGULATION_OF_VIRAL_GENOME_REPLICATION	57	32		
GOBP_INNATE_IMMUNE_RESPONSE	872	380		
GOBP_REGULATION_OF_INNATE_IMMUNE_RESPONSE	230	138		
GOBP_POSITIVE_REGULATION_OF_INNATE_IMMUNE_RESPONSE	139	78		
GOBP_INTERMEDIATE_FILAMENT_BASED_PROCESS	68	20		
GOBP_INTERMEDIATE_FILAMENT_ORGANIZATION	42		Rejected!	
GOBP_INTERMEDIATE_FILAMENT_BUNDLE_ASSEMBLY	7		Rejected!	
GOBP_INTEGRIN_BIOSYNTHETIC_PROCESS	6		Rejected!	
GOBP_REGULATION_OF_INTEGRIN_BIOSYNTHETIC_PROCESS	5		Rejected!	
GOBP_PROTEIN_NEDDYLATION	18	16		
GOBP_AZOLE_TRANSMEMBRANE_TRANSPORT	12		Rejected!	
GOBP_CELLULAR_EXTRAVASATION	74	38		
GOBP_REGULATION_OF_BONE_RESORPTION	41	21		
GOBP_MEIOTIC_CHROMOSOME_SEGREGATION	96	49		
GOBP_DEVELOPMENT_OF_SECONDARY_SEXUAL_CHARACTERISTICS	8		Rejected!	
GOBP_DEVELOPMENT_OF_PRIMARY_SEXUAL_CHARACTERISTICS	231	89		
GOBP_HOMOLOGOUS_CHROMOSOME_SEGREGATION	65	27		
GOBP_NEURONAL_ION_CHANNEL_CLUSTERING	11		Rejected!	
GOBP_CLUSTERING_OF_VOLTAGE_GATED_SODIUM_CHANNELS	6		Rejected!	
GOBP_CELL_FATE_COMMITMENT	266	71		
GOBP_APICAL_PROTEIN_LOCALIZATION	15		Rejected!	
GOBP_ESTABLISHMENT_OF_PROTEIN_LOCALIZATION	1652		Rejected!	
GOBP_MAINTENANCE_OF_PROTEIN_LOCATION	92	68		
GOBP_REGULATION_OF_CIRCADIAN_SLEEP_WAKE_CYCLE_NON_REM_SLEEP	5		Rejected!	
GOBP_REGULATION_OF_ISOTYPE_SWITCHING	38	27		
GOBP_ESTABLISHMENT_OF_EPITHELIAL_CELL_APICAL_BASAL_POLARITY	19		Rejected!	
GOBP_SARCOMERE_ORGANIZATION	43	15		
GOBP_CELL_CELL_JUNCTION_ORGANIZATION	207	80		
GOBP_CELL_CELL_JUNCTION_MAINTENANCE	18		Rejected!	
GOBP_EXTERNAL_ENCAPSULATING_STRUCTURE_ORGANIZATION	313	84		
GOBP_MRNA_CIS_SPLICING_VIA_SPLICEOSOME	41	22		
GOBP_LATE_ENDOSOME_TO_VACUOLE_TRANSPORT	26	22		
GOBP_CELLULAR_RESPIRATION	231	162		
GOBP_FARNESYL_DIPHOSPHATE_METABOLIC_PROCESS	6		Rejected!	
GOBP_MHC_CLASS_I_BIOSYNTHETIC_PROCESS	7		Rejected!	
GOBP_MHC_CLASS_II_BIOSYNTHETIC_PROCESS	16		Rejected!	
GOBP_POSITIVE_REGULATION_OF_MHC_CLASS_I_BIOSYNTHETIC_PROCESS	5		Rejected!	
GOBP_NEGATIVE_REGULATION_OF_MHC_CLASS_II_BIOSYNTHETIC_PROCESS	6		Rejected!	
GOBP_POSITIVE_REGULATION_OF_MHC_CLASS_II_BIOSYNTHETIC_PROCESS	10		Rejected!	
GOBP_FAT_CELL_DIFFERENTIATION	238	115		
GOBP_MYOBLAST_DIFFERENTIATION	86	40		
GOBP_BONE_RESORPTION	63	33		
GOBP_CELL_REDOX_HOMEOSTASIS	37	26		
GOBP_RESPONSE_TO_ETHANOL	120	57		
GOBP_RESPONSE_TO_ETHER	11		Rejected!	
GOBP_LOCOMOTOR_RHYTHM	15		Rejected!	
GOBP_PHOTORECEPTOR_CELL_MAINTENANCE	43	17		
GOBP_REGULATION_OF_CHOLESTEROL_BIOSYNTHETIC_PROCESS	24		Rejected!	
GOBP_POSITIVE_REGULATION_OF_CHOLESTEROL_BIOSYNTHETIC_PROCESS	10		Rejected!	
GOBP_MAST_CELL_ACTIVATION	69	39		
GOBP_REGULATION_OF_B_CELL_DIFFERENTIATION	31	19		
GOBP_NEGATIVE_REGULATION_OF_B_CELL_DIFFERENTIATION	6		Rejected!	
GOBP_POSITIVE_REGULATION_OF_B_CELL_DIFFERENTIATION	14		Rejected!	
GOBP_REGULATION_OF_T_CELL_DIFFERENTIATION	151	96		
GOBP_NEGATIVE_REGULATION_OF_T_CELL_DIFFERENTIATION	46	27		
GOBP_REGULATION_OF_GAMMA_DELTA_T_CELL_DIFFERENTIATION	9		Rejected!	
GOBP_POSITIVE_REGULATION_OF_GAMMA_DELTA_T_CELL_DIFFERENTIATION	7		Rejected!	
GOBP_NEGATIVE_REGULATION_OF_REGULATORY_T_CELL_DIFFERENTIATION	7		Rejected!	
GOBP_POSITIVE_REGULATION_OF_REGULATORY_T_CELL_DIFFERENTIATION	20		Rejected!	
GOBP_REGULATION_OF_CELL_DIFFERENTIATION	1565		Rejected!	
GOBP_NEGATIVE_REGULATION_OF_CELL_DIFFERENTIATION	686	280		
GOBP_POSITIVE_REGULATION_OF_CELL_DIFFERENTIATION	867	393		
GOBP_REGULATION_OF_FAT_CELL_DIFFERENTIATION	142	65		
GOBP_NEGATIVE_REGULATION_OF_FAT_CELL_DIFFERENTIATION	59	28		
GOBP_POSITIVE_REGULATION_OF_FAT_CELL_DIFFERENTIATION	67	30		
GOBP_REGULATION_OF_ENDOTHELIAL_CELL_DIFFERENTIATION	48	20		
GOBP_NEGATIVE_REGULATION_OF_ENDOTHELIAL_CELL_DIFFERENTIATION	12		Rejected!	
GOBP_POSITIVE_REGULATION_OF_ENDOTHELIAL_CELL_DIFFERENTIATION	19		Rejected!	
GOBP_POSITIVE_REGULATION_OF_EPIDERMAL_CELL_DIFFERENTIATION	27		Rejected!	
GOBP_REGULATION_OF_INNER_EAR_AUDITORY_RECEPTOR_CELL_DIFFERENTIATION	8		Rejected!	
GOBP_REGULATION_OF_KERATINOCYTE_DIFFERENTIATION	38	17		
GOBP_NEGATIVE_REGULATION_OF_KERATINOCYTE_DIFFERENTIATION	7		Rejected!	
GOBP_POSITIVE_REGULATION_OF_KERATINOCYTE_DIFFERENTIATION	19		Rejected!	
GOBP_REGULATION_OF_LYMPHOCYTE_DIFFERENTIATION	181	117		
GOBP_NEGATIVE_REGULATION_OF_LYMPHOCYTE_DIFFERENTIATION	55	32		
GOBP_POSITIVE_REGULATION_OF_LYMPHOCYTE_DIFFERENTIATION	107	71		
GOBP_REGULATION_OF_T_HELPER_CELL_DIFFERENTIATION	38	25		
GOBP_NEGATIVE_REGULATION_OF_T_HELPER_CELL_DIFFERENTIATION	17		Rejected!	
GOBP_POSITIVE_REGULATION_OF_T_HELPER_CELL_DIFFERENTIATION	22		Rejected!	
GOBP_REGULATION_OF_T_HELPER_1_CELL_DIFFERENTIATION	10		Rejected!	
GOBP_POSITIVE_REGULATION_OF_T_HELPER_1_CELL_DIFFERENTIATION	6		Rejected!	
GOBP_REGULATION_OF_T_HELPER_2_CELL_DIFFERENTIATION	11		Rejected!	
GOBP_POSITIVE_REGULATION_OF_T_HELPER_2_CELL_DIFFERENTIATION	7		Rejected!	
GOBP_REGULATION_OF_MELANOCYTE_DIFFERENTIATION	6		Rejected!	
GOBP_POSITIVE_REGULATION_OF_MELANOCYTE_DIFFERENTIATION	5		Rejected!	
GOBP_REGULATION_OF_MYELOID_CELL_DIFFERENTIATION	209	116		
GOBP_NEGATIVE_REGULATION_OF_MYELOID_CELL_DIFFERENTIATION	91	43		
GOBP_POSITIVE_REGULATION_OF_MYELOID_CELL_DIFFERENTIATION	100	63		
GOBP_REGULATION_OF_ERYTHROCYTE_DIFFERENTIATION	48	36		
GOBP_NEGATIVE_REGULATION_OF_ERYTHROCYTE_DIFFERENTIATION	8		Rejected!	
GOBP_POSITIVE_REGULATION_OF_ERYTHROCYTE_DIFFERENTIATION	34	27		
GOBP_REGULATION_OF_MACROPHAGE_DIFFERENTIATION	24		Rejected!	
GOBP_NEGATIVE_REGULATION_OF_MACROPHAGE_DIFFERENTIATION	7		Rejected!	
GOBP_POSITIVE_REGULATION_OF_MACROPHAGE_DIFFERENTIATION	16		Rejected!	
GOBP_REGULATION_OF_MEGAKARYOCYTE_DIFFERENTIATION	36		Rejected!	
GOBP_NEGATIVE_REGULATION_OF_MEGAKARYOCYTE_DIFFERENTIATION	18		Rejected!	
GOBP_POSITIVE_REGULATION_OF_MEGAKARYOCYTE_DIFFERENTIATION	11		Rejected!	
GOBP_REGULATION_OF_MONOCYTE_DIFFERENTIATION	20		Rejected!	
GOBP_NEGATIVE_REGULATION_OF_MONOCYTE_DIFFERENTIATION	8		Rejected!	
GOBP_POSITIVE_REGULATION_OF_MONOCYTE_DIFFERENTIATION	10		Rejected!	
GOBP_REGULATION_OF_MYOBLAST_DIFFERENTIATION	54	25		
GOBP_NEGATIVE_REGULATION_OF_MYOBLAST_DIFFERENTIATION	25		Rejected!	
GOBP_POSITIVE_REGULATION_OF_MYOBLAST_DIFFERENTIATION	23		Rejected!	
GOBP_REGULATION_OF_NEURON_DIFFERENTIATION	192	70		
GOBP_NEGATIVE_REGULATION_OF_NEURON_DIFFERENTIATION	72	25		
GOBP_POSITIVE_REGULATION_OF_NEURON_DIFFERENTIATION	91	31		
GOBP_REGULATION_OF_OSTEOBLAST_DIFFERENTIATION	135	49		
GOBP_NEGATIVE_REGULATION_OF_OSTEOBLAST_DIFFERENTIATION	51	20		
GOBP_POSITIVE_REGULATION_OF_OSTEOBLAST_DIFFERENTIATION	73	20		
GOBP_REGULATION_OF_OSTEOCLAST_DIFFERENTIATION	64	32		
GOBP_NEGATIVE_REGULATION_OF_OSTEOCLAST_DIFFERENTIATION	30		Rejected!	
GOBP_POSITIVE_REGULATION_OF_OSTEOCLAST_DIFFERENTIATION	24		Rejected!	
GOBP_REGULATION_OF_EPIDERMIS_DEVELOPMENT	65	31		
GOBP_NEGATIVE_REGULATION_OF_EPIDERMIS_DEVELOPMENT	13		Rejected!	
GOBP_POSITIVE_REGULATION_OF_EPIDERMIS_DEVELOPMENT	32		Rejected!	
GOBP_REGULATION_OF_GLIAL_CELL_DIFFERENTIATION	75	31		
GOBP_NEGATIVE_REGULATION_OF_GLIAL_CELL_DIFFERENTIATION	27		Rejected!	
GOBP_POSITIVE_REGULATION_OF_GLIAL_CELL_DIFFERENTIATION	42	21		
GOBP_NEGATIVE_REGULATION_OF_FATTY_ACID_BIOSYNTHETIC_PROCESS	21		Rejected!	
GOBP_NEGATIVE_REGULATION_OF_GLUCONEOGENESIS	17		Rejected!	
GOBP_POSITIVE_REGULATION_OF_GLUCONEOGENESIS	18		Rejected!	
GOBP_POSITIVE_REGULATION_OF_FATTY_ACID_BIOSYNTHETIC_PROCESS	23		Rejected!	
GOBP_POSITIVE_REGULATION_OF_CILIUM_ASSEMBLY	26	19		
GOBP_POSITIVE_REGULATION_OF_TRANSLATION	141	101		
GOBP_RESPIRATORY_BURST	37	20		
GOBP_POSITIVE_REGULATION_OF_PROTEIN_CATABOLIC_PROCESS	234	167		
GOBP_NEGATIVE_REGULATION_OF_CYCLIN_DEPENDENT_PROTEIN_SERINE_THREONINE_KINASE_ACTIVITY	33	22		
GOBP_NEGATIVE_REGULATION_OF_DNA_REPAIR	36	25		
GOBP_POSITIVE_REGULATION_OF_DNA_REPAIR	94	70		
GOBP_POSITIVE_REGULATION_OF_DNA_REPLICATION	40	29		
GOBP_POSITIVE_REGULATION_OF_EPIDERMAL_GROWTH_FACTOR_ACTIVATED_RECEPTOR_ACTIVITY	13		Rejected!	
GOBP_POSITIVE_REGULATION_OF_FIBROBLAST_GROWTH_FACTOR_RECEPTOR_SIGNALING_PATHWAY	8		Rejected!	
GOBP_NEGATIVE_REGULATION_OF_G_PROTEIN_COUPLED_RECEPTOR_SIGNALING_PATHWAY	55	26		
GOBP_POSITIVE_REGULATION_OF_G_PROTEIN_COUPLED_RECEPTOR_SIGNALING_PATHWAY	26		Rejected!	
GOBP_NEGATIVE_REGULATION_OF_NOTCH_SIGNALING_PATHWAY	38	20		
GOBP_POSITIVE_REGULATION_OF_NOTCH_SIGNALING_PATHWAY	48	20		
GOBP_NEGATIVE_REGULATION_OF_ACTION_POTENTIAL	6		Rejected!	
GOBP_POSITIVE_REGULATION_OF_ACTION_POTENTIAL	8		Rejected!	
GOBP_REGULATION_OF_ADENYLATE_CYCLASE_ACTIVITY	32		Rejected!	
GOBP_POSITIVE_REGULATION_OF_ADENYLATE_CYCLASE_ACTIVITY	8		Rejected!	
GOBP_POSITIVE_REGULATION_OF_AXON_EXTENSION	39	20		
GOBP_NEGATIVE_REGULATION_OF_BLOOD_PRESSURE	47		Rejected!	
GOBP_POSITIVE_REGULATION_OF_BLOOD_PRESSURE	36		Rejected!	
GOBP_POSITIVE_REGULATION_OF_OSSIFICATION	51	18		
GOBP_POSITIVE_REGULATION_OF_BONE_RESORPTION	16		Rejected!	
GOBP_POSITIVE_REGULATION_OF_CELL_ADHESION	446	228		
GOBP_NEGATIVE_REGULATION_OF_CELL_CYCLE	387	254		
GOBP_POSITIVE_REGULATION_OF_CELL_CYCLE	329	205		
GOBP_NEGATIVE_REGULATION_OF_CELL_SIZE	9		Rejected!	
GOBP_POSITIVE_REGULATION_OF_CELL_SIZE	10		Rejected!	
GOBP_NEGATIVE_REGULATION_OF_CELL_VOLUME	5		Rejected!	
GOBP_NEGATIVE_REGULATION_OF_ENDOCYTOSIS	58	30		
GOBP_POSITIVE_REGULATION_OF_ENDOCYTOSIS	98	51		
GOBP_NEGATIVE_REGULATION_OF_GENE_EXPRESSION_EPIGENETIC	81	56		
GOBP_EPIGENETIC_MAINTENANCE_OF_CHROMATIN_IN_TRANSCRIPTION_COMPETENT_CONFORMATION	12		Rejected!	
GOBP_NEGATIVE_REGULATION_OF_GLYCOLYTIC_PROCESS	13		Rejected!	
GOBP_POSITIVE_REGULATION_OF_GLYCOLYTIC_PROCESS	20		Rejected!	
GOBP_NEGATIVE_REGULATION_OF_INNATE_IMMUNE_RESPONSE	73	41		
GOBP_NEGATIVE_REGULATION_OF_ISOTYPE_SWITCHING	5		Rejected!	
GOBP_POSITIVE_REGULATION_OF_ISOTYPE_SWITCHING	28	19		
GOBP_NEGATIVE_REGULATION_OF_LIPID_METABOLIC_PROCESS	105	49		
GOBP_POSITIVE_REGULATION_OF_LIPID_METABOLIC_PROCESS	153	69		
GOBP_NEGATIVE_REGULATION_OF_MEIOTIC_NUCLEAR_DIVISION	9		Rejected!	
GOBP_POSITIVE_REGULATION_OF_MEIOTIC_NUCLEAR_DIVISION	16		Rejected!	
GOBP_NEGATIVE_REGULATION_OF_MEMBRANE_POTENTIAL	11		Rejected!	
GOBP_POSITIVE_REGULATION_OF_MEMBRANE_POTENTIAL	16		Rejected!	
GOBP_POSITIVE_REGULATION_OF_MITOTIC_NUCLEAR_DIVISION	44	23		
GOBP_PH_REDUCTION	47	24		
GOBP_PH_ELEVATION	7		Rejected!	
GOBP_REGULATION_OF_PROTEIN_KINASE_ACTIVITY	649	374		
GOBP_POSITIVE_REGULATION_OF_PROTEIN_KINASE_ACTIVITY	397	212		
GOBP_NEGATIVE_REGULATION_OF_PROTEOLYSIS	348	142		
GOBP_POSITIVE_REGULATION_OF_PROTEOLYSIS	373	239		
GOBP_NEGATIVE_REGULATION_OF_SINGLE_STRANDED_VIRAL_RNA_REPLICATION_VIA_DOUBLE_STRANDED_DNA_INTERMEDIATE	16		Rejected!	
GOBP_NEGATIVE_REGULATION_OF_SISTER_CHROMATID_COHESION	5		Rejected!	
GOBP_POSITIVE_REGULATION_OF_SISTER_CHROMATID_COHESION	9		Rejected!	
GOBP_NEGATIVE_REGULATION_OF_SMOOTHENED_SIGNALING_PATHWAY	33	20		
GOBP_POSITIVE_REGULATION_OF_SMOOTHENED_SIGNALING_PATHWAY	36	16		
GOBP_REGULATION_OF_RNA_POLYMERASE_II_TRANSCRIPTION_PREINITIATION_COMPLEX_ASSEMBLY	9		Rejected!	
GOBP_POSITIVE_REGULATION_OF_RNA_POLYMERASE_II_TRANSCRIPTION_PREINITIATION_COMPLEX_ASSEMBLY	6		Rejected!	
GOBP_NEGATIVE_REGULATION_OF_TRANSLATIONAL_ELONGATION	5		Rejected!	
GOBP_NEGATIVE_REGULATION_OF_VASOCONSTRICTION	8		Rejected!	
GOBP_POSITIVE_REGULATION_OF_VASOCONSTRICTION	33		Rejected!	
GOBP_NEGATIVE_REGULATION_OF_DNA_RECOMBINATION	45	27		
GOBP_POSITIVE_REGULATION_OF_DNA_RECOMBINATION	70	56		
GOBP_NEGATIVE_REGULATION_OF_CARBOHYDRATE_METABOLIC_PROCESS	51	28		
GOBP_POSITIVE_REGULATION_OF_CARBOHYDRATE_METABOLIC_PROCESS	77	36		
GOBP_POSITIVE_REGULATION_OF_CATECHOLAMINE_METABOLIC_PROCESS	7		Rejected!	
GOBP_NEGATIVE_REGULATION_OF_COMPLEMENT_ACTIVATION	12		Rejected!	
GOBP_POSITIVE_REGULATION_OF_COMPLEMENT_ACTIVATION	7		Rejected!	
GOBP_NEGATIVE_REGULATION_OF_EXOCYTOSIS	35	18		
GOBP_POSITIVE_REGULATION_OF_EXOCYTOSIS	83	38		
GOBP_NEGATIVE_REGULATION_OF_FATTY_ACID_METABOLIC_PROCESS	35	16		
GOBP_POSITIVE_REGULATION_OF_FATTY_ACID_METABOLIC_PROCESS	39		Rejected!	
GOBP_REGULATION_OF_FEMALE_RECEPTIVITY	7		Rejected!	
GOBP_NEGATIVE_REGULATION_OF_GROWTH	245	112		
GOBP_POSITIVE_REGULATION_OF_GROWTH	256	117		
GOBP_NEGATIVE_REGULATION_OF_MITOTIC_CELL_CYCLE	234	157		
GOBP_POSITIVE_REGULATION_OF_MITOTIC_CELL_CYCLE	128	91		
GOBP_NEGATIVE_REGULATION_OF_MUSCLE_CONTRACTION	25		Rejected!	
GOBP_POSITIVE_REGULATION_OF_MUSCLE_CONTRACTION	45		Rejected!	
GOBP_NEGATIVE_REGULATION_OF_NUCLEOBASE_CONTAINING_COMPOUND_METABOLIC_PROCESS	1495		Rejected!	
GOBP_POSITIVE_REGULATION_OF_NUCLEOBASE_CONTAINING_COMPOUND_METABOLIC_PROCESS	1928		Rejected!	
GOBP_POSITIVE_REGULATION_OF_CIRCADIAN_SLEEP_WAKE_CYCLE_SLEEP	5		Rejected!	
GOBP_NEGATIVE_REGULATION_OF_STEROID_METABOLIC_PROCESS	30		Rejected!	
GOBP_POSITIVE_REGULATION_OF_STEROID_METABOLIC_PROCESS	33		Rejected!	
GOBP_POSITIVE_REGULATION_OF_TRANSCRIPTION_BY_RNA_POLYMERASE_I	23	19		
GOBP_POSITIVE_REGULATION_OF_TRANSCRIPTION_BY_RNA_POLYMERASE_II	1202		Rejected!	
GOBP_POSITIVE_REGULATION_OF_TRANSCRIPTION_BY_RNA_POLYMERASE_III	18	17		
GOBP_NEGATIVE_REGULATION_OF_TRANSLATIONAL_INITIATION	19	17		
GOBP_POSITIVE_REGULATION_OF_TRANSLATIONAL_INITIATION	30	24		
GOBP_POSITIVE_REGULATION_OF_NATURAL_KILLER_CELL_MEDIATED_CYTOTOXICITY	27		Rejected!	
GOBP_NEGATIVE_REGULATION_OF_CALCIUM_ION_DEPENDENT_EXOCYTOSIS	8		Rejected!	
GOBP_POSITIVE_REGULATION_OF_CALCIUM_ION_DEPENDENT_EXOCYTOSIS	17		Rejected!	
GOBP_NEGATIVE_REGULATION_OF_NUCLEOTIDE_METABOLIC_PROCESS	22		Rejected!	
GOBP_POSITIVE_REGULATION_OF_NUCLEOTIDE_METABOLIC_PROCESS	43	17		
GOBP_NEGATIVE_REGULATION_OF_SMOOTH_MUSCLE_CONTRACTION	16		Rejected!	
GOBP_POSITIVE_REGULATION_OF_SMOOTH_MUSCLE_CONTRACTION	31		Rejected!	
GOBP_NEGATIVE_REGULATION_OF_STRIATED_MUSCLE_CONTRACTION	8		Rejected!	
GOBP_POSITIVE_REGULATION_OF_STRIATED_MUSCLE_CONTRACTION	14		Rejected!	
GOBP_CARBON_CATABOLITE_REGULATION_OF_TRANSCRIPTION	5		Rejected!	
GOBP_REGULATION_OF_EMBRYONIC_DEVELOPMENT	64	25		
GOBP_NEGATIVE_REGULATION_OF_ACTIVATED_T_CELL_PROLIFERATION	15		Rejected!	
GOBP_REGULATION_OF_TRANSCRIPTION_BY_GLUCOSE	7		Rejected!	
GOBP_ADP_METABOLIC_PROCESS	90	59		
GOBP_AMP_METABOLIC_PROCESS	25	18		
GOBP_ATP_METABOLIC_PROCESS	273	174		
GOBP_GMP_METABOLIC_PROCESS	27	21		
GOBP_GTP_METABOLIC_PROCESS	25	18		
GOBP_IMP_METABOLIC_PROCESS	18		Rejected!	
GOBP_UMP_CATABOLIC_PROCESS	5		Rejected!	
GOBP_UTP_METABOLIC_PROCESS	12		Rejected!	
GOBP_DAMP_METABOLIC_PROCESS	7		Rejected!	
GOBP_CAMP_METABOLIC_PROCESS	22		Rejected!	
GOBP_CGMP_METABOLIC_PROCESS	16		Rejected!	
GOBP_DTMP_METABOLIC_PROCESS	7		Rejected!	
GOBP_DTTP_METABOLIC_PROCESS	5		Rejected!	
GOBP_DUMP_METABOLIC_PROCESS	9		Rejected!	
GOBP_DUMP_CATABOLIC_PROCESS	6		Rejected!	
GOBP_ADENOSINE_METABOLIC_PROCESS	11		Rejected!	
GOBP_CYTIDINE_METABOLIC_PROCESS	12		Rejected!	
GOBP_GUANINE_METABOLIC_PROCESS	5		Rejected!	
GOBP_INOSINE_METABOLIC_PROCESS	5		Rejected!	
GOBP_NUCLEOBASE_BIOSYNTHETIC_PROCESS	19	15		
GOBP_NUCLEOBASE_CATABOLIC_PROCESS	10		Rejected!	
GOBP_DEOXYRIBONUCLEOSIDE_CATABOLIC_PROCESS	6		Rejected!	
GOBP_PURINE_DEOXYRIBONUCLEOSIDE_METABOLIC_PROCESS	5		Rejected!	
GOBP_PYRIMIDINE_DEOXYRIBONUCLEOSIDE_METABOLIC_PROCESS	5		Rejected!	
GOBP_PURINE_RIBONUCLEOSIDE_METABOLIC_PROCESS	22		Rejected!	
GOBP_PURINE_RIBONUCLEOSIDE_CATABOLIC_PROCESS	6		Rejected!	
GOBP_PYRIMIDINE_NUCLEOSIDE_CATABOLIC_PROCESS	16		Rejected!	
GOBP_NEGATIVE_REGULATION_OF_VITAMIN_METABOLIC_PROCESS	7		Rejected!	
GOBP_TETRAHYDROBIOPTERIN_METABOLIC_PROCESS	9		Rejected!	
GOBP_PIGMENT_BIOSYNTHETIC_PROCESS	68	43		
GOBP_ALCOHOL_CATABOLIC_PROCESS	55	28		
GOBP_ALCOHOL_BIOSYNTHETIC_PROCESS	143	78		
GOBP_POLYOL_BIOSYNTHETIC_PROCESS	63	32		
GOBP_POLYOL_CATABOLIC_PROCESS	27	20		
GOBP_ALDEHYDE_BIOSYNTHETIC_PROCESS	16		Rejected!	
GOBP_ALDEHYDE_CATABOLIC_PROCESS	13		Rejected!	
GOBP_PHENOL_CONTAINING_COMPOUND_BIOSYNTHETIC_PROCESS	47	15		
GOBP_REGULATION_OF_FATTY_ACID_OXIDATION	32	16		
GOBP_POSITIVE_REGULATION_OF_FATTY_ACID_OXIDATION	15		Rejected!	
GOBP_NEGATIVE_REGULATION_OF_FATTY_ACID_OXIDATION	12		Rejected!	
GOBP_GLUCOSE_IMPORT	79	38		
GOBP_REGULATION_OF_GLUCOSE_IMPORT	60	30		
GOBP_NEGATIVE_REGULATION_OF_GLUCOSE_IMPORT	17		Rejected!	
GOBP_POSITIVE_REGULATION_OF_GLUCOSE_IMPORT	37	19		
GOBP_REGULATION_OF_JNK_CASCADE	141	85		
GOBP_NEGATIVE_REGULATION_OF_JNK_CASCADE	38	22		
GOBP_POSITIVE_REGULATION_OF_JNK_CASCADE	95	58		
GOBP_PHOSPHATIDYLETHANOLAMINE_METABOLIC_PROCESS	28		Rejected!	
GOBP_DIACYLGLYCEROL_METABOLIC_PROCESS	26		Rejected!	
GOBP_CDP_DIACYLGLYCEROL_METABOLIC_PROCESS	14		Rejected!	
GOBP_AMINO_SUGAR_CATABOLIC_PROCESS	14		Rejected!	
GOBP_AMINO_SUGAR_BIOSYNTHETIC_PROCESS	9		Rejected!	
GOBP_MONOSACCHARIDE_BIOSYNTHETIC_PROCESS	86	50		
GOBP_MONOSACCHARIDE_CATABOLIC_PROCESS	41	24		
GOBP_DEOXYRIBOSE_PHOSPHATE_CATABOLIC_PROCESS	30	19		
GOBP_RIBOSE_PHOSPHATE_BIOSYNTHETIC_PROCESS	191	107		
GOBP_5_PHOSPHORIBOSE_1_DIPHOSPHATE_METABOLIC_PROCESS	6		Rejected!	
GOBP_URATE_METABOLIC_PROCESS	13		Rejected!	
GOBP_NEGATIVE_REGULATION_OF_RECEPTOR_SIGNALING_PATHWAY_VIA_JAK_STAT	27	18		
GOBP_ORGANOPHOSPHATE_CATABOLIC_PROCESS	158	95		
GOBP_ICOSANOID_BIOSYNTHETIC_PROCESS	57	21		
GOBP_PROSTANOID_BIOSYNTHETIC_PROCESS	32		Rejected!	
GOBP_SHORT_CHAIN_FATTY_ACID_METABOLIC_PROCESS	14		Rejected!	
GOBP_NEUTRAL_LIPID_BIOSYNTHETIC_PROCESS	48	22		
GOBP_NEUTRAL_LIPID_CATABOLIC_PROCESS	41		Rejected!	
GOBP_MONOACYLGLYCEROL_METABOLIC_PROCESS	14		Rejected!	
GOBP_MEMBRANE_LIPID_CATABOLIC_PROCESS	37	24		
GOBP_MEMBRANE_LIPID_BIOSYNTHETIC_PROCESS	148	94		
GOBP_PLATELET_ACTIVATING_FACTOR_METABOLIC_PROCESS	8		Rejected!	
GOBP_PHOSPHATIDYLCHOLINE_METABOLIC_PROCESS	74	35		
GOBP_PHOSPHATIDYLGLYCEROL_METABOLIC_PROCESS	36	23		
GOBP_PHOSPHATIDIC_ACID_METABOLIC_PROCESS	37	24		
GOBP_GLYCEROPHOSPHOLIPID_BIOSYNTHETIC_PROCESS	214	156		
GOBP_GLYCEROPHOSPHOLIPID_CATABOLIC_PROCESS	34	17		
GOBP_GLYCOSYLCERAMIDE_BIOSYNTHETIC_PROCESS	8		Rejected!	
GOBP_GLYCOSYLCERAMIDE_CATABOLIC_PROCESS	7		Rejected!	
GOBP_GLYCEROLIPID_METABOLIC_PROCESS	396	240		
GOBP_GLYOXYLATE_METABOLIC_PROCESS	7		Rejected!	
GOBP_PHOSPHATIDYLINOSITOL_METABOLIC_PROCESS	162	117		
GOBP_S_ADENOSYLMETHIONINE_METABOLIC_PROCESS	16		Rejected!	
GOBP_PROTOPORPHYRINOGEN_IX_METABOLIC_PROCESS	11		Rejected!	
GOBP_GLYCEROLIPID_CATABOLIC_PROCESS	68	29		
GOBP_SPHINGOSINE_BIOSYNTHETIC_PROCESS	15		Rejected!	
GOBP_CERAMIDE_BIOSYNTHETIC_PROCESS	67	43		
GOBP_CERAMIDE_CATABOLIC_PROCESS	21		Rejected!	
GOBP_SPHINGOID_METABOLIC_PROCESS	23		Rejected!	
GOBP_PHOTORECEPTOR_CELL_DIFFERENTIATION	62	24		
GOBP_REGULATION_OF_PHOTORECEPTOR_CELL_DIFFERENTIATION	7		Rejected!	
GOBP_SALIVA_SECRETION	12		Rejected!	
GOBP_DEVELOPMENT_OF_SECONDARY_FEMALE_SEXUAL_CHARACTERISTICS	6		Rejected!	
GOBP_DEVELOPMENT_OF_PRIMARY_FEMALE_SEXUAL_CHARACTERISTICS	109	41		
GOBP_RETINAL_ROD_CELL_DEVELOPMENT	9		Rejected!	
GOBP_REGULATION_OF_RAS_PROTEIN_SIGNAL_TRANSDUCTION	188	117		
GOBP_REGULATION_OF_VIRAL_ENTRY_INTO_HOST_CELL	43	20		
GOBP_NEGATIVE_REGULATION_OF_VIRAL_ENTRY_INTO_HOST_CELL	22		Rejected!	
GOBP_REGULATION_OF_CENTRIOLE_REPLICATION	23	21		
GOBP_NEGATIVE_REGULATION_OF_CENTRIOLE_REPLICATION	7		Rejected!	
GOBP_POSITIVE_REGULATION_OF_CENTRIOLE_REPLICATION	9		Rejected!	
GOBP_REGULATION_OF_MITOTIC_CENTROSOME_SEPARATION	9		Rejected!	
GOBP_REGULATION_OF_CENTROSOME_CYCLE	52	45		
GOBP_XENOBIOTIC_EXPORT	23		Rejected!	
GOBP_REGULATION_OF_ORGAN_GROWTH	101	34		
GOBP_NEGATIVE_REGULATION_OF_ORGAN_GROWTH	37	15		
GOBP_POSITIVE_REGULATION_OF_ORGAN_GROWTH	52		Rejected!	
GOBP_REGULATION_OF_INSULIN_RECEPTOR_SIGNALING_PATHWAY	69	39		
GOBP_GAMMA_DELTA_T_CELL_ACTIVATION	20		Rejected!	
GOBP_ALPHA_BETA_T_CELL_ACTIVATION	158	110		
GOBP_ALPHA_BETA_T_CELL_DIFFERENTIATION	111	84		
GOBP_ALPHA_BETA_T_CELL_PROLIFERATION	40	27		
GOBP_REGULATION_OF_ALPHA_BETA_T_CELL_ACTIVATION	105	69		
GOBP_POSITIVE_REGULATION_OF_ALPHA_BETA_T_CELL_ACTIVATION	69	47		
GOBP_NEGATIVE_REGULATION_OF_ALPHA_BETA_T_CELL_ACTIVATION	42	26		
GOBP_REGULATION_OF_ALPHA_BETA_T_CELL_DIFFERENTIATION	67	47		
GOBP_POSITIVE_REGULATION_OF_ALPHA_BETA_T_CELL_DIFFERENTIATION	50	33		
GOBP_NEGATIVE_REGULATION_OF_ALPHA_BETA_T_CELL_DIFFERENTIATION	25	19		
GOBP_POSITIVE_REGULATION_OF_ALPHA_BETA_T_CELL_PROLIFERATION	23	17		
GOBP_NEGATIVE_REGULATION_OF_ALPHA_BETA_T_CELL_PROLIFERATION	13		Rejected!	
GOBP_REGULATION_OF_GAMMA_DELTA_T_CELL_ACTIVATION	11		Rejected!	
GOBP_POSITIVE_REGULATION_OF_GAMMA_DELTA_T_CELL_ACTIVATION	9		Rejected!	
GOBP_LYMPHOCYTE_ACTIVATION	792	437		
GOBP_TETRAHYDROFOLATE_METABOLIC_PROCESS	20	15		
GOBP_TETRAHYDROFOLATE_BIOSYNTHETIC_PROCESS	8		Rejected!	
GOBP_FOLIC_ACID_METABOLIC_PROCESS	16		Rejected!	
GOBP_FEMALE_SEX_DIFFERENTIATION	124	47		
GOBP_MALE_SEX_DIFFERENTIATION	164	64		
GOBP_RETINAL_CELL_PROGRAMMED_CELL_DEATH	5		Rejected!	
GOBP_RESPONSE_TO_ANTIBIOTIC	46	35		
GOBP_RESPONSE_TO_ARSENIC_CONTAINING_SUBSTANCE	33	25		
GOBP_RESPONSE_TO_CADMIUM_ION	59	36		
GOBP_RESPONSE_TO_COPPER_ION	41		Rejected!	
GOBP_RESPONSE_TO_MERCURY_ION	11		Rejected!	
GOBP_DECIDUALIZATION	23		Rejected!	
GOBP_GDP_METABOLIC_PROCESS	11		Rejected!	
GOBP_MUSCLE_CELL_CELLULAR_HOMEOSTASIS	21		Rejected!	
GOBP_ACID_SECRETION	47		Rejected!	
GOBP_REGULATION_BY_VIRUS_OF_VIRAL_PROTEIN_LEVELS_IN_HOST_CELL	7		Rejected!	
GOBP_NON_LYTIC_VIRAL_RELEASE	14		Rejected!	
GOBP_VIRAL_BUDDING	27	24		
GOBP_PROTEIN_AUTOPHOSPHORYLATION	224	146		
GOBP_REGULATION_OF_VIRAL_TRANSCRIPTION	19	17		
GOBP_MICROTUBULE_POLYMERIZATION	84	58		
GOBP_TRANSPORT_OF_VIRUS	20		Rejected!	
GOBP_RECEPTOR_MEDIATED_VIRION_ATTACHMENT_TO_HOST_CELL	6		Rejected!	
GOBP_REGULATION_OF_NUCLEOCYTOPLASMIC_TRANSPORT	104	79		
GOBP_NEGATIVE_REGULATION_OF_NUCLEOCYTOPLASMIC_TRANSPORT	22	15		
GOBP_POSITIVE_REGULATION_OF_NUCLEOCYTOPLASMIC_TRANSPORT	60	47		
GOBP_REGULATION_OF_PROTEIN_EXPORT_FROM_NUCLEUS	31	24		
GOBP_NEGATIVE_REGULATION_OF_PROTEIN_EXPORT_FROM_NUCLEUS	6		Rejected!	
GOBP_POSITIVE_REGULATION_OF_PROTEIN_EXPORT_FROM_NUCLEUS	17		Rejected!	
GOBP_REGULATION_OF_RNA_EXPORT_FROM_NUCLEUS	12		Rejected!	
GOBP_POSITIVE_REGULATION_OF_RNA_EXPORT_FROM_NUCLEUS	5		Rejected!	
GOBP_LIPID_PHOSPHORYLATION	15		Rejected!	
GOBP_CARBOHYDRATE_PHOSPHORYLATION	25	21		
GOBP_GLYCOLIPID_TRANSPORT	8		Rejected!	
GOBP_PHOSPHOLIPID_DEPHOSPHORYLATION	46	26		
GOBP_FILOPODIUM_ASSEMBLY	66	32		
GOBP_BONE_REMODELING	88	39		
GOBP_REGULATION_OF_BONE_REMODELING	49	23		
GOBP_NEGATIVE_REGULATION_OF_BONE_REMODELING	18		Rejected!	
GOBP_PHOSPHATIDYLINOSITOL_PHOSPHATE_BIOSYNTHETIC_PROCESS	68	54		
GOBP_PHOSPHATIDYLINOSITOL_DEPHOSPHORYLATION	32	24		
GOBP_QUINOLINATE_METABOLIC_PROCESS	5		Rejected!	
GOBP_REGULATION_OF_SALIVA_SECRETION	7		Rejected!	
GOBP_REGULATION_OF_HORMONE_SECRETION	234	97		
GOBP_FOLLICLE_STIMULATING_HORMONE_SECRETION	8		Rejected!	
GOBP_REGULATION_OF_HORMONE_BIOSYNTHETIC_PROCESS	22		Rejected!	
GOBP_POSITIVE_REGULATION_OF_HORMONE_BIOSYNTHETIC_PROCESS	9		Rejected!	
GOBP_POSITIVE_REGULATION_OF_HORMONE_SECRETION	122	47		
GOBP_NEGATIVE_REGULATION_OF_HORMONE_SECRETION	60	23		
GOBP_POSITIVE_REGULATION_OF_LIPID_BIOSYNTHETIC_PROCESS	85	41		
GOBP_REGULATION_OF_LIPID_BIOSYNTHETIC_PROCESS	175	90		
GOBP_RESPONSE_TO_CYCLOHEXIMIDE	5		Rejected!	
GOBP_REGULATION_OF_MITOCHONDRIAL_MEMBRANE_PERMEABILITY	61	41		
GOBP_SECRETION	930	418		
GOBP_INTRACELLULAR_TRANSPORT	1546		Rejected!	
GOBP_CELLULAR_TRANSITION_METAL_ION_HOMEOSTASIS	115	64		
GOBP_NEGATIVE_REGULATION_OF_NEUROTRANSMITTER_SECRETION	11		Rejected!	
GOBP_PORE_COMPLEX_ASSEMBLY	21	18		
GOBP_NUCLEOTIDE_PHOSPHORYLATION	100	64		
GOBP_NUCLEOSIDE_MONOPHOSPHATE_PHOSPHORYLATION	11		Rejected!	
GOBP_CARBOXYLIC_ACID_TRANSPORT	280	104		
GOBP_FATTY_ACYL_COA_BIOSYNTHETIC_PROCESS	25	18		
GOBP_KETONE_BODY_BIOSYNTHETIC_PROCESS	6		Rejected!	
GOBP_REGULATION_OF_HEMOGLOBIN_BIOSYNTHETIC_PROCESS	7		Rejected!	
GOBP_REGULATION_OF_RESPONSE_TO_OSMOTIC_STRESS	14		Rejected!	
GOBP_VESICLE_TRANSPORT_ALONG_MICROTUBULE	45	34		
GOBP_ANTIGEN_PROCESSING_AND_PRESENTATION_OF_PEPTIDE_ANTIGEN	63	26		
GOBP_ANTIGEN_PROCESSING_AND_PRESENTATION_OF_LIPID_ANTIGEN_VIA_MHC_CLASS_IB	7		Rejected!	
GOBP_ANTIGEN_PROCESSING_AND_PRESENTATION_ENDOGENOUS_LIPID_ANTIGEN_VIA_MHC_CLASS_IB	5		Rejected!	
GOBP_PLATELET_DERIVED_GROWTH_FACTOR_RECEPTOR_SIGNALING_PATHWAY	55	30		
GOBP_INSULIN_LIKE_GROWTH_FACTOR_RECEPTOR_SIGNALING_PATHWAY	37		Rejected!	
GOBP_VASCULAR_ENDOTHELIAL_GROWTH_FACTOR_RECEPTOR_SIGNALING_PATHWAY	58	23		
GOBP_NEUROTROPHIN_TRK_RECEPTOR_SIGNALING_PATHWAY	24		Rejected!	
GOBP_HEPATOCYTE_GROWTH_FACTOR_RECEPTOR_SIGNALING_PATHWAY	13		Rejected!	
GOBP_EPHRIN_RECEPTOR_SIGNALING_PATHWAY	52	17		
GOBP_INOSITOL_PHOSPHATE_MEDIATED_SIGNALING	56	29		
GOBP_INOSITOL_LIPID_MEDIATED_SIGNALING	181	87		
GOBP_REGULATION_OF_MRNA_SPLICING_VIA_SPLICEOSOME	103	78		
GOBP_NEGATIVE_REGULATION_OF_MRNA_SPLICING_VIA_SPLICEOSOME	20	18		
GOBP_POSITIVE_REGULATION_OF_MRNA_SPLICING_VIA_SPLICEOSOME	23	17		
GOBP_FOCAL_ADHESION_ASSEMBLY	83	50		
GOBP_EMBRYONIC_EYE_MORPHOGENESIS	35		Rejected!	
GOBP_POST_EMBRYONIC_EYE_MORPHOGENESIS	6		Rejected!	
GOBP_DEVELOPMENTAL_PIGMENTATION	47	22		
GOBP_EYE_PIGMENTATION	7		Rejected!	
GOBP_POSITIVE_REGULATION_OF_DEVELOPMENTAL_PIGMENTATION	9		Rejected!	
GOBP_AUTOPHAGIC_CELL_DEATH	10		Rejected!	
GOBP_SOMATIC_STEM_CELL_DIVISION	11		Rejected!	
GOBP_ASTROCYTE_ACTIVATION	24		Rejected!	
GOBP_FIBROBLAST_PROLIFERATION	81	45		
GOBP_POSITIVE_REGULATION_OF_FIBROBLAST_PROLIFERATION	48	24		
GOBP_NEGATIVE_REGULATION_OF_FIBROBLAST_PROLIFERATION	30	20		
GOBP_BEHAVIORAL_RESPONSE_TO_COCAINE	14		Rejected!	
GOBP_BEHAVIORAL_RESPONSE_TO_ETHANOL	8		Rejected!	
GOBP_REGULATION_OF_SYNAPTIC_PLASTICITY	197	76		
GOBP_REGULATION_OF_NEURONAL_SYNAPTIC_PLASTICITY	50	21		
GOBP_REGULATION_OF_LONG_TERM_NEURONAL_SYNAPTIC_PLASTICITY	23		Rejected!	
GOBP_POSITIVE_REGULATION_OF_LONG_TERM_NEURONAL_SYNAPTIC_PLASTICITY	6		Rejected!	
GOBP_REGULATION_OF_SHORT_TERM_NEURONAL_SYNAPTIC_PLASTICITY	15		Rejected!	
GOBP_GOLGI_VESICLE_TRANSPORT	301	243		
GOBP_GOLGI_VESICLE_BUDDING	10		Rejected!	
GOBP_VESICLE_TARGETING_TO_FROM_OR_WITHIN_GOLGI	23	19		
GOBP_VESICLE_TARGETING_ROUGH_ER_TO_CIS_GOLGI	16		Rejected!	
GOBP_PLASMA_MEMBRANE_TO_ENDOSOME_TRANSPORT	8		Rejected!	
GOBP_MALE_GAMETE_GENERATION	590	226		
GOBP_SPERM_CAPACITATION	30		Rejected!	
GOBP_EPINEPHRINE_TRANSPORT	11		Rejected!	
GOBP_EPINEPHRINE_SECRETION	8		Rejected!	
GOBP_NOREPINEPHRINE_SECRETION	14		Rejected!	
GOBP_EOSINOPHIL_CHEMOTAXIS	18		Rejected!	
GOBP_MACROPHAGE_CHEMOTAXIS	38		Rejected!	
GOBP_LYMPHOCYTE_CHEMOTAXIS	63	21		
GOBP_ELASTIC_FIBER_ASSEMBLY	11		Rejected!	
GOBP_SNORNA_LOCALIZATION	6		Rejected!	
GOBP_REGULATION_OF_RECEPTOR_MEDIATED_ENDOCYTOSIS	114	59		
GOBP_POSITIVE_REGULATION_OF_RECEPTOR_MEDIATED_ENDOCYTOSIS	54	24		
GOBP_NEGATIVE_REGULATION_OF_RECEPTOR_MEDIATED_ENDOCYTOSIS	38	22		
GOBP_DETERMINATION_OF_DORSAL_VENTRAL_ASYMMETRY	11		Rejected!	
GOBP_RESPONSE_TO_PAIN	29		Rejected!	
GOBP_BEHAVIORAL_RESPONSE_TO_PAIN	16		Rejected!	
GOBP_CLATHRIN_COAT_ASSEMBLY	18		Rejected!	
GOBP_VESICLE_DOCKING	57	36		
GOBP_VESICLE_FUSION_WITH_GOLGI_APPARATUS	9		Rejected!	
GOBP_ORGANELLE_FUSION	143	97		
GOBP_ORGANELLE_FISSION	496	333		
GOBP_LUNG_ALVEOLUS_DEVELOPMENT	44	20		
GOBP_ISOTYPE_SWITCHING_TO_IGA_ISOTYPES	7		Rejected!	
GOBP_ISOTYPE_SWITCHING_TO_IGG_ISOTYPES	15		Rejected!	
GOBP_REGULATION_OF_ISOTYPE_SWITCHING_TO_IGE_ISOTYPES	7		Rejected!	
GOBP_POSITIVE_REGULATION_OF_ISOTYPE_SWITCHING_TO_IGA_ISOTYPES	5		Rejected!	
GOBP_POSITIVE_REGULATION_OF_ISOTYPE_SWITCHING_TO_IGG_ISOTYPES	10		Rejected!	
GOBP_ORGANELLE_INHERITANCE	15		Rejected!	
GOBP_MITOCHONDRION_DISTRIBUTION	15		Rejected!	
GOBP_INTRACELLULAR_DISTRIBUTION_OF_MITOCHONDRIA	7		Rejected!	
GOBP_AXIAL_MESODERM_DEVELOPMENT	8		Rejected!	
GOBP_MESODERM_MORPHOGENESIS	75	26		
GOBP_MESODERMAL_CELL_DIFFERENTIATION	33		Rejected!	
GOBP_PARAXIAL_MESODERM_DEVELOPMENT	17		Rejected!	
GOBP_PARAXIAL_MESODERM_MORPHOGENESIS	10		Rejected!	
GOBP_PARAXIAL_MESODERM_FORMATION	7		Rejected!	
GOBP_LATERAL_MESODERM_DEVELOPMENT	14		Rejected!	
GOBP_MESENDODERM_DEVELOPMENT	9		Rejected!	
GOBP_RETINOIC_ACID_RECEPTOR_SIGNALING_PATHWAY	31	16		
GOBP_REGULATION_OF_RETINOIC_ACID_RECEPTOR_SIGNALING_PATHWAY	16		Rejected!	
GOBP_POSITIVE_REGULATION_OF_RETINOIC_ACID_RECEPTOR_SIGNALING_PATHWAY	5		Rejected!	
GOBP_NEGATIVE_REGULATION_OF_RETINOIC_ACID_RECEPTOR_SIGNALING_PATHWAY	9		Rejected!	
GOBP_ENDOSOMAL_LUMEN_ACIDIFICATION	5		Rejected!	
GOBP_CELL_MATURATION	182	64		
GOBP_OOGENESIS	101	37		
GOBP_REPLICATION_FORK_PROTECTION	9		Rejected!	
GOBP_AUTONOMIC_NERVOUS_SYSTEM_DEVELOPMENT	48		Rejected!	
GOBP_ENTERIC_NERVOUS_SYSTEM_DEVELOPMENT	15		Rejected!	
GOBP_SYMPATHETIC_NERVOUS_SYSTEM_DEVELOPMENT	22		Rejected!	
GOBP_PARASYMPATHETIC_NERVOUS_SYSTEM_DEVELOPMENT	19		Rejected!	
GOBP_SYNAPTIC_VESICLE_TRANSPORT	40	27		
GOBP_MAINTENANCE_OF_ANIMAL_ORGAN_IDENTITY	5		Rejected!	
GOBP_SYNAPTIC_VESICLE_MEMBRANE_ORGANIZATION	26	16		
GOBP_RHYTHMIC_PROCESS	298	159		
GOBP_BLOOD_VESSEL_MORPHOGENESIS	701	249		
GOBP_SPERMATID_DIFFERENTIATION	182	66		
GOBP_POSITIVE_REGULATION_OF_BEHAVIOR	25		Rejected!	
GOBP_NEGATIVE_REGULATION_OF_BEHAVIOR	12		Rejected!	
GOBP_POSITIVE_REGULATION_OF_VIRAL_PROCESS	61	50		
GOBP_NEGATIVE_REGULATION_OF_VIRAL_PROCESS	91	52		
GOBP_ANATOMICAL_STRUCTURE_ARRANGEMENT	17		Rejected!	
GOBP_LYMPH_NODE_DEVELOPMENT	18		Rejected!	
GOBP_SPLEEN_DEVELOPMENT	34	19		
GOBP_MUCOSA_ASSOCIATED_LYMPHOID_TISSUE_DEVELOPMENT	7		Rejected!	
GOBP_THYMUS_DEVELOPMENT	45	28		
GOBP_BONE_MARROW_DEVELOPMENT	9		Rejected!	
GOBP_RESPONSE_TO_STEROID_HORMONE	330	172		
GOBP_DIGESTIVE_TRACT_MORPHOGENESIS	49		Rejected!	
GOBP_REGULATION_OF_PINOCYTOSIS	12		Rejected!	
GOBP_POSITIVE_REGULATION_OF_PINOCYTOSIS	7		Rejected!	
GOBP_NEGATIVE_REGULATION_OF_PINOCYTOSIS	5		Rejected!	
GOBP_EMBRYONIC_DIGESTIVE_TRACT_MORPHOGENESIS	17		Rejected!	
GOBP_EMBRYONIC_ORGAN_MORPHOGENESIS	294	88		
GOBP_POST_EMBRYONIC_ANIMAL_ORGAN_MORPHOGENESIS	10		Rejected!	
GOBP_EMBRYONIC_DIGESTIVE_TRACT_DEVELOPMENT	33		Rejected!	
GOBP_EMBRYONIC_ORGAN_DEVELOPMENT	451	168		
GOBP_POST_EMBRYONIC_ANIMAL_ORGAN_DEVELOPMENT	17		Rejected!	
GOBP_NOTOCHORD_MORPHOGENESIS	8		Rejected!	
GOBP_NEGATIVE_REGULATION_OF_RESPONSE_TO_STIMULUS	1664		Rejected!	
GOBP_DEVELOPMENTAL_CELL_GROWTH	227	102		
GOBP_DEVELOPMENTAL_GROWTH	639	290		
GOBP_EYE_MORPHOGENESIS	154	50		
GOBP_CAMERA_TYPE_EYE_MORPHOGENESIS	122	40		
GOBP_EMBRYONIC_CAMERA_TYPE_EYE_MORPHOGENESIS	26		Rejected!	
GOBP_EMBRYONIC_MORPHOGENESIS	607	229		
GOBP_MYOBLAST_FATE_COMMITMENT	5		Rejected!	
GOBP_SKELETAL_MUSCLE_TISSUE_GROWTH	9		Rejected!	
GOBP_REGULATION_OF_SKELETAL_MUSCLE_TISSUE_GROWTH	7		Rejected!	
GOBP_POSITIVE_REGULATION_OF_SKELETAL_MUSCLE_TISSUE_GROWTH	5		Rejected!	
GOBP_REGULATION_OF_MUSCLE_ORGAN_DEVELOPMENT	46	18		
GOBP_NEGATIVE_REGULATION_OF_MUSCLE_ORGAN_DEVELOPMENT	12		Rejected!	
GOBP_REGULATION_OF_DEVELOPMENTAL_GROWTH	329	137		
GOBP_POSITIVE_REGULATION_OF_DEVELOPMENTAL_GROWTH	169	65		
GOBP_NEGATIVE_REGULATION_OF_DEVELOPMENTAL_GROWTH	111	45		
GOBP_REGULATION_OF_SKELETAL_MUSCLE_TISSUE_DEVELOPMENT	26		Rejected!	
GOBP_POSITIVE_REGULATION_OF_SKELETAL_MUSCLE_TISSUE_DEVELOPMENT	19		Rejected!	
GOBP_MUSCLE_ORGAN_MORPHOGENESIS	81	22		
GOBP_ANIMAL_ORGAN_FORMATION	65	18		
GOBP_ANATOMICAL_STRUCTURE_FORMATION_INVOLVED_IN_MORPHOGENESIS	1209	477		
GOBP_SMOOTH_MUSCLE_CELL_PROLIFERATION	173	68		
GOBP_POSITIVE_REGULATION_OF_SMOOTH_MUSCLE_CELL_PROLIFERATION	95	39		
GOBP_NEGATIVE_REGULATION_OF_SMOOTH_MUSCLE_CELL_PROLIFERATION	73	25		
GOBP_NEURON_FATE_COMMITMENT	63		Rejected!	
GOBP_NEURON_FATE_DETERMINATION	8		Rejected!	
GOBP_NEURON_FATE_SPECIFICATION	30		Rejected!	
GOBP_NEURON_DEVELOPMENT	1098	484		
GOBP_CELL_MORPHOGENESIS_INVOLVED_IN_NEURON_DIFFERENTIATION	555	226		
GOBP_COLLATERAL_SPROUTING	25		Rejected!	
GOBP_COLLATERAL_SPROUTING_IN_ABSENCE_OF_INJURY	5		Rejected!	
GOBP_REGULATION_OF_COLLATERAL_SPROUTING	19		Rejected!	
GOBP_NEGATIVE_REGULATION_OF_COLLATERAL_SPROUTING	9		Rejected!	
GOBP_POSITIVE_REGULATION_OF_COLLATERAL_SPROUTING	10		Rejected!	
GOBP_AXON_EXTENSION	121	57		
GOBP_RESPONSE_TO_AXON_INJURY	83	38		
GOBP_EMBRYONIC_CRANIAL_SKELETON_MORPHOGENESIS	46	21		
GOBP_EMBRYONIC_NEUROCRANIUM_MORPHOGENESIS	9		Rejected!	
GOBP_EMBRYONIC_VISCEROCRANIUM_MORPHOGENESIS	10		Rejected!	
GOBP_EMBRYONIC_SKELETAL_SYSTEM_MORPHOGENESIS	94	26		
GOBP_SKELETAL_SYSTEM_MORPHOGENESIS	227	78		
GOBP_EMBRYONIC_SKELETAL_SYSTEM_DEVELOPMENT	127	35		
GOBP_ASTROCYTE_DIFFERENTIATION	79	36		
GOBP_OLIGODENDROCYTE_DIFFERENTIATION	94	37		
GOBP_REGULATION_OF_ASTROCYTE_DIFFERENTIATION	31		Rejected!	
GOBP_POSITIVE_REGULATION_OF_ASTROCYTE_DIFFERENTIATION	13		Rejected!	
GOBP_NEGATIVE_REGULATION_OF_ASTROCYTE_DIFFERENTIATION	15		Rejected!	
GOBP_REGULATION_OF_OLIGODENDROCYTE_DIFFERENTIATION	40	17		
GOBP_POSITIVE_REGULATION_OF_OLIGODENDROCYTE_DIFFERENTIATION	22		Rejected!	
GOBP_NEGATIVE_REGULATION_OF_OLIGODENDROCYTE_DIFFERENTIATION	12		Rejected!	
GOBP_TISSUE_MORPHOGENESIS	625	251		
GOBP_EPIDERMIS_MORPHOGENESIS	34		Rejected!	
GOBP_GLAND_DEVELOPMENT	432	198		
GOBP_SEBACEOUS_GLAND_DEVELOPMENT	10		Rejected!	
GOBP_APPENDAGE_DEVELOPMENT	177	67		
GOBP_CARDIAC_MUSCLE_TISSUE_DEVELOPMENT	234	79		
GOBP_REGULATION_OF_SKELETAL_MUSCLE_FIBER_DEVELOPMENT	11		Rejected!	
GOBP_POSITIVE_REGULATION_OF_SKELETAL_MUSCLE_FIBER_DEVELOPMENT	9		Rejected!	
GOBP_SMOOTH_MUSCLE_TISSUE_DEVELOPMENT	24		Rejected!	
GOBP_SEMICIRCULAR_CANAL_MORPHOGENESIS	7		Rejected!	
GOBP_PIGMENT_GRANULE_ORGANIZATION	29	23		
GOBP_BRANCHING_MORPHOGENESIS_OF_AN_EPITHELIAL_TUBE	153	51		
GOBP_BRANCHING_MORPHOGENESIS_OF_A_NERVE	10		Rejected!	
GOBP_PIGMENT_GRANULE_MATURATION	10		Rejected!	
GOBP_MESENCHYMAL_CELL_DIFFERENTIATION	246	100		
GOBP_TISSUE_REMODELING	175	71		
GOBP_MAINTENANCE_OF_PRESYNAPTIC_ACTIVE_ZONE_STRUCTURE	6		Rejected!	
GOBP_CALCIUM_ION_REGULATED_EXOCYTOSIS_OF_NEUROTRANSMITTER	17		Rejected!	
GOBP_PRONEPHROS_DEVELOPMENT	9		Rejected!	
GOBP_ANIMAL_ORGAN_MATURATION	32		Rejected!	
GOBP_GENITALIA_DEVELOPMENT	46	16		
GOBP_DENDRITE_MORPHOGENESIS	139	71		
GOBP_REGULATION_OF_DENDRITE_MORPHOGENESIS	64	36		
GOBP_POSITIVE_REGULATION_OF_HAIR_FOLLICLE_MATURATION	5		Rejected!	
GOBP_HAIR_FOLLICLE_MATURATION	15		Rejected!	
GOBP_ERYTHROCYTE_DEVELOPMENT	37	24		
GOBP_OTOLITH_DEVELOPMENT	9		Rejected!	
GOBP_POSITIVE_REGULATION_OF_AXON_EXTENSION_INVOLVED_IN_AXON_GUIDANCE	7		Rejected!	
GOBP_NEGATIVE_REGULATION_OF_AXON_EXTENSION_INVOLVED_IN_AXON_GUIDANCE	27		Rejected!	
GOBP_ARTERY_MORPHOGENESIS	79	23		
GOBP_VENOUS_BLOOD_VESSEL_MORPHOGENESIS	9		Rejected!	
GOBP_FOREBRAIN_MORPHOGENESIS	12		Rejected!	
GOBP_BRAIN_MORPHOGENESIS	36	17		
GOBP_NEURAL_NUCLEUS_DEVELOPMENT	64	32		
GOBP_FORMATION_OF_ANATOMICAL_BOUNDARY	5		Rejected!	
GOBP_LEUKEMIA_INHIBITORY_FACTOR_SIGNALING_PATHWAY	9		Rejected!	
GOBP_STEM_CELL_DIFFERENTIATION	217	95		
GOBP_STEM_CELL_FATE_COMMITMENT	8		Rejected!	
GOBP_MULTICELLULAR_ORGANISMAL_HOMEOSTASIS	524	225		
GOBP_HOMEOSTASIS_OF_NUMBER_OF_CELLS	283	189		
GOBP_HOMEOSTASIS_OF_NUMBER_OF_CELLS_WITHIN_A_TISSUE	28	17		
GOBP_CHEMICAL_HOMEOSTASIS_WITHIN_A_TISSUE	17		Rejected!	
GOBP_CHEMICAL_HOMEOSTASIS	1208		Rejected!	
GOBP_SENSORY_SYSTEM_DEVELOPMENT	388	135		
GOBP_PERIPHERAL_NERVOUS_SYSTEM_NEURON_DIFFERENTIATION	13		Rejected!	
GOBP_CHROMOSOME_LOCALIZATION	85	74		
GOBP_3_PHOSPHOADENOSINE_5_PHOSPHOSULFATE_METABOLIC_PROCESS	21		Rejected!	
GOBP_3_PHOSPHOADENOSINE_5_PHOSPHOSULFATE_BIOSYNTHETIC_PROCESS	6		Rejected!	
GOBP_CATECHOLAMINE_SECRETION	57		Rejected!	
GOBP_AMYLOID_BETA_METABOLIC_PROCESS	66	35		
GOBP_ARACHIDONIC_ACID_SECRETION	31		Rejected!	
GOBP_CHONDROITIN_SULFATE_PROTEOGLYCAN_BIOSYNTHETIC_PROCESS	23		Rejected!	
GOBP_CHONDROITIN_SULFATE_PROTEOGLYCAN_METABOLIC_PROCESS	35	16		
GOBP_DERMATAN_SULFATE_PROTEOGLYCAN_METABOLIC_PROCESS	9		Rejected!	
GOBP_HYDROGEN_PEROXIDE_BIOSYNTHETIC_PROCESS	18		Rejected!	
GOBP_HOMOCYSTEINE_METABOLIC_PROCESS	13		Rejected!	
GOBP_EPITHELIAL_CELL_PROLIFERATION	451	160		
GOBP_POSITIVE_REGULATION_OF_EPITHELIAL_CELL_PROLIFERATION	209	73		
GOBP_NEGATIVE_REGULATION_OF_EPITHELIAL_CELL_PROLIFERATION	163	51		
GOBP_REGULATION_OF_MRNA_PROCESSING	139	108		
GOBP_POSITIVE_REGULATION_OF_MRNA_PROCESSING	32	25		
GOBP_NEGATIVE_REGULATION_OF_MRNA_PROCESSING	29	26		
GOBP_NEGATIVE_REGULATION_OF_DEFENSE_RESPONSE_TO_VIRUS	27	20		
GOBP_REGULATION_OF_DEFENSE_RESPONSE_TO_VIRUS	74	47		
GOBP_REGULATION_OF_DEFENSE_RESPONSE_TO_VIRUS_BY_HOST	42	23		
GOBP_REGULATION_OF_PROTEIN_SECRETION	252	124		
GOBP_NEGATIVE_REGULATION_OF_PROTEIN_SECRETION	68	29		
GOBP_POSITIVE_REGULATION_OF_PROTEIN_SECRETION	128	66		
GOBP_REGULATION_OF_INFLAMMATORY_RESPONSE	397	184		
GOBP_NEGATIVE_REGULATION_OF_INFLAMMATORY_RESPONSE	182	73		
GOBP_POSITIVE_REGULATION_OF_INFLAMMATORY_RESPONSE	145	68		
GOBP_REGULATION_OF_PEPTIDYL_TYROSINE_PHOSPHORYLATION	261	119		
GOBP_POSITIVE_REGULATION_OF_PEPTIDYL_TYROSINE_PHOSPHORYLATION	190	76		
GOBP_NEGATIVE_REGULATION_OF_PEPTIDYL_TYROSINE_PHOSPHORYLATION	58	37		
GOBP_REGULATION_OF_LIPOPROTEIN_METABOLIC_PROCESS	18		Rejected!	
GOBP_NEGATIVE_REGULATION_OF_LIPOPROTEIN_METABOLIC_PROCESS	5		Rejected!	
GOBP_REGULATION_OF_PHAGOCYTOSIS	100	42		
GOBP_NEGATIVE_REGULATION_OF_PHAGOCYTOSIS	22		Rejected!	
GOBP_POSITIVE_REGULATION_OF_PHAGOCYTOSIS	71	28		
GOBP_REGULATION_OF_NEUROGENESIS	361	161		
GOBP_POSITIVE_REGULATION_OF_NEUROGENESIS	222	108		
GOBP_REGULATION_OF_AXONOGENESIS	154	62		
GOBP_NEGATIVE_REGULATION_OF_AXONOGENESIS	64	25		
GOBP_POSITIVE_REGULATION_OF_AXONOGENESIS	77	34		
GOBP_REGULATION_OF_DENDRITE_DEVELOPMENT	98	54		
GOBP_NEGATIVE_REGULATION_OF_DENDRITE_MORPHOGENESIS	8		Rejected!	
GOBP_POSITIVE_REGULATION_OF_DENDRITE_MORPHOGENESIS	35	21		
GOBP_REGULATION_OF_IMMUNE_RESPONSE	887	457		
GOBP_NEGATIVE_REGULATION_OF_IMMUNE_RESPONSE	179	97		
GOBP_POSITIVE_REGULATION_OF_IMMUNE_RESPONSE	584	272		
GOBP_RNA_DESTABILIZATION	93	76		
GOBP_REGULATION_OF_VIRAL_PROCESS	159	99		
GOBP_REGULATION_OF_BEHAVIOR	70	19		
GOBP_REGULATION_OF_INSULIN_SECRETION	147	69		
GOBP_ACTIVATED_T_CELL_PROLIFERATION	50	27		
GOBP_ION_HOMEOSTASIS	792	337		
GOBP_CIRCADIAN_SLEEP_WAKE_CYCLE_SLEEP	17		Rejected!	
GOBP_REGULATION_OF_SYNAPSE_STRUCTURE_OR_ACTIVITY	213	73		
GOBP_NEGATIVE_REGULATION_OF_SYNAPTIC_TRANSMISSION	71	28		
GOBP_POSITIVE_REGULATION_OF_SYNAPTIC_TRANSMISSION	161	58		
GOBP_SYNAPSE_ORGANIZATION	418	152		
GOBP_REGULATION_OF_STEROID_BIOSYNTHETIC_PROCESS	73	36		
GOBP_REGULATION_OF_ACYL_COA_BIOSYNTHETIC_PROCESS	5		Rejected!	
GOBP_REGULATION_OF_COAGULATION	71	23		
GOBP_NEGATIVE_REGULATION_OF_COAGULATION	52		Rejected!	
GOBP_POSITIVE_REGULATION_OF_COAGULATION	24		Rejected!	
GOBP_PROTEIN_STABILIZATION	191	142		
GOBP_DEFENSE_RESPONSE_TO_GRAM_NEGATIVE_BACTERIUM	90	16		
GOBP_DEFENSE_RESPONSE_TO_GRAM_POSITIVE_BACTERIUM	107	34		
GOBP_DEFENSE_RESPONSE_TO_FUNGUS	53		Rejected!	
GOBP_PROGESTERONE_RECEPTOR_SIGNALING_PATHWAY	9		Rejected!	
GOBP_REGULATION_OF_CALCIUM_MEDIATED_SIGNALING	75	38		
GOBP_NEGATIVE_REGULATION_OF_CALCIUM_MEDIATED_SIGNALING	21		Rejected!	
GOBP_POSITIVE_REGULATION_OF_CALCIUM_MEDIATED_SIGNALING	34	16		
GOBP_ANTIGEN_RECEPTOR_MEDIATED_SIGNALING_PATHWAY	237	111		
GOBP_T_CELL_RECEPTOR_SIGNALING_PATHWAY	127	86		
GOBP_B_CELL_RECEPTOR_SIGNALING_PATHWAY	124	36		
GOBP_REGULATION_OF_ANTIGEN_RECEPTOR_MEDIATED_SIGNALING_PATHWAY	66	45		
GOBP_REGULATION_OF_B_CELL_RECEPTOR_SIGNALING_PATHWAY	24		Rejected!	
GOBP_REGULATION_OF_T_CELL_RECEPTOR_SIGNALING_PATHWAY	44	34		
GOBP_POSITIVE_REGULATION_OF_ANTIGEN_RECEPTOR_MEDIATED_SIGNALING_PATHWAY	26	22		
GOBP_NEGATIVE_REGULATION_OF_ANTIGEN_RECEPTOR_MEDIATED_SIGNALING_PATHWAY	33	21		
GOBP_NEGATIVE_REGULATION_OF_B_CELL_RECEPTOR_SIGNALING_PATHWAY	8		Rejected!	
GOBP_NEGATIVE_REGULATION_OF_T_CELL_RECEPTOR_SIGNALING_PATHWAY	25	17		
GOBP_POSITIVE_REGULATION_OF_B_CELL_RECEPTOR_SIGNALING_PATHWAY	10		Rejected!	
GOBP_POSITIVE_REGULATION_OF_T_CELL_RECEPTOR_SIGNALING_PATHWAY	16	15		
GOBP_REGULATION_OF_T_CELL_ACTIVATION	342	193		
GOBP_REGULATION_OF_B_CELL_ACTIVATION	193	83		
GOBP_REGULATION_OF_CELL_ACTIVATION	674	325		
GOBP_NEGATIVE_REGULATION_OF_CELL_ACTIVATION	216	111		
GOBP_POSITIVE_REGULATION_OF_CELL_ACTIVATION	429	200		
GOBP_NEGATIVE_REGULATION_OF_B_CELL_ACTIVATION	35	23		
GOBP_POSITIVE_REGULATION_OF_B_CELL_ACTIVATION	145	53		
GOBP_WHITE_FAT_CELL_DIFFERENTIATION	16		Rejected!	
GOBP_BROWN_FAT_CELL_DIFFERENTIATION	49	23		
GOBP_NERVOUS_SYSTEM_PROCESS	1510	325		
GOBP_REGULATION_OF_BODY_FLUID_LEVELS	385	167		
GOBP_MULTICELLULAR_ORGANISMAL_MOVEMENT	56	19		
GOBP_VOLUNTARY_MUSCULOSKELETAL_MOVEMENT	7		Rejected!	
GOBP_NEUROMUSCULAR_PROCESS_CONTROLLING_POSTURE	17		Rejected!	
GOBP_NEUROMUSCULAR_PROCESS_CONTROLLING_BALANCE	49	18		
GOBP_ENDOCRINE_PROCESS	85	22		
GOBP_COGNITION	306	123		
GOBP_INTESTINAL_ABSORPTION	41		Rejected!	
GOBP_LEUKOCYTE_MIGRATION	385	173		
GOBP_LEUKOCYTE_TETHERING_OR_ROLLING	33	19		
GOBP_DIAPEDESIS	7		Rejected!	
GOBP_NEUROMUSCULAR_PROCESS	152	55		
GOBP_DETECTION_OF_STIMULUS_INVOLVED_IN_SENSORY_PERCEPTION	547	18		
GOBP_SENSORY_PERCEPTION_OF_TASTE	65		Rejected!	
GOBP_DETECTION_OF_MECHANICAL_STIMULUS_INVOLVED_IN_SENSORY_PERCEPTION_OF_SOUND	15		Rejected!	
GOBP_DETECTION_OF_CHEMICAL_STIMULUS_INVOLVED_IN_SENSORY_PERCEPTION_OF_TASTE	48		Rejected!	
GOBP_SENSORY_PERCEPTION_OF_BITTER_TASTE	45		Rejected!	
GOBP_SENSORY_PERCEPTION_OF_SOUR_TASTE	5		Rejected!	
GOBP_SENSORY_PERCEPTION_OF_SWEET_TASTE	6		Rejected!	
GOBP_SENSORY_PERCEPTION_OF_UMAMI_TASTE	6		Rejected!	
GOBP_POSITIVE_CHEMOTAXIS	64	21		
GOBP_NEGATIVE_CHEMOTAXIS	47		Rejected!	
GOBP_REGULATION_OF_CHEMOTAXIS	225	84		
GOBP_POSITIVE_REGULATION_OF_CHEMOTAXIS	140	59		
GOBP_NEGATIVE_REGULATION_OF_CHEMOTAXIS	69	19		
GOBP_REGULATION_OF_POSITIVE_CHEMOTAXIS	26		Rejected!	
GOBP_INDUCTION_OF_POSITIVE_CHEMOTAXIS	14		Rejected!	
GOBP_PIGMENT_CELL_DIFFERENTIATION	36	17		
GOBP_REGULATION_OF_PIGMENT_CELL_DIFFERENTIATION	8		Rejected!	
GOBP_SENSORY_PERCEPTION_OF_TEMPERATURE_STIMULUS	26		Rejected!	
GOBP_SENSORY_PERCEPTION_OF_LIGHT_STIMULUS	220	51		
GOBP_SENSORY_PERCEPTION_OF_MECHANICAL_STIMULUS	177	60		
GOBP_THERMOCEPTION	7		Rejected!	
GOBP_EQUILIBRIOCEPTION	7		Rejected!	
GOBP_DETECTION_OF_TEMPERATURE_STIMULUS_INVOLVED_IN_SENSORY_PERCEPTION	19		Rejected!	
GOBP_DETECTION_OF_LIGHT_STIMULUS_INVOLVED_IN_SENSORY_PERCEPTION	21		Rejected!	
GOBP_DETECTION_OF_TEMPERATURE_STIMULUS_INVOLVED_IN_SENSORY_PERCEPTION_OF_PAIN	16		Rejected!	
GOBP_DETECTION_OF_MECHANICAL_STIMULUS_INVOLVED_IN_SENSORY_PERCEPTION_OF_PAIN	14		Rejected!	
GOBP_DETECTION_OF_MECHANICAL_STIMULUS_INVOLVED_IN_SENSORY_PERCEPTION	33		Rejected!	
GOBP_DETECTION_OF_MECHANICAL_STIMULUS	51	15		
GOBP_REGULATION_OF_LIPID_CATABOLIC_PROCESS	61	27		
GOBP_NEGATIVE_REGULATION_OF_LIPID_CATABOLIC_PROCESS	26		Rejected!	
GOBP_POSITIVE_REGULATION_OF_LIPID_CATABOLIC_PROCESS	28		Rejected!	
GOBP_REGULATION_OF_NITRIC_OXIDE_SYNTHASE_ACTIVITY	42	22		
GOBP_POSITIVE_REGULATION_OF_NITRIC_OXIDE_SYNTHASE_ACTIVITY	22	15		
GOBP_NEGATIVE_REGULATION_OF_NITRIC_OXIDE_SYNTHASE_ACTIVITY	12		Rejected!	
GOBP_REGULATION_OF_LIPOPROTEIN_LIPASE_ACTIVITY	20		Rejected!	
GOBP_NEGATIVE_REGULATION_OF_LIPOPROTEIN_LIPASE_ACTIVITY	7		Rejected!	
GOBP_MICROTUBULE_SEVERING	11		Rejected!	
GOBP_ACTIN_FILAMENT_SEVERING	16		Rejected!	
GOBP_BARBED_END_ACTIN_FILAMENT_CAPPING	26	15		
GOBP_CHIASMA_ASSEMBLY	7		Rejected!	
GOBP_MRNA_TRANSPORT	125	101		
GOBP_RRNA_TRANSPORT	5		Rejected!	
GOBP_SNRNA_TRANSPORT	6		Rejected!	
GOBP_TRNA_TRANSPORT	6		Rejected!	
GOBP_REGULATION_OF_MEMBRANE_PROTEIN_ECTODOMAIN_PROTEOLYSIS	24	16		
GOBP_POSITIVE_REGULATION_OF_MEMBRANE_PROTEIN_ECTODOMAIN_PROTEOLYSIS	16		Rejected!	
GOBP_NEGATIVE_REGULATION_OF_MEMBRANE_PROTEIN_ECTODOMAIN_PROTEOLYSIS	8		Rejected!	
GOBP_REGULATION_OF_SECRETION	609	263		
GOBP_POSITIVE_REGULATION_OF_SECRETION	300	127		
GOBP_NEGATIVE_REGULATION_OF_SECRETION	167	69		
GOBP_REGULATION_OF_TRANSPORT	1749		Rejected!	
GOBP_POSITIVE_REGULATION_OF_TRANSPORT	891	436		
GOBP_NEGATIVE_REGULATION_OF_TRANSPORT	466	210		
GOBP_REGULATION_OF_DNA_METABOLIC_PROCESS	406	301		
GOBP_NEGATIVE_REGULATION_OF_DNA_METABOLIC_PROCESS	123	79		
GOBP_POSITIVE_REGULATION_OF_DNA_METABOLIC_PROCESS	231	178		
GOBP_NEGATIVE_REGULATION_OF_LIPID_BIOSYNTHETIC_PROCESS	61	31		
GOBP_REGULATION_OF_SMALL_GTPASE_MEDIATED_SIGNAL_TRANSDUCTION	300	183		
GOBP_POSITIVE_REGULATION_OF_SMALL_GTPASE_MEDIATED_SIGNAL_TRANSDUCTION	70	34		
GOBP_NEGATIVE_REGULATION_OF_SMALL_GTPASE_MEDIATED_SIGNAL_TRANSDUCTION	57	34		
GOBP_CHAPERONE_COFACTOR_DEPENDENT_PROTEIN_REFOLDING	34	28		
GOBP_REGULATION_OF_DNA_BINDING_TRANSCRIPTION_FACTOR_ACTIVITY	451	262		
GOBP_POSITIVE_REGULATION_OF_DNA_BINDING_TRANSCRIPTION_FACTOR_ACTIVITY	264	159		
GOBP_POSITIVE_REGULATION_OF_NF_KAPPAB_TRANSCRIPTION_FACTOR_ACTIVITY	154	99		
GOBP_NEGATIVE_REGULATION_OF_DEVELOPMENTAL_PROCESS	957	377		
GOBP_POSITIVE_REGULATION_OF_DEVELOPMENTAL_PROCESS	1320		Rejected!	
GOBP_REGULATION_OF_HELICASE_ACTIVITY	12		Rejected!	
GOBP_POSITIVE_REGULATION_OF_HELICASE_ACTIVITY	7		Rejected!	
GOBP_NEGATIVE_REGULATION_OF_HELICASE_ACTIVITY	5		Rejected!	
GOBP_REGULATION_OF_BINDING	367	233		
GOBP_POSITIVE_REGULATION_OF_BINDING	171	109		
GOBP_NEGATIVE_REGULATION_OF_BINDING	166	95		
GOBP_REGULATION_OF_DNA_BINDING	121	77		
GOBP_DNA_LIGATION_INVOLVED_IN_DNA_REPAIR	5		Rejected!	
GOBP_REGULATION_OF_DNA_LIGATION	6		Rejected!	
GOBP_POSITIVE_REGULATION_OF_DNA_LIGATION	5		Rejected!	
GOBP_HEPOXILIN_METABOLIC_PROCESS	9		Rejected!	
GOBP_RNA_POLYMERASE_II_PREINITIATION_COMPLEX_ASSEMBLY	30	23		
GOBP_SYNAPTIC_ASSEMBLY_AT_NEUROMUSCULAR_JUNCTION	7		Rejected!	
GOBP_REGULATION_OF_ACTIN_NUCLEATION	31	20		
GOBP_NEGATIVE_REGULATION_OF_ACTIN_NUCLEATION	9		Rejected!	
GOBP_POSITIVE_REGULATION_OF_ACTIN_NUCLEATION	16		Rejected!	
GOBP_NEGATIVE_REGULATION_OF_CELLULAR_COMPONENT_ORGANIZATION	699	415		
GOBP_POSITIVE_REGULATION_OF_CELLULAR_COMPONENT_ORGANIZATION	1023		Rejected!	
GOBP_CHAPERONE_MEDIATED_PROTEIN_COMPLEX_ASSEMBLY	23	19		
GOBP_NK_T_CELL_ACTIVATION	13		Rejected!	
GOBP_REGULATION_OF_NK_T_CELL_ACTIVATION	11		Rejected!	
GOBP_POSITIVE_REGULATION_OF_NK_T_CELL_ACTIVATION	9		Rejected!	
GOBP_REGULATION_OF_NK_T_CELL_DIFFERENTIATION	6		Rejected!	
GOBP_REGULATION_OF_NK_T_CELL_PROLIFERATION	7		Rejected!	
GOBP_SMOOTH_MUSCLE_CELL_DIFFERENTIATION	73	19		
GOBP_STRIATED_MUSCLE_CELL_DIFFERENTIATION	283	108		
GOBP_REGULATION_OF_MUSCLE_CELL_DIFFERENTIATION	155	58		
GOBP_NEGATIVE_REGULATION_OF_MUSCLE_CELL_DIFFERENTIATION	70	30		
GOBP_POSITIVE_REGULATION_OF_MUSCLE_CELL_DIFFERENTIATION	77	21		
GOBP_REGULATION_OF_SMOOTH_MUSCLE_CELL_DIFFERENTIATION	43	15		
GOBP_NEGATIVE_REGULATION_OF_SMOOTH_MUSCLE_CELL_DIFFERENTIATION	22		Rejected!	
GOBP_POSITIVE_REGULATION_OF_SMOOTH_MUSCLE_CELL_DIFFERENTIATION	19		Rejected!	
GOBP_REGULATION_OF_STRIATED_MUSCLE_CELL_DIFFERENTIATION	98	33		
GOBP_NEGATIVE_REGULATION_OF_STRIATED_MUSCLE_CELL_DIFFERENTIATION	41	15		
GOBP_POSITIVE_REGULATION_OF_STRIATED_MUSCLE_CELL_DIFFERENTIATION	54		Rejected!	
GOBP_GLUCOSE_6_PHOSPHATE_METABOLIC_PROCESS	24	15		
GOBP_NUCLEAR_EXPORT	156	128		
GOBP_NUCLEAR_TRANSPORT	308	239		
GOBP_IMPORT_INTO_NUCLEUS	163	119		
GOBP_REGULATION_OF_PHOSPHORUS_METABOLIC_PROCESS	1400		Rejected!	
GOBP_VITAMIN_TRANSPORT	46	21		
GOBP_PROSTHETIC_GROUP_METABOLIC_PROCESS	6		Rejected!	
GOBP_PROTEIN_INSERTION_INTO_MEMBRANE	60	43		
GOBP_SEQUESTERING_OF_CALCIUM_ION	128	54		
GOBP_CARTILAGE_DEVELOPMENT	194	60		
GOBP_CYTOPLASMIC_SEQUESTERING_OF_PROTEIN	22	18		
GOBP_SPINDLE_ASSEMBLY	141	99		
GOBP_SPINDLE_ELONGATION	10		Rejected!	
GOBP_MAINTENANCE_OF_LOCATION	330	189		
GOBP_ESTABLISHMENT_OF_RNA_LOCALIZATION	161	130		
GOBP_SEQUESTERING_OF_METAL_ION	16		Rejected!	
GOBP_POSITIVE_REGULATION_OF_MULTICELLULAR_ORGANISMAL_PROCESS	1470		Rejected!	
GOBP_NEGATIVE_REGULATION_OF_MULTICELLULAR_ORGANISMAL_PROCESS	1124	432		
GOBP_POSITIVE_REGULATION_OF_PROTEIN_METABOLIC_PROCESS	1488		Rejected!	
GOBP_NEGATIVE_REGULATION_OF_PROTEIN_METABOLIC_PROCESS	1128		Rejected!	
GOBP_REGULATION_OF_LYMPHOCYTE_ACTIVATION	525	265		
GOBP_NEGATIVE_REGULATION_OF_LYMPHOCYTE_ACTIVATION	161	86		
GOBP_POSITIVE_REGULATION_OF_RNA_METABOLIC_PROCESS	1745		Rejected!	
GOBP_SPINDLE_MIDZONE_ASSEMBLY	12		Rejected!	
GOBP_MITOTIC_SPINDLE_MIDZONE_ASSEMBLY	8		Rejected!	
GOBP_PROTEIN_POLYMERIZATION	274	160		
GOBP_PROTEIN_COMPLEX_OLIGOMERIZATION	244	133		
GOBP_PROTEIN_HOMOOLIGOMERIZATION	187	98		
GOBP_PROTEIN_DEPOLYMERIZATION	119	68		
GOBP_PROTEIN_TETRAMERIZATION	88	49		
GOBP_REGULATION_OF_CELLULAR_COMPONENT_MOVEMENT	1122	460		
GOBP_CHROMOSOME_ORGANIZATION	1033		Rejected!	
GOBP_REGULATION_OF_RELEASE_OF_SEQUESTERED_CALCIUM_ION_INTO_CYTOSOL	80	30		
GOBP_POSITIVE_REGULATION_OF_RELEASE_OF_SEQUESTERED_CALCIUM_ION_INTO_CYTOSOL	40	16		
GOBP_POSITIVE_REGULATION_OF_SEQUESTERING_OF_CALCIUM_ION	16		Rejected!	
GOBP_PROTEIN_HOMOTETRAMERIZATION	57	32		
GOBP_PROTEIN_HETEROTETRAMERIZATION	15		Rejected!	
GOBP_PROTEIN_HETEROOLIGOMERIZATION	27		Rejected!	
GOBP_NUCLEAR_PORE_COMPLEX_ASSEMBLY	10		Rejected!	
GOBP_ESTABLISHMENT_OF_SPINDLE_ORIENTATION	36	25		
GOBP_ESTABLISHMENT_OF_MEIOTIC_SPINDLE_LOCALIZATION	5		Rejected!	
GOBP_CENTROSOME_DUPLICATION	75	63		
GOBP_CENTROSOME_SEPARATION	15		Rejected!	
GOBP_CELL_DIVISION	622	435		
GOBP_REGULATION_OF_CELL_DIVISION	186	104		
GOBP_CHROMOSOME_SEPARATION	97	79		
GOBP_CHROMOSOME_MOVEMENT_TOWARDS_SPINDLE_POLE	7		Rejected!	
GOBP_MEIOTIC_CHROMOSOME_SEPARATION	25	15		
GOBP_METAPHASE_PLATE_CONGRESSION	67	61		
GOBP_ATTACHMENT_OF_MITOTIC_SPINDLE_MICROTUBULES_TO_KINETOCHORE	15		Rejected!	
GOBP_MEIOTIC_CELL_CYCLE	266	139		
GOBP_REGULATION_OF_HYDROLASE_ACTIVITY	1009		Rejected!	
GOBP_REGULATION_OF_TRANSFERASE_ACTIVITY	888		Rejected!	
GOBP_REGULATION_OF_LYASE_ACTIVITY	51	16		
GOBP_REGULATION_OF_LIGASE_ACTIVITY	12		Rejected!	
GOBP_REGULATION_OF_OXIDOREDUCTASE_ACTIVITY	106	53		
GOBP_REGULATION_OF_CYCLIC_NUCLEOTIDE_PHOSPHODIESTERASE_ACTIVITY	10		Rejected!	
GOBP_POSITIVE_REGULATION_OF_CYCLIC_NUCLEOTIDE_PHOSPHODIESTERASE_ACTIVITY	5		Rejected!	
GOBP_NEGATIVE_REGULATION_OF_CYCLIC_NUCLEOTIDE_PHOSPHODIESTERASE_ACTIVITY	6		Rejected!	
GOBP_POSITIVE_REGULATION_OF_HYDROLASE_ACTIVITY	579	323		
GOBP_NEGATIVE_REGULATION_OF_HYDROLASE_ACTIVITY	369	149		
GOBP_POSITIVE_REGULATION_OF_TRANSFERASE_ACTIVITY	563	315		
GOBP_NEGATIVE_REGULATION_OF_TRANSFERASE_ACTIVITY	272	174		
GOBP_POSITIVE_REGULATION_OF_LYASE_ACTIVITY	22		Rejected!	
GOBP_NEGATIVE_REGULATION_OF_LYASE_ACTIVITY	27		Rejected!	
GOBP_POSITIVE_REGULATION_OF_LIGASE_ACTIVITY	10		Rejected!	
GOBP_POSITIVE_REGULATION_OF_OXIDOREDUCTASE_ACTIVITY	59	36		
GOBP_NEGATIVE_REGULATION_OF_OXIDOREDUCTASE_ACTIVITY	35		Rejected!	
GOBP_KINETOCHORE_ASSEMBLY	18	15		
GOBP_KINETOCHORE_ORGANIZATION	23	20		
GOBP_RESPONSE_TO_MINERALOCORTICOID	32		Rejected!	
GOBP_REGULATION_OF_NEUROTROPHIN_TRK_RECEPTOR_SIGNALING_PATHWAY	11		Rejected!	
GOBP_POSITIVE_REGULATION_OF_NEUROTROPHIN_TRK_RECEPTOR_SIGNALING_PATHWAY	5		Rejected!	
GOBP_NEURON_APOPTOTIC_PROCESS	240	142		
GOBP_RESPONSE_TO_NITROSATIVE_STRESS	10		Rejected!	
GOBP_DETOXIFICATION_OF_NITROGEN_COMPOUND	5		Rejected!	
GOBP_RESPONSE_TO_CORTICOSTERONE	17		Rejected!	
GOBP_RESPONSE_TO_CORTISOL	5		Rejected!	
GOBP_MICROTUBULE_NUCLEATION_BY_MICROTUBULE_ORGANIZING_CENTER	5		Rejected!	
GOBP_REGULATION_OF_UBIQUITIN_PROTEIN_TRANSFERASE_ACTIVITY	56	50		
GOBP_POSITIVE_REGULATION_OF_UBIQUITIN_PROTEIN_TRANSFERASE_ACTIVITY	32	27		
GOBP_NEGATIVE_REGULATION_OF_UBIQUITIN_PROTEIN_TRANSFERASE_ACTIVITY	22	21		
GOBP_REGULATION_OF_MEIOTIC_CELL_CYCLE	51	24		
GOBP_POSITIVE_REGULATION_OF_MEIOTIC_CELL_CYCLE	26		Rejected!	
GOBP_NEGATIVE_REGULATION_OF_MEIOTIC_CELL_CYCLE	16		Rejected!	
GOBP_MYOBLAST_PROLIFERATION	25		Rejected!	
GOBP_MYOBLAST_MIGRATION	13		Rejected!	
GOBP_MAINTENANCE_OF_PROTEIN_LOCATION_IN_NUCLEUS	23	20		
GOBP_CORTICOTROPIN_SECRETION	6		Rejected!	
GOBP_REGULATION_OF_CORTICOTROPIN_SECRETION	5		Rejected!	
GOBP_REGULATION_OF_CYTOSOLIC_CALCIUM_ION_CONCENTRATION	352	121		
GOBP_NEGATIVE_REGULATION_OF_CYTOSOLIC_CALCIUM_ION_CONCENTRATION	9		Rejected!	
GOBP_POSITIVE_REGULATION_OF_CYTOSOLIC_CALCIUM_ION_CONCENTRATION_INVOLVED_IN_PHOSPHOLIPASE_C_ACTIVATING_G_PROTEIN_COUPLED_SIGNALING_PATHWAY	32		Rejected!	
GOBP_REGULATION_OF_FILOPODIUM_ASSEMBLY	49	25		
GOBP_NEGATIVE_REGULATION_OF_FILOPODIUM_ASSEMBLY	5		Rejected!	
GOBP_POSITIVE_REGULATION_OF_FILOPODIUM_ASSEMBLY	29	15		
GOBP_REGULATION_OF_CYTOSKELETON_ORGANIZATION	526	312		
GOBP_NEGATIVE_REGULATION_OF_CYTOSKELETON_ORGANIZATION	164	88		
GOBP_POSITIVE_REGULATION_OF_CYTOSKELETON_ORGANIZATION	195	119		
GOBP_POSITIVE_REGULATION_OF_STRESS_FIBER_ASSEMBLY	51	31		
GOBP_ELASTIN_METABOLIC_PROCESS	9		Rejected!	
GOBP_KERATINOCYTE_MIGRATION	19		Rejected!	
GOBP_REGULATION_OF_KERATINOCYTE_MIGRATION	14		Rejected!	
GOBP_FLAVONE_METABOLIC_PROCESS	5		Rejected!	
GOBP_MITOCHONDRIAL_CALCIUM_ION_HOMEOSTASIS	25	19		
GOBP_POSITIVE_REGULATION_OF_MITOCHONDRIAL_CALCIUM_ION_CONCENTRATION	11		Rejected!	
GOBP_HISTONE_H3_K9_METHYLATION	39	31		
GOBP_HISTONE_H3_K4_METHYLATION	71	58		
GOBP_REGULATION_OF_HISTONE_H3_K4_METHYLATION	39	33		
GOBP_REGULATION_OF_HISTONE_H3_K9_METHYLATION	25	18		
GOBP_POSITIVE_REGULATION_OF_HISTONE_H3_K4_METHYLATION	27	25		
GOBP_NEGATIVE_REGULATION_OF_HISTONE_H3_K4_METHYLATION	6		Rejected!	
GOBP_NEGATIVE_REGULATION_OF_HISTONE_H3_K9_METHYLATION	12		Rejected!	
GOBP_POSITIVE_REGULATION_OF_HISTONE_H3_K9_METHYLATION	11		Rejected!	
GOBP_REGULATION_OF_NEUROTRANSMITTER_UPTAKE	17		Rejected!	
GOBP_POSITIVE_REGULATION_OF_NEUROTRANSMITTER_UPTAKE	5		Rejected!	
GOBP_REGULATION_OF_DOPAMINE_UPTAKE_INVOLVED_IN_SYNAPTIC_TRANSMISSION	8		Rejected!	
GOBP_REGULATION_OF_NEUROTRANSMITTER_TRANSPORT	99	41		
GOBP_NEGATIVE_REGULATION_OF_NEUROTRANSMITTER_TRANSPORT	14		Rejected!	
GOBP_POSITIVE_REGULATION_OF_NEUROTRANSMITTER_TRANSPORT	22		Rejected!	
GOBP_RESPONSE_TO_CAMP	89	37		
GOBP_RESPONSE_TO_CALCIUM_ION	144	72		
GOBP_RESPONSE_TO_FOLIC_ACID	9		Rejected!	
GOBP_RESPONSE_TO_METHYLMERCURY	5		Rejected!	
GOBP_RESPONSE_TO_HYDROSTATIC_PRESSURE	6		Rejected!	
GOBP_EXOCYST_LOCALIZATION	6		Rejected!	
GOBP_RESPONSE_TO_ELECTRICAL_STIMULUS	42	16		
GOBP_PROTEIN_MATURATION	313	184		
GOBP_DETECTION_OF_STIMULUS	675	60		
GOBP_HISTAMINE_TRANSPORT	15		Rejected!	
GOBP_SEROTONIN_UPTAKE	11		Rejected!	
GOBP_NOREPINEPHRINE_UPTAKE	8		Rejected!	
GOBP_ACTIN_FILAMENT_NETWORK_FORMATION	12		Rejected!	
GOBP_ORGANELLE_LOCALIZATION	537	368		
GOBP_ENDOPLASMIC_RETICULUM_LOCALIZATION	9		Rejected!	
GOBP_GOLGI_LOCALIZATION	14		Rejected!	
GOBP_MITOCHONDRION_LOCALIZATION	50	33		
GOBP_NUCLEUS_LOCALIZATION	25	19		
GOBP_VESICLE_LOCALIZATION	191	127		
GOBP_MAINTENANCE_OF_LOCATION_IN_CELL	218	122		
GOBP_SPINDLE_LOCALIZATION	55	37		
GOBP_ESTABLISHMENT_OF_MITOCHONDRION_LOCALIZATION	29	18		
GOBP_ESTABLISHMENT_OF_ORGANELLE_LOCALIZATION	408	282		
GOBP_MAINTENANCE_OF_ORGANELLE_LOCATION	11		Rejected!	
GOBP_ESTABLISHMENT_OF_CENTROSOME_LOCALIZATION	10		Rejected!	
GOBP_MAINTENANCE_OF_CENTROSOME_LOCATION	6		Rejected!	
GOBP_MEMBRANE_RAFT_LOCALIZATION	8		Rejected!	
GOBP_LOCALIZATION_WITHIN_MEMBRANE	652	417		
GOBP_MEMBRANE_DISRUPTION_IN_ANOTHER_ORGANISM	11		Rejected!	
GOBP_ESTABLISHMENT_OF_GOLGI_LOCALIZATION	8		Rejected!	
GOBP_POINTED_END_ACTIN_FILAMENT_CAPPING	7		Rejected!	
GOBP_BIOLOGICAL_PROCESS_INVOLVED_IN_INTERACTION_WITH_HOST	192	115		
GOBP_BIOLOGICAL_PROCESS_INVOLVED_IN_INTERACTION_WITH_SYMBIONT	101	54		
GOBP_BIOLOGICAL_PROCESS_INVOLVED_IN_INTRASPECIES_INTERACTION_BETWEEN_ORGANISMS	54	18		
GOBP_REGULATION_OF_KILLING_OF_CELLS_OF_ANOTHER_ORGANISM	8		Rejected!	
GOBP_POSITIVE_REGULATION_OF_KILLING_OF_CELLS_OF_ANOTHER_ORGANISM	6		Rejected!	
GOBP_PROTEIN_DE_ADP_RIBOSYLATION	6		Rejected!	
GOBP_REGULATION_OF_CELL_CYCLE	1068		Rejected!	
GOBP_MEIOTIC_SISTER_CHROMATID_COHESION_CENTROMERIC	5		Rejected!	
GOBP_ACTIN_CROSSLINK_FORMATION	14		Rejected!	
GOBP_NITRIC_OXIDE_SYNTHASE_BIOSYNTHETIC_PROCESS	21		Rejected!	
GOBP_POSITIVE_REGULATION_OF_NITRIC_OXIDE_SYNTHASE_BIOSYNTHETIC_PROCESS	17		Rejected!	
GOBP_RESPONSE_TO_REDOX_STATE	13		Rejected!	
GOBP_POSITIVE_REGULATION_OF_CELL_DIVISION	89	38		
GOBP_NEGATIVE_REGULATION_OF_CELL_DIVISION	18		Rejected!	
GOBP_REGULATION_OF_NUCLEAR_DIVISION	139	91		
GOBP_NEGATIVE_REGULATION_OF_NUCLEAR_DIVISION	55	45		
GOBP_POSITIVE_REGULATION_OF_NUCLEAR_DIVISION	59	28		
GOBP_RESPONSE_TO_MISFOLDED_PROTEIN	24	20		
GOBP_MEDIUM_CHAIN_FATTY_ACID_METABOLIC_PROCESS	15		Rejected!	
GOBP_MEDIUM_CHAIN_FATTY_ACID_BIOSYNTHETIC_PROCESS	6		Rejected!	
GOBP_MEDIUM_CHAIN_FATTY_ACID_CATABOLIC_PROCESS	5		Rejected!	
GOBP_REGULATION_OF_HAIR_FOLLICLE_DEVELOPMENT	19		Rejected!	
GOBP_POSITIVE_REGULATION_OF_HAIR_FOLLICLE_DEVELOPMENT	12		Rejected!	
GOBP_NEGATIVE_REGULATION_OF_HAIR_FOLLICLE_DEVELOPMENT	5		Rejected!	
GOBP_REGULATION_OF_SYNAPSE_STRUCTURAL_PLASTICITY	8		Rejected!	
GOBP_CYTOLYSIS_BY_HOST_OF_SYMBIONT_CELLS	9		Rejected!	
GOBP_MODULATION_BY_HOST_OF_SYMBIONT_PROCESS	67	44		
GOBP_PROTEIN_AUTOUBIQUITINATION	75	53		
GOBP_KILLING_BY_HOST_OF_SYMBIONT_CELLS	30		Rejected!	
GOBP_PIGMENT_GRANULE_LOCALIZATION	26	15		
GOBP_REGULATION_OF_MITOCHONDRIAL_MEMBRANE_POTENTIAL	71	45		
GOBP_MITOCHONDRIAL_DEPOLARIZATION	21		Rejected!	
GOBP_REGULATION_OF_CARDIOBLAST_DIFFERENTIATION	8		Rejected!	
GOBP_POSITIVE_REGULATION_OF_CARDIOBLAST_DIFFERENTIATION	6		Rejected!	
GOBP_POSITIVE_REGULATION_OF_FOCAL_ADHESION_ASSEMBLY	26		Rejected!	
GOBP_POSITIVE_REGULATION_OF_PROTEIN_KINASE_B_SIGNALING	119	47		
GOBP_NEGATIVE_REGULATION_OF_PROTEIN_KINASE_B_SIGNALING	57	24		
GOBP_MEMBRANE_DEPOLARIZATION	84	27		
GOBP_POSITIVE_REGULATION_OF_MITOCHONDRIAL_DEPOLARIZATION	8		Rejected!	
GOBP_ESTABLISHMENT_OF_PIGMENT_GRANULE_LOCALIZATION	24		Rejected!	
GOBP_REGULATION_OF_FIBRINOLYSIS	14		Rejected!	
GOBP_NEGATIVE_REGULATION_OF_FIBRINOLYSIS	10		Rejected!	
GOBP_SULFATION	24		Rejected!	
GOBP_REGULATION_OF_CALCIUM_ION_TRANSPORT	251	96		
GOBP_NEGATIVE_REGULATION_OF_CALCIUM_ION_TRANSPORT	68	21		
GOBP_POSITIVE_REGULATION_OF_CALCIUM_ION_TRANSPORT	119	45		
GOBP_REGULATION_OF_SENSORY_PERCEPTION	33		Rejected!	
GOBP_SYNAPTIC_TRANSMISSION_GABAERGIC	51	19		
GOBP_AMINO_ACID_NEUROTRANSMITTER_REUPTAKE	9		Rejected!	
GOBP_CATECHOLAMINE_UPTAKE_INVOLVED_IN_SYNAPTIC_TRANSMISSION	12		Rejected!	
GOBP_GLUTAMATE_REUPTAKE	5		Rejected!	
GOBP_NEGATIVE_REGULATION_OF_AMINE_TRANSPORT	27		Rejected!	
GOBP_POSITIVE_REGULATION_OF_AMINE_TRANSPORT	40		Rejected!	
GOBP_REGULATION_OF_AMINO_ACID_TRANSPORT	40	18		
GOBP_NEGATIVE_REGULATION_OF_AMINO_ACID_TRANSPORT	15		Rejected!	
GOBP_POSITIVE_REGULATION_OF_AMINO_ACID_TRANSPORT	23		Rejected!	
GOBP_REGULATION_OF_NERVOUS_SYSTEM_DEVELOPMENT	439	183		
GOBP_NEGATIVE_REGULATION_OF_NERVOUS_SYSTEM_DEVELOPMENT	145	56		
GOBP_POSITIVE_REGULATION_OF_NERVOUS_SYSTEM_DEVELOPMENT	269	113		
GOBP_REGULATION_OF_SYNAPSE_ASSEMBLY	103	21		
GOBP_NEGATIVE_REGULATION_OF_SYNAPSE_ASSEMBLY	7		Rejected!	
GOBP_POSITIVE_REGULATION_OF_SYNAPSE_ASSEMBLY	62		Rejected!	
GOBP_REGULATION_OF_SYNAPTIC_TRANSMISSION_GLUTAMATERGIC	70	17		
GOBP_NEGATIVE_REGULATION_OF_SYNAPTIC_TRANSMISSION_GLUTAMATERGIC	9		Rejected!	
GOBP_POSITIVE_REGULATION_OF_SYNAPTIC_TRANSMISSION_GLUTAMATERGIC	29		Rejected!	
GOBP_REGULATION_OF_TRANSMISSION_OF_NERVE_IMPULSE	17		Rejected!	
GOBP_NEGATIVE_REGULATION_OF_TRANSMISSION_OF_NERVE_IMPULSE	6		Rejected!	
GOBP_POSITIVE_REGULATION_OF_TRANSMISSION_OF_NERVE_IMPULSE	7		Rejected!	
GOBP_REGULATION_OF_TELOMERASE_ACTIVITY	50	40		
GOBP_POSITIVE_REGULATION_OF_TELOMERASE_ACTIVITY	34	27		
GOBP_NEGATIVE_REGULATION_OF_TELOMERASE_ACTIVITY	11		Rejected!	
GOBP_REGULATION_OF_CHROMOSOME_SEGREGATION	91	75		
GOBP_POSITIVE_REGULATION_OF_CHROMOSOME_SEGREGATION	14		Rejected!	
GOBP_POSITIVE_REGULATION_OF_ATTACHMENT_OF_SPINDLE_MICROTUBULES_TO_KINETOCHORE	6		Rejected!	
GOBP_REGULATION_OF_ATTACHMENT_OF_SPINDLE_MICROTUBULES_TO_KINETOCHORE	13		Rejected!	
GOBP_MODULATION_BY_HOST_OF_SYMBIONT_CATALYTIC_ACTIVITY	5		Rejected!	
GOBP_REGULATION_OF_PEPTIDASE_ACTIVITY	457	204		
GOBP_ALDITOL_PHOSPHATE_METABOLIC_PROCESS	11		Rejected!	
GOBP_MONOACYLGLYCEROL_CATABOLIC_PROCESS	7		Rejected!	
GOBP_FLAVONOID_GLUCURONIDATION	9		Rejected!	
GOBP_XENOBIOTIC_GLUCURONIDATION	11		Rejected!	
GOBP_MUSCLE_CELL_DEVELOPMENT	183	60		
GOBP_STRIATED_MUSCLE_CELL_DEVELOPMENT	67	21		
GOBP_CARDIAC_MYOFIBRIL_ASSEMBLY	19		Rejected!	
GOBP_CARDIAC_CELL_DEVELOPMENT	87	27		
GOBP_CARDIAC_MUSCLE_CELL_DIFFERENTIATION	121	38		
GOBP_CARDIAC_MUSCLE_TISSUE_MORPHOGENESIS	60	17		
GOBP_ATRIAL_CARDIAC_MUSCLE_TISSUE_MORPHOGENESIS	6		Rejected!	
GOBP_VENTRICULAR_CARDIAC_MUSCLE_TISSUE_MORPHOGENESIS	47		Rejected!	
GOBP_VENTRICULAR_CARDIAC_MUSCLE_CELL_DIFFERENTIATION	14		Rejected!	
GOBP_VENTRICULAR_CARDIAC_MUSCLE_CELL_DEVELOPMENT	10		Rejected!	
GOBP_NEGATIVE_REGULATION_OF_CARDIAC_MUSCLE_TISSUE_GROWTH	29		Rejected!	
GOBP_REGULATION_OF_CARDIAC_MUSCLE_TISSUE_DEVELOPMENT	5		Rejected!	
GOBP_NEUROBLAST_DIVISION	14		Rejected!	
GOBP_ASYMMETRIC_NEUROBLAST_DIVISION	6		Rejected!	
GOBP_METAL_ION_HOMEOSTASIS	661	282		
GOBP_MONOVALENT_INORGANIC_CATION_HOMEOSTASIS	153	64		
GOBP_ZINC_ION_HOMEOSTASIS	41	20		
GOBP_COPPER_ION_HOMEOSTASIS	19	15		
GOBP_IRON_ION_HOMEOSTASIS	85	49		
GOBP_POTASSIUM_ION_HOMEOSTASIS	32		Rejected!	
GOBP_TRANSITION_METAL_ION_HOMEOSTASIS	139	80		
GOBP_SODIUM_ION_HOMEOSTASIS	56	15		
GOBP_ANION_HOMEOSTASIS	39		Rejected!	
GOBP_MONOVALENT_INORGANIC_ANION_HOMEOSTASIS	16		Rejected!	
GOBP_TRANSMEMBRANE_TRANSPORT	1529		Rejected!	
GOBP_NUCLEOBASE_CONTAINING_SMALL_MOLECULE_METABOLIC_PROCESS	566	327		
GOBP_LIPID_HOMEOSTASIS	173	76		
GOBP_FATTY_ACID_HOMEOSTASIS	17		Rejected!	
GOBP_ACYLGLYCEROL_HOMEOSTASIS	42		Rejected!	
GOBP_PHOSPHOLIPID_HOMEOSTASIS	15		Rejected!	
GOBP_STEROL_HOMEOSTASIS	99	34		
GOBP_RESPONSE_TO_HYPEROXIA	19		Rejected!	
GOBP_REGULATION_OF_CARDIAC_MUSCLE_CONTRACTION	77	29		
GOBP_NEGATIVE_REGULATION_OF_CARDIAC_MUSCLE_CONTRACTION	6		Rejected!	
GOBP_RELAXATION_OF_CARDIAC_MUSCLE	17		Rejected!	
GOBP_DIGESTIVE_SYSTEM_DEVELOPMENT	142	39		
GOBP_L_PROLINE_BIOSYNTHETIC_PROCESS	6		Rejected!	
GOBP_REFLEX	19		Rejected!	
GOBP_SERTOLI_CELL_DIFFERENTIATION	18		Rejected!	
GOBP_SERTOLI_CELL_DEVELOPMENT	13		Rejected!	
GOBP_SYNAPTIC_TRANSMISSION_GLYCINERGIC	5		Rejected!	
GOBP_RIGHTING_REFLEX	8		Rejected!	
GOBP_PARATHYROID_GLAND_DEVELOPMENT	6		Rejected!	
GOBP_RADIAL_GLIAL_CELL_DIFFERENTIATION	12		Rejected!	
GOBP_BERGMANN_GLIAL_CELL_DIFFERENTIATION	9		Rejected!	
GOBP_ROOF_OF_MOUTH_DEVELOPMENT	91	35		
GOBP_HARD_PALATE_DEVELOPMENT	8		Rejected!	
GOBP_SOFT_PALATE_DEVELOPMENT	5		Rejected!	
GOBP_CONVERGENT_EXTENSION	15		Rejected!	
GOBP_CONVERGENT_EXTENSION_INVOLVED_IN_GASTRULATION	9		Rejected!	
GOBP_CONVERGENT_EXTENSION_INVOLVED_IN_AXIS_ELONGATION	6		Rejected!	
GOBP_CONVERGENT_EXTENSION_INVOLVED_IN_ORGANOGENESIS	5		Rejected!	
GOBP_ANATOMICAL_STRUCTURE_REGRESSION	16		Rejected!	
GOBP_PHARYNGEAL_SYSTEM_DEVELOPMENT	29		Rejected!	
GOBP_CARDIAC_MUSCLE_CELL_PROLIFERATION	58	20		
GOBP_PERICARDIUM_DEVELOPMENT	19		Rejected!	
GOBP_RETINA_DEVELOPMENT_IN_CAMERA_TYPE_EYE	149	50		
GOBP_RETINA_MORPHOGENESIS_IN_CAMERA_TYPE_EYE	57	16		
GOBP_REGULATION_OF_CARDIAC_MUSCLE_CELL_PROLIFERATION	49	16		
GOBP_NEGATIVE_REGULATION_OF_CARDIAC_MUSCLE_CELL_PROLIFERATION	18		Rejected!	
GOBP_POSITIVE_REGULATION_OF_CARDIAC_MUSCLE_CELL_PROLIFERATION	30		Rejected!	
GOBP_REGULATION_OF_ACROSOME_REACTION	18		Rejected!	
GOBP_CARDIAC_MUSCLE_CONTRACTION	138	48		
GOBP_REGULATION_OF_PROTEIN_GLYCOSYLATION	15		Rejected!	
GOBP_POSITIVE_REGULATION_OF_PROTEIN_GLYCOSYLATION	9		Rejected!	
GOBP_NEUROFILAMENT_CYTOSKELETON_ORGANIZATION	9		Rejected!	
GOBP_POSITIVE_REGULATION_OF_EPITHELIAL_CELL_PROLIFERATION_INVOLVED_IN_WOUND_HEALING	9		Rejected!	
GOBP_ANGIOGENESIS_INVOLVED_IN_WOUND_HEALING	31		Rejected!	
GOBP_MAMMARY_GLAND_INVOLUTION	8		Rejected!	
GOBP_EMBRYONIC_RETINA_MORPHOGENESIS_IN_CAMERA_TYPE_EYE	5		Rejected!	
GOBP_UTERUS_DEVELOPMENT	21		Rejected!	
GOBP_OVIDUCT_DEVELOPMENT	5		Rejected!	
GOBP_VAGINA_DEVELOPMENT	10		Rejected!	
GOBP_CANONICAL_WNT_SIGNALING_PATHWAY	313	143		
GOBP_MICTURITION	7		Rejected!	
GOBP_SYNAPSE_MATURATION	25		Rejected!	
GOBP_REGULATION_OF_RESTING_MEMBRANE_POTENTIAL	9		Rejected!	
GOBP_REGULATION_OF_POSTSYNAPTIC_MEMBRANE_POTENTIAL	131	31		
GOBP_INHIBITORY_POSTSYNAPTIC_POTENTIAL	15		Rejected!	
GOBP_MEMBRANE_HYPERPOLARIZATION	11		Rejected!	
GOBP_RELAXATION_OF_VASCULAR_ASSOCIATED_SMOOTH_MUSCLE	8		Rejected!	
GOBP_AUDITORY_RECEPTOR_CELL_DEVELOPMENT	23		Rejected!	
GOBP_INNER_EAR_RECEPTOR_CELL_DEVELOPMENT	44	19		
GOBP_INNER_EAR_RECEPTOR_CELL_FATE_COMMITMENT	5		Rejected!	
GOBP_INNER_EAR_RECEPTOR_CELL_STEREOCILIUM_ORGANIZATION	32	15		
GOBP_POSITIVE_REGULATION_OF_GROWTH_HORMONE_SECRETION	9		Rejected!	
GOBP_PREPULSE_INHIBITION	12		Rejected!	
GOBP_MATERNAL_PROCESS_INVOLVED_IN_FEMALE_PREGNANCY	58	28		
GOBP_EMBRYONIC_PROCESS_INVOLVED_IN_FEMALE_PREGNANCY	6		Rejected!	
GOBP_MATERNAL_PROCESS_INVOLVED_IN_PARTURITION	6		Rejected!	
GOBP_REGULATION_OF_SYNCYTIUM_FORMATION_BY_PLASMA_MEMBRANE_FUSION	30		Rejected!	
GOBP_POSITIVE_REGULATION_OF_SYNCYTIUM_FORMATION_BY_PLASMA_MEMBRANE_FUSION	24		Rejected!	
GOBP_POSITIVE_REGULATION_OF_POSTTRANSCRIPTIONAL_GENE_SILENCING	31	22		
GOBP_NEGATIVE_REGULATION_OF_POSTTRANSCRIPTIONAL_GENE_SILENCING	19	15		
GOBP_PLATELET_DENSE_GRANULE_ORGANIZATION	10		Rejected!	
GOBP_PHOSPHOLIPASE_C_ACTIVATING_DOPAMINE_RECEPTOR_SIGNALING_PATHWAY	8		Rejected!	
GOBP_REGULATION_OF_DOPAMINE_RECEPTOR_SIGNALING_PATHWAY	11		Rejected!	
GOBP_POSITIVE_REGULATION_OF_DOPAMINE_RECEPTOR_SIGNALING_PATHWAY	5		Rejected!	
GOBP_LIMB_BUD_FORMATION	11		Rejected!	
GOBP_MALE_MATING_BEHAVIOR	7		Rejected!	
GOBP_REGULATION_OF_LIPASE_ACTIVITY	92	36		
GOBP_NEGATIVE_REGULATION_OF_LIPASE_ACTIVITY	17		Rejected!	
GOBP_POSITIVE_REGULATION_OF_LIPASE_ACTIVITY	69	28		
GOBP_REGULATION_OF_NUCLEAR_TRANSCRIBED_MRNA_POLY_A_TAIL_SHORTENING	15		Rejected!	
GOBP_PRIMITIVE_HEMOPOIESIS	8		Rejected!	
GOBP_DEFINITIVE_HEMOPOIESIS	19		Rejected!	
GOBP_HEMATOPOIETIC_STEM_CELL_DIFFERENTIATION	30	21		
GOBP_CAMERA_TYPE_EYE_PHOTORECEPTOR_CELL_DIFFERENTIATION	25		Rejected!	
GOBP_RETINAL_ROD_CELL_DIFFERENTIATION	11		Rejected!	
GOBP_MESENCHYMAL_TO_EPITHELIAL_TRANSITION	20		Rejected!	
GOBP_DELAMINATION	7		Rejected!	
GOBP_DETECTION_OF_CELL_DENSITY	10		Rejected!	
GOBP_ANATOMICAL_STRUCTURE_HOMEOSTASIS	319	131		
GOBP_REGULATION_OF_GLIAL_CELL_PROLIFERATION	30		Rejected!	
GOBP_POSITIVE_REGULATION_OF_GLIAL_CELL_PROLIFERATION	17		Rejected!	
GOBP_NEGATIVE_REGULATION_OF_GLIAL_CELL_PROLIFERATION	13		Rejected!	
GOBP_REGULATION_OF_FEEDING_BEHAVIOR	27		Rejected!	
GOBP_REGULATION_OF_RESPIRATORY_BURST	18		Rejected!	
GOBP_NEGATIVE_REGULATION_OF_RESPIRATORY_BURST_INVOLVED_IN_INFLAMMATORY_RESPONSE	5		Rejected!	
GOBP_POSITIVE_REGULATION_OF_RESPIRATORY_BURST	9		Rejected!	
GOBP_NEGATIVE_REGULATION_OF_RESPIRATORY_BURST	6		Rejected!	
GOBP_EMBRYONIC_SKELETAL_JOINT_MORPHOGENESIS	11		Rejected!	
GOBP_REGULATION_OF_CELL_DEVELOPMENT	500	230		
GOBP_EPITHELIAL_CILIUM_MOVEMENT_INVOLVED_IN_DETERMINATION_OF_LEFT_RIGHT_ASYMMETRY	12		Rejected!	
GOBP_TRANSDIFFERENTIATION	7		Rejected!	
GOBP_LONG_TERM_SYNAPTIC_POTENTIATION	98	35		
GOBP_LONG_TERM_SYNAPTIC_DEPRESSION	30		Rejected!	
GOBP_REGULATION_OF_CILIUM_BEAT_FREQUENCY_INVOLVED_IN_CILIARY_MOTILITY	9		Rejected!	
GOBP_REGULATION_OF_SARCOMERE_ORGANIZATION	7		Rejected!	
GOBP_POSITIVE_REGULATION_OF_SARCOMERE_ORGANIZATION	5		Rejected!	
GOBP_REGULATION_OF_PHOSPHATIDYLINOSITOL_DEPHOSPHORYLATION	6		Rejected!	
GOBP_REGULATION_OF_MEMBRANE_REPOLARIZATION	39		Rejected!	
GOBP_ELASTIN_CATABOLIC_PROCESS	5		Rejected!	
GOBP_REGULATION_OF_BLOOD_VESSEL_REMODELING	12		Rejected!	
GOBP_REGULATION_OF_RYANODINE_SENSITIVE_CALCIUM_RELEASE_CHANNEL_ACTIVITY	26		Rejected!	
GOBP_NEGATIVE_REGULATION_OF_RYANODINE_SENSITIVE_CALCIUM_RELEASE_CHANNEL_ACTIVITY	12		Rejected!	
GOBP_POSITIVE_REGULATION_OF_RYANODINE_SENSITIVE_CALCIUM_RELEASE_CHANNEL_ACTIVITY	8		Rejected!	
GOBP_CARDIAC_EPITHELIAL_TO_MESENCHYMAL_TRANSITION	37		Rejected!	
GOBP_DEFINITIVE_ERYTHROCYTE_DIFFERENTIATION	5		Rejected!	
GOBP_HEAD_DEVELOPMENT	795	366		
GOBP_HEAD_MORPHOGENESIS	34	16		
GOBP_FACE_DEVELOPMENT	48	26		
GOBP_CELL_CHEMOTAXIS	315	121		
GOBP_REGULATION_OF_RESPONSE_TO_INTERFERON_GAMMA	16		Rejected!	
GOBP_NEGATIVE_REGULATION_OF_RESPONSE_TO_INTERFERON_GAMMA	7		Rejected!	
GOBP_POSITIVE_REGULATION_OF_RESPONSE_TO_INTERFERON_GAMMA	6		Rejected!	
GOBP_INTERFERON_GAMMA_MEDIATED_SIGNALING_PATHWAY	25	17		
GOBP_REGULATION_OF_TYPE_I_INTERFERON_MEDIATED_SIGNALING_PATHWAY	42	33		
GOBP_NEGATIVE_REGULATION_OF_TYPE_I_INTERFERON_MEDIATED_SIGNALING_PATHWAY	20	16		
GOBP_POSITIVE_REGULATION_OF_TYPE_I_INTERFERON_MEDIATED_SIGNALING_PATHWAY	19		Rejected!	
GOBP_REGULATION_OF_CELLULAR_LOCALIZATION	799		Rejected!	
GOBP_TRABECULA_FORMATION	25		Rejected!	
GOBP_BONE_TRABECULA_FORMATION	10		Rejected!	
GOBP_HEART_TRABECULA_FORMATION	14		Rejected!	
GOBP_BONE_DEVELOPMENT	218	99		
GOBP_BONE_MORPHOGENESIS	98	36		
GOBP_ENDOCHONDRAL_BONE_MORPHOGENESIS	57	21		
GOBP_CARTILAGE_DEVELOPMENT_INVOLVED_IN_ENDOCHONDRAL_BONE_MORPHOGENESIS	31		Rejected!	
GOBP_CELL_ADHESION_MOLECULE_PRODUCTION	26		Rejected!	
GOBP_NEGATIVE_REGULATION_OF_CELL_ADHESION_MOLECULE_PRODUCTION	15		Rejected!	
GOBP_POSITIVE_REGULATION_OF_CELL_ADHESION_MOLECULE_PRODUCTION	7		Rejected!	
GOBP_RESPONSE_TO_AMMONIUM_ION	6		Rejected!	
GOBP_CRANIAL_SUTURE_MORPHOGENESIS	8		Rejected!	
GOBP_REGULATION_OF_FC_RECEPTOR_MEDIATED_STIMULATORY_SIGNALING_PATHWAY	10		Rejected!	
GOBP_POSITIVE_REGULATION_OF_FC_RECEPTOR_MEDIATED_STIMULATORY_SIGNALING_PATHWAY	5		Rejected!	
GOBP_REGULATION_OF_ATRIAL_CARDIAC_MUSCLE_CELL_MEMBRANE_DEPOLARIZATION	10		Rejected!	
GOBP_REGULATION_OF_ATRIAL_CARDIAC_MUSCLE_CELL_MEMBRANE_REPOLARIZATION	8		Rejected!	
GOBP_REGULATION_OF_VENTRICULAR_CARDIAC_MUSCLE_CELL_MEMBRANE_DEPOLARIZATION	8		Rejected!	
GOBP_MAST_CELL_DIFFERENTIATION	6		Rejected!	
GOBP_CARDIAC_MUSCLE_CELL_MYOBLAST_DIFFERENTIATION	11		Rejected!	
GOBP_REGULATION_OF_DNA_STRAND_ELONGATION	17	16		
GOBP_INNERVATION	26		Rejected!	
GOBP_AXONOGENESIS_INVOLVED_IN_INNERVATION	8		Rejected!	
GOBP_PATHWAY_RESTRICTED_SMAD_PROTEIN_PHOSPHORYLATION	66	21		
GOBP_REGULATION_OF_SMAD_PROTEIN_SIGNAL_TRANSDUCTION	31		Rejected!	
GOBP_POSITIVE_REGULATION_OF_SMAD_PROTEIN_SIGNAL_TRANSDUCTION	18		Rejected!	
GOBP_NEGATIVE_REGULATION_OF_SMAD_PROTEIN_SIGNAL_TRANSDUCTION	9		Rejected!	
GOBP_NEGATIVE_REGULATION_OF_PATHWAY_RESTRICTED_SMAD_PROTEIN_PHOSPHORYLATION	12		Rejected!	
GOBP_SMAD_PROTEIN_SIGNAL_TRANSDUCTION	84	32		
GOBP_GROWTH_HORMONE_RECEPTOR_SIGNALING_PATHWAY_VIA_JAK_STAT	8		Rejected!	
GOBP_REGULATION_OF_GROWTH_HORMONE_RECEPTOR_SIGNALING_PATHWAY	6		Rejected!	
GOBP_CYTOSOLIC_CALCIUM_ION_TRANSPORT	184	75		
GOBP_CALCIUM_ION_TRANSPORT_INTO_CYTOSOL	165	60		
GOBP_REGULATION_OF_PENILE_ERECTION	7		Rejected!	
GOBP_POSITIVE_REGULATION_OF_PENILE_ERECTION	5		Rejected!	
GOBP_CARDIAC_SEPTUM_MORPHOGENESIS	71	24		
GOBP_VENTRICULAR_SEPTUM_MORPHOGENESIS	42	15		
GOBP_ATRIAL_SEPTUM_MORPHOGENESIS	15		Rejected!	
GOBP_AORTA_SMOOTH_MUSCLE_TISSUE_MORPHOGENESIS	6		Rejected!	
GOBP_RESPONSE_TO_GROWTH_HORMONE	36	17		
GOBP_HEART_GROWTH	96	30		
GOBP_REGULATION_OF_HEART_GROWTH	74	22		
GOBP_POSITIVE_REGULATION_OF_HEART_GROWTH	41		Rejected!	
GOBP_LUNG_MORPHOGENESIS	50	23		
GOBP_LUNG_VASCULATURE_DEVELOPMENT	5		Rejected!	
GOBP_LUNG_EPITHELIUM_DEVELOPMENT	36	16		
GOBP_EPITHELIUM_DEVELOPMENT	1149	472		
GOBP_LUNG_SACCULE_DEVELOPMENT	8		Rejected!	
GOBP_BRONCHUS_DEVELOPMENT	11		Rejected!	
GOBP_BRONCHIOLE_DEVELOPMENT	5		Rejected!	
GOBP_LUNG_GROWTH	7		Rejected!	
GOBP_TRACHEA_DEVELOPMENT	18		Rejected!	
GOBP_TRACHEA_MORPHOGENESIS	10		Rejected!	
GOBP_TRACHEA_FORMATION	6		Rejected!	
GOBP_EPITHELIAL_TUBE_BRANCHING_INVOLVED_IN_LUNG_MORPHOGENESIS	29		Rejected!	
GOBP_BRANCHING_INVOLVED_IN_PROSTATE_GLAND_MORPHOGENESIS	12		Rejected!	
GOBP_MAMMARY_GLAND_MORPHOGENESIS	43	17		
GOBP_BRANCHING_INVOLVED_IN_MAMMARY_GLAND_DUCT_MORPHOGENESIS	23		Rejected!	
GOBP_BRANCHING_INVOLVED_IN_SALIVARY_GLAND_MORPHOGENESIS	22		Rejected!	
GOBP_BUD_ELONGATION_INVOLVED_IN_LUNG_BRANCHING	7		Rejected!	
GOBP_POSITIVE_REGULATION_OF_CARDIAC_MUSCLE_CONTRACTION	9		Rejected!	
GOBP_REGULATION_OF_GASTRIC_ACID_SECRETION	11		Rejected!	
GOBP_NEGATIVE_REGULATION_OF_GASTRIC_ACID_SECRETION	6		Rejected!	
GOBP_POSITIVE_REGULATION_OF_DIGESTIVE_SYSTEM_PROCESS	15		Rejected!	
GOBP_NEGATIVE_REGULATION_OF_DIGESTIVE_SYSTEM_PROCESS	17		Rejected!	
GOBP_LUNG_LOBE_DEVELOPMENT	7		Rejected!	
GOBP_PREVENTION_OF_POLYSPERMY	7		Rejected!	
GOBP_ACROSOMAL_VESICLE_EXOCYTOSIS	9		Rejected!	
GOBP_LUNG_CELL_DIFFERENTIATION	23		Rejected!	
GOBP_LOBAR_BRONCHUS_EPITHELIUM_DEVELOPMENT	5		Rejected!	
GOBP_LOBAR_BRONCHUS_DEVELOPMENT	6		Rejected!	
GOBP_LUNG_ASSOCIATED_MESENCHYME_DEVELOPMENT	8		Rejected!	
GOBP_MESENCHYME_DEVELOPMENT	302	114		
GOBP_REGULATION_OF_CELL_PROJECTION_ASSEMBLY	222	137		
GOBP_POSITIVE_REGULATION_OF_EPITHELIAL_CELL_PROLIFERATION_INVOLVED_IN_LUNG_MORPHOGENESIS	5		Rejected!	
GOBP_EPITHELIAL_CELL_PROLIFERATION_INVOLVED_IN_LUNG_MORPHOGENESIS	9		Rejected!	
GOBP_TYPE_I_PNEUMOCYTE_DIFFERENTIATION	6		Rejected!	
GOBP_PROSTATE_GLAND_MORPHOGENESIS	28		Rejected!	
GOBP_PROSTATIC_BUD_FORMATION	9		Rejected!	
GOBP_PROSTATE_GLANDULAR_ACINUS_DEVELOPMENT	9		Rejected!	
GOBP_PROSTATE_GLANDULAR_ACINUS_MORPHOGENESIS	6		Rejected!	
GOBP_TRACHEA_CARTILAGE_DEVELOPMENT	7		Rejected!	
GOBP_CARTILAGE_MORPHOGENESIS	10		Rejected!	
GOBP_MUSCLE_TISSUE_DEVELOPMENT	405	157		
GOBP_SKELETAL_MUSCLE_ORGAN_DEVELOPMENT	166	72		
GOBP_DIAPHRAGM_DEVELOPMENT	8		Rejected!	
GOBP_RESPIRATORY_SYSTEM_DEVELOPMENT	203	85		
GOBP_NEGATIVE_REGULATION_OF_NECROTIC_CELL_DEATH	24		Rejected!	
GOBP_NEGATIVE_REGULATION_OF_CELL_DEATH	1015		Rejected!	
GOBP_REGULATION_OF_VITAMIN_D_BIOSYNTHETIC_PROCESS	7		Rejected!	
GOBP_REGULATION_OF_CALCIDIOL_1_MONOOXYGENASE_ACTIVITY	7		Rejected!	
GOBP_DEVELOPMENTAL_GROWTH_INVOLVED_IN_MORPHOGENESIS	234	101		
GOBP_APOPTOTIC_PROCESS_INVOLVED_IN_MORPHOGENESIS	27		Rejected!	
GOBP_EPITHELIAL_TUBE_MORPHOGENESIS	328	142		
GOBP_NEUROEPITHELIAL_CELL_DIFFERENTIATION	24		Rejected!	
GOBP_MORPHOGENESIS_OF_AN_EPITHELIAL_FOLD	23		Rejected!	
GOBP_MORPHOGENESIS_OF_AN_EPITHELIAL_BUD	15		Rejected!	
GOBP_CELL_FATE_SPECIFICATION_INVOLVED_IN_PATTERN_SPECIFICATION	7		Rejected!	
GOBP_INTESTINAL_EPITHELIAL_CELL_DIFFERENTIATION	23		Rejected!	
GOBP_INTESTINAL_EPITHELIAL_CELL_DEVELOPMENT	14		Rejected!	
GOBP_CELL_FATE_COMMITMENT_INVOLVED_IN_PATTERN_SPECIFICATION	11		Rejected!	
GOBP_MULTICELLULAR_ORGANISMAL_IRON_ION_HOMEOSTASIS	9		Rejected!	
GOBP_CHONDROBLAST_DIFFERENTIATION	5		Rejected!	
GOBP_MAMMARY_GLAND_FORMATION	7		Rejected!	
GOBP_DICHOTOMOUS_SUBDIVISION_OF_AN_EPITHELIAL_TERMINAL_UNIT	9		Rejected!	
GOBP_LATERAL_SPROUTING_FROM_AN_EPITHELIUM	11		Rejected!	
GOBP_BRANCH_ELONGATION_OF_AN_EPITHELIUM	18		Rejected!	
GOBP_MAMMARY_GLAND_DUCT_MORPHOGENESIS	30		Rejected!	
GOBP_TUBE_LUMEN_CAVITATION	5		Rejected!	
GOBP_ADIPOSE_TISSUE_DEVELOPMENT	46	26		
GOBP_FAT_PAD_DEVELOPMENT	7		Rejected!	
GOBP_REGULATION_OF_CHROMOSOME_CONDENSATION	11		Rejected!	
GOBP_REGULATION_OF_VESICLE_MEDIATED_TRANSPORT	534	283		
GOBP_REGULATION_OF_ER_TO_GOLGI_VESICLE_MEDIATED_TRANSPORT	14		Rejected!	
GOBP_REGULATION_OF_MICROTUBULE_BASED_MOVEMENT	54		Rejected!	
GOBP_NEGATIVE_REGULATION_OF_TRANSCRIPTION_INITIATION_FROM_RNA_POLYMERASE_II_PROMOTER	5		Rejected!	
GOBP_MESENCHYMAL_EPITHELIAL_CELL_SIGNALING	7		Rejected!	
GOBP_MAMMARY_GLAND_EPITHELIAL_CELL_DIFFERENTIATION	18		Rejected!	
GOBP_EPITHELIAL_CELL_PROLIFERATION_INVOLVED_IN_SALIVARY_GLAND_MORPHOGENESIS	5		Rejected!	
GOBP_DICHOTOMOUS_SUBDIVISION_OF_TERMINAL_UNITS_INVOLVED_IN_SALIVARY_GLAND_BRANCHING	5		Rejected!	
GOBP_EMBRYONIC_PLACENTA_MORPHOGENESIS	27		Rejected!	
GOBP_BRANCHING_INVOLVED_IN_LABYRINTHINE_LAYER_MORPHOGENESIS	13		Rejected!	
GOBP_PLACENTA_BLOOD_VESSEL_DEVELOPMENT	32	15		
GOBP_URETERIC_BUD_FORMATION	6		Rejected!	
GOBP_URETERIC_BUD_ELONGATION	9		Rejected!	
GOBP_BRANCH_ELONGATION_INVOLVED_IN_URETERIC_BUD_BRANCHING	5		Rejected!	
GOBP_EPITHELIAL_MESENCHYMAL_CELL_SIGNALING	6		Rejected!	
GOBP_REGULATION_OF_PROSTATIC_BUD_FORMATION	6		Rejected!	
GOBP_REGULATION_OF_BRANCHING_INVOLVED_IN_PROSTATE_GLAND_MORPHOGENESIS	5		Rejected!	
GOBP_REGULATION_OF_MORPHOGENESIS_OF_A_BRANCHING_STRUCTURE	51		Rejected!	
GOBP_REGULATION_OF_BRANCHING_INVOLVED_IN_SALIVARY_GLAND_MORPHOGENESIS	8		Rejected!	
GOBP_REGULATION_OF_PHOSPHOLIPID_CATABOLIC_PROCESS	7		Rejected!	
GOBP_REGULATION_OF_RIBONUCLEASE_ACTIVITY	8		Rejected!	
GOBP_CELL_DIFFERENTIATION_INVOLVED_IN_EMBRYONIC_PLACENTA_DEVELOPMENT	26	16		
GOBP_TROPHOBLAST_GIANT_CELL_DIFFERENTIATION	15		Rejected!	
GOBP_CHORIO_ALLANTOIC_FUSION	7		Rejected!	
GOBP_LABYRINTHINE_LAYER_DEVELOPMENT	47	23		
GOBP_LABYRINTHINE_LAYER_MORPHOGENESIS	22		Rejected!	
GOBP_LABYRINTHINE_LAYER_BLOOD_VESSEL_DEVELOPMENT	20		Rejected!	
GOBP_CHORION_DEVELOPMENT	8		Rejected!	
GOBP_CHORIONIC_TROPHOBLAST_CELL_DIFFERENTIATION	5		Rejected!	
GOBP_INTESTINAL_EPITHELIAL_STRUCTURE_MAINTENANCE	7		Rejected!	
GOBP_PROSTATE_GLAND_GROWTH	12		Rejected!	
GOBP_EPITHELIAL_CELL_DIFFERENTIATION_INVOLVED_IN_PROSTATE_GLAND_DEVELOPMENT	10		Rejected!	
GOBP_MAMMARY_GLAND_BRANCHING_INVOLVED_IN_PREGNANCY	7		Rejected!	
GOBP_PARENTAL_BEHAVIOR	12		Rejected!	
GOBP_MAMMARY_GLAND_ALVEOLUS_DEVELOPMENT	19		Rejected!	
GOBP_REGULATION_OF_MAST_CELL_CHEMOTAXIS	8		Rejected!	
GOBP_POSITIVE_REGULATION_OF_MAST_CELL_CHEMOTAXIS	6		Rejected!	
GOBP_REGULATION_OF_RESPONSE_TO_CYTOKINE_STIMULUS	178	106		
GOBP_POSITIVE_REGULATION_OF_RESPONSE_TO_CYTOKINE_STIMULUS	64	46		
GOBP_NEGATIVE_REGULATION_OF_RESPONSE_TO_CYTOKINE_STIMULUS	92	39		
GOBP_REGULATION_OF_ANDROGEN_RECEPTOR_SIGNALING_PATHWAY	28	22		
GOBP_NEGATIVE_REGULATION_OF_ANDROGEN_RECEPTOR_SIGNALING_PATHWAY	15		Rejected!	
GOBP_EPITHELIAL_CELL_PROLIFERATION_INVOLVED_IN_PROSTATE_GLAND_DEVELOPMENT	10		Rejected!	
GOBP_NEGATIVE_REGULATION_OF_EPITHELIAL_CELL_PROLIFERATION_INVOLVED_IN_PROSTATE_GLAND_DEVELOPMENT	5		Rejected!	
GOBP_HAIR_FOLLICLE_PLACODE_FORMATION	5		Rejected!	
GOBP_CELL_FATE_COMMITMENT_INVOLVED_IN_FORMATION_OF_PRIMARY_GERM_LAYER	32		Rejected!	
GOBP_REGULATION_OF_CANONICAL_WNT_SIGNALING_PATHWAY	261	126		
GOBP_SMOOTHENED_SIGNALING_PATHWAY_INVOLVED_IN_DORSAL_VENTRAL_NEURAL_TUBE_PATTERNING	12		Rejected!	
GOBP_LYMPHATIC_ENDOTHELIAL_CELL_DIFFERENTIATION	8		Rejected!	
GOBP_BLOOD_VESSEL_ENDOTHELIAL_CELL_DIFFERENTIATION	11		Rejected!	
GOBP_ENDOTHELIAL_CELL_FATE_COMMITMENT	8		Rejected!	
GOBP_ARTERY_DEVELOPMENT	106	37		
GOBP_VENOUS_BLOOD_VESSEL_DEVELOPMENT	16		Rejected!	
GOBP_ARTERIAL_ENDOTHELIAL_CELL_DIFFERENTIATION	6		Rejected!	
GOBP_ESTABLISHMENT_OF_BLOOD_BRAIN_BARRIER	9		Rejected!	
GOBP_SEMICIRCULAR_CANAL_DEVELOPMENT	9		Rejected!	
GOBP_NEURAL_PLATE_PATTERN_SPECIFICATION	7		Rejected!	
GOBP_NEURAL_PLATE_REGIONALIZATION	5		Rejected!	
GOBP_EMBRYONIC_CAMERA_TYPE_EYE_FORMATION	11		Rejected!	
GOBP_POSITIVE_REGULATION_OF_MACROPHAGE_CYTOKINE_PRODUCTION	12		Rejected!	
GOBP_CARDIAC_CELL_FATE_COMMITMENT	15		Rejected!	
GOBP_HEART_FORMATION	32		Rejected!	
GOBP_MESENCHYMAL_CELL_PROLIFERATION_INVOLVED_IN_LUNG_DEVELOPMENT	5		Rejected!	
GOBP_CARDIAC_PACEMAKER_CELL_DIFFERENTIATION	10		Rejected!	
GOBP_SINOATRIAL_NODE_CELL_DIFFERENTIATION	6		Rejected!	
GOBP_CARDIAC_MUSCLE_CELL_FATE_COMMITMENT	11		Rejected!	
GOBP_SINOATRIAL_NODE_CELL_DEVELOPMENT	5		Rejected!	
GOBP_CARDIAC_VASCULAR_SMOOTH_MUSCLE_CELL_DIFFERENTIATION	10		Rejected!	
GOBP_ENDOCARDIAL_CELL_DIFFERENTIATION	6		Rejected!	
GOBP_REGULATION_OF_GENE_SILENCING_BY_RNA	50	37		
GOBP_EMBRYONIC_HEART_TUBE_LEFT_RIGHT_PATTERN_FORMATION	5		Rejected!	
GOBP_LEFT_RIGHT_PATTERN_FORMATION	22		Rejected!	
GOBP_CELL_MIGRATION_INVOLVED_IN_HEART_DEVELOPMENT	21		Rejected!	
GOBP_CORONARY_VASCULATURE_DEVELOPMENT	48	23		
GOBP_CORONARY_VASCULATURE_MORPHOGENESIS	19		Rejected!	
GOBP_ANGIOGENESIS_INVOLVED_IN_CORONARY_VASCULAR_MORPHOGENESIS	5		Rejected!	
GOBP_VASCULOGENESIS_INVOLVED_IN_CORONARY_VASCULAR_MORPHOGENESIS	5		Rejected!	
GOBP_CORONARY_ARTERY_MORPHOGENESIS	9		Rejected!	
GOBP_ENDOCRINE_HORMONE_SECRETION	49		Rejected!	
GOBP_KIDNEY_MORPHOGENESIS	94	25		
GOBP_DENDRITIC_SPINE_DEVELOPMENT	91	49		
GOBP_DENDRITIC_SPINE_MORPHOGENESIS	58	31		
GOBP_REGULATION_OF_DENDRITIC_SPINE_DEVELOPMENT	55	25		
GOBP_POSITIVE_REGULATION_OF_DENDRITIC_SPINE_DEVELOPMENT	36	18		
GOBP_NEGATIVE_REGULATION_OF_DENDRITIC_SPINE_DEVELOPMENT	13		Rejected!	
GOBP_REGULATION_OF_DENDRITIC_SPINE_MORPHOGENESIS	44	23		
GOBP_NEGATIVE_REGULATION_OF_DENDRITIC_SPINE_MORPHOGENESIS	7		Rejected!	
GOBP_POSITIVE_REGULATION_OF_DENDRITIC_SPINE_MORPHOGENESIS	19		Rejected!	
GOBP_PATTERN_SPECIFICATION_INVOLVED_IN_KIDNEY_DEVELOPMENT	9		Rejected!	
GOBP_CELL_DIFFERENTIATION_INVOLVED_IN_KIDNEY_DEVELOPMENT	58	17		
GOBP_HEPATICOBILIARY_SYSTEM_DEVELOPMENT	137	75		
GOBP_COMMON_BILE_DUCT_DEVELOPMENT	5		Rejected!	
GOBP_REGULATION_OF_MRNA_CATABOLIC_PROCESS	172	135		
GOBP_MEMBRANE_ORGANIZATION	817	480		
GOBP_MEMBRANE_FUSION	163	94		
GOBP_CARDIAC_MUSCLE_TISSUE_REGENERATION	8		Rejected!	
GOBP_ESTABLISHMENT_OF_ENDOTHELIAL_BARRIER	53	35		
GOBP_EYELID_DEVELOPMENT_IN_CAMERA_TYPE_EYE	13		Rejected!	
GOBP_REGULATION_OF_CARTILAGE_DEVELOPMENT	69	19		
GOBP_POSITIVE_REGULATION_OF_CARTILAGE_DEVELOPMENT	31		Rejected!	
GOBP_NEGATIVE_REGULATION_OF_CARTILAGE_DEVELOPMENT	29		Rejected!	
GOBP_UTERUS_MORPHOGENESIS	6		Rejected!	
GOBP_REGULATION_OF_WOUND_HEALING	133	42		
GOBP_VASCULAR_WOUND_HEALING	22		Rejected!	
GOBP_REGULATION_OF_VASCULAR_WOUND_HEALING	14		Rejected!	
GOBP_NEGATIVE_REGULATION_OF_VASCULAR_WOUND_HEALING	8		Rejected!	
GOBP_NEGATIVE_REGULATION_OF_WOUND_HEALING	76	18		
GOBP_REGULATION_OF_BRANCHING_INVOLVED_IN_LUNG_MORPHOGENESIS	6		Rejected!	
GOBP_REGULATION_OF_CELL_GROWTH_INVOLVED_IN_CARDIAC_MUSCLE_CELL_DEVELOPMENT	20		Rejected!	
GOBP_POSITIVE_REGULATION_OF_CELL_GROWTH_INVOLVED_IN_CARDIAC_MUSCLE_CELL_DEVELOPMENT	9		Rejected!	
GOBP_NEGATIVE_REGULATION_OF_CELL_GROWTH_INVOLVED_IN_CARDIAC_MUSCLE_CELL_DEVELOPMENT	12		Rejected!	
GOBP_SOMITE_DEVELOPMENT	84	30		
GOBP_MUSCLE_STRUCTURE_DEVELOPMENT	645	269		
GOBP_IRIS_MORPHOGENESIS	9		Rejected!	
GOBP_CHAPERONE_MEDIATED_PROTEIN_FOLDING	72	58		
GOBP_POSITIVE_REGULATION_OF_MYELOID_LEUKOCYTE_CYTOKINE_PRODUCTION_INVOLVED_IN_IMMUNE_RESPONSE	23	15		
GOBP_MYELOID_LEUKOCYTE_CYTOKINE_PRODUCTION	30	20		
GOBP_REGULATION_OF_HISTONE_H3_K27_METHYLATION	10		Rejected!	
GOBP_NEGATIVE_REGULATION_OF_HISTONE_H3_K27_METHYLATION	5		Rejected!	
GOBP_POSITIVE_REGULATION_OF_HISTONE_H3_K27_METHYLATION	6		Rejected!	
GOBP_REGULATION_OF_SEQUESTERING_OF_ZINC_ION	5		Rejected!	
GOBP_REGULATION_OF_PHOSPHOLIPID_TRANSLOCATION	6		Rejected!	
GOBP_POSITIVE_REGULATION_OF_PHOSPHOLIPID_TRANSLOCATION	5		Rejected!	
GOBP_REGULATION_OF_PROTEIN_TYROSINE_KINASE_ACTIVITY	90	49		
GOBP_POSITIVE_REGULATION_OF_PROTEIN_TYROSINE_KINASE_ACTIVITY	55	21		
GOBP_NEGATIVE_REGULATION_OF_PROTEIN_TYROSINE_KINASE_ACTIVITY	31	23		
GOBP_NEUROENDOCRINE_CELL_DIFFERENTIATION	9		Rejected!	
GOBP_REGULATION_OF_PROTEASOMAL_PROTEIN_CATABOLIC_PROCESS	190	145		
GOBP_LUNG_SECRETORY_CELL_DIFFERENTIATION	9		Rejected!	
GOBP_PULMONARY_ARTERY_MORPHOGENESIS	7		Rejected!	
GOBP_3_UTR_MEDIATED_MRNA_DESTABILIZATION	17		Rejected!	
GOBP_REGULATION_OF_INSULIN_SECRETION_INVOLVED_IN_CELLULAR_RESPONSE_TO_GLUCOSE_STIMULUS	50	26		
GOBP_NEGATIVE_REGULATION_OF_INSULIN_SECRETION_INVOLVED_IN_CELLULAR_RESPONSE_TO_GLUCOSE_STIMULUS	7		Rejected!	
GOBP_MAMMARY_GLAND_EPITHELIUM_DEVELOPMENT	68	36		
GOBP_REGULATION_OF_CHONDROCYTE_DEVELOPMENT	5		Rejected!	
GOBP_FUNGIFORM_PAPILLA_DEVELOPMENT	6		Rejected!	
GOBP_FUNGIFORM_PAPILLA_MORPHOGENESIS	5		Rejected!	
GOBP_REGULATION_OF_MESONEPHROS_DEVELOPMENT	5		Rejected!	
GOBP_ESTABLISHMENT_OR_MAINTENANCE_OF_BIPOLAR_CELL_POLARITY	52	24		
GOBP_RETINA_VASCULATURE_DEVELOPMENT_IN_CAMERA_TYPE_EYE	19		Rejected!	
GOBP_RETINA_VASCULATURE_MORPHOGENESIS_IN_CAMERA_TYPE_EYE	11		Rejected!	
GOBP_SMOOTH_MUSCLE_CELL_MATRIX_ADHESION	6		Rejected!	
GOBP_CORNEA_DEVELOPMENT_IN_CAMERA_TYPE_EYE	11		Rejected!	
GOBP_RETINAL_BLOOD_VESSEL_MORPHOGENESIS	6		Rejected!	
GOBP_CARDIAC_NEURAL_CREST_CELL_DIFFERENTIATION_INVOLVED_IN_HEART_DEVELOPMENT	16		Rejected!	
GOBP_CARDIAC_NEURAL_CREST_CELL_DEVELOPMENT_INVOLVED_IN_OUTFLOW_TRACT_MORPHOGENESIS	13		Rejected!	
GOBP_CELL_SURFACE_RECEPTOR_SIGNALING_PATHWAY_INVOLVED_IN_HEART_DEVELOPMENT	31		Rejected!	
GOBP_BMP_SIGNALING_PATHWAY_INVOLVED_IN_HEART_DEVELOPMENT	7		Rejected!	
GOBP_NOTCH_SIGNALING_INVOLVED_IN_HEART_DEVELOPMENT	11		Rejected!	
GOBP_CANONICAL_WNT_SIGNALING_PATHWAY_INVOLVED_IN_HEART_DEVELOPMENT	6		Rejected!	
GOBP_CANONICAL_WNT_SIGNALING_PATHWAY_INVOLVED_IN_CARDIAC_MUSCLE_CELL_FATE_COMMITMENT	5		Rejected!	
GOBP_CELL_PROLIFERATION_INVOLVED_IN_HEART_MORPHOGENESIS	21		Rejected!	
GOBP_RENAL_TUBULE_DEVELOPMENT	94	24		
GOBP_CARDIAC_CONDUCTION	99	30		
GOBP_ESTABLISHMENT_OR_MAINTENANCE_OF_MONOPOLAR_CELL_POLARITY	27		Rejected!	
GOBP_CELL_ADHESION_INVOLVED_IN_HEART_MORPHOGENESIS	5		Rejected!	
GOBP_NEURAL_PRECURSOR_CELL_PROLIFERATION	144	54		
GOBP_WNT_PROTEIN_SECRETION	5		Rejected!	
GOBP_POSITIVE_REGULATION_OF_TRIGLYCERIDE_LIPASE_ACTIVITY	11		Rejected!	
GOBP_TESTOSTERONE_BIOSYNTHETIC_PROCESS	7		Rejected!	
GOBP_TRABECULA_MORPHOGENESIS	46	19		
GOBP_HEART_TRABECULA_MORPHOGENESIS	31		Rejected!	
GOBP_REGULATION_OF_EXTENT_OF_CELL_GROWTH	108	47		
GOBP_REGULATION_OF_TRANSCRIPTION_FROM_RNA_POLYMERASE_II_PROMOTER_IN_RESPONSE_TO_HYPOXIA	13		Rejected!	
GOBP_POSITIVE_REGULATION_OF_TRANSCRIPTION_FROM_RNA_POLYMERASE_II_PROMOTER_IN_RESPONSE_TO_HYPOXIA	6		Rejected!	
GOBP_BONE_TRABECULA_MORPHOGENESIS	13		Rejected!	
GOBP_RENAL_SYSTEM_VASCULATURE_DEVELOPMENT	30		Rejected!	
GOBP_RENAL_SYSTEM_VASCULATURE_MORPHOGENESIS	8		Rejected!	
GOBP_CONNECTIVE_TISSUE_DEVELOPMENT	261	92		
GOBP_TROPHOBLAST_CELL_MIGRATION	17		Rejected!	
GOBP_REPRODUCTIVE_SYSTEM_DEVELOPMENT	437	188		
GOBP_PROTEIN_LOCALIZATION_TO_LYSOSOME	46	31		
GOBP_REGULATION_OF_TYPE_B_PANCREATIC_CELL_PROLIFERATION	12		Rejected!	
GOBP_T_FOLLICULAR_HELPER_CELL_DIFFERENTIATION	6		Rejected!	
GOBP_HEMATOPOIETIC_STEM_CELL_HOMEOSTASIS	20		Rejected!	
GOBP_CENTRIOLE_ELONGATION	8		Rejected!	
GOBP_PROTEIN_LOCALIZATION_TO_CILIUM	75	48		
GOBP_MYELOID_CELL_DEVELOPMENT	74	50		
GOBP_MACROPHAGE_PROLIFERATION	12		Rejected!	
GOBP_MICROGLIAL_CELL_PROLIFERATION	7		Rejected!	
GOBP_HINDGUT_DEVELOPMENT	8		Rejected!	
GOBP_GLUTAMATE_SECRETION_NEUROTRANSMISSION	5		Rejected!	
GOBP_GANGLION_DEVELOPMENT	17		Rejected!	
GOBP_SYMPATHETIC_GANGLION_DEVELOPMENT	9		Rejected!	
GOBP_CRANIAL_GANGLION_DEVELOPMENT	6		Rejected!	
GOBP_TRIGEMINAL_GANGLION_DEVELOPMENT	5		Rejected!	
GOBP_AXON_DEVELOPMENT	479	187		
GOBP_ACTIN_FILAMENT_BUNDLE_ORGANIZATION	164	86		
GOBP_CALCIUM_ION_TRANSMEMBRANE_TRANSPORT_VIA_HIGH_VOLTAGE_GATED_CALCIUM_CHANNEL	17		Rejected!	
GOBP_CALCIUM_ACTIVATED_PHOSPHOLIPID_SCRAMBLING	5		Rejected!	
GOBP_GLYCOLYTIC_PROCESS_THROUGH_FRUCTOSE_6_PHOSPHATE	14		Rejected!	
GOBP_PHARYNGEAL_ARCH_ARTERY_MORPHOGENESIS	10		Rejected!	
GOBP_REGULATION_OF_PROTEIN_COMPLEX_STABILITY	11		Rejected!	
GOBP_CYTOSKELETON_DEPENDENT_CYTOKINESIS	100	65		
GOBP_CENP_A_CONTAINING_CHROMATIN_ORGANIZATION	7		Rejected!	
GOBP_CHEMOREPULSION_OF_AXON	6		Rejected!	
GOBP_HISTONE_H3_K9_MODIFICATION	53	41		
GOBP_MITOCHONDRIAL_RIBOSOME_ASSEMBLY	7		Rejected!	
GOBP_SPONTANEOUS_NEUROTRANSMITTER_SECRETION	7		Rejected!	
GOBP_CHAPERONE_MEDIATED_AUTOPHAGY	16		Rejected!	
GOBP_RETICULOPHAGY	14		Rejected!	
GOBP_LIPOPHAGY	7		Rejected!	
GOBP_MITOCHONDRIAL_ACETYL_COA_BIOSYNTHETIC_PROCESS_FROM_PYRUVATE	5		Rejected!	
GOBP_PARKIN_MEDIATED_STIMULATION_OF_MITOPHAGY_IN_RESPONSE_TO_MITOCHONDRIAL_DEPOLARIZATION	5		Rejected!	
GOBP_LEUKOTRIENE_SIGNALING_PATHWAY	5		Rejected!	
GOBP_MOTOR_LEARNING	8		Rejected!	
GOBP_MOTOR_BEHAVIOR	13		Rejected!	
GOBP_LEUKOCYTE_ADHESION_TO_VASCULAR_ENDOTHELIAL_CELL	56	29		
GOBP_LEUKOCYTE_ADHESION_TO_ARTERIAL_ENDOTHELIAL_CELL	6		Rejected!	
GOBP_ANTIFUNGAL_INNATE_IMMUNE_RESPONSE	21		Rejected!	
GOBP_ENDOPLASMIC_RETICULUM_PLASMA_MEMBRANE_TETHERING	6		Rejected!	
GOBP_TELOMERIC_D_LOOP_DISASSEMBLY	9		Rejected!	
GOBP_MICROTUBULE_ORGANIZING_CENTER_LOCALIZATION	33	26		
GOBP_ANTIMICROBIAL_HUMORAL_IMMUNE_RESPONSE_MEDIATED_BY_ANTIMICROBIAL_PEPTIDE	79		Rejected!	
GOBP_REGULATION_OF_ASTROCYTE_ACTIVATION	8		Rejected!	
GOBP_NEGATIVE_REGULATION_OF_ASTROCYTE_ACTIVATION	5		Rejected!	
GOBP_AUTOPHAGOSOME_LYSOSOME_FUSION	8		Rejected!	
GOBP_SELECTIVE_AUTOPHAGY	77	60		
GOBP_PROCESS_UTILIZING_AUTOPHAGIC_MECHANISM	543	403		
GOBP_REGULATION_OF_PROTEIN_K48_LINKED_UBIQUITINATION	5		Rejected!	
GOBP_ESTABLISHMENT_OF_PROTEIN_LOCALIZATION_TO_PLASMA_MEMBRANE	63	45		
GOBP_MIDBODY_ABSCISSION	17	15		
GOBP_ESTABLISHMENT_OF_LEFT_RIGHT_ASYMMETRY	5		Rejected!	
GOBP_MEIOSIS_I_CELL_CYCLE_PROCESS	136	69		
GOBP_MEIOSIS_II_CELL_CYCLE_PROCESS	11		Rejected!	
GOBP_SECONDARY_PALATE_DEVELOPMENT	26		Rejected!	
GOBP_REGULATION_OF_SMALL_MOLECULE_METABOLIC_PROCESS	342	176		
GOBP_POSITIVE_REGULATION_OF_SMALL_MOLECULE_METABOLIC_PROCESS	145	60		
GOBP_NEGATIVE_REGULATION_OF_SMALL_MOLECULE_METABOLIC_PROCESS	102	48		
GOBP_REGULATION_OF_STRESS_GRANULE_ASSEMBLY	5		Rejected!	
GOBP_REGULATION_OF_CARDIAC_EPITHELIAL_TO_MESENCHYMAL_TRANSITION	11		Rejected!	
GOBP_POSITIVE_REGULATION_OF_CARDIAC_EPITHELIAL_TO_MESENCHYMAL_TRANSITION	8		Rejected!	
GOBP_STOMACH_DEVELOPMENT	5		Rejected!	
GOBP_REGULATION_OF_PROGRAMMED_NECROTIC_CELL_DEATH	31	18		
GOBP_NEGATIVE_REGULATION_OF_PROGRAMMED_NECROTIC_CELL_DEATH	20		Rejected!	
GOBP_POSITIVE_REGULATION_OF_PROGRAMMED_NECROTIC_CELL_DEATH	7		Rejected!	
GOBP_REGULATION_OF_MITOCHONDRIAL_GENE_EXPRESSION	28	25		
GOBP_DETECTION_OF_STIMULUS_INVOLVED_IN_SENSORY_PERCEPTION_OF_PAIN	25		Rejected!	
GOBP_R_LOOP_DISASSEMBLY	5		Rejected!	
GOBP_CELLULAR_RESPONSE_TO_CHEMICAL_STRESS	334	206		
GOBP_REGULATION_OF_PATTERN_RECOGNITION_RECEPTOR_SIGNALING_PATHWAY	107	69		
GOBP_POSITIVE_REGULATION_OF_PATTERN_RECOGNITION_RECEPTOR_SIGNALING_PATHWAY	44	31		
GOBP_PROTEIN_LOCALIZATION_TO_POSTSYNAPSE	36	17		
GOBP_INTRACELLULAR_PROTEIN_TRANSMEMBRANE_TRANSPORT	52	45		
GOBP_PROTEIN_DNA_COMPLEX_ASSEMBLY	202	102		
GOBP_PROTEIN_LIPID_COMPLEX_ASSEMBLY	29	17		
GOBP_NEURON_CELLULAR_HOMEOSTASIS	33		Rejected!	
GOBP_INTRINSIC_APOPTOTIC_SIGNALING_PATHWAY_IN_RESPONSE_TO_ENDOPLASMIC_RETICULUM_STRESS	63	46		
GOBP_PROTON_TRANSPORTING_V_TYPE_ATPASE_COMPLEX_ASSEMBLY	8		Rejected!	
GOBP_PROTON_TRANSPORTING_TWO_SECTOR_ATPASE_COMPLEX_ASSEMBLY	16		Rejected!	
GOBP_VACUOLAR_PROTON_TRANSPORTING_V_TYPE_ATPASE_COMPLEX_ASSEMBLY	6		Rejected!	
GOBP_HISTONE_LYSINE_DEMETHYLATION	28	22		
GOBP_GLYCOSYLATION	247	168		
GOBP_UBIQUITIN_DEPENDENT_ENDOCYTOSIS	5		Rejected!	
GOBP_REGULATION_OF_GLUCAGON_SECRETION	10		Rejected!	
GOBP_REGULATION_OF_CHEMOKINE_MEDIATED_SIGNALING_PATHWAY	10		Rejected!	
GOBP_NEGATIVE_REGULATION_OF_CHEMOKINE_MEDIATED_SIGNALING_PATHWAY	7		Rejected!	
GOBP_INTERLEUKIN_6_MEDIATED_SIGNALING_PATHWAY	26		Rejected!	
GOBP_REGULATION_OF_INTERLEUKIN_6_MEDIATED_SIGNALING_PATHWAY	12		Rejected!	
GOBP_NEGATIVE_REGULATION_OF_INTERLEUKIN_6_MEDIATED_SIGNALING_PATHWAY	9		Rejected!	
GOBP_INTERLEUKIN_27_MEDIATED_SIGNALING_PATHWAY	7		Rejected!	
GOBP_CILIARY_NEUROTROPHIC_FACTOR_MEDIATED_SIGNALING_PATHWAY	5		Rejected!	
GOBP_MITOCHONDRIAL_TRANSLATIONAL_ELONGATION	5		Rejected!	
GOBP_TRNA_AMINOACYLATION_FOR_MITOCHONDRIAL_PROTEIN_TRANSLATION	8		Rejected!	
GOBP_POSITIVE_REGULATION_OF_MITOCHONDRIAL_TRANSLATION	15		Rejected!	
GOBP_RESPONSE_TO_UV_A	14		Rejected!	
GOBP_SYNAPTIC_VESICLE_BUDDING	6		Rejected!	
GOBP_REGULATION_OF_ADIPONECTIN_SECRETION	7		Rejected!	
GOBP_ENAMEL_MINERALIZATION	20		Rejected!	
GOBP_REGULATION_OF_TOOTH_MINERALIZATION	12		Rejected!	
GOBP_POSITIVE_REGULATION_OF_TOOTH_MINERALIZATION	8		Rejected!	
GOBP_REGULATION_OF_ENAMEL_MINERALIZATION	7		Rejected!	
GOBP_POSITIVE_REGULATION_OF_ENAMEL_MINERALIZATION	5		Rejected!	
GOBP_KYNURENINE_METABOLIC_PROCESS	11		Rejected!	
GOBP_CHROMOSOME_ORGANIZATION_INVOLVED_IN_MEIOTIC_CELL_CYCLE	72	37		
GOBP_SYNAPTONEMAL_COMPLEX_ORGANIZATION	26		Rejected!	
GOBP_PROTEIN_LOCALIZATION_TO_CHROMOSOME_TELOMERIC_REGION	30	27		
GOBP_ESTABLISHMENT_OF_PROTEIN_LOCALIZATION_TO_CHROMOSOME	26	20		
GOBP_ESTABLISHMENT_OF_PROTEIN_LOCALIZATION_TO_TELOMERE	17	15		
GOBP_REGULATION_OF_ESTABLISHMENT_OF_PROTEIN_LOCALIZATION	519	322		
GOBP_REGULATION_OF_ESTABLISHMENT_OF_PROTEIN_LOCALIZATION_TO_CHROMOSOME	12		Rejected!	
GOBP_PROTEIN_TRIMERIZATION	17		Rejected!	
GOBP_PROTEIN_POLY_ADP_RIBOSYLATION	10		Rejected!	
GOBP_PROTEIN_AUTO_ADP_RIBOSYLATION	12		Rejected!	
GOBP_LYMPHOCYTE_APOPTOTIC_PROCESS	75	55		
GOBP_REGULATION_OF_LYMPHOCYTE_APOPTOTIC_PROCESS	57	40		
GOBP_NEGATIVE_REGULATION_OF_LYMPHOCYTE_APOPTOTIC_PROCESS	33	25		
GOBP_POSITIVE_REGULATION_OF_LYMPHOCYTE_APOPTOTIC_PROCESS	17		Rejected!	
GOBP_T_CELL_APOPTOTIC_PROCESS	50	34		
GOBP_REGULATION_OF_T_CELL_APOPTOTIC_PROCESS	34	21		
GOBP_NEGATIVE_REGULATION_OF_T_CELL_APOPTOTIC_PROCESS	20		Rejected!	
GOBP_POSITIVE_REGULATION_OF_T_CELL_APOPTOTIC_PROCESS	13		Rejected!	
GOBP_THYMOCYTE_APOPTOTIC_PROCESS	16		Rejected!	
GOBP_REGULATION_OF_THYMOCYTE_APOPTOTIC_PROCESS	11		Rejected!	
GOBP_NEGATIVE_REGULATION_OF_THYMOCYTE_APOPTOTIC_PROCESS	7		Rejected!	
GOBP_ACTIN_MEDIATED_CELL_CONTRACTION	103	33		
GOBP_MUCUS_SECRETION	14		Rejected!	
GOBP_REGULATION_OF_MUCUS_SECRETION	8		Rejected!	
GOBP_POSITIVE_REGULATION_OF_MUCUS_SECRETION	5		Rejected!	
GOBP_PEPTIDYL_SERINE_DEPHOSPHORYLATION	19	17		
GOBP_NECROTIC_CELL_DEATH	67	39		
GOBP_CORNIFICATION	9		Rejected!	
GOBP_PYROPTOSIS	22		Rejected!	
GOBP_EXTRACELLULAR_MATRIX_CONSTITUENT_SECRETION	14		Rejected!	
GOBP_AXONEMAL_DYNEIN_COMPLEX_ASSEMBLY	38		Rejected!	
GOBP_N_ACYLETHANOLAMINE_METABOLIC_PROCESS	5		Rejected!	
GOBP_N_ACYLPHOSPHATIDYLETHANOLAMINE_METABOLIC_PROCESS	9		Rejected!	
GOBP_RENAL_ABSORPTION	20		Rejected!	
GOBP_RENAL_SODIUM_ION_ABSORPTION	8		Rejected!	
GOBP_SARCOPLASMIC_RETICULUM_CALCIUM_ION_TRANSPORT	42		Rejected!	
GOBP_CELLULAR_RESPONSE_TO_HYDROGEN_PEROXIDE	90	51		
GOBP_REGULATION_OF_STRESS_ACTIVATED_PROTEIN_KINASE_SIGNALING_CASCADE	203	119		
GOBP_NEGATIVE_REGULATION_OF_STRESS_ACTIVATED_PROTEIN_KINASE_SIGNALING_CASCADE	50	31		
GOBP_POSITIVE_REGULATION_OF_STRESS_ACTIVATED_PROTEIN_KINASE_SIGNALING_CASCADE	133	74		
GOBP_RESPONSE_TO_CGMP	7		Rejected!	
GOBP_LENS_FIBER_CELL_DIFFERENTIATION	37	16		
GOBP_LENS_FIBER_CELL_DEVELOPMENT	14		Rejected!	
GOBP_LENS_FIBER_CELL_MORPHOGENESIS	6		Rejected!	
GOBP_G1_TO_G0_TRANSITION	20		Rejected!	
GOBP_G1_TO_G0_TRANSITION_INVOLVED_IN_CELL_DIFFERENTIATION	6		Rejected!	
GOBP_REGULATION_OF_G0_TO_G1_TRANSITION	15		Rejected!	
GOBP_NEGATIVE_REGULATION_OF_G0_TO_G1_TRANSITION	8		Rejected!	
GOBP_POSITIVE_REGULATION_OF_G0_TO_G1_TRANSITION	6		Rejected!	
GOBP_THYROID_HORMONE_TRANSPORT	10		Rejected!	
GOBP_FAT_CELL_PROLIFERATION	12		Rejected!	
GOBP_REGULATION_OF_FAT_CELL_PROLIFERATION	10		Rejected!	
GOBP_NEGATIVE_REGULATION_OF_FAT_CELL_PROLIFERATION	6		Rejected!	
GOBP_ACTIN_POLYMERIZATION_DEPENDENT_CELL_MOTILITY	7		Rejected!	
GOBP_HEPATOCYTE_DIFFERENTIATION	15		Rejected!	
GOBP_ERK1_AND_ERK2_CASCADE	341	134		
GOBP_NEGATIVE_REGULATION_OF_ERK1_AND_ERK2_CASCADE	77	36		
GOBP_POSITIVE_REGULATION_OF_ERK1_AND_ERK2_CASCADE	223	78		
GOBP_DNA_CYTOSINE_DEAMINATION	9		Rejected!	
GOBP_RESPONSE_TO_LIPOTEICHOIC_ACID	10		Rejected!	
GOBP_CELLULAR_RESPONSE_TO_COLD	12		Rejected!	
GOBP_REGULATION_OF_NUCLEOTIDE_BINDING_OLIGOMERIZATION_DOMAIN_CONTAINING_SIGNALING_PATHWAY	13		Rejected!	
GOBP_POSITIVE_REGULATION_OF_NUCLEOTIDE_BINDING_OLIGOMERIZATION_DOMAIN_CONTAINING_SIGNALING_PATHWAY	6		Rejected!	
GOBP_NUCLEOTIDE_BINDING_OLIGOMERIZATION_DOMAIN_CONTAINING_1_SIGNALING_PATHWAY	6		Rejected!	
GOBP_NUCLEOTIDE_BINDING_OLIGOMERIZATION_DOMAIN_CONTAINING_2_SIGNALING_PATHWAY	16		Rejected!	
GOBP_REGULATION_OF_NUCLEOTIDE_BINDING_OLIGOMERIZATION_DOMAIN_CONTAINING_2_SIGNALING_PATHWAY	8		Rejected!	
GOBP_POSITIVE_REGULATION_OF_NUCLEOTIDE_BINDING_OLIGOMERIZATION_DOMAIN_CONTAINING_2_SIGNALING_PATHWAY	5		Rejected!	
GOBP_OLIGODENDROCYTE_PROGENITOR_PROLIFERATION	7		Rejected!	
GOBP_PROLACTIN_SECRETION	5		Rejected!	
GOBP_UTERINE_SMOOTH_MUSCLE_CONTRACTION	11		Rejected!	
GOBP_POSITIVE_REGULATION_OF_UTERINE_SMOOTH_MUSCLE_CONTRACTION	8		Rejected!	
GOBP_RRNA_BASE_METHYLATION	11		Rejected!	
GOBP_RESPONSE_TO_OXYGEN_LEVELS	320	189		
GOBP_LEUKOCYTE_AGGREGATION	13		Rejected!	
GOBP_MONOCYTE_AGGREGATION	5		Rejected!	
GOBP_THROMBIN_ACTIVATED_RECEPTOR_SIGNALING_PATHWAY	12		Rejected!	
GOBP_INTERLEUKIN_1_MEDIATED_SIGNALING_PATHWAY	30	20		
GOBP_REGULATION_OF_MICROTUBULE_CYTOSKELETON_ORGANIZATION	153	105		
GOBP_CALCIUM_ION_IMPORT	91	31		
GOBP_TRNA_THREONYLCARBAMOYLADENOSINE_METABOLIC_PROCESS	17		Rejected!	
GOBP_PLATELET_AGGREGATION	70	40		
GOBP_PROTEIN_KINASE_C_SIGNALING	32		Rejected!	
GOBP_PROTEIN_K63_LINKED_UBIQUITINATION	58	45		
GOBP_HISTONE_H2A_K63_LINKED_UBIQUITINATION	6		Rejected!	
GOBP_PROTEIN_K63_LINKED_DEUBIQUITINATION	35	26		
GOBP_RESPONSE_TO_FATTY_ACID	63	24		
GOBP_HISTONE_H3_K36_DEMETHYLATION	10		Rejected!	
GOBP_RESPONSE_TO_INTERLEUKIN_1	140	59		
GOBP_VITAMIN_D_RECEPTOR_SIGNALING_PATHWAY	11		Rejected!	
GOBP_REGULATION_OF_VITAMIN_D_RECEPTOR_SIGNALING_PATHWAY	9		Rejected!	
GOBP_POSITIVE_REGULATION_OF_VITAMIN_D_RECEPTOR_SIGNALING_PATHWAY	5		Rejected!	
GOBP_REGULATION_OF_NEURON_PROJECTION_REGENERATION	32	16		
GOBP_NEGATIVE_REGULATION_OF_NEURON_PROJECTION_REGENERATION	15		Rejected!	
GOBP_POSITIVE_REGULATION_OF_NEURON_PROJECTION_REGENERATION	13		Rejected!	
GOBP_CADMIUM_ION_TRANSMEMBRANE_TRANSPORT	5		Rejected!	
GOBP_MITOCHONDRION_MORPHOGENESIS	20	15		
GOBP_PROTEIN_LOCALIZATION_TO_MITOCHONDRION	125	103		
GOBP_CELL_CELL_ADHESION_INVOLVED_IN_GASTRULATION	12		Rejected!	
GOBP_CALCIUM_ION_TRANSMEMBRANE_TRANSPORT	313	124		
GOBP_DENDRITE_SELF_AVOIDANCE	17		Rejected!	
GOBP_CENTROMERIC_SISTER_CHROMATID_COHESION	12		Rejected!	
GOBP_TRANSEPITHELIAL_TRANSPORT	33		Rejected!	
GOBP_VITAMIN_D3_METABOLIC_PROCESS	6		Rejected!	
GOBP_PROTEIN_MODIFICATION_BY_SMALL_PROTEIN_REMOVAL	175	123		
GOBP_PROTEIN_MODIFICATION_BY_SMALL_PROTEIN_CONJUGATION_OR_REMOVAL	1026		Rejected!	
GOBP_LEUKOCYTE_PROLIFERATION	331	167		
GOBP_MAST_CELL_PROLIFERATION	5		Rejected!	
GOBP_REGULATION_OF_LEUKOCYTE_PROLIFERATION	254	129		
GOBP_NEGATIVE_REGULATION_OF_LEUKOCYTE_PROLIFERATION	91	39		
GOBP_POSITIVE_REGULATION_OF_LEUKOCYTE_PROLIFERATION	158	86		
GOBP_RESPONSE_TO_INTERLEUKIN_2	8		Rejected!	
GOBP_RESPONSE_TO_INTERLEUKIN_4	34	24		
GOBP_RESPONSE_TO_INTERLEUKIN_12	7		Rejected!	
GOBP_RESPONSE_TO_INTERLEUKIN_15	8		Rejected!	
GOBP_RESPONSE_TO_INTERLEUKIN_18	8		Rejected!	
GOBP_RESPONSE_TO_CHOLESTEROL	28	16		
GOBP_CELLULAR_MACROMOLECULE_LOCALIZATION	1683		Rejected!	
GOBP_HISTONE_H3_K27_METHYLATION	19		Rejected!	
GOBP_RESPONSE_TO_INTERLEUKIN_6	46	18		
GOBP_L_ASPARTATE_TRANSMEMBRANE_TRANSPORT	11		Rejected!	
GOBP_D_ASPARTATE_IMPORT_ACROSS_PLASMA_MEMBRANE	5		Rejected!	
GOBP_PHOSPHATIDYLSERINE_EXPOSURE_ON_APOPTOTIC_CELL_SURFACE	9		Rejected!	
GOBP_HYDROGEN_SULFIDE_METABOLIC_PROCESS	8		Rejected!	
GOBP_HYDROGEN_SULFIDE_BIOSYNTHETIC_PROCESS	6		Rejected!	
GOBP_PHOSPHORYLATION_OF_RNA_POLYMERASE_II_C_TERMINAL_DOMAIN	13		Rejected!	
GOBP_HETEROCHROMATIN_ORGANIZATION	81	56		
GOBP_BASEMENT_MEMBRANE_ASSEMBLY	15		Rejected!	
GOBP_CAVEOLA_ASSEMBLY	5		Rejected!	
GOBP_DEHYDROASCORBIC_ACID_TRANSPORT	8		Rejected!	
GOBP_METAL_ION_EXPORT	52	22		
GOBP_INCLUSION_BODY_ASSEMBLY	24	18		
GOBP_AGGRESOME_ASSEMBLY	6		Rejected!	
GOBP_RESPONSE_TO_GROWTH_FACTOR	719	304		
GOBP_RESPONSE_TO_EPIDERMAL_GROWTH_FACTOR	47	29		
GOBP_REGULATION_OF_BILE_ACID_BIOSYNTHETIC_PROCESS	12		Rejected!	
GOBP_REGULATION_OF_PROTEIN_EXIT_FROM_ENDOPLASMIC_RETICULUM	26	19		
GOBP_NEGATIVE_REGULATION_OF_PROTEIN_EXIT_FROM_ENDOPLASMIC_RETICULUM	10		Rejected!	
GOBP_POSITIVE_REGULATION_OF_PROTEIN_EXIT_FROM_ENDOPLASMIC_RETICULUM	14		Rejected!	
GOBP_REGULATION_OF_GLYCOGEN_METABOLIC_PROCESS	37	19		
GOBP_NEGATIVE_REGULATION_OF_GLYCOGEN_METABOLIC_PROCESS	10		Rejected!	
GOBP_POSITIVE_REGULATION_OF_GLYCOGEN_METABOLIC_PROCESS	16		Rejected!	
GOBP_TRANSCRIPTION_PREINITIATION_COMPLEX_ASSEMBLY	42	35		
GOBP_UV_DAMAGE_EXCISION_REPAIR	14		Rejected!	
GOBP_REGULATION_OF_PRODUCTION_OF_SMALL_RNA_INVOLVED_IN_GENE_SILENCING_BY_RNA	23	16		
GOBP_SMALL_RNA_LOADING_ONTO_RISC	10		Rejected!	
GOBP_ORGANELLE_ASSEMBLY	940		Rejected!	
GOBP_HISTONE_H3_DEACETYLATION	17	16		
GOBP_HISTONE_H4_DEACETYLATION	9		Rejected!	
GOBP_CRD_MEDIATED_MRNA_STABILIZATION	9		Rejected!	
GOBP_3_UTR_MEDIATED_MRNA_STABILIZATION	24		Rejected!	
GOBP_PROTEIN_K48_LINKED_UBIQUITINATION	67	58		
GOBP_DEPHOSPHORYLATION_OF_RNA_POLYMERASE_II_C_TERMINAL_DOMAIN	5		Rejected!	
GOBP_NEUTROPHIL_MEDIATED_CYTOTOXICITY	14		Rejected!	
GOBP_NEUTROPHIL_MEDIATED_KILLING_OF_SYMBIONT_CELL	12		Rejected!	
GOBP_NEUTROPHIL_MEDIATED_KILLING_OF_GRAM_NEGATIVE_BACTERIUM	6		Rejected!	
GOBP_REGULATION_OF_NEUTROPHIL_MEDIATED_CYTOTOXICITY	5		Rejected!	
GOBP_PROTEIN_LOCALIZATION_TO_ENDOPLASMIC_RETICULUM	75	53		
GOBP_PROTEIN_LOCALIZATION_TO_ENDOPLASMIC_RETICULUM_EXIT_SITE	8		Rejected!	
GOBP_BONE_MATURATION	28		Rejected!	
GOBP_PROTEIN_K11_LINKED_UBIQUITINATION	30	26		
GOBP_LEFT_RIGHT_AXIS_SPECIFICATION	14		Rejected!	
GOBP_ERROR_FREE_TRANSLESION_SYNTHESIS	5		Rejected!	
GOBP_DEMETHYLATION	74	47		
GOBP_OXIDATIVE_DEMETHYLATION	19		Rejected!	
GOBP_NADPH_OXIDATION	5		Rejected!	
GOBP_NEURON_DEATH	352	206		
GOBP_RNA_SURVEILLANCE	15	15		
GOBP_NUCLEAR_NCRNA_SURVEILLANCE	6		Rejected!	
GOBP_HISTONE_MRNA_CATABOLIC_PROCESS	15		Rejected!	
GOBP_POLYADENYLATION_DEPENDENT_SNORNA_3_END_PROCESSING	7		Rejected!	
GOBP_REGULATION_OF_PHOSPHOLIPID_BIOSYNTHETIC_PROCESS	18		Rejected!	
GOBP_POSITIVE_REGULATION_OF_PHOSPHOLIPID_BIOSYNTHETIC_PROCESS	10		Rejected!	
GOBP_RNA_3_URIDYLATION	5		Rejected!	
GOBP_DNA_CONFORMATION_CHANGE	352	222		
GOBP_RESPONSE_TO_PARATHYROID_HORMONE	10		Rejected!	
GOBP_PROTEIN_K48_LINKED_DEUBIQUITINATION	36	24		
GOBP_RESOLUTION_OF_RECOMBINATION_INTERMEDIATES	6		Rejected!	
GOBP_RIBONUCLEOPROTEIN_COMPLEX_LOCALIZATION	8		Rejected!	
GOBP_PROTEIN_LOCALIZATION_TO_CHROMATIN	32	23		
GOBP_ESTABLISHMENT_OF_PROTEIN_LOCALIZATION_TO_CHROMATIN	8		Rejected!	
GOBP_CELLULAR_RESPONSE_TO_ABIOTIC_STIMULUS	325	192		
GOBP_CELLULAR_RESPONSE_TO_BIOTIC_STIMULUS	256	128		
GOBP_CELLULAR_RESPONSE_TO_MOLECULE_OF_BACTERIAL_ORIGIN	229	107		
GOBP_CELLULAR_RESPONSE_TO_BACTERIAL_LIPOPROTEIN	9		Rejected!	
GOBP_CELLULAR_RESPONSE_TO_PEPTIDOGLYCAN	6		Rejected!	
GOBP_CELLULAR_RESPONSE_TO_MURAMYL_DIPEPTIDE	9		Rejected!	
GOBP_CELLULAR_RESPONSE_TO_ACID_CHEMICAL	85	45		
GOBP_CELLULAR_RESPONSE_TO_LEUCINE	10		Rejected!	
GOBP_CELLULAR_RESPONSE_TO_ANTIBIOTIC	14		Rejected!	
GOBP_CELLULAR_RESPONSE_TO_INORGANIC_SUBSTANCE	220	104		
GOBP_CELLULAR_RESPONSE_TO_AMMONIUM_ION	5		Rejected!	
GOBP_CELLULAR_RESPONSE_TO_ARSENIC_CONTAINING_SUBSTANCE	21	19		
GOBP_CELLULAR_RESPONSE_TO_ELECTRICAL_STIMULUS	11		Rejected!	
GOBP_CELLULAR_RESPONSE_TO_MECHANICAL_STIMULUS	70	41		
GOBP_CELLULAR_RESPONSE_TO_CADMIUM_ION	37	18		
GOBP_CELLULAR_RESPONSE_TO_CALCIUM_ION	83	37		
GOBP_CELLULAR_RESPONSE_TO_COPPER_ION	27		Rejected!	
GOBP_CELLULAR_RESPONSE_TO_IRON_ION	9		Rejected!	
GOBP_CELLULAR_RESPONSE_TO_LITHIUM_ION	12		Rejected!	
GOBP_CELLULAR_RESPONSE_TO_MAGNESIUM_ION	7		Rejected!	
GOBP_CELLULAR_RESPONSE_TO_MANGANESE_ION	13		Rejected!	
GOBP_CELLULAR_RESPONSE_TO_ZINC_ION	24		Rejected!	
GOBP_CELLULAR_RESPONSE_TO_VITAMIN	31		Rejected!	
GOBP_CELLULAR_RESPONSE_TO_RETINOIC_ACID	67	21		
GOBP_CELLULAR_RESPONSE_TO_VITAMIN_D	22		Rejected!	
GOBP_CELLULAR_RESPONSE_TO_ALKALOID	36	17		
GOBP_CELLULAR_RESPONSE_TO_CAFFEINE	10		Rejected!	
GOBP_CELLULAR_RESPONSE_TO_COCAINE	8		Rejected!	
GOBP_CELLULAR_RESPONSE_TO_NICOTINE	7		Rejected!	
GOBP_CELLULAR_RESPONSE_TO_ATP	18		Rejected!	
GOBP_CELLULAR_RESPONSE_TO_CAMP	54	22		
GOBP_CELLULAR_RESPONSE_TO_CARBOHYDRATE_STIMULUS	148	73		
GOBP_SKELETAL_MUSCLE_ACETYLCHOLINE_GATED_CHANNEL_CLUSTERING	10		Rejected!	
GOBP_CELLULAR_RESPONSE_TO_INTERFERON_GAMMA	117	61		
GOBP_CELLULAR_RESPONSE_TO_INTERLEUKIN_1	110	44		
GOBP_CELLULAR_RESPONSE_TO_DSRNA	23	16		
GOBP_CELLULAR_RESPONSE_TO_EXOGENOUS_DSRNA	18		Rejected!	
GOBP_CELLULAR_RESPONSE_TO_ETHANOL	13		Rejected!	
GOBP_CELLULAR_RESPONSE_TO_ETHER	6		Rejected!	
GOBP_CELLULAR_RESPONSE_TO_GONADOTROPIN_STIMULUS	20		Rejected!	
GOBP_CELLULAR_RESPONSE_TO_FOLLICLE_STIMULATING_HORMONE_STIMULUS	12		Rejected!	
GOBP_CELLULAR_RESPONSE_TO_PARATHYROID_HORMONE_STIMULUS	7		Rejected!	
GOBP_CELLULAR_RESPONSE_TO_PEPTIDE_HORMONE_STIMULUS	294	164		
GOBP_CELLULAR_RESPONSE_TO_GLUCAGON_STIMULUS	11		Rejected!	
GOBP_CELLULAR_RESPONSE_TO_GROWTH_HORMONE_STIMULUS	24		Rejected!	
GOBP_CELLULAR_RESPONSE_TO_PROSTAGLANDIN_STIMULUS	20		Rejected!	
GOBP_CELLULAR_RESPONSE_TO_PROSTAGLANDIN_E_STIMULUS	15		Rejected!	
GOBP_CELLULAR_RESPONSE_TO_STEROID_HORMONE_STIMULUS	203	126		
GOBP_CELLULAR_RESPONSE_TO_CORTICOSTEROID_STIMULUS	59	30		
GOBP_CELLULAR_RESPONSE_TO_MINERALOCORTICOID_STIMULUS	10		Rejected!	
GOBP_CELLULAR_RESPONSE_TO_ESTROGEN_STIMULUS	16		Rejected!	
GOBP_CELLULAR_RESPONSE_TO_ESTRADIOL_STIMULUS	40	20		
GOBP_CELLULAR_RESPONSE_TO_PROGESTERONE_STIMULUS	6		Rejected!	
GOBP_CELLULAR_RESPONSE_TO_TESTOSTERONE_STIMULUS	11		Rejected!	
GOBP_CELLULAR_RESPONSE_TO_LIPID	581	294		
GOBP_CELLULAR_RESPONSE_TO_CHOLESTEROL	18		Rejected!	
GOBP_CELLULAR_RESPONSE_TO_FATTY_ACID	35		Rejected!	
GOBP_CELLULAR_RESPONSE_TO_LIPOPROTEIN_PARTICLE_STIMULUS	36	18		
GOBP_CELLULAR_RESPONSE_TO_LOW_DENSITY_LIPOPROTEIN_PARTICLE_STIMULUS	21		Rejected!	
GOBP_CELLULAR_RESPONSE_TO_ORGANIC_CYCLIC_COMPOUND	576	306		
GOBP_CELLULAR_RESPONSE_TO_PURINE_CONTAINING_COMPOUND	13		Rejected!	
GOBP_CELLULAR_RESPONSE_TO_HISTAMINE	7		Rejected!	
GOBP_MANGANESE_ION_TRANSMEMBRANE_TRANSPORT	10		Rejected!	
GOBP_SUCCINATE_TRANSMEMBRANE_TRANSPORT	7		Rejected!	
GOBP_HEMATOPOIETIC_STEM_CELL_PROLIFERATION	27		Rejected!	
GOBP_REGULATION_OF_HISTONE_H3_K14_ACETYLATION	6		Rejected!	
GOBP_CELLULAR_RESPONSE_TO_HYDROPEROXIDE	8		Rejected!	
GOBP_CELLULAR_RESPONSE_TO_OXYGEN_RADICAL	25		Rejected!	
GOBP_CELLULAR_RESPONSE_TO_OXYGEN_LEVELS	165	104		
GOBP_CELLULAR_RESPONSE_TO_HYPEROXIA	5		Rejected!	
GOBP_PROTEIN_LOCALIZATION_TO_CHROMOSOME_CENTROMERIC_REGION	25	23		
GOBP_CELLULAR_RESPONSE_TO_WATER_STIMULUS	7		Rejected!	
GOBP_CELLULAR_RESPONSE_TO_XENOBIOTIC_STIMULUS	168	60		
GOBP_CELLULAR_RESPONSE_TO_PH	27		Rejected!	
GOBP_CELLULAR_RESPONSE_TO_ACIDIC_PH	16		Rejected!	
GOBP_CELLULAR_RESPONSE_TO_OSMOTIC_STRESS	40	24		
GOBP_CELLULAR_RESPONSE_TO_SALT_STRESS	11		Rejected!	
GOBP_CELLULAR_HYPEROSMOTIC_RESPONSE	13		Rejected!	
GOBP_CELLULAR_HYPEROSMOTIC_SALINITY_RESPONSE	6		Rejected!	
GOBP_CELLULAR_HYPOTONIC_RESPONSE	9		Rejected!	
GOBP_CELLULAR_RESPONSE_TO_RADIATION	188	120		
GOBP_CELLULAR_RESPONSE_TO_IONIZING_RADIATION	75	55		
GOBP_CELLULAR_RESPONSE_TO_GAMMA_RADIATION	30	22		
GOBP_CELLULAR_RESPONSE_TO_X_RAY	13		Rejected!	
GOBP_CELLULAR_RESPONSE_TO_LIGHT_STIMULUS	122	72		
GOBP_CELLULAR_RESPONSE_TO_LIGHT_INTENSITY	6		Rejected!	
GOBP_CELLULAR_RESPONSE_TO_UV_A	11		Rejected!	
GOBP_CELLULAR_RESPONSE_TO_UV_B	8		Rejected!	
GOBP_CELLULAR_RESPONSE_TO_UV_C	6		Rejected!	
GOBP_CELLULAR_RESPONSE_TO_ENDOGENOUS_STIMULUS	1355		Rejected!	
GOBP_CELLULAR_RESPONSE_TO_EXTERNAL_STIMULUS	309	190		
GOBP_CELLULAR_RESPONSE_TO_FLUID_SHEAR_STRESS	21		Rejected!	
GOBP_CELLULAR_RESPONSE_TO_LAMINAR_FLUID_SHEAR_STRESS	8		Rejected!	
GOBP_CELLULAR_RESPONSE_TO_NITROSATIVE_STRESS	6		Rejected!	
GOBP_CELLULAR_RESPONSE_TO_STEROL_DEPLETION	16		Rejected!	
GOBP_CELLULAR_RESPONSE_TO_TEMPERATURE_STIMULUS	5		Rejected!	
GOBP_RESPONSE_TO_HEPARIN	7		Rejected!	
GOBP_CELLULAR_RESPONSE_TO_HEPARIN	5		Rejected!	
GOBP_GENOMIC_IMPRINTING	11		Rejected!	
GOBP_SEMAPHORIN_PLEXIN_SIGNALING_PATHWAY	43	18		
GOBP_DOPAMINERGIC_NEURON_DIFFERENTIATION	37		Rejected!	
GOBP_DIPHOSPHOINOSITOL_POLYPHOSPHATE_METABOLIC_PROCESS	5		Rejected!	
GOBP_INOSITOL_PHOSPHATE_CATABOLIC_PROCESS	19	15		
GOBP_RESPONSE_TO_DEXAMETHASONE	41	22		
GOBP_CELLULAR_RESPONSE_TO_DEXAMETHASONE_STIMULUS	26	17		
GOBP_HISTONE_H3_K27_DEMETHYLATION	5		Rejected!	
GOBP_RESPONSE_TO_TRANSFORMING_GROWTH_FACTOR_BETA	262	124		
GOBP_PROTEIN_UFMYLATION	6		Rejected!	
GOBP_ZINC_ION_IMPORT_ACROSS_PLASMA_MEMBRANE	8		Rejected!	
GOBP_LYMPHOCYTE_AGGREGATION	5		Rejected!	
GOBP_OTIC_VESICLE_DEVELOPMENT	15		Rejected!	
GOBP_OTIC_VESICLE_MORPHOGENESIS	10		Rejected!	
GOBP_TRANSFORMING_GROWTH_FACTOR_BETA_PRODUCTION	43	15		
GOBP_MONOCYTE_CHEMOTACTIC_PROTEIN_1_PRODUCTION	21		Rejected!	
GOBP_MACROPHAGE_INFLAMMATORY_PROTEIN_1_ALPHA_PRODUCTION	6		Rejected!	
GOBP_CHEMOKINE_C_C_MOTIF_LIGAND_5_PRODUCTION	11		Rejected!	
GOBP_GRANULOCYTE_COLONY_STIMULATING_FACTOR_PRODUCTION	5		Rejected!	
GOBP_GRANULOCYTE_CHEMOTAXIS	127	45		
GOBP_REGULATION_OF_GRANULOCYTE_CHEMOTAXIS	51	22		
GOBP_NEGATIVE_REGULATION_OF_GRANULOCYTE_CHEMOTAXIS	5		Rejected!	
GOBP_POSITIVE_REGULATION_OF_GRANULOCYTE_CHEMOTAXIS	27		Rejected!	
GOBP_VOCALIZATION_BEHAVIOR	19		Rejected!	
GOBP_NEGATIVE_REGULATION_OF_TRANSFORMING_GROWTH_FACTOR_BETA_PRODUCTION	12		Rejected!	
GOBP_POSITIVE_REGULATION_OF_TRANSFORMING_GROWTH_FACTOR_BETA_PRODUCTION	21		Rejected!	
GOBP_NEGATIVE_REGULATION_OF_MONOCYTE_CHEMOTACTIC_PROTEIN_1_PRODUCTION	6		Rejected!	
GOBP_POSITIVE_REGULATION_OF_MONOCYTE_CHEMOTACTIC_PROTEIN_1_PRODUCTION	15		Rejected!	
GOBP_NEGATIVE_REGULATION_OF_CHEMOKINE_C_C_MOTIF_LIGAND_5_PRODUCTION	5		Rejected!	
GOBP_POSITIVE_REGULATION_OF_CHEMOKINE_C_C_MOTIF_LIGAND_5_PRODUCTION	6		Rejected!	
GOBP_SMOOTH_MUSCLE_CELL_CHEMOTAXIS	8		Rejected!	
GOBP_REGULATION_OF_SMOOTH_MUSCLE_CELL_CHEMOTAXIS	6		Rejected!	
GOBP_MONONUCLEAR_CELL_MIGRATION	199	89		
GOBP_REGULATION_OF_MONONUCLEAR_CELL_MIGRATION	116	59		
GOBP_NEGATIVE_REGULATION_OF_MONONUCLEAR_CELL_MIGRATION	24		Rejected!	
GOBP_POSITIVE_REGULATION_OF_MONONUCLEAR_CELL_MIGRATION	66	38		
GOBP_COMMISSURAL_NEURON_AXON_GUIDANCE	11		Rejected!	
GOBP_RESPONSE_TO_INDOLE_3_METHANOL	6		Rejected!	
GOBP_CELLULAR_RESPONSE_TO_INDOLE_3_METHANOL	5		Rejected!	
GOBP_ORGANISM_EMERGENCE_FROM_PROTECTIVE_STRUCTURE	28	17		
GOBP_PROTEIN_LOCALIZATION_TO_EXTRACELLULAR_REGION	359	171		
GOBP_MAINTENANCE_OF_PROTEIN_LOCATION_IN_EXTRACELLULAR_REGION	8		Rejected!	
GOBP_ANATOMICAL_STRUCTURE_MATURATION	244	91		
GOBP_ECTODERMAL_PLACODE_DEVELOPMENT	13		Rejected!	
GOBP_NITROGEN_COMPOUND_TRANSPORT	1993		Rejected!	
GOBP_TUMOR_NECROSIS_FACTOR_SUPERFAMILY_CYTOKINE_PRODUCTION	188	93		
GOBP_BASEMENT_MEMBRANE_ORGANIZATION	32		Rejected!	
GOBP_ER_ASSOCIATED_MISFOLDED_PROTEIN_CATABOLIC_PROCESS	12		Rejected!	
GOBP_ICOSANOID_TRANSPORT	54	15		
GOBP_LEUKOTRIENE_TRANSPORT	7		Rejected!	
GOBP_RESPONSE_TO_DIACYL_BACTERIAL_LIPOPEPTIDE	5		Rejected!	
GOBP_RESPONSE_TO_NITRIC_OXIDE	21		Rejected!	
GOBP_NUCLEAR_MEMBRANE_ORGANIZATION	42	38		
GOBP_RESPONSE_TO_BMP	173	59		
GOBP_RESPONSE_TO_FIBROBLAST_GROWTH_FACTOR	119	40		
GOBP_ENDOPLASMIC_RETICULUM_TUBULAR_NETWORK_ORGANIZATION	18		Rejected!	
GOBP_PODOSOME_ASSEMBLY	20		Rejected!	
GOBP_REGULATION_OF_PODOSOME_ASSEMBLY	15		Rejected!	
GOBP_POSITIVE_REGULATION_OF_PODOSOME_ASSEMBLY	12		Rejected!	
GOBP_PROTEIN_TRANSMEMBRANE_TRANSPORT	63	52		
GOBP_TAIL_ANCHORED_MEMBRANE_PROTEIN_INSERTION_INTO_ER_MEMBRANE	17		Rejected!	
GOBP_PROTEIN_DNA_COMPLEX_SUBUNIT_ORGANIZATION	254	145		
GOBP_PROTEIN_LIPID_COMPLEX_SUBUNIT_ORGANIZATION	49	19		
GOBP_RIBONUCLEOPROTEIN_COMPLEX_SUBUNIT_ORGANIZATION	214	158		
GOBP_TRIGLYCERIDE_RICH_LIPOPROTEIN_PARTICLE_CLEARANCE	6		Rejected!	
GOBP_CELL_PROLIFERATION_IN_BONE_MARROW	10		Rejected!	
GOBP_APOPTOTIC_PROCESS_IN_BONE_MARROW_CELL	6		Rejected!	
GOBP_TNFSF11_MEDIATED_SIGNALING_PATHWAY	5		Rejected!	
GOBP_POSITIVE_REGULATION_OF_CELL_PROLIFERATION_IN_BONE_MARROW	6		Rejected!	
GOBP_REGULATION_OF_APOPTOTIC_PROCESS_IN_BONE_MARROW_CELL	5		Rejected!	
GOBP_RESPONSE_TO_CATECHOLAMINE	108	45		
GOBP_RESPONSE_TO_EPINEPHRINE	14		Rejected!	
GOBP_CELLULAR_RESPONSE_TO_EPINEPHRINE_STIMULUS	11		Rejected!	
GOBP_ADRENERGIC_RECEPTOR_SIGNALING_PATHWAY	33		Rejected!	
GOBP_NEGATIVE_REGULATION_OF_ADENYLATE_CYCLASE_ACTIVATING_ADRENERGIC_RECEPTOR_SIGNALING_PATHWAY	6		Rejected!	
GOBP_ADENYLATE_CYCLASE_ACTIVATING_ADRENERGIC_RECEPTOR_SIGNALING_PATHWAY	27		Rejected!	
GOBP_LEUKOCYTE_APOPTOTIC_PROCESS	109	73		
GOBP_MACROPHAGE_APOPTOTIC_PROCESS	13		Rejected!	
GOBP_ODONTOBLAST_DIFFERENTIATION	7		Rejected!	
GOBP_PROTEIN_LOCALIZATION_TO_ADHERENS_JUNCTION	6		Rejected!	
GOBP_DNA_BIOSYNTHETIC_PROCESS	193	150		
GOBP_REGULATION_OF_PROTEIN_SERINE_THREONINE_KINASE_ACTIVITY	376	221		
GOBP_NEGATIVE_REGULATION_OF_PROTEIN_SERINE_THREONINE_KINASE_ACTIVITY	122	70		
GOBP_POSITIVE_REGULATION_OF_PROTEIN_SERINE_THREONINE_KINASE_ACTIVITY	210	115		
GOBP_DETERMINATION_OF_DIGESTIVE_TRACT_LEFT_RIGHT_ASYMMETRY	7		Rejected!	
GOBP_DETERMINATION_OF_LIVER_LEFT_RIGHT_ASYMMETRY	6		Rejected!	
GOBP_UREA_TRANSMEMBRANE_TRANSPORT	7		Rejected!	
GOBP_COHESIN_LOADING	6		Rejected!	
GOBP_ENDOCANNABINOID_SIGNALING_PATHWAY	6		Rejected!	
GOBP_PROTEIN_DEUBIQUITINATION_INVOLVED_IN_UBIQUITIN_DEPENDENT_PROTEIN_CATABOLIC_PROCESS	7		Rejected!	
GOBP_EXTRACELLULAR_EXOSOME_ASSEMBLY	7		Rejected!	
GOBP_MULTIVESICULAR_BODY_SORTING_PATHWAY	39	29		
GOBP_NEPHRON_DEVELOPMENT	146	40		
GOBP_MESANGIAL_CELL_DIFFERENTIATION	7		Rejected!	
GOBP_NEPHRON_EPITHELIUM_DEVELOPMENT	111	28		
GOBP_GLOMERULAR_EPITHELIUM_DEVELOPMENT	26		Rejected!	
GOBP_PROXIMAL_TUBULE_DEVELOPMENT	6		Rejected!	
GOBP_DISTAL_TUBULE_DEVELOPMENT	11		Rejected!	
GOBP_NEPHRON_MORPHOGENESIS	77	20		
GOBP_RENAL_VESICLE_FORMATION	8		Rejected!	
GOBP_MESENCHYMAL_STEM_CELL_MAINTENANCE_INVOLVED_IN_NEPHRON_MORPHOGENESIS	6		Rejected!	
GOBP_COLLECTING_DUCT_DEVELOPMENT	15		Rejected!	
GOBP_PROXIMAL_DISTAL_PATTERN_FORMATION_INVOLVED_IN_NEPHRON_DEVELOPMENT	5		Rejected!	
GOBP_COMMA_SHAPED_BODY_MORPHOGENESIS	6		Rejected!	
GOBP_S_SHAPED_BODY_MORPHOGENESIS	8		Rejected!	
GOBP_LOOP_OF_HENLE_DEVELOPMENT	10		Rejected!	
GOBP_KIDNEY_EPITHELIUM_DEVELOPMENT	140	37		
GOBP_KIDNEY_MESENCHYME_DEVELOPMENT	19		Rejected!	
GOBP_METANEPHRIC_MESENCHYME_DEVELOPMENT	15		Rejected!	
GOBP_NEPHRON_TUBULE_FORMATION	19		Rejected!	
GOBP_RENAL_VESICLE_DEVELOPMENT	19		Rejected!	
GOBP_STEM_CELL_PROLIFERATION	76	27		
GOBP_REGULATION_OF_STEM_CELL_PROLIFERATION	51	17		
GOBP_GLOMERULUS_MORPHOGENESIS	9		Rejected!	
GOBP_GLOMERULUS_VASCULATURE_MORPHOGENESIS	6		Rejected!	
GOBP_GLOMERULAR_MESANGIUM_DEVELOPMENT	17		Rejected!	
GOBP_GLOMERULAR_MESANGIAL_CELL_PROLIFERATION	12		Rejected!	
GOBP_CELL_PROLIFERATION_INVOLVED_IN_KIDNEY_DEVELOPMENT	22		Rejected!	
GOBP_POSITIVE_REGULATION_OF_GLOMERULAR_MESANGIAL_CELL_PROLIFERATION	6		Rejected!	
GOBP_MESENCHYME_MORPHOGENESIS	56	19		
GOBP_MESANGIAL_CELL_DEVELOPMENT	6		Rejected!	
GOBP_GLOMERULAR_MESANGIAL_CELL_DEVELOPMENT	5		Rejected!	
GOBP_EPITHELIAL_CELL_FATE_COMMITMENT	12		Rejected!	
GOBP_NEPHRON_TUBULE_EPITHELIAL_CELL_DIFFERENTIATION	14		Rejected!	
GOBP_MESENCHYMAL_CELL_DIFFERENTIATION_INVOLVED_IN_KIDNEY_DEVELOPMENT	8		Rejected!	
GOBP_METANEPHRIC_MESENCHYMAL_CELL_DIFFERENTIATION	5		Rejected!	
GOBP_METANEPHRIC_TUBULE_DEVELOPMENT	20		Rejected!	
GOBP_MESONEPHRIC_TUBULE_MORPHOGENESIS	64		Rejected!	
GOBP_MESONEPHRIC_TUBULE_FORMATION	9		Rejected!	
GOBP_METANEPHRIC_TUBULE_MORPHOGENESIS	10		Rejected!	
GOBP_METANEPHRIC_TUBULE_FORMATION	6		Rejected!	
GOBP_EPITHELIAL_TUBE_FORMATION	136	72		
GOBP_NEPHRIC_DUCT_DEVELOPMENT	16		Rejected!	
GOBP_MESONEPHRIC_DUCT_DEVELOPMENT	9		Rejected!	
GOBP_NEPHRIC_DUCT_MORPHOGENESIS	12		Rejected!	
GOBP_NEPHRIC_DUCT_FORMATION	5		Rejected!	
GOBP_URETER_DEVELOPMENT	18		Rejected!	
GOBP_URETER_MORPHOGENESIS	7		Rejected!	
GOBP_NEGATIVE_REGULATION_OF_MESENCHYMAL_CELL_PROLIFERATION	6		Rejected!	
GOBP_CELL_DIFFERENTIATION_INVOLVED_IN_METANEPHROS_DEVELOPMENT	24		Rejected!	
GOBP_CELL_PROLIFERATION_INVOLVED_IN_METANEPHROS_DEVELOPMENT	10		Rejected!	
GOBP_METANEPHRIC_COLLECTING_DUCT_DEVELOPMENT	11		Rejected!	
GOBP_METANEPHRIC_EPITHELIUM_DEVELOPMENT	24		Rejected!	
GOBP_METANEPHRIC_NEPHRON_DEVELOPMENT	40		Rejected!	
GOBP_REGULATION_OF_METANEPHROS_DEVELOPMENT	6		Rejected!	
GOBP_METANEPHRIC_GLOMERULAR_MESANGIUM_DEVELOPMENT	5		Rejected!	
GOBP_METANEPHRIC_GLOMERULUS_DEVELOPMENT	16		Rejected!	
GOBP_METANEPHRIC_DISTAL_TUBULE_DEVELOPMENT	6		Rejected!	
GOBP_METANEPHRIC_GLOMERULUS_VASCULATURE_DEVELOPMENT	8		Rejected!	
GOBP_METANEPHRIC_NEPHRON_TUBULE_EPITHELIAL_CELL_DIFFERENTIATION	6		Rejected!	
GOBP_METANEPHRIC_NEPHRON_MORPHOGENESIS	25		Rejected!	
GOBP_METANEPHRIC_NEPHRON_TUBULE_MORPHOGENESIS	8		Rejected!	
GOBP_METANEPHRIC_RENAL_VESICLE_MORPHOGENESIS	15		Rejected!	
GOBP_METANEPHRIC_S_SHAPED_BODY_MORPHOGENESIS	6		Rejected!	
GOBP_GLOMERULAR_EPITHELIAL_CELL_DEVELOPMENT	13		Rejected!	
GOBP_GLOMERULAR_EPITHELIAL_CELL_DIFFERENTIATION	23		Rejected!	
GOBP_VESICLE_UNCOATING	9		Rejected!	
GOBP_MONOCARBOXYLIC_ACID_CATABOLIC_PROCESS	124	80		
GOBP_MONOCARBOXYLIC_ACID_BIOSYNTHETIC_PROCESS	215	84		
GOBP_SIGNAL_TRANSDUCTION_BY_P53_CLASS_MEDIATOR	171	129		
GOBP_INTRINSIC_APOPTOTIC_SIGNALING_PATHWAY_BY_P53_CLASS_MEDIATOR	79	59		
GOBP_MODIFIED_AMINO_ACID_TRANSPORT	34	16		
GOBP_RESCUE_OF_STALLED_RIBOSOME	9		Rejected!	
GOBP_SULFUR_COMPOUND_TRANSPORT	54	32		
GOBP_TRICARBOXYLIC_ACID_METABOLIC_PROCESS	14		Rejected!	
GOBP_CIRCULATORY_SYSTEM_DEVELOPMENT	1199	481		
GOBP_PROTEIN_ACTIVATION_CASCADE	17		Rejected!	
GOBP_ORGANELLE_TRANSPORT_ALONG_MICROTUBULE	85	61		
GOBP_MINUS_END_DIRECTED_ORGANELLE_TRANSPORT_ALONG_MICROTUBULE	5		Rejected!	
GOBP_PLUS_END_DIRECTED_ORGANELLE_TRANSPORT_ALONG_MICROTUBULE	7		Rejected!	
GOBP_MICROTUBULE_ANCHORING_AT_MICROTUBULE_ORGANIZING_CENTER	13		Rejected!	
GOBP_RESPONSE_TO_CELL_CYCLE_CHECKPOINT_SIGNALING	8		Rejected!	
GOBP_AMMONIUM_TRANSMEMBRANE_TRANSPORT	11		Rejected!	
GOBP_MESENCHYMAL_STEM_CELL_DIFFERENTIATION	12		Rejected!	
GOBP_EMBRYONIC_SKELETAL_JOINT_DEVELOPMENT	15		Rejected!	
GOBP_CELLULAR_TRIVALENT_INORGANIC_ANION_HOMEOSTASIS	9		Rejected!	
GOBP_TRIVALENT_INORGANIC_ANION_HOMEOSTASIS	13		Rejected!	
GOBP_DIVALENT_INORGANIC_CATION_HOMEOSTASIS	510	202		
GOBP_SEMINIFEROUS_TUBULE_DEVELOPMENT	13		Rejected!	
GOBP_PURINE_CONTAINING_COMPOUND_METABOLIC_PROCESS	414	232		
GOBP_PURINE_CONTAINING_COMPOUND_BIOSYNTHETIC_PROCESS	200	105		
GOBP_PURINE_CONTAINING_COMPOUND_CATABOLIC_PROCESS	51	33		
GOBP_PYRIDINE_CONTAINING_COMPOUND_METABOLIC_PROCESS	39	22		
GOBP_PYRIDINE_CONTAINING_COMPOUND_BIOSYNTHETIC_PROCESS	31	17		
GOBP_PYRIDINE_CONTAINING_COMPOUND_CATABOLIC_PROCESS	8		Rejected!	
GOBP_PYRIMIDINE_CONTAINING_COMPOUND_METABOLIC_PROCESS	87	53		
GOBP_PYRIMIDINE_CONTAINING_COMPOUND_BIOSYNTHETIC_PROCESS	37	26		
GOBP_PYRIMIDINE_CONTAINING_COMPOUND_CATABOLIC_PROCESS	42	20		
GOBP_PURINE_CONTAINING_COMPOUND_TRANSMEMBRANE_TRANSPORT	25	15		
GOBP_PYRIMIDINE_CONTAINING_COMPOUND_TRANSMEMBRANE_TRANSPORT	14		Rejected!	
GOBP_FIBROBLAST_ACTIVATION	12		Rejected!	
GOBP_T_HELPER_17_TYPE_IMMUNE_RESPONSE	40	28		
GOBP_T_HELPER_17_CELL_DIFFERENTIATION	28	21		
GOBP_T_HELPER_17_CELL_LINEAGE_COMMITMENT	13		Rejected!	
GOBP_TERMINAL_BUTTON_ORGANIZATION	5		Rejected!	
GOBP_CHEMOKINE_C_X_C_MOTIF_LIGAND_1_PRODUCTION	6		Rejected!	
GOBP_CHEMOKINE_C_X_C_MOTIF_LIGAND_2_PRODUCTION	18		Rejected!	
GOBP_LIVER_MORPHOGENESIS	23		Rejected!	
GOBP_ENDOTHELIAL_CELL_APOPTOTIC_PROCESS	67	26		
GOBP_NEUROTRANSMITTER_GATED_ION_CHANNEL_CLUSTERING	14		Rejected!	
GOBP_CLATHRIN_DEPENDENT_ENDOCYTOSIS	46	37		
GOBP_CAVEOLIN_MEDIATED_ENDOCYTOSIS	11		Rejected!	
GOBP_OXYGEN_METABOLIC_PROCESS	6		Rejected!	
GOBP_REACTIVE_OXYGEN_SPECIES_METABOLIC_PROCESS	231	117		
GOBP_ESTABLISHMENT_OF_PROTEIN_LOCALIZATION_TO_ORGANELLE	429	329		
GOBP_MAINTENANCE_OF_PROTEIN_LOCALIZATION_IN_ORGANELLE	41	36		
GOBP_ESTABLISHMENT_OF_PROTEIN_LOCALIZATION_TO_ENDOPLASMIC_RETICULUM	47	31		
GOBP_MAINTENANCE_OF_PROTEIN_LOCATION_IN_MITOCHONDRION	5		Rejected!	
GOBP_PROTEIN_LOCALIZATION_TO_PLASMA_MEMBRANE	285	182		
GOBP_PROTEIN_LOCALIZATION_TO_VACUOLE	68	51		
GOBP_ESTABLISHMENT_OF_PROTEIN_LOCALIZATION_TO_VACUOLE	50	39		
GOBP_NEUTROPHIL_EXTRAVASATION	15		Rejected!	
GOBP_LAMELLIPODIUM_MORPHOGENESIS	17		Rejected!	
GOBP_MULTINUCLEAR_OSTEOCLAST_DIFFERENTIATION	8		Rejected!	
GOBP_OSTEOCLAST_FUSION	6		Rejected!	
GOBP_LYMPHOCYTE_MIGRATION	118	58		
GOBP_EOSINOPHIL_MIGRATION	22		Rejected!	
GOBP_T_CELL_MIGRATION	67	41		
GOBP_THYMOCYTE_MIGRATION	6		Rejected!	
GOBP_T_CELL_EXTRAVASATION	13		Rejected!	
GOBP_PROTEIN_LOCALIZATION_TO_CELL_CORTEX	11		Rejected!	
GOBP_RESPONSE_TO_SORBITOL	6		Rejected!	
GOBP_RESPONSE_TO_HYDROXYUREA	13		Rejected!	
GOBP_RESPONSE_TO_ACTINOMYCIN_D	5		Rejected!	
GOBP_RESPONSE_TO_CISPLATIN	5		Rejected!	
GOBP_RESPONSE_TO_STAUROSPORINE	5		Rejected!	
GOBP_POSITIVE_REGULATION_BY_SYMBIONT_OF_ENTRY_INTO_HOST	11		Rejected!	
GOBP_ENDOCYTOSIS_INVOLVED_IN_VIRAL_ENTRY_INTO_HOST_CELL	9		Rejected!	
GOBP_IRES_DEPENDENT_VIRAL_TRANSLATIONAL_INITIATION	11		Rejected!	
GOBP_VIRAL_TRANSLATIONAL_TERMINATION_REINITIATION	5		Rejected!	
GOBP_INTRACELLULAR_TRANSPORT_OF_VIRUS	11		Rejected!	
GOBP_MRNA_METHYLATION	16	15		
GOBP_REGULATION_OF_RESPONSE_TO_STRESS	1364		Rejected!	
GOBP_REGULATION_OF_CELLULAR_RESPONSE_TO_STRESS	695	455		
GOBP_AMINO_ACID_HOMEOSTASIS	7		Rejected!	
GOBP_REGULATION_OF_FERTILIZATION	17		Rejected!	
GOBP_REGULATION_OF_NITRIC_OXIDE_METABOLIC_PROCESS	64	27		
GOBP_LYTIC_VACUOLE_ORGANIZATION	74	57		
GOBP_HISTONE_H3_K4_TRIMETHYLATION	23	18		
GOBP_PROTEIN_K6_LINKED_UBIQUITINATION	9		Rejected!	
GOBP_EXTRACELLULAR_MATRIX_ASSEMBLY	46		Rejected!	
GOBP_CARDIAC_MUSCLE_CELL_ACTION_POTENTIAL	77	23		
GOBP_CARDIAC_MUSCLE_CELL_ACTION_POTENTIAL_INVOLVED_IN_CONTRACTION	54		Rejected!	
GOBP_CARDIAC_MUSCLE_CELL_CONTRACTION	75	24		
GOBP_VENTRICULAR_CARDIAC_MUSCLE_CELL_ACTION_POTENTIAL	35		Rejected!	
GOBP_MEMBRANE_REPOLARIZATION	52		Rejected!	
GOBP_MEMBRANE_DEPOLARIZATION_DURING_ACTION_POTENTIAL	36		Rejected!	
GOBP_MEMBRANE_REPOLARIZATION_DURING_ACTION_POTENTIAL	30		Rejected!	
GOBP_MEMBRANE_DEPOLARIZATION_DURING_CARDIAC_MUSCLE_CELL_ACTION_POTENTIAL	22		Rejected!	
GOBP_MEMBRANE_REPOLARIZATION_DURING_CARDIAC_MUSCLE_CELL_ACTION_POTENTIAL	25		Rejected!	
GOBP_SA_NODE_CELL_TO_ATRIAL_CARDIAC_MUSCLE_CELL_SIGNALING	9		Rejected!	
GOBP_CELL_CELL_SIGNALING_INVOLVED_IN_CARDIAC_CONDUCTION	34		Rejected!	
GOBP_ADENYLATE_CYCLASE_ACTIVATING_ADRENERGIC_RECEPTOR_SIGNALING_PATHWAY_INVOLVED_IN_HEART_PROCESS	9		Rejected!	
GOBP_ATRIAL_CARDIAC_MUSCLE_CELL_TO_AV_NODE_CELL_SIGNALING	19		Rejected!	
GOBP_AV_NODE_CELL_TO_BUNDLE_OF_HIS_CELL_SIGNALING	11		Rejected!	
GOBP_BUNDLE_OF_HIS_CELL_TO_PURKINJE_MYOCYTE_SIGNALING	7		Rejected!	
GOBP_PURKINJE_MYOCYTE_TO_VENTRICULAR_CARDIAC_MUSCLE_CELL_SIGNALING	6		Rejected!	
GOBP_REGULATION_OF_CARDIAC_MUSCLE_CELL_MEMBRANE_POTENTIAL	7		Rejected!	
GOBP_CARDIAC_MUSCLE_CELL_CARDIAC_MUSCLE_CELL_ADHESION	7		Rejected!	
GOBP_MEMBRANE_DEPOLARIZATION_DURING_AV_NODE_CELL_ACTION_POTENTIAL	6		Rejected!	
GOBP_MEMBRANE_DEPOLARIZATION_DURING_SA_NODE_CELL_ACTION_POTENTIAL	5		Rejected!	
GOBP_CELL_COMMUNICATION_BY_ELECTRICAL_COUPLING_INVOLVED_IN_CARDIAC_CONDUCTION	27		Rejected!	
GOBP_CELL_COMMUNICATION_INVOLVED_IN_CARDIAC_CONDUCTION	60	16		
GOBP_AV_NODE_CELL_TO_BUNDLE_OF_HIS_CELL_COMMUNICATION	14		Rejected!	
GOBP_BUNDLE_OF_HIS_CELL_TO_PURKINJE_MYOCYTE_COMMUNICATION	15		Rejected!	
GOBP_SA_NODE_CELL_TO_ATRIAL_CARDIAC_MUSCLE_CELL_COMMUNICATION	11		Rejected!	
GOBP_REGULATION_OF_HEART_RATE_BY_CARDIAC_CONDUCTION	39		Rejected!	
GOBP_ENDOTHELIN_RECEPTOR_SIGNALING_PATHWAY	11		Rejected!	
GOBP_G_PROTEIN_COUPLED_RECEPTOR_SIGNALING_PATHWAY_INVOLVED_IN_HEART_PROCESS	17		Rejected!	
GOBP_L_HISTIDINE_TRANSMEMBRANE_TRANSPORT	6		Rejected!	
GOBP_AMINO_ACID_IMPORT_ACROSS_PLASMA_MEMBRANE	45	18		
GOBP_PRIMITIVE_STREAK_FORMATION	9		Rejected!	
GOBP_REGULATION_OF_NEUTROPHIL_CHEMOTAXIS	33	15		
GOBP_REGULATION_OF_MONOCYTE_CHEMOTAXIS	28		Rejected!	
GOBP_POSITIVE_REGULATION_OF_MONOCYTE_CHEMOTAXIS	20		Rejected!	
GOBP_NEGATIVE_REGULATION_OF_MONOCYTE_CHEMOTAXIS	7		Rejected!	
GOBP_REGULATION_OF_STEROID_HORMONE_BIOSYNTHETIC_PROCESS	13		Rejected!	
GOBP_POSITIVE_REGULATION_OF_STEROID_HORMONE_BIOSYNTHETIC_PROCESS	5		Rejected!	
GOBP_REGULATION_OF_PROTEIN_KINASE_C_SIGNALING	17		Rejected!	
GOBP_POSITIVE_REGULATION_OF_PROTEIN_KINASE_C_SIGNALING	10		Rejected!	
GOBP_TUBULIN_DEACETYLATION	22	16		
GOBP_POSITIVE_REGULATION_OF_DEACETYLASE_ACTIVITY	8		Rejected!	
GOBP_REGULATION_OF_CELL_MIGRATION_INVOLVED_IN_SPROUTING_ANGIOGENESIS	78	19		
GOBP_POSITIVE_REGULATION_OF_CELL_MIGRATION_INVOLVED_IN_SPROUTING_ANGIOGENESIS	35		Rejected!	
GOBP_NEGATIVE_REGULATION_OF_CELL_MIGRATION_INVOLVED_IN_SPROUTING_ANGIOGENESIS	42		Rejected!	
GOBP_POSITIVE_REGULATION_OF_MICROTUBULE_NUCLEATION	7		Rejected!	
GOBP_REGULATION_OF_ANATOMICAL_STRUCTURE_SIZE	487	233		
GOBP_POSITIVE_REGULATION_OF_CELL_CYCLE_PROCESS	247	158		
GOBP_REGULATION_OF_RIBOSOME_BIOGENESIS	8		Rejected!	
GOBP_NEGATIVE_REGULATION_OF_RIBOSOME_BIOGENESIS	5		Rejected!	
GOBP_RELAXATION_OF_MUSCLE	35		Rejected!	
GOBP_FOAM_CELL_DIFFERENTIATION	39	16		
GOBP_REGULATION_OF_INCLUSION_BODY_ASSEMBLY	17		Rejected!	
GOBP_NEGATIVE_REGULATION_OF_INCLUSION_BODY_ASSEMBLY	11		Rejected!	
GOBP_REGULATION_OF_PROTEIN_DEUBIQUITINATION	12		Rejected!	
GOBP_REGULATION_OF_PEPTIDE_TRANSPORT	183	80		
GOBP_NEGATIVE_REGULATION_OF_CANONICAL_WNT_SIGNALING_PATHWAY	142	61		
GOBP_POSITIVE_REGULATION_OF_EXTRACELLULAR_MATRIX_DISASSEMBLY	8		Rejected!	
GOBP_REGULATION_OF_TRANSMEMBRANE_RECEPTOR_PROTEIN_SERINE_THREONINE_KINASE_SIGNALING_PATHWAY	269	101		
GOBP_POSITIVE_REGULATION_OF_TRANSMEMBRANE_RECEPTOR_PROTEIN_SERINE_THREONINE_KINASE_SIGNALING_PATHWAY	120	45		
GOBP_NEGATIVE_REGULATION_OF_TRANSMEMBRANE_RECEPTOR_PROTEIN_SERINE_THREONINE_KINASE_SIGNALING_PATHWAY	135	54		
GOBP_COCHLEA_DEVELOPMENT	49		Rejected!	
GOBP_COCHLEA_MORPHOGENESIS	24		Rejected!	
GOBP_COPII_COATED_VESICLE_CARGO_LOADING	15		Rejected!	
GOBP_COPII_COATED_VESICLE_BUDDING	32	28		
GOBP_C_5_METHYLATION_OF_CYTOSINE	5		Rejected!	
GOBP_RECEPTOR_MEDIATED_ENDOCYTOSIS_INVOLVED_IN_CHOLESTEROL_TRANSPORT	8		Rejected!	
GOBP_VESICLE_MEDIATED_CHOLESTEROL_TRANSPORT	5		Rejected!	
GOBP_REGULATION_OF_SYNAPSE_MATURATION	14		Rejected!	
GOBP_POSITIVE_REGULATION_OF_SYNAPSE_MATURATION	9		Rejected!	
GOBP_TISSUE_MIGRATION	368	152		
GOBP_MESENCHYME_MIGRATION	5		Rejected!	
GOBP_EPITHELIAL_CELL_CELL_ADHESION	17		Rejected!	
GOBP_REGULATION_OF_MITOCHONDRIAL_FISSION	30	20		
GOBP_POSITIVE_REGULATION_OF_MITOCHONDRIAL_FISSION	21	16		
GOBP_MEMBRANE_FISSION	8		Rejected!	
GOBP_ESTABLISHMENT_OF_PROTEIN_LOCALIZATION_TO_MEMBRANE	259	181		
GOBP_ESTABLISHMENT_OF_PROTEIN_LOCALIZATION_TO_MITOCHONDRIAL_MEMBRANE	30	25		
GOBP_REGULATION_OF_SPHINGOLIPID_BIOSYNTHETIC_PROCESS	13		Rejected!	
GOBP_POSITIVE_REGULATION_OF_SPHINGOLIPID_BIOSYNTHETIC_PROCESS	6		Rejected!	
GOBP_NEGATIVE_REGULATION_OF_SPHINGOLIPID_BIOSYNTHETIC_PROCESS	6		Rejected!	
GOBP_CELLULAR_SPHINGOLIPID_HOMEOSTASIS	5		Rejected!	
GOBP_ENDOPLASMIC_RETICULUM_MEMBRANE_ORGANIZATION	14		Rejected!	
GOBP_GOLGI_TO_LYSOSOME_TRANSPORT	11		Rejected!	
GOBP_GOLGI_RIBBON_FORMATION	13		Rejected!	
GOBP_ESTABLISHMENT_OF_EPITHELIAL_CELL_POLARITY	33	21		
GOBP_GOLGI_DISASSEMBLY	7		Rejected!	
GOBP_REGULATION_OF_SPINDLE_ASSEMBLY	30	27		
GOBP_ORGANELLE_MEMBRANE_FUSION	109	71		
GOBP_REGULATION_OF_ESTABLISHMENT_OF_PLANAR_POLARITY	57	21		
GOBP_ESTABLISHMENT_OF_PLANAR_POLARITY_INVOLVED_IN_NEURAL_TUBE_CLOSURE	13		Rejected!	
GOBP_PLANAR_CELL_POLARITY_PATHWAY_INVOLVED_IN_NEURAL_TUBE_CLOSURE	11		Rejected!	
GOBP_REGULATION_OF_CHOLESTEROL_METABOLIC_PROCESS	38	22		
GOBP_REGULATION_OF_KIDNEY_DEVELOPMENT	32		Rejected!	
GOBP_POSITIVE_REGULATION_OF_KIDNEY_DEVELOPMENT	10		Rejected!	
GOBP_NEGATIVE_REGULATION_OF_KIDNEY_DEVELOPMENT	5		Rejected!	
GOBP_REGULATION_OF_PANCREATIC_JUICE_SECRETION	7		Rejected!	
GOBP_REGULATION_OF_BRANCHING_INVOLVED_IN_URETERIC_BUD_MORPHOGENESIS	21		Rejected!	
GOBP_REGULATION_OF_GLOMERULUS_DEVELOPMENT	5		Rejected!	
GOBP_REGULATION_OF_RELEASE_OF_CYTOCHROME_C_FROM_MITOCHONDRIA	46	32		
GOBP_POSITIVE_REGULATION_OF_RELEASE_OF_CYTOCHROME_C_FROM_MITOCHONDRIA	26	18		
GOBP_NEGATIVE_REGULATION_OF_RELEASE_OF_CYTOCHROME_C_FROM_MITOCHONDRIA	20		Rejected!	
GOBP_POSITIVE_REGULATION_OF_CHOLESTEROL_METABOLIC_PROCESS	12		Rejected!	
GOBP_NEGATIVE_REGULATION_OF_CHOLESTEROL_METABOLIC_PROCESS	8		Rejected!	
GOBP_REGULATION_OF_TRIGLYCERIDE_METABOLIC_PROCESS	42	24		
GOBP_POSITIVE_REGULATION_OF_TRIGLYCERIDE_METABOLIC_PROCESS	23		Rejected!	
GOBP_NEGATIVE_REGULATION_OF_TRIGLYCERIDE_METABOLIC_PROCESS	12		Rejected!	
GOBP_POSITIVE_REGULATION_OF_LIPID_KINASE_ACTIVITY	37	16		
GOBP_NEGATIVE_REGULATION_OF_LIPID_KINASE_ACTIVITY	10		Rejected!	
GOBP_CHROMOSOME_LOCALIZATION_TO_NUCLEAR_ENVELOPE_INVOLVED_IN_HOMOLOGOUS_CHROMOSOME_SEGREGATION	10		Rejected!	
GOBP_REGULATION_OF_SPINDLE_ORGANIZATION	44	37		
GOBP_REGULATION_OF_CENTROMERE_COMPLEX_ASSEMBLY	6		Rejected!	
GOBP_REGULATION_OF_METAPHASE_PLATE_CONGRESSION	8		Rejected!	
GOBP_REGULATION_OF_ARACHIDONIC_ACID_SECRETION	8		Rejected!	
GOBP_REGULATION_OF_HISTONE_H4_ACETYLATION	14		Rejected!	
GOBP_POSITIVE_REGULATION_OF_HISTONE_H4_ACETYLATION	7		Rejected!	
GOBP_NEGATIVE_REGULATION_OF_HISTONE_H4_ACETYLATION	6		Rejected!	
GOBP_REGULATION_OF_MUSCLE_SYSTEM_PROCESS	250	90		
GOBP_REGULATION_OF_RETINAL_GANGLION_CELL_AXON_GUIDANCE	5		Rejected!	
GOBP_POSITIVE_REGULATION_OF_INCLUSION_BODY_ASSEMBLY	5		Rejected!	
GOBP_POSITIVE_REGULATION_OF_CANONICAL_WNT_SIGNALING_PATHWAY	109	57		
GOBP_REGULATION_OF_MITOTIC_CELL_CYCLE_SPINDLE_ASSEMBLY_CHECKPOINT	17	15		
GOBP_POSITIVE_REGULATION_OF_MITOTIC_CELL_CYCLE_SPINDLE_ASSEMBLY_CHECKPOINT	8		Rejected!	
GOBP_FIBROBLAST_GROWTH_FACTOR_PRODUCTION	9		Rejected!	
GOBP_NEGATIVE_REGULATION_OF_FIBROBLAST_GROWTH_FACTOR_PRODUCTION	5		Rejected!	
GOBP_REGULATION_OF_CALCIUM_ION_IMPORT	47		Rejected!	
GOBP_POSITIVE_REGULATION_OF_CALCIUM_ION_IMPORT	21		Rejected!	
GOBP_NEGATIVE_REGULATION_OF_CALCIUM_ION_IMPORT	15		Rejected!	
GOBP_REGULATION_OF_CELLULAR_RESPONSE_TO_GROWTH_FACTOR_STIMULUS	315	119		
GOBP_NEGATIVE_REGULATION_OF_CELLULAR_RESPONSE_TO_GROWTH_FACTOR_STIMULUS	115	37		
GOBP_REGULATION_OF_MITOCHONDRIAL_DNA_REPLICATION	5		Rejected!	
GOBP_POSITIVE_REGULATION_OF_WOUND_HEALING	58	18		
GOBP_NUCLEIC_ACID_PHOSPHODIESTER_BOND_HYDROLYSIS	262	206		
GOBP_MEIOTIC_SPINDLE_ASSEMBLY	8		Rejected!	
GOBP_MITOTIC_SPINDLE_ASSEMBLY	71	57		
GOBP_REGULATION_OF_DNA_METHYLATION_DEPENDENT_HETEROCHROMATIN_ASSEMBLY	18		Rejected!	
GOBP_POSITIVE_REGULATION_OF_DNA_METHYLATION_DEPENDENT_HETEROCHROMATIN_ASSEMBLY	12		Rejected!	
GOBP_REGULATION_OF_PROTEIN_DEACETYLATION	60	42		
GOBP_POSITIVE_REGULATION_OF_PROTEIN_DEACETYLATION	28	19		
GOBP_REGULATION_OF_PROTEIN_TARGETING_TO_MEMBRANE	34	22		
GOBP_POSITIVE_REGULATION_OF_PROTEIN_TARGETING_TO_MEMBRANE	28	20		
GOBP_NEGATIVE_REGULATION_OF_PROTEIN_TARGETING_TO_MEMBRANE	6		Rejected!	
GOBP_POSITIVE_REGULATION_OF_INTRACELLULAR_PROTEIN_TRANSPORT	155	119		
GOBP_NEGATIVE_REGULATION_OF_INTRACELLULAR_PROTEIN_TRANSPORT	43	29		
GOBP_REGULATION_OF_SUPEROXIDE_METABOLIC_PROCESS	34	19		
GOBP_NEGATIVE_REGULATION_OF_OXIDATIVE_PHOSPHORYLATION	9		Rejected!	
GOBP_REGULATION_OF_LOCOMOTION_INVOLVED_IN_LOCOMOTORY_BEHAVIOR	6		Rejected!	
GOBP_REGULATION_OF_DNA_DEPENDENT_DNA_REPLICATION	52	44		
GOBP_REGULATION_OF_PLATELET_AGGREGATION	28		Rejected!	
GOBP_REGULATION_OF_BROWN_FAT_CELL_DIFFERENTIATION	22		Rejected!	
GOBP_POSITIVE_REGULATION_OF_BROWN_FAT_CELL_DIFFERENTIATION	16		Rejected!	
GOBP_REGULATION_OF_CELL_AGING	57	29		
GOBP_POSITIVE_REGULATION_OF_CELL_AGING	20		Rejected!	
GOBP_NEGATIVE_REGULATION_OF_CELL_AGING	27	17		
GOBP_NEGATIVE_REGULATION_OF_CHOLESTEROL_EFFLUX	20		Rejected!	
GOBP_REGULATION_OF_HEART_INDUCTION	5		Rejected!	
GOBP_PHAGOSOME_MATURATION	26	16		
GOBP_PHAGOSOME_ACIDIFICATION	6		Rejected!	
GOBP_PHAGOSOME_LYSOSOME_FUSION	12		Rejected!	
GOBP_NEGATIVE_REGULATION_OF_EXCITATORY_POSTSYNAPTIC_POTENTIAL	10		Rejected!	
GOBP_CELLULAR_SENESCENCE	91	54		
GOBP_REPLICATIVE_SENESCENCE	17		Rejected!	
GOBP_STRESS_INDUCED_PREMATURE_SENESCENCE	8		Rejected!	
GOBP_ORGANOPHOSPHATE_BIOSYNTHETIC_PROCESS	554	348		
GOBP_ACTIVATION_OF_MEIOSIS	5		Rejected!	
GOBP_PROTEIN_LOCALIZATION_TO_NUCLEAR_ENVELOPE	9		Rejected!	
GOBP_GLUTAMATE_HOMEOSTASIS	5		Rejected!	
GOBP_CATECHOLAMINE_UPTAKE	18		Rejected!	
GOBP_ENDOCARDIAL_CUSHION_TO_MESENCHYMAL_TRANSITION	6		Rejected!	
GOBP_RNA_PHOSPHODIESTER_BOND_HYDROLYSIS	147	120		
GOBP_RNA_PHOSPHODIESTER_BOND_HYDROLYSIS_ENDONUCLEOLYTIC	78	60		
GOBP_RNA_PHOSPHODIESTER_BOND_HYDROLYSIS_EXONUCLEOLYTIC	42	39		
GOBP_EPIBOLY	37	20		
GOBP_SPHINGOLIPID_MEDIATED_SIGNALING_PATHWAY	16		Rejected!	
GOBP_GLOMERULAR_VISCERAL_EPITHELIAL_CELL_MIGRATION	7		Rejected!	
GOBP_ACTIN_FILAMENT_REORGANIZATION	11		Rejected!	
GOBP_ESTABLISHMENT_OF_ENDOTHELIAL_INTESTINAL_BARRIER	14		Rejected!	
GOBP_REGULATION_OF_MEMBRANE_PERMEABILITY	76	47		
GOBP_INFLAMMATORY_RESPONSE_TO_WOUNDING	17		Rejected!	
GOBP_SENSORY_ORGAN_MORPHOGENESIS	266	79		
GOBP_UBIQUITIN_INDEPENDENT_PROTEIN_CATABOLIC_PROCESS_VIA_THE_MULTIVESICULAR_BODY_SORTING_PATHWAY	5		Rejected!	
GOBP_ACTIVATION_OF_GTPASE_ACTIVITY	113	68		
GOBP_MICROGLIAL_CELL_MEDIATED_CYTOTOXICITY	5		Rejected!	
GOBP_MITOCHONDRIAL_TRNA_PROCESSING	12		Rejected!	
GOBP_MODULATION_OF_AGE_RELATED_BEHAVIORAL_DECLINE	10		Rejected!	
GOBP_RESPONSE_TO_OXYGEN_GLUCOSE_DEPRIVATION	7		Rejected!	
GOBP_CELLULAR_RESPONSE_TO_OXYGEN_GLUCOSE_DEPRIVATION	5		Rejected!	
GOBP_TELOMERIC_LOOP_DISASSEMBLY	11		Rejected!	
GOBP_WALKING_BEHAVIOR	31		Rejected!	
GOBP_CEREBROSPINAL_FLUID_CIRCULATION	14		Rejected!	
GOBP_SCARNA_LOCALIZATION_TO_CAJAL_BODY	5		Rejected!	
GOBP_TELOMERASE_RNA_LOCALIZATION	19	19		
GOBP_ENDOTHELIAL_CELL_MATRIX_ADHESION	8		Rejected!	
GOBP_REVERSIBLE_DIFFERENTIATION	12		Rejected!	
GOBP_CELL_DIFFERENTIATION_INVOLVED_IN_PHENOTYPIC_SWITCHING	5		Rejected!	
GOBP_IMMUNOLOGICAL_MEMORY_PROCESS	17		Rejected!	
GOBP_IMMUNOLOGICAL_MEMORY_FORMATION_PROCESS	14		Rejected!	
GOBP_REGULATION_OF_PLASMA_LIPOPROTEIN_PARTICLE_LEVELS	85	31		
GOBP_ENERGY_HOMEOSTASIS	40	21		
GOBP_RESPONSE_TO_GRANULOCYTE_MACROPHAGE_COLONY_STIMULATING_FACTOR	9		Rejected!	
GOBP_RENAL_PROTEIN_ABSORPTION	5		Rejected!	
GOBP_LYMPHOCYTE_MIGRATION_INTO_LYMPHOID_ORGANS	8		Rejected!	
GOBP_DENDRITIC_CELL_DIFFERENTIATION	49	23		
GOBP_MATURE_CONVENTIONAL_DENDRITIC_CELL_DIFFERENTIATION	5		Rejected!	
GOBP_REGULATION_OF_MEMBRANE_LIPID_DISTRIBUTION	62	37		
GOBP_PROTEIN_LINEAR_POLYUBIQUITINATION	5		Rejected!	
GOBP_DENDRITIC_CELL_APOPTOTIC_PROCESS	11		Rejected!	
GOBP_MOTOR_NEURON_APOPTOTIC_PROCESS	10		Rejected!	
GOBP_TYPE_B_PANCREATIC_CELL_APOPTOTIC_PROCESS	10		Rejected!	
GOBP_L_KYNURENINE_METABOLIC_PROCESS	7		Rejected!	
GOBP_DENDRITIC_SPINE_MAINTENANCE	20		Rejected!	
GOBP_NCRNA_EXPORT_FROM_NUCLEUS	9		Rejected!	
GOBP_ANTERIOR_HEAD_DEVELOPMENT	6		Rejected!	
GOBP_RESPONSE_TO_THYROID_HORMONE	29	17		
GOBP_CELLULAR_RESPONSE_TO_THYROID_HORMONE_STIMULUS	17		Rejected!	
GOBP_RESPONSE_TO_THYROXINE	5		Rejected!	
GOBP_DUCTUS_ARTERIOSUS_CLOSURE	5		Rejected!	
GOBP_VASCULAR_ASSOCIATED_SMOOTH_MUSCLE_CELL_DEVELOPMENT	11		Rejected!	
GOBP_PRESYNAPTIC_MEMBRANE_ORGANIZATION	11		Rejected!	
GOBP_SYNAPTIC_VESICLE_CLUSTERING	14		Rejected!	
GOBP_CRANIOFACIAL_SUTURE_MORPHOGENESIS	18		Rejected!	
GOBP_POSTSYNAPTIC_MEMBRANE_ASSEMBLY	11		Rejected!	
GOBP_AMPA_GLUTAMATE_RECEPTOR_CLUSTERING	8		Rejected!	
GOBP_GEPHYRIN_CLUSTERING_INVOLVED_IN_POSTSYNAPTIC_DENSITY_ASSEMBLY	5		Rejected!	
GOBP_POSTSYNAPTIC_DENSITY_PROTEIN_95_CLUSTERING	8		Rejected!	
GOBP_RECEPTOR_LOCALIZATION_TO_SYNAPSE	56	24		
GOBP_NEURONAL_STEM_CELL_POPULATION_MAINTENANCE	23		Rejected!	
GOBP_POSITIVE_REGULATION_OF_INHIBITORY_POSTSYNAPTIC_POTENTIAL	6		Rejected!	
GOBP_MESENCHYMAL_CELL_APOPTOTIC_PROCESS	15		Rejected!	
GOBP_GABAERGIC_NEURON_DIFFERENTIATION	13		Rejected!	
GOBP_AMMONIUM_ION_METABOLIC_PROCESS	23		Rejected!	
GOBP_MESENCHYMAL_STEM_CELL_PROLIFERATION	8		Rejected!	
GOBP_EPOXIDE_METABOLIC_PROCESS	5		Rejected!	
GOBP_RUFFLE_ASSEMBLY	45	29		
GOBP_AMELOGENESIS	25		Rejected!	
GOBP_DENTINOGENESIS	7		Rejected!	
GOBP_APOPTOTIC_SIGNALING_PATHWAY	588	390		
GOBP_EXTRINSIC_APOPTOTIC_SIGNALING_PATHWAY	221	140		
GOBP_INTRINSIC_APOPTOTIC_SIGNALING_PATHWAY	295	209		
GOBP_EXECUTION_PHASE_OF_APOPTOSIS	84	40		
GOBP_HISTONE_H3_K36_TRIMETHYLATION	6		Rejected!	
GOBP_NEGATIVE_REGULATION_OF_TRANSCRIPTION_FROM_RNA_POLYMERASE_II_PROMOTER_IN_RESPONSE_TO_STRESS	12		Rejected!	
GOBP_ACTIVATION_OF_CYSTEINE_TYPE_ENDOPEPTIDASE_ACTIVITY	19		Rejected!	
GOBP_RENAL_FILTRATION	27		Rejected!	
GOBP_RESPONSE_TO_GONADOTROPIN_RELEASING_HORMONE	6		Rejected!	
GOBP_LYSOSOMAL_MEMBRANE_ORGANIZATION	6		Rejected!	
GOBP_CELLULAR_RESPONSE_TO_TOXIC_SUBSTANCE	123	52		
GOBP_CHROMOSOME_ATTACHMENT_TO_THE_NUCLEAR_ENVELOPE	6		Rejected!	
GOBP_HEMATOPOIETIC_STEM_CELL_MIGRATION_TO_BONE_MARROW	5		Rejected!	
GOBP_AMYLOID_BETA_CLEARANCE	39	22		
GOBP_MITOCHONDRIAL_RESPIRASOME_ASSEMBLY	10		Rejected!	
GOBP_RENAL_TUBULAR_SECRETION	27		Rejected!	
GOBP_SELF_PROTEOLYSIS	9		Rejected!	
GOBP_OMEGA_HYDROXYLASE_P450_PATHWAY	11		Rejected!	
GOBP_COMPLEMENT_DEPENDENT_CYTOTOXICITY	14		Rejected!	
GOBP_KERATINOCYTE_APOPTOTIC_PROCESS	6		Rejected!	
GOBP_HEPATOCYTE_APOPTOTIC_PROCESS	18		Rejected!	
GOBP_XMP_METABOLIC_PROCESS	7		Rejected!	
GOBP_PROGRAMMED_NECROTIC_CELL_DEATH	49	32		
GOBP_RESPONSE_TO_ALCOHOL	236	121		
GOBP_CELLULAR_RESPONSE_TO_ALCOHOL	91	54		
GOBP_PLASMA_MEMBRANE_TUBULATION	19	15		
GOBP_MELANOCYTE_PROLIFERATION	5		Rejected!	
GOBP_ZYMOGEN_INHIBITION	8		Rejected!	
GOBP_MITOCHONDRIAL_OUTER_MEMBRANE_PERMEABILIZATION	32	24		
GOBP_NEUTROPHIL_CLEARANCE	6		Rejected!	
GOBP_AUTOPHAGOSOME_MATURATION	60	49		
GOBP_PRENYLATION	12		Rejected!	
GOBP_CHORIONIC_TROPHOBLAST_CELL_PROLIFERATION	5		Rejected!	
GOBP_RESPONSE_TO_INTERLEUKIN_17	11		Rejected!	
GOBP_HYPOXIA_INDUCIBLE_FACTOR_1ALPHA_SIGNALING_PATHWAY	6		Rejected!	
GOBP_LIVER_REGENERATION	29	17		
GOBP_PROTEIN_MATURATION_BY_IRON_SULFUR_CLUSTER_TRANSFER	16		Rejected!	
GOBP_SUPRAMOLECULAR_FIBER_ORGANIZATION	769	389		
GOBP_UBIQUITIN_DEPENDENT_GLYCOPROTEIN_ERAD_PATHWAY	5		Rejected!	
GOBP_PROGRAMMED_CELL_DEATH_IN_RESPONSE_TO_REACTIVE_OXYGEN_SPECIES	16		Rejected!	
GOBP_MOTOR_NEURON_MIGRATION	6		Rejected!	
GOBP_SYNAPTIC_VESICLE_LOCALIZATION	52	29		
GOBP_DENDRITE_EXTENSION	36	17		
GOBP_NEURON_PROJECTION_GUIDANCE	235	65		
GOBP_REGULATION_OF_VESICLE_SIZE	10		Rejected!	
GOBP_PROTEIN_LOCALIZATION_TO_NON_MOTILE_CILIUM	13		Rejected!	
GOBP_RECEPTOR_LOCALIZATION_TO_NON_MOTILE_CILIUM	5		Rejected!	
GOBP_STRESS_RESPONSE_TO_METAL_ION	19		Rejected!	
GOBP_MANNOSYLATION	35	24		
GOBP_SIALYLATION	20		Rejected!	
GOBP_NECROPTOTIC_SIGNALING_PATHWAY	8		Rejected!	
GOBP_MYELOID_LEUKOCYTE_MIGRATION	230	89		
GOBP_GRANULOCYTE_MIGRATION	154	58		
GOBP_MAST_CELL_MIGRATION	12		Rejected!	
GOBP_SEQUESTERING_OF_IRON_ION	7		Rejected!	
GOBP_LAMELLIPODIUM_ORGANIZATION	89	56		
GOBP_POTASSIUM_ION_EXPORT_ACROSS_PLASMA_MEMBRANE	20		Rejected!	
GOBP_L_ARGININE_IMPORT_ACROSS_PLASMA_MEMBRANE	6		Rejected!	
GOBP_CALCITONIN_FAMILY_RECEPTOR_SIGNALING_PATHWAY	8		Rejected!	
GOBP_AMYLIN_RECEPTOR_SIGNALING_PATHWAY	6		Rejected!	
GOBP_DOUBLE_STRAND_BREAK_REPAIR_VIA_CLASSICAL_NONHOMOLOGOUS_END_JOINING	6		Rejected!	
GOBP_HISTONE_H3_K4_MONOMETHYLATION	9		Rejected!	
GOBP_RECEPTOR_SIGNALING_PATHWAY_VIA_STAT	185	86		
GOBP_CONNECTIVE_TISSUE_REPLACEMENT	20		Rejected!	
GOBP_CALCINEURIN_MEDIATED_SIGNALING	48	26		
GOBP_SPERM_MOTILITY	120	28		
GOBP_DE_NOVO_CENTRIOLE_ASSEMBLY	5		Rejected!	
GOBP_SKELETAL_MUSCLE_FIBER_DIFFERENTIATION	6		Rejected!	
GOBP_HISTONE_H3_K27_TRIMETHYLATION	9		Rejected!	
GOBP_CENTRIOLE_ASSEMBLY	47	39		
GOBP_DEFENSE_RESPONSE_TO_OTHER_ORGANISM	1116	483		
GOBP_DETECTION_OF_OTHER_ORGANISM	20		Rejected!	
GOBP_DETECTION_OF_EXTERNAL_BIOTIC_STIMULUS	25		Rejected!	
GOBP_CELLULAR_RESPONSE_TO_VIRUS	85	56		
GOBP_OBSERVATIONAL_LEARNING	7		Rejected!	
GOBP_LEARNED_VOCALIZATION_BEHAVIOR_OR_VOCAL_LEARNING	9		Rejected!	
GOBP_CELL_CELL_ADHESION	924	363		
GOBP_CATION_TRANSMEMBRANE_TRANSPORT	910	342		
GOBP_ANION_TRANSMEMBRANE_TRANSPORT	249	109		
GOBP_IMPORT_INTO_CELL	232	89		
GOBP_INORGANIC_ION_TRANSMEMBRANE_TRANSPORT	866	312		
GOBP_INORGANIC_ANION_TRANSMEMBRANE_TRANSPORT	92	32		
GOBP_REGULATION_OF_SYNAPTIC_VESICLE_CYCLE	8		Rejected!	
GOBP_REGULATION_OF_NEUROTRANSMITTER_RECEPTOR_LOCALIZATION_TO_POSTSYNAPTIC_SPECIALIZATION_MEMBRANE	9		Rejected!	
GOBP_POSTSYNAPTIC_SPECIALIZATION_ASSEMBLY	20		Rejected!	
GOBP_NEUROTRANSMITTER_LOADING_INTO_SYNAPTIC_VESICLE	8		Rejected!	
GOBP_CARBOHYDRATE_IMPORT_ACROSS_PLASMA_MEMBRANE	6		Rejected!	
GOBP_GLUCOSE_IMPORT_ACROSS_PLASMA_MEMBRANE	5		Rejected!	
GOBP_IRON_ION_IMPORT_ACROSS_PLASMA_MEMBRANE	7		Rejected!	
GOBP_L_GLUTAMATE_IMPORT_ACROSS_PLASMA_MEMBRANE	16		Rejected!	
GOBP_LEUCINE_IMPORT_ACROSS_PLASMA_MEMBRANE	5		Rejected!	
GOBP_SODIUM_ION_IMPORT_ACROSS_PLASMA_MEMBRANE	25		Rejected!	
GOBP_MAINTENANCE_OF_CELL_NUMBER	141	86		
GOBP_MACROMOLECULE_DEACYLATION	134	106		
GOBP_MACROMOLECULE_DEPALMITOYLATION	14		Rejected!	
GOBP_POSITIVE_REGULATION_OF_THE_FORCE_OF_HEART_CONTRACTION	5		Rejected!	
GOBP_IMPORT_ACROSS_PLASMA_MEMBRANE	182	69		
GOBP_CELL_CELL_ADHESION_VIA_PLASMA_MEMBRANE_ADHESION_MOLECULES	277	49		
GOBP_CELL_AGGREGATION	23		Rejected!	
GOBP_BONE_CELL_DEVELOPMENT	35	24		
GOBP_DETOXIFICATION	150	54		
GOBP_RESPONSE_TO_INTERLEUKIN_7	14		Rejected!	
GOBP_SKIN_EPIDERMIS_DEVELOPMENT	93	36		
GOBP_POSITIVE_REGULATION_OF_MITOPHAGY_IN_RESPONSE_TO_MITOCHONDRIAL_DEPOLARIZATION	9		Rejected!	
GOBP_RESPONSE_TO_MITOCHONDRIAL_DEPOLARISATION	19	17		
GOBP_NCRNA_TRANSCRIPTION	57	45		
GOBP_MRNA_CLEAVAGE_INVOLVED_IN_MRNA_PROCESSING	14		Rejected!	
GOBP_XENOPHAGY	13		Rejected!	
GOBP_MRNA_DESTABILIZATION_MEDIATED_GENE_SILENCING	6		Rejected!	
GOBP_REGULATION_OF_RENAL_SYSTEM_PROCESS	33		Rejected!	
GOBP_NEUROTRANSMITTER_REUPTAKE	35		Rejected!	
GOBP_NUCLEAR_CHROMOSOME_SEGREGATION	289	209		
GOBP_SPONTANEOUS_SYNAPTIC_TRANSMISSION	13		Rejected!	
GOBP_MODULATION_OF_EXCITATORY_POSTSYNAPTIC_POTENTIAL	39		Rejected!	
GOBP_FOLATE_TRANSMEMBRANE_TRANSPORT	7		Rejected!	
GOBP_PROTEIN_TRANSPORT_ALONG_MICROTUBULE	12		Rejected!	
GOBP_INTESTINAL_LIPID_ABSORPTION	21		Rejected!	
GOBP_BONE_GROWTH	31		Rejected!	
GOBP_CELLULAR_OXIDANT_DETOXIFICATION	100	39		
GOBP_VESICLE_MEDIATED_TRANSPORT_TO_THE_PLASMA_MEMBRANE	140	100		
GOBP_NEUROTRANSMITTER_RECEPTOR_TRANSPORT_TO_PLASMA_MEMBRANE	16		Rejected!	
GOBP_MAINTENANCE_OF_POSTSYNAPTIC_SPECIALIZATION_STRUCTURE	6		Rejected!	
GOBP_SYNAPSE_PRUNING	11		Rejected!	
GOBP_POSTSYNAPTIC_NEUROTRANSMITTER_RECEPTOR_INTERNALIZATION	12		Rejected!	
GOBP_MODIFICATION_OF_POSTSYNAPTIC_ACTIN_CYTOSKELETON	8		Rejected!	
GOBP_NEUROTRANSMITTER_RECEPTOR_TRANSPORT_ENDOSOME_TO_POSTSYNAPTIC_MEMBRANE	10		Rejected!	
GOBP_REGULATION_OF_ACTION_POTENTIAL	57	21		
GOBP_REGULATION_OF_CARDIAC_MUSCLE_CELL_ACTION_POTENTIAL	28		Rejected!	
GOBP_REGULATION_OF_MEMBRANE_DEPOLARIZATION_DURING_ACTION_POTENTIAL	6		Rejected!	
GOBP_REGULATION_OF_MEMBRANE_REPOLARIZATION_DURING_ACTION_POTENTIAL	10		Rejected!	
GOBP_REGULATION_OF_NEURONAL_ACTION_POTENTIAL	5		Rejected!	
GOBP_REGULATION_OF_CARDIAC_MUSCLE_CELL_ACTION_POTENTIAL_INVOLVED_IN_REGULATION_OF_CONTRACTION	8		Rejected!	
GOBP_REGULATION_OF_VENTRICULAR_CARDIAC_MUSCLE_CELL_ACTION_POTENTIAL	12		Rejected!	
GOBP_MEMBRANE_REPOLARIZATION_DURING_ATRIAL_CARDIAC_MUSCLE_CELL_ACTION_POTENTIAL	7		Rejected!	
GOBP_MEMBRANE_REPOLARIZATION_DURING_VENTRICULAR_CARDIAC_MUSCLE_CELL_ACTION_POTENTIAL	16		Rejected!	
GOBP_RETROGRADE_TRANS_SYNAPTIC_SIGNALING	10		Rejected!	
GOBP_RETROGRADE_TRANS_SYNAPTIC_SIGNALING_BY_LIPID	5		Rejected!	
GOBP_POSTSYNAPTIC_SIGNAL_TRANSDUCTION	38	18		
GOBP_VESICLE_MEDIATED_TRANSPORT_BETWEEN_ENDOSOMAL_COMPARTMENTS	45	37		
GOBP_AXONAL_TRANSPORT	65	44		
GOBP_DENDRITIC_TRANSPORT	12		Rejected!	
GOBP_ANTEROGRADE_DENDRITIC_TRANSPORT	8		Rejected!	
GOBP_NEUROTRANSMITTER_RECEPTOR_TRANSPORT_POSTSYNAPTIC_ENDOSOME_TO_LYSOSOME	7		Rejected!	
GOBP_RECEPTOR_DIFFUSION_TRAPPING	9		Rejected!	
GOBP_ANTEROGRADE_AXONAL_TRANSPORT_OF_MITOCHONDRION	6		Rejected!	
GOBP_REGULATION_OF_POSTSYNAPTIC_NEUROTRANSMITTER_RECEPTOR_ACTIVITY	17		Rejected!	
GOBP_ANTEROGRADE_DENDRITIC_TRANSPORT_OF_NEUROTRANSMITTER_RECEPTOR_COMPLEX	5		Rejected!	
GOBP_POSTSYNAPTIC_ACTIN_CYTOSKELETON_ORGANIZATION	10		Rejected!	
GOBP_EXCITATORY_CHEMICAL_SYNAPTIC_TRANSMISSION	9		Rejected!	
GOBP_VESICLE_MEDIATED_TRANSPORT_IN_SYNAPSE	198	91		
GOBP_CALMODULIN_DEPENDENT_KINASE_SIGNALING_PATHWAY	8		Rejected!	
GOBP_MODIFICATION_OF_POSTSYNAPTIC_STRUCTURE	13		Rejected!	
GOBP_VESICLE_TETHERING	8		Rejected!	
GOBP_SPHINGOLIPID_TRANSLOCATION	5		Rejected!	
GOBP_VESICLE_TETHERING_TO_GOLGI	6		Rejected!	
GOBP_POSTSYNAPSE_ASSEMBLY	29		Rejected!	
GOBP_REGULATION_OF_POSTSYNAPTIC_MEMBRANE_NEUROTRANSMITTER_RECEPTOR_LEVELS	56	21		
GOBP_POSTSYNAPTIC_SPECIALIZATION_ORGANIZATION	33		Rejected!	
GOBP_MICROTUBULE_BASED_TRANSPORT	197	114		
GOBP_TRNA_5_END_PROCESSING	16		Rejected!	
GOBP_REGULATION_OF_POSTSYNAPTIC_NEUROTRANSMITTER_RECEPTOR_INTERNALIZATION	10		Rejected!	
GOBP_REGULATION_OF_POSTSYNAPTIC_SPECIALIZATION_ASSEMBLY	11		Rejected!	
GOBP_REGULATION_OF_MODIFICATION_OF_POSTSYNAPTIC_STRUCTURE	6		Rejected!	
GOBP_POSTSYNAPTIC_MODULATION_OF_CHEMICAL_SYNAPTIC_TRANSMISSION	14		Rejected!	
GOBP_PRESYNAPTIC_MODULATION_OF_CHEMICAL_SYNAPTIC_TRANSMISSION	11		Rejected!	
GOBP_PRESYNAPSE_ORGANIZATION	52		Rejected!	
GOBP_POSTSYNAPSE_ORGANIZATION	162	77		
GOBP_REGULATION_OF_PRESYNAPSE_ORGANIZATION	34		Rejected!	
GOBP_REGULATION_OF_POSTSYNAPSE_ORGANIZATION	84	38		
GOBP_REGULATION_OF_TRANS_SYNAPTIC_SIGNALING	429	164		
GOBP_POSTSYNAPTIC_CYTOSKELETON_ORGANIZATION	12		Rejected!	
GOBP_VESICLE_FUSION_TO_PLASMA_MEMBRANE	22		Rejected!	
GOBP_REGULATION_OF_PRESYNAPTIC_MEMBRANE_POTENTIAL	6		Rejected!	
GOBP_REGULATION_OF_PRESYNAPTIC_CYTOSOLIC_CALCIUM_ION_CONCENTRATION	15		Rejected!	
GOBP_SYNAPTIC_VESICLE_CYTOSKELETAL_TRANSPORT	19		Rejected!	
GOBP_ACTIN_FILAMENT_BASED_TRANSPORT	21		Rejected!	
GOBP_VESICLE_CYTOSKELETAL_TRAFFICKING	71	47		
GOBP_PRESYNAPTIC_DENSE_CORE_VESICLE_EXOCYTOSIS	5		Rejected!	
GOBP_POSTSYNAPSE_TO_NUCLEUS_SIGNALING_PATHWAY	9		Rejected!	
GOBP_SYNAPTIC_VESICLE_ENDOSOMAL_PROCESSING	9		Rejected!	
GOBP_SYNAPTIC_SIGNALING	741	262		
GOBP_TRANS_SYNAPTIC_SIGNALING_BY_LIPID	7		Rejected!	
GOBP_TRANS_SYNAPTIC_SIGNALING_BY_TRANS_SYNAPTIC_COMPLEX	8		Rejected!	
GOBP_REGULATION_OF_TRANSLATION_AT_SYNAPSE_MODULATING_SYNAPTIC_TRANSMISSION	5		Rejected!	
GOBP_TRANS_SYNAPTIC_SIGNALING_MODULATING_SYNAPTIC_TRANSMISSION	13		Rejected!	
GOBP_MAINTENANCE_OF_SYNAPSE_STRUCTURE	21		Rejected!	
GOBP_SYNAPTIC_MEMBRANE_ADHESION	25		Rejected!	
GOBP_MODIFICATION_OF_SYNAPTIC_STRUCTURE	20		Rejected!	
GOBP_CHEMICAL_SYNAPTIC_TRANSMISSION_POSTSYNAPTIC	101	29		
GOBP_REGULATION_OF_POSTSYNAPTIC_CYTOSOLIC_CALCIUM_ION_CONCENTRATION	10		Rejected!	
GOBP_INORGANIC_ION_IMPORT_ACROSS_PLASMA_MEMBRANE	111	33		
GOBP_NEUROTRANSMITTER_RECEPTOR_INTERNALIZATION	19		Rejected!	
GOBP_REGULATION_OF_NEUROTRANSMITTER_RECEPTOR_ACTIVITY	61	19		
GOBP_PROTEIN_LOCALIZATION_TO_AXON	9		Rejected!	
GOBP_CARDIAC_MUSCLE_CELL_MEMBRANE_REPOLARIZATION	40		Rejected!	
GOBP_REGULATION_OF_CARDIAC_MUSCLE_CELL_MEMBRANE_REPOLARIZATION	30		Rejected!	
GOBP_ATRIAL_CARDIAC_MUSCLE_CELL_MEMBRANE_REPOLARIZATION	11		Rejected!	
GOBP_VENTRICULAR_CARDIAC_MUSCLE_CELL_MEMBRANE_REPOLARIZATION	29		Rejected!	
GOBP_NEUROTRANSMITTER_RECEPTOR_TRANSPORT	24		Rejected!	
GOBP_ENDOSOME_TO_PLASMA_MEMBRANE_PROTEIN_TRANSPORT	15		Rejected!	
GOBP_AXO_DENDRITIC_PROTEIN_TRANSPORT	8		Rejected!	
GOBP_NEUROTRANSMITTER_RECEPTOR_LOCALIZATION_TO_POSTSYNAPTIC_SPECIALIZATION_MEMBRANE	16		Rejected!	
GOBP_VASCULAR_ENDOTHELIAL_CELL_PROLIFERATION	49		Rejected!	
GOBP_MITOTIC_NUCLEAR_MEMBRANE_ORGANIZATION	9		Rejected!	
GOBP_INTESTINAL_HEXOSE_ABSORPTION	5		Rejected!	
GOBP_REGULATION_OF_INFLAMMATORY_RESPONSE_TO_WOUNDING	6		Rejected!	
GOBP_NEURON_PROJECTION_ORGANIZATION	89	52		
GOBP_PROTEIN_MATURATION_BY_4FE_4S_CLUSTER_TRANSFER	6		Rejected!	
GOBP_REGULATION_OF_CELLULAR_RESPONSE_TO_OSMOTIC_STRESS	11		Rejected!	
GOBP_REGULATION_OF_CALCINEURIN_MEDIATED_SIGNALING	36	19		
GOBP_NEGATIVE_REGULATION_OF_CALCINEURIN_MEDIATED_SIGNALING	15		Rejected!	
GOBP_POSITIVE_REGULATION_OF_CALCINEURIN_MEDIATED_SIGNALING	16		Rejected!	
GOBP_REGULATION_OF_ADENYLATE_CYCLASE_ACTIVATING_G_PROTEIN_COUPLED_RECEPTOR_SIGNALING_PATHWAY	15		Rejected!	
GOBP_NEGATIVE_REGULATION_OF_ADENYLATE_CYCLASE_ACTIVATING_G_PROTEIN_COUPLED_RECEPTOR_SIGNALING_PATHWAY	12		Rejected!	
GOBP_AMINOACYL_TRNA_METABOLISM_INVOLVED_IN_TRANSLATIONAL_FIDELITY	13		Rejected!	
GOBP_REGULATION_OF_GLUTAMATE_RECEPTOR_CLUSTERING	5		Rejected!	
GOBP_PROTEIN_DNA_COVALENT_CROSS_LINKING_REPAIR	7		Rejected!	
GOBP_PURINE_RIBONUCLEOTIDE_SALVAGE	8		Rejected!	
GOBP_REGULATION_OF_ACTOMYOSIN_STRUCTURE_ORGANIZATION	101	57		
GOBP_CARDIAC_MUSCLE_MYOBLAST_PROLIFERATION	7		Rejected!	
GOBP_REGULATION_OF_ACTIN_FILAMENT_ORGANIZATION	268	150		
GOBP_HIPPOCAMPAL_NEURON_APOPTOTIC_PROCESS	5		Rejected!	
GOBP_CELLULAR_DETOXIFICATION_OF_ALDEHYDE	9		Rejected!	
GOBP_CELLULAR_RESPONSE_TO_ALDEHYDE	13		Rejected!	
GOBP_MRNA_ALTERNATIVE_POLYADENYLATION	5		Rejected!	
GOBP_POSITIVE_REGULATION_OF_ANIMAL_ORGAN_MORPHOGENESIS	34		Rejected!	
GOBP_REGULATION_OF_LIPID_TRANSPORTER_ACTIVITY	6		Rejected!	
GOBP_BIOMINERALIZATION	171	57		
GOBP_REGULATION_OF_BIOMINERALIZATION	102	35		
GOBP_NEGATIVE_REGULATION_OF_BIOMINERALIZATION	30		Rejected!	
GOBP_POSITIVE_REGULATION_OF_BIOMINERALIZATION	53	18		
GOBP_RNA_DECAPPING	18	15		
GOBP_METHYLGUANOSINE_CAP_DECAPPING	15		Rejected!	
GOBP_INTERMEMBRANE_LIPID_TRANSFER	49	33		
GOBP_NEGATIVE_REGULATION_OF_PLASMA_MEMBRANE_BOUNDED_CELL_PROJECTION_ASSEMBLY	36	23		
GOBP_POSITIVE_REGULATION_OF_PLASMA_MEMBRANE_BOUNDED_CELL_PROJECTION_ASSEMBLY	106	65		
GOBP_REGULATION_OF_MACROPHAGE_PROLIFERATION	7		Rejected!	
GOBP_POSITIVE_REGULATION_OF_COLD_INDUCED_THERMOGENESIS	98	50		
GOBP_NEGATIVE_REGULATION_OF_COLD_INDUCED_THERMOGENESIS	47	25		
GOBP_STEROID_HORMONE_BIOSYNTHETIC_PROCESS	41		Rejected!	
GOBP_REGULATION_OF_FOCAL_ADHESION_DISASSEMBLY	6		Rejected!	
GOBP_REGULATION_OF_BILE_ACID_SECRETION	6		Rejected!	
GOBP_TIGHT_JUNCTION_ORGANIZATION	82	30		
GOBP_MUCOCILIARY_CLEARANCE	8		Rejected!	
GOBP_HYDROCARBON_METABOLIC_PROCESS	7		Rejected!	
GOBP_OLEFINIC_COMPOUND_METABOLIC_PROCESS	157	46		
GOBP_OLEFINIC_COMPOUND_BIOSYNTHETIC_PROCESS	24		Rejected!	
GOBP_REGULATION_OF_PIGMENTATION	14		Rejected!	
GOBP_SPERM_FLAGELLUM_ASSEMBLY	32		Rejected!	
GOBP_SPERM_MITOCHONDRIAL_SHEATH_ASSEMBLY	5		Rejected!	
GOBP_MITOTIC_NUCLEAR_DIVISION	296	230		
GOBP_MITOCHONDRIAL_ADP_TRANSMEMBRANE_TRANSPORT	5		Rejected!	
GOBP_EXOCYTIC_PROCESS	75	43		
GOBP_LIPID_DROPLET_FORMATION	12		Rejected!	
GOBP_CELLULAR_RESPONSE_TO_OXIDISED_LOW_DENSITY_LIPOPROTEIN_PARTICLE_STIMULUS	12		Rejected!	
GOBP_MITOCHONDRIAL_GENE_EXPRESSION	104	95		
GOBP_NEURON_PROJECTION_ARBORIZATION	30		Rejected!	
GOBP_DENDRITE_ARBORIZATION	10		Rejected!	
GOBP_EXTRACELLULAR_VESICLE_BIOGENESIS	25	19		
GOBP_EXPORT_ACROSS_PLASMA_MEMBRANE	74	30		
GOBP_POSITIVE_REGULATION_OF_LYMPHOCYTE_CHEMOTAXIS	20		Rejected!	
GOBP_OLIGOPEPTIDE_IMPORT_ACROSS_PLASMA_MEMBRANE	5		Rejected!	
GOBP_REGULATION_OF_LONG_CHAIN_FATTY_ACID_IMPORT_INTO_CELL	8		Rejected!	
GOBP_PRESYNAPTIC_ENDOCYTOSIS	61	31		
GOBP_PROTEIN_MONO_ADP_RIBOSYLATION	12		Rejected!	
GOBP_AMINOPHOSPHOLIPID_TRANSLOCATION	7		Rejected!	
GOBP_EXPORT_FROM_CELL	858	391		
GOBP_LIPID_EXPORT_FROM_CELL	43		Rejected!	
GOBP_LIPID_IMPORT_INTO_CELL	18		Rejected!	
GOBP_CYCLIC_GMP_AMP_TRANSMEMBRANE_IMPORT_ACROSS_PLASMA_MEMBRANE	5		Rejected!	
GOBP_ANTIVIRAL_INNATE_IMMUNE_RESPONSE	17		Rejected!	
GOBP_SIGNALING_RECEPTOR_LIGAND_PRECURSOR_PROCESSING	36	16		
GOBP_INTEGRATED_STRESS_RESPONSE_SIGNALING	22	20		
GOBP_GRANZYME_MEDIATED_PROGRAMMED_CELL_DEATH_SIGNALING_PATHWAY	7		Rejected!	
GOBP_DEFENSE_RESPONSE_TO_SYMBIONT	291	179		
GOBP_UBIQUITIN_DEPENDENT_PROTEIN_CATABOLIC_PROCESS_VIA_THE_C_END_DEGRON_RULE_PATHWAY	9		Rejected!	
GOBP_INFLAMMASOME_COMPLEX_ASSEMBLY	25		Rejected!	
GOBP_NON_MEMBRANE_BOUNDED_ORGANELLE_ASSEMBLY	400	272		
GOBP_FACULTATIVE_HETEROCHROMATIN_ASSEMBLY	32	25		
GOBP_CONSTITUTIVE_HETEROCHROMATIN_ASSEMBLY	10		Rejected!	
GOBP_REGULATION_OF_SPONTANEOUS_SYNAPTIC_TRANSMISSION	6		Rejected!	
GOBP_REGULATION_OF_NEURON_PROJECTION_ARBORIZATION	15		Rejected!	
GOBP_POSITIVE_REGULATION_OF_NEURON_PROJECTION_ARBORIZATION	8		Rejected!	
GOBP_REGULATION_OF_DEACETYLASE_ACTIVITY	12		Rejected!	
GOBP_NEUROINFLAMMATORY_RESPONSE	45	16		
GOBP_POSITIVE_REGULATION_OF_NEUROINFLAMMATORY_RESPONSE	18		Rejected!	
GOBP_NEGATIVE_REGULATION_OF_NEUROINFLAMMATORY_RESPONSE	18		Rejected!	
GOBP_AMYLOID_BETA_CLEARANCE_BY_TRANSCYTOSIS	7		Rejected!	
GOBP_AMYLOID_BETA_CLEARANCE_BY_CELLULAR_CATABOLIC_PROCESS	8		Rejected!	
GOBP_NEURON_GLIAL_CELL_SIGNALING	5		Rejected!	
GOBP_PROTEIN_LOCALIZATION_TO_CELL_CELL_JUNCTION	21	15		
GOBP_CELL_SUBSTRATE_JUNCTION_ORGANIZATION	98	61		
GOBP_REGULATION_OF_CELL_SUBSTRATE_JUNCTION_ORGANIZATION	68	40		
GOBP_POSITIVE_REGULATION_OF_CELL_SUBSTRATE_JUNCTION_ORGANIZATION	31	17		
GOBP_NEGATIVE_REGULATION_OF_CELL_SUBSTRATE_JUNCTION_ORGANIZATION	17		Rejected!	
GOBP_CELL_JUNCTION_DISASSEMBLY	21		Rejected!	
GOBP_REGULATION_OF_PHOSPHATIDYLCHOLINE_METABOLIC_PROCESS	10		Rejected!	
GOBP_CELL_CELL_SIGNALING_BY_WNT	455	218		
GOBP_POSITIVE_REGULATION_OF_DENDRITE_DEVELOPMENT	17		Rejected!	
GOBP_NEGATIVE_REGULATION_OF_CYTOKINE_PRODUCTION_INVOLVED_IN_INFLAMMATORY_RESPONSE	39		Rejected!	
GOBP_POSITIVE_REGULATION_OF_CYTOKINE_PRODUCTION_INVOLVED_IN_INFLAMMATORY_RESPONSE	27		Rejected!	
GOBP_REGULATION_OF_PROTEIN_KINASE_C_ACTIVITY	6		Rejected!	
GOBP_REGULATION_OF_SUBSTRATE_ADHESION_DEPENDENT_CELL_SPREADING	58	34		
GOBP_POSITIVE_REGULATION_OF_SUBSTRATE_ADHESION_DEPENDENT_CELL_SPREADING	42	27		
GOBP_REGULATION_OF_RUFFLE_ASSEMBLY	32	21		
GOBP_NEGATIVE_REGULATION_OF_RUFFLE_ASSEMBLY	7		Rejected!	
GOBP_POSITIVE_REGULATION_OF_RUFFLE_ASSEMBLY	15		Rejected!	
GOBP_REGULATION_OF_CELLULAR_RESPONSE_TO_HEAT	17	15		
GOBP_REGULATION_OF_CELLULAR_RESPONSE_TO_HYPOXIA	17		Rejected!	
GOBP_NEGATIVE_REGULATION_OF_CELLULAR_RESPONSE_TO_HYPOXIA	9		Rejected!	
GOBP_REGULATION_OF_PROTEIN_K63_LINKED_UBIQUITINATION	16		Rejected!	
GOBP_NEGATIVE_REGULATION_OF_PROTEIN_K63_LINKED_UBIQUITINATION	8		Rejected!	
GOBP_NEGATIVE_REGULATION_OF_CERAMIDE_BIOSYNTHETIC_PROCESS	5		Rejected!	
GOBP_REGULATION_OF_CELLULAR_RESPONSE_TO_INSULIN_STIMULUS	67	38		
GOBP_NEGATIVE_REGULATION_OF_CELLULAR_RESPONSE_TO_INSULIN_STIMULUS	40	23		
GOBP_POSITIVE_REGULATION_OF_CELLULAR_RESPONSE_TO_INSULIN_STIMULUS	25		Rejected!	
GOBP_POSITIVE_REGULATION_OF_G1_S_TRANSITION_OF_MITOTIC_CELL_CYCLE	53	32		
GOBP_REGULATION_OF_ENDOPLASMIC_RETICULUM_UNFOLDED_PROTEIN_RESPONSE	30	24		
GOBP_NEGATIVE_REGULATION_OF_ENDOPLASMIC_RETICULUM_UNFOLDED_PROTEIN_RESPONSE	15		Rejected!	
GOBP_POSITIVE_REGULATION_OF_ENDOPLASMIC_RETICULUM_UNFOLDED_PROTEIN_RESPONSE	13		Rejected!	
GOBP_REGULATION_OF_NODAL_SIGNALING_PATHWAY	10		Rejected!	
GOBP_NEGATIVE_REGULATION_OF_NODAL_SIGNALING_PATHWAY	5		Rejected!	
GOBP_REGULATION_OF_HISTONE_H3_K9_TRIMETHYLATION	12		Rejected!	
GOBP_NEGATIVE_REGULATION_OF_HISTONE_H3_K9_TRIMETHYLATION	6		Rejected!	
GOBP_EXTRACELLULAR_REGULATION_OF_SIGNAL_TRANSDUCTION	13		Rejected!	
GOBP_REGULATION_OF_EXECUTION_PHASE_OF_APOPTOSIS	29		Rejected!	
GOBP_NEGATIVE_REGULATION_OF_EXECUTION_PHASE_OF_APOPTOSIS	21		Rejected!	
GOBP_POSITIVE_REGULATION_OF_EXECUTION_PHASE_OF_APOPTOSIS	8		Rejected!	
GOBP_REGULATION_OF_RECEPTOR_BINDING	23		Rejected!	
GOBP_NEGATIVE_REGULATION_OF_RECEPTOR_BINDING	13		Rejected!	
GOBP_POSITIVE_REGULATION_OF_RECEPTOR_BINDING	8		Rejected!	
GOBP_REGULATION_OF_HYALURONAN_BIOSYNTHETIC_PROCESS	8		Rejected!	
GOBP_REGULATION_OF_NODAL_SIGNALING_PATHWAY_INVOLVED_IN_DETERMINATION_OF_LEFT_RIGHT_ASYMMETRY	5		Rejected!	
GOBP_REGULATION_OF_DEFENSE_RESPONSE_TO_FUNGUS	6		Rejected!	
GOBP_REGULATION_OF_NUCLEAR_TRANSCRIBED_MRNA_CATABOLIC_PROCESS_DEADENYLATION_DEPENDENT_DECAY	26	20		
GOBP_NEGATIVE_REGULATION_OF_NUCLEAR_TRANSCRIBED_MRNA_CATABOLIC_PROCESS_DEADENYLATION_DEPENDENT_DECAY	12		Rejected!	
GOBP_POSITIVE_REGULATION_OF_NUCLEAR_TRANSCRIBED_MRNA_CATABOLIC_PROCESS_DEADENYLATION_DEPENDENT_DECAY	15		Rejected!	
GOBP_REGULATION_OF_BONE_MINERALIZATION_INVOLVED_IN_BONE_MATURATION	6		Rejected!	
GOBP_REGULATION_OF_PROTEIN_LOCALIZATION_TO_NUCLEUS	132	100		
GOBP_NEGATIVE_REGULATION_OF_PROTEIN_LOCALIZATION_TO_NUCLEUS	34	22		
GOBP_POSITIVE_REGULATION_OF_PROTEIN_LOCALIZATION_TO_NUCLEUS	84	67		
GOBP_REGULATION_OF_OOCYTE_MATURATION	6		Rejected!	
GOBP_REGULATION_OF_AMYLOID_BETA_CLEARANCE	20		Rejected!	
GOBP_NEGATIVE_REGULATION_OF_AMYLOID_BETA_CLEARANCE	11		Rejected!	
GOBP_POSITIVE_REGULATION_OF_AMYLOID_BETA_CLEARANCE	8		Rejected!	
GOBP_NEGATIVE_REGULATION_OF_NLRP3_INFLAMMASOME_COMPLEX_ASSEMBLY	9		Rejected!	
GOBP_POSITIVE_REGULATION_OF_NLRP3_INFLAMMASOME_COMPLEX_ASSEMBLY	12		Rejected!	
GOBP_REGULATION_OF_PHENOTYPIC_SWITCHING	6		Rejected!	
GOBP_REGULATION_OF_SYNAPTIC_VESICLE_ENDOCYTOSIS	13		Rejected!	
GOBP_POSITIVE_REGULATION_OF_SYNAPTIC_VESICLE_ENDOCYTOSIS	6		Rejected!	
GOBP_POSITIVE_REGULATION_OF_RIG_I_SIGNALING_PATHWAY	10		Rejected!	
GOBP_REGULATION_OF_CYTOPLASMIC_TRANSLATIONAL_ELONGATION	11		Rejected!	
GOBP_REGULATION_OF_DNA_DIRECTED_DNA_POLYMERASE_ACTIVITY	13		Rejected!	
GOBP_REGULATION_OF_LONG_TERM_SYNAPTIC_POTENTIATION	45	22		
GOBP_NEGATIVE_REGULATION_OF_LONG_TERM_SYNAPTIC_POTENTIATION	12		Rejected!	
GOBP_POSITIVE_REGULATION_OF_LONG_TERM_SYNAPTIC_POTENTIATION	22		Rejected!	
GOBP_REGULATION_OF_PHOSPHOLIPASE_C_ACTIVITY	43	19		
GOBP_REGULATION_OF_MRNA_POLYADENYLATION	20	17		
GOBP_NEGATIVE_REGULATION_OF_SECONDARY_METABOLITE_BIOSYNTHETIC_PROCESS	5		Rejected!	
GOBP_POSITIVE_REGULATION_OF_SECONDARY_METABOLITE_BIOSYNTHETIC_PROCESS	8		Rejected!	
GOBP_NEGATIVE_REGULATION_OF_CELLULAR_RESPONSE_TO_OXIDATIVE_STRESS	6		Rejected!	
GOBP_REGULATION_OF_DEFENSE_RESPONSE_TO_BACTERIUM	20		Rejected!	
GOBP_NEGATIVE_REGULATION_OF_DEFENSE_RESPONSE_TO_BACTERIUM	6		Rejected!	
GOBP_POSITIVE_REGULATION_OF_DEFENSE_RESPONSE_TO_BACTERIUM	13		Rejected!	
GOBP_REGULATION_OF_GLUTAMATE_RECEPTOR_SIGNALING_PATHWAY	6		Rejected!	
GOBP_REGULATION_OF_LONG_TERM_SYNAPTIC_DEPRESSION	13		Rejected!	
GOBP_POSITIVE_REGULATION_OF_LONG_TERM_SYNAPTIC_DEPRESSION	6		Rejected!	
GOBP_REGULATION_OF_PHOSPHOLIPASE_C_ACTIVATING_G_PROTEIN_COUPLED_RECEPTOR_SIGNALING_PATHWAY	5		Rejected!	
GOBP_REGULATION_OF_P38MAPK_CASCADE	48	27		
GOBP_POSITIVE_REGULATION_OF_P38MAPK_CASCADE	32	17		
GOBP_POSITIVE_REGULATION_OF_VASCULAR_ENDOTHELIAL_GROWTH_FACTOR_SIGNALING_PATHWAY	7		Rejected!	
GOBP_REGULATION_OF_MEMBRANE_DEPOLARIZATION_DURING_CARDIAC_MUSCLE_CELL_ACTION_POTENTIAL	5		Rejected!	
GOBP_MITOCHONDRIAL_RNA_MODIFICATION	9		Rejected!	
GOBP_REGULATION_OF_POTASSIUM_ION_TRANSMEMBRANE_TRANSPORTER_ACTIVITY	67	21		
GOBP_POSITIVE_REGULATION_OF_POTASSIUM_ION_TRANSMEMBRANE_TRANSPORTER_ACTIVITY	27		Rejected!	
GOBP_REGULATION_OF_CALCIUM_ION_TRANSMEMBRANE_TRANSPORTER_ACTIVITY	91	33		
GOBP_POSITIVE_REGULATION_OF_CALCIUM_ION_TRANSMEMBRANE_TRANSPORTER_ACTIVITY	37	17		
GOBP_REGULATION_OF_MITOCHONDRIAL_OUTER_MEMBRANE_PERMEABILIZATION_INVOLVED_IN_APOPTOTIC_SIGNALING_PATHWAY	21	15		
GOBP_NEGATIVE_REGULATION_OF_MITOCHONDRIAL_OUTER_MEMBRANE_PERMEABILIZATION_INVOLVED_IN_APOPTOTIC_SIGNALING_PATHWAY	9		Rejected!	
GOBP_POSITIVE_REGULATION_OF_MITOCHONDRIAL_OUTER_MEMBRANE_PERMEABILIZATION_INVOLVED_IN_APOPTOTIC_SIGNALING_PATHWAY	11		Rejected!	
GOBP_REGULATION_OF_RESPONSE_TO_REACTIVE_OXYGEN_SPECIES	40	17		
GOBP_NEGATIVE_REGULATION_OF_RESPONSE_TO_REACTIVE_OXYGEN_SPECIES	22		Rejected!	
GOBP_POSITIVE_REGULATION_OF_RESPONSE_TO_REACTIVE_OXYGEN_SPECIES	8		Rejected!	
GOBP_GLUCOSAMINE_CONTAINING_COMPOUND_METABOLIC_PROCESS	25		Rejected!	
GOBP_GLUCOSAMINE_CONTAINING_COMPOUND_CATABOLIC_PROCESS	9		Rejected!	
GOBP_REGULATION_OF_RELAXATION_OF_MUSCLE	14		Rejected!	
GOBP_NEGATIVE_REGULATION_OF_RELAXATION_OF_MUSCLE	7		Rejected!	
GOBP_REGULATION_OF_AUTOPHAGOSOME_MATURATION	16		Rejected!	
GOBP_NEGATIVE_REGULATION_OF_AUTOPHAGOSOME_MATURATION	5		Rejected!	
GOBP_POSITIVE_REGULATION_OF_AUTOPHAGOSOME_MATURATION	6		Rejected!	
GOBP_NEGATIVE_REGULATION_OF_SIGNAL_TRANSDUCTION_IN_ABSENCE_OF_LIGAND	33	18		
GOBP_CARBOHYDRATE_DERIVATIVE_METABOLIC_PROCESS	1026		Rejected!	
GOBP_CARBOHYDRATE_DERIVATIVE_CATABOLIC_PROCESS	170	99		
GOBP_CARBOHYDRATE_DERIVATIVE_BIOSYNTHETIC_PROCESS	617	376		
GOBP_INSULIN_METABOLIC_PROCESS	12		Rejected!	
GOBP_PRIMARY_AMINO_COMPOUND_METABOLIC_PROCESS	14		Rejected!	
GOBP_PRIMARY_AMINO_COMPOUND_BIOSYNTHETIC_PROCESS	6		Rejected!	
GOBP_NEGATIVE_REGULATION_OF_TROPHOBLAST_CELL_MIGRATION	8		Rejected!	
GOBP_POSITIVE_REGULATION_OF_TROPHOBLAST_CELL_MIGRATION	7		Rejected!	
GOBP_NEURAL_CREST_CELL_MIGRATION_INVOLVED_IN_AUTONOMIC_NERVOUS_SYSTEM_DEVELOPMENT	6		Rejected!	
GOBP_REGULATION_OF_ERBB_SIGNALING_PATHWAY	79	39		
GOBP_NEGATIVE_REGULATION_OF_ERBB_SIGNALING_PATHWAY	32	22		
GOBP_POSITIVE_REGULATION_OF_ERBB_SIGNALING_PATHWAY	38	15		
GOBP_REGULATION_OF_EXTRACELLULAR_MATRIX_ASSEMBLY	16		Rejected!	
GOBP_POSITIVE_REGULATION_OF_EXTRACELLULAR_MATRIX_ASSEMBLY	10		Rejected!	
GOBP_REGULATION_OF_TRANSCRIPTION_FROM_RNA_POLYMERASE_II_PROMOTER_INVOLVED_IN_HEART_DEVELOPMENT	8		Rejected!	
GOBP_NEGATIVE_REGULATION_OF_NEURON_DEATH	209	110		
GOBP_POSITIVE_REGULATION_OF_NEURON_DEATH	87	55		
GOBP_REGULATION_OF_NIK_NF_KAPPAB_SIGNALING	113	65		
GOBP_NEGATIVE_REGULATION_OF_NIK_NF_KAPPAB_SIGNALING	40	18		
GOBP_POSITIVE_REGULATION_OF_NIK_NF_KAPPAB_SIGNALING	67	42		
GOBP_POSITIVE_REGULATION_OF_TRANSCRIPTION_FROM_RNA_POLYMERASE_II_PROMOTER_INVOLVED_IN_HEART_DEVELOPMENT	5		Rejected!	
GOBP_CARBOHYDRATE_DERIVATIVE_TRANSPORT	81	58		
GOBP_NUCLEOSIDE_PHOSPHATE_CATABOLIC_PROCESS	83	52		
GOBP_NUCLEOSIDE_PHOSPHATE_BIOSYNTHETIC_PROCESS	256	138		
GOBP_REGULATION_OF_HYDROGEN_PEROXIDE_MEDIATED_PROGRAMMED_CELL_DEATH	13		Rejected!	
GOBP_NEGATIVE_REGULATION_OF_HYDROGEN_PEROXIDE_MEDIATED_PROGRAMMED_CELL_DEATH	7		Rejected!	
GOBP_POSITIVE_REGULATION_OF_HYDROGEN_PEROXIDE_MEDIATED_PROGRAMMED_CELL_DEATH	6		Rejected!	
GOBP_REGULATION_OF_FLAGELLATED_SPERM_MOTILITY	20		Rejected!	
GOBP_REGULATION_OF_STORE_OPERATED_CALCIUM_CHANNEL_ACTIVITY	8		Rejected!	
GOBP_POSITIVE_REGULATION_OF_STORE_OPERATED_CALCIUM_CHANNEL_ACTIVITY	6		Rejected!	
GOBP_REGULATION_OF_VASCULATURE_DEVELOPMENT	353	116		
GOBP_NEGATIVE_REGULATION_OF_VASCULATURE_DEVELOPMENT	152	36		
GOBP_ORGANIC_CYCLIC_COMPOUND_CATABOLIC_PROCESS	504	336		
GOBP_ACETATE_ESTER_TRANSPORT	6		Rejected!	
GOBP_NEGATIVE_REGULATION_OF_POTASSIUM_ION_TRANSMEMBRANE_TRANSPORT	32		Rejected!	
GOBP_REGULATION_OF_VOLTAGE_GATED_CALCIUM_CHANNEL_ACTIVITY	38		Rejected!	
GOBP_NEGATIVE_REGULATION_OF_VOLTAGE_GATED_CALCIUM_CHANNEL_ACTIVITY	19		Rejected!	
GOBP_POSITIVE_REGULATION_OF_VOLTAGE_GATED_CALCIUM_CHANNEL_ACTIVITY	10		Rejected!	
GOBP_REGULATION_OF_TRANSFORMING_GROWTH_FACTOR_BETA_ACTIVATION	8		Rejected!	
GOBP_REGULATION_OF_TETRAPYRROLE_METABOLIC_PROCESS	10		Rejected!	
GOBP_PYRUVATE_TRANSMEMBRANE_TRANSPORT	5		Rejected!	
GOBP_REGULATION_OF_LYMPHANGIOGENESIS	6		Rejected!	
GOBP_ETHER_BIOSYNTHETIC_PROCESS	12		Rejected!	
GOBP_REGULATION_OF_ENDOTHELIAL_TUBE_MORPHOGENESIS	6		Rejected!	
GOBP_POSITIVE_REGULATION_OF_TRANSCRIPTION_FROM_RNA_POLYMERASE_II_PROMOTER_INVOLVED_IN_CELLULAR_RESPONSE_TO_CHEMICAL_STIMULUS	24	18		
GOBP_ICOSANOID_CATABOLIC_PROCESS	8		Rejected!	
GOBP_REGULATION_OF_MITOPHAGY	12		Rejected!	
GOBP_NEGATIVE_REGULATION_OF_MITOPHAGY	5		Rejected!	
GOBP_POSITIVE_REGULATION_OF_MITOPHAGY	6		Rejected!	
GOBP_REGULATION_OF_HEMATOPOIETIC_PROGENITOR_CELL_DIFFERENTIATION	34	27		
GOBP_NEGATIVE_REGULATION_OF_HEMATOPOIETIC_PROGENITOR_CELL_DIFFERENTIATION	11		Rejected!	
GOBP_POSITIVE_REGULATION_OF_HEMATOPOIETIC_PROGENITOR_CELL_DIFFERENTIATION	5		Rejected!	
GOBP_REGULATION_OF_DNA_DEMETHYLATION	8		Rejected!	
GOBP_POSITIVE_REGULATION_OF_DNA_DEMETHYLATION	5		Rejected!	
GOBP_CHANGES_TO_DNA_METHYLATION_INVOLVED_IN_EMBRYO_DEVELOPMENT	9		Rejected!	
GOBP_REGULATION_OF_ENDOTHELIAL_CELL_DEVELOPMENT	18		Rejected!	
GOBP_POSITIVE_REGULATION_OF_ENDOTHELIAL_CELL_DEVELOPMENT	6		Rejected!	
GOBP_RESPONSE_TO_CAMPTOTHECIN	5		Rejected!	
GOBP_ORGANONITROGEN_COMPOUND_CATABOLIC_PROCESS	1338		Rejected!	
GOBP_ORGANONITROGEN_COMPOUND_BIOSYNTHETIC_PROCESS	1703		Rejected!	
GOBP_FATTY_ACID_DERIVATIVE_METABOLIC_PROCESS	74	38		
GOBP_FATTY_ACID_DERIVATIVE_CATABOLIC_PROCESS	17		Rejected!	
GOBP_FATTY_ACID_DERIVATIVE_BIOSYNTHETIC_PROCESS	50	25		
GOBP_ALPHA_AMINO_ACID_METABOLIC_PROCESS	204	104		
GOBP_ALPHA_AMINO_ACID_CATABOLIC_PROCESS	94	42		
GOBP_REGULATION_OF_VESICLE_TRANSPORT_ALONG_MICROTUBULE	5		Rejected!	
GOBP_ORGANIC_HYDROXY_COMPOUND_METABOLIC_PROCESS	551	249		
GOBP_ORGANIC_HYDROXY_COMPOUND_CATABOLIC_PROCESS	78	33		
GOBP_ORGANIC_HYDROXY_COMPOUND_BIOSYNTHETIC_PROCESS	243	115		
GOBP_REGULATION_OF_SMOOTHENED_SIGNALING_PATHWAY_INVOLVED_IN_DORSAL_VENTRAL_NEURAL_TUBE_PATTERNING	9		Rejected!	
GOBP_NEGATIVE_REGULATION_OF_SMOOTHENED_SIGNALING_PATHWAY_INVOLVED_IN_DORSAL_VENTRAL_NEURAL_TUBE_PATTERNING	6		Rejected!	
GOBP_REGULATION_OF_LYMPHOCYTE_CHEMOTAXIS	26		Rejected!	
GOBP_REGULATION_OF_SYNAPTIC_VESICLE_MEMBRANE_ORGANIZATION	9		Rejected!	
GOBP_NUCLEOSIDE_TRANSMEMBRANE_TRANSPORT	7		Rejected!	
GOBP_RESPONSE_TO_PEPTIDE	494	262		
GOBP_CELLULAR_RESPONSE_TO_PEPTIDE	364	203		
GOBP_RESPONSE_TO_KETONE	190	97		
GOBP_CELLULAR_RESPONSE_TO_KETONE	94	55		
GOBP_GLYCOSIDE_TRANSPORT	5		Rejected!	
GOBP_GLYCOSYL_COMPOUND_METABOLIC_PROCESS	89	48		
GOBP_GLYCOSYL_COMPOUND_CATABOLIC_PROCESS	36	19		
GOBP_GLYCOSYL_COMPOUND_BIOSYNTHETIC_PROCESS	19		Rejected!	
GOBP_CALCIUM_ION_EXPORT	13		Rejected!	
GOBP_QUINONE_METABOLIC_PROCESS	38	23		
GOBP_QUINONE_CATABOLIC_PROCESS	5		Rejected!	
GOBP_REGULATION_OF_SUPEROXIDE_DISMUTASE_ACTIVITY	8		Rejected!	
GOBP_REGULATION_OF_MITOTIC_SPINDLE_ASSEMBLY	23	21		
GOBP_IRON_COORDINATION_ENTITY_TRANSPORT	14		Rejected!	
GOBP_NUCLEOTIDE_TRANSMEMBRANE_TRANSPORT	21	16		
GOBP_RESPONSE_TO_NITROGEN_COMPOUND	1108		Rejected!	
GOBP_CELLULAR_RESPONSE_TO_NITROGEN_COMPOUND	698	355		
GOBP_RESPONSE_TO_OXYGEN_CONTAINING_COMPOUND	1653		Rejected!	
GOBP_CELLULAR_RESPONSE_TO_OXYGEN_CONTAINING_COMPOUND	1199		Rejected!	
GOBP_REGULATION_OF_CELL_PROLIFERATION_INVOLVED_IN_KIDNEY_DEVELOPMENT	15		Rejected!	
GOBP_NEGATIVE_REGULATION_OF_CELL_PROLIFERATION_INVOLVED_IN_KIDNEY_DEVELOPMENT	6		Rejected!	
GOBP_POSITIVE_REGULATION_OF_CELL_PROLIFERATION_INVOLVED_IN_KIDNEY_DEVELOPMENT	8		Rejected!	
GOBP_REGULATION_OF_HISTONE_DEACETYLASE_ACTIVITY	10		Rejected!	
GOBP_POSITIVE_REGULATION_OF_HISTONE_DEACETYLASE_ACTIVITY	6		Rejected!	
GOBP_POSITIVE_REGULATION_OF_PLATELET_AGGREGATION	10		Rejected!	
GOBP_REGULATION_OF_MYOBLAST_FUSION	21		Rejected!	
GOBP_POSITIVE_REGULATION_OF_MYOBLAST_FUSION	16		Rejected!	
GOBP_LEUKOTRIENE_D4_METABOLIC_PROCESS	10		Rejected!	
GOBP_REGULATION_OF_SIGNAL_TRANSDUCTION_BY_P53_CLASS_MEDIATOR	103	77		
GOBP_NEGATIVE_REGULATION_OF_SIGNAL_TRANSDUCTION_BY_P53_CLASS_MEDIATOR	34	21		
GOBP_POSITIVE_REGULATION_OF_SIGNAL_TRANSDUCTION_BY_P53_CLASS_MEDIATOR	28	21		
GOBP_NEGATIVE_REGULATION_OF_PROTEASOMAL_PROTEIN_CATABOLIC_PROCESS	50	32		
GOBP_REGULATION_OF_TRANSCRIPTION_OF_NUCLEOLAR_LARGE_RRNA_BY_RNA_POLYMERASE_I	15		Rejected!	
GOBP_POSITIVE_REGULATION_OF_TRANSCRIPTION_OF_NUCLEOLAR_LARGE_RRNA_BY_RNA_POLYMERASE_I	10		Rejected!	
GOBP_REGULATION_OF_HIGH_VOLTAGE_GATED_CALCIUM_CHANNEL_ACTIVITY	14		Rejected!	
GOBP_NEGATIVE_REGULATION_OF_HIGH_VOLTAGE_GATED_CALCIUM_CHANNEL_ACTIVITY	6		Rejected!	
GOBP_REGULATION_OF_CELL_COMMUNICATION_BY_ELECTRICAL_COUPLING_INVOLVED_IN_CARDIAC_CONDUCTION	12		Rejected!	
GOBP_NEGATIVE_REGULATION_OF_CELLULAR_RESPIRATION	11		Rejected!	
GOBP_POSITIVE_REGULATION_OF_CELLULAR_RESPIRATION	14		Rejected!	
GOBP_NEGATIVE_REGULATION_OF_MUSCLE_TISSUE_DEVELOPMENT	13		Rejected!	
GOBP_POSITIVE_REGULATION_OF_MUSCLE_TISSUE_DEVELOPMENT	24		Rejected!	
GOBP_REGULATION_OF_POST_TRANSLATIONAL_PROTEIN_MODIFICATION	5		Rejected!	
GOBP_REGULATION_OF_PROTEIN_DEPOLYMERIZATION	88	47		
GOBP_POSITIVE_REGULATION_OF_PROTEIN_DEPOLYMERIZATION	19		Rejected!	
GOBP_REGULATION_OF_CELL_JUNCTION_ASSEMBLY	201	67		
GOBP_NEGATIVE_REGULATION_OF_CELL_JUNCTION_ASSEMBLY	32		Rejected!	
GOBP_POSITIVE_REGULATION_OF_CELL_JUNCTION_ASSEMBLY	104	23		
GOBP_REGULATION_OF_ATPASE_COUPLED_CALCIUM_TRANSMEMBRANE_TRANSPORTER_ACTIVITY	13		Rejected!	
GOBP_NEGATIVE_REGULATION_OF_ATPASE_COUPLED_CALCIUM_TRANSMEMBRANE_TRANSPORTER_ACTIVITY	6		Rejected!	
GOBP_POSITIVE_REGULATION_OF_ATPASE_COUPLED_CALCIUM_TRANSMEMBRANE_TRANSPORTER_ACTIVITY	6		Rejected!	
GOBP_REGULATION_OF_RELAXATION_OF_CARDIAC_MUSCLE	6		Rejected!	
GOBP_DENSE_CORE_GRANULE_TRANSPORT	9		Rejected!	
GOBP_REGULATION_OF_CELL_CYCLE_CHECKPOINT	34	30		
GOBP_NEGATIVE_REGULATION_OF_CELL_CYCLE_CHECKPOINT	8		Rejected!	
GOBP_POSITIVE_REGULATION_OF_CELL_CYCLE_CHECKPOINT	11		Rejected!	
GOBP_REGULATION_OF_INWARD_RECTIFIER_POTASSIUM_CHANNEL_ACTIVITY	7		Rejected!	
GOBP_REGULATION_OF_PROTEIN_ACETYLATION	83	59		
GOBP_NEGATIVE_REGULATION_OF_PROTEIN_ACETYLATION	23	15		
GOBP_POSITIVE_REGULATION_OF_PROTEIN_ACETYLATION	48	34		
GOBP_REGULATION_OF_CELL_CYCLE_PHASE_TRANSITION	415	285		
GOBP_NEGATIVE_REGULATION_OF_CELL_CYCLE_PHASE_TRANSITION	255	178		
GOBP_POSITIVE_REGULATION_OF_CELL_CYCLE_PHASE_TRANSITION	123	85		
GOBP_REGULATION_OF_MITOTIC_CELL_CYCLE_PHASE_TRANSITION	321	225		
GOBP_NEGATIVE_REGULATION_OF_MITOTIC_CELL_CYCLE_PHASE_TRANSITION	183	125		
GOBP_POSITIVE_REGULATION_OF_MITOTIC_CELL_CYCLE_PHASE_TRANSITION	100	72		
GOBP_REGULATION_OF_MEIOTIC_CELL_CYCLE_PHASE_TRANSITION	10		Rejected!	
GOBP_POSITIVE_REGULATION_OF_MEIOTIC_CELL_CYCLE_PHASE_TRANSITION	5		Rejected!	
GOBP_TOXIN_TRANSPORT	39	28		
GOBP_FATTY_ACID_TRANSMEMBRANE_TRANSPORT	18		Rejected!	
GOBP_POSITIVE_REGULATION_OF_AMYLOID_BETA_FORMATION	20		Rejected!	
GOBP_REGULATION_OF_CILIUM_ASSEMBLY	89	67		
GOBP_NEGATIVE_REGULATION_OF_CILIUM_ASSEMBLY	17	15		
GOBP_REGULATION_OF_CILIUM_DEPENDENT_CELL_MOTILITY	29		Rejected!	
GOBP_REGULATION_OF_NADP_METABOLIC_PROCESS	5		Rejected!	
GOBP_REGULATION_OF_HEMATOPOIETIC_STEM_CELL_PROLIFERATION	11		Rejected!	
GOBP_POSITIVE_REGULATION_OF_HEMATOPOIETIC_STEM_CELL_PROLIFERATION	6		Rejected!	
GOBP_REGULATION_OF_HEMATOPOIETIC_STEM_CELL_DIFFERENTIATION	15		Rejected!	
GOBP_REGULATION_OF_EXTRINSIC_APOPTOTIC_SIGNALING_PATHWAY_VIA_DEATH_DOMAIN_RECEPTORS	50	31		
GOBP_NEGATIVE_REGULATION_OF_EXTRINSIC_APOPTOTIC_SIGNALING_PATHWAY_VIA_DEATH_DOMAIN_RECEPTORS	31	18		
GOBP_POSITIVE_REGULATION_OF_EXTRINSIC_APOPTOTIC_SIGNALING_PATHWAY_VIA_DEATH_DOMAIN_RECEPTORS	14		Rejected!	
GOBP_POLYAMINE_TRANSMEMBRANE_TRANSPORT	6		Rejected!	
GOBP_RESPONSE_TO_L_GLUTAMATE	11		Rejected!	
GOBP_RESPONSE_TO_SALT	20		Rejected!	
GOBP_CELLULAR_RESPONSE_TO_SALT	7		Rejected!	
GOBP_NEGATIVE_REGULATION_OF_PEPTIDYL_CYSTEINE_S_NITROSYLATION	7		Rejected!	
GOBP_NEGATIVE_REGULATION_OF_METAPHASE_ANAPHASE_TRANSITION_OF_CELL_CYCLE	42	37		
GOBP_POSITIVE_REGULATION_OF_METAPHASE_ANAPHASE_TRANSITION_OF_CELL_CYCLE	16		Rejected!	
GOBP_REGULATION_OF_LEUKOCYTE_DIFFERENTIATION	285	172		
GOBP_REGULATION_OF_MITOCHONDRIAL_MEMBRANE_PERMEABILITY_INVOLVED_IN_APOPTOTIC_PROCESS	45	28		
GOBP_NEGATIVE_REGULATION_OF_MITOCHONDRIAL_MEMBRANE_PERMEABILITY_INVOLVED_IN_APOPTOTIC_PROCESS	5		Rejected!	
GOBP_REGULATION_OF_ORGANELLE_ASSEMBLY	226	171		
GOBP_NEGATIVE_REGULATION_OF_ORGANELLE_ASSEMBLY	43	34		
GOBP_POSITIVE_REGULATION_OF_ORGANELLE_ASSEMBLY	81	63		
GOBP_REGULATION_OF_DNA_DAMAGE_RESPONSE_SIGNAL_TRANSDUCTION_BY_P53_CLASS_MEDIATOR_RESULTING_IN_TRANSCRIPTION_OF_P21_CLASS_MEDIATOR	5		Rejected!	
GOBP_REGULATION_OF_INTRINSIC_APOPTOTIC_SIGNALING_PATHWAY_IN_RESPONSE_TO_DNA_DAMAGE_BY_P53_CLASS_MEDIATOR	17		Rejected!	
GOBP_CELLULAR_RESPONSE_TO_REACTIVE_NITROGEN_SPECIES	19		Rejected!	
GOBP_REGULATION_OF_OXIDATIVE_STRESS_INDUCED_INTRINSIC_APOPTOTIC_SIGNALING_PATHWAY	29	21		
GOBP_NEGATIVE_REGULATION_OF_OXIDATIVE_STRESS_INDUCED_INTRINSIC_APOPTOTIC_SIGNALING_PATHWAY	20		Rejected!	
GOBP_POSITIVE_REGULATION_OF_OXIDATIVE_STRESS_INDUCED_INTRINSIC_APOPTOTIC_SIGNALING_PATHWAY	6		Rejected!	
GOBP_REGULATION_OF_INTRINSIC_APOPTOTIC_SIGNALING_PATHWAY_IN_RESPONSE_TO_OSMOTIC_STRESS	6		Rejected!	
GOBP_NEGATIVE_REGULATION_OF_INTRINSIC_APOPTOTIC_SIGNALING_PATHWAY_IN_RESPONSE_TO_OSMOTIC_STRESS	5		Rejected!	
GOBP_KETONE_BODY_METABOLIC_PROCESS	10		Rejected!	
GOBP_REGULATION_OF_INTRINSIC_APOPTOTIC_SIGNALING_PATHWAY_IN_RESPONSE_TO_DNA_DAMAGE	38	26		
GOBP_NEGATIVE_REGULATION_OF_INTRINSIC_APOPTOTIC_SIGNALING_PATHWAY_IN_RESPONSE_TO_DNA_DAMAGE	30	21		
GOBP_POSITIVE_REGULATION_OF_INTRINSIC_APOPTOTIC_SIGNALING_PATHWAY_IN_RESPONSE_TO_DNA_DAMAGE	7		Rejected!	
GOBP_REGULATION_OF_ENDOPLASMIC_RETICULUM_STRESS_INDUCED_INTRINSIC_APOPTOTIC_SIGNALING_PATHWAY	32	25		
GOBP_NEGATIVE_REGULATION_OF_ENDOPLASMIC_RETICULUM_STRESS_INDUCED_INTRINSIC_APOPTOTIC_SIGNALING_PATHWAY	20	15		
GOBP_POSITIVE_REGULATION_OF_ENDOPLASMIC_RETICULUM_STRESS_INDUCED_INTRINSIC_APOPTOTIC_SIGNALING_PATHWAY	10		Rejected!	
GOBP_REGULATION_OF_INTRINSIC_APOPTOTIC_SIGNALING_PATHWAY_BY_P53_CLASS_MEDIATOR	32	22		
GOBP_NEGATIVE_REGULATION_OF_INTRINSIC_APOPTOTIC_SIGNALING_PATHWAY_BY_P53_CLASS_MEDIATOR	23	17		
GOBP_POSITIVE_REGULATION_OF_INTRINSIC_APOPTOTIC_SIGNALING_PATHWAY_BY_P53_CLASS_MEDIATOR	7		Rejected!	
GOBP_REGULATION_OF_DELAYED_RECTIFIER_POTASSIUM_CHANNEL_ACTIVITY	21		Rejected!	
GOBP_NEGATIVE_REGULATION_OF_DELAYED_RECTIFIER_POTASSIUM_CHANNEL_ACTIVITY	13		Rejected!	
GOBP_APOPTOTIC_PROCESS_INVOLVED_IN_BLOOD_VESSEL_MORPHOGENESIS	5		Rejected!	
GOBP_REGULATION_OF_POLYAMINE_TRANSMEMBRANE_TRANSPORT	5		Rejected!	
GOBP_REGULATION_OF_CHROMATIN_ORGANIZATION	45	35		
GOBP_NEURON_PROJECTION_EXTENSION_INVOLVED_IN_NEURON_PROJECTION_GUIDANCE	37		Rejected!	
GOBP_SEMAPHORIN_PLEXIN_SIGNALING_PATHWAY_INVOLVED_IN_NEURON_PROJECTION_GUIDANCE	16		Rejected!	
GOBP_CELL_CYCLE_DNA_REPLICATION_INITIATION	5		Rejected!	
GOBP_REGULATION_OF_SODIUM_ION_TRANSMEMBRANE_TRANSPORT	67	31		
GOBP_NEGATIVE_REGULATION_OF_SODIUM_ION_TRANSMEMBRANE_TRANSPORT	16		Rejected!	
GOBP_POSITIVE_REGULATION_OF_SODIUM_ION_TRANSMEMBRANE_TRANSPORT	20		Rejected!	
GOBP_POSITIVE_REGULATION_OF_APOPTOTIC_PROCESS_INVOLVED_IN_MORPHOGENESIS	5		Rejected!	
GOBP_NEGATIVE_REGULATION_OF_RNA_CATABOLIC_PROCESS	78	53		
GOBP_NEGATIVE_REGULATION_OF_MRNA_CATABOLIC_PROCESS	66	42		
GOBP_CERAMIDE_1_PHOSPHATE_TRANSPORT	8		Rejected!	
GOBP_MITOTIC_CYTOKINETIC_PROCESS	23	21		
GOBP_REGULATION_OF_MITOTIC_CYTOKINESIS	6		Rejected!	
GOBP_PROTEIN_LOCALIZATION_TO_CELL_JUNCTION	96	45		
GOBP_REGULATION_OF_MRNA_BINDING	9		Rejected!	
GOBP_NEGATIVE_REGULATION_OF_STEM_CELL_POPULATION_MAINTENANCE	8		Rejected!	
GOBP_POSITIVE_REGULATION_OF_STEM_CELL_POPULATION_MAINTENANCE	10		Rejected!	
GOBP_POSITIVE_REGULATION_OF_MESENCHYMAL_STEM_CELL_PROLIFERATION	5		Rejected!	
GOBP_REGULATION_OF_PROTEIN_LOCALIZATION_TO_SYNAPSE	20		Rejected!	
GOBP_POSITIVE_REGULATION_OF_PROTEIN_LOCALIZATION_TO_SYNAPSE	6		Rejected!	
GOBP_L_ALPHA_AMINO_ACID_TRANSMEMBRANE_TRANSPORT	67	29		
GOBP_CHLORIDE_TRANSMEMBRANE_TRANSPORT	67	17		
GOBP_REGULATION_OF_PROTEIN_AUTOUBIQUITINATION	6		Rejected!	
GOBP_REGULATION_OF_APOPTOTIC_DNA_FRAGMENTATION	10		Rejected!	
GOBP_POSITIVE_REGULATION_OF_APOPTOTIC_DNA_FRAGMENTATION	5		Rejected!	
GOBP_REGULATION_OF_ORGANELLE_TRANSPORT_ALONG_MICROTUBULE	10		Rejected!	
GOBP_POSITIVE_REGULATION_OF_PROTEIN_K63_LINKED_UBIQUITINATION	7		Rejected!	
GOBP_REGULATION_OF_PROTEIN_MONOUBIQUITINATION	6		Rejected!	
GOBP_POSITIVE_REGULATION_OF_PROTEIN_MONOUBIQUITINATION	5		Rejected!	
GOBP_REGULATION_OF_INTRACELLULAR_SIGNAL_TRANSDUCTION	1725		Rejected!	
GOBP_NEGATIVE_REGULATION_OF_INTRACELLULAR_SIGNAL_TRANSDUCTION	542	318		
GOBP_POSITIVE_REGULATION_OF_INTRACELLULAR_SIGNAL_TRANSDUCTION	985		Rejected!	
GOBP_REGULATION_OF_CELLULAR_RESPONSE_TO_VASCULAR_ENDOTHELIAL_GROWTH_FACTOR_STIMULUS	29		Rejected!	
GOBP_NEGATIVE_REGULATION_OF_CELLULAR_RESPONSE_TO_VASCULAR_ENDOTHELIAL_GROWTH_FACTOR_STIMULUS	18		Rejected!	
GOBP_REGULATION_OF_NEUTROPHIL_ACTIVATION	15		Rejected!	
GOBP_NEGATIVE_REGULATION_OF_NEUTROPHIL_ACTIVATION	6		Rejected!	
GOBP_POSITIVE_REGULATION_OF_NEUTROPHIL_ACTIVATION	6		Rejected!	
GOBP_PROTEIN_LOCALIZATION_TO_NUCLEOLUS	15		Rejected!	
GOBP_REGULATION_OF_SERINE_TYPE_PEPTIDASE_ACTIVITY	10		Rejected!	
GOBP_NEGATIVE_REGULATION_OF_SERINE_TYPE_PEPTIDASE_ACTIVITY	8		Rejected!	
GOBP_PROTON_TRANSMEMBRANE_TRANSPORT	153	75		
GOBP_ACYL_CARNITINE_TRANSMEMBRANE_TRANSPORT	5		Rejected!	
GOBP_RESPONSE_TO_FLUORIDE	5		Rejected!	
GOBP_REGULATION_OF_NEUTROPHIL_MIGRATION	46	23		
GOBP_NEGATIVE_REGULATION_OF_NEUTROPHIL_MIGRATION	6		Rejected!	
GOBP_POSITIVE_REGULATION_OF_NEUTROPHIL_MIGRATION	32	18		
GOBP_TERTIARY_ALCOHOL_METABOLIC_PROCESS	22		Rejected!	
GOBP_SECONDARY_ALCOHOL_METABOLIC_PROCESS	150	81		
GOBP_CALCIUM_ION_IMPORT_INTO_CYTOSOL	26		Rejected!	
GOBP_REGULATION_OF_AXON_GUIDANCE	11		Rejected!	
GOBP_REGULATION_OF_RECEPTOR_LOCALIZATION_TO_SYNAPSE	18		Rejected!	
GOBP_MITOCHONDRIAL_OUTER_MEMBRANE_PERMEABILIZATION_INVOLVED_IN_PROGRAMMED_CELL_DEATH	40	28		
GOBP_REGULATION_OF_NEUROBLAST_PROLIFERATION	34		Rejected!	
GOBP_NEGATIVE_REGULATION_OF_CHONDROCYTE_PROLIFERATION	5		Rejected!	
GOBP_POSITIVE_REGULATION_OF_CHONDROCYTE_PROLIFERATION	7		Rejected!	
GOBP_APOPTOTIC_PROCESS_INVOLVED_IN_DEVELOPMENT	42	16		
GOBP_REGULATION_OF_LAMELLIPODIUM_ORGANIZATION	53	29		
GOBP_NEGATIVE_REGULATION_OF_LAMELLIPODIUM_ORGANIZATION	8		Rejected!	
GOBP_POSITIVE_REGULATION_OF_LAMELLIPODIUM_ORGANIZATION	36	23		
GOBP_REGULATION_OF_LENS_FIBER_CELL_DIFFERENTIATION	9		Rejected!	
GOBP_NEGATIVE_REGULATION_OF_LENS_FIBER_CELL_DIFFERENTIATION	6		Rejected!	
GOBP_REGULATION_OF_CELL_CYCLE_G2_M_PHASE_TRANSITION	108	77		
GOBP_NEGATIVE_REGULATION_OF_CELL_CYCLE_G2_M_PHASE_TRANSITION	64	47		
GOBP_POSITIVE_REGULATION_OF_CELL_CYCLE_G2_M_PHASE_TRANSITION	31	24		
GOBP_LATE_ENDOSOME_TO_LYSOSOME_TRANSPORT	19	15		
GOBP_REGULATION_OF_SYNAPTIC_VESICLE_TRANSPORT	6		Rejected!	
GOBP_REGULATION_OF_CELL_CYCLE_G1_S_PHASE_TRANSITION	188	110		
GOBP_NEGATIVE_REGULATION_OF_CELL_CYCLE_G1_S_PHASE_TRANSITION	97	49		
GOBP_POSITIVE_REGULATION_OF_CELL_CYCLE_G1_S_PHASE_TRANSITION	66	39		
GOBP_NEGATIVE_REGULATION_OF_PROTEIN_LOCALIZATION_TO_MICROTUBULE	5		Rejected!	
GOBP_MICROTUBULE_CYTOSKELETON_ORGANIZATION_INVOLVED_IN_MITOSIS	153	122		
GOBP_REGULATION_OF_NON_MOTILE_CILIUM_ASSEMBLY	12		Rejected!	
GOBP_POSITIVE_REGULATION_OF_NON_MOTILE_CILIUM_ASSEMBLY	8		Rejected!	
GOBP_REGULATION_OF_RESPONSE_TO_OXIDATIVE_STRESS	102	51		
GOBP_NEGATIVE_REGULATION_OF_RESPONSE_TO_OXIDATIVE_STRESS	27		Rejected!	
GOBP_POSITIVE_REGULATION_OF_RESPONSE_TO_OXIDATIVE_STRESS	10		Rejected!	
GOBP_REGULATION_OF_MIRNA_TRANSCRIPTION	60	31		
GOBP_NEGATIVE_REGULATION_OF_MIRNA_TRANSCRIPTION	19		Rejected!	
GOBP_POSITIVE_REGULATION_OF_MIRNA_TRANSCRIPTION	45	24		
GOBP_NEGATIVE_REGULATION_OF_AUTOPHAGOSOME_ASSEMBLY	15		Rejected!	
GOBP_REGULATION_OF_SUPRAMOLECULAR_FIBER_ORGANIZATION	374	215		
GOBP_NEGATIVE_REGULATION_OF_SUPRAMOLECULAR_FIBER_ORGANIZATION	168	87		
GOBP_POSITIVE_REGULATION_OF_SUPRAMOLECULAR_FIBER_ORGANIZATION	176	102		
GOBP_REGULATION_OF_PROTEIN_POLYUBIQUITINATION	30	22		
GOBP_NEGATIVE_REGULATION_OF_PROTEIN_POLYUBIQUITINATION	11		Rejected!	
GOBP_POSITIVE_REGULATION_OF_PROTEIN_POLYUBIQUITINATION	17		Rejected!	
GOBP_REGULATION_OF_ALCOHOL_BIOSYNTHETIC_PROCESS	53	23		
GOBP_NEGATIVE_REGULATION_OF_ALCOHOL_BIOSYNTHETIC_PROCESS	16		Rejected!	
GOBP_POSITIVE_REGULATION_OF_ALCOHOL_BIOSYNTHETIC_PROCESS	27		Rejected!	
GOBP_PROTEIN_LOCALIZATION_TO_EARLY_ENDOSOME	10		Rejected!	
GOBP_REGULATION_OF_TAU_PROTEIN_KINASE_ACTIVITY	14		Rejected!	
GOBP_POSITIVE_REGULATION_OF_TAU_PROTEIN_KINASE_ACTIVITY	8		Rejected!	
GOBP_REGULATION_OF_DENDRITIC_SPINE_MAINTENANCE	11		Rejected!	
GOBP_REGULATION_OF_MITOCHONDRIAL_ELECTRON_TRANSPORT_NADH_TO_UBIQUINONE	6		Rejected!	
GOBP_REGULATION_OF_ASPARTIC_TYPE_ENDOPEPTIDASE_ACTIVITY_INVOLVED_IN_AMYLOID_PRECURSOR_PROTEIN_CATABOLIC_PROCESS	10		Rejected!	
GOBP_POSITIVE_REGULATION_OF_PROTEIN_LOCALIZATION_TO_EARLY_ENDOSOME	8		Rejected!	
GOBP_MITOTIC_DNA_REPLICATION	14		Rejected!	
GOBP_REGULATION_OF_AMYLOID_PRECURSOR_PROTEIN_CATABOLIC_PROCESS	55	28		
GOBP_NEGATIVE_REGULATION_OF_AMYLOID_PRECURSOR_PROTEIN_CATABOLIC_PROCESS	33		Rejected!	
GOBP_POSITIVE_REGULATION_OF_AMYLOID_PRECURSOR_PROTEIN_CATABOLIC_PROCESS	25		Rejected!	
GOBP_POSITIVE_REGULATION_OF_PROTEIN_DEUBIQUITINATION	7		Rejected!	
GOBP_ORGANELLE_DISASSEMBLY	121	98		
GOBP_REGULATION_OF_BONE_DEVELOPMENT	8		Rejected!	
GOBP_REGULATION_OF_GLYCOPROTEIN_METABOLIC_PROCESS	64	29		
GOBP_NEGATIVE_REGULATION_OF_GLYCOPROTEIN_METABOLIC_PROCESS	30		Rejected!	
GOBP_POSITIVE_REGULATION_OF_GLYCOPROTEIN_METABOLIC_PROCESS	27		Rejected!	
GOBP_REGULATION_OF_RNA_POLYMERASE_II_REGULATORY_REGION_SEQUENCE_SPECIFIC_DNA_BINDING	13		Rejected!	
GOBP_NEGATIVE_REGULATION_OF_RNA_POLYMERASE_II_REGULATORY_REGION_SEQUENCE_SPECIFIC_DNA_BINDING	6		Rejected!	
GOBP_REGULATION_OF_OPSONIZATION	10		Rejected!	
GOBP_POSITIVE_REGULATION_OF_OPSONIZATION	8		Rejected!	
GOBP_REGULATION_OF_RESPONSE_TO_WOUNDING	166	59		
GOBP_NEGATIVE_REGULATION_OF_RESPONSE_TO_WOUNDING	92	27		
GOBP_POSITIVE_REGULATION_OF_RESPONSE_TO_WOUNDING	72	25		
GOBP_NEGATIVE_REGULATION_OF_LEUKOCYTE_CELL_CELL_ADHESION	144	66		
GOBP_POSITIVE_REGULATION_OF_LEUKOCYTE_CELL_CELL_ADHESION	245	144		
GOBP_PROTEIN_LOCALIZATION_TO_MEMBRANE_RAFT	8		Rejected!	
GOBP_MEIOTIC_CELL_CYCLE_PROCESS	207	106		
GOBP_MITOTIC_CELL_CYCLE_PROCESS	745		Rejected!	
GOBP_NEGATIVE_REGULATION_OF_PROTEOLYSIS_INVOLVED_IN_CELLULAR_PROTEIN_CATABOLIC_PROCESS	65	43		
GOBP_POSITIVE_REGULATION_OF_PROTEOLYSIS_INVOLVED_IN_CELLULAR_PROTEIN_CATABOLIC_PROCESS	135	101		
GOBP_REGULATION_OF_EXTRACELLULAR_MATRIX_ORGANIZATION	50	22		
GOBP_NEGATIVE_REGULATION_OF_EXTRACELLULAR_MATRIX_ORGANIZATION	13		Rejected!	
GOBP_POSITIVE_REGULATION_OF_EXTRACELLULAR_MATRIX_ORGANIZATION	27		Rejected!	
GOBP_REGULATION_OF_PROTEIN_LIPIDATION	11		Rejected!	
GOBP_REGULATION_OF_ER_ASSOCIATED_UBIQUITIN_DEPENDENT_PROTEIN_CATABOLIC_PROCESS	9		Rejected!	
GOBP_POSITIVE_REGULATION_OF_ER_ASSOCIATED_UBIQUITIN_DEPENDENT_PROTEIN_CATABOLIC_PROCESS	7		Rejected!	
GOBP_REGULATION_OF_PROTEIN_LOCALIZATION_TO_PLASMA_MEMBRANE	103	67		
GOBP_PROTEIN_LOCALIZATION_TO_CONDENSED_CHROMOSOME	19	17		
GOBP_REGULATION_OF_ACTIN_FILAMENT_BASED_MOVEMENT	40	15		
GOBP_REGULATION_OF_TRAIL_ACTIVATED_APOPTOTIC_SIGNALING_PATHWAY	6		Rejected!	
GOBP_MONONUCLEAR_CELL_DIFFERENTIATION	434	268		
GOBP_REGULATION_OF_AUTOPHAGY_OF_MITOCHONDRION	36	32		
GOBP_NEGATIVE_REGULATION_OF_AUTOPHAGY_OF_MITOCHONDRION	7		Rejected!	
GOBP_REGULATION_OF_CALCIUM_ION_TRANSMEMBRANE_TRANSPORT	156	61		
GOBP_NEGATIVE_REGULATION_OF_CALCIUM_ION_TRANSMEMBRANE_TRANSPORT	46	16		
GOBP_REGULATION_OF_OXIDATIVE_STRESS_INDUCED_CELL_DEATH	77	40		
GOBP_NEGATIVE_REGULATION_OF_OXIDATIVE_STRESS_INDUCED_CELL_DEATH	54	24		
GOBP_NEGATIVE_REGULATION_OF_OXIDATIVE_STRESS_INDUCED_NEURON_DEATH	20		Rejected!	
GOBP_POSITIVE_REGULATION_OF_OXIDATIVE_STRESS_INDUCED_CELL_DEATH	20		Rejected!	
GOBP_NEGATIVE_REGULATION_OF_PROTEIN_TARGETING_TO_MITOCHONDRION	6		Rejected!	
GOBP_POSITIVE_REGULATION_OF_OXIDATIVE_STRESS_INDUCED_NEURON_DEATH	7		Rejected!	
GOBP_REGULATION_OF_ENDODERMAL_CELL_DIFFERENTIATION	5		Rejected!	
GOBP_MELANOSOME_ASSEMBLY	6		Rejected!	
GOBP_REGULATION_OF_LEUKOCYTE_TETHERING_OR_ROLLING	16		Rejected!	
GOBP_POSITIVE_REGULATION_OF_LEUKOCYTE_TETHERING_OR_ROLLING	11		Rejected!	
GOBP_MULTI_CILIATED_EPITHELIAL_CELL_DIFFERENTIATION	9		Rejected!	
GOBP_POSITIVE_REGULATION_OF_TUMOR_NECROSIS_FACTOR_MEDIATED_SIGNALING_PATHWAY	13		Rejected!	
GOBP_REGULATION_OF_POTASSIUM_ION_IMPORT	9		Rejected!	
GOBP_POSITIVE_REGULATION_OF_POTASSIUM_ION_IMPORT_ACROSS_PLASMA_MEMBRANE	7		Rejected!	
GOBP_NEGATIVE_REGULATION_OF_HYPOXIA_INDUCED_INTRINSIC_APOPTOTIC_SIGNALING_PATHWAY	6		Rejected!	
GOBP_REGULATION_OF_HEXOKINASE_ACTIVITY	11		Rejected!	
GOBP_NEGATIVE_REGULATION_OF_HEXOKINASE_ACTIVITY	5		Rejected!	
GOBP_POSITIVE_REGULATION_OF_HEXOKINASE_ACTIVITY	6		Rejected!	
GOBP_REGULATION_OF_REGULATED_SECRETORY_PATHWAY	140	65		
GOBP_NEGATIVE_REGULATION_OF_REGULATED_SECRETORY_PATHWAY	25		Rejected!	
GOBP_POSITIVE_REGULATION_OF_REGULATED_SECRETORY_PATHWAY	50	21		
GOBP_REGULATION_OF_MRNA_METABOLIC_PROCESS	293	227		
GOBP_NEGATIVE_REGULATION_OF_MRNA_METABOLIC_PROCESS	94	67		
GOBP_POSITIVE_REGULATION_OF_MRNA_METABOLIC_PROCESS	123	101		
GOBP_REGULATION_OF_PROTEIN_MATURATION	68	34		
GOBP_NEGATIVE_REGULATION_OF_PROTEIN_MATURATION	28		Rejected!	
GOBP_POSITIVE_REGULATION_OF_PROTEIN_MATURATION	28		Rejected!	
GOBP_REGULATION_OF_PROTEIN_MODIFICATION_BY_SMALL_PROTEIN_CONJUGATION_OR_REMOVAL	245	200		
GOBP_NEGATIVE_REGULATION_OF_PROTEIN_MODIFICATION_BY_SMALL_PROTEIN_CONJUGATION_OR_REMOVAL	96	77		
GOBP_POSITIVE_REGULATION_OF_PROTEIN_MODIFICATION_BY_SMALL_PROTEIN_CONJUGATION_OR_REMOVAL	139	112		
GOBP_REGULATION_OF_PROTEIN_FOLDING	8		Rejected!	
GOBP_NEGATIVE_REGULATION_OF_BICELLULAR_TIGHT_JUNCTION_ASSEMBLY	6		Rejected!	
GOBP_POSITIVE_REGULATION_OF_BICELLULAR_TIGHT_JUNCTION_ASSEMBLY	7		Rejected!	
GOBP_RESPONSE_TO_DOPAMINE	92	34		
GOBP_REGULATION_OF_GOLGI_ORGANIZATION	18	15		
GOBP_PROTEIN_LOCALIZATION_TO_BASOLATERAL_PLASMA_MEMBRANE	8		Rejected!	
GOBP_REGULATION_OF_CELLULAR_PROTEIN_CATABOLIC_PROCESS	258	192		
GOBP_NEGATIVE_REGULATION_OF_CELLULAR_PROTEIN_CATABOLIC_PROCESS	77	52		
GOBP_POSITIVE_REGULATION_OF_CELLULAR_PROTEIN_CATABOLIC_PROCESS	158	117		
GOBP_REGULATION_OF_FEAR_RESPONSE	7		Rejected!	
GOBP_REGULATION_OF_ENDOPLASMIC_RETICULUM_TUBULAR_NETWORK_ORGANIZATION	6		Rejected!	
GOBP_NEGATIVE_REGULATION_OF_OXIDATIVE_STRESS_INDUCED_NEURON_INTRINSIC_APOPTOTIC_SIGNALING_PATHWAY	5		Rejected!	
GOBP_REGULATION_OF_HOMOPHILIC_CELL_ADHESION	5		Rejected!	
GOBP_REGULATION_OF_ADHERENS_JUNCTION_ORGANIZATION	5		Rejected!	
GOBP_L_LYSINE_TRANSMEMBRANE_TRANSPORT	7		Rejected!	
GOBP_PROTEIN_LOCALIZATION_TO_NUCLEAR_BODY	12		Rejected!	
GOBP_REACTIVE_OXYGEN_SPECIES_BIOSYNTHETIC_PROCESS	61	24		
GOBP_RESPONSE_TO_BILE_ACID	6		Rejected!	
GOBP_CELLULAR_RESPONSE_TO_BILE_ACID	5		Rejected!	
GOBP_RESPONSE_TO_GLYCOSIDE	5		Rejected!	
GOBP_REGULATION_OF_SYNAPTIC_VESICLE_RECYCLING	20		Rejected!	
GOBP_POSITIVE_REGULATION_OF_SYNAPTIC_VESICLE_RECYCLING	8		Rejected!	
GOBP_REGULATION_OF_REACTIVE_OXYGEN_SPECIES_BIOSYNTHETIC_PROCESS	48	19		
GOBP_NEGATIVE_REGULATION_OF_REACTIVE_OXYGEN_SPECIES_BIOSYNTHETIC_PROCESS	19		Rejected!	
GOBP_POSITIVE_REGULATION_OF_REACTIVE_OXYGEN_SPECIES_BIOSYNTHETIC_PROCESS	22		Rejected!	
GOBP_REGULATION_OF_CELL_MATURATION	20		Rejected!	
GOBP_NEGATIVE_REGULATION_OF_CELL_MATURATION	7		Rejected!	
GOBP_POSITIVE_REGULATION_OF_CELL_MATURATION	7		Rejected!	
GOBP_PROTEIN_LOCALIZATION_TO_CILIARY_MEMBRANE	18	16		
GOBP_LIPOSACCHARIDE_METABOLIC_PROCESS	104	71		
GOBP_MUCOPOLYSACCHARIDE_METABOLIC_PROCESS	88	43		
GOBP_ENDOPLASMIC_RETICULUM_TO_CYTOSOL_TRANSPORT	28	23		
GOBP_RELEASE_OF_SEQUESTERED_CALCIUM_ION_INTO_CYTOSOL_BY_ENDOPLASMIC_RETICULUM	36		Rejected!	
GOBP_REGULATION_OF_BLOOD_CIRCULATION	261	82		
GOBP_NEGATIVE_REGULATION_OF_BLOOD_CIRCULATION	27		Rejected!	
GOBP_POSITIVE_REGULATION_OF_BLOOD_CIRCULATION	40		Rejected!	
GOBP_REGULATION_OF_MEMBRANE_TUBULATION	6		Rejected!	
GOBP_REGULATION_OF_PROTEIN_TARGETING	78	56		
GOBP_REGULATION_OF_EXOSOMAL_SECRETION	19		Rejected!	
GOBP_POSITIVE_REGULATION_OF_EXOSOMAL_SECRETION	15		Rejected!	
GOBP_PROTEIN_LOCALIZATION_TO_PHOTORECEPTOR_OUTER_SEGMENT	7		Rejected!	
GOBP_NEGATIVE_REGULATION_OF_TUMOR_NECROSIS_FACTOR_SUPERFAMILY_CYTOKINE_PRODUCTION	79	31		
GOBP_POSITIVE_REGULATION_OF_TUMOR_NECROSIS_FACTOR_SUPERFAMILY_CYTOKINE_PRODUCTION	107	58		
GOBP_REGULATION_OF_PROTEIN_LOCALIZATION_TO_CILIUM	11		Rejected!	
GOBP_POSITIVE_REGULATION_OF_PROTEIN_LOCALIZATION_TO_CILIUM	7		Rejected!	
GOBP_NEGATIVE_REGULATION_OF_RESPONSE_TO_ENDOPLASMIC_RETICULUM_STRESS	44	32		
GOBP_REGULATION_OF_ATP_METABOLIC_PROCESS	89	57		
GOBP_NEGATIVE_REGULATION_OF_ATP_METABOLIC_PROCESS	30	18		
GOBP_POSITIVE_REGULATION_OF_ATP_METABOLIC_PROCESS	37	18		
GOBP_NEGATIVE_REGULATION_OF_BLOOD_VESSEL_ENDOTHELIAL_CELL_PROLIFERATION_INVOLVED_IN_SPROUTING_ANGIOGENESIS	26		Rejected!	
GOBP_POSITIVE_REGULATION_OF_BLOOD_VESSEL_ENDOTHELIAL_CELL_PROLIFERATION_INVOLVED_IN_SPROUTING_ANGIOGENESIS	22		Rejected!	
GOBP_REGULATION_OF_HISTAMINE_SECRETION_BY_MAST_CELL	7		Rejected!	
GOBP_REGULATION_OF_GAP_JUNCTION_ASSEMBLY	9		Rejected!	
GOBP_POSITIVE_REGULATION_OF_GAP_JUNCTION_ASSEMBLY	6		Rejected!	
GOBP_POSITIVE_REGULATION_OF_AUTOPHAGY_OF_MITOCHONDRION	13		Rejected!	
GOBP_PROTEIN_LOCALIZATION_TO_CYTOPLASMIC_STRESS_GRANULE	7		Rejected!	
GOBP_REGULATION_OF_PROTEIN_TYROSINE_PHOSPHATASE_ACTIVITY	6		Rejected!	
GOBP_REGULATION_OF_DNA_CATABOLIC_PROCESS	12		Rejected!	
GOBP_POSITIVE_REGULATION_OF_DNA_CATABOLIC_PROCESS	6		Rejected!	
GOBP_REGULATION_OF_CYTOPLASMIC_TRANSPORT	28	20		
GOBP_POSITIVE_REGULATION_OF_CYTOPLASMIC_TRANSPORT	13		Rejected!	
GOBP_REGULATION_OF_COMPLEMENT_DEPENDENT_CYTOTOXICITY	11		Rejected!	
GOBP_REGULATION_OF_SPROUTING_ANGIOGENESIS	63	16		
GOBP_NEGATIVE_REGULATION_OF_SPROUTING_ANGIOGENESIS	28		Rejected!	
GOBP_POSITIVE_REGULATION_OF_SPROUTING_ANGIOGENESIS	28		Rejected!	
GOBP_REGULATION_OF_WOUND_HEALING_SPREADING_OF_EPIDERMAL_CELLS	9		Rejected!	
GOBP_POSITIVE_REGULATION_OF_WOUND_HEALING_SPREADING_OF_EPIDERMAL_CELLS	5		Rejected!	
GOBP_REGULATION_OF_HEMOPOIESIS	374	220		
GOBP_NEGATIVE_REGULATION_OF_HEMOPOIESIS	106	56		
GOBP_POSITIVE_REGULATION_OF_HEMOPOIESIS	159	104		
GOBP_REGULATION_OF_AEROBIC_RESPIRATION	33	24		
GOBP_REGULATION_OF_I_KAPPAB_PHOSPHORYLATION	9		Rejected!	
GOBP_POSITIVE_REGULATION_OF_I_KAPPAB_PHOSPHORYLATION	7		Rejected!	
GOBP_POSITIVE_REGULATION_OF_CENTRIOLE_ELONGATION	5		Rejected!	
GOBP_REGULATION_OF_PHOSPHOLIPID_METABOLIC_PROCESS	37	22		
GOBP_NEGATIVE_REGULATION_OF_PHOSPHOLIPID_METABOLIC_PROCESS	8		Rejected!	
GOBP_POSITIVE_REGULATION_OF_PHOSPHOLIPID_METABOLIC_PROCESS	15		Rejected!	
GOBP_REGULATION_OF_PLASMA_MEMBRANE_ORGANIZATION	14		Rejected!	
GOBP_REGULATION_OF_ESTABLISHMENT_OF_PROTEIN_LOCALIZATION_TO_MITOCHONDRION	50	39		
GOBP_NEGATIVE_REGULATION_OF_ESTABLISHMENT_OF_PROTEIN_LOCALIZATION_TO_MITOCHONDRION	8		Rejected!	
GOBP_POSITIVE_REGULATION_OF_ESTABLISHMENT_OF_PROTEIN_LOCALIZATION_TO_MITOCHONDRION	36	30		
GOBP_NEGATIVE_REGULATION_OF_P38MAPK_CASCADE	8		Rejected!	
GOBP_REGULATION_OF_POTASSIUM_ION_EXPORT_ACROSS_PLASMA_MEMBRANE	8		Rejected!	
GOBP_REGULATION_OF_CARDIAC_CONDUCTION	28		Rejected!	
GOBP_REGULATION_OF_AMINO_ACID_TRANSMEMBRANE_TRANSPORT	14		Rejected!	
GOBP_GUANINE_NUCLEOTIDE_TRANSMEMBRANE_TRANSPORT	7		Rejected!	
GOBP_NEGATIVE_REGULATION_OF_ANION_TRANSPORT	24		Rejected!	
GOBP_POSITIVE_REGULATION_OF_ANION_TRANSPORT	49	17		
GOBP_REGULATION_OF_INORGANIC_ANION_TRANSMEMBRANE_TRANSPORT	6		Rejected!	
GOBP_NEGATIVE_REGULATION_OF_PRODUCTION_OF_MIRNAS_INVOLVED_IN_GENE_SILENCING_BY_MIRNA	11		Rejected!	
GOBP_POSITIVE_REGULATION_OF_PRODUCTION_OF_MIRNAS_INVOLVED_IN_GENE_SILENCING_BY_MIRNA	12		Rejected!	
GOBP_NEGATIVE_REGULATION_OF_VOLTAGE_GATED_POTASSIUM_CHANNEL_ACTIVITY	20		Rejected!	
GOBP_POSITIVE_REGULATION_OF_VOLTAGE_GATED_POTASSIUM_CHANNEL_ACTIVITY	17		Rejected!	
GOBP_ORGANIC_ACID_TRANSMEMBRANE_TRANSPORT	153	74		
GOBP_L_ARGININE_TRANSMEMBRANE_TRANSPORT	5		Rejected!	
GOBP_NEGATIVE_REGULATION_OF_PROTEIN_LOCALIZATION	199	118		
GOBP_POSITIVE_REGULATION_OF_PROTEIN_LOCALIZATION	445	294		
GOBP_RESPONSE_TO_ARSENITE_ION	5		Rejected!	
GOBP_REGULATION_OF_CELLULAR_RESPONSE_TO_TRANSFORMING_GROWTH_FACTOR_BETA_STIMULUS	134	68		
GOBP_NEGATIVE_REGULATION_OF_CELLULAR_RESPONSE_TO_TRANSFORMING_GROWTH_FACTOR_BETA_STIMULUS	5		Rejected!	
GOBP_POSITIVE_REGULATION_OF_CELLULAR_RESPONSE_TO_TRANSFORMING_GROWTH_FACTOR_BETA_STIMULUS	33	17		
GOBP_REGULATION_OF_DENDRITE_EXTENSION	26		Rejected!	
GOBP_EXTRAEMBRYONIC_MEMBRANE_DEVELOPMENT	10		Rejected!	
GOBP_REGULATION_OF_IRE1_MEDIATED_UNFOLDED_PROTEIN_RESPONSE	14		Rejected!	
GOBP_NEGATIVE_REGULATION_OF_IRE1_MEDIATED_UNFOLDED_PROTEIN_RESPONSE	5		Rejected!	
GOBP_POSITIVE_REGULATION_OF_IRE1_MEDIATED_UNFOLDED_PROTEIN_RESPONSE	7		Rejected!	
GOBP_REGULATION_OF_PERK_MEDIATED_UNFOLDED_PROTEIN_RESPONSE	11		Rejected!	
GOBP_NEGATIVE_REGULATION_OF_PERK_MEDIATED_UNFOLDED_PROTEIN_RESPONSE	6		Rejected!	
GOBP_NEGATIVE_REGULATION_OF_VIRAL_LIFE_CYCLE	26		Rejected!	
GOBP_POSITIVE_REGULATION_OF_VIRAL_LIFE_CYCLE	21	15		
GOBP_REGULATION_OF_RECEPTOR_CLUSTERING	12		Rejected!	
GOBP_POSITIVE_REGULATION_OF_RECEPTOR_CLUSTERING	6		Rejected!	
GOBP_NEGATIVE_REGULATION_OF_ENDOPLASMIC_RETICULUM_STRESS_INDUCED_EIF2_ALPHA_PHOSPHORYLATION	5		Rejected!	
GOBP_REGULATION_OF_DNA_PRIMASE_ACTIVITY	5		Rejected!	
GOBP_RESPONSE_TO_SODIUM_ARSENITE	6		Rejected!	
GOBP_CELLULAR_RESPONSE_TO_SODIUM_ARSENITE	5		Rejected!	
GOBP_REGULATION_OF_TORC2_SIGNALING	6		Rejected!	
GOBP_REGULATION_OF_HEPATOCYTE_APOPTOTIC_PROCESS	7		Rejected!	
GOBP_NEGATIVE_REGULATION_OF_HEPATOCYTE_APOPTOTIC_PROCESS	5		Rejected!	
GOBP_REGULATION_OF_ANION_TRANSMEMBRANE_TRANSPORT	25		Rejected!	
GOBP_NEGATIVE_REGULATION_OF_ANION_TRANSMEMBRANE_TRANSPORT	9		Rejected!	
GOBP_POSITIVE_REGULATION_OF_ANION_TRANSMEMBRANE_TRANSPORT	11		Rejected!	
GOBP_REGULATION_OF_CELLULAR_RESPONSE_TO_MACROPHAGE_COLONY_STIMULATING_FACTOR_STIMULUS	6		Rejected!	
GOBP_REGULATION_OF_GLIAL_CELL_MIGRATION	16		Rejected!	
GOBP_POSITIVE_REGULATION_OF_GLIAL_CELL_MIGRATION	11		Rejected!	
GOBP_REGULATION_OF_MICROGLIAL_CELL_ACTIVATION	20		Rejected!	
GOBP_NEGATIVE_REGULATION_OF_MICROGLIAL_CELL_ACTIVATION	8		Rejected!	
GOBP_POSITIVE_REGULATION_OF_MICROGLIAL_CELL_ACTIVATION	10		Rejected!	
GOBP_REGULATION_OF_NON_MEMBRANE_SPANNING_PROTEIN_TYROSINE_KINASE_ACTIVITY	5		Rejected!	
GOBP_REGULATION_OF_EATING_BEHAVIOR	8		Rejected!	
GOBP_RESPONSE_TO_THYROGLOBULIN_TRIIODOTHYRONINE	5		Rejected!	
GOBP_POSITIVE_REGULATION_OF_VASCULATURE_DEVELOPMENT	183	65		
GOBP_EPITHELIAL_CELL_APOPTOTIC_PROCESS	121	57		
GOBP_REGULATION_OF_COLLAGEN_FIBRIL_ORGANIZATION	8		Rejected!	
GOBP_REGULATION_OF_CYCLIN_DEPENDENT_PROTEIN_KINASE_ACTIVITY	101	70		
GOBP_POSITIVE_REGULATION_OF_CYCLIN_DEPENDENT_PROTEIN_KINASE_ACTIVITY	35	23		
GOBP_REGULATION_OF_EPITHELIAL_CELL_APOPTOTIC_PROCESS	98	41		
GOBP_NEGATIVE_REGULATION_OF_EPITHELIAL_CELL_APOPTOTIC_PROCESS	54	22		
GOBP_POSITIVE_REGULATION_OF_EPITHELIAL_CELL_APOPTOTIC_PROCESS	38	16		
GOBP_RESPONSE_TO_ALDOSTERONE	8		Rejected!	
GOBP_NEGATIVE_REGULATION_OF_VASCULAR_ENDOTHELIAL_GROWTH_FACTOR_PRODUCTION	27		Rejected!	
GOBP_REGULATION_OF_CATION_TRANSMEMBRANE_TRANSPORT	353	136		
GOBP_REGULATION_OF_AUTOPHAGIC_CELL_DEATH	5		Rejected!	
GOBP_MICROGLIAL_CELL_MIGRATION	8		Rejected!	
GOBP_REGULATION_OF_RETROGRADE_PROTEIN_TRANSPORT_ER_TO_CYTOSOL	13		Rejected!	
GOBP_AXONEMAL_CENTRAL_APPARATUS_ASSEMBLY	6		Rejected!	
GOBP_REGULATION_OF_ADIPOSE_TISSUE_DEVELOPMENT	9		Rejected!	
GOBP_POSITIVE_REGULATION_OF_ADIPOSE_TISSUE_DEVELOPMENT	5		Rejected!	
GOBP_NEGATIVE_REGULATION_OF_MEMBRANE_DEPOLARIZATION	7		Rejected!	
GOBP_POSITIVE_REGULATION_OF_MEMBRANE_DEPOLARIZATION	10		Rejected!	
GOBP_PERICYTE_CELL_DIFFERENTIATION	9		Rejected!	
GOBP_REGULATION_OF_BILE_ACID_METABOLIC_PROCESS	15		Rejected!	
GOBP_POSITIVE_REGULATION_OF_BASEMENT_MEMBRANE_ASSEMBLY_INVOLVED_IN_EMBRYONIC_BODY_MORPHOGENESIS	5		Rejected!	
GOBP_NEGATIVE_REGULATION_OF_TORC1_SIGNALING	19		Rejected!	
GOBP_POSITIVE_REGULATION_OF_TORC1_SIGNALING	20	15		
GOBP_REGULATION_OF_ERAD_PATHWAY	20	15		
GOBP_NEGATIVE_REGULATION_OF_ERAD_PATHWAY	6		Rejected!	
GOBP_POSITIVE_REGULATION_OF_ERAD_PATHWAY	14		Rejected!	
GOBP_POSITIVE_REGULATION_OF_GASTRO_INTESTINAL_SYSTEM_SMOOTH_MUSCLE_CONTRACTION	5		Rejected!	
GOBP_RESPONSE_TO_FORSKOLIN	12		Rejected!	
GOBP_REGULATION_OF_DOPAMINERGIC_NEURON_DIFFERENTIATION	10		Rejected!	
GOBP_REGULATION_OF_PROTEIN_CATABOLIC_PROCESS_IN_THE_VACUOLE	12		Rejected!	
GOBP_POSITIVE_REGULATION_OF_PROTEIN_CATABOLIC_PROCESS_IN_THE_VACUOLE	6		Rejected!	
GOBP_REGULATION_OF_TELOMERE_CAPPING	26	24		
GOBP_NEGATIVE_REGULATION_OF_TELOMERE_CAPPING	8		Rejected!	
GOBP_POSITIVE_REGULATION_OF_TELOMERE_CAPPING	17	15		
GOBP_REGULATION_OF_TELOMERE_MAINTENANCE_VIA_TELOMERE_LENGTHENING	61	54		
GOBP_NEGATIVE_REGULATION_OF_TELOMERE_MAINTENANCE_VIA_TELOMERE_LENGTHENING	27	22		
GOBP_POSITIVE_REGULATION_OF_TELOMERE_MAINTENANCE_VIA_TELOMERE_LENGTHENING	37	34		
GOBP_REGULATION_OF_PROTEIN_LOCALIZATION_TO_CELL_PERIPHERY	124	79		
GOBP_NEGATIVE_REGULATION_OF_PROTEIN_LOCALIZATION_TO_CELL_PERIPHERY	27	17		
GOBP_POSITIVE_REGULATION_OF_PROTEIN_LOCALIZATION_TO_CELL_PERIPHERY	67	42		
GOBP_ENDOPLASMIC_RETICULUM_MANNOSE_TRIMMING	14		Rejected!	
GOBP_RESPONSE_TO_L_PHENYLALANINE_DERIVATIVE	6		Rejected!	
GOBP_REGULATION_OF_NEUROMUSCULAR_JUNCTION_DEVELOPMENT	6		Rejected!	
GOBP_NEGATIVE_REGULATION_OF_NITRIC_OXIDE_METABOLIC_PROCESS	17		Rejected!	
GOBP_POSITIVE_REGULATION_OF_NITRIC_OXIDE_METABOLIC_PROCESS	43	17		
GOBP_REGULATION_OF_XENOPHAGY	8		Rejected!	
GOBP_REGULATION_OF_GTP_BINDING	15		Rejected!	
GOBP_POSITIVE_REGULATION_OF_CALCIUM_ION_TRANSMEMBRANE_TRANSPORT	71	28		
GOBP_NEGATIVE_REGULATION_OF_TUBULIN_DEACETYLATION	6		Rejected!	
GOBP_REGULATION_OF_T_CIRCLE_FORMATION	7		Rejected!	
GOBP_FOLATE_IMPORT_ACROSS_PLASMA_MEMBRANE	5		Rejected!	
GOBP_REGULATION_OF_MATRIX_METALLOPEPTIDASE_SECRETION	10		Rejected!	
GOBP_NEGATIVE_REGULATION_OF_MATRIX_METALLOPEPTIDASE_SECRETION	7		Rejected!	
GOBP_REGULATION_OF_INTESTINAL_ABSORPTION	13		Rejected!	
GOBP_PROTEIN_LOCALIZATION_TO_CILIARY_TRANSITION_ZONE	8		Rejected!	
GOBP_REGULATION_OF_LIPOPHAGY	5		Rejected!	
GOBP_REGULATION_OF_MICROTUBULE_BINDING	10		Rejected!	
GOBP_POSITIVE_REGULATION_OF_MICROTUBULE_BINDING	6		Rejected!	
GOBP_RESPONSE_TO_GLYCOPROTEIN	7		Rejected!	
GOBP_REGULATION_OF_PROTEIN_IMPORT	61	44		
GOBP_POSITIVE_REGULATION_OF_PROTEIN_IMPORT	42	33		
GOBP_RESPONSE_TO_PHORBOL_13_ACETATE_12_MYRISTATE	7		Rejected!	
GOBP_RESPONSE_TO_AMYLOID_BETA	58	27		
GOBP_CELLULAR_RESPONSE_TO_AMYLOID_BETA	48	26		
GOBP_REGULATION_OF_UBIQUITIN_PROTEIN_LIGASE_ACTIVITY	24	21		
GOBP_NEGATIVE_REGULATION_OF_UBIQUITIN_PROTEIN_LIGASE_ACTIVITY	12		Rejected!	
GOBP_POSITIVE_REGULATION_OF_UBIQUITIN_PROTEIN_LIGASE_ACTIVITY	11		Rejected!	
GOBP_REGULATION_OF_SOMATIC_STEM_CELL_POPULATION_MAINTENANCE	10		Rejected!	
GOBP_NEGATIVE_REGULATION_OF_SOMATIC_STEM_CELL_POPULATION_MAINTENANCE	5		Rejected!	
GOBP_REGULATION_OF_METALLOENDOPEPTIDASE_ACTIVITY	16		Rejected!	
GOBP_NEGATIVE_REGULATION_OF_METALLOENDOPEPTIDASE_ACTIVITY	9		Rejected!	
GOBP_POSITIVE_REGULATION_OF_METALLOENDOPEPTIDASE_ACTIVITY	7		Rejected!	
GOBP_REGULATION_OF_CYTOPLASMIC_TRANSLATIONAL_INITIATION	5		Rejected!	
GOBP_NEGATIVE_REGULATION_OF_VASCULAR_ASSOCIATED_SMOOTH_MUSCLE_CELL_PROLIFERATION	42		Rejected!	
GOBP_POSITIVE_REGULATION_OF_VASCULAR_ASSOCIATED_SMOOTH_MUSCLE_CELL_PROLIFERATION	46	16		
GOBP_REGULATION_OF_CHAPERONE_MEDIATED_AUTOPHAGY	8		Rejected!	
GOBP_REGULATION_OF_INTESTINAL_LIPID_ABSORPTION	11		Rejected!	
GOBP_REGULATION_OF_ELECTRON_TRANSFER_ACTIVITY	8		Rejected!	
GOBP_VASCULAR_ASSOCIATED_SMOOTH_MUSCLE_CELL_MIGRATION	45		Rejected!	
GOBP_NEGATIVE_REGULATION_OF_APOPTOTIC_PROCESS_INVOLVED_IN_DEVELOPMENT	6		Rejected!	
GOBP_POSITIVE_REGULATION_OF_APOPTOTIC_PROCESS_INVOLVED_IN_DEVELOPMENT	6		Rejected!	
GOBP_REGULATION_OF_APOPTOTIC_PROCESS_INVOLVED_IN_DEVELOPMENT	13		Rejected!	
GOBP_REGULATION_OF_PROTEIN_LOCALIZATION_TO_NUCLEOLUS	8		Rejected!	
GOBP_NEGATIVE_REGULATION_OF_VASCULAR_ASSOCIATED_SMOOTH_MUSCLE_CELL_MIGRATION	25		Rejected!	
GOBP_POSITIVE_REGULATION_OF_VASCULAR_ASSOCIATED_SMOOTH_MUSCLE_CELL_MIGRATION	20		Rejected!	
GOBP_REGULATION_OF_PROTEIN_LOCALIZATION_TO_CELL_CORTEX	9		Rejected!	
GOBP_POSITIVE_REGULATION_OF_PROTEIN_LOCALIZATION_TO_CELL_CORTEX	6		Rejected!	
GOBP_REGULATION_OF_PROTEIN_LOCALIZATION_TO_CENTROSOME	10		Rejected!	
GOBP_POSITIVE_REGULATION_OF_PROTEIN_LOCALIZATION_TO_CENTROSOME	7		Rejected!	
GOBP_POSITIVE_REGULATION_OF_NMDA_GLUTAMATE_RECEPTOR_ACTIVITY	6		Rejected!	
GOBP_REGULATION_OF_CORE_PROMOTER_BINDING	7		Rejected!	
GOBP_REGULATION_OF_PROTEIN_LOCALIZATION_TO_CHROMOSOME_TELOMERIC_REGION	14		Rejected!	
GOBP_REGULATION_OF_CELL_CHEMOTAXIS_TO_FIBROBLAST_GROWTH_FACTOR	11		Rejected!	
GOBP_NEGATIVE_REGULATION_OF_CELL_CHEMOTAXIS_TO_FIBROBLAST_GROWTH_FACTOR	5		Rejected!	
GOBP_POSITIVE_REGULATION_OF_ESTABLISHMENT_OF_PROTEIN_LOCALIZATION_TO_TELOMERE	10		Rejected!	
GOBP_EXCITATORY_SYNAPSE_ASSEMBLY	25		Rejected!	
GOBP_INHIBITORY_SYNAPSE_ASSEMBLY	16		Rejected!	
GOBP_POSITIVE_REGULATION_OF_TELOMERASE_RNA_LOCALIZATION_TO_CAJAL_BODY	15	15		
GOBP_CRANIAL_SKELETAL_SYSTEM_DEVELOPMENT	70	33		
GOBP_REGULATION_OF_EXCITATORY_SYNAPSE_ASSEMBLY	13		Rejected!	
GOBP_REGULATION_OF_RECEPTOR_SIGNALING_PATHWAY_VIA_STAT	116	50		
GOBP_NEGATIVE_REGULATION_OF_RECEPTOR_SIGNALING_PATHWAY_VIA_STAT	34	18		
GOBP_POSITIVE_REGULATION_OF_RECEPTOR_SIGNALING_PATHWAY_VIA_STAT	49	22		
GOBP_ESCRT_COMPLEX_DISASSEMBLY	10		Rejected!	
GOBP_POSITIVE_REGULATION_OF_ENDOTHELIAL_CELL_MATRIX_ADHESION_VIA_FIBRONECTIN	5		Rejected!	
GOBP_REGULATION_OF_AUTOPHAGY_OF_MITOCHONDRION_IN_RESPONSE_TO_MITOCHONDRIAL_DEPOLARIZATION	14		Rejected!	
GOBP_INTERNEURON_MIGRATION	8		Rejected!	
GOBP_MIDBRAIN_DOPAMINERGIC_NEURON_DIFFERENTIATION	17		Rejected!	
GOBP_NEGATIVE_REGULATION_OF_ESTABLISHMENT_OF_PROTEIN_LOCALIZATION	128	70		
GOBP_POSITIVE_REGULATION_OF_ESTABLISHMENT_OF_PROTEIN_LOCALIZATION	308	208		
GOBP_WNT_SIGNALING_PATHWAY_INVOLVED_IN_MIDBRAIN_DOPAMINERGIC_NEURON_DIFFERENTIATION	12		Rejected!	
GOBP_REGULATION_OF_MIDBRAIN_DOPAMINERGIC_NEURON_DIFFERENTIATION	5		Rejected!	
GOBP_BRUSH_BORDER_ASSEMBLY	5		Rejected!	
GOBP_REGULATION_OF_LEUKOCYTE_ADHESION_TO_VASCULAR_ENDOTHELIAL_CELL	39	17		
GOBP_NEGATIVE_REGULATION_OF_LEUKOCYTE_ADHESION_TO_VASCULAR_ENDOTHELIAL_CELL	13		Rejected!	
GOBP_POSITIVE_REGULATION_OF_LEUKOCYTE_ADHESION_TO_VASCULAR_ENDOTHELIAL_CELL	24	15		
GOBP_REGULATION_OF_LEUKOCYTE_ADHESION_TO_ARTERIAL_ENDOTHELIAL_CELL	5		Rejected!	
GOBP_REGULATION_OF_EPITHELIAL_TO_MESENCHYMAL_TRANSITION_INVOLVED_IN_ENDOCARDIAL_CUSHION_FORMATION	8		Rejected!	
GOBP_POSITIVE_REGULATION_OF_EPITHELIAL_TO_MESENCHYMAL_TRANSITION_INVOLVED_IN_ENDOCARDIAL_CUSHION_FORMATION	5		Rejected!	
GOBP_REGULATION_OF_MEMBRANE_REPOLARIZATION_DURING_VENTRICULAR_CARDIAC_MUSCLE_CELL_ACTION_POTENTIAL	5		Rejected!	
GOBP_REGULATION_OF_MEMBRANE_REPOLARIZATION_DURING_CARDIAC_MUSCLE_CELL_ACTION_POTENTIAL	7		Rejected!	
GOBP_REGULATION_OF_ANTIFUNGAL_INNATE_IMMUNE_RESPONSE	5		Rejected!	
GOBP_AUTOPHAGOSOME_ORGANIZATION	111	88		
GOBP_REGULATION_OF_METALLOPEPTIDASE_ACTIVITY	25		Rejected!	
GOBP_NEGATIVE_REGULATION_OF_METALLOPEPTIDASE_ACTIVITY	14		Rejected!	
GOBP_POSITIVE_REGULATION_OF_METALLOPEPTIDASE_ACTIVITY	11		Rejected!	
GOBP_REGULATION_OF_VASCULAR_ASSOCIATED_SMOOTH_MUSCLE_CELL_DIFFERENTIATION	26		Rejected!	
GOBP_NEGATIVE_REGULATION_OF_VASCULAR_ASSOCIATED_SMOOTH_MUSCLE_CELL_DIFFERENTIATION	13		Rejected!	
GOBP_POSITIVE_REGULATION_OF_VASCULAR_ASSOCIATED_SMOOTH_MUSCLE_CELL_DIFFERENTIATION	14		Rejected!	
GOBP_REGULATION_OF_GUANYL_NUCLEOTIDE_EXCHANGE_FACTOR_ACTIVITY	9		Rejected!	
GOBP_NEGATIVE_REGULATION_OF_GUANYL_NUCLEOTIDE_EXCHANGE_FACTOR_ACTIVITY	5		Rejected!	
GOBP_CELL_SURFACE_RECEPTOR_SIGNALING_PATHWAY_INVOLVED_IN_CELL_CELL_SIGNALING	550	243		
GOBP_REGULATION_OF_GLUCOSYLCERAMIDASE_ACTIVITY	5		Rejected!	
GOBP_RESPONSE_TO_ACETYLCHOLINE	32		Rejected!	
GOBP_LYSOSOMAL_PROTEIN_CATABOLIC_PROCESS	19	15		
GOBP_REGULATION_OF_VOLTAGE_GATED_SODIUM_CHANNEL_ACTIVITY	9		Rejected!	
GOBP_REGULATION_OF_MEMBRANE_INVAGINATION	15		Rejected!	
GOBP_REGULATION_OF_LYSOSOMAL_PROTEIN_CATABOLIC_PROCESS	10		Rejected!	
GOBP_POSITIVE_REGULATION_OF_DOUBLE_STRAND_BREAK_REPAIR_VIA_HOMOLOGOUS_RECOMBINATION	37	33		
GOBP_REGULATION_OF_VASCULAR_ASSOCIATED_SMOOTH_MUSCLE_CELL_DEDIFFERENTIATION	6		Rejected!	
GOBP_REGULATION_OF_CONNECTIVE_TISSUE_REPLACEMENT	15		Rejected!	
GOBP_POSITIVE_REGULATION_OF_CONNECTIVE_TISSUE_REPLACEMENT	12		Rejected!	
GOBP_REGULATION_OF_CARDIOCYTE_DIFFERENTIATION	35		Rejected!	
GOBP_NEGATIVE_REGULATION_OF_CARDIOCYTE_DIFFERENTIATION	14		Rejected!	
GOBP_POSITIVE_REGULATION_OF_CARDIOCYTE_DIFFERENTIATION	21		Rejected!	
GOBP_REGULATION_OF_RNA_BINDING	12		Rejected!	
GOBP_POSITIVE_REGULATION_OF_RNA_BINDING	8		Rejected!	
GOBP_REGULATION_OF_MODIFICATION_OF_SYNAPTIC_STRUCTURE	10		Rejected!	
GOBP_REGULATION_OF_ASPARTIC_TYPE_PEPTIDASE_ACTIVITY	12		Rejected!	
GOBP_POSITIVE_REGULATION_OF_ASPARTIC_TYPE_PEPTIDASE_ACTIVITY	8		Rejected!	
GOBP_NEGATIVE_REGULATION_OF_CHROMATIN_ORGANIZATION	5		Rejected!	
GOBP_POSITIVE_REGULATION_OF_CHROMATIN_ORGANIZATION	16		Rejected!	
GOBP_POSITIVE_REGULATION_OF_EPITHELIAL_TUBE_FORMATION	8		Rejected!	
GOBP_REGULATION_OF_RETROGRADE_TRANSPORT_ENDOSOME_TO_GOLGI	7		Rejected!	
GOBP_VASCULAR_ASSOCIATED_SMOOTH_MUSCLE_CELL_APOPTOTIC_PROCESS	15		Rejected!	
GOBP_SEMI_LUNAR_VALVE_DEVELOPMENT	41	15		
GOBP_TELOMERASE_HOLOENZYME_COMPLEX_ASSEMBLY	6		Rejected!	
GOBP_REGULATION_OF_MORPHOGENESIS_OF_AN_EPITHELIUM	65	18		
GOBP_NEGATIVE_REGULATION_OF_MORPHOGENESIS_OF_AN_EPITHELIUM	9		Rejected!	
GOBP_POSITIVE_REGULATION_OF_MORPHOGENESIS_OF_AN_EPITHELIUM	36		Rejected!	
GOBP_REGULATION_OF_SNRNA_TRANSCRIPTION_BY_RNA_POLYMERASE_II	5		Rejected!	
GOBP_PROTEIN_LOCALIZATION_TO_PRESYNAPSE	10		Rejected!	
GOBP_REGULATION_OF_MITOCHONDRIAL_ATP_SYNTHESIS_COUPLED_ELECTRON_TRANSPORT	7		Rejected!	
GOBP_REGULATION_OF_FC_GAMMA_RECEPTOR_SIGNALING_PATHWAY_INVOLVED_IN_PHAGOCYTOSIS	5		Rejected!	
GOBP_REGULATION_OF_LYMPHOID_PROGENITOR_CELL_DIFFERENTIATION	10		Rejected!	
GOBP_NEGATIVE_REGULATION_OF_VASCULAR_ASSOCIATED_SMOOTH_MUSCLE_CELL_APOPTOTIC_PROCESS	6		Rejected!	
GOBP_POSITIVE_REGULATION_OF_VASCULAR_ASSOCIATED_SMOOTH_MUSCLE_CELL_APOPTOTIC_PROCESS	9		Rejected!	
GOBP_REGULATION_OF_DNA_DUPLEX_UNWINDING	6		Rejected!	
GOBP_REGULATION_OF_PROTEIN_LOCALIZATION_TO_MEMBRANE	172	106		
GOBP_NEGATIVE_REGULATION_OF_PROTEIN_LOCALIZATION_TO_MEMBRANE	33	19		
GOBP_POSITIVE_REGULATION_OF_PROTEIN_LOCALIZATION_TO_MEMBRANE	103	67		
GOBP_PROTEIN_LOCALIZATION_TO_MICROTUBULE_ORGANIZING_CENTER	35	31		
GOBP_NON_MOTILE_CILIUM_ASSEMBLY	63	44		
GOBP_POSITIVE_REGULATION_OF_FERTILIZATION	5		Rejected!	
GOBP_MACROPHAGE_MIGRATION	55	24		
GOBP_REGULATION_OF_MACROPHAGE_MIGRATION	41	20		
GOBP_NEGATIVE_REGULATION_OF_MACROPHAGE_MIGRATION	12		Rejected!	
GOBP_POSITIVE_REGULATION_OF_MACROPHAGE_MIGRATION	25		Rejected!	
GOBP_NEGATIVE_REGULATION_OF_VASCULAR_ENDOTHELIAL_CELL_PROLIFERATION	25		Rejected!	
GOBP_POSITIVE_REGULATION_OF_VASCULAR_ENDOTHELIAL_CELL_PROLIFERATION	25		Rejected!	
GOBP_NEGATIVE_REGULATION_OF_LOW_DENSITY_LIPOPROTEIN_RECEPTOR_ACTIVITY	9		Rejected!	
GOBP_POSITIVE_REGULATION_OF_LOW_DENSITY_LIPOPROTEIN_RECEPTOR_ACTIVITY	5		Rejected!	
GOBP_REGULATION_OF_RECEPTOR_MEDIATED_ENDOCYTOSIS_INVOLVED_IN_CHOLESTEROL_TRANSPORT	6		Rejected!	
GOBP_REGULATION_OF_BLOOD_BRAIN_BARRIER_PERMEABILITY	8		Rejected!	
GOBP_POSITIVE_REGULATION_OF_BLOOD_BRAIN_BARRIER_PERMEABILITY	5		Rejected!	
GOBP_POSITIVE_REGULATION_OF_MIRNA_MEDIATED_GENE_SILENCING_BY_INHIBITION_OF_TRANSLATION	7		Rejected!	
GOBP_REGULATION_OF_PROTEIN_LOCALIZATION_TO_CHROMATIN	8		Rejected!	
GOBP_REGULATION_OF_ARTERY_MORPHOGENESIS	11		Rejected!	
GOBP_REGULATION_OF_CALCIUM_ION_IMPORT_ACROSS_PLASMA_MEMBRANE	8		Rejected!	
GOBP_REGULATION_OF_PROTEIN_LOCALIZATION_TO_ENDOSOME	12		Rejected!	
GOBP_REGULATION_OF_LYSOSOME_ORGANIZATION	6		Rejected!	
GOBP_NEGATIVE_REGULATION_OF_MEMBRANE_PERMEABILITY	11		Rejected!	
GOBP_POSITIVE_REGULATION_OF_MEMBRANE_PERMEABILITY	48	30		
GOBP_PROTEIN_LOCALIZATION_TO_PERINUCLEAR_REGION_OF_CYTOPLASM	9		Rejected!	
GOBP_PROTEIN_LOCALIZATION_TO_MICROTUBULE_END	5		Rejected!	
GOBP_REGULATION_OF_ENDOSOME_TO_PLASMA_MEMBRANE_PROTEIN_TRANSPORT	5		Rejected!	
GOBP_REGULATION_OF_MESODERMAL_CELL_DIFFERENTIATION	8		Rejected!	
GOBP_REGULATION_OF_DNA_HELICASE_ACTIVITY	5		Rejected!	
GOBP_REGULATION_OF_ANAPHASE_PROMOTING_COMPLEX_DEPENDENT_CATABOLIC_PROCESS	5		Rejected!	
GOBP_NEGATIVE_REGULATION_OF_SYNAPSE_ORGANIZATION	11		Rejected!	
GOBP_REGULATION_OF_CHROMOSOME_SEPARATION	72	62		
GOBP_POSITIVE_REGULATION_OF_CHROMOSOME_SEPARATION	18	16		
GOBP_POSITIVE_REGULATION_OF_CHROMOSOME_CONDENSATION	5		Rejected!	
GOBP_POSITIVE_REGULATION_OF_SPINDLE_ASSEMBLY	5		Rejected!	
GOBP_REGULATION_OF_3_UTR_MEDIATED_MRNA_STABILIZATION	6		Rejected!	
GOBP_POSITIVE_REGULATION_OF_3_UTR_MEDIATED_MRNA_STABILIZATION	5		Rejected!	
GOBP_REGULATION_OF_POSTSYNAPTIC_DENSITY_ORGANIZATION	13		Rejected!	
GOBP_REGULATION_OF_RESPONSE_TO_ENDOPLASMIC_RETICULUM_STRESS	82	60		
GOBP_POSITIVE_REGULATION_OF_RESPONSE_TO_ENDOPLASMIC_RETICULUM_STRESS	35	27		
GOBP_REGULATION_OF_AMYLOID_FIBRIL_FORMATION	16		Rejected!	
GOBP_NEGATIVE_REGULATION_OF_AMYLOID_FIBRIL_FORMATION	13		Rejected!	
GOBP_REGULATION_OF_CALCIUM_ION_EXPORT_ACROSS_PLASMA_MEMBRANE	5		Rejected!	
GOBP_REGULATION_OF_GERM_CELL_PROLIFERATION	5		Rejected!	
GOBP_REGULATION_OF_GONAD_DEVELOPMENT	14		Rejected!	
GOBP_POSITIVE_REGULATION_OF_GONAD_DEVELOPMENT	10		Rejected!	
GOBP_REGULATION_OF_LIPID_LOCALIZATION	183	70		
GOBP_NEGATIVE_REGULATION_OF_LIPID_LOCALIZATION	63	23		
GOBP_POSITIVE_REGULATION_OF_LIPID_LOCALIZATION	112	43		
GOBP_AMYLOID_FIBRIL_FORMATION	34	20		
GOBP_RETINAL_CELL_APOPTOTIC_PROCESS	6		Rejected!	
GOBP_CALCIUM_ION_EXPORT_ACROSS_PLASMA_MEMBRANE	10		Rejected!	
GOBP_CALCIUM_ION_IMPORT_INTO_SARCOPLASMIC_RETICULUM	6		Rejected!	
GOBP_ANTEROGRADE_NEURONAL_DENSE_CORE_VESICLE_TRANSPORT	5		Rejected!	
GOBP_ACTIVATION_OF_PROTEIN_KINASE_C_ACTIVITY	5		Rejected!	
GOBP_RESPONSE_TO_NERVE_GROWTH_FACTOR	47	26		
GOBP_RIBOSOME_ASSOCIATED_UBIQUITIN_DEPENDENT_PROTEIN_CATABOLIC_PROCESS	6		Rejected!	
GOBP_NEURON_PROJECTION_EXTENSION	172	82		
GOBP_INTRINSIC_APOPTOTIC_SIGNALING_PATHWAY_IN_RESPONSE_TO_HYPOXIA	9		Rejected!	
GOBP_HISTONE_H2A_PHOSPHORYLATION	7		Rejected!	
GOBP_PROTEIN_LOCALIZATION_TO_SITE_OF_DOUBLE_STRAND_BREAK	5		Rejected!	
GOBP_PROTEIN_LOCALIZATION_TO_NUCLEOPLASM	14		Rejected!	
GOBP_CELLULAR_RESPONSE_TO_LEUCINE_STARVATION	12		Rejected!	
GOBP_PEPTIDYL_TYROSINE_DEPHOSPHORYLATION_INVOLVED_IN_INACTIVATION_OF_PROTEIN_KINASE_ACTIVITY	9		Rejected!	
GOBP_NEUTROPHIL_MIGRATION	128	49		
GOBP_CELLULAR_RESPONSE_TO_INSULIN_LIKE_GROWTH_FACTOR_STIMULUS	7		Rejected!	
GOBP_GAP_JUNCTION_MEDIATED_INTERCELLULAR_TRANSPORT	6		Rejected!	
GOBP_LIPID_TRANSPORT_ACROSS_BLOOD_BRAIN_BARRIER	6		Rejected!	
GOBP_HYALOID_VASCULAR_PLEXUS_REGRESSION	7		Rejected!	
GOBP_EMBRYONIC_BRAIN_DEVELOPMENT	18		Rejected!	
GOBP_ADRENOMEDULLIN_RECEPTOR_SIGNALING_PATHWAY	5		Rejected!	
GOBP_REPLICATION_BORN_DOUBLE_STRAND_BREAK_REPAIR_VIA_SISTER_CHROMATID_EXCHANGE	8		Rejected!	
GOBP_CELLULAR_RESPONSE_TO_BRAIN_DERIVED_NEUROTROPHIC_FACTOR_STIMULUS	8		Rejected!	
GOBP_POSITIVE_REGULATION_OF_TRANSCRIPTION_FROM_RNA_POLYMERASE_II_PROMOTER_IN_RESPONSE_TO_ENDOPLASMIC_RETICULUM_STRESS	11		Rejected!	
GOBP_MITOCHONDRION_ENDOPLASMIC_RETICULUM_MEMBRANE_TETHERING	7		Rejected!	
GOBP_MRNA_PSEUDOURIDINE_SYNTHESIS	7		Rejected!	
GOBP_DENSE_CORE_GRANULE_EXOCYTOSIS	8		Rejected!	
GOBP_PIRNA_BIOSYNTHETIC_PROCESS	6		Rejected!	
GOBP_NEURON_PROJECTION_MAINTENANCE	10		Rejected!	
GOBP_MITOCHONDRIAL_TRANSMEMBRANE_TRANSPORT	105	69		
GOBP_PROTEIN_POLYUFMYLATION	5		Rejected!	
GOBP_UDP_N_ACETYLGLUCOSAMINE_TRANSMEMBRANE_TRANSPORT	5		Rejected!	
GOBP_POTASSIUM_ION_IMPORT_ACROSS_PLASMA_MEMBRANE	50		Rejected!	
GOBP_NUCLEOLAR_CHROMATIN_ORGANIZATION	10		Rejected!	
GOBP_PRESYNAPTIC_ACTIVE_ZONE_ORGANIZATION	8		Rejected!	
GOBP_PROTEIN_SIALYLATION	6		Rejected!	
GOBP_RESPONSE_TO_ANGIOTENSIN	30	15		
GOBP_PROTEIN_LOCALIZATION_TO_CELL_PERIPHERY	339	211		
GOBP_DORSAL_ROOT_GANGLION_DEVELOPMENT	7		Rejected!	
GOBP_LIGAND_GATED_ION_CHANNEL_SIGNALING_PATHWAY	22		Rejected!	
GOBP_RESPONSE_TO_LEUKEMIA_INHIBITORY_FACTOR	100	61		
GOBP_RESPONSE_TO_ODORANT	5		Rejected!	
GOBP_RESPONSE_TO_LECTIN	23		Rejected!	
GOBP_ADAPTIVE_THERMOGENESIS	159	82		
GOBP_VACUOLAR_LOCALIZATION	82	53		
GOBP_RESPONSE_TO_CHEMOKINE	96	31		
GOBP_VASCULAR_ASSOCIATED_SMOOTH_MUSCLE_CELL_PROLIFERATION	87	29		
GOBP_DOUBLE_STRAND_BREAK_REPAIR_INVOLVED_IN_MEIOTIC_RECOMBINATION	6		Rejected!	
GOBP_RESPONSE_TO_AMINO_ACID_STARVATION	49	42		
GOBP_XENOBIOTIC_TRANSPORT_ACROSS_BLOOD_BRAIN_BARRIER	6		Rejected!	
GOBP_REGULATION_OF_DNA_DAMAGE_CHECKPOINT	16	15		
GOBP_NEGATIVE_REGULATION_OF_DNA_DAMAGE_CHECKPOINT	5		Rejected!	
GOBP_REGULATION_OF_PROTEIN_LOCALIZATION_TO_CELL_SURFACE	41	27		
GOBP_NEGATIVE_REGULATION_OF_PROTEIN_LOCALIZATION_TO_CELL_SURFACE	12		Rejected!	
GOBP_POSITIVE_REGULATION_OF_PROTEIN_LOCALIZATION_TO_CELL_SURFACE	20		Rejected!	
GOBP_REGULATION_OF_MALE_GONAD_DEVELOPMENT	10		Rejected!	
GOBP_REGULATION_OF_MULTICELLULAR_ORGANISMAL_DEVELOPMENT	1394		Rejected!	
GOBP_REGULATION_OF_ANIMAL_ORGAN_MORPHOGENESIS	129	37		
GOBP_REGULATION_OF_STEM_CELL_DIVISION	12		Rejected!	
GOBP_REGULATION_OF_STEM_CELL_POPULATION_MAINTENANCE	35	18		
GOBP_NEGATIVE_REGULATION_OF_DOUBLE_STRAND_BREAK_REPAIR_VIA_HOMOLOGOUS_RECOMBINATION	19		Rejected!	
GOBP_REGULATION_OF_CELL_CELL_ADHESION_MEDIATED_BY_CADHERIN	21		Rejected!	
GOBP_NEGATIVE_REGULATION_OF_CELL_CELL_ADHESION_MEDIATED_BY_CADHERIN	10		Rejected!	
GOBP_POSITIVE_REGULATION_OF_CELL_CELL_ADHESION_MEDIATED_BY_CADHERIN	11		Rejected!	
GOBP_REGULATION_OF_NON_CANONICAL_WNT_SIGNALING_PATHWAY	26		Rejected!	
GOBP_NEGATIVE_REGULATION_OF_NON_CANONICAL_WNT_SIGNALING_PATHWAY	6		Rejected!	
GOBP_POSITIVE_REGULATION_OF_NON_CANONICAL_WNT_SIGNALING_PATHWAY	15		Rejected!	
GOBP_REGULATION_OF_UBIQUITIN_DEPENDENT_PROTEIN_CATABOLIC_PROCESS	168	132		
GOBP_NEGATIVE_REGULATION_OF_UBIQUITIN_DEPENDENT_PROTEIN_CATABOLIC_PROCESS	49	38		
GOBP_POSITIVE_REGULATION_OF_UBIQUITIN_DEPENDENT_PROTEIN_CATABOLIC_PROCESS	110	85		
GOBP_REGULATION_OF_TYPE_B_PANCREATIC_CELL_DEVELOPMENT	9		Rejected!	
GOBP_REGULATION_OF_WNT_SIGNALING_PATHWAY_PLANAR_CELL_POLARITY_PATHWAY	16		Rejected!	
GOBP_POSITIVE_REGULATION_OF_WNT_SIGNALING_PATHWAY_PLANAR_CELL_POLARITY_PATHWAY	9		Rejected!	
GOBP_NEGATIVE_REGULATION_OF_DNA_DEPENDENT_DNA_REPLICATION	15		Rejected!	
GOBP_POSITIVE_REGULATION_OF_DNA_DEPENDENT_DNA_REPLICATION	14		Rejected!	
GOBP_REGULATION_OF_LEUKOCYTE_APOPTOTIC_PROCESS	85	53		
GOBP_NEGATIVE_REGULATION_OF_LEUKOCYTE_APOPTOTIC_PROCESS	50	31		
GOBP_POSITIVE_REGULATION_OF_LEUKOCYTE_APOPTOTIC_PROCESS	27	15		
GOBP_REGULATION_OF_MACROPHAGE_APOPTOTIC_PROCESS	10		Rejected!	
GOBP_NEGATIVE_REGULATION_OF_MACROPHAGE_APOPTOTIC_PROCESS	6		Rejected!	
GOBP_REGULATION_OF_CELLULAR_MACROMOLECULE_BIOSYNTHETIC_PROCESS	767		Rejected!	
GOBP_NEGATIVE_REGULATION_OF_CELLULAR_MACROMOLECULE_BIOSYNTHETIC_PROCESS	340	198		
GOBP_REGULATION_OF_CYSTEINE_TYPE_ENDOPEPTIDASE_ACTIVITY	232	135		
GOBP_NEGATIVE_REGULATION_OF_CYSTEINE_TYPE_ENDOPEPTIDASE_ACTIVITY	85	49		
GOBP_REGULATION_OF_SODIUM_DEPENDENT_PHOSPHATE_TRANSPORT	5		Rejected!	
GOBP_REGULATION_OF_REMOVAL_OF_SUPEROXIDE_RADICALS	10		Rejected!	
GOBP_NEGATIVE_REGULATION_OF_CELL_PROLIFERATION_INVOLVED_IN_HEART_MORPHOGENESIS	5		Rejected!	
GOBP_POSITIVE_REGULATION_OF_CELL_PROLIFERATION_INVOLVED_IN_HEART_MORPHOGENESIS	6		Rejected!	
GOBP_REGULATION_OF_DNA_TEMPLATED_TRANSCRIPTION_INITIATION	57	44		
GOBP_NEGATIVE_REGULATION_OF_DNA_TEMPLATED_TRANSCRIPTION_INITIATION	6		Rejected!	
GOBP_POSITIVE_REGULATION_OF_DNA_TEMPLATED_TRANSCRIPTION_INITIATION	47	37		
GOBP_REGULATION_OF_UBIQUITIN_SPECIFIC_PROTEASE_ACTIVITY	5		Rejected!	
GOBP_REGULATION_OF_PEPTIDYL_CYSTEINE_S_NITROSYLATION	10		Rejected!	
GOBP_NEGATIVE_REGULATION_OF_DENDRITE_DEVELOPMENT	5		Rejected!	
GOBP_REGULATION_OF_BRANCHING_MORPHOGENESIS_OF_A_NERVE	5		Rejected!	
GOBP_REGULATION_OF_NEURAL_PRECURSOR_CELL_PROLIFERATION	85	28		
GOBP_NEGATIVE_REGULATION_OF_NEURAL_PRECURSOR_CELL_PROLIFERATION	21		Rejected!	
GOBP_POSITIVE_REGULATION_OF_NEURAL_PRECURSOR_CELL_PROLIFERATION	51		Rejected!	
GOBP_REGULATION_OF_FATTY_ACID_TRANSPORT	33		Rejected!	
GOBP_NEGATIVE_REGULATION_OF_FATTY_ACID_TRANSPORT	7		Rejected!	
GOBP_POSITIVE_REGULATION_OF_FATTY_ACID_TRANSPORT	25		Rejected!	
GOBP_REGULATION_OF_FEMALE_GONAD_DEVELOPMENT	7		Rejected!	
GOBP_REGULATION_OF_ANOIKIS	24		Rejected!	
GOBP_POSITIVE_REGULATION_OF_ANOIKIS	7		Rejected!	
GOBP_REGULATION_OF_RRNA_PROCESSING	16	15		
GOBP_POSITIVE_REGULATION_OF_RRNA_PROCESSING	10		Rejected!	
GOBP_REGULATION_OF_REPRODUCTIVE_PROCESS	178	56		
GOBP_NEGATIVE_REGULATION_OF_REPRODUCTIVE_PROCESS	63	18		
GOBP_POSITIVE_REGULATION_OF_REPRODUCTIVE_PROCESS	85	24		
GOBP_REGULATION_OF_ACTIN_CYTOSKELETON_REORGANIZATION	39	24		
GOBP_POSITIVE_REGULATION_OF_ACTIN_CYTOSKELETON_REORGANIZATION	19		Rejected!	
GOBP_NEGATIVE_REGULATION_OF_FEEDING_BEHAVIOR	6		Rejected!	
GOBP_POSITIVE_REGULATION_OF_FEEDING_BEHAVIOR	11		Rejected!	
GOBP_NEGATIVE_REGULATION_OF_FIBROBLAST_APOPTOTIC_PROCESS	8		Rejected!	
GOBP_POSITIVE_REGULATION_OF_FIBROBLAST_APOPTOTIC_PROCESS	9		Rejected!	
GOBP_NEGATIVE_REGULATION_OF_SIGNALING_RECEPTOR_ACTIVITY	65	22		
GOBP_POSITIVE_REGULATION_OF_SIGNALING_RECEPTOR_ACTIVITY	45	21		
GOBP_REGULATION_OF_DNA_BIOSYNTHETIC_PROCESS	123	93		
GOBP_NEGATIVE_REGULATION_OF_DNA_BIOSYNTHETIC_PROCESS	38	24		
GOBP_POSITIVE_REGULATION_OF_MYOBLAST_PROLIFERATION	10		Rejected!	
GOBP_REGULATION_OF_MYOBLAST_PROLIFERATION	21		Rejected!	
GOBP_REGULATION_OF_RHO_DEPENDENT_PROTEIN_SERINE_THREONINE_KINASE_ACTIVITY	5		Rejected!	
GOBP_REGULATION_OF_SYNAPTIC_VESICLE_EXOCYTOSIS	56	26		
GOBP_NEGATIVE_REGULATION_OF_SYNAPTIC_VESICLE_EXOCYTOSIS	5		Rejected!	
GOBP_POSITIVE_REGULATION_OF_SYNAPTIC_VESICLE_EXOCYTOSIS	6		Rejected!	
GOBP_REGULATION_OF_NMDA_RECEPTOR_ACTIVITY	22		Rejected!	
GOBP_REGULATION_OF_AMPA_RECEPTOR_ACTIVITY	25		Rejected!	
GOBP_REGULATION_OF_T_HELPER_17_TYPE_IMMUNE_RESPONSE	26	16		
GOBP_NEGATIVE_REGULATION_OF_T_HELPER_17_TYPE_IMMUNE_RESPONSE	11		Rejected!	
GOBP_POSITIVE_REGULATION_OF_T_HELPER_17_TYPE_IMMUNE_RESPONSE	14		Rejected!	
GOBP_REGULATION_OF_T_HELPER_17_CELL_DIFFERENTIATION	18		Rejected!	
GOBP_POSITIVE_REGULATION_OF_T_HELPER_17_CELL_DIFFERENTIATION	8		Rejected!	
GOBP_REGULATION_OF_GLUCOCORTICOID_RECEPTOR_SIGNALING_PATHWAY	7		Rejected!	
GOBP_REGULATION_OF_T_HELPER_17_CELL_LINEAGE_COMMITMENT	6		Rejected!	
GOBP_POSITIVE_REGULATION_OF_CHEMOKINE_C_X_C_MOTIF_LIGAND_1_PRODUCTION	5		Rejected!	
GOBP_NEGATIVE_REGULATION_OF_CHEMOKINE_C_X_C_MOTIF_LIGAND_2_PRODUCTION	6		Rejected!	
GOBP_POSITIVE_REGULATION_OF_CHEMOKINE_C_X_C_MOTIF_LIGAND_2_PRODUCTION	9		Rejected!	
GOBP_POSITIVE_REGULATION_OF_ACROSOME_REACTION	12		Rejected!	
GOBP_REGULATION_OF_HEPATOCYTE_PROLIFERATION	15		Rejected!	
GOBP_POSITIVE_REGULATION_OF_HEPATOCYTE_PROLIFERATION	10		Rejected!	
GOBP_REGULATION_OF_CD40_SIGNALING_PATHWAY	6		Rejected!	
GOBP_NEGATIVE_REGULATION_OF_ENDOTHELIAL_CELL_APOPTOTIC_PROCESS	36		Rejected!	
GOBP_POSITIVE_REGULATION_OF_ENDOTHELIAL_CELL_APOPTOTIC_PROCESS	24		Rejected!	
GOBP_REGULATION_OF_OVARIAN_FOLLICLE_DEVELOPMENT	6		Rejected!	
GOBP_REGULATION_OF_BINDING_OF_SPERM_TO_ZONA_PELLUCIDA	5		Rejected!	
GOBP_REGULATION_OF_CLATHRIN_DEPENDENT_ENDOCYTOSIS	18		Rejected!	
GOBP_POSITIVE_REGULATION_OF_CLATHRIN_DEPENDENT_ENDOCYTOSIS	5		Rejected!	
GOBP_REGULATION_OF_DNA_TOPOISOMERASE_ATP_HYDROLYZING_ACTIVITY	5		Rejected!	
GOBP_REGULATION_OF_REACTIVE_OXYGEN_SPECIES_METABOLIC_PROCESS	147	84		
GOBP_NEGATIVE_REGULATION_OF_REACTIVE_OXYGEN_SPECIES_METABOLIC_PROCESS	47	25		
GOBP_POSITIVE_REGULATION_OF_REACTIVE_OXYGEN_SPECIES_METABOLIC_PROCESS	71	37		
GOBP_REGULATION_OF_MESODERM_DEVELOPMENT	7		Rejected!	
GOBP_REGULATION_OF_NEUTROPHIL_EXTRAVASATION	9		Rejected!	
GOBP_POSITIVE_REGULATION_OF_NEUTROPHIL_EXTRAVASATION	7		Rejected!	
GOBP_REGULATION_OF_LAMELLIPODIUM_MORPHOGENESIS	11		Rejected!	
GOBP_POSITIVE_REGULATION_OF_LAMELLIPODIUM_MORPHOGENESIS	7		Rejected!	
GOBP_REGULATION_OF_LYMPHOCYTE_MIGRATION	63	37		
GOBP_NEGATIVE_REGULATION_OF_LYMPHOCYTE_MIGRATION	15		Rejected!	
GOBP_POSITIVE_REGULATION_OF_LYMPHOCYTE_MIGRATION	37	21		
GOBP_REGULATION_OF_T_CELL_MIGRATION	44	28		
GOBP_NEGATIVE_REGULATION_OF_T_CELL_MIGRATION	6		Rejected!	
GOBP_POSITIVE_REGULATION_OF_T_CELL_MIGRATION	31	19		
GOBP_REGULATION_OF_T_CELL_EXTRAVASATION	5		Rejected!	
GOBP_REGULATION_OF_EOSINOPHIL_MIGRATION	6		Rejected!	
GOBP_REGULATION_OF_APOPTOTIC_CELL_CLEARANCE	10		Rejected!	
GOBP_POSITIVE_REGULATION_OF_APOPTOTIC_CELL_CLEARANCE	8		Rejected!	
GOBP_REGULATION_OF_PROTEIN_NEDDYLATION	10		Rejected!	
GOBP_POSITIVE_REGULATION_OF_PROTEIN_NEDDYLATION	5		Rejected!	
GOBP_REGULATION_OF_MONOCYTE_EXTRAVASATION	5		Rejected!	
GOBP_POSITIVE_REGULATION_OF_EXCITATORY_POSTSYNAPTIC_POTENTIAL	25		Rejected!	
GOBP_REGULATION_OF_GLYCOGEN_STARCH_SYNTHASE_ACTIVITY	8		Rejected!	
GOBP_POSITIVE_REGULATION_OF_GLYCOGEN_STARCH_SYNTHASE_ACTIVITY	5		Rejected!	
GOBP_REGULATION_OF_CAMP_DEPENDENT_PROTEIN_KINASE_ACTIVITY	20		Rejected!	
GOBP_NEGATIVE_REGULATION_OF_CAMP_DEPENDENT_PROTEIN_KINASE_ACTIVITY	11		Rejected!	
GOBP_POSITIVE_REGULATION_OF_CAMP_DEPENDENT_PROTEIN_KINASE_ACTIVITY	6		Rejected!	
GOBP_REGULATION_OF_HEPATIC_STELLATE_CELL_ACTIVATION	6		Rejected!	
GOBP_REGULATION_OF_NATURAL_KILLER_CELL_CHEMOTAXIS	8		Rejected!	
GOBP_POSITIVE_REGULATION_OF_NATURAL_KILLER_CELL_CHEMOTAXIS	5		Rejected!	
GOBP_POSITIVE_REGULATION_OF_BLOOD_VESSEL_REMODELING	6		Rejected!	
GOBP_REGULATION_OF_DENDRITIC_CELL_CHEMOTAXIS	11		Rejected!	
GOBP_REGULATION_OF_CD4_POSITIVE_ALPHA_BETA_T_CELL_ACTIVATION	66	45		
GOBP_NEGATIVE_REGULATION_OF_CD4_POSITIVE_ALPHA_BETA_T_CELL_ACTIVATION	31	21		
GOBP_POSITIVE_REGULATION_OF_CD4_POSITIVE_ALPHA_BETA_T_CELL_ACTIVATION	39	26		
GOBP_REGULATION_OF_T_CELL_COSTIMULATION	5		Rejected!	
GOBP_REGULATION_OF_ENTRY_OF_BACTERIUM_INTO_HOST_CELL	7		Rejected!	
GOBP_POSITIVE_REGULATION_OF_GASTRULATION	7		Rejected!	
GOBP_POSITIVE_REGULATION_OF_T_HELPER_2_CELL_CYTOKINE_PRODUCTION	9		Rejected!	
GOBP_NEGATIVE_REGULATION_OF_CD4_POSITIVE_ALPHA_BETA_T_CELL_PROLIFERATION	9		Rejected!	
GOBP_POSITIVE_REGULATION_OF_CD4_POSITIVE_ALPHA_BETA_T_CELL_PROLIFERATION	5		Rejected!	
GOBP_POSITIVE_REGULATION_OF_DNA_BIOSYNTHETIC_PROCESS	73	57		
GOBP_REGULATION_OF_PLATELET_DERIVED_GROWTH_FACTOR_RECEPTOR_BETA_SIGNALING_PATHWAY	8		Rejected!	
GOBP_POSITIVE_REGULATION_OF_ARP2_3_COMPLEX_MEDIATED_ACTIN_NUCLEATION	10		Rejected!	
GOBP_REGULATION_OF_THYROID_HORMONE_GENERATION	6		Rejected!	
GOBP_POSITIVE_REGULATION_OF_HISTONE_H3_K9_ACETYLATION	8		Rejected!	
GOBP_REGULATION_OF_HISTONE_H4_K16_ACETYLATION	7		Rejected!	
GOBP_REGULATION_OF_NUCLEAR_TRANSCRIBED_MRNA_CATABOLIC_PROCESS_NONSENSE_MEDIATED_DECAY	11		Rejected!	
GOBP_NEGATIVE_REGULATION_OF_NUCLEAR_TRANSCRIBED_MRNA_CATABOLIC_PROCESS_NONSENSE_MEDIATED_DECAY	7		Rejected!	
GOBP_REGULATION_OF_MIRNA_CATABOLIC_PROCESS	6		Rejected!	
GOBP_POSITIVE_REGULATION_OF_MIRNA_CATABOLIC_PROCESS	5		Rejected!	
GOBP_REGULATION_OF_MIRNA_METABOLIC_PROCESS	12		Rejected!	
GOBP_POSITIVE_REGULATION_OF_MIRNA_METABOLIC_PROCESS	8		Rejected!	
GOBP_REGULATION_OF_SREBP_SIGNALING_PATHWAY	7		Rejected!	
GOBP_REGULATION_OF_EARLY_ENDOSOME_TO_LATE_ENDOSOME_TRANSPORT	18	15		
GOBP_POSITIVE_REGULATION_OF_EARLY_ENDOSOME_TO_LATE_ENDOSOME_TRANSPORT	8		Rejected!	
GOBP_REGULATION_OF_RECEPTOR_CATABOLIC_PROCESS	11		Rejected!	
GOBP_POSITIVE_REGULATION_OF_RECEPTOR_CATABOLIC_PROCESS	7		Rejected!	
GOBP_NEGATIVE_REGULATION_OF_STEM_CELL_PROLIFERATION	10		Rejected!	
GOBP_POSITIVE_REGULATION_OF_STEM_CELL_PROLIFERATION	31		Rejected!	
GOBP_POSITIVE_REGULATION_OF_SODIUM_ION_TRANSMEMBRANE_TRANSPORTER_ACTIVITY	16		Rejected!	
GOBP_REGULATION_OF_GENETIC_IMPRINTING	5		Rejected!	
GOBP_REGULATION_OF_INTERLEUKIN_1_MEDIATED_SIGNALING_PATHWAY	10		Rejected!	
GOBP_NEGATIVE_REGULATION_OF_INTERLEUKIN_1_MEDIATED_SIGNALING_PATHWAY	7		Rejected!	
GOBP_NEGATIVE_REGULATION_OF_DENDRITIC_CELL_APOPTOTIC_PROCESS	7		Rejected!	
GOBP_REGULATION_OF_MOTOR_NEURON_APOPTOTIC_PROCESS	5		Rejected!	
GOBP_NEGATIVE_REGULATION_OF_TYPE_B_PANCREATIC_CELL_APOPTOTIC_PROCESS	6		Rejected!	
GOBP_REGULATION_OF_TRANSCRIPTION_REGULATORY_REGION_DNA_BINDING	52	30		
GOBP_NEGATIVE_REGULATION_OF_TRANSCRIPTION_REGULATORY_REGION_DNA_BINDING	20		Rejected!	
GOBP_POSITIVE_REGULATION_OF_TRANSCRIPTION_REGULATORY_REGION_DNA_BINDING	24		Rejected!	
GOBP_REGULATION_OF_EPITHELIAL_CELL_DIFFERENTIATION_INVOLVED_IN_KIDNEY_DEVELOPMENT	16		Rejected!	
GOBP_POSITIVE_REGULATION_OF_EPITHELIAL_CELL_DIFFERENTIATION_INVOLVED_IN_KIDNEY_DEVELOPMENT	7		Rejected!	
GOBP_REGULATION_OF_CARDIAC_VASCULAR_SMOOTH_MUSCLE_CELL_DIFFERENTIATION	5		Rejected!	
GOBP_REGULATION_OF_CARDIAC_MUSCLE_CELL_DIFFERENTIATION	22		Rejected!	
GOBP_NEGATIVE_REGULATION_OF_CARDIAC_MUSCLE_CELL_DIFFERENTIATION	10		Rejected!	
GOBP_POSITIVE_REGULATION_OF_CARDIAC_MUSCLE_CELL_DIFFERENTIATION	12		Rejected!	
GOBP_REGULATION_OF_STEM_CELL_DIFFERENTIATION	63	35		
GOBP_NEGATIVE_REGULATION_OF_STEM_CELL_DIFFERENTIATION	24	16		
GOBP_POSITIVE_REGULATION_OF_STEM_CELL_DIFFERENTIATION	20		Rejected!	
GOBP_REGULATION_OF_MESENCHYMAL_STEM_CELL_DIFFERENTIATION	8		Rejected!	
GOBP_REGULATION_OF_PEPTIDYL_LYSINE_ACETYLATION	71	52		
GOBP_NEGATIVE_REGULATION_OF_PEPTIDYL_LYSINE_ACETYLATION	19		Rejected!	
GOBP_POSITIVE_REGULATION_OF_PEPTIDYL_LYSINE_ACETYLATION	37	28		
GOBP_REGULATION_OF_CYTOPLASMIC_TRANSLATION	28	22		
GOBP_NEGATIVE_REGULATION_OF_CYTOPLASMIC_TRANSLATION	7		Rejected!	
GOBP_POSITIVE_REGULATION_OF_CYTOPLASMIC_TRANSLATION	15		Rejected!	
GOBP_NEGATIVE_REGULATION_OF_CELLULAR_SENESCENCE	21		Rejected!	
GOBP_REGULATION_OF_DOUBLE_STRAND_BREAK_REPAIR	110	82		
GOBP_POSITIVE_REGULATION_OF_DOUBLE_STRAND_BREAK_REPAIR	64	49		
GOBP_REGULATION_OF_EPITHELIAL_CELL_PROLIFERATION_INVOLVED_IN_LUNG_MORPHOGENESIS	7		Rejected!	
GOBP_REGULATION_OF_SYNAPTIC_VESICLE_CLUSTERING	7		Rejected!	
GOBP_REGULATION_OF_BICELLULAR_TIGHT_JUNCTION_ASSEMBLY	22		Rejected!	
GOBP_NEGATIVE_REGULATION_OF_ANOIKIS	17		Rejected!	
GOBP_REGULATION_OF_BARBED_END_ACTIN_FILAMENT_CAPPING	6		Rejected!	
GOBP_NEGATIVE_REGULATION_OF_MYOBLAST_PROLIFERATION	9		Rejected!	
GOBP_REGULATION_OF_HEART_MORPHOGENESIS	11		Rejected!	
GOBP_REGULATION_OF_STEROID_HORMONE_SECRETION	18		Rejected!	
GOBP_POSITIVE_REGULATION_OF_STEROID_HORMONE_SECRETION	9		Rejected!	
GOBP_POSITIVE_REGULATION_OF_CORTICOSTEROID_HORMONE_SECRETION	7		Rejected!	
GOBP_REGULATION_OF_GLUCOCORTICOID_SECRETION	9		Rejected!	
GOBP_POSITIVE_REGULATION_OF_AMPA_RECEPTOR_ACTIVITY	8		Rejected!	
GOBP_REGULATION_OF_PRO_B_CELL_DIFFERENTIATION	8		Rejected!	
GOBP_REGULATION_OF_FOREBRAIN_NEURON_DIFFERENTIATION	5		Rejected!	
GOBP_REGULATION_OF_SKELETAL_MUSCLE_CELL_DIFFERENTIATION	20		Rejected!	
GOBP_NEGATIVE_REGULATION_OF_SKELETAL_MUSCLE_CELL_DIFFERENTIATION	5		Rejected!	
GOBP_POSITIVE_REGULATION_OF_SKELETAL_MUSCLE_CELL_DIFFERENTIATION	7		Rejected!	
GOBP_REGULATION_OF_RESPONSE_TO_DNA_DAMAGE_STIMULUS	246	187		
GOBP_NEGATIVE_REGULATION_OF_RESPONSE_TO_DNA_DAMAGE_STIMULUS	82	60		
GOBP_POSITIVE_REGULATION_OF_RESPONSE_TO_DNA_DAMAGE_STIMULUS	129	95		
GOBP_REGULATION_OF_RESPONSE_TO_DRUG	10		Rejected!	
GOBP_REGULATION_OF_ENDOTHELIAL_CELL_CHEMOTAXIS	24		Rejected!	
GOBP_NEGATIVE_REGULATION_OF_ENDOTHELIAL_CELL_CHEMOTAXIS	7		Rejected!	
GOBP_POSITIVE_REGULATION_OF_ENDOTHELIAL_CELL_CHEMOTAXIS	15		Rejected!	
GOBP_REGULATION_OF_DOUBLE_STRAND_BREAK_REPAIR_VIA_NONHOMOLOGOUS_END_JOINING	31	19		
GOBP_NEGATIVE_REGULATION_OF_DOUBLE_STRAND_BREAK_REPAIR_VIA_NONHOMOLOGOUS_END_JOINING	7		Rejected!	
GOBP_POSITIVE_REGULATION_OF_DOUBLE_STRAND_BREAK_REPAIR_VIA_NONHOMOLOGOUS_END_JOINING	16		Rejected!	
GOBP_REGULATION_OF_INTEGRIN_MEDIATED_SIGNALING_PATHWAY	16		Rejected!	
GOBP_POSITIVE_REGULATION_OF_INTEGRIN_MEDIATED_SIGNALING_PATHWAY	7		Rejected!	
GOBP_NEGATIVE_REGULATION_OF_MESENCHYMAL_CELL_APOPTOTIC_PROCESS	10		Rejected!	
GOBP_POSITIVE_REGULATION_OF_CYSTEINE_TYPE_ENDOPEPTIDASE_ACTIVITY	146	86		
GOBP_REACTIVE_NITROGEN_SPECIES_METABOLIC_PROCESS	82	36		
GOBP_REGULATION_OF_ENDOCYTIC_RECYCLING	18		Rejected!	
GOBP_POSITIVE_REGULATION_OF_ENDOCYTIC_RECYCLING	8		Rejected!	
GOBP_REGULATION_OF_PHOSPHOLIPID_TRANSPORT	15		Rejected!	
GOBP_REGULATION_OF_HISTONE_H2B_UBIQUITINATION	5		Rejected!	
GOBP_REGULATION_OF_ATP_BIOSYNTHETIC_PROCESS	23		Rejected!	
GOBP_NEGATIVE_REGULATION_OF_ATP_BIOSYNTHETIC_PROCESS	5		Rejected!	
GOBP_POSITIVE_REGULATION_OF_ATP_BIOSYNTHETIC_PROCESS	14		Rejected!	
GOBP_REGULATION_OF_CD8_POSITIVE_ALPHA_BETA_T_CELL_ACTIVATION	19		Rejected!	
GOBP_NEGATIVE_REGULATION_OF_CD8_POSITIVE_ALPHA_BETA_T_CELL_ACTIVATION	6		Rejected!	
GOBP_POSITIVE_REGULATION_OF_CD8_POSITIVE_ALPHA_BETA_T_CELL_ACTIVATION	9		Rejected!	
GOBP_REGULATION_OF_T_CELL_ACTIVATION_VIA_T_CELL_RECEPTOR_CONTACT_WITH_ANTIGEN_BOUND_TO_MHC_MOLECULE_ON_ANTIGEN_PRESENTING_CELL	6		Rejected!	
GOBP_REGULATION_OF_DENDRITIC_CELL_DIFFERENTIATION	15		Rejected!	
GOBP_NEGATIVE_REGULATION_OF_DENDRITIC_CELL_DIFFERENTIATION	6		Rejected!	
GOBP_POSITIVE_REGULATION_OF_DENDRITIC_CELL_DIFFERENTIATION	6		Rejected!	
GOBP_REGULATION_OF_OSTEOCLAST_DEVELOPMENT	11		Rejected!	
GOBP_NEGATIVE_REGULATION_OF_OSTEOCLAST_DEVELOPMENT	5		Rejected!	
GOBP_REGULATION_OF_VASCULOGENESIS	16		Rejected!	
GOBP_POSITIVE_REGULATION_OF_VASCULOGENESIS	12		Rejected!	
GOBP_REGULATION_OF_NEURON_MIGRATION	43		Rejected!	
GOBP_NEGATIVE_REGULATION_OF_NEURON_MIGRATION	11		Rejected!	
GOBP_POSITIVE_REGULATION_OF_NEURON_MIGRATION	16		Rejected!	
GOBP_REGULATION_OF_CHLORIDE_TRANSPORT	11		Rejected!	
GOBP_REGULATION_OF_APOPTOTIC_SIGNALING_PATHWAY	367	234		
GOBP_NEGATIVE_REGULATION_OF_APOPTOTIC_SIGNALING_PATHWAY	227	144		
GOBP_POSITIVE_REGULATION_OF_APOPTOTIC_SIGNALING_PATHWAY	134	85		
GOBP_REGULATION_OF_EXTRINSIC_APOPTOTIC_SIGNALING_PATHWAY	153	94		
GOBP_NEGATIVE_REGULATION_OF_EXTRINSIC_APOPTOTIC_SIGNALING_PATHWAY	97	57		
GOBP_POSITIVE_REGULATION_OF_EXTRINSIC_APOPTOTIC_SIGNALING_PATHWAY	50	33		
GOBP_REGULATION_OF_EXTRINSIC_APOPTOTIC_SIGNALING_PATHWAY_IN_ABSENCE_OF_LIGAND	44	24		
GOBP_POSITIVE_REGULATION_OF_EXTRINSIC_APOPTOTIC_SIGNALING_PATHWAY_IN_ABSENCE_OF_LIGAND	11		Rejected!	
GOBP_REGULATION_OF_INTRINSIC_APOPTOTIC_SIGNALING_PATHWAY	171	116		
GOBP_NEGATIVE_REGULATION_OF_INTRINSIC_APOPTOTIC_SIGNALING_PATHWAY	102	71		
GOBP_POSITIVE_REGULATION_OF_INTRINSIC_APOPTOTIC_SIGNALING_PATHWAY	61	39		
GOBP_REGULATION_OF_PHOSPHATIDYLCHOLINE_BIOSYNTHETIC_PROCESS	5		Rejected!	
GOBP_NEGATIVE_REGULATION_OF_CHROMOSOME_ORGANIZATION	89	75		
GOBP_POSITIVE_REGULATION_OF_CHROMOSOME_ORGANIZATION	90	74		
GOBP_REGULATION_OF_STORE_OPERATED_CALCIUM_ENTRY	15		Rejected!	
GOBP_REGULATION_OF_CATION_CHANNEL_ACTIVITY	180	52		
GOBP_NEGATIVE_REGULATION_OF_CATION_CHANNEL_ACTIVITY	58		Rejected!	
GOBP_POSITIVE_REGULATION_OF_CATION_CHANNEL_ACTIVITY	71	21		
GOBP_REGULATION_OF_CYSTEINE_TYPE_ENDOPEPTIDASE_ACTIVITY_INVOLVED_IN_APOPTOTIC_SIGNALING_PATHWAY	17		Rejected!	
GOBP_NEGATIVE_REGULATION_OF_CYSTEINE_TYPE_ENDOPEPTIDASE_ACTIVITY_INVOLVED_IN_APOPTOTIC_SIGNALING_PATHWAY	7		Rejected!	
GOBP_POSITIVE_REGULATION_OF_CYSTEINE_TYPE_ENDOPEPTIDASE_ACTIVITY_INVOLVED_IN_APOPTOTIC_SIGNALING_PATHWAY	10		Rejected!	
GOBP_REGULATION_OF_CYSTEINE_TYPE_ENDOPEPTIDASE_ACTIVITY_INVOLVED_IN_EXECUTION_PHASE_OF_APOPTOSIS	6		Rejected!	
GOBP_REGULATION_OF_UNSATURATED_FATTY_ACID_BIOSYNTHETIC_PROCESS	15		Rejected!	
GOBP_POSITIVE_REGULATION_OF_UNSATURATED_FATTY_ACID_BIOSYNTHETIC_PROCESS	9		Rejected!	
GOBP_REGULATION_OF_CAVEOLIN_MEDIATED_ENDOCYTOSIS	6		Rejected!	
GOBP_MALONYL_COA_METABOLIC_PROCESS	6		Rejected!	
GOBP_LIPOXIN_METABOLIC_PROCESS	5		Rejected!	
GOCC_NUCLEOTIDE_EXCISION_REPAIR_COMPLEX	11		Rejected!	
GOCC_HISTONE_DEACETYLASE_COMPLEX	72	62		
GOCC_SAGA_COMPLEX	21	16		
GOCC_TRANSCRIPTION_FACTOR_TFIIIC_COMPLEX	6		Rejected!	
GOCC_GOLGI_CIS_CISTERNA	30		Rejected!	
GOCC_GOLGI_TRANS_CISTERNA	12		Rejected!	
GOCC_GOLGI_MEMBRANE	644	417		
GOCC_EXOCYST	16		Rejected!	
GOCC_UBIQUITIN_LIGASE_COMPLEX	299	250		
GOCC_NUCLEAR_UBIQUITIN_LIGASE_COMPLEX	44	41		
GOCC_CYTOPLASMIC_UBIQUITIN_LIGASE_COMPLEX	14		Rejected!	
GOCC_PROTEIN_PHOSPHATASE_TYPE_2A_COMPLEX	17		Rejected!	
GOCC_PROTEIN_PHOSPHATASE_TYPE_1_COMPLEX	15		Rejected!	
GOCC_RIBONUCLEASE_MRP_COMPLEX	10		Rejected!	
GOCC_NUCLEAR_EXOSOME_RNASE_COMPLEX	12		Rejected!	
GOCC_CYTOPLASMIC_EXOSOME_RNASE_COMPLEX	13		Rejected!	
GOCC_VACUOLAR_PROTON_TRANSPORTING_V_TYPE_ATPASE_V0_DOMAIN	10		Rejected!	
GOCC_NUCLEAR_CHROMOSOME	229	162		
GOCC_PERICENTRIOLAR_MATERIAL	22	19		
GOCC_COMMITMENT_COMPLEX	5		Rejected!	
GOCC_MITOCHONDRIAL_PROTON_TRANSPORTING_ATP_SYNTHASE_COMPLEX_COUPLING_FACTOR_F_O	11		Rejected!	
GOCC_CYCLIN_DEPENDENT_PROTEIN_KINASE_HOLOENZYME_COMPLEX	49	38		
GOCC_ORGANELLAR_RIBOSOME	81	80		
GOCC_TRANSCRIPTION_EXPORT_COMPLEX	10		Rejected!	
GOCC_THO_COMPLEX	6		Rejected!	
GOCC_PHAGOPHORE_ASSEMBLY_SITE	33	27		
GOCC_EKC_KEOPS_COMPLEX	5		Rejected!	
GOCC_AUTOPHAGOSOME_MEMBRANE	52	36		
GOCC_PROTEASOME_COMPLEX	59	54		
GOCC_GLYCOSYLPHOSPHATIDYLINOSITOL_N_ACETYLGLUCOSAMINYLTRANSFERASE_GPI_GNT_COMPLEX	7		Rejected!	
GOCC_CHROMOSOME_CENTROMERIC_REGION	227	172		
GOCC_CONDENSED_CHROMOSOME_CENTROMERIC_REGION	156	130		
GOCC_CHROMOSOME_TELOMERIC_REGION	166	126		
GOCC_CHROMATIN	1279		Rejected!	
GOCC_EUCHROMATIN	62	45		
GOCC_HETEROCHROMATIN	69	49		
GOCC_CONDENSED_CHROMOSOME	256	187		
GOCC_CONDENSED_NUCLEAR_CHROMOSOME	74	40		
GOCC_CONDENSIN_COMPLEX	8		Rejected!	
GOCC_LATERAL_ELEMENT	13		Rejected!	
GOCC_CENTRAL_ELEMENT	8		Rejected!	
GOCC_SEX_CHROMOSOME	31	22		
GOCC_X_CHROMOSOME	11		Rejected!	
GOCC_ORIGIN_RECOGNITION_COMPLEX	9		Rejected!	
GOCC_SWR1_COMPLEX	13		Rejected!	
GOCC_ESCRT_I_COMPLEX	11		Rejected!	
GOCC_ESCRT_III_COMPLEX	11		Rejected!	
GOCC_ER_UBIQUITIN_LIGASE_COMPLEX	10		Rejected!	
GOCC_HRD1P_UBIQUITIN_LIGASE_ERAD_L_COMPLEX	7		Rejected!	
GOCC_SPINDLE_POLE	169	140		
GOCC_EQUATORIAL_MICROTUBULE_ORGANIZING_CENTER	5		Rejected!	
GOCC_GAMMA_TUBULIN_COMPLEX	16		Rejected!	
GOCC_GAMMA_TUBULIN_LARGE_COMPLEX	7		Rejected!	
GOCC_P_BODY	93	68		
GOCC_OUTER_KINETOCHORE	12		Rejected!	
GOCC_PRP19_COMPLEX	12		Rejected!	
GOCC_PAM_COMPLEX_TIM23_ASSOCIATED_IMPORT_MOTOR	5		Rejected!	
GOCC_VOLTAGE_GATED_SODIUM_CHANNEL_COMPLEX	17		Rejected!	
GOCC_OUTER_DENSE_FIBER	6		Rejected!	
GOCC_MICROFIBRIL	12		Rejected!	
GOCC_CORNIFIED_ENVELOPE	45		Rejected!	
GOCC_FIBRILLAR_CENTER	140	108		
GOCC_GRANULAR_COMPONENT	6		Rejected!	
GOCC_ACROSOMAL_VESICLE	124	47		
GOCC_MALE_GERM_CELL_NUCLEUS	16		Rejected!	
GOCC_FEMALE_GERM_CELL_NUCLEUS	5		Rejected!	
GOCC_RUFFLE	178	114		
GOCC_SEX_CHROMATIN	5		Rejected!	
GOCC_BARR_BODY	7		Rejected!	
GOCC_XY_BODY	14		Rejected!	
GOCC_PHOTORECEPTOR_OUTER_SEGMENT	93	28		
GOCC_IMMUNOLOGICAL_SYNAPSE	44	35		
GOCC_PHAGOCYTIC_CUP	28	21		
GOCC_PHOTORECEPTOR_INNER_SEGMENT	63	20		
GOCC_FEMALE_PRONUCLEUS	9		Rejected!	
GOCC_MALE_PRONUCLEUS	7		Rejected!	
GOCC_INNER_ACROSOMAL_MEMBRANE	5		Rejected!	
GOCC_ACROSOMAL_MEMBRANE	28		Rejected!	
GOCC_PODOSOME	29	20		
GOCC_SEMAPHORIN_RECEPTOR_COMPLEX	11		Rejected!	
GOCC_STEREOCILIA_COUPLING_LINK	6		Rejected!	
GOCC_MANCHETTE	15		Rejected!	
GOCC_PALMITOYLTRANSFERASE_COMPLEX	11		Rejected!	
GOCC_RIBOSE_PHOSPHATE_DIPHOSPHOKINASE_COMPLEX	5		Rejected!	
GOCC_ZONA_PELLUCIDA_RECEPTOR_COMPLEX	8		Rejected!	
GOCC_FIBRINOGEN_COMPLEX	8		Rejected!	
GOCC_MEMBRANE_ATTACK_COMPLEX	7		Rejected!	
GOCC_COLLAGEN_TRIMER	86		Rejected!	
GOCC_FIBRILLAR_COLLAGEN_TRIMER	12		Rejected!	
GOCC_COLLAGEN_TYPE_IV_TRIMER	7		Rejected!	
GOCC_FACIT_COLLAGEN_TRIMER	6		Rejected!	
GOCC_BASEMENT_MEMBRANE	95	18		
GOCC_INTERSTITIAL_MATRIX	11		Rejected!	
GOCC_NUCLEAR_ENVELOPE	479	333		
GOCC_NUCLEAR_INNER_MEMBRANE	61	41		
GOCC_LAMIN_FILAMENT	5		Rejected!	
GOCC_NUCLEAR_OUTER_MEMBRANE	29	15		
GOCC_NUCLEAR_ENVELOPE_LUMEN	10		Rejected!	
GOCC_ANNULATE_LAMELLAE	5		Rejected!	
GOCC_NUCLEAR_PORE	93	73		
GOCC_NUCLEAR_LAMINA	10		Rejected!	
GOCC_NUCLEOLAR_RIBONUCLEASE_P_COMPLEX	7		Rejected!	
GOCC_REPLICATION_FORK	60	53		
GOCC_ALPHA_DNA_POLYMERASE_PRIMASE_COMPLEX	5		Rejected!	
GOCC_DNA_REPLICATION_FACTOR_C_COMPLEX	5		Rejected!	
GOCC_RNA_POLYMERASE_II_CORE_COMPLEX	15		Rejected!	
GOCC_RNA_POLYMERASE_III_COMPLEX	18	18		
GOCC_TRANSCRIPTION_REGULATOR_COMPLEX	483	315		
GOCC_TRANSCRIPTION_FACTOR_TFIID_COMPLEX	34	30		
GOCC_TRANSCRIPTION_FACTOR_TFIIA_COMPLEX	5		Rejected!	
GOCC_TRANSCRIPTION_FACTOR_TFIIH_HOLO_COMPLEX	13		Rejected!	
GOCC_CHROMATIN_SILENCING_COMPLEX	13		Rejected!	
GOCC_ANAPHASE_PROMOTING_COMPLEX	21	20		
GOCC_SPLICEOSOMAL_COMPLEX	192	174		
GOCC_U5_SNRNP	23	16		
GOCC_U7_SNRNP	7		Rejected!	
GOCC_U2_TYPE_SPLICEOSOMAL_COMPLEX	92	84		
GOCC_U1_SNRNP	32	17		
GOCC_U2_SNRNP	24	19		
GOCC_U4_SNRNP	13		Rejected!	
GOCC_U6_SNRNP	11		Rejected!	
GOCC_U12_TYPE_SPLICEOSOMAL_COMPLEX	29	26		
GOCC_CHROMOSOME	1852		Rejected!	
GOCC_TELOMERASE_HOLOENZYME_COMPLEX	22	21		
GOCC_PERICENTRIC_HETEROCHROMATIN	23	17		
GOCC_NUCLEOLUS	1421		Rejected!	
GOCC_SNO_S_RNA_CONTAINING_RIBONUCLEOPROTEIN_COMPLEX	30	22		
GOCC_RNA_POLYMERASE_I_COMPLEX	13		Rejected!	
GOCC_MITOCHONDRION	1648		Rejected!	
GOCC_MITOCHONDRIAL_ENVELOPE	783		Rejected!	
GOCC_TIM23_MITOCHONDRIAL_IMPORT_INNER_MEMBRANE_TRANSLOCASE_COMPLEX	14		Rejected!	
GOCC_MITOCHONDRIAL_PERMEABILITY_TRANSITION_PORE_COMPLEX	7		Rejected!	
GOCC_MITOCHONDRIAL_MATRIX	473	381		
GOCC_MITOCHONDRIAL_LARGE_RIBOSOMAL_SUBUNIT	54	53		
GOCC_MITOCHONDRIAL_SMALL_RIBOSOMAL_SUBUNIT	26	26		
GOCC_SECONDARY_LYSOSOME	17		Rejected!	
GOCC_ENDOSOME	996		Rejected!	
GOCC_EARLY_ENDOSOME	395	249		
GOCC_LATE_ENDOSOME	283	188		
GOCC_MULTIVESICULAR_BODY	63	37		
GOCC_VACUOLE	827		Rejected!	
GOCC_VACUOLAR_MEMBRANE	452	311		
GOCC_VACUOLAR_LUMEN	174	100		
GOCC_AUTOPHAGOSOME	113	83		
GOCC_ENDOPLASMIC_RETICULUM	1993		Rejected!	
GOCC_SEC61_TRANSLOCON_COMPLEX	5		Rejected!	
GOCC_SIGNAL_PEPTIDASE_COMPLEX	6		Rejected!	
GOCC_ENDOPLASMIC_RETICULUM_LUMEN	310	113		
GOCC_SMOOTH_ENDOPLASMIC_RETICULUM	30	18		
GOCC_ROUGH_ENDOPLASMIC_RETICULUM	80	51		
GOCC_ENDOPLASMIC_RETICULUM_GOLGI_INTERMEDIATE_COMPARTMENT	131	91		
GOCC_GOLGI_APPARATUS	1613		Rejected!	
GOCC_GOLGI_STACK	153	91		
GOCC_GOLGI_LUMEN	103	18		
GOCC_GOLGI_MEDIAL_CISTERNA	12		Rejected!	
GOCC_GOLGI_ASSOCIATED_VESICLE	84	53		
GOCC_CIS_GOLGI_NETWORK	72	37		
GOCC_TRANS_GOLGI_NETWORK	262	162		
GOCC_LIPID_DROPLET	100	57		
GOCC_CENTROSOME	619	478		
GOCC_CENTRIOLE	147	107		
GOCC_MICROTUBULE_ORGANIZING_CENTER	821		Rejected!	
GOCC_ASTER	11		Rejected!	
GOCC_SPINDLE	402	314		
GOCC_POLAR_MICROTUBULE	5		Rejected!	
GOCC_KINETOCHORE_MICROTUBULE	18	16		
GOCC_CHAPERONIN_CONTAINING_T_COMPLEX	11		Rejected!	
GOCC_HEMOGLOBIN_COMPLEX	12		Rejected!	
GOCC_PROTEASOME_REGULATORY_PARTICLE	19	19		
GOCC_PROTEASOME_CORE_COMPLEX	20	18		
GOCC_RIBOSOME	216	187		
GOCC_POLYSOME	65	55		
GOCC_MRNA_CLEAVAGE_AND_POLYADENYLATION_SPECIFICITY_FACTOR_COMPLEX	15		Rejected!	
GOCC_MRNA_CLEAVAGE_FACTOR_COMPLEX	19	18		
GOCC_EUKARYOTIC_TRANSLATION_INITIATION_FACTOR_2_COMPLEX	5		Rejected!	
GOCC_EUKARYOTIC_TRANSLATION_INITIATION_FACTOR_2B_COMPLEX	6		Rejected!	
GOCC_EUKARYOTIC_TRANSLATION_INITIATION_FACTOR_3_COMPLEX	15		Rejected!	
GOCC_NASCENT_POLYPEPTIDE_ASSOCIATED_COMPLEX	5		Rejected!	
GOCC_AXONEMAL_DYNEIN_COMPLEX	23		Rejected!	
GOCC_MUSCLE_MYOSIN_COMPLEX	15		Rejected!	
GOCC_TROPONIN_COMPLEX	9		Rejected!	
GOCC_STRIATED_MUSCLE_THIN_FILAMENT	21		Rejected!	
GOCC_CYTOPLASMIC_DYNEIN_COMPLEX	23		Rejected!	
GOCC_DYNACTIN_COMPLEX	16		Rejected!	
GOCC_KINESIN_COMPLEX	49	32		
GOCC_MICROTUBULE	435	281		
GOCC_MICROTUBULE_ASSOCIATED_COMPLEX	160	87		
GOCC_SPINDLE_MICROTUBULE	83	69		
GOCC_AXONEMAL_MICROTUBULE	9		Rejected!	
GOCC_CYTOPLASMIC_MICROTUBULE	75	46		
GOCC_INTERMEDIATE_FILAMENT	214	34		
GOCC_NEUROFILAMENT	9		Rejected!	
GOCC_ACTIN_FILAMENT	110	54		
GOCC_ARP2_3_PROTEIN_COMPLEX	9		Rejected!	
GOCC_SODIUM_POTASSIUM_EXCHANGING_ATPASE_COMPLEX	12		Rejected!	
GOCC_VOLTAGE_GATED_CALCIUM_CHANNEL_COMPLEX	44		Rejected!	
GOCC_ACETYLCHOLINE_GATED_CHANNEL_COMPLEX	15		Rejected!	
GOCC_CAVEOLA	83	36		
GOCC_MICROVILLUS	90	42		
GOCC_BRUSH_BORDER	102	46		
GOCC_CLATHRIN_COATED_PIT	70	47		
GOCC_CELL_CELL_JUNCTION	497	216		
GOCC_ADHERENS_JUNCTION	172	80		
GOCC_ZONULA_ADHERENS	8		Rejected!	
GOCC_FASCIA_ADHERENS	10		Rejected!	
GOCC_GAP_JUNCTION	32		Rejected!	
GOCC_CONNEXIN_COMPLEX	21		Rejected!	
GOCC_CILIUM	695	285		
GOCC_CELL_CORTEX	310	156		
GOCC_PHOSPHATIDYLINOSITOL_3_KINASE_COMPLEX	29	25		
GOCC_PHOSPHATIDYLINOSITOL_3_KINASE_COMPLEX_CLASS_IA	6		Rejected!	
GOCC_MITOCHONDRIAL_ALPHA_KETOGLUTARATE_DEHYDROGENASE_COMPLEX	6		Rejected!	
GOCC_CAMP_DEPENDENT_PROTEIN_KINASE_COMPLEX	10		Rejected!	
GOCC_CALCIUM_AND_CALMODULIN_DEPENDENT_PROTEIN_KINASE_COMPLEX	5		Rejected!	
GOCC_CALCINEURIN_COMPLEX	5		Rejected!	
GOCC_MAGNESIUM_DEPENDENT_PROTEIN_SERINE_THREONINE_PHOSPHATASE_COMPLEX	28	20		
GOCC_PHOSPHORYLASE_KINASE_COMPLEX	5		Rejected!	
GOCC_MITOCHONDRIAL_PYRUVATE_DEHYDROGENASE_COMPLEX	7		Rejected!	
GOCC_TRANSCRIPTION_ELONGATION_FACTOR_COMPLEX	51	37		
GOCC_CYCLIN_CDK_POSITIVE_TRANSCRIPTION_ELONGATION_FACTOR_COMPLEX	6		Rejected!	
GOCC_SPECTRIN	9		Rejected!	
GOCC_COP9_SIGNALOSOME	15		Rejected!	
GOCC_OLIGOSACCHARYLTRANSFERASE_COMPLEX	14		Rejected!	
GOCC_COHESIN_COMPLEX	14		Rejected!	
GOCC_F_ACTIN_CAPPING_PROTEIN_COMPLEX	8		Rejected!	
GOCC_CASPASE_COMPLEX	8		Rejected!	
GOCC_INTEGRIN_COMPLEX	31	15		
GOCC_IKAPPAB_KINASE_COMPLEX	7		Rejected!	
GOCC_PROTEASOME_REGULATORY_PARTICLE_BASE_SUBCOMPLEX	9		Rejected!	
GOCC_PROTEASOME_REGULATORY_PARTICLE_LID_SUBCOMPLEX	7		Rejected!	
GOCC_EPSILON_DNA_POLYMERASE_COMPLEX	5		Rejected!	
GOCC_NUCLEOID	44	40		
GOCC_EXTERNAL_SIDE_OF_PLASMA_MEMBRANE	448	131		
GOCC_CELL_SURFACE	932	281		
GOCC_ENDOSOME_MEMBRANE	525	352		
GOCC_CYTOPLASMIC_SIDE_OF_ENDOSOME_MEMBRANE	5		Rejected!	
GOCC_CHROMOCENTER	15		Rejected!	
GOCC_CYTOPLASMIC_STRESS_GRANULE	79	61		
GOCC_VESICLE_MEMBRANE	1189		Rejected!	
GOCC_ER_TO_GOLGI_TRANSPORT_VESICLE_MEMBRANE	62	34		
GOCC_TRANS_GOLGI_NETWORK_TRANSPORT_VESICLE_MEMBRANE	15		Rejected!	
GOCC_JUNCTIONAL_SARCOPLASMIC_RETICULUM_MEMBRANE	9		Rejected!	
GOCC_INTERCALATED_DISC	48	18		
GOCC_SPECTRIN_ASSOCIATED_CYTOSKELETON	9		Rejected!	
GOCC_CAJAL_BODY	79	54		
GOCC_ACTIN_CYTOSKELETON	494	254		
GOCC_MICROTUBULE_CYTOSKELETON	1320		Rejected!	
GOCC_LARGE_RIBOSOMAL_SUBUNIT	112	103		
GOCC_SMALL_RIBOSOMAL_SUBUNIT	69	62		
GOCC_DYSTROPHIN_ASSOCIATED_GLYCOPROTEIN_COMPLEX	17		Rejected!	
GOCC_DYSTROGLYCAN_COMPLEX	7		Rejected!	
GOCC_INCLUSION_BODY	74	55		
GOCC_AGGRESOME	35	26		
GOCC_PREFOLDIN_COMPLEX	7		Rejected!	
GOCC_EUKARYOTIC_TRANSLATION_INITIATION_FACTOR_4F_COMPLEX	11		Rejected!	
GOCC_BASOLATERAL_PLASMA_MEMBRANE	228	91		
GOCC_APICAL_PLASMA_MEMBRANE	360	117		
GOCC_APICOLATERAL_PLASMA_MEMBRANE	20		Rejected!	
GOCC_LATERAL_PLASMA_MEMBRANE	64	32		
GOCC_CATENIN_COMPLEX	31		Rejected!	
GOCC_MYOSIN_COMPLEX	56	23		
GOCC_MYOSIN_II_COMPLEX	22		Rejected!	
GOCC_UNCONVENTIONAL_MYOSIN_COMPLEX	8		Rejected!	
GOCC_PROTON_TRANSPORTING_TWO_SECTOR_ATPASE_COMPLEX	50	20		
GOCC_SWI_SNF_COMPLEX	26	20		
GOCC_SARCOPLASM	78	36		
GOCC_SIN3_COMPLEX	11		Rejected!	
GOCC_NURD_COMPLEX	14		Rejected!	
GOCC_NURF_COMPLEX	7		Rejected!	
GOCC_RNA_POLYMERASE_II_HOLOENZYME	76	66		
GOCC_MEDIATOR_COMPLEX	40	38		
GOCC_CDC73_PAF1_COMPLEX	7		Rejected!	
GOCC_FLOTILLIN_COMPLEX	9		Rejected!	
GOCC_CCAAT_BINDING_FACTOR_COMPLEX	6		Rejected!	
GOCC_NUCLEAR_BODY	832		Rejected!	
GOCC_PML_BODY	106	82		
GOCC_NUCLEAR_SPECK	410	312		
GOCC_INSULIN_LIKE_GROWTH_FACTOR_BINDING_PROTEIN_COMPLEX	5		Rejected!	
GOCC_TRANSCRIPTION_REPRESSOR_COMPLEX	76	57		
GOCC_AMINOACYL_TRNA_SYNTHETASE_MULTIENZYME_COMPLEX	11		Rejected!	
GOCC_GOLGI_TRANSPORT_COMPLEX	11		Rejected!	
GOCC_NMDA_SELECTIVE_GLUTAMATE_RECEPTOR_COMPLEX	9		Rejected!	
GOCC_HOST_CELLULAR_COMPONENT	10		Rejected!	
GOCC_SCF_UBIQUITIN_LIGASE_COMPLEX	63	47		
GOCC_PROTEASOME_CORE_COMPLEX_ALPHA_SUBUNIT_COMPLEX	8		Rejected!	
GOCC_PROTEASOME_CORE_COMPLEX_BETA_SUBUNIT_COMPLEX	11		Rejected!	
GOCC_IMMUNOGLOBULIN_COMPLEX	157		Rejected!	
GOCC_ORGANELLE_INNER_MEMBRANE	551	402		
GOCC_OUTER_MEMBRANE	234	156		
GOCC_EXTRINSIC_COMPONENT_OF_PLASMA_MEMBRANE	170	82		
GOCC_EXTRINSIC_COMPONENT_OF_MEMBRANE	314	176		
GOCC_NUCLEAR_CYCLIN_DEPENDENT_PROTEIN_KINASE_HOLOENZYME_COMPLEX	10		Rejected!	
GOCC_PROTEASOME_ACCESSORY_COMPLEX	23	23		
GOCC_CYTOSOLIC_LARGE_RIBOSOMAL_SUBUNIT	58	50		
GOCC_CYTOSOLIC_RIBOSOME	102	87		
GOCC_CYTOSOLIC_SMALL_RIBOSOMAL_SUBUNIT	43	37		
GOCC_TRAPP_COMPLEX	17		Rejected!	
GOCC_CCR4_NOT_COMPLEX	14		Rejected!	
GOCC_CCR4_NOT_CORE_COMPLEX	6		Rejected!	
GOCC_LAMELLIPODIUM	201	121		
GOCC_CELL_SUBSTRATE_JUNCTION	431	285		
GOCC_HEMIDESMOSOME	7		Rejected!	
GOCC_DESMOSOME	25		Rejected!	
GOCC_MITOCHONDRIAL_CRISTA	8		Rejected!	
GOCC_MITOCHONDRIAL_TRICARBOXYLIC_ACID_CYCLE_ENZYME_COMPLEX	11		Rejected!	
GOCC_MEMBRANE_COAT	84	72		
GOCC_CLATHRIN_COAT	39	31		
GOCC_AP_TYPE_MEMBRANE_COAT_ADAPTOR_COMPLEX	30	27		
GOCC_VESICLE_COAT	52	44		
GOCC_AP_1_ADAPTOR_COMPLEX	7		Rejected!	
GOCC_AP_3_ADAPTOR_COMPLEX	5		Rejected!	
GOCC_CLATHRIN_VESICLE_COAT	25	19		
GOCC_COPI_VESICLE_COAT	13		Rejected!	
GOCC_COPII_VESICLE_COAT	15	15		
GOCC_CLATHRIN_COAT_OF_ENDOCYTIC_VESICLE	8		Rejected!	
GOCC_CLATHRIN_ADAPTOR_COMPLEX	18	15		
GOCC_CLATHRIN_COAT_OF_COATED_PIT	14		Rejected!	
GOCC_TRANSPORT_VESICLE	403	198		
GOCC_COPII_COATED_ER_TO_GOLGI_TRANSPORT_VESICLE	94	57		
GOCC_COATED_VESICLE	292	176		
GOCC_CLATHRIN_COATED_VESICLE	194	105		
GOCC_COPI_COATED_VESICLE	22	19		
GOCC_ENDOCYTIC_VESICLE	342	188		
GOCC_TRANS_GOLGI_NETWORK_TRANSPORT_VESICLE	32	19		
GOCC_SECRETORY_GRANULE	864	448		
GOCC_FILOPODIUM	105	56		
GOCC_INTEGRAL_COMPONENT_OF_SYNAPTIC_VESICLE_MEMBRANE	28		Rejected!	
GOCC_DYNEIN_COMPLEX	54	17		
GOCC_PROTEIN_PHOSPHATASE_4_COMPLEX	6		Rejected!	
GOCC_EXTERNAL_ENCAPSULATING_STRUCTURE	570	109		
GOCC_JUNCTIONAL_MEMBRANE_COMPLEX	5		Rejected!	
GOCC_T_TUBULE	51	16		
GOCC_AXON	628	276		
GOCC_SITE_OF_POLARIZED_GROWTH	167	92		
GOCC_MIDBODY	204	161		
GOCC_TRANSPORT_VESICLE_MEMBRANE	205	89		
GOCC_GOLGI_ASSOCIATED_VESICLE_MEMBRANE	52	33		
GOCC_COATED_VESICLE_MEMBRANE	176	98		
GOCC_COPI_COATED_VESICLE_MEMBRANE	18	15		
GOCC_CLATHRIN_COATED_VESICLE_MEMBRANE	111	52		
GOCC_ENDOCYTIC_VESICLE_MEMBRANE	194	90		
GOCC_SECRETORY_GRANULE_MEMBRANE	312	157		
GOCC_CLATHRIN_COATED_ENDOCYTIC_VESICLE_MEMBRANE	72	29		
GOCC_PHAGOCYTIC_VESICLE_MEMBRANE	77	48		
GOCC_SYNAPTIC_VESICLE_MEMBRANE	103	39		
GOCC_AXOLEMMA	13		Rejected!	
GOCC_RIBONUCLEASE_P_COMPLEX	14		Rejected!	
GOCC_MULTIMERIC_RIBONUCLEASE_P_COMPLEX	10		Rejected!	
GOCC_PRERIBOSOME	78	68		
GOCC_90S_PRERIBOSOME	29	25		
GOCC_PRERIBOSOME_LARGE_SUBUNIT_PRECURSOR	23	22		
GOCC_PRERIBOSOME_SMALL_SUBUNIT_PRECURSOR	15		Rejected!	
GOCC_CORTICAL_CYTOSKELETON	107	55		
GOCC_CORTICAL_ACTIN_CYTOSKELETON	79	41		
GOCC_ROUGH_ENDOPLASMIC_RETICULUM_MEMBRANE	24	22		
GOCC_SMOOTH_ENDOPLASMIC_RETICULUM_MEMBRANE	7		Rejected!	
GOCC_BETA_CATENIN_DESTRUCTION_COMPLEX	11		Rejected!	
GOCC_RNA_POLYMERASE_COMPLEX	105	91		
GOCC_MITOTIC_COHESIN_COMPLEX	5		Rejected!	
GOCC_MEIOTIC_COHESIN_COMPLEX	8		Rejected!	
GOCC_REPLISOME	15		Rejected!	
GOCC_CHECKPOINT_CLAMP_COMPLEX	5		Rejected!	
GOCC_HOPS_COMPLEX	8		Rejected!	
GOCC_RETROMER_COMPLEX	12		Rejected!	
GOCC_SMC5_SMC6_COMPLEX	7		Rejected!	
GOCC_NADH_DEHYDROGENASE_COMPLEX	49	38		
GOCC_INTRACILIARY_TRANSPORT_PARTICLE	25	20		
GOCC_INTRACILIARY_TRANSPORT_PARTICLE_A	7		Rejected!	
GOCC_INTRACILIARY_TRANSPORT_PARTICLE_B	18		Rejected!	
GOCC_ISWI_TYPE_COMPLEX	13		Rejected!	
GOCC_INO80_COMPLEX	15	15		
GOCC_DENSE_CORE_GRANULE	27		Rejected!	
GOCC_NUCLEOCYTOPLASMIC_TRANSPORT_COMPLEX	11		Rejected!	
GOCC_NUCLEAR_PORE_OUTER_RING	9		Rejected!	
GOCC_BLOC_COMPLEX	14		Rejected!	
GOCC_BLOC_1_COMPLEX	9		Rejected!	
GOCC_PLATELET_DENSE_GRANULE_MEMBRANE	6		Rejected!	
GOCC_PLATELET_DENSE_GRANULE_LUMEN	14		Rejected!	
GOCC_PLATELET_ALPHA_GRANULE	91	35		
GOCC_PLATELET_ALPHA_GRANULE_MEMBRANE	17		Rejected!	
GOCC_PLATELET_ALPHA_GRANULE_LUMEN	67	24		
GOCC_PLATELET_DENSE_TUBULAR_NETWORK	11		Rejected!	
GOCC_PLATELET_DENSE_TUBULAR_NETWORK_MEMBRANE	9		Rejected!	
GOCC_PSEUDOPODIUM	18		Rejected!	
GOCC_SNARE_COMPLEX	48	33		
GOCC_SCAR_COMPLEX	12		Rejected!	
GOCC_ENDOPLASMIC_RETICULUM_PALMITOYLTRANSFERASE_COMPLEX	8		Rejected!	
GOCC_ANCHORED_COMPONENT_OF_MEMBRANE	169	40		
GOCC_INTRINSIC_COMPONENT_OF_PLASMA_MEMBRANE	1737	493		
GOCC_INTRINSIC_COMPONENT_OF_ENDOPLASMIC_RETICULUM_MEMBRANE	171	117		
GOCC_INTRINSIC_COMPONENT_OF_GOLGI_MEMBRANE	67	53		
GOCC_INTRINSIC_COMPONENT_OF_NUCLEAR_INNER_MEMBRANE	18		Rejected!	
GOCC_INTRINSIC_COMPONENT_OF_PEROXISOMAL_MEMBRANE	15		Rejected!	
GOCC_EXTRINSIC_COMPONENT_OF_EXTERNAL_SIDE_OF_PLASMA_MEMBRANE	8		Rejected!	
GOCC_INTRINSIC_COMPONENT_OF_EXTERNAL_SIDE_OF_PLASMA_MEMBRANE	24		Rejected!	
GOCC_EXTRINSIC_COMPONENT_OF_CYTOPLASMIC_SIDE_OF_PLASMA_MEMBRANE	99	53		
GOCC_INTRINSIC_COMPONENT_OF_THE_CYTOPLASMIC_SIDE_OF_THE_PLASMA_MEMBRANE	10		Rejected!	
GOCC_PROTEIN_ACETYLTRANSFERASE_COMPLEX	97	86		
GOCC_CELL_LEADING_EDGE	416	241		
GOCC_CELL_PROJECTION_MEMBRANE	340	147		
GOCC_CELL_TRAILING_EDGE	13		Rejected!	
GOCC_LEADING_EDGE_MEMBRANE	176	86		
GOCC_LAMELLIPODIUM_MEMBRANE	22		Rejected!	
GOCC_DNA_REPLICATION_PREINITIATION_COMPLEX	12		Rejected!	
GOCC_DEATH_INDUCING_SIGNALING_COMPLEX	9		Rejected!	
GOCC_CD95_DEATH_INDUCING_SIGNALING_COMPLEX	6		Rejected!	
GOCC_INTRINSIC_COMPONENT_OF_ORGANELLE_MEMBRANE	411	283		
GOCC_INTRINSIC_COMPONENT_OF_MITOCHONDRIAL_INNER_MEMBRANE	57	46		
GOCC_INTRINSIC_COMPONENT_OF_MITOCHONDRIAL_OUTER_MEMBRANE	25	18		
GOCC_INTRINSIC_COMPONENT_OF_VACUOLAR_MEMBRANE	12		Rejected!	
GOCC_EXTRINSIC_COMPONENT_OF_ORGANELLE_MEMBRANE	53	39		
GOCC_EXTRINSIC_COMPONENT_OF_ENDOSOME_MEMBRANE	10		Rejected!	
GOCC_EXTRINSIC_COMPONENT_OF_MITOCHONDRIAL_INNER_MEMBRANE	14		Rejected!	
GOCC_RNAI_EFFECTOR_COMPLEX	27		Rejected!	
GOCC_ANCHORED_COMPONENT_OF_EXTERNAL_SIDE_OF_PLASMA_MEMBRANE	20		Rejected!	
GOCC_UBIQUITIN_CONJUGATING_ENZYME_COMPLEX	9		Rejected!	
GOCC_CTF18_RFC_LIKE_COMPLEX	7		Rejected!	
GOCC_N_TERMINAL_PROTEIN_ACETYLTRANSFERASE_COMPLEX	10		Rejected!	
GOCC_NATA_COMPLEX	5		Rejected!	
GOCC_BOX_C_D_RNP_COMPLEX	7		Rejected!	
GOCC_BOX_H_ACA_SNORNP_COMPLEX	5		Rejected!	
GOCC_M_BAND	23		Rejected!	
GOCC_CULLIN_RING_UBIQUITIN_LIGASE_COMPLEX	174	139		
GOCC_CUL2_RING_UBIQUITIN_LIGASE_COMPLEX	23	16		
GOCC_CUL3_RING_UBIQUITIN_LIGASE_COMPLEX	36	32		
GOCC_CUL4A_RING_E3_UBIQUITIN_LIGASE_COMPLEX	11		Rejected!	
GOCC_CUL4B_RING_E3_UBIQUITIN_LIGASE_COMPLEX	5		Rejected!	
GOCC_CUL5_RING_UBIQUITIN_LIGASE_COMPLEX	8		Rejected!	
GOCC_MOTILE_CILIUM	228	73		
GOCC_PCG_PROTEIN_COMPLEX	34	30		
GOCC_BRUSH_BORDER_MEMBRANE	55	20		
GOCC_FILOPODIUM_MEMBRANE	18		Rejected!	
GOCC_MICROVILLUS_MEMBRANE	26		Rejected!	
GOCC_NUCLEOTIDE_ACTIVATED_PROTEIN_KINASE_COMPLEX	9		Rejected!	
GOCC_NEUROMUSCULAR_JUNCTION	67	33		
GOCC_SPINDLE_POLE_CENTROSOME	14		Rejected!	
GOCC_A_BAND	34		Rejected!	
GOCC_I_BAND	139	59		
GOCC_HAPTOGLOBIN_HEMOGLOBIN_COMPLEX	11		Rejected!	
GOCC_EARLY_ENDOSOME_MEMBRANE	173	114		
GOCC_LATE_ENDOSOME_MEMBRANE	152	108		
GOCC_MICROBODY_MEMBRANE	64	50		
GOCC_ENDOSOME_LUMEN	37	17		
GOCC_EARLY_ENDOSOME_LUMEN	5		Rejected!	
GOCC_LATE_ENDOSOME_LUMEN	9		Rejected!	
GOCC_MICROBODY_LUMEN	50	34		
GOCC_TORC1_COMPLEX	6		Rejected!	
GOCC_FILAMENTOUS_ACTIN	30		Rejected!	
GOCC_NUCLEAR_MEMBRANE	300	205		
GOCC_ORGANELLE_ENVELOPE_LUMEN	93	73		
GOCC_ENVELOPE	1237		Rejected!	
GOCC_VESICLE_LUMEN	327	198		
GOCC_ORGANELLE_SUBCOMPARTMENT	1470		Rejected!	
GOCC_GOLGI_CISTERNA	120	69		
GOCC_EARLY_PHAGOSOME	12		Rejected!	
GOCC_PHAGOLYSOSOME	6		Rejected!	
GOCC_INTEGRATOR_COMPLEX	27		Rejected!	
GOCC_SMALL_SUBUNIT_PROCESSOME	39	32		
GOCC_GUANYL_NUCLEOTIDE_EXCHANGE_FACTOR_COMPLEX	17		Rejected!	
GOCC_BLEB	9		Rejected!	
GOCC_DENSE_CORE_GRANULE_MEMBRANE	7		Rejected!	
GOCC_CHROMOSOME_PASSENGER_COMPLEX	6		Rejected!	
GOCC_CELL_DIVISION_SITE	74	44		
GOCC_CLEAVAGE_FURROW	56	37		
GOCC_SEPTIN_CYTOSKELETON	15		Rejected!	
GOCC_SYMMETRIC_SYNAPSE	10		Rejected!	
GOCC_AMPA_GLUTAMATE_RECEPTOR_COMPLEX	26		Rejected!	
GOCC_MISMATCH_REPAIR_COMPLEX	12		Rejected!	
GOCC_MUTLALPHA_COMPLEX	5		Rejected!	
GOCC_PHOTORECEPTOR_CONNECTING_CILIUM	41	22		
GOCC_STEREOCILIUM_BUNDLE	62	22		
GOCC_STEREOCILIUM_TIP	21		Rejected!	
GOCC_ACTIN_FILAMENT_BUNDLE	78	39		
GOCC_FILOPODIUM_TIP	18		Rejected!	
GOCC_CUTICULAR_PLATE	9		Rejected!	
GOCC_CBM_COMPLEX	5		Rejected!	
GOCC_CORTICAL_ENDOPLASMIC_RETICULUM	6		Rejected!	
GOCC_GOLGI_CISTERNA_MEMBRANE	94	50		
GOCC_GROWTH_CONE_MEMBRANE	8		Rejected!	
GOCC_MULTIVESICULAR_BODY_MEMBRANE	27	21		
GOCC_RUFFLE_MEMBRANE	98	61		
GOCC_TRANS_GOLGI_NETWORK_MEMBRANE	100	65		
GOCC_NEURON_PROJECTION_MEMBRANE	58		Rejected!	
GOCC_DENDRITE_MEMBRANE	41		Rejected!	
GOCC_DENDRITIC_SPINE_MEMBRANE	15		Rejected!	
GOCC_INSULIN_RESPONSIVE_COMPARTMENT	9		Rejected!	
GOCC_SUPER_ELONGATION_COMPLEX	8		Rejected!	
GOCC_SMN_COMPLEX	10		Rejected!	
GOCC_CARBOXY_TERMINAL_DOMAIN_PROTEIN_KINASE_COMPLEX	19	17		
GOCC_DENDRITE_CYTOPLASM	30	18		
GOCC_MYOSIN_FILAMENT	22		Rejected!	
GOCC_PROTEIN_DNA_COMPLEX	219	103		
GOCC_PROTEIN_LIPID_COMPLEX	39		Rejected!	
GOCC_FC_RECEPTOR_COMPLEX	5		Rejected!	
GOCC_PARANODAL_JUNCTION	8		Rejected!	
GOCC_PERINUCLEAR_THECA	5		Rejected!	
GOCC_SARCOPLASMIC_RETICULUM_MEMBRANE	41	17		
GOCC_SARCOPLASMIC_RETICULUM_LUMEN	9		Rejected!	
GOCC_DNA_RECOMBINASE_MEDIATOR_COMPLEX	7		Rejected!	
GOCC_WEIBEL_PALADE_BODY	6		Rejected!	
GOCC_CIS_GOLGI_NETWORK_MEMBRANE	7		Rejected!	
GOCC_ENDOPLASMIC_RETICULUM_GOLGI_INTERMEDIATE_COMPARTMENT_MEMBRANE	77	51		
GOCC_INTERPHOTORECEPTOR_MATRIX	6		Rejected!	
GOCC_PROTON_TRANSPORTING_V_TYPE_ATPASE_COMPLEX	27	20		
GOCC_PROTON_TRANSPORTING_TWO_SECTOR_ATPASE_COMPLEX_PROTON_TRANSPORTING_DOMAIN	26		Rejected!	
GOCC_PROTON_TRANSPORTING_TWO_SECTOR_ATPASE_COMPLEX_CATALYTIC_DOMAIN	20		Rejected!	
GOCC_PROTON_TRANSPORTING_V_TYPE_ATPASE_V0_DOMAIN	12		Rejected!	
GOCC_PROTON_TRANSPORTING_V_TYPE_ATPASE_V1_DOMAIN	12		Rejected!	
GOCC_NODE_OF_RANVIER	15		Rejected!	
GOCC_PARANODE_REGION_OF_AXON	11		Rejected!	
GOCC_TRANSCRIPTION_FACTOR_TFTC_COMPLEX	14		Rejected!	
GOCC_CHROMATOID_BODY	12		Rejected!	
GOCC_HULC_COMPLEX	5		Rejected!	
GOCC_RDNA_HETEROCHROMATIN	5		Rejected!	
GOCC_ELONGATOR_HOLOENZYME_COMPLEX	6		Rejected!	
GOCC_PHAGOPHORE_ASSEMBLY_SITE_MEMBRANE	17		Rejected!	
GOCC_VCP_NPL4_UFD1_AAA_ATPASE_COMPLEX	8		Rejected!	
GOCC_LOW_DENSITY_LIPOPROTEIN_PARTICLE	13		Rejected!	
GOCC_HIGH_DENSITY_LIPOPROTEIN_PARTICLE	27		Rejected!	
GOCC_SPHERICAL_HIGH_DENSITY_LIPOPROTEIN_PARTICLE	8		Rejected!	
GOCC_TRIGLYCERIDE_RICH_PLASMA_LIPOPROTEIN_PARTICLE	20		Rejected!	
GOCC_PWP2P_CONTAINING_SUBCOMPLEX_OF_90S_PRERIBOSOME	6		Rejected!	
GOCC_NUCLEAR_PERIPHERY	127	101		
GOCC_CENTRIOLAR_SATELLITE	107	81		
GOCC_BBSOME	8		Rejected!	
GOCC_CHROMOSOME_CENTROMERIC_CORE_DOMAIN	19		Rejected!	
GOCC_RNA_CAP_BINDING_COMPLEX	13		Rejected!	
GOCC_GID_COMPLEX	5		Rejected!	
GOCC_ENDOPLASMIC_RETICULUM_CHAPERONE_COMPLEX	11		Rejected!	
GOCC_ION_CHANNEL_COMPLEX	288	68		
GOCC_CATION_CHANNEL_COMPLEX	215	49		
GOCC_CALCIUM_CHANNEL_COMPLEX	68	25		
GOCC_POTASSIUM_CHANNEL_COMPLEX	89	19		
GOCC_SODIUM_CHANNEL_COMPLEX	26		Rejected!	
GOCC_CHLORIDE_CHANNEL_COMPLEX	52		Rejected!	
GOCC_METHYLTRANSFERASE_COMPLEX	92	83		
GOCC_METHYLOSOME	12		Rejected!	
GOCC_PICLN_SM_PROTEIN_COMPLEX	6		Rejected!	
GOCC_SMN_SM_PROTEIN_COMPLEX	18	16		
GOCC_ARYL_HYDROCARBON_RECEPTOR_COMPLEX	8		Rejected!	
GOCC_MICROTUBULE_ORGANIZING_CENTER_ATTACHMENT_SITE	11		Rejected!	
GOCC_PHOSPHATIDYLINOSITOL_3_KINASE_COMPLEX_CLASS_III	7		Rejected!	
GOCC_HISTONE_METHYLTRANSFERASE_COMPLEX	62	55		
GOCC_ESC_E_Z_COMPLEX	9		Rejected!	
GOCC_PRC1_COMPLEX	15		Rejected!	
GOCC_EXON_EXON_JUNCTION_COMPLEX	10		Rejected!	
GOCC_CILIARY_ROOTLET	11		Rejected!	
GOCC_MICROTUBULE_PLUS_END	23	19		
GOCC_AZUROPHIL_GRANULE_MEMBRANE	59	39		
GOCC_AZUROPHIL_GRANULE_LUMEN	91	60		
GOCC_SPECIFIC_GRANULE_MEMBRANE	91	53		
GOCC_SPECIFIC_GRANULE_LUMEN	62	35		
GOCC_CD40_RECEPTOR_COMPLEX	11		Rejected!	
GOCC_MON1_CCZ1_COMPLEX	5		Rejected!	
GOCC_SPERM_FIBROUS_SHEATH	8		Rejected!	
GOCC_MYELIN_SHEATH_ABAXONAL_REGION	6		Rejected!	
GOCC_MYELIN_SHEATH_ADAXONAL_REGION	5		Rejected!	
GOCC_RIBONUCLEOPROTEIN_GRANULE	261	184		
GOCC_EGG_COAT	5		Rejected!	
GOCC_SEH1_ASSOCIATED_COMPLEX	8		Rejected!	
GOCC_SITE_OF_DOUBLE_STRAND_BREAK	73	57		
GOCC_CILIARY_TRANSITION_ZONE	70	41		
GOCC_TRANSCRIPTION_FACTOR_AP_1_COMPLEX	5		Rejected!	
GOCC_ENDOLYSOSOME	28	20		
GOCC_ENDOLYSOSOME_MEMBRANE	19		Rejected!	
GOCC_ENDOLYSOSOME_LUMEN	5		Rejected!	
GOCC_MKS_COMPLEX	13		Rejected!	
GOCC_FILTRATION_DIAPHRAGM	8		Rejected!	
GOCC_CILIARY_BASAL_BODY	160	93		
GOCC_CATSPER_COMPLEX	13		Rejected!	
GOCC_INNER_DYNEIN_ARM	5		Rejected!	
GOCC_OUTER_DYNEIN_ARM	11		Rejected!	
GOCC_MYOFILAMENT	25		Rejected!	
GOCC_MICROTUBULE_MINUS_END	7		Rejected!	
GOCC_ESCRT_COMPLEX	28	23		
GOCC_GROWTH_FACTOR_COMPLEX	7		Rejected!	
GOCC_SOMATODENDRITIC_COMPARTMENT	828	358		
GOCC_DERLIN_1_RETROTRANSLOCATION_COMPLEX	8		Rejected!	
GOCC_G_PROTEIN_COUPLED_RECEPTOR_DIMERIC_COMPLEX	7		Rejected!	
GOCC_TOR_COMPLEX	11		Rejected!	
GOCC_T_CELL_RECEPTOR_COMPLEX	137		Rejected!	
GOCC_ALPHA_BETA_T_CELL_RECEPTOR_COMPLEX	9		Rejected!	
GOCC_NUCLEAR_OUTER_MEMBRANE_ENDOPLASMIC_RETICULUM_MEMBRANE_NETWORK	1165		Rejected!	
GOCC_NUCLEAR_RNA_EXPORT_FACTOR_COMPLEX	6		Rejected!	
GOCC_PARASPECKLES	8		Rejected!	
GOCC_SARCOLEMMA	131	48		
GOCC_NUCLEAR_INCLUSION_BODY	12		Rejected!	
GOCC_EXTRINSIC_COMPONENT_OF_ENDOPLASMIC_RETICULUM_MEMBRANE	8		Rejected!	
GOCC_MCM_COMPLEX	8		Rejected!	
GOCC_NLS_DEPENDENT_PROTEIN_NUCLEAR_IMPORT_COMPLEX	9		Rejected!	
GOCC_IMMUNOGLOBULIN_COMPLEX_CIRCULATING	70		Rejected!	
GOCC_DNA_POLYMERASE_COMPLEX	19	19		
GOCC_MICROBODY	144	100		
GOCC_SPECIFIC_GRANULE	160	94		
GOCC_AZUROPHIL_GRANULE	157	105		
GOCC_CHROMAFFIN_GRANULE	13		Rejected!	
GOCC_CHROMAFFIN_GRANULE_MEMBRANE	9		Rejected!	
GOCC_GLYCOGEN_GRANULE	7		Rejected!	
GOCC_ZYMOGEN_GRANULE	14		Rejected!	
GOCC_ZYMOGEN_GRANULE_MEMBRANE	11		Rejected!	
GOCC_LAMELLAR_BODY	17		Rejected!	
GOCC_MHC_PROTEIN_COMPLEX	26		Rejected!	
GOCC_MHC_CLASS_I_PROTEIN_COMPLEX	10		Rejected!	
GOCC_MHC_CLASS_II_PROTEIN_COMPLEX	17		Rejected!	
GOCC_PHOTORECEPTOR_OUTER_SEGMENT_MEMBRANE	16		Rejected!	
GOCC_CHYLOMICRON	13		Rejected!	
GOCC_ACTOMYOSIN	77	40		
GOCC_MITOCHONDRIAL_INTERMEMBRANE_SPACE_PROTEIN_TRANSPORTER_COMPLEX	6		Rejected!	
GOCC_TIM22_MITOCHONDRIAL_IMPORT_INNER_MEMBRANE_INSERTION_COMPLEX	7		Rejected!	
GOCC_PRESYNAPTIC_MEMBRANE	142	45		
GOCC_GPI_ANCHOR_TRANSAMIDASE_COMPLEX	5		Rejected!	
GOCC_POLYSOMAL_RIBOSOME	31	28		
GOCC_MHC_CLASS_I_PEPTIDE_LOADING_COMPLEX	8		Rejected!	
GOCC_PLATELET_DENSE_GRANULE	21		Rejected!	
GOCC_NEURON_PROJECTION	1340		Rejected!	
GOCC_NADPH_OXIDASE_COMPLEX	14		Rejected!	
GOCC_COSTAMERE	16		Rejected!	
GOCC_GERM_CELL_NUCLEUS	21		Rejected!	
GOCC_SYNAPTIC_CLEFT	18		Rejected!	
GOCC_H4_H2A_HISTONE_ACETYLTRANSFERASE_COMPLEX	26	23		
GOCC_ATP_BINDING_CASSETTE_ABC_TRANSPORTER_COMPLEX	6		Rejected!	
GOCC_AXON_INITIAL_SEGMENT	20		Rejected!	
GOCC_TERMINAL_BOUTON	48	17		
GOCC_VARICOSITY	7		Rejected!	
GOCC_DENDRITIC_SHAFT	36		Rejected!	
GOCC_LYSOSOMAL_LUMEN	97	54		
GOCC_AXON_HILLOCK	7		Rejected!	
GOCC_PERIKARYON	153	47		
GOCC_MYELIN_SHEATH	45	25		
GOCC_COMPACT_MYELIN	12		Rejected!	
GOCC_SCHMIDT_LANTERMAN_INCISURE	9		Rejected!	
GOCC_RECEPTOR_COMPLEX	530	138		
GOCC_FANCONI_ANAEMIA_NUCLEAR_COMPLEX	13		Rejected!	
GOCC_LAMININ_COMPLEX	12		Rejected!	
GOCC_CONTRACTILE_FIBER	238	101		
GOCC_APICAL_JUNCTION_COMPLEX	148	60		
GOCC_TRNA_METHYLTRANSFERASE_COMPLEX	7		Rejected!	
GOCC_NUCLEAR_REPLICATION_FORK	28	27		
GOCC_CYTOLYTIC_GRANULE	13		Rejected!	
GOCC_SPANNING_COMPONENT_OF_PLASMA_MEMBRANE	14		Rejected!	
GOCC_JUXTAPARANODE_REGION_OF_AXON	10		Rejected!	
GOCC_ORGANELLE_MEMBRANE_CONTACT_SITE	41	33		
GOCC_MITOCHONDRIA_ASSOCIATED_ENDOPLASMIC_RETICULUM_MEMBRANE	20	17		
GOCC_CELL_CELL_CONTACT_ZONE	70	28		
GOCC_DENDRITE_TERMINUS	12		Rejected!	
GOCC_DENDRITIC_GROWTH_CONE	8		Rejected!	
GOCC_AXONAL_GROWTH_CONE	22		Rejected!	
GOCC_CELL_BODY	544	241		
GOCC_CELL_BODY_MEMBRANE	31		Rejected!	
GOCC_CEREBELLAR_MOSSY_FIBER	7		Rejected!	
GOCC_DENTATE_GYRUS_MOSSY_FIBER	6		Rejected!	
GOCC_MAIN_AXON	61	16		
GOCC_CALYX_OF_HELD	18		Rejected!	
GOCC_NEURON_PROJECTION_TERMINUS	129	42		
GOCC_NEURON_SPINE	173	75		
GOCC_ENDOPLASMIC_RETICULUM_QUALITY_CONTROL_COMPARTMENT	24	20		
GOCC_DENDRITIC_SPINE_HEAD	7		Rejected!	
GOCC_PINOSOME	7		Rejected!	
GOCC_RIBOSOMAL_SUBUNIT	178	162		
GOCC_NSL_COMPLEX	11		Rejected!	
GOCC_NUCLEAR_PORE_CENTRAL_TRANSPORT_CHANNEL	7		Rejected!	
GOCC_NUCLEAR_PORE_NUCLEAR_BASKET	12		Rejected!	
GOCC_MLL1_2_COMPLEX	32	30		
GOCC_MLL3_4_COMPLEX	14		Rejected!	
GOCC_AMPHISOME	13		Rejected!	
GOCC_AUTOLYSOSOME	11		Rejected!	
GOCC_DNA_PACKAGING_COMPLEX	136	38		
GOCC_PLASMA_MEMBRANE_RAFT	114	48		
GOCC_CHITOSOME	18		Rejected!	
GOCC_KERATIN_FILAMENT	100		Rejected!	
GOCC_INTERMEDIATE_FILAMENT_CYTOSKELETON	256	62		
GOCC_PRONUCLEUS	13		Rejected!	
GOCC_INTERCELLULAR_BRIDGE	75	53		
GOCC_APICAL_PART_OF_CELL	426	145		
GOCC_BASAL_PART_OF_CELL	271	105		
GOCC_APICAL_CORTEX	11		Rejected!	
GOCC_BASAL_CORTEX	5		Rejected!	
GOCC_SYNAPSE	1305		Rejected!	
GOCC_POSTSYNAPTIC_MEMBRANE	271	72		
GOCC_TRICARBOXYLIC_ACID_CYCLE_ENZYME_COMPLEX	16	15		
GOCC_DIHYDROLIPOYL_DEHYDROGENASE_COMPLEX	9		Rejected!	
GOCC_OXOGLUTARATE_DEHYDROGENASE_COMPLEX	5		Rejected!	
GOCC_PROTON_TRANSPORTING_ATP_SYNTHASE_COMPLEX	22		Rejected!	
GOCC_PROTON_TRANSPORTING_ATP_SYNTHASE_COMPLEX_CATALYTIC_CORE_F_1	7		Rejected!	
GOCC_PROTON_TRANSPORTING_ATP_SYNTHASE_COMPLEX_COUPLING_FACTOR_F_O	14		Rejected!	
GOCC_RESPIRATORY_CHAIN_COMPLEX_III	14		Rejected!	
GOCC_RESPIRATORY_CHAIN_COMPLEX_IV	28	16		
GOCC_MRNA_EDITING_COMPLEX	8		Rejected!	
GOCC_CLATHRIN_COATED_ENDOCYTIC_VESICLE	91	40		
GOCC_PHAGOCYTIC_VESICLE	138	95		
GOCC_POLE_PLASM	25		Rejected!	
GOCC_INTERCELLULAR_CANALICULUS	6		Rejected!	
GOCC_ANCHORED_COMPONENT_OF_PLASMA_MEMBRANE	62	17		
GOCC_LIPOPOLYSACCHARIDE_RECEPTOR_COMPLEX	5		Rejected!	
GOCC_PORE_COMPLEX	26	16		
GOCC_ACTIVIN_RECEPTOR_COMPLEX	7		Rejected!	
GOCC_SET1C_COMPASS_COMPLEX	15		Rejected!	
GOCC_PERINUCLEAR_REGION_OF_CYTOPLASM	719	442		
GOCC_SIGNAL_RECOGNITION_PARTICLE	14		Rejected!	
GOCC_PIGMENT_GRANULE	109	85		
GOCC_PRESYNAPTIC_ACTIVE_ZONE	75	29		
GOCC_PRESYNAPTIC_ACTIVE_ZONE_MEMBRANE	29		Rejected!	
GOCC_CYTOSKELETON_OF_PRESYNAPTIC_ACTIVE_ZONE	7		Rejected!	
GOCC_SPINDLE_MIDZONE	36	30		
GOCC_CELL_TIP	5		Rejected!	
GOCC_RECYCLING_ENDOSOME	197	128		
GOCC_RECYCLING_ENDOSOME_MEMBRANE	96	68		
GOCC_EXCITATORY_SYNAPSE	51		Rejected!	
GOCC_INHIBITORY_SYNAPSE	19		Rejected!	
GOCC_KINOCILIUM	11		Rejected!	
GOCC_CILIARY_MEMBRANE	75	25		
GOCC_STEREOCILIUM_MEMBRANE	5		Rejected!	
GOCC_CELL_POLE	7		Rejected!	
GOCC_CLATHRIN_SCULPTED_VESICLE	12		Rejected!	
GOCC_CORTICAL_GRANULE	6		Rejected!	
GOCC_CLATHRIN_SCULPTED_GAMMA_AMINOBUTYRIC_ACID_TRANSPORT_VESICLE	8		Rejected!	
GOCC_MICOS_COMPLEX	8		Rejected!	
GOCC_MITOTIC_SPINDLE_ASTRAL_MICROTUBULE	8		Rejected!	
GOCC_TRANSFERASE_COMPLEX_TRANSFERRING_PHOSPHORUS_CONTAINING_GROUPS	259	211		
GOCC_GATOR2_COMPLEX	5		Rejected!	
GOCC_INFLAMMASOME_COMPLEX	17		Rejected!	
GOCC_SPERM_HEAD	16		Rejected!	
GOCC_COLLAGEN_CONTAINING_EXTRACELLULAR_MATRIX	427	90		
GOCC_CYTOCHROME_COMPLEX	42	26		
GOCC_CLATHRIN_SCULPTED_MONOAMINE_TRANSPORT_VESICLE	5		Rejected!	
GOCC_TIGHT_JUNCTION	132	54		
GOCC_ANCHORING_JUNCTION	841	445		
GOCC_SHELTERIN_COMPLEX	6		Rejected!	
GOCC_EXOCYTIC_VESICLE	216	99		
GOCC_TRANSCRIPTION_EXPORT_COMPLEX_2	5		Rejected!	
GOCC_NONHOMOLOGOUS_END_JOINING_COMPLEX	9		Rejected!	
GOCC_ELONGIN_COMPLEX	8		Rejected!	
GOCC_SAGA_TYPE_COMPLEX	36	29		
GOCC_RESPIRASOME	101	72		
GOCC_BRCA1_A_COMPLEX	8		Rejected!	
GOCC_BRCA1_C_COMPLEX	6		Rejected!	
GOCC_BRISC_COMPLEX	5		Rejected!	
GOCC_RISC_LOADING_COMPLEX	8		Rejected!	
GOCC_HAUS_COMPLEX	8		Rejected!	
GOCC_FHF_COMPLEX	5		Rejected!	
GOCC_PRE_SNORNP_COMPLEX	7		Rejected!	
GOCC_GAMMA_SECRETASE_COMPLEX	7		Rejected!	
GOCC_H3_HISTONE_ACETYLTRANSFERASE_COMPLEX	10		Rejected!	
GOCC_TERTIARY_GRANULE	164	87		
GOCC_TERTIARY_GRANULE_MEMBRANE	73	34		
GOCC_SIN3_TYPE_COMPLEX	14		Rejected!	
GOCC_CORE_MEDIATOR_COMPLEX	26	26		
GOCC_CELL_BODY_FIBER	7		Rejected!	
GOCC_CRD_MEDIATED_MRNA_STABILITY_COMPLEX	6		Rejected!	
GOCC_CONTRACTILE_RING	10		Rejected!	
GOCC_ENDOPLASMIC_RETICULUM_EXIT_SITE	35	21		
GOCC_TRANSLATION_PREINITIATION_COMPLEX	18	16		
GOCC_U2_TYPE_CATALYTIC_STEP_2_SPLICEOSOME	30	30		
GOCC_PRESPLICEOSOME	17	15		
GOCC_PRECATALYTIC_SPLICEOSOME	53	49		
GOCC_CATALYTIC_STEP_1_SPLICEOSOME	12		Rejected!	
GOCC_CATALYTIC_STEP_2_SPLICEOSOME	87	83		
GOCC_POST_MRNA_RELEASE_SPLICEOSOMAL_COMPLEX	12		Rejected!	
GOCC_SMAD_PROTEIN_COMPLEX	9		Rejected!	
GOCC_WASH_COMPLEX	10		Rejected!	
GOCC_HISTONE_PRE_MRNA_3_END_PROCESSING_COMPLEX	6		Rejected!	
GOCC_TRANSLOCON_COMPLEX	6		Rejected!	
GOCC_CLATHRIN_COMPLEX	6		Rejected!	
GOCC_INTEGRAL_COMPONENT_OF_CYTOPLASMIC_SIDE_OF_ENDOPLASMIC_RETICULUM_MEMBRANE	6		Rejected!	
GOCC_EUKARYOTIC_TRANSLATION_INITIATION_FACTOR_3_COMPLEX_EIF3M	7		Rejected!	
GOCC_PI_BODY	7		Rejected!	
GOCC_PIP_BODY	5		Rejected!	
GOCC_NPBAF_COMPLEX	12		Rejected!	
GOCC_NBAF_COMPLEX	15		Rejected!	
GOCC_NEURONAL_RIBONUCLEOPROTEIN_GRANULE	5		Rejected!	
GOCC_ENDOCYTIC_VESICLE_LUMEN	23		Rejected!	
GOCC_IGA_IMMUNOGLOBULIN_COMPLEX	5		Rejected!	
GOCC_ENDOPLASMIC_RETICULUM_TUBULAR_NETWORK	23	18		
GOCC_MMXD_COMPLEX	5		Rejected!	
GOCC_FANCM_MHF_COMPLEX	5		Rejected!	
GOCC_ELASTIC_FIBER	5		Rejected!	
GOCC_RAGULATOR_COMPLEX	5		Rejected!	
GOCC_PTW_PP1_PHOSPHATASE_COMPLEX	7		Rejected!	
GOCC_ER_MEMBRANE_INSERTION_COMPLEX	5		Rejected!	
GOCC_MSL_COMPLEX	5		Rejected!	
GOCC_EMC_COMPLEX	10		Rejected!	
GOCC_IPAF_INFLAMMASOME_COMPLEX	5		Rejected!	
GOCC_NLRP3_INFLAMMASOME_COMPLEX	9		Rejected!	
GOCC_BLOOD_MICROPARTICLE	147	33		
GOCC_BOX_H_ACA_RNP_COMPLEX	10		Rejected!	
GOCC_TRNA_SPLICING_LIGASE_COMPLEX	8		Rejected!	
GOCC_MITOTIC_SPINDLE	159	124		
GOCC_MEIOTIC_SPINDLE	14		Rejected!	
GOCC_CUL4_RING_E3_UBIQUITIN_LIGASE_COMPLEX	34	27		
GOCC_U2AF_COMPLEX	6		Rejected!	
GOCC_SPANNING_COMPONENT_OF_MEMBRANE	21		Rejected!	
GOCC_CATION_TRANSPORTING_ATPASE_COMPLEX	18		Rejected!	
GOCC_FLEMMING_BODY	36	30		
GOCC_RNA_POLYMERASE_II_TRANSCRIPTION_REPRESSOR_COMPLEX	14		Rejected!	
GOCC_RNA_POLYMERASE_II_TRANSCRIPTION_REGULATOR_COMPLEX	230	177		
GOCC_RNA_POLYMERASE_III_TRANSCRIPTION_REGULATOR_COMPLEX	9		Rejected!	
GOCC_BOX_H_ACA_TELOMERASE_RNP_COMPLEX	5		Rejected!	
GOCC_GLYCOPROTEIN_COMPLEX	21		Rejected!	
GOCC_SITE_OF_DNA_DAMAGE	97	75		
GOCC_PHAGOCYTIC_VESICLE_LUMEN	5		Rejected!	
GOCC_CILIARY_PLASM	133	41		
GOCC_MPP7_DLG1_LIN7_COMPLEX	5		Rejected!	
GOCC_PERINUCLEAR_ENDOPLASMIC_RETICULUM	21		Rejected!	
GOCC_SYNAPTIC_MEMBRANE	372	114		
GOCC_CYCLIN_A2_CDK2_COMPLEX	5		Rejected!	
GOCC_BCL_2_FAMILY_PROTEIN_COMPLEX	8		Rejected!	
GOCC_NUCLEAR_STRESS_GRANULE	6		Rejected!	
GOCC_AIM2_INFLAMMASOME_COMPLEX	5		Rejected!	
GOCC_PROTEASE_INHIBITOR_COMPLEX	8		Rejected!	
GOCC_SERINE_PROTEASE_INHIBITOR_COMPLEX	6		Rejected!	
GOCC_TETRASPANIN_ENRICHED_MICRODOMAIN	10		Rejected!	
GOCC_ALVEOLAR_LAMELLAR_BODY	7		Rejected!	
GOCC_SPERM_CONNECTING_PIECE	11		Rejected!	
GOCC_SPERM_MIDPIECE	38		Rejected!	
GOCC_SPERM_ANNULUS	5		Rejected!	
GOCC_SPERM_PRINCIPAL_PIECE	29		Rejected!	
GOCC_R2TP_COMPLEX	5		Rejected!	
GOCC_RIPOPTOSOME	6		Rejected!	
GOCC_INO80_TYPE_COMPLEX	26	26		
GOCC_PERINUCLEOLAR_COMPARTMENT	5		Rejected!	
GOCC_CIA_COMPLEX	5		Rejected!	
GOCC_PHOTORECEPTOR_DISC_MEMBRANE	23		Rejected!	
GOCC_GLIAL_CELL_PROJECTION	33		Rejected!	
GOCC_LEWY_BODY	8		Rejected!	
GOCC_NEUROFIBRILLARY_TANGLE	5		Rejected!	
GOCC_TUBULAR_ENDOSOME	5		Rejected!	
GOCC_MICROTUBULE_BUNDLE	6		Rejected!	
GOCC_MITOTIC_SPINDLE_POLE	36	32		
GOCC_DENSE_BODY	5		Rejected!	
GOCC_APICAL_DENDRITE	15		Rejected!	
GOCC_BASAL_DENDRITE	6		Rejected!	
GOCC_SORTING_ENDOSOME	6		Rejected!	
GOCC_DENDRITIC_TREE	611	264		
GOCC_ASTROCYTE_PROJECTION	19		Rejected!	
GOCC_ASTROCYTE_END_FOOT	8		Rejected!	
GOCC_HIPPOCAMPAL_MOSSY_FIBER	5		Rejected!	
GOCC_RIBBON_SYNAPSE	10		Rejected!	
GOCC_MULTIVESICULAR_BODY_LUMEN	7		Rejected!	
GOCC_GEMINI_OF_COILED_BODIES	12		Rejected!	
GOCC_CARDIAC_MYOFIBRIL	6		Rejected!	
GOCC_SPERM_PLASMA_MEMBRANE	12		Rejected!	
GOCC_SPLICEOSOMAL_SNRNP_COMPLEX	88	55		
GOCC_SPLICEOSOMAL_TRI_SNRNP_COMPLEX	43	30		
GOCC_CILIARY_TRANSITION_FIBER	9		Rejected!	
GOCC_CILIARY_TIP	47	32		
GOCC_CILIARY_BASE	41	17		
GOCC_TRANSCRIPTION_PREINITIATION_COMPLEX	10		Rejected!	
GOCC_LATERAL_PART_OF_CELL	5		Rejected!	
GOCC_G_PROTEIN_COUPLED_RECEPTOR_COMPLEX	9		Rejected!	
GOCC_PHOSPHATIDYLINOSITOL_3_KINASE_COMPLEX_CLASS_I	8		Rejected!	
GOCC_9PLUS2_MOTILE_CILIUM	149	42		
GOCC_NON_MOTILE_CILIUM	166	63		
GOCC_9PLUS0_NON_MOTILE_CILIUM	131	50		
GOCC_ATPASE_DEPENDENT_TRANSMEMBRANE_TRANSPORT_COMPLEX	24		Rejected!	
GOCC_DEUTEROSOME	5		Rejected!	
GOCC_SIDE_OF_MEMBRANE	660	251		
GOCC_LUMENAL_SIDE_OF_ENDOPLASMIC_RETICULUM_MEMBRANE	29		Rejected!	
GOCC_CYTOPLASMIC_SIDE_OF_ENDOPLASMIC_RETICULUM_MEMBRANE	14		Rejected!	
GOCC_CYTOPLASMIC_SIDE_OF_MEMBRANE	193	116		
GOCC_INTRINSIC_COMPONENT_OF_SYNAPTIC_VESICLE_MEMBRANE	40	16		
GOCC_INTRINSIC_COMPONENT_OF_MITOCHONDRIAL_MEMBRANE	90	71		
GOCC_CYTOPLASMIC_SIDE_OF_LYSOSOMAL_MEMBRANE	7		Rejected!	
GOCC_LUMENAL_SIDE_OF_MEMBRANE	35		Rejected!	
GOCC_PLASMA_MEMBRANE_REGION	1233	465		
GOCC_EXTERNAL_SIDE_OF_APICAL_PLASMA_MEMBRANE	5		Rejected!	
GOCC_PROTEIN_COMPLEX_INVOLVED_IN_CELL_ADHESION	43	18		
GOCC_PROTEIN_COMPLEX_INVOLVED_IN_CELL_MATRIX_ADHESION	6		Rejected!	
GOCC_NETWORK_FORMING_COLLAGEN_TRIMER	9		Rejected!	
GOCC_COMPLEX_OF_COLLAGEN_TRIMERS	22		Rejected!	
GOCC_BASEMENT_MEMBRANE_COLLAGEN_TRIMER	9		Rejected!	
GOCC_PHOTORECEPTOR_RIBBON_SYNAPSE	7		Rejected!	
GOCC_SCHAFFER_COLLATERAL_CA1_SYNAPSE	72	32		
GOCC_HIPPOCAMPAL_MOSSY_FIBER_TO_CA3_SYNAPSE	34		Rejected!	
GOCC_CHROMOSOMAL_REGION	366	287		
GOCC_PARALLEL_FIBER_TO_PURKINJE_CELL_SYNAPSE	15		Rejected!	
GOCC_GLYCINERGIC_SYNAPSE	7		Rejected!	
GOCC_DOPAMINERGIC_SYNAPSE	11		Rejected!	
GOCC_GOLGI_APPARATUS_SUBCOMPARTMENT	387	231		
GOCC_PRESYNAPSE	492	201		
GOCC_POSTSYNAPSE	607	262		
GOCC_MEMBRANE_PROTEIN_COMPLEX	1304		Rejected!	
GOCC_PLASMA_MEMBRANE_PROTEIN_COMPLEX	697	208		
GOCC_MITOCHONDRIAL_PROTEIN_CONTAINING_COMPLEX	281	224		
GOCC_OUTER_MITOCHONDRIAL_MEMBRANE_PROTEIN_COMPLEX	22	18		
GOCC_INNER_MITOCHONDRIAL_MEMBRANE_PROTEIN_COMPLEX	155	104		
GOCC_PLASMA_MEMBRANE_SIGNALING_RECEPTOR_COMPLEX	306	77		
GOCC_ENDOPLASMIC_RETICULUM_TUBULAR_NETWORK_MEMBRANE	5		Rejected!	
GOCC_PRESYNAPTIC_ACTIVE_ZONE_CYTOPLASMIC_COMPONENT	16		Rejected!	
GOCC_PRESYNAPTIC_ENDOCYTIC_ZONE	7		Rejected!	
GOCC_POSTSYNAPTIC_RECYCLING_ENDOSOME	7		Rejected!	
GOCC_POSTSYNAPTIC_DENSITY_MEMBRANE	88	21		
GOCC_POSTSYNAPTIC_ENDOCYTIC_ZONE	5		Rejected!	
GOCC_POSTSYNAPTIC_ENDOSOME	14		Rejected!	
GOCC_EXTRINSIC_COMPONENT_OF_SYNAPTIC_VESICLE_MEMBRANE	5		Rejected!	
GOCC_MEMBRANE_MICRODOMAIN	329	171		
GOCC_ACTIN_BASED_CELL_PROJECTION	217	101		
GOCC_CLUSTER_OF_ACTIN_BASED_CELL_PROJECTIONS	158	65		
GOCC_NEUROTRANSMITTER_RECEPTOR_COMPLEX	45		Rejected!	
GOCC_INTRINSIC_COMPONENT_OF_PRESYNAPTIC_MEMBRANE	73	16		
GOCC_EXTRINSIC_COMPONENT_OF_POSTSYNAPTIC_MEMBRANE	8		Rejected!	
GOCC_EXTRINSIC_COMPONENT_OF_POSTSYNAPTIC_SPECIALIZATION_MEMBRANE	5		Rejected!	
GOCC_INTRINSIC_COMPONENT_OF_POSTSYNAPTIC_MEMBRANE	123	19		
GOCC_INTRINSIC_COMPONENT_OF_PRESYNAPTIC_ACTIVE_ZONE_MEMBRANE	17		Rejected!	
GOCC_INTRINSIC_COMPONENT_OF_POSTSYNAPTIC_SPECIALIZATION_MEMBRANE	80		Rejected!	
GOCC_GLUTAMATERGIC_SYNAPSE	317	130		
GOCC_CHOLINERGIC_SYNAPSE	9		Rejected!	
GOCC_GABA_ERGIC_SYNAPSE	70		Rejected!	
GOCC_NEURON_TO_NEURON_SYNAPSE	346	155		
GOCC_ASYMMETRIC_GLUTAMATERGIC_EXCITATORY_SYNAPSE	6		Rejected!	
GOCC_NEURONAL_DENSE_CORE_VESICLE	13		Rejected!	
GOCC_ANCHORED_COMPONENT_OF_SYNAPTIC_VESICLE_MEMBRANE	12		Rejected!	
GOCC_NEURONAL_DENSE_CORE_VESICLE_MEMBRANE	5		Rejected!	
GOCC_VESICLE_TETHERING_COMPLEX	61	49		
GOCC_ANCHORED_COMPONENT_OF_POSTSYNAPTIC_MEMBRANE	5		Rejected!	
GOCC_ANCHORED_COMPONENT_OF_PRESYNAPTIC_MEMBRANE	7		Rejected!	
GOCC_INTEGRAL_COMPONENT_OF_PRESYNAPTIC_ACTIVE_ZONE_MEMBRANE	14		Rejected!	
GOCC_BORC_COMPLEX	8		Rejected!	
GOCC_SUPRAMOLECULAR_COMPLEX	1329		Rejected!	
GOCC_SUPRAMOLECULAR_POLYMER	996	449		
GOCC_SYNAPTONEMAL_STRUCTURE	41		Rejected!	
GOCC_POSTSYNAPTIC_SPECIALIZATION_INTRACELLULAR_COMPONENT	11		Rejected!	
GOCC_POSTSYNAPTIC_DENSITY_INTRACELLULAR_COMPONENT	8		Rejected!	
GOCC_ANCHORED_COMPONENT_OF_SYNAPTIC_MEMBRANE	11		Rejected!	
GOCC_INTRINSIC_COMPONENT_OF_POSTSYNAPTIC_DENSITY_MEMBRANE	53		Rejected!	
GOCC_INTRINSIC_COMPONENT_OF_SYNAPTIC_MEMBRANE	159	32		
GOCC_EXTRINSIC_COMPONENT_OF_SYNAPTIC_MEMBRANE	10		Rejected!	
GOCC_SECRETORY_VESICLE	1024		Rejected!	
GOCC_POLYMERIC_CYTOSKELETAL_FIBER	755	364		
GOCC_CYTOSOLIC_REGION	15		Rejected!	
GOCC_PRESYNAPTIC_CYTOSOL	9		Rejected!	
GOCC_POSTSYNAPTIC_CYTOSOL	12		Rejected!	
GOCC_CYTOPLASMIC_REGION	260	119		
GOCC_PRESYNAPTIC_CYTOSKELETON	10		Rejected!	
GOCC_POSTSYNAPTIC_CYTOSKELETON	7		Rejected!	
GOCC_POSTSYNAPTIC_SPECIALIZATION_MEMBRANE	116	26		
GOCC_CELL_CORTEX_REGION	39	17		
GOCC_FICOLIN_1_RICH_GRANULE	185	128		
GOCC_FICOLIN_1_RICH_GRANULE_MEMBRANE	61	26		
GOCC_CHAPERONE_COMPLEX	34	29		
GOCC_MCRD_MEDIATED_MRNA_STABILITY_COMPLEX	5		Rejected!	
GOCC_SUMO_LIGASE_COMPLEX	11		Rejected!	
GOCC_B_WICH_COMPLEX	7		Rejected!	
GOCC_UBIQUINONE_BIOSYNTHESIS_COMPLEX	6		Rejected!	
GOCC_STEREOCILIUM_BASE	5		Rejected!	
GOCC_PROCENTRIOLE_REPLICATION_COMPLEX	6		Rejected!	
GOCC_CENTRIOLAR_SUBDISTAL_APPENDAGE	10		Rejected!	
GOCC_NEURON_PROJECTION_CYTOPLASM	89	61		
GOCC_SM_LIKE_PROTEIN_FAMILY_COMPLEX	109	74		
GOCC_LSM2_8_COMPLEX	7		Rejected!	
GOCC_DYNEIN_AXONEMAL_PARTICLE	20		Rejected!	
GOCC_ENDOPLASMIC_RETICULUM_PLASMA_MEMBRANE_CONTACT_SITE	10		Rejected!	
GOCC_MIB_COMPLEX	13		Rejected!	
GOCC_CHROMOSOME_TELOMERIC_REPEAT_REGION	13		Rejected!	
GOCC_NUCLEAR_PROTEIN_CONTAINING_COMPLEX	1250		Rejected!	
GOCC_ENDOPLASMIC_RETICULUM_PROTEIN_CONTAINING_COMPLEX	125	109		
GOCC_INTRACELLULAR_PROTEIN_CONTAINING_COMPLEX	741		Rejected!	
GOCC_ATAC_COMPLEX	14		Rejected!	
GOCC_ENZYME_ACTIVATOR_COMPLEX	6		Rejected!	
GOCC_DISTAL_AXON	270	120		
GOCC_CATALYTIC_COMPLEX	1430		Rejected!	
GOCC_ENDORIBONUCLEASE_COMPLEX	34	31		
GOCC_H4_HISTONE_ACETYLTRANSFERASE_COMPLEX	40	37		
GOCC_GABA_RECEPTOR_COMPLEX	21		Rejected!	
GOCC_PROTEIN_KINASE_COMPLEX	115	85		
GOCC_PHOSPHATASE_COMPLEX	50	36		
GOCC_CALCITONIN_FAMILY_RECEPTOR_COMPLEX	5		Rejected!	
GOCC_PEPTIDASE_INHIBITOR_COMPLEX	11		Rejected!	
GOCC_AXON_CYTOPLASM	62	45		
GOCC_SEROTONIN_ACTIVATED_CATION_SELECTIVE_CHANNEL_COMPLEX	5		Rejected!	
GOCC_TERTIARY_GRANULE_LUMEN	55	33		
GOCC_FICOLIN_1_RICH_GRANULE_LUMEN	124	102		
GOCC_AMPHISOME_MEMBRANE	11		Rejected!	
GOCC_ATPASE_COMPLEX	88	75		
GOCC_INTEGRAL_COMPONENT_OF_LYSOSOMAL_MEMBRANE	10		Rejected!	
GOCC_SERINE_TYPE_PEPTIDASE_COMPLEX	11		Rejected!	
GOCC_EXORIBONUCLEASE_COMPLEX	20	20		
GOCC_GTPASE_COMPLEX	36	21		
GOCC_PEPTIDASE_COMPLEX	111	89		
GOCC_ENDOPEPTIDASE_COMPLEX	79	66		
GOCC_SERINE_TYPE_ENDOPEPTIDASE_COMPLEX	9		Rejected!	
GOCC_MITOTIC_SPINDLE_MIDZONE	14		Rejected!	
GOCC_RPAP3_R2TP_PREFOLDIN_LIKE_COMPLEX	12		Rejected!	
GOCC_PERICILIARY_MEMBRANE_COMPARTMENT	6		Rejected!	
GOCC_SPERMATOPROTEASOME_COMPLEX	5		Rejected!	
GOCC_MESSENGER_RIBONUCLEOPROTEIN_COMPLEX	13		Rejected!	
GOCC_OXIDOREDUCTASE_COMPLEX	120	92		
GOCC_IRON_SULFUR_CLUSTER_ASSEMBLY_COMPLEX	6		Rejected!	
GOCC_TRANSFERASE_COMPLEX	790		Rejected!	
GOCC_UNIPLEX_COMPLEX	6		Rejected!	
GOCC_ATG1_ULK1_KINASE_COMPLEX	6		Rejected!	
GOCC_TRANSPORTER_COMPLEX	396	142		
GOCC_DNA_REPAIR_COMPLEX	44	36		
GOCC_L_TYPE_VOLTAGE_GATED_CALCIUM_CHANNEL_COMPLEX	11		Rejected!	
GOCC_OMEGASOME	5		Rejected!	
GOCC_MITOTIC_SPINDLE_MICROTUBULE	13		Rejected!	
GOCC_CLOCK_BMAL_TRANSCRIPTION_COMPLEX	5		Rejected!	
GOCC_PHOSPHOLIPID_TRANSLOCATING_ATPASE_COMPLEX	13		Rejected!	
GOCC_PROXIMAL_DENDRITE	5		Rejected!	
GOCC_HFE_TRANSFERRIN_RECEPTOR_COMPLEX	8		Rejected!	
GOCC_LSM1_7_PAT1_COMPLEX	5		Rejected!	
GOCC_MICROVESICLE	6		Rejected!	
GOCC_MICROTUBULE_END	33	24		
GOCC_RIBONUCLEOPROTEIN_COMPLEX	729		Rejected!	
GOCC_BETA_CATENIN_TCF_COMPLEX	13		Rejected!	
GOCC_WNT_SIGNALOSOME	13		Rejected!	
GOCC_SPERM_HEAD_PLASMA_MEMBRANE	7		Rejected!	
GOMF_SINGLE_STRANDED_DNA_ENDODEOXYRIBONUCLEASE_ACTIVITY	10		Rejected!	
GOMF_MANNOSYLTRANSFERASE_ACTIVITY	24	18		
GOMF_TRNA_BINDING	72	54		
GOMF_L_ORNITHINE_TRANSMEMBRANE_TRANSPORTER_ACTIVITY	5		Rejected!	
GOMF_SULFUR_AMINO_ACID_TRANSMEMBRANE_TRANSPORTER_ACTIVITY	9		Rejected!	
GOMF_MICROFILAMENT_MOTOR_ACTIVITY	31		Rejected!	
GOMF_SNARE_BINDING	110	67		
GOMF_RDNA_BINDING	9		Rejected!	
GOMF_DNA_SECONDARY_STRUCTURE_BINDING	36	28		
GOMF_PEROXISOME_TARGETING_SEQUENCE_BINDING	6		Rejected!	
GOMF_MAGNESIUM_ION_BINDING	222	156		
GOMF_ENDOPOLYPHOSPHATASE_ACTIVITY	5		Rejected!	
GOMF_RNA_CAP_BINDING	20	16		
GOMF_RNA_7_METHYLGUANOSINE_CAP_BINDING	13		Rejected!	
GOMF_FOUR_WAY_JUNCTION_DNA_BINDING	17	17		
GOMF_Y_FORM_DNA_BINDING	5		Rejected!	
GOMF_BUBBLE_DNA_BINDING	8		Rejected!	
GOMF_ADENYL_NUCLEOTIDE_EXCHANGE_FACTOR_ACTIVITY	11		Rejected!	
GOMF_INOSITOL_1_3_4_5_6_PENTAKISPHOSPHATE_KINASE_ACTIVITY	5		Rejected!	
GOMF_INOSITOL_HEXAKISPHOSPHATE_KINASE_ACTIVITY	8		Rejected!	
GOMF_TRANSLATION_REPRESSOR_ACTIVITY_MRNA_REGULATORY_ELEMENT_BINDING	16		Rejected!	
GOMF_RNA_POLYMERASE_II_CORE_PROMOTER_SEQUENCE_SPECIFIC_DNA_BINDING	20		Rejected!	
GOMF_CIS_REGULATORY_REGION_SEQUENCE_SPECIFIC_DNA_BINDING	1230	371		
GOMF_RNA_POLYMERASE_III_GENERAL_TRANSCRIPTION_INITIATION_FACTOR_ACTIVITY	6		Rejected!	
GOMF_RNA_POLYMERASE_III_TRANSCRIPTION_REGULATORY_REGION_SEQUENCE_SPECIFIC_DNA_BINDING	7		Rejected!	
GOMF_RNA_POLYMERASE_I_CORE_BINDING	5		Rejected!	
GOMF_CORE_PROMOTER_SEQUENCE_SPECIFIC_DNA_BINDING	43	33		
GOMF_RNA_POLYMERASE_II_ACTIVITY	5		Rejected!	
GOMF_RNA_POLYMERASE_II_GENERAL_TRANSCRIPTION_INITIATION_FACTOR_BINDING	24	22		
GOMF_TFIIB_CLASS_TRANSCRIPTION_FACTOR_BINDING	5		Rejected!	
GOMF_TFIID_CLASS_TRANSCRIPTION_FACTOR_COMPLEX_BINDING	10		Rejected!	
GOMF_BASAL_TRANSCRIPTION_MACHINERY_BINDING	74	54		
GOMF_INTRONIC_TRANSCRIPTION_REGULATORY_REGION_SEQUENCE_SPECIFIC_DNA_BINDING	11		Rejected!	
GOMF_RNA_POLYMERASE_II_INTRONIC_TRANSCRIPTION_REGULATORY_REGION_SEQUENCE_SPECIFIC_DNA_BINDING	8		Rejected!	
GOMF_RNA_POLYMERASE_I_TRANSCRIPTION_REGULATORY_REGION_SEQUENCE_SPECIFIC_DNA_BINDING	8		Rejected!	
GOMF_RNA_POLYMERASE_I_GENERAL_TRANSCRIPTION_INITIATION_FACTOR_ACTIVITY	6		Rejected!	
GOMF_DNA_BINDING_TRANSCRIPTION_ACTIVATOR_ACTIVITY	464	162		
GOMF_DNA_BINDING_TRANSCRIPTION_REPRESSOR_ACTIVITY	325	124		
GOMF_TRANSCRIPTION_COREGULATOR_BINDING	108	79		
GOMF_TRANSCRIPTION_COREPRESSOR_BINDING	44	32		
GOMF_TRANSCRIPTION_COACTIVATOR_BINDING	40	34		
GOMF_N_ACETYLGLUCOSAMINE_6_O_SULFOTRANSFERASE_ACTIVITY	7		Rejected!	
GOMF_LIPOPOLYSACCHARIDE_BINDING	35	15		
GOMF_N_ACETYLGALACTOSAMINE_4_O_SULFOTRANSFERASE_ACTIVITY	5		Rejected!	
GOMF_AMYLOID_BETA_BINDING	85	38		
GOMF_TRACE_AMINE_RECEPTOR_ACTIVITY	7		Rejected!	
GOMF_G_PROTEIN_COUPLED_ADENOSINE_RECEPTOR_ACTIVITY	5		Rejected!	
GOMF_G_PROTEIN_COUPLED_CHEMOATTRACTANT_RECEPTOR_ACTIVITY	26		Rejected!	
GOMF_PEPTIDE_RECEPTOR_ACTIVITY	154	28		
GOMF_G_PROTEIN_COUPLED_RECEPTOR_BINDING	285	89		
GOMF_ALPHA_N_ACETYLGALACTOSAMINIDE_ALPHA_2_6_SIALYLTRANSFERASE_ACTIVITY	6		Rejected!	
GOMF_ATPASE_ACTIVATOR_ACTIVITY	26	21		
GOMF_LIPID_KINASE_ACTIVITY	5		Rejected!	
GOMF_RETINAL_DEHYDROGENASE_ACTIVITY	8		Rejected!	
GOMF_PHOSPHOTYROSINE_RESIDUE_BINDING	44	31		
GOMF_PHOSPHATIDYLSERINE_BINDING	61	24		
GOMF_OPSONIN_BINDING	16		Rejected!	
GOMF_COMPLEMENT_BINDING	20		Rejected!	
GOMF_COMPLEMENT_COMPONENT_C1Q_COMPLEX_BINDING	8		Rejected!	
GOMF_COMPLEMENT_COMPONENT_C3B_BINDING	5		Rejected!	
GOMF_LIPOPOLYSACCHARIDE_IMMUNE_RECEPTOR_ACTIVITY	5		Rejected!	
GOMF_NUCLEOSIDE_BINDING	8		Rejected!	
GOMF_G_PROTEIN_ALPHA_SUBUNIT_BINDING	24	15		
GOMF_FIBRONECTIN_BINDING	31		Rejected!	
GOMF_RETINOIC_ACID_BINDING	27		Rejected!	
GOMF_PROTEASE_BINDING	136	79		
GOMF_P53_BINDING	66	49		
GOMF_OPSIN_BINDING	5		Rejected!	
GOMF_G_QUADRUPLEX_RNA_BINDING	6		Rejected!	
GOMF_AMINOACYL_TRNA_EDITING_ACTIVITY	13		Rejected!	
GOMF_DYSTROGLYCAN_BINDING	11		Rejected!	
GOMF_DNA_HELICASE_ACTIVITY	74	67		
GOMF_MINOR_GROOVE_OF_ADENINE_THYMINE_RICH_DNA_BINDING	9		Rejected!	
GOMF_CHROMATIN_BINDING	579	382		
GOMF_DAMAGED_DNA_BINDING	69	61		
GOMF_DNA_REPLICATION_ORIGIN_BINDING	16	16		
GOMF_DNA_CLAMP_LOADER_ACTIVITY	9		Rejected!	
GOMF_DOUBLE_STRANDED_TELOMERIC_DNA_BINDING	9		Rejected!	
GOMF_SINGLE_STRANDED_DNA_BINDING	121	103		
GOMF_DNA_BINDING_TRANSCRIPTION_FACTOR_ACTIVITY	1425	374		
GOMF_STEROID_HORMONE_RECEPTOR_ACTIVITY	24		Rejected!	
GOMF_TRANSCRIPTION_ELONGATION_REGULATOR_ACTIVITY	5		Rejected!	
GOMF_TRANSCRIPTION_COREGULATOR_ACTIVITY	495	376		
GOMF_TRANSCRIPTION_COACTIVATOR_ACTIVITY	266	215		
GOMF_TRANSCRIPTION_COREPRESSOR_ACTIVITY	189	138		
GOMF_TELOMERASE_ACTIVITY	7		Rejected!	
GOMF_RNA_BINDING	1972		Rejected!	
GOMF_DOUBLE_STRANDED_RNA_BINDING	75	61		
GOMF_DOUBLE_STRANDED_RNA_ADENOSINE_DEAMINASE_ACTIVITY	6		Rejected!	
GOMF_SINGLE_STRANDED_RNA_BINDING	86	63		
GOMF_MRNA_BINDING	579	232		
GOMF_MRNA_3_UTR_BINDING	222	69		
GOMF_STRUCTURAL_CONSTITUENT_OF_RIBOSOME	168	149		
GOMF_TRANSLATION_INITIATION_FACTOR_ACTIVITY	51	45		
GOMF_TRANSLATION_ELONGATION_FACTOR_ACTIVITY	20	16		
GOMF_PROTEIN_DISULFIDE_ISOMERASE_ACTIVITY	20	15		
GOMF_CYTOSKELETAL_MOTOR_ACTIVITY	113	51		
GOMF_MICROTUBULE_MOTOR_ACTIVITY	69	34		
GOMF_ACTIN_BINDING	440	216		
GOMF_ACTIN_MONOMER_BINDING	28		Rejected!	
GOMF_LYSOZYME_ACTIVITY	10		Rejected!	
GOMF_PROTEIN_GLUTAMINE_GAMMA_GLUTAMYLTRANSFERASE_ACTIVITY	9		Rejected!	
GOMF_ANTIGEN_BINDING	170	17		
GOMF_ALPHA_N_ACETYLNEURAMINATE_ALPHA_2_8_SIALYLTRANSFERASE_ACTIVITY	6		Rejected!	
GOMF_BETA_GALACTOSIDE_CMP_ALPHA_2_3_SIALYLTRANSFERASE_ACTIVITY	7		Rejected!	
GOMF_2_ACYLGLYCEROL_O_ACYLTRANSFERASE_ACTIVITY	7		Rejected!	
GOMF_1_ALKYL_2_ACETYLGLYCEROPHOSPHOCHOLINE_ESTERASE_ACTIVITY	8		Rejected!	
GOMF_3_BETA_HYDROXY_DELTA5_STEROID_DEHYDROGENASE_ACTIVITY	6		Rejected!	
GOMF_3_HYDROXYACYL_COA_DEHYDROGENASE_ACTIVITY	7		Rejected!	
GOMF_DNA_DIRECTED_DNA_POLYMERASE_ACTIVITY	24	22		
GOMF_DNA_APURINIC_OR_APYRIMIDINIC_SITE_ENDONUCLEASE_ACTIVITY	13		Rejected!	
GOMF_DNA_TOPOISOMERASE_ACTIVITY	7		Rejected!	
GOMF_GTPASE_ACTIVITY	336	195		
GOMF_G_PROTEIN_ACTIVITY	40	26		
GOMF_N_ACETYLLACTOSAMINE_SYNTHASE_ACTIVITY	5		Rejected!	
GOMF_NADPLUS_ADP_RIBOSYLTRANSFERASE_ACTIVITY	27	22		
GOMF_NADPLUS_KINASE_ACTIVITY	17		Rejected!	
GOMF_NADPLUS_NUCLEOSIDASE_ACTIVITY	28	16		
GOMF_NADH_DEHYDROGENASE_ACTIVITY	45	35		
GOMF_NAD_P_PLUS_PROTEIN_ARGININE_ADP_RIBOSYLTRANSFERASE_ACTIVITY	5		Rejected!	
GOMF_RNA_DIRECTED_DNA_POLYMERASE_ACTIVITY	7		Rejected!	
GOMF_ACETYL_COA_C_ACETYLTRANSFERASE_ACTIVITY	5		Rejected!	
GOMF_ACETYL_COA_HYDROLASE_ACTIVITY	5		Rejected!	
GOMF_ACETYL_COA_C_ACYLTRANSFERASE_ACTIVITY	7		Rejected!	
GOMF_ACID_PHOSPHATASE_ACTIVITY	9		Rejected!	
GOMF_ACYL_COA_DEHYDROGENASE_ACTIVITY	12		Rejected!	
GOMF_ACYL_COA_OXIDASE_ACTIVITY	7		Rejected!	
GOMF_ADENOSINE_DEAMINASE_ACTIVITY	13		Rejected!	
GOMF_ADENYLATE_CYCLASE_ACTIVITY	11		Rejected!	
GOMF_ADENYLATE_KINASE_ACTIVITY	9		Rejected!	
GOMF_ALCOHOL_DEHYDROGENASE_ACTIVITY_ZINC_DEPENDENT	7		Rejected!	
GOMF_ALDEHYDE_DEHYDROGENASE_NAD_P_PLUS_ACTIVITY	16		Rejected!	
GOMF_ALDITOL_NADPPLUS_1_OXIDOREDUCTASE_ACTIVITY	12		Rejected!	
GOMF_ALDO_KETO_REDUCTASE_NADP_ACTIVITY	30		Rejected!	
GOMF_ALKALINE_PHOSPHATASE_ACTIVITY	6		Rejected!	
GOMF_AMINOACYLASE_ACTIVITY	6		Rejected!	
GOMF_ARYL_SULFOTRANSFERASE_ACTIVITY	9		Rejected!	
GOMF_ARYLESTERASE_ACTIVITY	6		Rejected!	
GOMF_ARYLSULFATASE_ACTIVITY	14		Rejected!	
GOMF_CARBONATE_DEHYDRATASE_ACTIVITY	15		Rejected!	
GOMF_CARBONYL_REDUCTASE_NADPH_ACTIVITY	9		Rejected!	
GOMF_CYCLIC_NUCLEOTIDE_PHOSPHODIESTERASE_ACTIVITY	25		Rejected!	
GOMF_3_5_CYCLIC_AMP_PHOSPHODIESTERASE_ACTIVITY	15		Rejected!	
GOMF_CYTIDINE_DEAMINASE_ACTIVITY	12		Rejected!	
GOMF_CYTOCHROME_B5_REDUCTASE_ACTIVITY_ACTING_ON_NAD_P_H	7		Rejected!	
GOMF_DIACYLGLYCEROL_KINASE_ACTIVITY	11		Rejected!	
GOMF_DIACYLGLYCEROL_O_ACYLTRANSFERASE_ACTIVITY	5		Rejected!	
GOMF_DIHYDROPYRIMIDINASE_ACTIVITY	6		Rejected!	
GOMF_DOLICHYL_PHOSPHATE_MANNOSE_PROTEIN_MANNOSYLTRANSFERASE_ACTIVITY	7		Rejected!	
GOMF_ENDOPEPTIDASE_ACTIVITY	439	172		
GOMF_ATP_DEPENDENT_PEPTIDASE_ACTIVITY	7		Rejected!	
GOMF_AMINOPEPTIDASE_ACTIVITY	39	25		
GOMF_CARBOXYPEPTIDASE_ACTIVITY	45		Rejected!	
GOMF_METALLOCARBOXYPEPTIDASE_ACTIVITY	30		Rejected!	
GOMF_SERINE_TYPE_CARBOXYPEPTIDASE_ACTIVITY	5		Rejected!	
GOMF_CYSTEINE_TYPE_ENDOPEPTIDASE_ACTIVITY	121	71		
GOMF_CALCIUM_DEPENDENT_CYSTEINE_TYPE_ENDOPEPTIDASE_ACTIVITY	17		Rejected!	
GOMF_METALLOENDOPEPTIDASE_ACTIVITY	114	36		
GOMF_THREONINE_TYPE_ENDOPEPTIDASE_ACTIVITY	14		Rejected!	
GOMF_ENOYL_COA_HYDRATASE_ACTIVITY	10		Rejected!	
GOMF_EPOXIDE_HYDROLASE_ACTIVITY	6		Rejected!	
GOMF_ESTRADIOL_17_BETA_DEHYDROGENASE_ACTIVITY	18		Rejected!	
GOMF_FATTY_ACID_SYNTHASE_ACTIVITY	13		Rejected!	
GOMF_FATTY_ACYL_COA_SYNTHASE_ACTIVITY	7		Rejected!	
GOMF_FRUCTOSE_2_6_BISPHOSPHATE_2_PHOSPHATASE_ACTIVITY	5		Rejected!	
GOMF_GLUTATHIONE_TRANSFERASE_ACTIVITY	28		Rejected!	
GOMF_GLYCOLIPID_MANNOSYLTRANSFERASE_ACTIVITY	5		Rejected!	
GOMF_GUANOSINE_DIPHOSPHATASE_ACTIVITY	9		Rejected!	
GOMF_GUANYLATE_CYCLASE_ACTIVITY	8		Rejected!	
GOMF_GUANYLATE_KINASE_ACTIVITY	9		Rejected!	
GOMF_HELICASE_ACTIVITY	157	139		
GOMF_HEXOKINASE_ACTIVITY	5		Rejected!	
GOMF_HYALURONONGLUCOSAMINIDASE_ACTIVITY	8		Rejected!	
GOMF_INORGANIC_DIPHOSPHATASE_ACTIVITY	5		Rejected!	
GOMF_1_PHOSPHATIDYLINOSITOL_4_KINASE_ACTIVITY	6		Rejected!	
GOMF_PHOSPHATIDYLINOSITOL_4_5_BISPHOSPHATE_5_PHOSPHATASE_ACTIVITY	10		Rejected!	
GOMF_INOSITOL_POLYPHOSPHATE_5_PHOSPHATASE_ACTIVITY	6		Rejected!	
GOMF_ISOCITRATE_DEHYDROGENASE_ACTIVITY	5		Rejected!	
GOMF_LACTATE_DEHYDROGENASE_ACTIVITY	6		Rejected!	
GOMF_L_LACTATE_DEHYDROGENASE_ACTIVITY	5		Rejected!	
GOMF_LEUKOTRIENE_C4_SYNTHASE_ACTIVITY	5		Rejected!	
GOMF_LIPOPROTEIN_LIPASE_ACTIVITY	10		Rejected!	
GOMF_LONG_CHAIN_ACYL_COA_DEHYDROGENASE_ACTIVITY	5		Rejected!	
GOMF_LONG_CHAIN_FATTY_ACID_COA_LIGASE_ACTIVITY	15		Rejected!	
GOMF_LYSINE_N_ACETYLTRANSFERASE_ACTIVITY_ACTING_ON_ACETYL_PHOSPHATE_AS_DONOR	6		Rejected!	
GOMF_MONOOXYGENASE_ACTIVITY	103		Rejected!	
GOMF_N_N_DIMETHYLANILINE_MONOOXYGENASE_ACTIVITY	5		Rejected!	
GOMF_NUCLEASE_ACTIVITY	213	167		
GOMF_ENDONUCLEASE_ACTIVITY	124	94		
GOMF_ENDODEOXYRIBONUCLEASE_ACTIVITY	38	33		
GOMF_ENDORIBONUCLEASE_ACTIVITY	70	51		
GOMF_RNA_DNA_HYBRID_RIBONUCLEASE_ACTIVITY	5		Rejected!	
GOMF_RIBONUCLEASE_P_ACTIVITY	12		Rejected!	
GOMF_EXONUCLEASE_ACTIVITY	84	72		
GOMF_PHOSPHODIESTERASE_I_ACTIVITY	5		Rejected!	
GOMF_EXODEOXYRIBONUCLEASE_ACTIVITY	24	20		
GOMF_DEOXYRIBONUCLEASE_I_ACTIVITY	5		Rejected!	
GOMF_EXORIBONUCLEASE_ACTIVITY	43	41		
GOMF_POLY_A_SPECIFIC_RIBONUCLEASE_ACTIVITY	13		Rejected!	
GOMF_DEOXYRIBONUCLEASE_ACTIVITY	59	51		
GOMF_RIBONUCLEASE_ACTIVITY	124	94		
GOMF_TRNA_SPECIFIC_RIBONUCLEASE_ACTIVITY	15		Rejected!	
GOMF_NUCLEOSIDE_DIPHOSPHATE_KINASE_ACTIVITY	18		Rejected!	
GOMF_NUCLEOTIDE_DIPHOSPHATASE_ACTIVITY	22		Rejected!	
GOMF_HYDROLASE_ACTIVITY_HYDROLYZING_O_GLYCOSYL_COMPOUNDS	96	45		
GOMF_BETA_N_ACETYLHEXOSAMINIDASE_ACTIVITY	5		Rejected!	
GOMF_BETA_GALACTOSIDASE_ACTIVITY	5		Rejected!	
GOMF_CHITINASE_ACTIVITY	6		Rejected!	
GOMF_MANNOSYL_OLIGOSACCHARIDE_1_2_ALPHA_MANNOSIDASE_ACTIVITY	7		Rejected!	
GOMF_OLIGOSACCHARYL_TRANSFERASE_ACTIVITY	6		Rejected!	
GOMF_DOLICHYL_DIPHOSPHOOLIGOSACCHARIDE_PROTEIN_GLYCOTRANSFERASE_ACTIVITY	5		Rejected!	
GOMF_PEPTIDE_ALPHA_N_ACETYLTRANSFERASE_ACTIVITY	11		Rejected!	
GOMF_GLUTATHIONE_PEROXIDASE_ACTIVITY	22		Rejected!	
GOMF_PHOSPHOLIPASE_ACTIVITY	110	42		
GOMF_LYSOPHOSPHOLIPASE_ACTIVITY	26		Rejected!	
GOMF_PHOSPHOLIPASE_A2_ACTIVITY	34		Rejected!	
GOMF_PHOSPHOLIPASE_C_ACTIVITY	28		Rejected!	
GOMF_PHOSPHOLIPASE_D_ACTIVITY	7		Rejected!	
GOMF_1_4_ALPHA_OLIGOGLUCAN_PHOSPHORYLASE_ACTIVITY	6		Rejected!	
GOMF_POLYNUCLEOTIDE_ADENYLYLTRANSFERASE_ACTIVITY	13		Rejected!	
GOMF_POLYPEPTIDE_N_ACETYLGALACTOSAMINYLTRANSFERASE_ACTIVITY	19		Rejected!	
GOMF_PROCOLLAGEN_PROLINE_4_DIOXYGENASE_ACTIVITY	5		Rejected!	
GOMF_PRENYLTRANSFERASE_ACTIVITY	17	17		
GOMF_PROTEIN_GERANYLGERANYLTRANSFERASE_ACTIVITY	5		Rejected!	
GOMF_PROTEIN_ARGININE_DEIMINASE_ACTIVITY	5		Rejected!	
GOMF_PROTEIN_KINASE_ACTIVITY	577	354		
GOMF_PROTEIN_SERINE_THREONINE_KINASE_ACTIVITY	432	293		
GOMF_TRANSMEMBRANE_RECEPTOR_PROTEIN_SERINE_THREONINE_KINASE_ACTIVITY	19		Rejected!	
GOMF_AMP_ACTIVATED_PROTEIN_KINASE_ACTIVITY	8		Rejected!	
GOMF_CALMODULIN_DEPENDENT_PROTEIN_KINASE_ACTIVITY	27	16		
GOMF_CYCLIC_NUCLEOTIDE_DEPENDENT_PROTEIN_KINASE_ACTIVITY	10		Rejected!	
GOMF_CAMP_DEPENDENT_PROTEIN_KINASE_ACTIVITY	8		Rejected!	
GOMF_PROTEIN_KINASE_C_ACTIVITY	17		Rejected!	
GOMF_G_PROTEIN_COUPLED_RECEPTOR_KINASE_ACTIVITY	7		Rejected!	
GOMF_NF_KAPPAB_INDUCING_KINASE_ACTIVITY	6		Rejected!	
GOMF_JUN_KINASE_KINASE_KINASE_ACTIVITY	12		Rejected!	
GOMF_MAP_KINASE_ACTIVITY	15		Rejected!	
GOMF_MAP_KINASE_KINASE_ACTIVITY	18		Rejected!	
GOMF_MAP_KINASE_KINASE_KINASE_ACTIVITY	27	18		
GOMF_RIBOSOMAL_PROTEIN_S6_KINASE_ACTIVITY	7		Rejected!	
GOMF_PROTEIN_SERINE_THREONINE_TYROSINE_KINASE_ACTIVITY	446	279		
GOMF_PROTEIN_TYROSINE_KINASE_ACTIVITY	141	70		
GOMF_TRANSMEMBRANE_RECEPTOR_PROTEIN_TYROSINE_KINASE_ACTIVITY	64	15		
GOMF_NON_MEMBRANE_SPANNING_PROTEIN_TYROSINE_KINASE_ACTIVITY	46	29		
GOMF_PROTEIN_LYSINE_6_OXIDASE_ACTIVITY	5		Rejected!	
GOMF_PHOSPHOPROTEIN_PHOSPHATASE_ACTIVITY	179	122		
GOMF_PROTEIN_SERINE_THREONINE_PHOSPHATASE_ACTIVITY	100	73		
GOMF_CALCIUM_DEPENDENT_PROTEIN_SERINE_THREONINE_PHOSPHATASE_ACTIVITY	7		Rejected!	
GOMF_PROTEIN_TYROSINE_PHOSPHATASE_ACTIVITY	105	68		
GOMF_NON_MEMBRANE_SPANNING_PROTEIN_TYROSINE_PHOSPHATASE_ACTIVITY	9		Rejected!	
GOMF_PYRUVATE_DEHYDROGENASE_ACTIVITY	6		Rejected!	
GOMF_PYRUVATE_DEHYDROGENASE_ACETYL_TRANSFERRING_KINASE_ACTIVITY	5		Rejected!	
GOMF_NAD_RETINOL_DEHYDROGENASE_ACTIVITY	20		Rejected!	
GOMF_RIBOSE_PHOSPHATE_DIPHOSPHOKINASE_ACTIVITY	5		Rejected!	
GOMF_SPHINGOMYELIN_PHOSPHODIESTERASE_ACTIVITY	7		Rejected!	
GOMF_STEROL_ESTERASE_ACTIVITY	5		Rejected!	
GOMF_SUPEROXIDE_DISMUTASE_ACTIVITY	5		Rejected!	
GOMF_THIOREDOXIN_DISULFIDE_REDUCTASE_ACTIVITY	7		Rejected!	
GOMF_TRIGLYCERIDE_LIPASE_ACTIVITY	27		Rejected!	
GOMF_ENZYME_INHIBITOR_ACTIVITY	389	173		
GOMF_PHOSPHOLIPASE_INHIBITOR_ACTIVITY	14		Rejected!	
GOMF_CYCLIN_DEPENDENT_PROTEIN_SERINE_THREONINE_KINASE_INHIBITOR_ACTIVITY	12		Rejected!	
GOMF_CAMP_DEPENDENT_PROTEIN_KINASE_INHIBITOR_ACTIVITY	9		Rejected!	
GOMF_PROTEIN_SERINE_THREONINE_PHOSPHATASE_INHIBITOR_ACTIVITY	13		Rejected!	
GOMF_SERINE_TYPE_ENDOPEPTIDASE_INHIBITOR_ACTIVITY	96	15		
GOMF_CYSTEINE_TYPE_ENDOPEPTIDASE_INHIBITOR_ACTIVITY	56	22		
GOMF_COMPLEMENT_RECEPTOR_ACTIVITY	12		Rejected!	
GOMF_NUCLEAR_RECEPTOR_ACTIVITY	52	26		
GOMF_CYTOKINE_RECEPTOR_ACTIVITY	97	44		
GOMF_CILIARY_NEUROTROPHIC_FACTOR_RECEPTOR_ACTIVITY	8		Rejected!	
GOMF_INTERFERON_RECEPTOR_ACTIVITY	5		Rejected!	
GOMF_INTERLEUKIN_1_RECEPTOR_ACTIVITY	7		Rejected!	
GOMF_ONCOSTATIN_M_RECEPTOR_ACTIVITY	6		Rejected!	
GOMF_G_PROTEIN_COUPLED_RECEPTOR_ACTIVITY	870	77		
GOMF_EXTRACELLULARLY_ATP_GATED_CATION_CHANNEL_ACTIVITY	7		Rejected!	
GOMF_ADRENERGIC_RECEPTOR_ACTIVITY	9		Rejected!	
GOMF_ALPHA_ADRENERGIC_RECEPTOR_ACTIVITY	6		Rejected!	
GOMF_DOPAMINE_NEUROTRANSMITTER_RECEPTOR_ACTIVITY	5		Rejected!	
GOMF_ICOSANOID_RECEPTOR_ACTIVITY	15		Rejected!	
GOMF_PROSTANOID_RECEPTOR_ACTIVITY	11		Rejected!	
GOMF_PROSTAGLANDIN_E_RECEPTOR_ACTIVITY	5		Rejected!	
GOMF_HISTAMINE_RECEPTOR_ACTIVITY	6		Rejected!	
GOMF_IONOTROPIC_GLUTAMATE_RECEPTOR_ACTIVITY	19		Rejected!	
GOMF_NMDA_GLUTAMATE_RECEPTOR_ACTIVITY	8		Rejected!	
GOMF_MELANOCORTIN_RECEPTOR_ACTIVITY	6		Rejected!	
GOMF_N_FORMYL_PEPTIDE_RECEPTOR_ACTIVITY	5		Rejected!	
GOMF_NEUROPEPTIDE_Y_RECEPTOR_ACTIVITY	10		Rejected!	
GOMF_OLFACTORY_RECEPTOR_ACTIVITY	430		Rejected!	
GOMF_G_PROTEIN_COUPLED_OPIOID_RECEPTOR_ACTIVITY	7		Rejected!	
GOMF_SOMATOSTATIN_RECEPTOR_ACTIVITY	5		Rejected!	
GOMF_VASOPRESSIN_RECEPTOR_ACTIVITY	7		Rejected!	
GOMF_EPHRIN_RECEPTOR_ACTIVITY	19		Rejected!	
GOMF_GPI_LINKED_EPHRIN_RECEPTOR_ACTIVITY	7		Rejected!	
GOMF_FIBROBLAST_GROWTH_FACTOR_ACTIVATED_RECEPTOR_ACTIVITY	5		Rejected!	
GOMF_VASCULAR_ENDOTHELIAL_GROWTH_FACTOR_ACTIVATED_RECEPTOR_ACTIVITY	7		Rejected!	
GOMF_TRANSFORMING_GROWTH_FACTOR_BETA_ACTIVATED_RECEPTOR_ACTIVITY	13		Rejected!	
GOMF_TRANSFORMING_GROWTH_FACTOR_BETA_RECEPTOR_ACTIVITY_TYPE_I	5		Rejected!	
GOMF_NEUROTROPHIN_RECEPTOR_ACTIVITY	5		Rejected!	
GOMF_TUMOR_NECROSIS_FACTOR_ACTIVATED_RECEPTOR_ACTIVITY	10		Rejected!	
GOMF_DEATH_RECEPTOR_ACTIVITY	13		Rejected!	
GOMF_LOW_DENSITY_LIPOPROTEIN_PARTICLE_RECEPTOR_ACTIVITY	15		Rejected!	
GOMF_NETRIN_RECEPTOR_ACTIVITY	6		Rejected!	
GOMF_SCAVENGER_RECEPTOR_ACTIVITY	47		Rejected!	
GOMF_SIGNAL_RECOGNITION_PARTICLE_BINDING	7		Rejected!	
GOMF_SIGNAL_SEQUENCE_BINDING	50	34		
GOMF_NUCLEAR_EXPORT_SIGNAL_RECEPTOR_ACTIVITY	11		Rejected!	
GOMF_TRANSMEMBRANE_RECEPTOR_PROTEIN_TYROSINE_KINASE_ADAPTOR_ACTIVITY	14		Rejected!	
GOMF_MAP_KINASE_SCAFFOLD_ACTIVITY	11		Rejected!	
GOMF_PROTEIN_KINASE_C_BINDING	55	29		
GOMF_GUANYL_NUCLEOTIDE_EXCHANGE_FACTOR_ACTIVITY	224	154		
GOMF_GDP_DISSOCIATION_INHIBITOR_ACTIVITY	16		Rejected!	
GOMF_GTPASE_INHIBITOR_ACTIVITY	12		Rejected!	
GOMF_GTPASE_ACTIVATOR_ACTIVITY	275	175		
GOMF_SIGNALING_RECEPTOR_BINDING	1550		Rejected!	
GOMF_FIBROBLAST_GROWTH_FACTOR_RECEPTOR_BINDING	25		Rejected!	
GOMF_TYPE_1_FIBROBLAST_GROWTH_FACTOR_RECEPTOR_BINDING	5		Rejected!	
GOMF_FRIZZLED_BINDING	38		Rejected!	
GOMF_TYPE_2_FIBROBLAST_GROWTH_FACTOR_RECEPTOR_BINDING	5		Rejected!	
GOMF_NOTCH_BINDING	25		Rejected!	
GOMF_PATCHED_BINDING	8		Rejected!	
GOMF_TYPE_II_TRANSFORMING_GROWTH_FACTOR_BETA_RECEPTOR_BINDING	9		Rejected!	
GOMF_DEATH_RECEPTOR_BINDING	21		Rejected!	
GOMF_CYTOKINE_ACTIVITY	234	40		
GOMF_CYTOKINE_RECEPTOR_BINDING	270	107		
GOMF_CILIARY_NEUROTROPHIC_FACTOR_RECEPTOR_BINDING	9		Rejected!	
GOMF_GROWTH_HORMONE_RECEPTOR_BINDING	9		Rejected!	
GOMF_TYPE_I_INTERFERON_RECEPTOR_BINDING	17		Rejected!	
GOMF_INTERLEUKIN_2_RECEPTOR_BINDING	5		Rejected!	
GOMF_INTERLEUKIN_6_RECEPTOR_BINDING	7		Rejected!	
GOMF_INTERLEUKIN_12_RECEPTOR_BINDING	6		Rejected!	
GOMF_INTERLEUKIN_1_RECEPTOR_BINDING	17		Rejected!	
GOMF_EPIDERMAL_GROWTH_FACTOR_RECEPTOR_BINDING	32	16		
GOMF_INSULIN_RECEPTOR_BINDING	22		Rejected!	
GOMF_INSULIN_LIKE_GROWTH_FACTOR_RECEPTOR_BINDING	16		Rejected!	
GOMF_TRANSFORMING_GROWTH_FACTOR_BETA_RECEPTOR_BINDING	24	15		
GOMF_PLATELET_DERIVED_GROWTH_FACTOR_RECEPTOR_BINDING	14		Rejected!	
GOMF_NERVE_GROWTH_FACTOR_RECEPTOR_BINDING	5		Rejected!	
GOMF_TUMOR_NECROSIS_FACTOR_RECEPTOR_BINDING	31	24		
GOMF_NEUROTROPHIN_RECEPTOR_BINDING	12		Rejected!	
GOMF_NEUROTROPHIN_TRK_RECEPTOR_BINDING	6		Rejected!	
GOMF_VASCULAR_ENDOTHELIAL_GROWTH_FACTOR_RECEPTOR_BINDING	14		Rejected!	
GOMF_INTEGRIN_BINDING	156	58		
GOMF_HORMONE_ACTIVITY	122		Rejected!	
GOMF_NEUROPEPTIDE_HORMONE_ACTIVITY	30		Rejected!	
GOMF_STRUCTURAL_MOLECULE_ACTIVITY	689	299		
GOMF_STRUCTURAL_CONSTITUENT_OF_CYTOSKELETON	103	45		
GOMF_EXTRACELLULAR_MATRIX_STRUCTURAL_CONSTITUENT	172		Rejected!	
GOMF_STRUCTURAL_CONSTITUENT_OF_EYE_LENS	23		Rejected!	
GOMF_TRANSPORTER_ACTIVITY	1235		Rejected!	
GOMF_INTRACELLULAR_LIGAND_GATED_ION_CHANNEL_ACTIVITY	30		Rejected!	
GOMF_INTRACELLULAR_CAMP_ACTIVATED_CATION_CHANNEL_ACTIVITY	9		Rejected!	
GOMF_INTRACELLULAR_CGMP_ACTIVATED_CATION_CHANNEL_ACTIVITY	7		Rejected!	
GOMF_VOLUME_SENSITIVE_ANION_CHANNEL_ACTIVITY	9		Rejected!	
GOMF_CALCIUM_ACTIVATED_CATION_CHANNEL_ACTIVITY	26		Rejected!	
GOMF_INTRACELLULAR_CALCIUM_ACTIVATED_CHLORIDE_CHANNEL_ACTIVITY	18		Rejected!	
GOMF_EXTRACELLULAR_LIGAND_GATED_ION_CHANNEL_ACTIVITY	73		Rejected!	
GOMF_EXCITATORY_EXTRACELLULAR_LIGAND_GATED_ION_CHANNEL_ACTIVITY	29		Rejected!	
GOMF_INHIBITORY_EXTRACELLULAR_LIGAND_GATED_ION_CHANNEL_ACTIVITY	15		Rejected!	
GOMF_INWARD_RECTIFIER_POTASSIUM_CHANNEL_ACTIVITY	27		Rejected!	
GOMF_GAP_JUNCTION_CHANNEL_ACTIVITY	24		Rejected!	
GOMF_VOLTAGE_GATED_CALCIUM_CHANNEL_ACTIVITY	45		Rejected!	
GOMF_CALCIUM_CHANNEL_REGULATOR_ACTIVITY	44	17		
GOMF_VOLTAGE_GATED_CHLORIDE_CHANNEL_ACTIVITY	11		Rejected!	
GOMF_VOLTAGE_GATED_SODIUM_CHANNEL_ACTIVITY	25		Rejected!	
GOMF_VOLTAGE_GATED_POTASSIUM_CHANNEL_ACTIVITY	91		Rejected!	
GOMF_DELAYED_RECTIFIER_POTASSIUM_CHANNEL_ACTIVITY	33		Rejected!	
GOMF_ANION_CHANNEL_ACTIVITY	87	24		
GOMF_CATION_CHANNEL_ACTIVITY	336	71		
GOMF_POTASSIUM_CHANNEL_ACTIVITY	122	17		
GOMF_SODIUM_CHANNEL_ACTIVITY	46		Rejected!	
GOMF_AMINO_ACID_PROTON_SYMPORTER_ACTIVITY	6		Rejected!	
GOMF_AMINO_ACID_SODIUM_SYMPORTER_ACTIVITY	16		Rejected!	
GOMF_L_HISTIDINE_TRANSMEMBRANE_TRANSPORTER_ACTIVITY	5		Rejected!	
GOMF_DICARBOXYLIC_ACID_TRANSMEMBRANE_TRANSPORTER_ACTIVITY	30	15		
GOMF_INORGANIC_PHOSPHATE_TRANSMEMBRANE_TRANSPORTER_ACTIVITY	5		Rejected!	
GOMF_LIPID_TRANSPORTER_ACTIVITY	159	77		
GOMF_LONG_CHAIN_FATTY_ACID_TRANSPORTER_ACTIVITY	17		Rejected!	
GOMF_NEUROTRANSMITTER_TRANSMEMBRANE_TRANSPORTER_ACTIVITY	19		Rejected!	
GOMF_NUCLEOSIDE_TRANSMEMBRANE_TRANSPORTER_ACTIVITY	9		Rejected!	
GOMF_NUCLEOTIDE_SUGAR_TRANSMEMBRANE_TRANSPORTER_ACTIVITY	12		Rejected!	
GOMF_ORGANIC_ACID_TRANSMEMBRANE_TRANSPORTER_ACTIVITY	166	65		
GOMF_ORGANIC_ACID_SODIUM_SYMPORTER_ACTIVITY	30		Rejected!	
GOMF_OXYGEN_CARRIER_ACTIVITY	14		Rejected!	
GOMF_ATP_TRANSMEMBRANE_TRANSPORTER_ACTIVITY	11		Rejected!	
GOMF_CARBOHYDRATE_PROTON_SYMPORTER_ACTIVITY	7		Rejected!	
GOMF_FRUCTOSE_TRANSMEMBRANE_TRANSPORTER_ACTIVITY	5		Rejected!	
GOMF_WATER_TRANSMEMBRANE_TRANSPORTER_ACTIVITY	17		Rejected!	
GOMF_COPPER_ION_TRANSMEMBRANE_TRANSPORTER_ACTIVITY	5		Rejected!	
GOMF_IRON_ION_TRANSMEMBRANE_TRANSPORTER_ACTIVITY	10		Rejected!	
GOMF_MANGANESE_ION_TRANSMEMBRANE_TRANSPORTER_ACTIVITY	10		Rejected!	
GOMF_ZINC_ION_TRANSMEMBRANE_TRANSPORTER_ACTIVITY	21	15		
GOMF_P_TYPE_CALCIUM_TRANSPORTER_ACTIVITY	9		Rejected!	
GOMF_CARBOHYDRATE_CATION_SYMPORTER_ACTIVITY	16		Rejected!	
GOMF_GLUCOSE_SODIUM_SYMPORTER_ACTIVITY	7		Rejected!	
GOMF_AMINO_ACID_CATION_SYMPORTER_ACTIVITY	22		Rejected!	
GOMF_SODIUM_PHOSPHATE_SYMPORTER_ACTIVITY	11		Rejected!	
GOMF_INORGANIC_ANION_EXCHANGER_ACTIVITY	15		Rejected!	
GOMF_UDP_N_ACETYLGLUCOSAMINE_TRANSMEMBRANE_TRANSPORTER_ACTIVITY	5		Rejected!	
GOMF_SNAP_RECEPTOR_ACTIVITY	36	28		
GOMF_STEROID_BINDING	100	53		
GOMF_VITAMIN_D_BINDING	7		Rejected!	
GOMF_11_CIS_RETINAL_BINDING	7		Rejected!	
GOMF_ALL_TRANS_RETINAL_BINDING	5		Rejected!	
GOMF_FATTY_ACID_BINDING	50		Rejected!	
GOMF_IRON_ION_BINDING	151	55		
GOMF_COPPER_ION_BINDING	61	21		
GOMF_CALCIUM_ION_BINDING	710	217		
GOMF_CALMODULIN_BINDING	200	95		
GOMF_COLLAGEN_BINDING	68	19		
GOMF_INSULIN_LIKE_GROWTH_FACTOR_BINDING	29		Rejected!	
GOMF_LAMIN_BINDING	16		Rejected!	
GOMF_PROFILIN_BINDING	10		Rejected!	
GOMF_TROPOMYOSIN_BINDING	16		Rejected!	
GOMF_MACROLIDE_BINDING	12		Rejected!	
GOMF_FK506_BINDING	10		Rejected!	
GOMF_GLUCOSE_BINDING	11		Rejected!	
GOMF_MANNOSE_BINDING	22		Rejected!	
GOMF_GLYCOSAMINOGLYCAN_BINDING	236	53		
GOMF_HYALURONIC_ACID_BINDING	26		Rejected!	
GOMF_FOLIC_ACID_BINDING	14		Rejected!	
GOMF_PHOSPHOLIPID_BINDING	469	266		
GOMF_CALCIUM_DEPENDENT_PHOSPHOLIPID_BINDING	57	21		
GOMF_1_PHOSPHATIDYLINOSITOL_BINDING	16		Rejected!	
GOMF_PHOSPHATIDYLINOSITOL_4_5_BISPHOSPHATE_BINDING	83	38		
GOMF_PHOSPHATIDYLINOSITOL_3_4_5_TRISPHOSPHATE_BINDING	39	27		
GOMF_PHOSPHOLIPID_TRANSPORTER_ACTIVITY	62	38		
GOMF_ODORANT_BINDING	119		Rejected!	
GOMF_CHEMOKINE_ACTIVITY	48		Rejected!	
GOMF_BETA_CATENIN_BINDING	87	50		
GOMF_MICROTUBULE_BINDING	271	178		
GOMF_PROTEIN_C_TERMINUS_BINDING	179	129		
GOMF_MONOCARBOXYLIC_ACID_TRANSMEMBRANE_TRANSPORTER_ACTIVITY	59	19		
GOMF_HIGH_DENSITY_LIPOPROTEIN_PARTICLE_BINDING	12		Rejected!	
GOMF_AXON_GUIDANCE_RECEPTOR_ACTIVITY	9		Rejected!	
GOMF_ENZYME_ACTIVATOR_ACTIVITY	548	349		
GOMF_CALCIUM_SENSITIVE_GUANYLATE_CYCLASE_ACTIVATOR_ACTIVITY	6		Rejected!	
GOMF_CHITIN_BINDING	8		Rejected!	
GOMF_GLUTAMATE_RECEPTOR_ACTIVITY	27		Rejected!	
GOMF_TRANSLATION_TERMINATION_FACTOR_ACTIVITY	7		Rejected!	
GOMF_N_ACETYLTRANSFERASE_ACTIVITY	67	49		
GOMF_PHOSPHORIC_DIESTER_HYDROLASE_ACTIVITY	90	43		
GOMF_GROWTH_FACTOR_ACTIVITY	162	26		
GOMF_CYTOSKELETAL_PROTEIN_BINDING	986		Rejected!	
GOMF_CYTOSKELETAL_ANCHOR_ACTIVITY	22		Rejected!	
GOMF_ATP_DEPENDENT_ACTIVITY_ACTING_ON_DNA	104	94		
GOMF_5S_RRNA_BINDING	10		Rejected!	
GOMF_ALCOHOL_DEHYDROGENASE_NADPPLUS_ACTIVITY	23		Rejected!	
GOMF_UBIQUINOL_CYTOCHROME_C_REDUCTASE_ACTIVITY	7		Rejected!	
GOMF_ACETYLESTERASE_ACTIVITY	5		Rejected!	
GOMF_PRIMARY_AMINE_OXIDASE_ACTIVITY	6		Rejected!	
GOMF_TRANSCRIPTION_FACTOR_BINDING	594	430		
GOMF_TRANSLATION_FACTOR_ACTIVITY_RNA_BINDING	85	70		
GOMF_PROTEIN_TYROSINE_SERINE_THREONINE_PHOSPHATASE_ACTIVITY	47	32		
GOMF_NUCLEAR_LOCALIZATION_SEQUENCE_BINDING	27	18		
GOMF_CAMP_RESPONSE_ELEMENT_BINDING_PROTEIN_BINDING	9		Rejected!	
GOMF_OXYSTEROL_BINDING	7		Rejected!	
GOMF_POLY_A_BINDING	23	15		
GOMF_SULFOTRANSFERASE_ACTIVITY	52	16		
GOMF_PROTEIN_PHOSPHATASE_1_BINDING	30		Rejected!	
GOMF_C_METHYLTRANSFERASE_ACTIVITY	5		Rejected!	
GOMF_N_METHYLTRANSFERASE_ACTIVITY	99	68		
GOMF_O_METHYLTRANSFERASE_ACTIVITY	24	18		
GOMF_S_METHYLTRANSFERASE_ACTIVITY	10		Rejected!	
GOMF_RNA_METHYLTRANSFERASE_ACTIVITY	65	53		
GOMF_MRNA_METHYLTRANSFERASE_ACTIVITY	12		Rejected!	
GOMF_TRNA_METHYLTRANSFERASE_ACTIVITY	33	28		
GOMF_ADENYLATE_CYCLASE_BINDING	12		Rejected!	
GOMF_ATP_DEPENDENT_ACTIVITY_ACTING_ON_RNA	79	68		
GOMF_POLY_PYRIMIDINE_TRACT_BINDING	28	19		
GOMF_NEUROPEPTIDE_RECEPTOR_ACTIVITY	45		Rejected!	
GOMF_EUKARYOTIC_INITIATION_FACTOR_4E_BINDING	10		Rejected!	
GOMF_METALLOENDOPEPTIDASE_INHIBITOR_ACTIVITY	16		Rejected!	
GOMF_UDP_GLYCOSYLTRANSFERASE_ACTIVITY	145	64		
GOMF_PHOSPHATIDATE_PHOSPHATASE_ACTIVITY	14		Rejected!	
GOMF_FERROUS_IRON_BINDING	26	17		
GOMF_FERRIC_IRON_BINDING	11		Rejected!	
GOMF_HEPARIN_BINDING	168	35		
GOMF_G_PROTEIN_COUPLED_AMINE_RECEPTOR_ACTIVITY	51		Rejected!	
GOMF_PEPTIDASE_ACTIVITY	633	283		
GOMF_CYSTEINE_TYPE_PEPTIDASE_ACTIVITY	200	130		
GOMF_METALLOEXOPEPTIDASE_ACTIVITY	73	29		
GOMF_METALLOPEPTIDASE_ACTIVITY	196	76		
GOMF_EXOPEPTIDASE_ACTIVITY	105	49		
GOMF_DIPEPTIDYL_PEPTIDASE_ACTIVITY	12		Rejected!	
GOMF_OMEGA_PEPTIDASE_ACTIVITY	129	80		
GOMF_TRNA_SPECIFIC_ADENOSINE_DEAMINASE_ACTIVITY	8		Rejected!	
GOMF_NUCLEOTIDASE_ACTIVITY	15		Rejected!	
GOMF_ZINC_ION_BINDING	816	445		
GOMF_SECONDARY_ACTIVE_SULFATE_TRANSMEMBRANE_TRANSPORTER_ACTIVITY	13		Rejected!	
GOMF_CALCIUM_POTASSIUM_SODIUM_ANTIPORTER_ACTIVITY	5		Rejected!	
GOMF_PROTEIN_METHYLTRANSFERASE_ACTIVITY	92	68		
GOMF_LIPID_BINDING	806	414		
GOMF_3_5_EXODEOXYRIBONUCLEASE_ACTIVITY	13		Rejected!	
GOMF_SINGLE_STRANDED_DNA_EXODEOXYRIBONUCLEASE_ACTIVITY	9		Rejected!	
GOMF_DNA_BINDING_BENDING	17		Rejected!	
GOMF_STRUCTURAL_CONSTITUENT_OF_MUSCLE	42		Rejected!	
GOMF_VOLTAGE_GATED_ANION_CHANNEL_ACTIVITY	17		Rejected!	
GOMF_SINGLE_STRANDED_DNA_3_5_EXODEOXYRIBONUCLEASE_ACTIVITY	5		Rejected!	
GOMF_7S_RNA_BINDING	7		Rejected!	
GOMF_PROTEIN_PRENYLTRANSFERASE_ACTIVITY	7		Rejected!	
GOMF_PROTEIN_TRANSMEMBRANE_TRANSPORTER_ACTIVITY	22	18		
GOMF_CATION_TRANSMEMBRANE_TRANSPORTER_ACTIVITY	651	227		
GOMF_METHYL_CPG_BINDING	25	19		
GOMF_PROTEIN_TYROSINE_THREONINE_PHOSPHATASE_ACTIVITY	10		Rejected!	
GOMF_HIGH_VOLTAGE_GATED_CALCIUM_CHANNEL_ACTIVITY	10		Rejected!	
GOMF_MAP_KINASE_KINASE_KINASE_KINASE_ACTIVITY	5		Rejected!	
GOMF_RNA_POLYMERASE_II_CTD_HEPTAPEPTIDE_REPEAT_KINASE_ACTIVITY	12		Rejected!	
GOMF_SIALYLTRANSFERASE_ACTIVITY	21		Rejected!	
GOMF_O_ACYLTRANSFERASE_ACTIVITY	53	31		
GOMF_ACETYLGLUCOSAMINYLTRANSFERASE_ACTIVITY	45	29		
GOMF_ACETYLGALACTOSAMINYLTRANSFERASE_ACTIVITY	34	17		
GOMF_GALACTOSYLTRANSFERASE_ACTIVITY	33		Rejected!	
GOMF_MECHANOSENSITIVE_ION_CHANNEL_ACTIVITY	17		Rejected!	
GOMF_ARACHIDONIC_ACID_MONOOXYGENASE_ACTIVITY	21		Rejected!	
GOMF_ARACHIDONIC_ACID_EPOXYGENASE_ACTIVITY	17		Rejected!	
GOMF_STEROID_HYDROXYLASE_ACTIVITY	38		Rejected!	
GOMF_RETINOIC_ACID_4_HYDROXYLASE_ACTIVITY	10		Rejected!	
GOMF_3_5_EXONUCLEASE_ACTIVITY	55	47		
GOMF_5_3_EXONUCLEASE_ACTIVITY	18	15		
GOMF_COA_TRANSFERASE_ACTIVITY	5		Rejected!	
GOMF_FUCOSYLTRANSFERASE_ACTIVITY	13		Rejected!	
GOMF_RNA_POLYMERASE_II_CTD_HEPTAPEPTIDE_REPEAT_PHOSPHATASE_ACTIVITY	7		Rejected!	
GOMF_PHOSPHATIDYLETHANOLAMINE_BINDING	11		Rejected!	
GOMF_SELENIUM_BINDING	9		Rejected!	
GOMF_JUN_KINASE_BINDING	9		Rejected!	
GOMF_PHOSPHOFRUCTOKINASE_ACTIVITY	7		Rejected!	
GOMF_HEPARAN_SULFATE_GLUCOSAMINE_3_SULFOTRANSFERASE_1_ACTIVITY	7		Rejected!	
GOMF_HISTONE_ARGININE_N_METHYLTRANSFERASE_ACTIVITY	7		Rejected!	
GOMF_PALMITOYL_PROTEIN_HYDROLASE_ACTIVITY	14		Rejected!	
GOMF_SULFURIC_ESTER_HYDROLASE_ACTIVITY	17		Rejected!	
GOMF_TRANSLATION_ACTIVATOR_ACTIVITY	13		Rejected!	
GOMF_UDP_GALACTOSE_BETA_N_ACETYLGLUCOSAMINE_BETA_1_3_GALACTOSYLTRANSFERASE_ACTIVITY	14		Rejected!	
GOMF_BENZODIAZEPINE_RECEPTOR_ACTIVITY	11		Rejected!	
GOMF_MONOAMINE_TRANSMEMBRANE_TRANSPORTER_ACTIVITY	9		Rejected!	
GOMF_BILE_ACID_SODIUM_SYMPORTER_ACTIVITY	6		Rejected!	
GOMF_ANION_TRANSMEMBRANE_TRANSPORTER_ACTIVITY	317	127		
GOMF_ORGANIC_ANION_TRANSMEMBRANE_TRANSPORTER_ACTIVITY	187	84		
GOMF_FOLIC_ACID_TRANSMEMBRANE_TRANSPORTER_ACTIVITY	5		Rejected!	
GOMF_AMMONIUM_TRANSMEMBRANE_TRANSPORTER_ACTIVITY	11		Rejected!	
GOMF_PHOSPHATIDYLCHOLINE_TRANSPORTER_ACTIVITY	18		Rejected!	
GOMF_PHOSPHATIDYLINOSITOL_TRANSFER_ACTIVITY	10		Rejected!	
GOMF_TASTE_RECEPTOR_ACTIVITY	31		Rejected!	
GOMF_N_ACETYLLACTOSAMINIDE_BETA_1_3_N_ACETYLGLUCOSAMINYLTRANSFERASE_ACTIVITY	5		Rejected!	
GOMF_P_TYPE_POTASSIUM_TRANSMEMBRANE_TRANSPORTER_ACTIVITY	8		Rejected!	
GOMF_ABC_TYPE_XENOBIOTIC_TRANSPORTER_ACTIVITY	14		Rejected!	
GOMF_MICROTUBULE_SEVERING_ATPASE_ACTIVITY	7		Rejected!	
GOMF_MINUS_END_DIRECTED_MICROTUBULE_MOTOR_ACTIVITY	18		Rejected!	
GOMF_PLUS_END_DIRECTED_MICROTUBULE_MOTOR_ACTIVITY	17		Rejected!	
GOMF_CALCIUM_DEPENDENT_PROTEIN_SERINE_THREONINE_PHOSPHATASE_REGULATOR_ACTIVITY	5		Rejected!	
GOMF_CAMP_DEPENDENT_PROTEIN_KINASE_REGULATOR_ACTIVITY	11		Rejected!	
GOMF_UBIQUITIN_LIKE_MODIFIER_ACTIVATING_ENZYME_ACTIVITY	10		Rejected!	
GOMF_S_ADENOSYLMETHIONINE_DEPENDENT_METHYLTRANSFERASE_ACTIVITY	157	115		
GOMF_CROSSOVER_JUNCTION_ENDODEOXYRIBONUCLEASE_ACTIVITY	7		Rejected!	
GOMF_GLYCEROPHOSPHODIESTER_PHOSPHODIESTERASE_ACTIVITY	5		Rejected!	
GOMF_PHOSPHOLIPASE_A1_ACTIVITY	17		Rejected!	
GOMF_DNA_METHYLTRANSFERASE_ACTIVITY	6		Rejected!	
GOMF_ELECTRON_TRANSFER_ACTIVITY	125	85		
GOMF_BIOTIN_BINDING	5		Rejected!	
GOMF_FOUR_WAY_JUNCTION_HELICASE_ACTIVITY	6		Rejected!	
GOMF_PYROPHOSPHATE_HYDROLYSIS_DRIVEN_PROTON_TRANSMEMBRANE_TRANSPORTER_ACTIVITY	19		Rejected!	
GOMF_PHOTORECEPTOR_ACTIVITY	17		Rejected!	
GOMF_CYCLASE_ACTIVITY	22		Rejected!	
GOMF_PSEUDOURIDINE_SYNTHASE_ACTIVITY	13		Rejected!	
GOMF_FMN_BINDING	15		Rejected!	
GOMF_PHOSPHATIDYLINOSITOL_5_PHOSPHATE_BINDING	19		Rejected!	
GOMF_DOUBLE_STRANDED_METHYLATED_DNA_BINDING	6		Rejected!	
GOMF_H3_HISTONE_ACETYLTRANSFERASE_ACTIVITY	6		Rejected!	
GOMF_H4_HISTONE_ACETYLTRANSFERASE_ACTIVITY	12		Rejected!	
GOMF_TELOMERASE_INHIBITOR_ACTIVITY	5		Rejected!	
GOMF_CYCLASE_REGULATOR_ACTIVITY	15		Rejected!	
GOMF_CALCIUM_DEPENDENT_PROTEIN_KINASE_ACTIVITY	23	20		
GOMF_ANAPHASE_PROMOTING_COMPLEX_BINDING	9		Rejected!	
GOMF_GLUCURONOSYLTRANSFERASE_ACTIVITY	35		Rejected!	
GOMF_CORECEPTOR_ACTIVITY	47	20		
GOMF_DISULFIDE_OXIDOREDUCTASE_ACTIVITY	43	29		
GOMF_GLUTATHIONE_DISULFIDE_OXIDOREDUCTASE_ACTIVITY	5		Rejected!	
GOMF_THROMBIN_ACTIVATED_RECEPTOR_ACTIVITY	5		Rejected!	
GOMF_ION_TRANSMEMBRANE_TRANSPORTER_ACTIVITY	857	310		
GOMF_PROTON_TRANSMEMBRANE_TRANSPORTER_ACTIVITY	129	59		
GOMF_POTASSIUM_ION_TRANSMEMBRANE_TRANSPORTER_ACTIVITY	155	31		
GOMF_SODIUM_ION_TRANSMEMBRANE_TRANSPORTER_ACTIVITY	150	33		
GOMF_CALCIUM_ION_TRANSMEMBRANE_TRANSPORTER_ACTIVITY	135	50		
GOMF_MAGNESIUM_ION_TRANSMEMBRANE_TRANSPORTER_ACTIVITY	17		Rejected!	
GOMF_ORGANIC_CATION_TRANSMEMBRANE_TRANSPORTER_ACTIVITY	29		Rejected!	
GOMF_INORGANIC_ANION_TRANSMEMBRANE_TRANSPORTER_ACTIVITY	152	53		
GOMF_BICARBONATE_TRANSMEMBRANE_TRANSPORTER_ACTIVITY	22		Rejected!	
GOMF_CHLORIDE_TRANSMEMBRANE_TRANSPORTER_ACTIVITY	17		Rejected!	
GOMF_PHOSPHATE_ION_TRANSMEMBRANE_TRANSPORTER_ACTIVITY	8		Rejected!	
GOMF_SULFATE_TRANSMEMBRANE_TRANSPORTER_ACTIVITY	17		Rejected!	
GOMF_BILE_ACID_TRANSMEMBRANE_TRANSPORTER_ACTIVITY	21		Rejected!	
GOMF_LACTATE_TRANSMEMBRANE_TRANSPORTER_ACTIVITY	6		Rejected!	
GOMF_SIALIC_ACID_TRANSMEMBRANE_TRANSPORTER_ACTIVITY	5		Rejected!	
GOMF_SUCCINATE_TRANSMEMBRANE_TRANSPORTER_ACTIVITY	7		Rejected!	
GOMF_CARBOHYDRATE_TRANSMEMBRANE_TRANSPORTER_ACTIVITY	41		Rejected!	
GOMF_PYRIMIDINE_NUCLEOTIDE_SUGAR_TRANSMEMBRANE_TRANSPORTER_ACTIVITY	10		Rejected!	
GOMF_POLYOL_TRANSMEMBRANE_TRANSPORTER_ACTIVITY	12		Rejected!	
GOMF_GLYCEROL_TRANSMEMBRANE_TRANSPORTER_ACTIVITY	8		Rejected!	
GOMF_AMINO_ACID_TRANSMEMBRANE_TRANSPORTER_ACTIVITY	85	34		
GOMF_ACIDIC_AMINO_ACID_TRANSMEMBRANE_TRANSPORTER_ACTIVITY	16		Rejected!	
GOMF_AROMATIC_AMINO_ACID_TRANSMEMBRANE_TRANSPORTER_ACTIVITY	10		Rejected!	
GOMF_BASIC_AMINO_ACID_TRANSMEMBRANE_TRANSPORTER_ACTIVITY	17		Rejected!	
GOMF_NEUTRAL_AMINO_ACID_TRANSMEMBRANE_TRANSPORTER_ACTIVITY	41	21		
GOMF_L_AMINO_ACID_TRANSMEMBRANE_TRANSPORTER_ACTIVITY	61	26		
GOMF_L_ALANINE_TRANSMEMBRANE_TRANSPORTER_ACTIVITY	9		Rejected!	
GOMF_L_ASPARTATE_TRANSMEMBRANE_TRANSPORTER_ACTIVITY	9		Rejected!	
GOMF_GAMMA_AMINOBUTYRIC_ACID_TRANSMEMBRANE_TRANSPORTER_ACTIVITY	7		Rejected!	
GOMF_L_GLUTAMINE_TRANSMEMBRANE_TRANSPORTER_ACTIVITY	8		Rejected!	
GOMF_GLYCINE_TRANSMEMBRANE_TRANSPORTER_ACTIVITY	9		Rejected!	
GOMF_L_LYSINE_TRANSMEMBRANE_TRANSPORTER_ACTIVITY	6		Rejected!	
GOMF_L_LEUCINE_TRANSMEMBRANE_TRANSPORTER_ACTIVITY	5		Rejected!	
GOMF_L_PROLINE_TRANSMEMBRANE_TRANSPORTER_ACTIVITY	7		Rejected!	
GOMF_L_SERINE_TRANSMEMBRANE_TRANSPORTER_ACTIVITY	9		Rejected!	
GOMF_UREA_TRANSMEMBRANE_TRANSPORTER_ACTIVITY	7		Rejected!	
GOMF_NUCLEOBASE_TRANSMEMBRANE_TRANSPORTER_ACTIVITY	8		Rejected!	
GOMF_URIDINE_TRANSMEMBRANE_TRANSPORTER_ACTIVITY	5		Rejected!	
GOMF_PYRIMIDINE_NUCLEOSIDE_TRANSMEMBRANE_TRANSPORTER_ACTIVITY	7		Rejected!	
GOMF_NUCLEOTIDE_TRANSMEMBRANE_TRANSPORTER_ACTIVITY	27	22		
GOMF_PURINE_NUCLEOTIDE_TRANSMEMBRANE_TRANSPORTER_ACTIVITY	21	17		
GOMF_ADP_TRANSMEMBRANE_TRANSPORTER_ACTIVITY	8		Rejected!	
GOMF_CHOLINE_TRANSMEMBRANE_TRANSPORTER_ACTIVITY	7		Rejected!	
GOMF_ACYL_CARNITINE_TRANSMEMBRANE_TRANSPORTER_ACTIVITY	5		Rejected!	
GOMF_HEME_TRANSMEMBRANE_TRANSPORTER_ACTIVITY	10		Rejected!	
GOMF_FATTY_ACID_TRANSMEMBRANE_TRANSPORTER_ACTIVITY	10		Rejected!	
GOMF_AMINOPHOSPHOLIPID_FLIPPASE_ACTIVITY	7		Rejected!	
GOMF_STEROL_TRANSPORTER_ACTIVITY	36	23		
GOMF_WATER_CHANNEL_ACTIVITY	14		Rejected!	
GOMF_PROTON_CHANNEL_ACTIVITY	24		Rejected!	
GOMF_GLYCEROL_CHANNEL_ACTIVITY	6		Rejected!	
GOMF_CALCIUM_ACTIVATED_POTASSIUM_CHANNEL_ACTIVITY	13		Rejected!	
GOMF_OUTWARD_RECTIFIER_POTASSIUM_CHANNEL_ACTIVITY	14		Rejected!	
GOMF_ATP_ACTIVATED_INWARD_RECTIFIER_POTASSIUM_CHANNEL_ACTIVITY	6		Rejected!	
GOMF_LIGAND_GATED_ION_CHANNEL_ACTIVITY	145	23		
GOMF_KAINATE_SELECTIVE_GLUTAMATE_RECEPTOR_ACTIVITY	5		Rejected!	
GOMF_CALCIUM_RELEASE_CHANNEL_ACTIVITY	17		Rejected!	
GOMF_STORE_OPERATED_CALCIUM_CHANNEL_ACTIVITY	10		Rejected!	
GOMF_LIGAND_GATED_SODIUM_CHANNEL_ACTIVITY	12		Rejected!	
GOMF_PORIN_ACTIVITY	5		Rejected!	
GOMF_SECONDARY_ACTIVE_TRANSMEMBRANE_TRANSPORTER_ACTIVITY	241	95		
GOMF_SYMPORTER_ACTIVITY	144	46		
GOMF_SOLUTE_CATION_SYMPORTER_ACTIVITY	104	35		
GOMF_SOLUTE_PROTON_SYMPORTER_ACTIVITY	25		Rejected!	
GOMF_ANION_CATION_SYMPORTER_ACTIVITY	21		Rejected!	
GOMF_ANTIPORTER_ACTIVITY	90	44		
GOMF_SOLUTE_CATION_ANTIPORTER_ACTIVITY	35		Rejected!	
GOMF_SOLUTE_PROTON_ANTIPORTER_ACTIVITY	23		Rejected!	
GOMF_INORGANIC_MOLECULAR_ENTITY_TRANSMEMBRANE_TRANSPORTER_ACTIVITY	737	242		
GOMF_SODIUM_INDEPENDENT_ORGANIC_ANION_TRANSMEMBRANE_TRANSPORTER_ACTIVITY	16		Rejected!	
GOMF_THYROID_HORMONE_TRANSMEMBRANE_TRANSPORTER_ACTIVITY	7		Rejected!	
GOMF_SECONDARY_ACTIVE_MONOCARBOXYLATE_TRANSMEMBRANE_TRANSPORTER_ACTIVITY	13		Rejected!	
GOMF_CALCIUM_CATION_ANTIPORTER_ACTIVITY	11		Rejected!	
GOMF_SOLUTE_SODIUM_SYMPORTER_ACTIVITY	72	15		
GOMF_ANION_SODIUM_SYMPORTER_ACTIVITY	13		Rejected!	
GOMF_CATION_CHLORIDE_SYMPORTER_ACTIVITY	16		Rejected!	
GOMF_SODIUM_CHLORIDE_SYMPORTER_ACTIVITY	10		Rejected!	
GOMF_POTASSIUM_CHLORIDE_SYMPORTER_ACTIVITY	9		Rejected!	
GOMF_POTASSIUM_PROTON_ANTIPORTER_ACTIVITY	11		Rejected!	
GOMF_PRIMARY_ACTIVE_TRANSMEMBRANE_TRANSPORTER_ACTIVITY	179	107		
GOMF_ABC_TYPE_GLUTATHIONE_S_CONJUGATE_TRANSPORTER_ACTIVITY	8		Rejected!	
GOMF_OXIDOREDUCTION_DRIVEN_ACTIVE_TRANSMEMBRANE_TRANSPORTER_ACTIVITY	72	53		
GOMF_POTASSIUM_CHANNEL_REGULATOR_ACTIVITY	54	22		
GOMF_ACETYLCHOLINE_RECEPTOR_ACTIVITY	22		Rejected!	
GOMF_CHOLESTEROL_BINDING	50	32		
GOMF_CATION_CATION_ANTIPORTER_ACTIVITY	27		Rejected!	
GOMF_GLUTAMATE_SODIUM_SYMPORTER_ACTIVITY	5		Rejected!	
GOMF_C4_DICARBOXYLATE_TRANSMEMBRANE_TRANSPORTER_ACTIVITY	16		Rejected!	
GOMF_EFFLUX_TRANSMEMBRANE_TRANSPORTER_ACTIVITY	14		Rejected!	
GOMF_ORGANOPHOSPHATE_ESTER_TRANSMEMBRANE_TRANSPORTER_ACTIVITY	33	27		
GOMF_DNA_TRANSLOCASE_ACTIVITY	5		Rejected!	
GOMF_TUBULIN_BINDING	374	237		
GOMF_TOXIC_SUBSTANCE_BINDING	10		Rejected!	
GOMF_FATTY_ACID_LIGASE_ACTIVITY	22		Rejected!	
GOMF_QUATERNARY_AMMONIUM_GROUP_TRANSMEMBRANE_TRANSPORTER_ACTIVITY	13		Rejected!	
GOMF_BRANCHED_CHAIN_AMINO_ACID_TRANSMEMBRANE_TRANSPORTER_ACTIVITY	7		Rejected!	
GOMF_MANNOSIDASE_ACTIVITY	15		Rejected!	
GOMF_MANNOSYL_OLIGOSACCHARIDE_MANNOSIDASE_ACTIVITY	9		Rejected!	
GOMF_GALACTOSIDASE_ACTIVITY	7		Rejected!	
GOMF_GLUCOSIDASE_ACTIVITY	12		Rejected!	
GOMF_HEXOSAMINIDASE_ACTIVITY	15		Rejected!	
GOMF_NUCLEOBASE_CONTAINING_COMPOUND_TRANSMEMBRANE_TRANSPORTER_ACTIVITY	50	40		
GOMF_MORPHOGEN_ACTIVITY	8		Rejected!	
GOMF_CYCLOSPORIN_A_BINDING	24	16		
GOMF_PEPTIDOGLYCAN_IMMUNE_RECEPTOR_ACTIVITY	5		Rejected!	
GOMF_AMYLASE_ACTIVITY	5		Rejected!	
GOMF_GLIAL_CELL_DERIVED_NEUROTROPHIC_FACTOR_RECEPTOR_ACTIVITY	5		Rejected!	
GOMF_NAD_P_H_OXIDASE_H2O2_FORMING_ACTIVITY	8		Rejected!	
GOMF_SUPEROXIDE_GENERATING_NAD_P_H_OXIDASE_ACTIVITY	10		Rejected!	
GOMF_SUPEROXIDE_GENERATING_NADPH_OXIDASE_ACTIVATOR_ACTIVITY	10		Rejected!	
GOMF_AMP_BINDING	15		Rejected!	
GOMF_ANTIOXIDANT_ACTIVITY	86	32		
GOMF_STEROID_DEHYDROGENASE_ACTIVITY	36		Rejected!	
GOMF_CHANNEL_REGULATOR_ACTIVITY	144	57		
GOMF_CHANNEL_INHIBITOR_ACTIVITY	34	15		
GOMF_RNA_POLYMERASE_II_GENERAL_TRANSCRIPTION_INITIATION_FACTOR_ACTIVITY	38	34		
GOMF_PROTEIN_ARGININE_N_METHYLTRANSFERASE_ACTIVITY	11		Rejected!	
GOMF_LYSINE_N_METHYLTRANSFERASE_ACTIVITY	61	42		
GOMF_COA_HYDROLASE_ACTIVITY	25	15		
GOMF_PALMITOYL_COA_HYDROLASE_ACTIVITY	17		Rejected!	
GOMF_LIPASE_ACTIVITY	135	52		
GOMF_KINASE_ACTIVITY	745	474		
GOMF_1_PHOSPHATIDYLINOSITOL_3_KINASE_ACTIVITY	10		Rejected!	
GOMF_PHOSPHATIDYLINOSITOL_PHOSPHATE_KINASE_ACTIVITY	16		Rejected!	
GOMF_1_PHOSPHATIDYLINOSITOL_4_PHOSPHATE_5_KINASE_ACTIVITY	9		Rejected!	
GOMF_INOSITOL_BISPHOSPHATE_PHOSPHATASE_ACTIVITY	5		Rejected!	
GOMF_PHOSPHATIDYLINOSITOL_3_4_5_TRISPHOSPHATE_3_PHOSPHATASE_ACTIVITY	5		Rejected!	
GOMF_ACTIVIN_RECEPTOR_ACTIVITY_TYPE_I	5		Rejected!	
GOMF_CARNITINE_O_ACYLTRANSFERASE_ACTIVITY	6		Rejected!	
GOMF_ACETYLTRANSFERASE_ACTIVITY	90	65		
GOMF_C_ACYLTRANSFERASE_ACTIVITY	20		Rejected!	
GOMF_PALMITOYLTRANSFERASE_ACTIVITY	37	26		
GOMF_N_ACYLTRANSFERASE_ACTIVITY	93	59		
GOMF_ACYLGLYCEROL_O_ACYLTRANSFERASE_ACTIVITY	30	17		
GOMF_O_ACETYLTRANSFERASE_ACTIVITY	8		Rejected!	
GOMF_O_PALMITOYLTRANSFERASE_ACTIVITY	5		Rejected!	
GOMF_S_ACYLTRANSFERASE_ACTIVITY	30	24		
GOMF_TRNA_GUANINE_METHYLTRANSFERASE_ACTIVITY	13		Rejected!	
GOMF_TRNA_CYTOSINE_METHYLTRANSFERASE_ACTIVITY	9		Rejected!	
GOMF_RRNA_ADENINE_METHYLTRANSFERASE_ACTIVITY	8		Rejected!	
GOMF_RRNA_CYTOSINE_METHYLTRANSFERASE_ACTIVITY	5		Rejected!	
GOMF_C_ACETYLTRANSFERASE_ACTIVITY	6		Rejected!	
GOMF_C_PALMITOYLTRANSFERASE_ACTIVITY	5		Rejected!	
GOMF_OXIDOREDUCTASE_ACTIVITY	743	405		
GOMF_C_X_C_CHEMOKINE_RECEPTOR_ACTIVITY	8		Rejected!	
GOMF_PROTEIN_HORMONE_RECEPTOR_ACTIVITY	20		Rejected!	
GOMF_NUCLEOTIDE_RECEPTOR_ACTIVITY	21		Rejected!	
GOMF_PHEROMONE_RECEPTOR_ACTIVITY	6		Rejected!	
GOMF_PEPTIDASE_ACTIVATOR_ACTIVITY	43	27		
GOMF_PEPTIDASE_ACTIVATOR_ACTIVITY_INVOLVED_IN_APOPTOTIC_PROCESS	20		Rejected!	
GOMF_METALLOCHAPERONE_ACTIVITY	9		Rejected!	
GOMF_COPPER_CHAPERONE_ACTIVITY	6		Rejected!	
GOMF_CYCLIN_DEPENDENT_PROTEIN_SERINE_THREONINE_KINASE_REGULATOR_ACTIVITY	50	34		
GOMF_GLYCINE_BINDING	12		Rejected!	
GOMF_GLUTAMATE_BINDING	10		Rejected!	
GOMF_AMINO_ACID_BINDING	57	19		
GOMF_OXIDOREDUCTASE_ACTIVITY_ACTING_ON_CH_OH_GROUP_OF_DONORS	142	74		
GOMF_MALATE_DEHYDROGENASE_ACTIVITY	8		Rejected!	
GOMF_OXIDOREDUCTASE_ACTIVITY_ACTING_ON_THE_ALDEHYDE_OR_OXO_GROUP_OF_DONORS_NAD_OR_NADP_AS_ACCEPTOR	38	22		
GOMF_OXIDOREDUCTASE_ACTIVITY_ACTING_ON_THE_ALDEHYDE_OR_OXO_GROUP_OF_DONORS_DISULFIDE_AS_ACCEPTOR	8		Rejected!	
GOMF_OXIDOREDUCTASE_ACTIVITY_ACTING_ON_THE_CH_CH_GROUP_OF_DONORS	59	46		
GOMF_OXIDOREDUCTASE_ACTIVITY_ACTING_ON_THE_CH_CH_GROUP_OF_DONORS_NAD_OR_NADP_AS_ACCEPTOR	29	20		
GOMF_OXIDOREDUCTASE_ACTIVITY_ACTING_ON_THE_CH_CH_GROUP_OF_DONORS_OXYGEN_AS_ACCEPTOR	10		Rejected!	
GOMF_OXIDOREDUCTASE_ACTIVITY_ACTING_ON_THE_CH_NH2_GROUP_OF_DONORS	20		Rejected!	
GOMF_OXIDOREDUCTASE_ACTIVITY_ACTING_ON_THE_CH_NH2_GROUP_OF_DONORS_OXYGEN_AS_ACCEPTOR	16		Rejected!	
GOMF_OXIDOREDUCTASE_ACTIVITY_ACTING_ON_THE_CH_NH_GROUP_OF_DONORS	29	16		
GOMF_OXIDOREDUCTASE_ACTIVITY_ACTING_ON_THE_CH_NH_GROUP_OF_DONORS_NAD_OR_NADP_AS_ACCEPTOR	19		Rejected!	
GOMF_OXIDOREDUCTASE_ACTIVITY_ACTING_ON_NAD_P_H	88	59		
GOMF_OXIDOREDUCTASE_ACTIVITY_ACTING_ON_NAD_P_H_HEME_PROTEIN_AS_ACCEPTOR	10		Rejected!	
GOMF_OXIDOREDUCTASE_ACTIVITY_ACTING_ON_NAD_P_H_QUINONE_OR_SIMILAR_COMPOUND_AS_ACCEPTOR	57	41		
GOMF_OXIDOREDUCTASE_ACTIVITY_ACTING_ON_OTHER_NITROGENOUS_COMPOUNDS_AS_DONORS	9		Rejected!	
GOMF_OXIDOREDUCTASE_ACTIVITY_ACTING_ON_OTHER_NITROGENOUS_COMPOUNDS_AS_DONORS_CYTOCHROME_AS_ACCEPTOR	5		Rejected!	
GOMF_OXIDOREDUCTASE_ACTIVITY_ACTING_ON_A_SULFUR_GROUP_OF_DONORS	58	41		
GOMF_OXIDOREDUCTASE_ACTIVITY_ACTING_ON_A_SULFUR_GROUP_OF_DONORS_NAD_P_AS_ACCEPTOR	13		Rejected!	
GOMF_OXIDOREDUCTASE_ACTIVITY_ACTING_ON_A_SULFUR_GROUP_OF_DONORS_OXYGEN_AS_ACCEPTOR	11		Rejected!	
GOMF_OXIDOREDUCTASE_ACTIVITY_ACTING_ON_A_SULFUR_GROUP_OF_DONORS_DISULFIDE_AS_ACCEPTOR	8		Rejected!	
GOMF_OXIDOREDUCTASE_ACTIVITY_ACTING_ON_A_HEME_GROUP_OF_DONORS	20		Rejected!	
GOMF_OXIDOREDUCTASE_ACTIVITY_ACTING_ON_DIPHENOLS_AND_RELATED_SUBSTANCES_AS_DONORS	10		Rejected!	
GOMF_OXIDOREDUCTASE_ACTIVITY_ACTING_ON_PEROXIDE_AS_ACCEPTOR	56	20		
GOMF_OXIDOREDUCTASE_ACTIVITY_ACTING_ON_SINGLE_DONORS_WITH_INCORPORATION_OF_MOLECULAR_OXYGEN	25		Rejected!	
GOMF_OXIDOREDUCTASE_ACTIVITY_ACTING_ON_PAIRED_DONORS_WITH_INCORPORATION_OR_REDUCTION_OF_MOLECULAR_OXYGEN	179	73		
GOMF_2_OXOGLUTARATE_DEPENDENT_DIOXYGENASE_ACTIVITY	60	49		
GOMF_OXIDOREDUCTASE_ACTIVITY_ACTING_ON_PAIRED_DONORS_WITH_INCORPORATION_OR_REDUCTION_OF_MOLECULAR_OXYGEN_NAD_P_H_AS_ONE_DONOR_AND_INCORPORATION_OF_ONE_ATOM_OF_OXYGEN	43		Rejected!	
GOMF_OXIDOREDUCTASE_ACTIVITY_ACTING_ON_PAIRED_DONORS_WITH_INCORPORATION_OR_REDUCTION_OF_MOLECULAR_OXYGEN_REDUCED_FLAVIN_OR_FLAVOPROTEIN_AS_ONE_DONOR_AND_INCORPORATION_OF_ONE_ATOM_OF_OXYGEN	40		Rejected!	
GOMF_OXIDOREDUCTASE_ACTIVITY_ACTING_ON_PAIRED_DONORS_WITH_INCORPORATION_OR_REDUCTION_OF_MOLECULAR_OXYGEN_REDUCED_IRON_SULFUR_PROTEIN_AS_ONE_DONOR_AND_INCORPORATION_OF_ONE_ATOM_OF_OXYGEN	9		Rejected!	
GOMF_OXIDOREDUCTASE_ACTIVITY_ACTING_ON_PAIRED_DONORS_WITH_INCORPORATION_OR_REDUCTION_OF_MOLECULAR_OXYGEN_REDUCED_PTERIDINE_AS_ONE_DONOR_AND_INCORPORATION_OF_ONE_ATOM_OF_OXYGEN	7		Rejected!	
GOMF_OXIDOREDUCTASE_ACTIVITY_ACTING_ON_PAIRED_DONORS_WITH_INCORPORATION_OR_REDUCTION_OF_MOLECULAR_OXYGEN_REDUCED_ASCORBATE_AS_ONE_DONOR_AND_INCORPORATION_OF_ONE_ATOM_OF_OXYGEN	5		Rejected!	
GOMF_OXIDOREDUCTASE_ACTIVITY_ACTING_ON_PAIRED_DONORS_WITH_OXIDATION_OF_A_PAIR_OF_DONORS_RESULTING_IN_THE_REDUCTION_OF_MOLECULAR_OXYGEN_TO_TWO_MOLECULES_OF_WATER	10		Rejected!	
GOMF_OXIDOREDUCTASE_ACTIVITY_ACTING_ON_METAL_IONS	16		Rejected!	
GOMF_OXIDOREDUCTASE_ACTIVITY_ACTING_ON_METAL_IONS_NAD_OR_NADP_AS_ACCEPTOR	5		Rejected!	
GOMF_OXIDOREDUCTASE_ACTIVITY_ACTING_ON_METAL_IONS_OXYGEN_AS_ACCEPTOR	6		Rejected!	
GOMF_OXIDOREDUCTASE_ACTIVITY_ACTING_ON_CH_OR_CH2_GROUPS	9		Rejected!	
GOMF_TRANSFERASE_ACTIVITY_TRANSFERRING_ONE_CARBON_GROUPS	227	156		
GOMF_HYDROXYMETHYL_FORMYL_AND_RELATED_TRANSFERASE_ACTIVITY	8		Rejected!	
GOMF_TRANSKETOLASE_OR_TRANSALDOLASE_ACTIVITY	5		Rejected!	
GOMF_ACYLTRANSFERASE_ACTIVITY	246	153		
GOMF_AMINOACYLTRANSFERASE_ACTIVITY	17		Rejected!	
GOMF_GLYCOSYLTRANSFERASE_ACTIVITY	280	156		
GOMF_HEXOSYLTRANSFERASE_ACTIVITY	202	104		
GOMF_PENTOSYLTRANSFERASE_ACTIVITY	54	36		
GOMF_TRANSFERASE_ACTIVITY_TRANSFERRING_ALKYL_OR_ARYL_OTHER_THAN_METHYL_GROUPS	61	42		
GOMF_TRANSFERASE_ACTIVITY_TRANSFERRING_NITROGENOUS_GROUPS	24		Rejected!	
GOMF_TRANSFERASE_ACTIVITY_TRANSFERRING_PHOSPHORUS_CONTAINING_GROUPS	895		Rejected!	
GOMF_PHOSPHOTRANSFERASE_ACTIVITY_NITROGENOUS_GROUP_AS_ACCEPTOR	7		Rejected!	
GOMF_PHOSPHOTRANSFERASE_ACTIVITY_PHOSPHATE_GROUP_AS_ACCEPTOR	39	25		
GOMF_DIPHOSPHOTRANSFERASE_ACTIVITY	6		Rejected!	
GOMF_NUCLEOTIDYLTRANSFERASE_ACTIVITY	128	101		
GOMF_PHOSPHOTRANSFERASE_ACTIVITY_FOR_OTHER_SUBSTITUTED_PHOSPHATE_GROUPS	22	19		
GOMF_TRANSFERASE_ACTIVITY_TRANSFERRING_SULPHUR_CONTAINING_GROUPS	69	29		
GOMF_SULFURTRANSFERASE_ACTIVITY	10		Rejected!	
GOMF_HYDROLASE_ACTIVITY_ACTING_ON_ESTER_BONDS	765	476		
GOMF_THIOLESTER_HYDROLASE_ACTIVITY	45	31		
GOMF_PHOSPHATASE_ACTIVITY	281	183		
GOMF_EXONUCLEASE_ACTIVITY_ACTIVE_WITH_EITHER_RIBO_OR_DEOXYRIBONUCLEIC_ACIDS_AND_PRODUCING_5_PHOSPHOMONOESTERS	59	53		
GOMF_HYDROLASE_ACTIVITY_ACTING_ON_GLYCOSYL_BONDS	147	80		
GOMF_HYDROLASE_ACTIVITY_HYDROLYZING_N_GLYCOSYL_COMPOUNDS	51	34		
GOMF_HYDROLASE_ACTIVITY_ACTING_ON_ETHER_BONDS	12		Rejected!	
GOMF_ETHER_HYDROLASE_ACTIVITY	9		Rejected!	
GOMF_DIPEPTIDASE_ACTIVITY	15		Rejected!	
GOMF_HYDROLASE_ACTIVITY_ACTING_ON_CARBON_NITROGEN_BUT_NOT_PEPTIDE_BONDS	134	82		
GOMF_HYDROLASE_ACTIVITY_ACTING_ON_CARBON_NITROGEN_BUT_NOT_PEPTIDE_BONDS_IN_LINEAR_AMIDES	72	51		
GOMF_HYDROLASE_ACTIVITY_ACTING_ON_CARBON_NITROGEN_BUT_NOT_PEPTIDE_BONDS_IN_CYCLIC_AMIDES	15		Rejected!	
GOMF_HYDROLASE_ACTIVITY_ACTING_ON_CARBON_NITROGEN_BUT_NOT_PEPTIDE_BONDS_IN_LINEAR_AMIDINES	10		Rejected!	
GOMF_HYDROLASE_ACTIVITY_ACTING_ON_CARBON_NITROGEN_BUT_NOT_PEPTIDE_BONDS_IN_CYCLIC_AMIDINES	36	19		
GOMF_HYDROLASE_ACTIVITY_ACTING_ON_ACID_ANHYDRIDES	729	483		
GOMF_LYASE_ACTIVITY	199	99		
GOMF_CARBON_CARBON_LYASE_ACTIVITY	52	32		
GOMF_CARBOXY_LYASE_ACTIVITY	34	20		
GOMF_ALDEHYDE_LYASE_ACTIVITY	9		Rejected!	
GOMF_OXO_ACID_LYASE_ACTIVITY	7		Rejected!	
GOMF_CARBON_OXYGEN_LYASE_ACTIVITY	80	39		
GOMF_HYDRO_LYASE_ACTIVITY	64	26		
GOMF_CARBON_NITROGEN_LYASE_ACTIVITY	13		Rejected!	
GOMF_AMMONIA_LYASE_ACTIVITY	5		Rejected!	
GOMF_AMIDINE_LYASE_ACTIVITY	7		Rejected!	
GOMF_CARBON_SULFUR_LYASE_ACTIVITY	16		Rejected!	
GOMF_PHOSPHORUS_OXYGEN_LYASE_ACTIVITY	23		Rejected!	
GOMF_ISOMERASE_ACTIVITY	165	115		
GOMF_RACEMASE_AND_EPIMERASE_ACTIVITY	18		Rejected!	
GOMF_RACEMASE_AND_EPIMERASE_ACTIVITY_ACTING_ON_CARBOHYDRATES_AND_DERIVATIVES	11		Rejected!	
GOMF_CIS_TRANS_ISOMERASE_ACTIVITY	46	29		
GOMF_INTRAMOLECULAR_OXIDOREDUCTASE_ACTIVITY	53	37		
GOMF_INTRAMOLECULAR_OXIDOREDUCTASE_ACTIVITY_INTERCONVERTING_ALDOSES_AND_KETOSES	8		Rejected!	
GOMF_INTRAMOLECULAR_OXIDOREDUCTASE_ACTIVITY_TRANSPOSING_C_C_BONDS	15		Rejected!	
GOMF_INTRAMOLECULAR_TRANSFERASE_ACTIVITY	28	23		
GOMF_INTRAMOLECULAR_TRANSFERASE_ACTIVITY_PHOSPHOTRANSFERASES	11		Rejected!	
GOMF_LIGASE_ACTIVITY	168	100		
GOMF_LIGASE_ACTIVITY_FORMING_CARBON_OXYGEN_BONDS	41	22		
GOMF_LIGASE_ACTIVITY_FORMING_CARBON_SULFUR_BONDS	41	27		
GOMF_ACID_THIOL_LIGASE_ACTIVITY	31	17		
GOMF_LIGASE_ACTIVITY_FORMING_CARBON_NITROGEN_BONDS	50	35		
GOMF_ACID_AMINO_ACID_LIGASE_ACTIVITY	23	16		
GOMF_CARBON_NITROGEN_LIGASE_ACTIVITY_WITH_GLUTAMINE_AS_AMIDO_N_DONOR	10		Rejected!	
GOMF_LIGASE_ACTIVITY_FORMING_CARBON_CARBON_BONDS	7		Rejected!	
GOMF_LIGASE_ACTIVITY_FORMING_PHOSPHORIC_ESTER_BONDS	5		Rejected!	
GOMF_ATP_HYDROLYSIS_ACTIVITY	330	244		
GOMF_ENDODEOXYRIBONUCLEASE_ACTIVITY_PRODUCING_5_PHOSPHOMONOESTERS	15		Rejected!	
GOMF_ENDODEOXYRIBONUCLEASE_ACTIVITY_PRODUCING_3_PHOSPHOMONOESTERS	9		Rejected!	
GOMF_ENDORIBONUCLEASE_ACTIVITY_PRODUCING_5_PHOSPHOMONOESTERS	31	27		
GOMF_ENDORIBONUCLEASE_ACTIVITY_PRODUCING_3_PHOSPHOMONOESTERS	7		Rejected!	
GOMF_ENDONUCLEASE_ACTIVITY_ACTIVE_WITH_EITHER_RIBO_OR_DEOXYRIBONUCLEIC_ACIDS_AND_PRODUCING_5_PHOSPHOMONOESTERS	41	36		
GOMF_ENDONUCLEASE_ACTIVITY_ACTIVE_WITH_EITHER_RIBO_OR_DEOXYRIBONUCLEIC_ACIDS_AND_PRODUCING_3_PHOSPHOMONOESTERS	16		Rejected!	
GOMF_EXORIBONUCLEASE_ACTIVITY_PRODUCING_5_PHOSPHOMONOESTERS	38	36		
GOMF_OXIDOREDUCTASE_ACTIVITY_ACTING_ON_THE_ALDEHYDE_OR_OXO_GROUP_OF_DONORS	46	26		
GOMF_G_PROTEIN_COUPLED_ACETYLCHOLINE_RECEPTOR_ACTIVITY	7		Rejected!	
GOMF_GABA_RECEPTOR_ACTIVITY	22		Rejected!	
GOMF_RETINAL_BINDING	19		Rejected!	
GOMF_NUCLEAR_RECEPTOR_BINDING	139	107		
GOMF_SUMO_SPECIFIC_PROTEASE_ACTIVITY	9		Rejected!	
GOMF_GALACTOSIDE_BINDING	8		Rejected!	
GOMF_THIOL_OXIDASE_ACTIVITY	6		Rejected!	
GOMF_ACTIVIN_ACTIVATED_RECEPTOR_ACTIVITY	10		Rejected!	
GOMF_MAP_KINASE_TYROSINE_SERINE_THREONINE_PHOSPHATASE_ACTIVITY	13		Rejected!	
GOMF_MYOSIN_BINDING	72	40		
GOMF_TBP_CLASS_PROTEIN_BINDING	25	23		
GOMF_N_ACYLSPHINGOSINE_AMIDOHYDROLASE_ACTIVITY	7		Rejected!	
GOMF_PEPTIDE_HORMONE_BINDING	52		Rejected!	
GOMF_STRUCTURAL_CONSTITUENT_OF_NUCLEAR_PORE	28	21		
GOMF_SNRNA_BINDING	54	42		
GOMF_U6_SNRNA_BINDING	16		Rejected!	
GOMF_SYNTAXIN_1_BINDING	20		Rejected!	
GOMF_OXIDATIVE_PHOSPHORYLATION_UNCOUPLER_ACTIVITY	5		Rejected!	
GOMF_SODIUM_CHANNEL_REGULATOR_ACTIVITY	40	17		
GOMF_CHLORIDE_CHANNEL_REGULATOR_ACTIVITY	17		Rejected!	
GOMF_4_GALACTOSYL_N_ACETYLGLUCOSAMINIDE_3_ALPHA_L_FUCOSYLTRANSFERASE_ACTIVITY	6		Rejected!	
GOMF_NUCLEOSIDE_DIPHOSPHATASE_ACTIVITY	15		Rejected!	
GOMF_SINGLE_STRANDED_DNA_HELICASE_ACTIVITY	23	23		
GOMF_SH3_DOMAIN_BINDING	125	80		
GOMF_PHOSPHOLIPID_SCRAMBLASE_ACTIVITY	14		Rejected!	
GOMF_TRIGLYCERIDE_BINDING	5		Rejected!	
GOMF_FIBROBLAST_GROWTH_FACTOR_BINDING	23		Rejected!	
GOMF_WNT_PROTEIN_BINDING	30		Rejected!	
GOMF_DEAD_H_BOX_RNA_HELICASE_BINDING	8		Rejected!	
GOMF_SEMAPHORIN_RECEPTOR_ACTIVITY	12		Rejected!	
GOMF_ARYL_HYDROCARBON_RECEPTOR_BINDING	9		Rejected!	
GOMF_VINCULIN_BINDING	12		Rejected!	
GOMF_CDP_ALCOHOL_PHOSPHATIDYLTRANSFERASE_ACTIVITY	8		Rejected!	
GOMF_SERINE_HYDROLASE_ACTIVITY	198	56		
GOMF_PHOSPHATIDYLINOSITOL_N_ACETYLGLUCOSAMINYLTRANSFERASE_ACTIVITY	5		Rejected!	
GOMF_HISTONE_LYSINE_N_METHYLTRANSFERASE_ACTIVITY	44	36		
GOMF_ALCOHOL_DEHYDROGENASE_NAD_P_PLUS_ACTIVITY	10		Rejected!	
GOMF_ALKANE_1_MONOOXYGENASE_ACTIVITY	5		Rejected!	
GOMF_3_HYDROXYACYL_COA_DEHYDRATASE_ACTIVITY	5		Rejected!	
GOMF_GUANYL_NUCLEOTIDE_BINDING	402	240		
GOMF_GDP_BINDING	73	47		
GOMF_PYRIMIDINE_NUCLEOTIDE_BINDING	6		Rejected!	
GOMF_DNA_N_GLYCOSYLASE_ACTIVITY	14		Rejected!	
GOMF_MYRISTOYLTRANSFERASE_ACTIVITY	11		Rejected!	
GOMF_DEOXYNUCLEOSIDE_KINASE_ACTIVITY	5		Rejected!	
GOMF_TRANSMEMBRANE_RECEPTOR_PROTEIN_PHOSPHATASE_ACTIVITY	17		Rejected!	
GOMF_TRANSMEMBRANE_RECEPTOR_PROTEIN_KINASE_ACTIVITY	83	23		
GOMF_CARBOHYDRATE_KINASE_ACTIVITY	21	18		
GOMF_CARBOHYDRATE_PHOSPHATASE_ACTIVITY	10		Rejected!	
GOMF_NUCLEOBASE_CONTAINING_COMPOUND_KINASE_ACTIVITY	42	30		
GOMF_NUCLEOSIDE_KINASE_ACTIVITY	9		Rejected!	
GOMF_KINASE_REGULATOR_ACTIVITY	235	160		
GOMF_PHOSPHATASE_REGULATOR_ACTIVITY	111	68		
GOMF_KINASE_ACTIVATOR_ACTIVITY	110	72		
GOMF_KINASE_INHIBITOR_ACTIVITY	74	49		
GOMF_PHOSPHATASE_ACTIVATOR_ACTIVITY	23	15		
GOMF_PHOSPHATASE_INHIBITOR_ACTIVITY	49	23		
GOMF_DEACETYLASE_ACTIVITY	38	30		
GOMF_INTERMEDIATE_FILAMENT_BINDING	13		Rejected!	
GOMF_CENTROMERIC_DNA_BINDING	6		Rejected!	
GOMF_CYCLOHYDROLASE_ACTIVITY	5		Rejected!	
GOMF_DEAMINASE_ACTIVITY	33	17		
GOMF_OXALATE_TRANSMEMBRANE_TRANSPORTER_ACTIVITY	10		Rejected!	
GOMF_TOXIN_TRANSMEMBRANE_TRANSPORTER_ACTIVITY	9		Rejected!	
GOMF_IMMUNOGLOBULIN_RECEPTOR_ACTIVITY	7		Rejected!	
GOMF_UBIQUITIN_LIKE_PROTEIN_SPECIFIC_PROTEASE_ACTIVITY	135	91		
GOMF_NEDD8_SPECIFIC_PROTEASE_ACTIVITY	6		Rejected!	
GOMF_UBIQUITIN_LIKE_PROTEIN_TRANSFERASE_ACTIVITY	456	313		
GOMF_NEDD8_TRANSFERASE_ACTIVITY	6		Rejected!	
GOMF_SUMO_TRANSFERASE_ACTIVITY	23	18		
GOMF_PROCOLLAGEN_PROLINE_DIOXYGENASE_ACTIVITY	8		Rejected!	
GOMF_OXYGEN_BINDING	39		Rejected!	
GOMF_OXYGEN_SENSOR_ACTIVITY	5		Rejected!	
GOMF_ASPARTIC_TYPE_ENDOPEPTIDASE_INHIBITOR_ACTIVITY	7		Rejected!	
GOMF_ATPASE_COUPLED_CATION_TRANSMEMBRANE_TRANSPORTER_ACTIVITY	45	24		
GOMF_PHOSPHOLIPASE_A2_INHIBITOR_ACTIVITY	6		Rejected!	
GOMF_GROWTH_FACTOR_BINDING	140	51		
GOMF_ISOPRENOID_BINDING	45		Rejected!	
GOMF_RETINOL_BINDING	16		Rejected!	
GOMF_VITAMIN_BINDING	149	71		
GOMF_RRNA_BINDING	66	58		
GOMF_CALCIUM_CHANNEL_INHIBITOR_ACTIVITY	12		Rejected!	
GOMF_IGE_BINDING	5		Rejected!	
GOMF_IGG_BINDING	11		Rejected!	
GOMF_IMMUNOGLOBULIN_BINDING	24		Rejected!	
GOMF_CHLORIDE_CHANNEL_INHIBITOR_ACTIVITY	10		Rejected!	
GOMF_POTASSIUM_CHANNEL_INHIBITOR_ACTIVITY	9		Rejected!	
GOMF_SODIUM_CHANNEL_INHIBITOR_ACTIVITY	8		Rejected!	
GOMF_PROTEIN_PHOSPHATASE_REGULATOR_ACTIVITY	93	54		
GOMF_KINESIN_BINDING	42	29		
GOMF_KINASE_BINDING	754	497		
GOMF_PHOSPHATASE_BINDING	193	127		
GOMF_PROTEIN_PHOSPHATASE_BINDING	148	95		
GOMF_PROTEIN_DOMAIN_SPECIFIC_BINDING	687	433		
GOMF_SYNTAXIN_BINDING	71	43		
GOMF_STRUCTURAL_CONSTITUENT_OF_MYELIN_SHEATH	9		Rejected!	
GOMF_CYTOKINE_BINDING	142	65		
GOMF_CHEMOKINE_BINDING	33	18		
GOMF_C_C_CHEMOKINE_BINDING	24		Rejected!	
GOMF_C_X_C_CHEMOKINE_BINDING	5		Rejected!	
GOMF_C_X3_C_CHEMOKINE_BINDING	5		Rejected!	
GOMF_INTERLEUKIN_1_BINDING	10		Rejected!	
GOMF_DIACYLGLYCEROL_BINDING	14		Rejected!	
GOMF_PASSIVE_TRANSMEMBRANE_TRANSPORTER_ACTIVITY	485	109		
GOMF_ACTIVE_TRANSMEMBRANE_TRANSPORTER_ACTIVITY	406	196		
GOMF_POTASSIUM_ION_ANTIPORTER_ACTIVITY	16		Rejected!	
GOMF_WIDE_PORE_CHANNEL_ACTIVITY	30		Rejected!	
GOMF_VOLTAGE_GATED_CHANNEL_ACTIVITY	203	37		
GOMF_TRANSMITTER_GATED_CHANNEL_ACTIVITY	60		Rejected!	
GOMF_GATED_CHANNEL_ACTIVITY	342	68		
GOMF_ION_GATED_CHANNEL_ACTIVITY	45		Rejected!	
GOMF_POTASSIUM_ION_LEAK_CHANNEL_ACTIVITY	16		Rejected!	
GOMF_NARROW_PORE_CHANNEL_ACTIVITY	19		Rejected!	
GOMF_VOLTAGE_GATED_CATION_CHANNEL_ACTIVITY	144	21		
GOMF_ACETYLCHOLINE_GATED_CATION_SELECTIVE_CHANNEL_ACTIVITY	16		Rejected!	
GOMF_GLUTAMATE_GATED_CALCIUM_ION_CHANNEL_ACTIVITY	5		Rejected!	
GOMF_SEROTONIN_GATED_CATION_SELECTIVE_CHANNEL_ACTIVITY	5		Rejected!	
GOMF_GABA_GATED_CHLORIDE_ION_CHANNEL_ACTIVITY	13		Rejected!	
GOMF_ACTIVE_ION_TRANSMEMBRANE_TRANSPORTER_ACTIVITY	266	111		
GOMF_ALANINE_TRANSMEMBRANE_TRANSPORTER_ACTIVITY	12		Rejected!	
GOMF_MACROMOLECULE_TRANSMEMBRANE_TRANSPORTER_ACTIVITY	27	22		
GOMF_SERINE_TRANSMEMBRANE_TRANSPORTER_ACTIVITY	11		Rejected!	
GOMF_MHC_PROTEIN_COMPLEX_BINDING	36		Rejected!	
GOMF_MHC_CLASS_I_PROTEIN_COMPLEX_BINDING	6		Rejected!	
GOMF_MHC_CLASS_II_PROTEIN_COMPLEX_BINDING	27		Rejected!	
GOMF_MHC_CLASS_IB_PROTEIN_BINDING	8		Rejected!	
GOMF_EXTRACELLULAR_MATRIX_STRUCTURAL_CONSTITUENT_CONFERRING_TENSILE_STRENGTH	41		Rejected!	
GOMF_EXTRACELLULAR_MATRIX_STRUCTURAL_CONSTITUENT_CONFERRING_COMPRESSION_RESISTANCE	22		Rejected!	
GOMF_EXTRACELLULAR_MATRIX_CONSTITUENT_CONFERRING_ELASTICITY	9		Rejected!	
GOMF_MANGANESE_ION_BINDING	65	46		
GOMF_BENZODIAZEPINE_RECEPTOR_BINDING	5		Rejected!	
GOMF_SIGNALING_RECEPTOR_COMPLEX_ADAPTOR_ACTIVITY	50	33		
GOMF_PDZ_DOMAIN_BINDING	83	41		
GOMF_LOW_DENSITY_LIPOPROTEIN_PARTICLE_BINDING	18		Rejected!	
GOMF_SEMAPHORIN_RECEPTOR_BINDING	23		Rejected!	
GOMF_LIPOPROTEIN_PARTICLE_RECEPTOR_ACTIVITY	18		Rejected!	
GOMF_ENZYME_REGULATOR_ACTIVITY	1235		Rejected!	
GOMF_NITRIC_OXIDE_SYNTHASE_REGULATOR_ACTIVITY	7		Rejected!	
GOMF_CARBOHYDRATE_BINDING	270	96		
GOMF_POLYSACCHARIDE_BINDING	25		Rejected!	
GOMF_GUANYLATE_CYCLASE_REGULATOR_ACTIVITY	8		Rejected!	
GOMF_LIM_DOMAIN_BINDING	7		Rejected!	
GOMF_LRR_DOMAIN_BINDING	16		Rejected!	
GOMF_CLATHRIN_BINDING	69	40		
GOMF_STRUCTURAL_CONSTITUENT_OF_SKIN_EPIDERMIS	15		Rejected!	
GOMF_TESTOSTERONE_DEHYDROGENASE_NAD_P_ACTIVITY	11		Rejected!	
GOMF_PROTEIN_SERINE_THREONINE_KINASE_INHIBITOR_ACTIVITY	33	20		
GOMF_PROTEIN_TYROSINE_KINASE_INHIBITOR_ACTIVITY	6		Rejected!	
GOMF_PROTEIN_TYROSINE_KINASE_ACTIVATOR_ACTIVITY	20		Rejected!	
GOMF_TRANSMEMBRANE_RECEPTOR_PROTEIN_TYROSINE_KINASE_ACTIVATOR_ACTIVITY	8		Rejected!	
GOMF_ESTROGEN_RECEPTOR_BINDING	39	28		
GOMF_CYCLIN_BINDING	34	23		
GOMF_STRUCTURAL_CONSTITUENT_OF_TOOTH_ENAMEL	6		Rejected!	
GOMF_PROTEIN_PHOSPHATASE_2B_BINDING	7		Rejected!	
GOMF_INTERLEUKIN_17_RECEPTOR_ACTIVITY	8		Rejected!	
GOMF_TRANSLATION_REPRESSOR_ACTIVITY	26	20		
GOMF_NUCLEAR_RECEPTOR_COACTIVATOR_ACTIVITY	56	51		
GOMF_HEMOGLOBIN_BINDING	9		Rejected!	
GOMF_ANKYRIN_BINDING	19		Rejected!	
GOMF_SPECTRIN_BINDING	26		Rejected!	
GOMF_SNORNA_BINDING	32	30		
GOMF_TRIPLET_CODON_AMINO_ACID_ADAPTOR_ACTIVITY	6		Rejected!	
GOMF_HSP70_PROTEIN_BINDING	43	30		
GOMF_SIGNALING_RECEPTOR_REGULATOR_ACTIVITY	543	89		
GOMF_SIGNALING_RECEPTOR_INHIBITOR_ACTIVITY	43		Rejected!	
GOMF_ACETYLCHOLINE_RECEPTOR_INHIBITOR_ACTIVITY	7		Rejected!	
GOMF_CYCLIC_NUCLEOTIDE_BINDING	38	15		
GOMF_CAMP_BINDING	23		Rejected!	
GOMF_CGMP_BINDING	16		Rejected!	
GOMF_ADENYL_NUCLEOTIDE_BINDING	1551		Rejected!	
GOMF_NEUROTRANSMITTER_RECEPTOR_ACTIVITY	111		Rejected!	
GOMF_U1_SNRNA_BINDING	8		Rejected!	
GOMF_U2_SNRNA_BINDING	6		Rejected!	
GOMF_U4_SNRNA_BINDING	9		Rejected!	
GOMF_PRE_MRNA_5_SPLICE_SITE_BINDING	18		Rejected!	
GOMF_PRE_MRNA_3_SPLICE_SITE_BINDING	6		Rejected!	
GOMF_PROTEIN_MACROMOLECULE_ADAPTOR_ACTIVITY	306	206		
GOMF_GTP_DEPENDENT_PROTEIN_BINDING	22	16		
GOMF_BETA_2_MICROGLOBULIN_BINDING	9		Rejected!	
GOMF_LIPID_ANTIGEN_BINDING	5		Rejected!	
GOMF_TPR_DOMAIN_BINDING	6		Rejected!	
GOMF_MITOCHONDRION_TARGETING_SEQUENCE_BINDING	5		Rejected!	
GOMF_POTASSIUM_ION_BINDING	12		Rejected!	
GOMF_TAT_PROTEIN_BINDING	10		Rejected!	
GOMF_RECEPTOR_TYROSINE_KINASE_BINDING	76	40		
GOMF_THIAMINE_PYROPHOSPHATE_BINDING	8		Rejected!	
GOMF_MISMATCHED_DNA_BINDING	14		Rejected!	
GOMF_FILAMIN_BINDING	14		Rejected!	
GOMF_TROPONIN_I_BINDING	5		Rejected!	
GOMF_HEAT_SHOCK_PROTEIN_BINDING	125	93		
GOMF_HISTONE_DEACETYLASE_ACTIVITY_H3_K14_SPECIFIC	10		Rejected!	
GOMF_PHOSPHATIDYLCHOLINE_BINDING	32	18		
GOMF_TRANSLATION_INITIATION_FACTOR_BINDING	32	27		
GOMF_PROTEIN_TAG	13		Rejected!	
GOMF_SODIUM_ION_BINDING	7		Rejected!	
GOMF_CHLORIDE_ION_BINDING	13		Rejected!	
GOMF_CARBOXYLIC_ACID_BINDING	183	62		
GOMF_L_ASCORBIC_ACID_BINDING	20	16		
GOMF_COBALAMIN_BINDING	10		Rejected!	
GOMF_ALKALI_METAL_ION_BINDING	17		Rejected!	
GOMF_TITIN_BINDING	13		Rejected!	
GOMF_TELETHONIN_BINDING	7		Rejected!	
GOMF_MITOGEN_ACTIVATED_PROTEIN_KINASE_KINASE_BINDING	9		Rejected!	
GOMF_MITOGEN_ACTIVATED_PROTEIN_KINASE_KINASE_KINASE_BINDING	17		Rejected!	
GOMF_MYOSIN_V_BINDING	16		Rejected!	
GOMF_CHROMATIN_DNA_BINDING	105	67		
GOMF_NUCLEOSOME_BINDING	67	43		
GOMF_NUCLEOSOMAL_DNA_BINDING	40	22		
GOMF_PEPTIDYL_PROLINE_DIOXYGENASE_ACTIVITY	12		Rejected!	
GOMF_PEPTIDYL_PROLINE_4_DIOXYGENASE_ACTIVITY	8		Rejected!	
GOMF_POLYUBIQUITIN_MODIFICATION_DEPENDENT_PROTEIN_BINDING	53	44		
GOMF_UBIQUITIN_CONJUGATING_ENZYME_BINDING	32	20		
GOMF_OPIOID_RECEPTOR_BINDING	7		Rejected!	
GOMF_G_PROTEIN_BETA_SUBUNIT_BINDING	20		Rejected!	
GOMF_G_PROTEIN_BETA_GAMMA_SUBUNIT_COMPLEX_BINDING	22		Rejected!	
GOMF_ADENOSINE_RECEPTOR_BINDING	5		Rejected!	
GOMF_ADRENERGIC_RECEPTOR_BINDING	18		Rejected!	
GOMF_ALPHA_2A_ADRENERGIC_RECEPTOR_BINDING	5		Rejected!	
GOMF_BETA_2_ADRENERGIC_RECEPTOR_BINDING	6		Rejected!	
GOMF_ANGIOTENSIN_RECEPTOR_BINDING	7		Rejected!	
GOMF_HAPTOGLOBIN_BINDING	10		Rejected!	
GOMF_HEMOGLOBIN_ALPHA_BINDING	5		Rejected!	
GOMF_CCR1_CHEMOKINE_RECEPTOR_BINDING	5		Rejected!	
GOMF_CCR2_CHEMOKINE_RECEPTOR_BINDING	7		Rejected!	
GOMF_CCR3_CHEMOKINE_RECEPTOR_BINDING	5		Rejected!	
GOMF_CCR5_CHEMOKINE_RECEPTOR_BINDING	7		Rejected!	
GOMF_CCR6_CHEMOKINE_RECEPTOR_BINDING	8		Rejected!	
GOMF_D1_DOPAMINE_RECEPTOR_BINDING	7		Rejected!	
GOMF_MELANOCORTIN_RECEPTOR_BINDING	5		Rejected!	
GOMF_TYPE_5_METABOTROPIC_GLUTAMATE_RECEPTOR_BINDING	6		Rejected!	
GOMF_G_PROTEIN_COUPLED_SEROTONIN_RECEPTOR_BINDING	5		Rejected!	
GOMF_OLFACTORY_RECEPTOR_BINDING	6		Rejected!	
GOMF_MEDIUM_CHAIN_FATTY_ACID_COA_LIGASE_ACTIVITY	9		Rejected!	
GOMF_VERY_LONG_CHAIN_FATTY_ACID_COA_LIGASE_ACTIVITY	10		Rejected!	
GOMF_INSULIN_LIKE_GROWTH_FACTOR_I_BINDING	13		Rejected!	
GOMF_INSULIN_LIKE_GROWTH_FACTOR_II_BINDING	8		Rejected!	
GOMF_THIOESTERASE_BINDING	11		Rejected!	
GOMF_MYOSIN_LIGHT_CHAIN_BINDING	8		Rejected!	
GOMF_MYOSIN_HEAVY_CHAIN_BINDING	13		Rejected!	
GOMF_CLATHRIN_HEAVY_CHAIN_BINDING	9		Rejected!	
GOMF_CLATHRIN_LIGHT_CHAIN_BINDING	7		Rejected!	
GOMF_BILE_ACID_BINDING	11		Rejected!	
GOMF_DNA_INSERTION_OR_DELETION_BINDING	6		Rejected!	
GOMF_UBIQUITIN_LIKE_PROTEIN_BINDING	119	104		
GOMF_SUMO_BINDING	17		Rejected!	
GOMF_SUMO_POLYMER_BINDING	6		Rejected!	
GOMF_ACROSIN_BINDING	6		Rejected!	
GOMF_RIBOFLAVIN_TRANSMEMBRANE_TRANSPORTER_ACTIVITY	6		Rejected!	
GOMF_PHOSPHATIDYLINOSITOL_3_PHOSPHATE_BINDING	44	28		
GOMF_OXIDIZED_DNA_BINDING	11		Rejected!	
GOMF_MHC_CLASS_I_RECEPTOR_ACTIVITY	17		Rejected!	
GOMF_MHC_CLASS_IB_RECEPTOR_ACTIVITY	8		Rejected!	
GOMF_MHC_CLASS_II_RECEPTOR_ACTIVITY	10		Rejected!	
GOMF_INHIBITORY_MHC_CLASS_I_RECEPTOR_ACTIVITY	12		Rejected!	
GOMF_MISMATCH_REPAIR_COMPLEX_BINDING	11		Rejected!	
GOMF_MUTLALPHA_COMPLEX_BINDING	7		Rejected!	
GOMF_MUTSALPHA_COMPLEX_BINDING	7		Rejected!	
GOMF_DEMETHYLASE_ACTIVITY	40	32		
GOMF_HISTONE_H3_METHYL_LYSINE_4_DEMETHYLASE_ACTIVITY	9		Rejected!	
GOMF_HISTONE_H3_METHYL_LYSINE_9_DEMETHYLASE_ACTIVITY	13		Rejected!	
GOMF_RIBONUCLEOTIDE_BINDING	1905		Rejected!	
GOMF_GTPASE_ACTIVATING_PROTEIN_BINDING	15		Rejected!	
GOMF_TUMOR_NECROSIS_FACTOR_RECEPTOR_SUPERFAMILY_BINDING	49	34		
GOMF_STEROL_BINDING	60	41		
GOMF_MEMBRANE_INSERTASE_ACTIVITY	14		Rejected!	
GOMF_BITTER_TASTE_RECEPTOR_ACTIVITY	25		Rejected!	
GOMF_ACETYLCHOLINE_RECEPTOR_BINDING	13		Rejected!	
GOMF_CALMODULIN_DEPENDENT_PROTEIN_PHOSPHATASE_ACTIVITY	5		Rejected!	
GOMF_RIBONUCLEASE_P_RNA_BINDING	10		Rejected!	
GOMF_AMIDE_BINDING	409	181		
GOMF_MONOCARBOXYLIC_ACID_BINDING	89	24		
GOMF_DEHYDROASCORBIC_ACID_TRANSMEMBRANE_TRANSPORTER_ACTIVITY	8		Rejected!	
GOMF_MAP_KINASE_PHOSPHATASE_ACTIVITY	18		Rejected!	
GOMF_PROTEIN_DEACETYLASE_ACTIVITY	23	22		
GOMF_RNA_STRAND_ANNEALING_ACTIVITY	5		Rejected!	
GOMF_RECEPTOR_SERINE_THREONINE_KINASE_BINDING	29		Rejected!	
GOMF_SIALIC_ACID_BINDING	22		Rejected!	
GOMF_STEROID_DEHYDROGENASE_ACTIVITY_ACTING_ON_THE_CH_OH_GROUP_OF_DONORS_NAD_OR_NADP_AS_ACCEPTOR	30		Rejected!	
GOMF_ATPASE_COUPLED_LIPID_TRANSMEMBRANE_TRANSPORTER_ACTIVITY	8		Rejected!	
GOMF_POLY_G_BINDING	8		Rejected!	
GOMF_DNA_POLYMERASE_ACTIVITY	31	28		
GOMF_APOLIPOPROTEIN_BINDING	18		Rejected!	
GOMF_APOLIPOPROTEIN_A_I_BINDING	5		Rejected!	
GOMF_APOLIPOPROTEIN_RECEPTOR_BINDING	6		Rejected!	
GOMF_PEPTIDE_N_ACETYLTRANSFERASE_ACTIVITY	48	40		
GOMF_GPI_ANCHOR_BINDING	8		Rejected!	
GOMF_PROTEIN_KINASE_A_CATALYTIC_SUBUNIT_BINDING	13		Rejected!	
GOMF_PROTEIN_KINASE_A_REGULATORY_SUBUNIT_BINDING	25	15		
GOMF_SHORT_CHAIN_CARBOXYLESTERASE_ACTIVITY	6		Rejected!	
GOMF_UBIQUITIN_UBIQUITIN_LIGASE_ACTIVITY	13		Rejected!	
GOMF_DYNACTIN_BINDING	12		Rejected!	
GOMF_CHONDROITIN_SULFOTRANSFERASE_ACTIVITY	6		Rejected!	
GOMF_HEPARAN_SULFATE_SULFOTRANSFERASE_ACTIVITY	15		Rejected!	
GOMF_PHOSPHATIDYLINOSITOL_3_4_5_TRISPHOSPHATE_5_PHOSPHATASE_ACTIVITY	7		Rejected!	
GOMF_U3_SNORNA_BINDING	11		Rejected!	
GOMF_BOX_H_ACA_SNORNA_BINDING	5		Rejected!	
GOMF_PIRNA_BINDING	5		Rejected!	
GOMF_PHOSPHATIDYLINOSITOL_BISPHOSPHATE_PHOSPHATASE_ACTIVITY	26	21		
GOMF_PHOSPHATIDYLINOSITOL_TRISPHOSPHATE_PHOSPHATASE_ACTIVITY	10		Rejected!	
GOMF_PHOSPHATIDYLINOSITOL_PHOSPHATE_5_PHOSPHATASE_ACTIVITY	13		Rejected!	
GOMF_PHOSPHATIDYLINOSITOL_PHOSPHATE_4_PHOSPHATASE_ACTIVITY	10		Rejected!	
GOMF_ARGININE_BINDING	9		Rejected!	
GOMF_GLUTATHIONE_TRANSMEMBRANE_TRANSPORTER_ACTIVITY	5		Rejected!	
GOMF_HISTONE_H3_TRI_DI_MONOMETHYL_LYSINE_4_DEMETHYLASE_ACTIVITY	6		Rejected!	
GOMF_INHIBIN_BINDING	6		Rejected!	
GOMF_TYPE_I_TRANSFORMING_GROWTH_FACTOR_BETA_RECEPTOR_BINDING	10		Rejected!	
GOMF_NAD_DEPENDENT_PROTEIN_DEACETYLASE_ACTIVITY	17	16		
GOMF_IMMUNOGLOBULIN_RECEPTOR_BINDING	73		Rejected!	
GOMF_PHOSPHATIDYLINOSITOL_3_KINASE_ACTIVITY	12		Rejected!	
GOMF_1_PHOSPHATIDYLINOSITOL_4_PHOSPHATE_3_KINASE_ACTIVITY	7		Rejected!	
GOMF_PHOSPHATIDYLINOSITOL_3_KINASE_REGULATOR_ACTIVITY	19	16		
GOMF_HISTONE_DEACETYLASE_REGULATOR_ACTIVITY	5		Rejected!	
GOMF_HISTONE_ACETYLTRANSFERASE_BINDING	23	18		
GOMF_METHYLATED_HISTONE_BINDING	79	60		
GOMF_PHOSPHATIDYLINOSITOL_BINDING	273	174		
GOMF_HISTONE_KINASE_ACTIVITY	16		Rejected!	
GOMF_HISTONE_SERINE_KINASE_ACTIVITY	6		Rejected!	
GOMF_HISTONE_THREONINE_KINASE_ACTIVITY	7		Rejected!	
GOMF_SIRNA_BINDING	11		Rejected!	
GOMF_MIRNA_BINDING	34	23		
GOMF_DOPAMINE_BINDING	7		Rejected!	
GOMF_PROTEIN_ARGININE_OMEGA_N_MONOMETHYLTRANSFERASE_ACTIVITY	6		Rejected!	
GOMF_PROTEIN_ARGININE_OMEGA_N_ASYMMETRIC_METHYLTRANSFERASE_ACTIVITY	6		Rejected!	
GOMF_UDP_GLUCOSYLTRANSFERASE_ACTIVITY	11		Rejected!	
GOMF_UDP_XYLOSYLTRANSFERASE_ACTIVITY	11		Rejected!	
GOMF_GLUTAMATE_RECEPTOR_BINDING	41	18		
GOMF_IONOTROPIC_GLUTAMATE_RECEPTOR_BINDING	22		Rejected!	
GOMF_G_PROTEIN_COUPLED_GLUTAMATE_RECEPTOR_BINDING	11		Rejected!	
GOMF_GLUCOCORTICOID_RECEPTOR_BINDING	13		Rejected!	
GOMF_5_3_EXODEOXYRIBONUCLEASE_ACTIVITY	8		Rejected!	
GOMF_TOLL_LIKE_RECEPTOR_BINDING	13		Rejected!	
GOMF_CHONDROITIN_SULFATE_BINDING	10		Rejected!	
GOMF_ATP_GATED_ION_CHANNEL_ACTIVITY	9		Rejected!	
GOMF_LIPASE_BINDING	6		Rejected!	
GOMF_CAMP_RESPONSE_ELEMENT_BINDING	17		Rejected!	
GOMF_OXIDATIVE_RNA_DEMETHYLASE_ACTIVITY	5		Rejected!	
GOMF_NADH_PYROPHOSPHATASE_ACTIVITY	9		Rejected!	
GOMF_SIGNALING_ADAPTOR_ACTIVITY	81	54		
GOMF_GANGLIOSIDE_BINDING	5		Rejected!	
GOMF_AP_2_ADAPTOR_COMPLEX_BINDING	11		Rejected!	
GOMF_RNA_STEM_LOOP_BINDING	15		Rejected!	
GOMF_AP_1_ADAPTOR_COMPLEX_BINDING	5		Rejected!	
GOMF_TOLL_LIKE_RECEPTOR_4_BINDING	5		Rejected!	
GOMF_ENONE_REDUCTASE_ACTIVITY	5		Rejected!	
GOMF_OLIGOPEPTIDE_TRANSMEMBRANE_TRANSPORTER_ACTIVITY	11		Rejected!	
GOMF_LYSOPHOSPHATIDIC_ACID_BINDING	8		Rejected!	
GOMF_MRNA_3_UTR_AU_RICH_REGION_BINDING	26	21		
GOMF_PRE_MRNA_BINDING	56	28		
GOMF_LONG_CHAIN_FATTY_ACID_BINDING	15		Rejected!	
GOMF_LONG_CHAIN_FATTY_ACYL_COA_BINDING	7		Rejected!	
GOMF_BMP_BINDING	17		Rejected!	
GOMF_DTTP_DIPHOSPHATASE_ACTIVITY	5		Rejected!	
GOMF_ATP_DEPENDENT_DNA_DNA_ANNEALING_ACTIVITY	6		Rejected!	
GOMF_PHOSPHATIDYLINOSITOL_3_KINASE_REGULATORY_SUBUNIT_BINDING	10		Rejected!	
GOMF_PHOSPHATIDYLINOSITOL_3_KINASE_CATALYTIC_SUBUNIT_BINDING	5		Rejected!	
GOMF_GLUTATHIONE_HYDROLASE_ACTIVITY	9		Rejected!	
GOMF_PROTEASOME_ACTIVATING_ACTIVITY	6		Rejected!	
GOMF_K48_LINKED_POLYUBIQUITIN_MODIFICATION_DEPENDENT_PROTEIN_BINDING	10		Rejected!	
GOMF_CARGO_RECEPTOR_ACTIVITY	79	30		
GOMF_SPHINGOSINE_1_PHOSPHATE_RECEPTOR_ACTIVITY	8		Rejected!	
GOMF_COLLAGEN_RECEPTOR_ACTIVITY	6		Rejected!	
GOMF_VASCULAR_ENDOTHELIAL_GROWTH_FACTOR_BINDING	5		Rejected!	
GOMF_NODAL_BINDING	5		Rejected!	
GOMF_NEUREGULIN_BINDING	5		Rejected!	
GOMF_PATTERN_RECOGNITION_RECEPTOR_ACTIVITY	26		Rejected!	
GOMF_CO_RECEPTOR_BINDING	13		Rejected!	
GOMF_ATPASE_INHIBITOR_ACTIVITY	5		Rejected!	
GOMF_NEUREXIN_FAMILY_PROTEIN_BINDING	15		Rejected!	
GOMF_HISTONE_METHYLTRANSFERASE_ACTIVITY	59	47		
GOMF_CHEMOATTRACTANT_ACTIVITY	36		Rejected!	
GOMF_TELOMERIC_DNA_BINDING	38	34		
GOMF_NEUROTRANSMITTER_BINDING	17		Rejected!	
GOMF_ACETYLCHOLINE_BINDING	11		Rejected!	
GOMF_SH2_DOMAIN_BINDING	41	24		
GOMF_PEPTIDE_BINDING	327	128		
GOMF_MHC_PROTEIN_BINDING	42		Rejected!	
GOMF_MHC_CLASS_I_PROTEIN_BINDING	22		Rejected!	
GOMF_MHC_CLASS_II_PROTEIN_BINDING	6		Rejected!	
GOMF_PHOSPHATE_ION_BINDING	12		Rejected!	
GOMF_CHEMOKINE_RECEPTOR_BINDING	70		Rejected!	
GOMF_SPHINGOSINE_1_PHOSPHATE_PHOSPHATASE_ACTIVITY	7		Rejected!	
GOMF_HISTONE_BINDING	246	188		
GOMF_ASPARTIC_ENDOPEPTIDASE_ACTIVITY_INTRAMEMBRANE_CLEAVING	8		Rejected!	
GOMF_HORMONE_BINDING	87	26		
GOMF_LIPID_PHOSPHATASE_ACTIVITY	16		Rejected!	
GOMF_PHOSPHORIC_ESTER_HYDROLASE_ACTIVITY	373	228		
GOMF_PEPTIDE_ANTIGEN_BINDING	39		Rejected!	
GOMF_T_CELL_RECEPTOR_BINDING	10		Rejected!	
GOMF_CD4_RECEPTOR_BINDING	8		Rejected!	
GOMF_ATPASE_COUPLED_ION_TRANSMEMBRANE_TRANSPORTER_ACTIVITY	16		Rejected!	
GOMF_ATPASE_COUPLED_TRANSMEMBRANE_TRANSPORTER_ACTIVITY	107	54		
GOMF_HISTONE_METHYLTRANSFERASE_ACTIVITY_H4_K20_SPECIFIC	7		Rejected!	
GOMF_HISTONE_METHYLTRANSFERASE_ACTIVITY_H3_K4_SPECIFIC	17	16		
GOMF_IDENTICAL_PROTEIN_BINDING	1977		Rejected!	
GOMF_PROTEIN_HOMODIMERIZATION_ACTIVITY	687	382		
GOMF_ACTININ_BINDING	36		Rejected!	
GOMF_FUCOSE_BINDING	5		Rejected!	
GOMF_VITAMIN_D_RECEPTOR_BINDING	15	15		
GOMF_WNT_ACTIVATED_RECEPTOR_ACTIVITY	16		Rejected!	
GOMF_HISTONE_DEACETYLASE_BINDING	126	83		
GOMF_PEPTIDOGLYCAN_BINDING	18		Rejected!	
GOMF_AMIDE_TRANSMEMBRANE_TRANSPORTER_ACTIVITY	36	22		
GOMF_XENOBIOTIC_TRANSMEMBRANE_TRANSPORTER_ACTIVITY	30	15		
GOMF_NEUROPEPTIDE_BINDING	26		Rejected!	
GOMF_TRIPEPTIDE_TRANSMEMBRANE_TRANSPORTER_ACTIVITY	6		Rejected!	
GOMF_RETINOIC_ACID_RECEPTOR_BINDING	24	18		
GOMF_PEROXISOME_PROLIFERATOR_ACTIVATED_RECEPTOR_BINDING	9		Rejected!	
GOMF_ORNITHINE_DECARBOXYLASE_REGULATOR_ACTIVITY	5		Rejected!	
GOMF_ATP_DEPENDENT_PROTEIN_BINDING	8		Rejected!	
GOMF_ALPHA_TUBULIN_BINDING	39	21		
GOMF_GAMMA_TUBULIN_BINDING	33	24		
GOMF_RIBONUCLEOPROTEIN_COMPLEX_BINDING	150	130		
GOMF_RIBOSOME_BINDING	70	57		
GOMF_RIBOSOMAL_LARGE_SUBUNIT_BINDING	14		Rejected!	
GOMF_RIBOSOMAL_SMALL_SUBUNIT_BINDING	17	17		
GOMF_CYSTEINE_TYPE_ENDOPEPTIDASE_INHIBITOR_ACTIVITY_INVOLVED_IN_APOPTOTIC_PROCESS	22		Rejected!	
GOMF_CYSTEINE_TYPE_ENDOPEPTIDASE_REGULATOR_ACTIVITY_INVOLVED_IN_APOPTOTIC_PROCESS	40	22		
GOMF_CHROMATIN_INSULATOR_SEQUENCE_BINDING	5		Rejected!	
GOMF_SINGLE_STRANDED_TELOMERIC_DNA_BINDING	12		Rejected!	
GOMF_TUMOR_NECROSIS_FACTOR_BINDING	5		Rejected!	
GOMF_NEUROTROPHIN_BINDING	10		Rejected!	
GOMF_ERBB_3_CLASS_RECEPTOR_BINDING	5		Rejected!	
GOMF_UBIQUITIN_BINDING	100	88		
GOMF_3_5_DNA_HELICASE_ACTIVITY	15		Rejected!	
GOMF_5_3_DNA_HELICASE_ACTIVITY	10		Rejected!	
GOMF_RNA_POLYMERASE_CORE_ENZYME_BINDING	57	36		
GOMF_AMINE_BINDING	13		Rejected!	
GOMF_ORGANIC_ACID_BINDING	150	58		
GOMF_ALCOHOL_BINDING	89	47		
GOMF_VASCULAR_ENDOTHELIAL_GROWTH_FACTOR_RECEPTOR_2_BINDING	9		Rejected!	
GOMF_SULFATE_BINDING	6		Rejected!	
GOMF_GLYCOSPHINGOLIPID_BINDING	10		Rejected!	
GOMF_ATPASE_COUPLED_INORGANIC_ANION_TRANSMEMBRANE_TRANSPORTER_ACTIVITY	26		Rejected!	
GOMF_LAMININ_BINDING	27		Rejected!	
GOMF_LAMININ_1_BINDING	6		Rejected!	
GOMF_PHOSPHOLIPASE_BINDING	23		Rejected!	
GOMF_PHOSPHATIDYLINOSITOL_3_4_BISPHOSPHATE_BINDING	29	18		
GOMF_PROTEOGLYCAN_BINDING	36		Rejected!	
GOMF_HEPARAN_SULFATE_PROTEOGLYCAN_BINDING	18		Rejected!	
GOMF_PROTEIN_KINASE_B_BINDING	11		Rejected!	
GOMF_BHLH_TRANSCRIPTION_FACTOR_BINDING	31	17		
GOMF_MRF_BINDING	5		Rejected!	
GOMF_PROTEIN_MEMBRANE_ADAPTOR_ACTIVITY	26	15		
GOMF_KINETOCHORE_BINDING	6		Rejected!	
GOMF_LEUCINE_ZIPPER_DOMAIN_BINDING	11		Rejected!	
GOMF_ADP_BINDING	34	25		
GOMF_INOSITOL_1_3_4_5_TETRAKISPHOSPHATE_BINDING	5		Rejected!	
GOMF_PROTEIN_SERINE_THREONINE_KINASE_ACTIVATOR_ACTIVITY	53	38		
GOMF_MOLYBDOPTERIN_COFACTOR_BINDING	6		Rejected!	
GOMF_PHOSPHATIDYLINOSITOL_3_KINASE_BINDING	29	18		
GOMF_INSULIN_BINDING	5		Rejected!	
GOMF_INSULIN_RECEPTOR_SUBSTRATE_BINDING	10		Rejected!	
GOMF_SEQUENCE_SPECIFIC_DNA_BINDING	1680		Rejected!	
GOMF_PROTEIN_SELF_ASSOCIATION	63	37		
GOMF_PHOSPHATIDYLINOSITOL_3_5_BISPHOSPHATE_5_PHOSPHATASE_ACTIVITY	5		Rejected!	
GOMF_CYCLIC_NUCLEOTIDE_GATED_ION_CHANNEL_ACTIVITY	12		Rejected!	
GOMF_GLYCERALDEHYDE_3_PHOSPHATE_DEHYDROGENASE_NADPLUS_NON_PHOSPHORYLATING_ACTIVITY	7		Rejected!	
GOMF_PROTEIN_FOLDING_CHAPERONE	42	30		
GOMF_RETINOIC_ACID_RESPONSIVE_ELEMENT_BINDING	6		Rejected!	
GOMF_TRANSMEMBRANE_TRANSPORTER_BINDING	127	60		
GOMF_SMALL_PROTEIN_ACTIVATING_ENZYME_BINDING	5		Rejected!	
GOMF_UBIQUITIN_LIKE_PROTEIN_LIGASE_BINDING	317	247		
GOMF_UBIQUITIN_LIKE_PROTEIN_CONJUGATING_ENZYME_BINDING	38	26		
GOMF_S100_PROTEIN_BINDING	14		Rejected!	
GOMF_17_BETA_HYDROXYSTEROID_DEHYDROGENASE_NADPLUS_ACTIVITY	14		Rejected!	
GOMF_PROTEIN_CONTAINING_COMPLEX_BINDING	1273		Rejected!	
GOMF_G_PROTEIN_COUPLED_PURINERGIC_NUCLEOTIDE_RECEPTOR_ACTIVITY	14		Rejected!	
GOMF_BIOACTIVE_LIPID_RECEPTOR_ACTIVITY	16		Rejected!	
GOMF_MYOSIN_II_BINDING	13		Rejected!	
GOMF_TRANSLATION_REGULATOR_ACTIVITY	141	107		
GOMF_CXCR_CHEMOKINE_RECEPTOR_BINDING	18		Rejected!	
GOMF_ALPHA_CATENIN_BINDING	10		Rejected!	
GOMF_GAMMA_CATENIN_BINDING	13		Rejected!	
GOMF_CADHERIN_BINDING	334	229		
GOMF_PROTEIN_PHOSPHORYLATED_AMINO_ACID_BINDING	55	42		
GOMF_UNMETHYLATED_CPG_BINDING	8		Rejected!	
GOMF_CHEMOREPELLENT_ACTIVITY	28		Rejected!	
GOMF_DYNEIN_LIGHT_CHAIN_BINDING	10		Rejected!	
GOMF_DYNEIN_HEAVY_CHAIN_BINDING	14		Rejected!	
GOMF_DYNEIN_INTERMEDIATE_CHAIN_BINDING	36		Rejected!	
GOMF_SYNDECAN_BINDING	5		Rejected!	
GOMF_TRAIL_BINDING	5		Rejected!	
GOMF_INOSITOL_TRISPHOSPHATE_PHOSPHATASE_ACTIVITY	10		Rejected!	
GOMF_SMAD_BINDING	78	52		
GOMF_GLUCOSYLTRANSFERASE_ACTIVITY	20		Rejected!	
GOMF_SPHINGOLIPID_TRANSPORTER_ACTIVITY	19		Rejected!	
GOMF_SPHINGOLIPID_BINDING	29	18		
GOMF_NATURAL_KILLER_CELL_LECTIN_LIKE_RECEPTOR_BINDING	9		Rejected!	
GOMF_VIRION_BINDING	13		Rejected!	
GOMF_CADMIUM_ION_BINDING	5		Rejected!	
GOMF_METAL_ION_TRANSMEMBRANE_TRANSPORTER_ACTIVITY	429	132		
GOMF_EPHRIN_RECEPTOR_BINDING	28		Rejected!	
GOMF_TETRAPYRROLE_BINDING	149	38		
GOMF_ACYLTRANSFERASE_ACYL_GROUPS_CONVERTED_INTO_ALKYL_ON_TRANSFER	5		Rejected!	
GOMF_TRANSITION_METAL_ION_BINDING	1089		Rejected!	
GOMF_TRANSITION_METAL_ION_TRANSMEMBRANE_TRANSPORTER_ACTIVITY	38	26		
GOMF_ALPHA_1_3_FUCOSYLTRANSFERASE_ACTIVITY	8		Rejected!	
GOMF_ER_RETENTION_SEQUENCE_BINDING	5		Rejected!	
GOMF_PROTON_TRANSPORTING_ATP_SYNTHASE_ACTIVITY_ROTATIONAL_MECHANISM	17		Rejected!	
GOMF_PHOSPHATIDYLINOSITOL_4_5_BISPHOSPHATE_3_KINASE_ACTIVITY	7		Rejected!	
GOMF_1_PHOSPHATIDYLINOSITOL_3_KINASE_REGULATOR_ACTIVITY	16		Rejected!	
GOMF_RETINOID_X_RECEPTOR_BINDING	15		Rejected!	
GOMF_THYROID_HORMONE_RECEPTOR_BINDING	29	27		
GOMF_HISTONE_METHYLTRANSFERASE_ACTIVITY_H3_K9_SPECIFIC	10		Rejected!	
GOMF_HISTONE_METHYLTRANSFERASE_ACTIVITY_H3_K36_SPECIFIC	11		Rejected!	
GOMF_TAP_BINDING	8		Rejected!	
GOMF_TAP1_BINDING	5		Rejected!	
GOMF_PROTEIN_HETERODIMERIZATION_ACTIVITY	331	156		
GOMF_PROTEIN_DIMERIZATION_ACTIVITY	1055		Rejected!	
GOMF_5ALPHA_ANDROSTANE_3BETA_17BETA_DIOL_DEHYDROGENASE_ACTIVITY	6		Rejected!	
GOMF_TESTOSTERONE_DEHYDROGENASE_NADPLUS_ACTIVITY	8		Rejected!	
GOMF_ANDROSTAN_3_ALPHA_17_BETA_DIOL_DEHYDROGENASE_ACTIVITY	9		Rejected!	
GOMF_TESTOSTERONE_17_BETA_DEHYDROGENASE_NADPPLUS_ACTIVITY	8		Rejected!	
GOMF_KETOSTEROID_MONOOXYGENASE_ACTIVITY	5		Rejected!	
GOMF_PROTEIN_DISULFIDE_REDUCTASE_NAD_P_ACTIVITY	11		Rejected!	
GOMF_2_ACYLGLYCEROL_3_PHOSPHATE_O_ACYLTRANSFERASE_ACTIVITY	9		Rejected!	
GOMF_1_ACYLGLYCEROPHOSPHOCHOLINE_O_ACYLTRANSFERASE_ACTIVITY	8		Rejected!	
GOMF_GLUCURONOSYL_N_ACETYLGALACTOSAMINYL_PROTEOGLYCAN_4_BETA_N_ACETYLGALACTOSAMINYLTRANSFERASE_ACTIVITY	6		Rejected!	
GOMF_ACYLGLYCEROL_LIPASE_ACTIVITY	15		Rejected!	
GOMF_NUCLEOSIDE_TRIPHOSPHATE_DIPHOSPHATASE_ACTIVITY	11		Rejected!	
GOMF_PROTEIN_N_TERMINUS_BINDING	105	89		
GOMF_CALCIUM_DEPENDENT_PHOSPHOLIPASE_A2_ACTIVITY	16		Rejected!	
GOMF_CALCIUM_INDEPENDENT_PHOSPHOLIPASE_A2_ACTIVITY	9		Rejected!	
GOMF_3_5_CYCLIC_GMP_PHOSPHODIESTERASE_ACTIVITY	14		Rejected!	
GOMF_ADP_RIBOSE_DIPHOSPHATASE_ACTIVITY	6		Rejected!	
GOMF_ARACHIDONATE_COA_LIGASE_ACTIVITY	11		Rejected!	
GOMF_BUTYRATE_COA_LIGASE_ACTIVITY	9		Rejected!	
GOMF_D_THREO_ALDOSE_1_DEHYDROGENASE_ACTIVITY	18		Rejected!	
GOMF_DEOXYCYTIDINE_DEAMINASE_ACTIVITY	10		Rejected!	
GOMF_GLYCINE_N_ACYLTRANSFERASE_ACTIVITY	5		Rejected!	
GOMF_RECEPTOR_ANTAGONIST_ACTIVITY	32		Rejected!	
GOMF_CCR_CHEMOKINE_RECEPTOR_BINDING	46		Rejected!	
GOMF_MRNA_5_UTR_BINDING	27	20		
GOMF_MONOSACCHARIDE_BINDING	71	41		
GOMF_QUINONE_BINDING	17		Rejected!	
GOMF_UBIQUINONE_BINDING	6		Rejected!	
GOMF_TAU_PROTEIN_BINDING	43	34		
GOMF_ACTIVIN_BINDING	15		Rejected!	
GOMF_CXCR3_CHEMOKINE_RECEPTOR_BINDING	5		Rejected!	
GOMF_FLAP_ENDONUCLEASE_ACTIVITY	9		Rejected!	
GOMF_MITOGEN_ACTIVATED_PROTEIN_KINASE_P38_BINDING	6		Rejected!	
GOMF_CALCIUM_DEPENDENT_PROTEIN_BINDING	84	41		
GOMF_NERVE_GROWTH_FACTOR_BINDING	6		Rejected!	
GOMF_PLATELET_DERIVED_GROWTH_FACTOR_BINDING	11		Rejected!	
GOMF_BETA_TUBULIN_BINDING	41	31		
GOMF_ROUNDABOUT_BINDING	8		Rejected!	
GOMF_BETA_1_3_GALACTOSYLTRANSFERASE_ACTIVITY	17		Rejected!	
GOMF_LEUKOTRIENE_B4_20_MONOOXYGENASE_ACTIVITY	5		Rejected!	
GOMF_M7G_5_PPPN_DIPHOSPHATASE_ACTIVITY	12		Rejected!	
GOMF_NAD_P_PLUS_NUCLEOSIDASE_ACTIVITY	16		Rejected!	
GOMF_NUCLEOSIDE_MONOPHOSPHATE_KINASE_ACTIVITY	21		Rejected!	
GOMF_SPHINGOSINE_N_ACYLTRANSFERASE_ACTIVITY	7		Rejected!	
GOMF_TAU_PROTEIN_KINASE_ACTIVITY	22	17		
GOMF_TRANSFORMING_GROWTH_FACTOR_BETA_BINDING	24		Rejected!	
GOMF_ICOSANOID_BINDING	7		Rejected!	
GOMF_3_PHOSPHOADENOSINE_5_PHOSPHOSULFATE_BINDING	9		Rejected!	
GOMF_FLAVIN_ADENINE_DINUCLEOTIDE_BINDING	85	59		
GOMF_NADP_BINDING	53	31		
GOMF_OXIDOREDUCTASE_ACTIVITY_ACTING_ON_NAD_P_H_OXYGEN_AS_ACCEPTOR	15		Rejected!	
GOMF_ANDROGEN_RECEPTOR_BINDING	27	23		
GOMF_LBD_DOMAIN_BINDING	7		Rejected!	
GOMF_WW_DOMAIN_BINDING	32	16		
GOMF_CARD_DOMAIN_BINDING	16		Rejected!	
GOMF_LOW_DENSITY_LIPOPROTEIN_PARTICLE_RECEPTOR_BINDING	24		Rejected!	
GOMF_DOPAMINE_RECEPTOR_BINDING	14		Rejected!	
GOMF_RAGE_RECEPTOR_BINDING	10		Rejected!	
GOMF_GABA_RECEPTOR_BINDING	17		Rejected!	
GOMF_PHOSPHOSERINE_RESIDUE_BINDING	9		Rejected!	
GOMF_PYRUVATE_TRANSMEMBRANE_TRANSPORTER_ACTIVITY	5		Rejected!	
GOMF_CELL_ADHESION_MOLECULE_BINDING	558	298		
GOMF_EXTRACELLULAR_MATRIX_BINDING	55	18		
GOMF_QUATERNARY_AMMONIUM_GROUP_BINDING	40	23		
GOMF_NITRIC_OXIDE_SYNTHASE_BINDING	13		Rejected!	
GOMF_MICROTUBULE_PLUS_END_BINDING	21	19		
GOMF_MICROTUBULE_MINUS_END_BINDING	14		Rejected!	
GOMF_ACTIN_FILAMENT_BINDING	217	115		
GOMF_PROTEIN_KINASE_A_BINDING	51	28		
GOMF_MITOGEN_ACTIVATED_PROTEIN_KINASE_BINDING	28	22		
GOMF_GTPASE_BINDING	296	210		
GOMF_NF_KAPPAB_BINDING	30	28		
GOMF_UNFOLDED_PROTEIN_BINDING	121	88		
GOMF_CHAPERONE_BINDING	106	81		
GOMF_ATPASE_BINDING	82	56		
GOMF_SUGAR_TRANSMEMBRANE_TRANSPORTER_ACTIVITY	27		Rejected!	
GOMF_METAL_ION_PROTON_ANTIPORTER_ACTIVITY	15		Rejected!	
GOMF_DIOXYGENASE_ACTIVITY	94	62		
GOMF_PHOSPHOPROTEIN_BINDING	88	62		
GOMF_NAD_BINDING	54	41		
GOMF_MUSCLE_ALPHA_ACTININ_BINDING	15		Rejected!	
GOMF_FATZ_BINDING	5		Rejected!	
GOMF_EPINEPHRINE_BINDING	6		Rejected!	
GOMF_ALPHA_ACTININ_BINDING	28		Rejected!	
GOMF_BH_DOMAIN_BINDING	9		Rejected!	
GOMF_HORMONE_RECEPTOR_BINDING	31		Rejected!	
GOMF_PEPTIDE_HORMONE_RECEPTOR_BINDING	19		Rejected!	
GOMF_CORTICOTROPIN_RELEASING_HORMONE_RECEPTOR_BINDING	5		Rejected!	
GOMF_BH3_DOMAIN_BINDING	6		Rejected!	
GOMF_NFAT_PROTEIN_BINDING	6		Rejected!	
GOMF_2_IRON_2_SULFUR_CLUSTER_BINDING	24	19		
GOMF_4_IRON_4_SULFUR_CLUSTER_BINDING	41	38		
GOMF_METAL_CLUSTER_BINDING	67	57		
GOMF_5_DEOXYRIBOSE_5_PHOSPHATE_LYASE_ACTIVITY	5		Rejected!	
GOMF_PROTEIN_PHOSPHATASE_2A_BINDING	30	19		
GOMF_INOSITOL_TRISPHOSPHATE_KINASE_ACTIVITY	5		Rejected!	
GOMF_MISFOLDED_PROTEIN_BINDING	29	23		
GOMF_GLYCOLIPID_BINDING	29	17		
GOMF_HISTONE_H3_METHYL_LYSINE_36_DEMETHYLASE_ACTIVITY	10		Rejected!	
GOMF_HSP90_PROTEIN_BINDING	43	30		
GOMF_G_QUADRUPLEX_DNA_BINDING	11		Rejected!	
GOMF_PEROXIREDOXIN_ACTIVITY	8		Rejected!	
GOMF_DYNEIN_LIGHT_INTERMEDIATE_CHAIN_BINDING	27		Rejected!	
GOMF_PROTEIN_CARBOXYL_O_METHYLTRANSFERASE_ACTIVITY	6		Rejected!	
GOMF_PHOSPHATIDYLINOSITOL_3_5_BISPHOSPHATE_3_PHOSPHATASE_ACTIVITY	11		Rejected!	
GOMF_LYSOPHOSPHATIDIC_ACID_PHOSPHATASE_ACTIVITY	6		Rejected!	
GOMF_NADP_RETINOL_DEHYDROGENASE_ACTIVITY	14		Rejected!	
GOMF_INOSITOL_1_4_5_TRISPHOSPHATE_5_PHOSPHATASE_ACTIVITY	7		Rejected!	
GOMF_CARBOXYLIC_ESTER_HYDROLASE_ACTIVITY	150	63		
GOMF_PHOSPHATIDYLSERINE_1_ACYLHYDROLASE_ACTIVITY	11		Rejected!	
GOMF_PHOSPHATIDYLINOSITOL_KINASE_ACTIVITY	19	15		
GOMF_INOSITOL_TETRAKISPHOSPHATE_PHOSPHATASE_ACTIVITY	8		Rejected!	
GOMF_PHOSPHATIDYLINOSITOL_MONOPHOSPHATE_PHOSPHATASE_ACTIVITY	19	18		
GOMF_INOSITOL_PHOSPHATE_PHOSPHATASE_ACTIVITY	17	15		
GOMF_PHOSPHATIDYLINOSITOL_BISPHOSPHATE_KINASE_ACTIVITY	10		Rejected!	
GOMF_PHOSPHATIDYLINOSITOL_PHOSPHATE_PHOSPHATASE_ACTIVITY	34	28		
GOMF_D_GLUCOSE_TRANSMEMBRANE_TRANSPORTER_ACTIVITY	11		Rejected!	
GOMF_GAP_JUNCTION_HEMI_CHANNEL_ACTIVITY	6		Rejected!	
GOMF_LIPASE_INHIBITOR_ACTIVITY	18		Rejected!	
GOMF_UBIQUITIN_PROTEIN_TRANSFERASE_INHIBITOR_ACTIVITY	9		Rejected!	
GOMF_UBIQUITIN_PROTEIN_TRANSFERASE_REGULATOR_ACTIVITY	21	20		
GOMF_C3HC4_TYPE_RING_FINGER_DOMAIN_BINDING	6		Rejected!	
GOMF_MOLECULAR_TRANSDUCER_ACTIVITY	1528	302		
GOMF_MOLECULAR_ADAPTOR_ACTIVITY	377	241		
GOMF_PHOSPHATIDYLCHOLINE_STEROL_O_ACYLTRANSFERASE_ACTIVATOR_ACTIVITY	6		Rejected!	
GOMF_LIPASE_ACTIVATOR_ACTIVITY	16		Rejected!	
GOMF_NUCLEOSIDE_TRIPHOSPHATASE_REGULATOR_ACTIVITY	489	323		
GOMF_ATPASE_REGULATOR_ACTIVITY	13		Rejected!	
GOMF_ENDOPEPTIDASE_ACTIVATOR_ACTIVITY	13		Rejected!	
GOMF_PEPTIDASE_REGULATOR_ACTIVITY	228	77		
GOMF_ENDOPEPTIDASE_REGULATOR_ACTIVITY	192	58		
GOMF_L_ARGININE_TRANSMEMBRANE_TRANSPORTER_ACTIVITY	7		Rejected!	
GOMF_CYCLIN_DEPENDENT_PROTEIN_SERINE_THREONINE_KINASE_ACTIVATOR_ACTIVITY	13		Rejected!	
GOMF_LYS63_SPECIFIC_DEUBIQUITINASE_ACTIVITY	12		Rejected!	
GOMF_NUCLEAR_IMPORT_SIGNAL_RECEPTOR_ACTIVITY	19	16		
GOMF_RNA_POLYMERASE_II_SPECIFIC_DNA_BINDING_TRANSCRIPTION_FACTOR_BINDING	347	244		
GOMF_UBIQUITIN_LIKE_PROTEIN_CONJUGATING_ENZYME_ACTIVITY	39	31		
GOMF_UBIQUITIN_LIKE_PROTEIN_LIGASE_ACTIVITY	324	208		
GOMF_SUMO_LIGASE_ACTIVITY	11		Rejected!	
GOMF_IMPORTIN_ALPHA_FAMILY_PROTEIN_BINDING	9		Rejected!	
GOMF_PEPTIDE_LYSINE_N_ACETYLTRANSFERASE_ACTIVITY	40	34		
GOMF_PEPTIDOGLYCAN_MURALYTIC_ACTIVITY	14		Rejected!	
GOMF_REGULATORY_RNA_BINDING	47	29		
GOMF_D_LOOP_DNA_BINDING	5		Rejected!	
GOMF_RNA_2_O_METHYLTRANSFERASE_ACTIVITY	8		Rejected!	
GOMF_ASPARTIC_TYPE_PEPTIDASE_ACTIVITY	27		Rejected!	
GOMF_THREONINE_TYPE_PEPTIDASE_ACTIVITY	25	17		
GOMF_CYSTEINE_TYPE_EXOPEPTIDASE_ACTIVITY	5		Rejected!	
GOMF_METALLOAMINOPEPTIDASE_ACTIVITY	27	16		
GOMF_SERINE_TYPE_EXOPEPTIDASE_ACTIVITY	10		Rejected!	
GOMF_ARMADILLO_REPEAT_DOMAIN_BINDING	10		Rejected!	
GOMF_TELOMERASE_RNA_BINDING	22	21		
GOMF_FRUCTOSE_BINDING	6		Rejected!	
GOMF_RNA_POLYMERASE_BINDING	73	51		
GOMF_PROLINE_RICH_REGION_BINDING	17		Rejected!	
GOMF_CHROMO_SHADOW_DOMAIN_BINDING	6		Rejected!	
GOMF_FRUCTOSE_6_PHOSPHATE_BINDING	5		Rejected!	
GOMF_DELTA_CATENIN_BINDING	9		Rejected!	
GOMF_ISOPEPTIDASE_ACTIVITY	20	20		
GOMF_UBIQUITIN_LIKE_PROTEIN_SPECIFIC_ENDOPEPTIDASE_ACTIVITY	5		Rejected!	
GOMF_UBIQUITIN_LIKE_PROTEIN_SPECIFIC_ISOPEPTIDASE_ACTIVITY	6		Rejected!	
GOMF_LARGE_RIBOSOMAL_SUBUNIT_RRNA_BINDING	6		Rejected!	
GOMF_SMALL_RIBOSOMAL_SUBUNIT_RRNA_BINDING	9		Rejected!	
GOMF_DNA_POLYMERASE_BINDING	22	20		
GOMF_PHOSPHATIDYLINOSITOL_4_PHOSPHATE_BINDING	29	17		
GOMF_VITAMIN_B6_BINDING	56	26		
GOMF_PHOSPHATIDIC_ACID_BINDING	20	15		
GOMF_THYROID_HORMONE_BINDING	6		Rejected!	
GOMF_LIPOPROTEIN_PARTICLE_RECEPTOR_BINDING	29		Rejected!	
GOMF_AROMATASE_ACTIVITY	25		Rejected!	
GOMF_NADPH_BINDING	16		Rejected!	
GOMF_NADPLUS_BINDING	18	15		
GOMF_CO_SMAD_BINDING	11		Rejected!	
GOMF_I_SMAD_BINDING	14		Rejected!	
GOMF_R_SMAD_BINDING	24	18		
GOMF_OLIGOSACCHARIDE_BINDING	15		Rejected!	
GOMF_DEATH_DOMAIN_BINDING	11		Rejected!	
GOMF_K63_LINKED_POLYUBIQUITIN_MODIFICATION_DEPENDENT_PROTEIN_BINDING	25	23		
GOMF_ADENYLYLTRANSFERASE_ACTIVITY	31	17		
GOMF_CYTIDYLYLTRANSFERASE_ACTIVITY	10		Rejected!	
GOMF_GUANYLYLTRANSFERASE_ACTIVITY	6		Rejected!	
GOMF_URIDYLYLTRANSFERASE_ACTIVITY	7		Rejected!	
GOMF_METALLODIPEPTIDASE_ACTIVITY	7		Rejected!	
GOMF_LYSINE_ACETYLATED_HISTONE_BINDING	23	22		
GOMF_PROTEASOME_BINDING	17		Rejected!	
GOMF_INOSITOL_1_4_5_TRISPHOSPHATE_BINDING	13		Rejected!	
GOMF_ACTIVIN_RECEPTOR_BINDING	11		Rejected!	
GOMF_BMP_RECEPTOR_BINDING	14		Rejected!	
GOMF_POLY_PURINE_TRACT_BINDING	29	21		
GOMF_LEUCINE_BINDING	7		Rejected!	
GOMF_PROTEIN_GLUTAMIC_ACID_LIGASE_ACTIVITY	10		Rejected!	
GOMF_C2H2_ZINC_FINGER_DOMAIN_BINDING	15		Rejected!	
GOMF_DYNEIN_COMPLEX_BINDING	24	16		
GOMF_GROWTH_FACTOR_RECEPTOR_BINDING	139	53		
GOMF_PRIMARY_MIRNA_BINDING	8		Rejected!	
GOMF_PRE_MIRNA_BINDING	6		Rejected!	
GOMF_E_BOX_BINDING	49	20		
GOMF_LYSOPHOSPHATIDIC_ACID_RECEPTOR_ACTIVITY	5		Rejected!	
GOMF_SNRNP_BINDING	7		Rejected!	
GOMF_CONNEXIN_BINDING	5		Rejected!	
GOMF_ANKYRIN_REPEAT_BINDING	6		Rejected!	
GOMF_HISTONE_H3_TRI_DI_METHYL_LYSINE_27_DEMETHYLASE_ACTIVITY	5		Rejected!	
GOMF_LYSOPHOSPHOLIPID_ACYLTRANSFERASE_ACTIVITY	23	16		
GOMF_LIPOPEPTIDE_BINDING	10		Rejected!	
GOMF_PROTEIN_LIPID_COMPLEX_BINDING	31		Rejected!	
GOMF_HMG_BOX_DOMAIN_BINDING	14		Rejected!	
GOMF_NEUROPEPTIDE_RECEPTOR_BINDING	36		Rejected!	
GOMF_14_3_3_PROTEIN_BINDING	30	24		
GOMF_ARP2_3_COMPLEX_BINDING	15		Rejected!	
GOMF_CORECEPTOR_ACTIVITY_INVOLVED_IN_WNT_SIGNALING_PATHWAY	9		Rejected!	
GOMF_FAD_BINDING	37	24		
GOMF_WD40_REPEAT_DOMAIN_BINDING	5		Rejected!	
GOMF_MODIFIED_AMINO_ACID_BINDING	95	40		
GOMF_NAADP_SENSITIVE_CALCIUM_RELEASE_CHANNEL_ACTIVITY	5		Rejected!	
GOMF_MODIFIED_AMINO_ACID_TRANSMEMBRANE_TRANSPORTER_ACTIVITY	23		Rejected!	
GOMF_PROTEIN_PHOSPHATASE_ACTIVATOR_ACTIVITY	16		Rejected!	
GOMF_17_BETA_HYDROXYSTEROID_DEHYDROGENASE_NADPPLUS_ACTIVITY	13		Rejected!	
GOMF_PHOSPHATIDYLINOSITOL_3_5_BISPHOSPHATE_BINDING	28	18		
GOMF_VOLTAGE_GATED_SODIUM_CHANNEL_ACTIVITY_INVOLVED_IN_CARDIAC_MUSCLE_CELL_ACTION_POTENTIAL	5		Rejected!	
GOMF_VOLTAGE_GATED_CALCIUM_CHANNEL_ACTIVITY_INVOLVED_IN_CARDIAC_MUSCLE_CELL_ACTION_POTENTIAL	5		Rejected!	
GOMF_VOLTAGE_GATED_POTASSIUM_CHANNEL_ACTIVITY_INVOLVED_IN_CARDIAC_MUSCLE_CELL_ACTION_POTENTIAL_REPOLARIZATION	15		Rejected!	
GOMF_GAP_JUNCTION_CHANNEL_ACTIVITY_INVOLVED_IN_CARDIAC_CONDUCTION_ELECTRICAL_COUPLING	5		Rejected!	
GOMF_PROTEIN_BINDING_INVOLVED_IN_HETEROTYPIC_CELL_CELL_ADHESION	12		Rejected!	
GOMF_CELL_ADHESIVE_PROTEIN_BINDING_INVOLVED_IN_BUNDLE_OF_HIS_CELL_PURKINJE_MYOCYTE_COMMUNICATION	5		Rejected!	
GOMF_CASPASE_BINDING	13		Rejected!	
GOMF_TRANSLATION_REGULATOR_ACTIVITY_NUCLEIC_ACID_BINDING	109	84		
GOMF_VITAMIN_TRANSMEMBRANE_TRANSPORTER_ACTIVITY	32	17		
GOMF_PHOSPHATIDYLCHOLINE_FLOPPASE_ACTIVITY	8		Rejected!	
GOMF_PHOSPHATIDYLETHANOLAMINE_FLIPPASE_ACTIVITY	7		Rejected!	
GOMF_PHOSPHATIDYLSERINE_FLOPPASE_ACTIVITY	9		Rejected!	
GOMF_ALPHA_GLUCOSIDASE_ACTIVITY	6		Rejected!	
GOMF_CERAMIDE_BINDING	20		Rejected!	
GOMF_UBIQUITIN_PROTEIN_TRANSFERASE_ACTIVATOR_ACTIVITY	9		Rejected!	
GOMF_SUPERCOILED_DNA_BINDING	6		Rejected!	
GOMF_NEUROLIGIN_FAMILY_PROTEIN_BINDING	5		Rejected!	
GOMF_SCAFFOLD_PROTEIN_BINDING	67	36		
GOMF_CYSTEINE_TYPE_ENDOPEPTIDASE_ACTIVITY_INVOLVED_IN_APOPTOTIC_PROCESS	15		Rejected!	
GOMF_PRE_MRNA_INTRONIC_BINDING	12		Rejected!	
GOMF_MITOCHONDRIAL_RIBOSOME_BINDING	5		Rejected!	
GOMF_CYSTEINE_TYPE_ENDOPEPTIDASE_ACTIVITY_INVOLVED_IN_APOPTOTIC_SIGNALING_PATHWAY	10		Rejected!	
GOMF_7SK_SNRNA_BINDING	9		Rejected!	
GOMF_MDM2_MDM4_FAMILY_PROTEIN_BINDING	11		Rejected!	
GOMF_CYCLIN_DEPENDENT_PROTEIN_KINASE_ACTIVITY	29	20		
GOMF_STRUCTURAL_MOLECULE_ACTIVITY_CONFERRING_ELASTICITY	11		Rejected!	
GOMF_GLUTATHIONE_OXIDOREDUCTASE_ACTIVITY	7		Rejected!	
GOMF_CULLIN_FAMILY_PROTEIN_BINDING	26	22		
GOMF_CALCITONIN_FAMILY_RECEPTOR_ACTIVITY	6		Rejected!	
GOMF_STAT_FAMILY_PROTEIN_BINDING	12		Rejected!	
GOMF_DISORDERED_DOMAIN_SPECIFIC_BINDING	35	26		
GOMF_RNA_POLYMERASE_ACTIVITY	43	37		
GOMF_G_RICH_STRAND_TELOMERIC_DNA_BINDING	10		Rejected!	
GOMF_NUCLEOTIDE_PHOSPHATASE_ACTIVITY_ACTING_ON_FREE_NUCLEOTIDES	5		Rejected!	
GOMF_CELL_ADHESION_MEDIATOR_ACTIVITY	64	23		
GOMF_CELL_CELL_ADHESION_MEDIATOR_ACTIVITY	54	18		
GOMF_CELL_MATRIX_ADHESION_MEDIATOR_ACTIVITY	7		Rejected!	
GOMF_COLLAGEN_BINDING_INVOLVED_IN_CELL_MATRIX_ADHESION	5		Rejected!	
GOMF_CADHERIN_BINDING_INVOLVED_IN_CELL_CELL_ADHESION	18		Rejected!	
GOMF_MOLECULAR_FUNCTION_REGULATOR	1953		Rejected!	
GOMF_NITRITE_REDUCTASE_ACTIVITY	6		Rejected!	
GOMF_BMP_RECEPTOR_ACTIVITY	7		Rejected!	
GOMF_SEQUENCE_SPECIFIC_SINGLE_STRANDED_DNA_BINDING	15		Rejected!	
GOMF_STRUCTURAL_CONSTITUENT_OF_PRESYNAPTIC_ACTIVE_ZONE	5		Rejected!	
GOMF_STRUCTURAL_CONSTITUENT_OF_SYNAPSE	19		Rejected!	
GOMF_POSTSYNAPTIC_NEUROTRANSMITTER_RECEPTOR_ACTIVITY	64		Rejected!	
GOMF_STRUCTURAL_CONSTITUENT_OF_POSTSYNAPTIC_ACTIN_CYTOSKELETON	5		Rejected!	
GOMF_G_PROTEIN_COUPLED_GLUTAMATE_RECEPTOR_ACTIVITY	9		Rejected!	
GOMF_LIGAND_GATED_CATION_CHANNEL_ACTIVITY	115	21		
GOMF_LIGAND_GATED_ANION_CHANNEL_ACTIVITY	18		Rejected!	
GOMF_CHANNEL_ACTIVATOR_ACTIVITY	5		Rejected!	
GOMF_RNA_POLYMERASE_II_C_TERMINAL_DOMAIN_BINDING	8		Rejected!	
GOMF_STRUCTURAL_CONSTITUENT_OF_POSTSYNAPSE	13		Rejected!	
GOMF_VOLTAGE_GATED_CALCIUM_CHANNEL_ACTIVITY_INVOLVED_IN_REGULATION_OF_CYTOSOLIC_CALCIUM_LEVELS	5		Rejected!	
GOMF_G_PROTEIN_COUPLED_NEUROTRANSMITTER_RECEPTOR_ACTIVITY	10		Rejected!	
GOMF_NEUROTRANSMITTER_RECEPTOR_ACTIVITY_INVOLVED_IN_REGULATION_OF_POSTSYNAPTIC_MEMBRANE_POTENTIAL	49		Rejected!	
GOMF_SEROTONIN_RECEPTOR_ACTIVITY	34		Rejected!	
GOMF_NEUROTRANSMITTER_RECEPTOR_REGULATOR_ACTIVITY	15		Rejected!	
GOMF_LIGAND_GATED_CALCIUM_CHANNEL_ACTIVITY	26		Rejected!	
GOMF_ESTROGEN_16_ALPHA_HYDROXYLASE_ACTIVITY	8		Rejected!	
GOMF_ESTROGEN_2_HYDROXYLASE_ACTIVITY	5		Rejected!	
GOMF_PHOSPHATIDYL_PHOSPHOLIPASE_B_ACTIVITY	11		Rejected!	
GOMF_VERY_LONG_CHAIN_3_KETOACYL_COA_SYNTHASE_ACTIVITY	7		Rejected!	
GOMF_HYPOGLYCIN_A_GAMMA_GLUTAMYL_TRANSPEPTIDASE_ACTIVITY	5		Rejected!	
GOMF_PHOSPHATIDYLINOSITOL_3_5_BISPHOSPHATE_PHOSPHATASE_ACTIVITY	14		Rejected!	
GOMF_PHOSPHATIDYLINOSITOL_4_5_BISPHOSPHATE_PHOSPHATASE_ACTIVITY	14		Rejected!	
GOMF_HYDROPEROXY_ICOSATETRAENOATE_DEHYDRATASE_ACTIVITY	7		Rejected!	
GOMF_PROTEIN_SERINE_KINASE_ACTIVITY	360	251		
GOMF_LIPID_TRANSFER_ACTIVITY	49	33		
GOMF_PHOSPHOLIPID_TRANSFER_ACTIVITY	24	16		
GOMF_STEROL_TRANSFER_ACTIVITY	23	15		
GOMF_SPHINGOLIPID_TRANSFER_ACTIVITY	10		Rejected!	
GOMF_PHOSPHATIDYLCHOLINE_TRANSFER_ACTIVITY	5		Rejected!	
GOMF_SULFATIDE_BINDING	6		Rejected!	
GOMF_INTRACILIARY_TRANSPORT_PARTICLE_B_BINDING	5		Rejected!	
GOMF_ACYL_COA_BINDING	26	20		
GOMF_FATTY_ACID_OMEGA_HYDROXYLASE_ACTIVITY	8		Rejected!	
GOMF_MODIFICATION_DEPENDENT_PROTEIN_BINDING	166	134		
GOMF_PHOSPHORYLATION_DEPENDENT_PROTEIN_BINDING	6		Rejected!	
GOMF_UBIQUITINATION_LIKE_MODIFICATION_DEPENDENT_PROTEIN_BINDING	14		Rejected!	
GOMF_CLASS_I_DNA_APURINIC_OR_APYRIMIDINIC_SITE_ENDONUCLEASE_ACTIVITY	7		Rejected!	
GOMF_CATALYTIC_ACTIVITY_ACTING_ON_DNA	222	196		
GOMF_CATALYTIC_ACTIVITY_ACTING_ON_RNA	395	310		
GOMF_CATALYTIC_ACTIVITY_ACTING_ON_A_TRNA	125	94		
GOMF_CATALYTIC_ACTIVITY_ACTING_ON_A_RRNA	23	17		
GOMF_CATALYTIC_ACTIVITY_ACTING_ON_A_GLYCOPROTEIN	23		Rejected!	
GOMF_MOLECULAR_CARRIER_ACTIVITY	73	52		
GOMF_TRANSCRIPTION_REGULATOR_ACTIVITY	1918		Rejected!	
GOMF_NUCLEOCYTOPLASMIC_CARRIER_ACTIVITY	30	25		
GOMF_MONOCARBOXYLATE_SODIUM_SYMPORTER_ACTIVITY	11		Rejected!	
GOMF_GENERAL_TRANSCRIPTION_INITIATION_FACTOR_ACTIVITY	45	39		
GOMF_EXOGENOUS_PROTEIN_BINDING	79	40		
GOMF_GENERAL_TRANSCRIPTION_INITIATION_FACTOR_BINDING	52	48		
GOMF_DNA_BINDING_TRANSCRIPTION_FACTOR_BINDING	469	333		
GOMF_SMALL_MOLECULE_SENSOR_ACTIVITY	15		Rejected!	
GOMF_INTRAMEMBRANE_LIPID_TRANSPORTER_ACTIVITY	41	26		
GOMF_PROTEIN_SEQUESTERING_ACTIVITY	5		Rejected!	
GOMF_CARGO_ADAPTOR_ACTIVITY	19	16		
GOMF_MOLECULAR_SEQUESTERING_ACTIVITY	6		Rejected!	
GOMF_PROTEIN_TRANSPORTER_ACTIVITY	31	24		
GOMF_SOLUTE_ANION_ANTIPORTER_ACTIVITY	34		Rejected!	
GOMF_ATPASE_COUPLED_INTRAMEMBRANE_LIPID_TRANSPORTER_ACTIVITY	27	18		
GOMF_FLIPPASE_ACTIVITY	17		Rejected!	
GOMF_FLOPPASE_ACTIVITY	16		Rejected!	
GOMF_GLYCEROPHOSPHOLIPID_FLIPPASE_ACTIVITY	14		Rejected!	
GOMF_PHOSPHATIDYLCHOLINE_FLIPPASE_ACTIVITY	5		Rejected!	
GOMF_PHOSPHATIDYLSERINE_FLIPPASE_ACTIVITY	5		Rejected!	
GOMF_P_TYPE_TRANSMEMBRANE_TRANSPORTER_ACTIVITY	19		Rejected!	
GOMF_ABC_TYPE_TRANSPORTER_ACTIVITY	49	25		
GOMF_IMMUNE_RECEPTOR_ACTIVITY	148	48		
GOMF_SOLUTE_BICARBONATE_SYMPORTER_ACTIVITY	7		Rejected!	
GOMF_TRANSCRIPTION_REGULATOR_INHIBITOR_ACTIVITY	21		Rejected!	
GOMF_PROTEIN_CYSTEINE_S_STEAROYLTRANSFERASE_ACTIVITY	7		Rejected!	
GOMF_CYTOSKELETON_NUCLEAR_MEMBRANE_ANCHOR_ACTIVITY	5		Rejected!	
GOMF_PROTEIN_DEMETHYLASE_ACTIVITY	30	25		
GOMF_METAL_DEPENDENT_DEUBIQUITINASE_ACTIVITY	9		Rejected!	
GOMF_PROTEIN_DISAGGREGASE_ACTIVITY	5		Rejected!	
GOMF_PROTEIN_CARRIER_CHAPERONE	18	17		
GOMF_CATALYTIC_ACTIVITY_ACTING_ON_A_NUCLEIC_ACID	595	485		
GOMF_ATP_DEPENDENT_ACTIVITY	554	369		
GOMF_ATP_DEPENDENT_CHROMATIN_REMODELER_ACTIVITY	7		Rejected!	
GOMF_ANNEALING_ACTIVITY	13		Rejected!	
GOMF_MOLECULAR_FUNCTION_ACTIVATOR_ACTIVITY	34	23		
GOMF_MOLECULAR_FUNCTION_INHIBITOR_ACTIVITY	60	28		
GOMF_HISTONE_H3_DI_MONOMETHYL_LYSINE_9_DEMETHYLASE_ACTIVITY	5		Rejected!	
GOMF_HISTONE_H3_TRI_DIMETHYL_LYSINE_9_DEMETHYLASE_ACTIVITY	5		Rejected!	
GOMF_RNA_BINDING_INVOLVED_IN_POSTTRANSCRIPTIONAL_GENE_SILENCING	266		Rejected!	
GOMF_OLIGOPEPTIDE_BINDING	11		Rejected!	
GOMF_CATECHOLAMINE_BINDING	13		Rejected!	
GOMF_AZOLE_TRANSMEMBRANE_TRANSPORTER_ACTIVITY	11		Rejected!	
GOMF_OLEATE_TRANSMEMBRANE_TRANSPORTER_ACTIVITY	5		Rejected!	
GOMF_CARBOHYDRATE_DERIVATIVE_TRANSMEMBRANE_TRANSPORTER_ACTIVITY	54	38		
GOMF_FATTY_ACID_DERIVATIVE_BINDING	23	18		
GOMF_PHOSPHATIDYLGLYCEROL_BINDING	15		Rejected!	
GOMF_CARDIOLIPIN_BINDING	11		Rejected!	
GOMF_ORGANIC_HYDROXY_COMPOUND_TRANSMEMBRANE_TRANSPORTER_ACTIVITY	52		Rejected!	
GOMF_SULFUR_COMPOUND_BINDING	269	94		
GOMF_SULFUR_COMPOUND_TRANSMEMBRANE_TRANSPORTER_ACTIVITY	52	29		
GOMF_SALT_TRANSMEMBRANE_TRANSPORTER_ACTIVITY	5		Rejected!	
GOMF_PHOSPHATIDYLINOSITOL_PHOSPHATE_BINDING	175	103		
GOMF_VOLTAGE_GATED_POTASSIUM_CHANNEL_ACTIVITY_INVOLVED_IN_VENTRICULAR_CARDIAC_MUSCLE_CELL_ACTION_POTENTIAL_REPOLARIZATION	12		Rejected!	
GOMF_CERAMIDE_1_PHOSPHATE_BINDING	8		Rejected!	
GOMF_CERAMIDE_1_PHOSPHATE_TRANSFER_ACTIVITY	8		Rejected!	
GOMF_PHOSPHATIDYLINOSITOL_BISPHOSPHATE_BINDING	107	53		
GOMF_CUPROUS_ION_BINDING	8		Rejected!	
GOMF_GAP_JUNCTION_CHANNEL_ACTIVITY_INVOLVED_IN_CELL_COMMUNICATION_BY_ELECTRICAL_COUPLING	8		Rejected!	
GOMF_S_ADENOSYL_L_METHIONINE_BINDING	19		Rejected!	
GOMF_PEPTIDE_TRANSMEMBRANE_TRANSPORTER_ACTIVITY	15		Rejected!	
GOMF_CORECEPTOR_ACTIVITY_INVOLVED_IN_WNT_SIGNALING_PATHWAY_PLANAR_CELL_POLARITY_PATHWAY	6		Rejected!	
GOMF_RETROMER_COMPLEX_BINDING	8		Rejected!	
GOMF_POLYSOME_BINDING	6		Rejected!	
GOMF_PHOSPHATIDIC_ACID_TRANSFER_ACTIVITY	7		Rejected!	
GOMF_HISTONE_METHYLTRANSFERASE_BINDING	12		Rejected!	
GOMF_STEROID_HORMONE_BINDING	6		Rejected!	
GOMF_N6_METHYLADENOSINE_CONTAINING_RNA_BINDING	7		Rejected!	
GOMF_KERATIN_FILAMENT_BINDING	6		Rejected!	
GOMF_RNA_POLYMERASE_II_C_TERMINAL_DOMAIN_PHOSPHOSERINE_BINDING	5		Rejected!	
GOMF_LYS48_SPECIFIC_DEUBIQUITINASE_ACTIVITY	16		Rejected!	
GOMF_UBIQUITIN_SPECIFIC_PROTEASE_BINDING	21	17		
GOMF_PROTEIN_ADP_RIBOSYLASE_ACTIVITY	17	15		
GOMF_PROTEIN_ANTIGEN_BINDING	8		Rejected!	
GOMF_EXTRACELLULAR_MATRIX_PROTEIN_BINDING	6		Rejected!	
GOMF_TRANSFERRIN_RECEPTOR_BINDING	11		Rejected!	
GOMF_UBIQUITIN_LIGASE_SUBSTRATE_ADAPTOR_ACTIVITY	30	24		
GOMF_ARRESTIN_FAMILY_PROTEIN_BINDING	8		Rejected!	
GOMF_PROTEIN_TYROSINE_KINASE_BINDING	103	51		
GOMF_DNA_DNA_ANNEALING_ACTIVITY	8		Rejected!	
GOMF_RNA_ADENYLYLTRANSFERASE_ACTIVITY	7		Rejected!	
GOMF_SEQUENCE_SPECIFIC_MRNA_BINDING	14		Rejected!	
GOMF_PROMOTER_SPECIFIC_CHROMATIN_BINDING	62	44		
GOMF_GLYCOGEN_BINDING	8		Rejected!	
HP_MULTICYSTIC_KIDNEY_DYSPLASIA	114	77		
HP_RECURRENT_URINARY_TRACT_INFECTIONS	141	91		
HP_NEUROGENIC_BLADDER	33	24		
HP_URINARY_URGENCY	42	24		
HP_HYPOPLASIA_OF_THE_UTERUS	45	21		
HP_ABNORMALITY_OF_THE_BLADDER	464	277		
HP_BLADDER_DIVERTICULUM	38	17		
HP_URINARY_RETENTION	27	19		
HP_NOCTURIA	8		Rejected!	
HP_URINARY_INCONTINENCE	166	92		
HP_MEGACYSTIS	9		Rejected!	
HP_ABNORMALITY_OF_MALE_INTERNAL_GENITALIA	59	34		
HP_INGUINAL_HERNIA	263	158		
HP_PROSTATITIS	7		Rejected!	
HP_FUNCTIONAL_ABNORMALITY_OF_MALE_INTERNAL_GENITALIA	246	102		
HP_MALE_HYPOGONADISM	42	19		
HP_AZOOSPERMIA	117	51		
HP_CRYPTORCHIDISM	748	474		
HP_TESTICULAR_ATROPHY	14		Rejected!	
HP_AMBIGUOUS_GENITALIA_MALE	12		Rejected!	
HP_HYDROCELE_TESTIS	25	17		
HP_ABNORMAL_TESTIS_MORPHOLOGY	941		Rejected!	
HP_ABNORMAL_PENIS_MORPHOLOGY	702	429		
HP_MALE_PSEUDOHERMAPHRODITISM	43	24		
HP_EPISPADIAS	26	16		
HP_LONG_PENIS	11		Rejected!	
HP_CHORDEE	15		Rejected!	
HP_HYPOGONADOTROPIC_HYPOGONADISM	169	77		
HP_ABNORMALITY_OF_THE_SCROTUM	174	92		
HP_SCROTAL_HYPOPLASIA	60	30		
HP_BIFID_SCROTUM	37		Rejected!	
HP_SHAWL_SCROTUM	19		Rejected!	
HP_MACROORCHIDISM	17		Rejected!	
HP_MICROPENIS	252	140		
HP_ABNORMALITY_OF_FEMALE_EXTERNAL_GENITALIA	153	95		
HP_ABNORMALITY_OF_THE_CLITORIS	96	59		
HP_ABNORMAL_LABIA_MORPHOLOGY	83	45		
HP_HYPOPLASTIC_LABIA_MAJORA	35	25		
HP_CLITORAL_HYPOPLASIA	31	16		
HP_AMBIGUOUS_GENITALIA_FEMALE	9		Rejected!	
HP_AMBIGUOUS_GENITALIA	116	58		
HP_HYPOPLASTIC_LABIA_MINORA	30	15		
HP_LABIAL_HYPERTROPHY	8		Rejected!	
HP_URETHRAL_ATRESIA	24	15		
HP_ABNORMALITY_OF_THE_URETER	318	204		
HP_URETEROCELE	26		Rejected!	
HP_URETERAL_STENOSIS	29		Rejected!	
HP_HYDROURETER	71	45		
HP_URETERAL_DUPLICATION	41	28		
HP_URETEROPELVIC_JUNCTION_OBSTRUCTION	19		Rejected!	
HP_RENAL_DUPLICATION	42	21		
HP_ABNORMALITY_OF_THE_KIDNEY	1272		Rejected!	
HP_ABNORMALITY_OF_REPRODUCTIVE_SYSTEM_PHYSIOLOGY	779	389		
HP_DUPLICATED_COLLECTING_SYSTEM	20		Rejected!	
HP_RENAL_INSUFFICIENCY	378	213		
HP_HORSESHOE_KIDNEY	101	74		
HP_ECTOPIC_KIDNEY	76	46		
HP_RENAL_HYPOPLASIA	124	73		
HP_NEPHRONOPHTHISIS	36	27		
HP_ABNORMAL_RENAL_TUBULE_MORPHOLOGY	103	55		
HP_RENAL_TUBULAR_ATROPHY	18		Rejected!	
HP_GLOMERULAR_SCLEROSIS	94	52		
HP_FOCAL_SEGMENTAL_GLOMERULOSCLEROSIS	64	30		
HP_TALL_STATURE	209	125		
HP_GLOMERULONEPHRITIS	71	40		
HP_NEPHROTIC_SYNDROME	132	76		
HP_POLYURIA	32		Rejected!	
HP_RENAL_AGENESIS	175	109		
HP_ENLARGED_KIDNEY	35	18		
HP_RENAL_CYST	269	174		
HP_RENAL_CORTICOMEDULLARY_CYSTS	7		Rejected!	
HP_RENAL_DYSPLASIA	72	35		
HP_NEPHROPATHY	104	44		
HP_POLYCYSTIC_KIDNEY_DYSPLASIA	46	32		
HP_PROXIMAL_TUBULOPATHY	55	34		
HP_RENAL_PHOSPHATE_WASTING	14		Rejected!	
HP_NEPHROCALCINOSIS	92	46		
HP_UNILATERAL_RENAL_AGENESIS	62	50		
HP_NEPHRITIS	97	52		
HP_RENAL_TUBULAR_DYSFUNCTION	112	58		
HP_PELVIC_KIDNEY	36	23		
HP_RENAL_SALT_WASTING	23		Rejected!	
HP_RENAL_POTASSIUM_WASTING	6		Rejected!	
HP_ABNORMALITY_OF_THE_UTERUS	219	131		
HP_MENORRHAGIA	32		Rejected!	
HP_GONADAL_DYSGENESIS	34	17		
HP_FEMALE_HYPOGONADISM	27		Rejected!	
HP_HYPOGONADISM	419	238		
HP_BIFID_UTERUS	6		Rejected!	
HP_ABNORMALITY_OF_THE_OVARY	262	162		
HP_OVARIAN_CYST	89	49		
HP_UTERINE_PROLAPSE	6		Rejected!	
HP_ABNORMALITY_OF_THE_MENSTRUAL_CYCLE	259	132		
HP_AMENORRHEA	177	82		
HP_ABNORMAL_VAGINA_MORPHOLOGY	101	50		
HP_DECREASED_FERTILITY	268	93		
HP_VAGINAL_ATRESIA	16		Rejected!	
HP_OVARIAN_GONADOBLASTOMA	12		Rejected!	
HP_GONADOBLASTOMA	18		Rejected!	
HP_APLASIA_OF_THE_UTERUS	19		Rejected!	
HP_WIDE_MOUTH	190	143		
HP_ORAL_ULCER	40	22		
HP_ABNORMALITY_OF_THE_TONGUE	380	239		
HP_MACROGLOSSIA	153	91		
HP_ABNORMAL_LIP_MORPHOLOGY	1015		Rejected!	
HP_NARROW_MOUTH	244	163		
HP_MEDIAN_CLEFT_LIP	43	18		
HP_GLOSSOPTOSIS	26	18		
HP_ABNORMALITY_OF_THE_DENTITION	912		Rejected!	
HP_ABNORMALITY_OF_THE_GINGIVA	223	143		
HP_GINGIVAL_FIBROMATOSIS	20		Rejected!	
HP_MICROGLOSSIA	17		Rejected!	
HP_ABNORMAL_UVULA_MORPHOLOGY	172	117		
HP_ABNORMAL_PALATE_MORPHOLOGY	1026		Rejected!	
HP_ABNORMALITY_OF_UPPER_LIP	837		Rejected!	
HP_ABNORMALITY_OF_LOWER_LIP	252	154		
HP_THICK_LOWER_LIP_VERMILION	159	105		
HP_LOBULATED_TONGUE	13		Rejected!	
HP_MOVEMENT_ABNORMALITY_OF_THE_TONGUE	11		Rejected!	
HP_DIFFICULTY_IN_TONGUE_MOVEMENTS	9		Rejected!	
HP_CLEFT_SOFT_PALATE	177	121		
HP_BROAD_ALVEOLAR_RIDGES	16		Rejected!	
HP_SHORT_UPPER_LIP	12		Rejected!	
HP_NARROW_PALATE	166	107		
HP_ABNORMAL_ORAL_FRENULUM_MORPHOLOGY	50	31		
HP_ACCESSORY_ORAL_FRENULUM	14		Rejected!	
HP_BIFID_UVULA	144	92		
HP_OPEN_MOUTH	104	73		
HP_ABNORMAL_PAROTID_GLAND_MORPHOLOGY	10		Rejected!	
HP_TONGUE_NODULES	11		Rejected!	
HP_SHORT_LINGUAL_FRENULUM	9		Rejected!	
HP_PIERRE_ROBIN_SEQUENCE	21		Rejected!	
HP_ORAL_CLEFT	614	373		
HP_CLEFT_UPPER_LIP	163	83		
HP_PURSED_LIPS	5		Rejected!	
HP_GLOSSITIS	12		Rejected!	
HP_TRIANGULAR_MOUTH	17		Rejected!	
HP_TRISMUS	14		Rejected!	
HP_GINGIVAL_OVERGROWTH	119	77		
HP_THICK_UPPER_LIP_VERMILION	21		Rejected!	
HP_XEROSTOMIA	56	35		
HP_HIGH_PALATE	691	460		
HP_THIN_UPPER_LIP_VERMILION	275	199		
HP_VELOPHARYNGEAL_INSUFFICIENCY	24		Rejected!	
HP_FURROWED_TONGUE	41	30		
HP_ABNORMALITY_OF_TASTE_SENSATION	6		Rejected!	
HP_GINGIVAL_BLEEDING	56	33		
HP_GINGIVITIS	29	19		
HP_THIN_VERMILION_BORDER	391	274		
HP_ABNORMALITY_OF_THE_FONTANELLES_OR_CRANIAL_SUTURES	398	246		
HP_ABNORMALITY_OF_THE_ANTERIOR_FONTANELLE	104	60		
HP_SMALL_ANTERIOR_FONTANELLE	7		Rejected!	
HP_HYDROCEPHALUS	364	233		
HP_PARIETAL_BOSSING	8		Rejected!	
HP_TRIGONOCEPHALY	38	26		
HP_BRACHYTURRICEPHALY	10		Rejected!	
HP_ABNORMAL_PARANASAL_SINUS_MORPHOLOGY	150	82		
HP_BRACHYCEPHALY	219	153		
HP_PROGRESSIVE_MICROCEPHALY	83	72		
HP_WIDE_ANTERIOR_FONTANEL	76	45		
HP_TURRICEPHALY	39	21		
HP_OXYCEPHALY	6		Rejected!	
HP_ABNORMALITY_OF_THE_MASTOID	8		Rejected!	
HP_MASTOIDITIS	6		Rejected!	
HP_CRANIAL_ASYMMETRY	15		Rejected!	
HP_DOLICHOCEPHALY	182	119		
HP_PROMINENT_OCCIPUT	59	35		
HP_DELAYED_CRANIAL_SUTURE_CLOSURE	85	52		
HP_FACIAL_GRIMACING	12		Rejected!	
HP_SMALL_FACE	177	113		
HP_NARROW_FACE	148	96		
HP_RETROGNATHIA	280	183		
HP_COARSE_FACIAL_FEATURES	218	163		
HP_FACIAL_EDEMA	134	70		
HP_BROAD_FACE	17	15		
HP_EPICANTHUS	522	357		
HP_ABNORMALITY_OF_THE_PHILTRUM	635	425		
HP_BROAD_PHILTRUM	48	29		
HP_ABNORMALITY_OF_THE_FOREHEAD	1052		Rejected!	
HP_ABNORMALITY_OF_FACIAL_ADIPOSE_TISSUE	9		Rejected!	
HP_FULL_CHEEKS	133	96		
HP_LOW_ANTERIOR_HAIRLINE	120	96		
HP_FACIAL_HYPOTONIA	40	30		
HP_MASK_LIKE_FACIES	53	34		
HP_OVAL_FACE	15		Rejected!	
HP_ABNORMALITY_OF_FACIAL_MUSCULATURE	317	183		
HP_MANDIBULAR_PROGNATHIA	176	109		
HP_ABNORMALITY_OF_THE_CHIN	335	212		
HP_POINTED_CHIN	113	73		
HP_MICRORETROGNATHIA	62	40		
HP_ABNORMALITY_OF_THE_MIDFACE	563	343		
HP_ROUND_FACE	96	73		
HP_HYPERTELORISM	722	479		
HP_FACIAL_MYOKYMIA	6		Rejected!	
HP_SMOOTH_PHILTRUM	184	137		
HP_BIRD_LIKE_FACIES	14		Rejected!	
HP_SQUARE_FACE	11		Rejected!	
HP_SHORT_PHILTRUM	206	136		
HP_FACIAL_ASYMMETRY	128	76		
HP_TRIANGULAR_FACE	134	83		
HP_ABNORMALITY_OF_THE_MAXILLA	130	77		
HP_FACIAL_HEMANGIOMA	19		Rejected!	
HP_SHORT_CHIN	51	35		
HP_PROMINENT_SUPRAORBITAL_RIDGES	41	23		
HP_BROAD_FOREHEAD	171	94		
HP_HYPOMIMIC_FACE	32	23		
HP_SLOPING_FOREHEAD	168	134		
HP_NARROW_FOREHEAD	136	96		
HP_LONG_PHILTRUM	400	261		
HP_HIGH_FOREHEAD	308	210		
HP_WIDOW_S_PEAK	14		Rejected!	
HP_SMALL_FOREHEAD	7		Rejected!	
HP_ABNORMALITY_OF_THE_OUTER_EAR	1152		Rejected!	
HP_ABNORMAL_LOCATION_OF_EARS	784		Rejected!	
HP_POSTERIORLY_ROTATED_EARS	405	281		
HP_ABNORMALITY_OF_THE_INNER_EAR	75	34		
HP_TINNITUS	59	38		
HP_OTOSCLEROSIS	6		Rejected!	
HP_ABNORMALITY_OF_EARLOBE	93	64		
HP_LOW_SET_POSTERIORLY_ROTATED_EARS	264	192		
HP_ABNORMALITY_OF_THE_MIDDLE_EAR	581	333		
HP_ACUTE_OTITIS_MEDIA	5		Rejected!	
HP_ABNORMALITY_OF_THE_AUDITORY_CANAL	72	37		
HP_ABNORMAL_COCHLEA_MORPHOLOGY	29		Rejected!	
HP_INCOMPLETE_PARTITION_OF_THE_COCHLEA_TYPE_II	6		Rejected!	
HP_ABNORMALITY_OF_THE_PINNA	762		Rejected!	
HP_CUPPED_EAR	55	35		
HP_STAPES_ANKYLOSIS	6		Rejected!	
HP_ABNORMALITY_OF_PERIAURICULAR_REGION	95	44		
HP_PREAURICULAR_SKIN_TAG	63	34		
HP_SMALL_EARLOBE	22	16		
HP_ABSENT_EARLOBE	15		Rejected!	
HP_OTITIS_MEDIA	272	161		
HP_CHRONIC_OTITIS_MEDIA	153	71		
HP_THICKENED_HELICES	42	32		
HP_LOP_EAR	6		Rejected!	
HP_PROMINENT_ANTIHELIX	14		Rejected!	
HP_PRELINGUAL_SENSORINEURAL_HEARING_IMPAIRMENT	11		Rejected!	
HP_MACROTIA	273	189		
HP_STENOSIS_OF_THE_EXTERNAL_AUDITORY_CANAL	28		Rejected!	
HP_RECURRENT_OTITIS_MEDIA	153	82		
HP_PROGRESSIVE_SENSORINEURAL_HEARING_IMPAIRMENT	46	15		
HP_MIXED_HEARING_IMPAIRMENT	37	16		
HP_PROTRUDING_EAR	191	112		
HP_ATRESIA_OF_THE_EXTERNAL_AUDITORY_CANAL	46	27		
HP_BULBOUS_NOSE	156	106		
HP_ABNORMALITY_OF_THE_CHOANAE	123	82		
HP_NARROW_NASAL_RIDGE	14		Rejected!	
HP_ABNORMALITY_OF_THE_NASAL_SEPTUM	20		Rejected!	
HP_EPISTAXIS	97	54		
HP_ABNORMAL_NASAL_BRIDGE_MORPHOLOGY	1012		Rejected!	
HP_PROMINENT_NASAL_BRIDGE	205	144		
HP_ABNORMALITY_OF_THE_NASAL_ALAE	648	414		
HP_UNDERDEVELOPED_NASAL_ALAE	87	55		
HP_WIDE_NASAL_BRIDGE	556	360		
HP_ABNORMAL_NASAL_MUCOSA_MORPHOLOGY	62	19		
HP_ABNORMALITY_OF_THE_NASAL_TIP	335	219		
HP_DEPRESSED_NASAL_TIP	32	17		
HP_CONVEX_NASAL_RIDGE	68	47		
HP_WIDE_NOSE	104	76		
HP_NARROW_NASAL_BRIDGE	50	17		
HP_PROMINENT_NOSE	78	60		
HP_CHOANAL_STENOSIS	21		Rejected!	
HP_FLARED_NOSTRILS	7		Rejected!	
HP_BROAD_NASAL_TIP	153	102		
HP_BIFID_NASAL_TIP	11		Rejected!	
HP_DEPRESSED_NASAL_RIDGE	116	61		
HP_ANOSMIA	51	15		
HP_NARROW_NOSE	23		Rejected!	
HP_ABNORMALITY_OF_THE_NECK	609	405		
HP_WEBBED_NECK	112	77		
HP_LIMITED_NECK_RANGE_OF_MOTION	12		Rejected!	
HP_NECK_MUSCLE_WEAKNESS	80	36		
HP_LONG_NECK	5		Rejected!	
HP_THICKENED_NUCHAL_SKIN_FOLD	55	47		
HP_BROAD_NECK	24	21		
HP_CYSTIC_HYGROMA	42	30		
HP_ABNORMAL_RETINAL_MORPHOLOGY	963		Rejected!	
HP_RETINAL_COLOBOMA	35	23		
HP_ABNORMAL_CORNEA_MORPHOLOGY	699	403		
HP_MICROCORNEA	129	73		
HP_ASTIGMATISM	197	132		
HP_MEGALOCORNEA	57	31		
HP_RETINOPATHY	122	68		
HP_DEEPLY_SET_EYE	224	146		
HP_KERATITIS	78	36		
HP_ABNORMAL_EYELID_MORPHOLOGY	1207		Rejected!	
HP_ABNORMAL_FOVEAL_MORPHOLOGY	46		Rejected!	
HP_DOWNSLANTED_PALPEBRAL_FISSURES	477	305		
HP_RECURRENT_CORNEAL_EROSIONS	14		Rejected!	
HP_BLEPHARITIS	47	41		
HP_ABNORMAL_EYELASH_MORPHOLOGY	240	151		
HP_GLAUCOMA	351	210		
HP_ABNORMAL_CONJUNCTIVA_MORPHOLOGY	146	87		
HP_VISUAL_IMPAIRMENT	1124		Rejected!	
HP_TELECANTHUS	145	92		
HP_PTOSIS	695	463		
HP_ROD_CONE_DYSTROPHY	224	112		
HP_VERTICAL_SUPRANUCLEAR_GAZE_PALSY	23	16		
HP_ABNORMAL_ELECTRORETINOGRAM	195	99		
HP_SLOW_SACCADIC_EYE_MOVEMENTS	31	22		
HP_ABNORMALITY_OF_THE_LENS	750	465		
HP_DEVELOPMENTAL_CATARACT	139	90		
HP_PROPTOSIS	243	158		
HP_ALACRIMA	16		Rejected!	
HP_SUBCAPSULAR_CATARACT	39	17		
HP_ABNORMALITY_IRIS_MORPHOLOGY	425	240		
HP_ANIRIDIA	44	25		
HP_LONG_EYELASHES	100	67		
HP_ANOPHTHALMIA	73	41		
HP_PROGRESSIVE_VISUAL_LOSS	104	59		
HP_ABNORMAL_CHORIORETINAL_MORPHOLOGY	164	83		
HP_CHORIORETINAL_ATROPHY	36		Rejected!	
HP_ABNORMAL_EYEBROW_MORPHOLOGY	591	389		
HP_SPARSE_AND_THIN_EYEBROW	59	30		
HP_EPICANTHUS_INVERSUS	11		Rejected!	
HP_ABNORMALITY_OF_REFRACTION	610	369		
HP_HYPERMETROPIA	241	146		
HP_RETINAL_DETACHMENT	99	41		
HP_OPTIC_DISC_PALLOR	156	105		
HP_EXTERNAL_OPHTHALMOPLEGIA	68	35		
HP_MYOPIA	384	221		
HP_RETINAL_DEGENERATION	270	162		
HP_CONE_CONE_ROD_DYSTROPHY	28		Rejected!	
HP_ABNORMAL_CONJUGATE_EYE_MOVEMENT	1032		Rejected!	
HP_UNDETECTABLE_ELECTRORETINOGRAM	26		Rejected!	
HP_COLOR_VISION_DEFECT	113	40		
HP_TRITANOMALY	7		Rejected!	
HP_ABNORMAL_UVEA_MORPHOLOGY	551	302		
HP_UVEITIS	46	32		
HP_RETINAL_DYSTROPHY	343	178		
HP_BUPHTHALMOS	22		Rejected!	
HP_RIEGER_ANOMALY	11		Rejected!	
HP_CORNEAL_SCARRING	16		Rejected!	
HP_LACRIMAL_DUCT_ATRESIA	5		Rejected!	
HP_CHORIORETINAL_COLOBOMA	50	21		
HP_ABNORMAL_SACCADIC_EYE_MOVEMENTS	83	57		
HP_HYPOMETRIC_SACCADES	15		Rejected!	
HP_VISUAL_LOSS	230	128		
HP_RETINAL_HEMORRHAGE	28	18		
HP_THICK_EYEBROW	134	92		
HP_SCOTOMA	80	28		
HP_CENTROCECAL_SCOTOMA	13		Rejected!	
HP_NASOLACRIMAL_DUCT_OBSTRUCTION	26	15		
HP_PIGMENTARY_RETINOPATHY	176	109		
HP_BLEPHAROPHIMOSIS	184	114		
HP_UPSLANTED_PALPEBRAL_FISSURE	271	211		
HP_BAND_KERATOPATHY	13		Rejected!	
HP_SHALLOW_ORBITS	27	17		
HP_ABNORMALITY_OF_THE_OPTIC_NERVE	830		Rejected!	
HP_OPTIC_DISC_COLOBOMA	21	16		
HP_COLOBOMA	222	132		
HP_PROGRESSIVE_EXTERNAL_OPHTHALMOPLEGIA	38	17		
HP_ABNORMAL_SCLERA_MORPHOLOGY	115	70		
HP_BLUE_SCLERAE	88	54		
HP_ABNORMAL_ANTERIOR_CHAMBER_MORPHOLOGY	52	22		
HP_SHALLOW_ANTERIOR_CHAMBER	14		Rejected!	
HP_OPHTHALMOPARESIS	301	165		
HP_ABNORMALITY_OF_THE_FRONTAL_HAIRLINE	169	127		
HP_ABNORMALITY_OF_THE_PHARYNX	204	129		
HP_HYPOTELORISM	115	73		
HP_CENTRAL_SCOTOMA	47	15		
HP_SUPRANUCLEAR_GAZE_PALSY	45	31		
HP_ABNORMALITY_OF_THE_PERIORBITAL_REGION	260	152		
HP_MACULAR_DEGENERATION	89	43		
HP_OPTIC_NERVE_HYPOPLASIA	73	38		
HP_ABNORMAL_CHOROID_MORPHOLOGY	194	94		
HP_IRIS_COLOBOMA	160	90		
HP_PHOTOPHOBIA	238	107		
HP_ABNORMAL_NASOLACRIMAL_SYSTEM_MORPHOLOGY	59	34		
HP_ABNORMAL_PUPIL_MORPHOLOGY	58	21		
HP_MIOSIS	11		Rejected!	
HP_ABNORMALITY_OF_OCULAR_SMOOTH_PURSUIT	63	46		
HP_BLINDNESS	272	173		
HP_DACRYOCYSTITIS	9		Rejected!	
HP_ENTROPION	20	17		
HP_BLURRED_VISION	40		Rejected!	
HP_SUPRANUCLEAR_OPHTHALMOPLEGIA	5		Rejected!	
HP_EYELID_COLOBOMA	31	20		
HP_POSTERIOR_EMBRYOTOXON	62	42		
HP_PERIORBITAL_FULLNESS	62	33		
HP_ABNORMAL_RETINAL_ARTERY_MORPHOLOGY	69	32		
HP_RETINAL_ARTERIAL_TORTUOSITY	12		Rejected!	
HP_LACRIMATION_ABNORMALITY	78	39		
HP_DECREASED_LACRIMATION	23		Rejected!	
HP_BLUE_IRIDES	44	20		
HP_UPPER_EYELID_COLOBOMA	6		Rejected!	
HP_LONG_PALPEBRAL_FISSURE	80	52		
HP_GAZE_EVOKED_NYSTAGMUS	43	24		
HP_DYSMETRIC_SACCADES	17		Rejected!	
HP_RED_GREEN_DYSCHROMATOPSIA	8		Rejected!	
HP_AMBLYOPIA	88	46		
HP_SCLEROCORNEA	45	27		
HP_OPTIC_ATROPHY	590	398		
HP_ABNORMALITY_OF_VISUAL_EVOKED_POTENTIALS	54	41		
HP_DIPLOPIA	80	47		
HP_LOWER_EYELID_COLOBOMA	7		Rejected!	
HP_SPARSE_EYELASHES	67	38		
HP_DECREASED_LIGHT_AND_DARK_ADAPTED_ELECTRORETINOGRAM_AMPLITUDE	17		Rejected!	
HP_ECTROPION	58	34		
HP_OCULOMOTOR_APRAXIA	95	74		
HP_EYELID_APRAXIA	5		Rejected!	
HP_PETERS_ANOMALY	19		Rejected!	
HP_LIPEMIA_RETINALIS	5		Rejected!	
HP_NYCTALOPIA	187	96		
HP_HORIZONTAL_NYSTAGMUS	73	46		
HP_PHTHISIS_BULBI	12		Rejected!	
HP_HYPODONTIA	198	117		
HP_CARIOUS_TEETH	169	97		
HP_ANODONTIA	17		Rejected!	
HP_MACRODONTIA_OF_PERMANENT_MAXILLARY_CENTRAL_INCISOR	10		Rejected!	
HP_ABNORMALITY_OF_THE_INCISOR	126	74		
HP_OLIGODONTIA	52	32		
HP_DENTAL_CROWDING	102	58		
HP_DELAYED_ERUPTION_OF_PRIMARY_TEETH	15		Rejected!	
HP_DELAYED_ERUPTION_OF_TEETH	196	115		
HP_HYPOPLASIA_OF_TEETH	105	62		
HP_WIDELY_SPACED_TEETH	97	67		
HP_DENTAL_MALOCCLUSION	135	74		
HP_MICRODONTIA	133	75		
HP_TOOTH_MALPOSITION	338	209		
HP_NATAL_TOOTH	31	18		
HP_DELAYED_ERUPTION_OF_PERMANENT_TEETH	31	17		
HP_CONICAL_TOOTH	47	21		
HP_DIASTEMA	20	16		
HP_PERIODONTITIS	35	25		
HP_AMELOGENESIS_IMPERFECTA	31		Rejected!	
HP_ERUPTION_FAILURE	17		Rejected!	
HP_PSYCHOSIS	121	64		
HP_HYPERORALITY	14		Rejected!	
HP_RESTLESSNESS	123	86		
HP_EMOTIONAL_LABILITY	147	104		
HP_AGITATION	103	73		
HP_DEPRESSION	381	231		
HP_AUTISM	207	119		
HP_AGGRESSIVE_BEHAVIOR	233	154		
HP_INAPPROPRIATE_BEHAVIOR	52	35		
HP_MOOD_SWINGS	10		Rejected!	
HP_OBSESSIVE_COMPULSIVE_BEHAVIOR	126	75		
HP_RESTRICTIVE_BEHAVIOR	19		Rejected!	
HP_PSYCHOTIC_EPISODES	7		Rejected!	
HP_DEMENTIA	184	118		
HP_FRONTAL_LOBE_DEMENTIA	19		Rejected!	
HP_AUTISTIC_BEHAVIOR	630	403		
HP_INFLEXIBLE_ADHERENCE_TO_ROUTINES_OR_RITUALS	5		Rejected!	
HP_STEREOTYPY	252	159		
HP_DISINHIBITION	198	122		
HP_IMPAIRED_SOCIAL_INTERACTIONS	129	80		
HP_SHORT_ATTENTION_SPAN	477	286		
HP_IRRITABILITY	212	129		
HP_HALLUCINATIONS	144	91		
HP_SELF_MUTILATION	37	22		
HP_LOW_FRUSTRATION_TOLERANCE	16		Rejected!	
HP_DIMINISHED_MOTIVATION	78	51		
HP_DELUSIONS	47	26		
HP_INAPPROPRIATE_LAUGHTER	29	19		
HP_PAROXYSMAL_BURSTS_OF_LAUGHTER	8		Rejected!	
HP_PERSONALITY_CHANGES	53	28		
HP_HYPERACTIVITY	516	326		
HP_LACK_OF_INSIGHT	11		Rejected!	
HP_IMPAIRED_USE_OF_NONVERBAL_BEHAVIORS	5		Rejected!	
HP_ABNORMAL_PERIPHERAL_NERVOUS_SYSTEM_MORPHOLOGY	548	335		
HP_SENSORY_NEUROPATHY	101	65		
HP_PERIPHERAL_AXONAL_DEGENERATION	189	119		
HP_ABNORMAL_THORAX_MORPHOLOGY	850		Rejected!	
HP_ABNORMAL_STERNUM_MORPHOLOGY	411	262		
HP_PECTUS_EXCAVATUM	276	183		
HP_PECTUS_CARINATUM	144	95		
HP_ABNORMALITY_OF_THE_BREAST	389	252		
HP_GYNECOMASTIA	94	44		
HP_ABNORMALITY_OF_THE_RIBS	292	169		
HP_SHORT_RIBS	66	41		
HP_ABNORMALITY_OF_THE_DIAPHRAGM	106	58		
HP_CONGENITAL_DIAPHRAGMATIC_HERNIA	88	49		
HP_ABNORMALITY_OF_THE_THYMUS	51	37		
HP_ABNORMAL_SCAPULA_MORPHOLOGY	155	89		
HP_PRIMARY_AMENORRHEA	122	50		
HP_NEPHROLITHIASIS	125	61		
HP_INFERTILITY	198	47		
HP_URIC_ACID_NEPHROLITHIASIS	5		Rejected!	
HP_MEMBRANOPROLIFERATIVE_GLOMERULONEPHRITIS	9		Rejected!	
HP_ABNORMALITY_OF_THE_URETHRA	427	275		
HP_URETHRAL_OBSTRUCTION	66	37		
HP_OLIGOSPERMIA	41		Rejected!	
HP_RENAL_STEATOSIS	11		Rejected!	
HP_CYSTIC_RENAL_DYSPLASIA	7		Rejected!	
HP_IMPOTENCE	54	29		
HP_RENAL_CORTICAL_CYSTS	18		Rejected!	
HP_ENURESIS	22		Rejected!	
HP_GLANDULAR_HYPOSPADIAS	5		Rejected!	
HP_PENOSCROTAL_HYPOSPADIAS	7		Rejected!	
HP_ABNORMAL_EXTERNAL_GENITALIA	1143		Rejected!	
HP_ABNORMAL_INTERNAL_GENITALIA	513	306		
HP_BICORNUATE_UTERUS	49	30		
HP_HYPERGONADOTROPIC_HYPOGONADISM	59	33		
HP_ABNORMALITY_OF_KREBS_CYCLE_METABOLISM	19		Rejected!	
HP_POOR_EYE_CONTACT	89	58		
HP_ABNORMALITY_OF_THE_THYROID_GLAND	453	258		
HP_DELAYED_PUBERTY	183	100		
HP_HYPERINSULINEMIC_HYPOGLYCEMIA	24		Rejected!	
HP_ABNORMALITY_OF_THE_PARATHYROID_GLAND	86	43		
HP_HYPOPARATHYROIDISM	45	17		
HP_INSULIN_RESISTANT_DIABETES_MELLITUS	39	18		
HP_ABNORMALITY_OF_THE_ADRENAL_GLANDS	207	123		
HP_ADRENAL_HYPOPLASIA	29		Rejected!	
HP_HYPERTHYROIDISM	34	22		
HP_INCREASED_CIRCULATING_GONADOTROPIN_LEVEL	64	28		
HP_PITUITARY_DWARFISM	10		Rejected!	
HP_HYPERACTIVE_RENIN_ANGIOTENSIN_SYSTEM	10		Rejected!	
HP_HYPERPARATHYROIDISM	25		Rejected!	
HP_ELEVATED_CIRCULATING_GROWTH_HORMONE_CONCENTRATION	13		Rejected!	
HP_ADRENAL_INSUFFICIENCY	101	61		
HP_ABNORMALITY_OF_RENIN_ANGIOTENSIN_SYSTEM	31		Rejected!	
HP_INCREASED_CIRCULATING_RENIN_LEVEL	18		Rejected!	
HP_ADRENOCORTICAL_ABNORMALITY	13		Rejected!	
HP_CONGENITAL_HYPOTHYROIDISM	32	16		
HP_PSEUDOHYPOPARATHYROIDISM	6		Rejected!	
HP_GOITER	54	28		
HP_THYROID_ADENOMA	13		Rejected!	
HP_INSULIN_RESISTANCE	80	36		
HP_NEONATAL_INSULIN_DEPENDENT_DIABETES_MELLITUS	21		Rejected!	
HP_IRREGULAR_MENSTRUATION	31	19		
HP_HYPERALDOSTERONISM	23		Rejected!	
HP_CENTRAL_DIABETES_INSIPIDUS	19		Rejected!	
HP_ABNORMALITY_OF_THE_HYPOTHALAMUS_PITUITARY_AXIS	362	196		
HP_DECREASED_FERTILITY_IN_FEMALES	83	22		
HP_SECONDARY_AMENORRHEA	53	27		
HP_INCREASED_CIRCULATING_PROLACTIN_CONCENTRATION	24	20		
HP_PANHYPOPITUITARISM	29		Rejected!	
HP_HASHIMOTO_THYROIDITIS	16		Rejected!	
HP_DIABETES_INSIPIDUS	60	29		
HP_EPISODIC_HYPERTENSION	7		Rejected!	
HP_OLIGOMENORRHEA	39	21		
HP_11_PAIRS_OF_RIBS	38	27		
HP_SHORT_STERNUM	9		Rejected!	
HP_THIN_RIBS	48	25		
HP_PROMINENT_STERNUM	12		Rejected!	
HP_BROAD_RIBS	23		Rejected!	
HP_DEFORMED_RIB_CAGE	8		Rejected!	
HP_CUPPED_RIBS	23		Rejected!	
HP_HORIZONTAL_RIBS	14		Rejected!	
HP_ABNORMAL_CLAVICLE_MORPHOLOGY	102	54		
HP_LONG_CLAVICLES	15		Rejected!	
HP_CERVICAL_RIBS	10		Rejected!	
HP_BIFID_RIBS	17		Rejected!	
HP_SHORT_CLAVICLES	34	19		
HP_LATERAL_CLAVICLE_HOOK	15		Rejected!	
HP_RACHITIC_ROSARY	6		Rejected!	
HP_THICKENED_RIBS	8		Rejected!	
HP_RIB_FUSION	43	25		
HP_FLARING_OF_RIB_CAGE	6		Rejected!	
HP_ANTERIOR_RIB_CUPPING	15		Rejected!	
HP_SPRENGEL_ANOMALY	53	37		
HP_SHIELD_CHEST	15		Rejected!	
HP_PECTUS_EXCAVATUM_OF_INFERIOR_STERNUM	5		Rejected!	
HP_BROAD_CLAVICLES	10		Rejected!	
HP_ABNORMALITY_OF_THE_COSTOCHONDRAL_JUNCTION	18		Rejected!	
HP_ENLARGEMENT_OF_THE_COSTOCHONDRAL_JUNCTION	9		Rejected!	
HP_MISSING_RIBS	54	33		
HP_POSTERIOR_RIB_CUPPING	5		Rejected!	
HP_BEADED_RIBS	7		Rejected!	
HP_PLATYSPONDYLY	114	72		
HP_ABNORMALITY_OF_SKELETAL_MATURATION	378	232		
HP_CHONDROCALCINOSIS	22		Rejected!	
HP_THICKENED_CORTEX_OF_LONG_BONES	12		Rejected!	
HP_OSTEOPENIA	265	148		
HP_OSTEOPOROSIS	285	152		
HP_ABNORMAL_DIAPHYSIS_MORPHOLOGY	298	168		
HP_DYSOSTOSIS_MULTIPLEX	22	21		
HP_ABNORMALITY_OF_THE_METAPHYSIS	219	145		
HP_HYPOPLASTIC_ILIA	52	32		
HP_DUMBBELL_SHAPED_LONG_BONE	6		Rejected!	
HP_JAUNDICE	198	113		
HP_HYPERPIGMENTATION_OF_THE_SKIN	340	249		
HP_SINGLE_TRANSVERSE_PALMAR_CREASE	159	116		
HP_ACANTHOSIS_NIGRICANS	43	29		
HP_CAFE_AU_LAIT_SPOT	159	130		
HP_DRY_SKIN	152	98		
HP_CYANOSIS	97	44		
HP_HYPERKERATOSIS	253	129		
HP_THIN_SKIN	76	49		
HP_ECZEMA	141	92		
HP_CUTIS_MARMORATA	64	46		
HP_HYPOHIDROSIS	71	31		
HP_PETECHIAE	51	35		
HP_ECTODERMAL_DYSPLASIA	28		Rejected!	
HP_ANHIDROSIS	27	17		
HP_ABNORMAL_SWEAT_GLAND_MORPHOLOGY	10		Rejected!	
HP_CUTIS_LAXA	122	75		
HP_HYPEREXTENSIBLE_SKIN	67	34		
HP_HYPERHIDROSIS	135	75		
HP_ECZEMATOID_DERMATITIS	11		Rejected!	
HP_SOFT_SKIN	36	16		
HP_BRUISING_SUSCEPTIBILITY	148	93		
HP_PURPURA	110	66		
HP_PALLOR	150	97		
HP_SKIN_RASH	125	75		
HP_PRURITUS	122	64		
HP_XANTHOMATOSIS	27		Rejected!	
HP_CUTANEOUS_PHOTOSENSITIVITY	90	59		
HP_MOLLUSCOID_PSEUDOTUMORS	6		Rejected!	
HP_MELANOCYTIC_NEVUS	60	39		
HP_FACIAL_CAPILLARY_HEMANGIOMA	10		Rejected!	
HP_HYPERTRICHOSIS	259	185		
HP_PYODERMA	5		Rejected!	
HP_ABNORMALITY_OF_SKIN_PIGMENTATION	516	340		
HP_ABNORMALITY_OF_SUBCUTANEOUS_FAT_TISSUE	49	34		
HP_MULTIPLE_LENTIGINES	14		Rejected!	
HP_LYMPHEDEMA	69	43		
HP_DERMATOLOGICAL_MANIFESTATIONS_OF_SYSTEMIC_DISORDERS	290	154		
HP_HIRSUTISM	190	139		
HP_TELANGIECTASIA	152	104		
HP_HYPOPIGMENTATION_OF_THE_SKIN	202	144		
HP_MULTIPLE_LIPOMAS	39	19		
HP_ANGIOKERATOMA	6		Rejected!	
HP_ANEMIC_PALLOR	8		Rejected!	
HP_ABNORMAL_PALMAR_DERMATOGLYPHICS	205	147		
HP_ERYTHRODERMA	55	35		
HP_ALBINISM	19		Rejected!	
HP_URTICARIA	52	33		
HP_PENETRATING_FOOT_ULCERS	5		Rejected!	
HP_SOFT_DOUGHY_SKIN	11		Rejected!	
HP_POIKILODERMA	20	17		
HP_FRAGILE_SKIN	34		Rejected!	
HP_SUBCUTANEOUS_LIPOMA	7		Rejected!	
HP_ABSENT_DISTAL_INTERPHALANGEAL_CREASES	6		Rejected!	
HP_PARAKERATOSIS	25		Rejected!	
HP_FACIAL_ERYTHEMA	8		Rejected!	
HP_VITILIGO	32		Rejected!	
HP_INTERMITTENT_JAUNDICE	9		Rejected!	
HP_ATOPIC_DERMATITIS	19		Rejected!	
HP_CAVERNOUS_HEMANGIOMA	30	23		
HP_SEBORRHEIC_DERMATITIS	25	16		
HP_HYPOPIGMENTED_SKIN_PATCHES	116	84		
HP_NUMEROUS_NEVI	9		Rejected!	
HP_ERYSIPELAS	10		Rejected!	
HP_MILIA	19		Rejected!	
HP_APLASIA_CUTIS_CONGENITA	38	23		
HP_POOR_WOUND_HEALING	27		Rejected!	
HP_PTERYGIUM	38	21		
HP_AXILLARY_PTERYGIUM	9		Rejected!	
HP_ACNE	59	33		
HP_STRIAE_DISTENSAE	22		Rejected!	
HP_NEUROFIBROMAS	19	18		
HP_EPISODIC_HYPERHIDROSIS	27	17		
HP_MOTTLED_PIGMENTATION	8		Rejected!	
HP_THICKENED_SKIN	419	234		
HP_CIGARETTE_PAPER_SCARS	10		Rejected!	
HP_ATROPHIC_SCARS	36		Rejected!	
HP_BILIARY_TRACT_ABNORMALITY	100	56		
HP_CHOLECYSTITIS	20		Rejected!	
HP_ECTOPIA_LENTIS	39	16		
HP_PAPILLEDEMA	72	53		
HP_DEVELOPMENTAL_GLAUCOMA	66	43		
HP_BRUSHFIELD_SPOTS	14		Rejected!	
HP_IRIS_ATROPHY	6		Rejected!	
HP_ABNORMALLY_LARGE_GLOBE	39	23		
HP_ABSENT_LACRIMAL_PUNCTUM	5		Rejected!	
HP_OPTIC_NERVE_DYSPLASIA	7		Rejected!	
HP_IRIDOCYCLITIS	11		Rejected!	
HP_KERATOCONJUNCTIVITIS	47	22		
HP_HETEROCHROMIA_IRIDIS	22		Rejected!	
HP_ANGIOID_STREAKS_OF_THE_FUNDUS	10		Rejected!	
HP_ABNORMAL_MACULAR_MORPHOLOGY	187	86		
HP_MACULAR_HYPOPLASIA	9		Rejected!	
HP_RETINAL_ATROPHY	140	76		
HP_OCULAR_ALBINISM	29	21		
HP_LEBER_OPTIC_ATROPHY	10		Rejected!	
HP_XANTHELASMA	13		Rejected!	
HP_POSTERIOR_POLAR_CATARACT	8		Rejected!	
HP_MACULAR_COLOBOMA	9		Rejected!	
HP_SUDDEN_LOSS_OF_VISUAL_ACUITY	5		Rejected!	
HP_JUVENILE_CATARACT	11		Rejected!	
HP_ABNORMALITY_OF_CORNEAL_SIZE	177	97		
HP_VISUAL_FIELD_DEFECT	225	114		
HP_CRYPTOPHTHALMOS	5		Rejected!	
HP_CORNEAL_DYSTROPHY	36		Rejected!	
HP_LENS_SUBLUXATION	12		Rejected!	
HP_CONSTRICTION_OF_PERIPHERAL_VISUAL_FIELD	86	48		
HP_CHORIORETINAL_DYSTROPHY	6		Rejected!	
HP_RETINAL_ARTERIOLAR_TORTUOSITY	38	20		
HP_ALTERNATING_ESOTROPIA	7		Rejected!	
HP_OPTIC_NEUROPATHY	58	35		
HP_CHOROIDEREMIA	8		Rejected!	
HP_LIMBAL_DERMOID	6		Rejected!	
HP_SEVERELY_REDUCED_VISUAL_ACUITY	40	16		
HP_LENTICONUS	9		Rejected!	
HP_ORBITAL_CYST	6		Rejected!	
HP_RETINAL_EXUDATE	7		Rejected!	
HP_IMPAIRED_HORIZONTAL_SMOOTH_PURSUIT	7		Rejected!	
HP_SACCADIC_SMOOTH_PURSUIT	20		Rejected!	
HP_SEPTATE_VAGINA	11		Rejected!	
HP_BRACHYDACTYLY	348	214		
HP_SYNDACTYLY	387	228		
HP_HAND_POLYDACTYLY	182	109		
HP_POSTAXIAL_HAND_POLYDACTYLY	99	66		
HP_ABNORMALITY_OF_THE_METACARPAL_BONES	206	124		
HP_ARACHNODACTYLY	115	67		
HP_ABNORMALITY_OF_FINGER	1115		Rejected!	
HP_BROAD_PALM	27	18		
HP_ABNORMAL_THUMB_MORPHOLOGY	403	256		
HP_LARGE_HANDS	36	28		
HP_PREAXIAL_HAND_POLYDACTYLY	56	31		
HP_ULNAR_CLAW	9		Rejected!	
HP_HAND_OLIGODACTYLY	12		Rejected!	
HP_ADDUCTED_THUMB	108	57		
HP_TAPERED_FINGER	115	76		
HP_HYPEREXTENSIBILITY_OF_THE_FINGER_JOINTS	19		Rejected!	
HP_HAND_CLENCHING	25	15		
HP_ABNORMALITY_OF_THE_CARPAL_BONES	82	44		
HP_ULNAR_DEVIATION_OF_THE_HAND_OR_OF_FINGERS_OF_THE_HAND	51	19		
HP_ABNORMALITIES_OF_PLACENTA_OR_UMBILICAL_CORD	81	38		
HP_SHORT_UMBILICAL_CORD	5		Rejected!	
HP_ABNORMALITY_OF_PRENATAL_DEVELOPMENT_OR_BIRTH	934		Rejected!	
HP_TRIPHALANGEAL_THUMB	68	49		
HP_DISTAL_SYMPHALANGISM_OF_HANDS	5		Rejected!	
HP_ABNORMAL_FINGERTIP_MORPHOLOGY	111	74		
HP_DELAYED_OSSIFICATION_OF_CARPAL_BONES	15		Rejected!	
HP_CLUBBING	138	71		
HP_AUTOAMPUTATION	15		Rejected!	
HP_ABNORMALITY_OF_THE_THENAR_EMINENCE	31	22		
HP_BROAD_METACARPALS	17		Rejected!	
HP_ABNORMAL_FINGERNAIL_MORPHOLOGY	194	116		
HP_2_3_FINGER_SYNDACTYLY	12		Rejected!	
HP_SLENDER_FINGER	136	81		
HP_WRIST_FLEXION_CONTRACTURE	27		Rejected!	
HP_CAPITATE_HAMATE_FUSION	8		Rejected!	
HP_SMALL_THENAR_EMINENCE	8		Rejected!	
HP_LETHARGY	210	131		
HP_INTELLECTUAL_DISABILITY_MILD	418	273		
HP_SPASTICITY	865		Rejected!	
HP_SPASTIC_PARAPLEGIA	128	98		
HP_COMA	92	61		
HP_DYSARTHRIA	533	360		
HP_EXCESSIVE_DAYTIME_SOMNOLENCE	66	42		
HP_SPASTIC_DIPLEGIA	36	29		
HP_HYPOREFLEXIA	370	218		
HP_CHOREOATHETOSIS	100	71		
HP_MENTAL_DETERIORATION	333	208		
HP_HEMIPARESIS	97	50		
HP_MOTOR_DELAY	752	452		
HP_POLYNEUROPATHY	63	37		
HP_CEREBELLAR_ATROPHY	361	261		
HP_ABNORMAL_CORPUS_CALLOSUM_MORPHOLOGY	868		Rejected!	
HP_AGENESIS_OF_CORPUS_CALLOSUM	312	197		
HP_HYPERTONIA	1058		Rejected!	
HP_ORTHOSTATIC_HYPOTENSION	41	22		
HP_SYNCOPE	108	42		
HP_TETANY	21		Rejected!	
HP_BULBAR_PALSY	46	28		
HP_AREFLEXIA	261	173		
HP_SPASTIC_TETRAPARESIS	63	48		
HP_MENINGITIS	75	39		
HP_GAIT_DISTURBANCE	1099		Rejected!	
HP_CONFUSION	68	43		
HP_GENERALIZED_HYPOTONIA	962		Rejected!	
HP_ABNORMAL_CRANIAL_NERVE_MORPHOLOGY	261	150		
HP_CRANIAL_NERVE_COMPRESSION	39	30		
HP_STROKE	168	82		
HP_ENCEPHALOPATHY	287	189		
HP_PARKINSONISM	117	73		
HP_TORSION_DYSTONIA	8		Rejected!	
HP_TONGUE_FASCICULATIONS	27	18		
HP_DYSMETRIA	160	110		
HP_ABNORMAL_NERVOUS_SYSTEM_ELECTROPHYSIOLOGY	625	402		
HP_GIANT_SOMATOSENSORY_EVOKED_POTENTIALS	6		Rejected!	
HP_REDUCED_TENDON_REFLEXES	544	341		
HP_NEONATAL_HYPOTONIA	194	123		
HP_CEREBELLAR_HYPOPLASIA	386	282		
HP_MUSCLE_WEAKNESS	948		Rejected!	
HP_HYPOGLYCEMIC_COMA	19		Rejected!	
HP_EEG_WITH_IRREGULAR_GENERALIZED_SPIKE_AND_WAVE_COMPLEXES	13		Rejected!	
HP_PHOTOSENSITIVE_MYOCLONIC_SEIZURE	9		Rejected!	
HP_SPECIFIC_LEARNING_DISABILITY	272	158		
HP_ABSENT_SEPTUM_PELLUCIDUM	109	68		
HP_DYSTONIA	525	351		
HP_COMMUNICATING_HYDROCEPHALUS	17		Rejected!	
HP_BIMANUAL_SYNKINESIA	31		Rejected!	
HP_MYOCLONUS	354	212		
HP_TREMOR	561	341		
HP_PARTIAL_AGENESIS_OF_THE_CORPUS_CALLOSUM	37	30		
HP_LISSENCEPHALY	159	113		
HP_CEREBRAL_HEMORRHAGE	64	44		
HP_ABSENT_SPEECH	323	232		
HP_PSYCHOTIC_MENTATION	29		Rejected!	
HP_HYPERREFLEXIA	726	481		
HP_BRISK_REFLEXES	56	35		
HP_FACIAL_DIPLEGIA	43	23		
HP_SLURRED_SPEECH	39	21		
HP_MEGALENCEPHALY	41	25		
HP_PLAGIOCEPHALY	115	79		
HP_HOLOPROSENCEPHALY	75	46		
HP_NYSTAGMUS_INDUCED_HEAD_NODDING	25		Rejected!	
HP_CALVARIAL_SKULL_DEFECT	24		Rejected!	
HP_CRANIOSYNOSTOSIS	161	115		
HP_ABNORMAL_JOINT_MORPHOLOGY	1057		Rejected!	
HP_ARTHRITIS	207	104		
HP_RHEUMATOID_ARTHRITIS	19		Rejected!	
HP_JOINT_DISLOCATION	350	217		
HP_CONGENITAL_HIP_DISLOCATION	77	44		
HP_LIMITATION_OF_JOINT_MOBILITY	401	226		
HP_LIMITED_ELBOW_EXTENSION	43	23		
HP_JOINT_HYPERMOBILITY	357	237		
HP_HIP_DYSPLASIA	186	127		
HP_JOINT_SWELLING	51	20		
HP_JOINT_STIFFNESS	196	118		
HP_JOINT_LAXITY	233	147		
HP_ABNORMALITY_OF_THE_LIVER	1008		Rejected!	
HP_CIRRHOSIS	140	88		
HP_HEPATIC_FIBROSIS	129	95		
HP_CHOLESTASIS	249	147		
HP_HEPATIC_FAILURE	149	100		
HP_HEPATOCELLULAR_CARCINOMA	63	38		
HP_MACROVESICULAR_HEPATIC_STEATOSIS	12		Rejected!	
HP_PERIPORTAL_FIBROSIS	7		Rejected!	
HP_HEPATIC_CYSTS	19		Rejected!	
HP_BILE_DUCT_PROLIFERATION	15		Rejected!	
HP_MICRONODULAR_CIRRHOSIS	21		Rejected!	
HP_MICROVESICULAR_HEPATIC_STEATOSIS	14		Rejected!	
HP_X_LINKED_RECESSIVE_INHERITANCE	182	104		
HP_ABNORMALITY_OF_THE_MUSCULATURE_OF_THE_HAND	98	58		
HP_X_LINKED_DOMINANT_INHERITANCE	60	38		
HP_HETEROGENEOUS	236	98		
HP_MULTIFACTORIAL_INHERITANCE	86	22		
HP_MITOCHONDRIAL_INHERITANCE	30		Rejected!	
HP_SOMATIC_MUTATION	171	124		
HP_ABNORMALITY_OF_THE_CALF_MUSCULATURE	64	33		
HP_HEPATOSPLENOMEGALY	138	104		
HP_ABNORMALITY_OF_THE_SHOULDER_GIRDLE_MUSCULATURE	122	60		
HP_ABNORMALITY_OF_THE_FOOT_MUSCULATURE	10		Rejected!	
HP_ABNORMALITY_OF_THE_MUSCULATURE_OF_THE_LOWER_LIMBS	95	52		
HP_ABNORMAL_ABDOMEN_MORPHOLOGY	724	490		
HP_METATARSAL_SYNOSTOSIS	6		Rejected!	
HP_ABNORMALITY_OF_THE_MUSCULATURE_OF_THE_THIGH	17		Rejected!	
HP_SOMATIC_MOSAICISM	12		Rejected!	
HP_ABNORMALITY_OF_THE_MUSCULATURE_OF_THE_UPPER_LIMBS	222	126		
HP_Y_LINKED_INHERITANCE	17		Rejected!	
HP_ABNORMALITY_OF_THE_UPPER_ARM	66	36		
HP_ABNORMALITY_OF_THE_MUSCULATURE_OF_THE_UPPER_ARM	12		Rejected!	
HP_APLASIA_HYPOPLASIA_INVOLVING_THE_SKELETAL_MUSCULATURE	49	24		
HP_CONTIGUOUS_GENE_SYNDROME	5		Rejected!	
HP_APLASIA_HYPOPLASIA_INVOLVING_THE_MUSCULATURE_OF_THE_UPPER_LIMBS	5		Rejected!	
HP_DELAYED_CLOSURE_OF_THE_ANTERIOR_FONTANELLE	26	18		
HP_FRECKLING	46	34		
HP_SUBCUTANEOUS_NODULE	85	48		
HP_BILATERAL_PTOSIS	50	26		
HP_CARPAL_BONE_HYPOPLASIA	12		Rejected!	
HP_BROAD_FINGER	154	88		
HP_FAILURE_TO_THRIVE	981		Rejected!	
HP_INTRAUTERINE_GROWTH_RETARDATION	529	382		
HP_SMALL_FOR_GESTATIONAL_AGE	243	143		
HP_DISPROPORTIONATE_TALL_STATURE	84	56		
HP_LARGE_FOR_GESTATIONAL_AGE	48	29		
HP_DEATH_IN_INFANCY	184	128		
HP_SEVERE_FAILURE_TO_THRIVE	17		Rejected!	
HP_HEMIHYPERTROPHY	15		Rejected!	
HP_MILD_POSTNATAL_GROWTH_RETARDATION	16		Rejected!	
HP_FAILURE_TO_THRIVE_IN_INFANCY	137	81		
HP_SLENDER_BUILD	33	19		
HP_PROTUBERANT_ABDOMEN	32	19		
HP_OMPHALOCELE	82	38		
HP_DIASTASIS_RECTI	27		Rejected!	
HP_ASCITES	100	75		
HP_PROMINENT_UMBILICUS	7		Rejected!	
HP_ANTERIORLY_PLACED_ANUS	54	32		
HP_ABNORMAL_RIB_CAGE_MORPHOLOGY	354	213		
HP_OVERGROWTH	33	21		
HP_ABNORMAL_ILEUM_MORPHOLOGY	66	41		
HP_ABNORMAL_UMBILICUS_MORPHOLOGY	282	154		
HP_BARREL_SHAPED_CHEST	21		Rejected!	
HP_ASYMMETRY_OF_THE_THORAX	9		Rejected!	
HP_PRENATAL_MOVEMENT_ABNORMALITY	210	113		
HP_ABNORMALITY_OF_THE_AMNIOTIC_FLUID	385	236		
HP_POLYHYDRAMNIOS	237	139		
HP_OLIGOHYDRAMNIOS	149	94		
HP_FETAL_POLYURIA	10		Rejected!	
HP_MULTIPLE_IMPACTED_TEETH	5		Rejected!	
HP_MACRODONTIA	70	50		
HP_PRIMARY_HYPERCORTISOLISM	9		Rejected!	
HP_RECURRENT_SKIN_INFECTIONS	104	70		
HP_REDUNDANT_SKIN	86	51		
HP_ROTARY_NYSTAGMUS	13		Rejected!	
HP_BELL_SHAPED_THORAX	28	16		
HP_SELECTIVE_TOOTH_AGENESIS	37	19		
HP_ABNORMAL_HAIR_MORPHOLOGY	1196		Rejected!	
HP_ALOPECIA	208	117		
HP_ABNORMALITY_OF_THE_NAIL	454	256		
HP_CONCAVE_NAIL	16		Rejected!	
HP_ABNORMALITY_OF_THE_LARYNX	184	108		
HP_LARYNGOMALACIA	67	39		
HP_LARYNGEAL_STENOSIS	14		Rejected!	
HP_VOCAL_CORD_PARESIS	8		Rejected!	
HP_VOCAL_CORD_PARALYSIS	45	30		
HP_SUBGLOTTIC_STENOSIS	12		Rejected!	
HP_ABNORMALITY_OF_THE_VOICE	490	299		
HP_HOARSE_VOICE	105	59		
HP_NASAL_SPEECH	137	81		
HP_WEAK_CRY	41	21		
HP_HOARSE_CRY	12		Rejected!	
HP_DYSPHONIA	113	78		
HP_HIGH_PITCHED_VOICE	39	29		
HP_WEAK_VOICE	23		Rejected!	
HP_PREMATURE_BIRTH	150	89		
HP_BREECH_PRESENTATION	26		Rejected!	
HP_MITRAL_VALVE_PROLAPSE	111	66		
HP_CONGESTIVE_HEART_FAILURE	230	131		
HP_TETRALOGY_OF_FALLOT	178	117		
HP_ABNORMAL_MYOCARDIUM_MORPHOLOGY	544	362		
HP_HYPERTROPHIC_CARDIOMYOPATHY	280	200		
HP_CARDIOMEGALY	124	81		
HP_ABNORMAL_PULMONARY_VALVE_MORPHOLOGY	67	46		
HP_PULMONIC_STENOSIS	124	83		
HP_PATENT_DUCTUS_ARTERIOSUS	316	211		
HP_DILATED_CARDIOMYOPATHY	167	84		
HP_ABNORMAL_AORTIC_VALVE_MORPHOLOGY	163	106		
HP_COR_PULMONALE	14		Rejected!	
HP_TACHYCARDIA	126	52		
HP_AORTIC_VALVE_STENOSIS	56	32		
HP_ABNORMAL_HEART_VALVE_MORPHOLOGY	335	209		
HP_PATENT_FORAMEN_OVALE	81	60		
HP_AORTIC_REGURGITATION	85	51		
HP_TRUNCUS_ARTERIOSUS	24	15		
HP_BRADYCARDIA	79	33		
HP_VENTRICULAR_FIBRILLATION	47		Rejected!	
HP_TORSADE_DE_POINTES	24		Rejected!	
HP_RIGHT_VENTRICULAR_HYPERTROPHY	22		Rejected!	
HP_TRANSPOSITION_OF_THE_GREAT_ARTERIES	76	19		
HP_ASYMMETRIC_SEPTAL_HYPERTROPHY	12		Rejected!	
HP_ABNORMAL_CARDIAC_SEPTUM_MORPHOLOGY	651	458		
HP_COMPLETE_ATRIOVENTRICULAR_CANAL_DEFECT	13		Rejected!	
HP_CORONARY_ARTERY_ATHEROSCLEROSIS	48	22		
HP_ABNORMAL_AORTIC_MORPHOLOGY	384	250		
HP_COARCTATION_OF_AORTA	120	78		
HP_ANGINA_PECTORIS	33	18		
HP_SUBVALVULAR_AORTIC_STENOSIS	16		Rejected!	
HP_SECUNDUM_ATRIAL_SEPTAL_DEFECT	14		Rejected!	
HP_MYOCARDIAL_FIBROSIS	13		Rejected!	
HP_LOSS_OF_VOICE	6		Rejected!	
HP_SINUS_BRADYCARDIA	27		Rejected!	
HP_ATRIAL_ARRHYTHMIA	75	22		
HP_CARDIAC_SHUNT	15		Rejected!	
HP_CARDIAC_ARREST	137	65		
HP_ABNORMAL_PERICARDIUM_MORPHOLOGY	69	33		
HP_PERICARDIAL_EFFUSION	36	22		
HP_SUDDEN_DEATH	116	55		
HP_PERICARDITIS	35		Rejected!	
HP_ABNORMAL_TRICUSPID_VALVE_MORPHOLOGY	41	20		
HP_TRICUSPID_VALVE_PROLAPSE	12		Rejected!	
HP_ENDOCARDIAL_FIBROELASTOSIS	7		Rejected!	
HP_ABNORMAL_RIGHT_VENTRICLE_MORPHOLOGY	48	23		
HP_THIRD_DEGREE_ATRIOVENTRICULAR_BLOCK	7		Rejected!	
HP_ABNORMAL_LEFT_VENTRICLE_MORPHOLOGY	116	63		
HP_LEFT_VENTRICULAR_HYPERTROPHY	95	50		
HP_ABNORMAL_CARDIAC_VENTRICLE_MORPHOLOGY	612	402		
HP_VENTRICULAR_HYPERTROPHY	138	74		
HP_MITRAL_STENOSIS	19		Rejected!	
HP_HIGH_OUTPUT_CONGESTIVE_HEART_FAILURE	6		Rejected!	
HP_RESTRICTIVE_CARDIOMYOPATHY	17		Rejected!	
HP_PROGRESSIVE_HEARING_IMPAIRMENT	58	21		
HP_ABNORMALITY_OF_THE_PANCREAS	304	170		
HP_PANCREATITIS	90	42		
HP_ANNULAR_PANCREAS	25	16		
HP_ACUTE_PANCREATITIS	7		Rejected!	
HP_PANCREATIC_CYSTS	33	23		
HP_PHIMOSIS	9		Rejected!	
HP_NASAL_CONGESTION	54		Rejected!	
HP_ABNORMALITY_OF_THE_SPLEEN	553	342		
HP_SPLENOMEGALY	358	238		
HP_ACCESSORY_SPLEEN	31	21		
HP_POLYSPLENIA	61		Rejected!	
HP_SINGLE_VENTRICLE	6		Rejected!	
HP_VESTIBULAR_DYSFUNCTION	139	74		
HP_VESTIBULAR_HYPOFUNCTION	13		Rejected!	
HP_HIGH_FREQUENCY_SENSORINEURAL_HEARING_IMPAIRMENT	6		Rejected!	
HP_PES_CAVUS	306	191		
HP_TALIPES_EQUINOVARUS	310	180		
HP_PES_PLANUS	319	195		
HP_HAMMERTOE	46	27		
HP_BROAD_FOOT	32	21		
HP_TOE_SYNDACTYLY	226	141		
HP_ACHILLES_TENDON_CONTRACTURE	37	22		
HP_TALIPES_EQUINOVALGUS	11		Rejected!	
HP_SHORT_FOOT	136	79		
HP_BILATERAL_TALIPES_EQUINOVARUS	16		Rejected!	
HP_ABNORMALITY_OF_TOE	682	431		
HP_BROAD_METATARSAL	12		Rejected!	
HP_ANKLE_SWELLING	11		Rejected!	
HP_NARROW_FOOT	5		Rejected!	
HP_ABNORMAL_DELIVERY	95	38		
HP_PREMATURE_RUPTURE_OF_MEMBRANES	10		Rejected!	
HP_HYDROPS_FETALIS	109	76		
HP_NONIMMUNE_HYDROPS_FETALIS	47	37		
HP_SMALL_NAIL	168	103		
HP_HYPERCONVEX_NAIL	18		Rejected!	
HP_ANONYCHIA	62	31		
HP_SHORT_NAIL	10		Rejected!	
HP_HYPOPLASTIC_TOENAILS	75	49		
HP_ABSENT_TOENAIL	18		Rejected!	
HP_NAIL_PITS	9		Rejected!	
HP_HYPOPLASTIC_FINGERNAIL	51	31		
HP_ONYCHOGRYPOSIS	24		Rejected!	
HP_ONYCHOLYSIS	16		Rejected!	
HP_RIDGED_NAIL	25	17		
HP_FRAGILE_NAILS	33	16		
HP_SPLIT_NAIL	9		Rejected!	
HP_DYSTROPHIC_TOENAIL	23		Rejected!	
HP_HYPERCONVEX_FINGERNAILS	10		Rejected!	
HP_DEEP_SET_NAILS	5		Rejected!	
HP_THIN_NAIL	14		Rejected!	
HP_ABSENT_FINGERNAIL	37	20		
HP_PARONYCHIA	15		Rejected!	
HP_LEUKONYCHIA	13		Rejected!	
HP_BROAD_NAIL	9		Rejected!	
HP_HALLUX_VALGUS	72	39		
HP_WEIGHT_LOSS	298	194		
HP_POSTAXIAL_FOOT_POLYDACTYLY	57	42		
HP_ABNORMAL_METATARSAL_MORPHOLOGY	139	84		
HP_LONG_FOOT	27	21		
HP_CAMPTODACTYLY_OF_TOE	14		Rejected!	
HP_BROAD_TOE	110	62		
HP_SPLIT_FOOT	6		Rejected!	
HP_METATARSUS_ADDUCTUS	44	26		
HP_PREAXIAL_FOOT_POLYDACTYLY	16		Rejected!	
HP_FOOT_ACROOSTEOLYSIS	9		Rejected!	
HP_ABNORMALITY_OF_THE_HALLUX	214	120		
HP_OVERLAPPING_TOE	56	39		
HP_LONG_HALLUX	15		Rejected!	
HP_FOOT_OLIGODACTYLY	10		Rejected!	
HP_ABNORMALITY_OF_THE_TARSAL_BONES	113	66		
HP_SANDAL_GAP	80	66		
HP_TOE_CLINODACTYLY	96	58		
HP_CLINODACTYLY_OF_THE_5TH_TOE	11		Rejected!	
HP_DEEP_PLANTAR_CREASES	18		Rejected!	
HP_ABNORMAL_THROMBOCYTE_MORPHOLOGY	406	307		
HP_ABNORMALITY_OF_NEUTROPHILS	271	203		
HP_PANCYTOPENIA	113	94		
HP_ABNORMAL_ERYTHROCYTE_MORPHOLOGY	612	415		
HP_HEMOLYTIC_ANEMIA	129	79		
HP_ABNORMAL_EOSINOPHIL_MORPHOLOGY	54	37		
HP_LEUKOPENIA	117	99		
HP_TALIPES_CALCANEOVALGUS	11		Rejected!	
HP_LYMPHOPENIA	130	98		
HP_MEGALOBLASTIC_ANEMIA	19		Rejected!	
HP_AUTOIMMUNE_HEMOLYTIC_ANEMIA	33	26		
HP_IRON_DEFICIENCY_ANEMIA	29		Rejected!	
HP_ABNORMAL_BLEEDING	469	295		
HP_THROMBOCYTOSIS	55	45		
HP_NORMOCHROMIC_ANEMIA	35	32		
HP_RETICULOCYTOPENIA	35	30		
HP_NORMOCYTIC_ANEMIA	18	16		
HP_INCREASED_HEMATOCRIT	9		Rejected!	
HP_INCREASED_HEMOGLOBIN	8		Rejected!	
HP_POLYCYTHEMIA	22		Rejected!	
HP_GIANT_PLATELETS	9		Rejected!	
HP_NEUTROPENIA_IN_PRESENCE_OF_ANTI_NEUTROPIL_ANTIBODIES	19		Rejected!	
HP_CONGENITAL_THROMBOCYTOPENIA	6		Rejected!	
HP_THROMBOEMBOLISM	32		Rejected!	
HP_HYPOPLASTIC_ANEMIA	6		Rejected!	
HP_LEUKEMIA	150	118		
HP_ABNORMAL_BASOPHIL_MORPHOLOGY	8		Rejected!	
HP_GRANULOCYTOPENIA	8		Rejected!	
HP_APLASTIC_ANEMIA	26	19		
HP_RENAL_AMYLOIDOSIS	7		Rejected!	
HP_ACUTE_KIDNEY_INJURY	38		Rejected!	
HP_VACUOLATED_LYMPHOCYTES	9		Rejected!	
HP_RETICULOCYTOSIS	46	22		
HP_SIDEROBLASTIC_ANEMIA	33	32		
HP_ACANTHOCYTOSIS	13		Rejected!	
HP_ABNORMALITY_OF_COAGULATION	195	135		
HP_REDUCED_FACTOR_XI_ACTIVITY	10		Rejected!	
HP_NONSPHEROCYTIC_HEMOLYTIC_ANEMIA	10		Rejected!	
HP_HYPOCHROMIC_ANEMIA	50	25		
HP_SUBCUTANEOUS_HEMORRHAGE	225	135		
HP_PERSISTENT_BLEEDING_AFTER_TRAUMA	11		Rejected!	
HP_MICROCYTIC_ANEMIA	41	25		
HP_MICROANGIOPATHIC_HEMOLYTIC_ANEMIA	13		Rejected!	
HP_METABOLIC_ACIDOSIS	142	96		
HP_DEHYDRATION	95	36		
HP_FEVER	356	211		
HP_KETOSIS	57	32		
HP_RENAL_TUBULAR_ACIDOSIS	49	25		
HP_ALKALOSIS	29		Rejected!	
HP_HYPOKALEMIC_ALKALOSIS	12		Rejected!	
HP_RESPIRATORY_ALKALOSIS	6		Rejected!	
HP_GLUCOSE_INTOLERANCE	447	227		
HP_DIABETIC_KETOACIDOSIS	9		Rejected!	
HP_RECURRENT_FEVER	63	37		
HP_UNEXPLAINED_FEVERS	17		Rejected!	
HP_TRUNCAL_OBESITY	50	39		
HP_NONKETOTIC_HYPOGLYCEMIA	11		Rejected!	
HP_HYPOKALEMIC_METABOLIC_ALKALOSIS	9		Rejected!	
HP_HYPOPLASTIC_HEART	37	16		
HP_PALPITATIONS	77	37		
HP_APLASIA_HYPOPLASIA_OF_METATARSAL_BONES	56	33		
HP_ABNORMAL_SCALP_MORPHOLOGY	354	245		
HP_ABNORMAL_GLOMERULAR_MESANGIUM_MORPHOLOGY	47	26		
HP_DIFFUSE_MESANGIAL_SCLEROSIS	39	23		
HP_TUBULOINTERSTITIAL_NEPHRITIS	24	16		
HP_HYPERSPLENISM	20	15		
HP_MACROCYTIC_ANEMIA	67	50		
HP_AUTOIMMUNE_THROMBOCYTOPENIA	41	32		
HP_LEUKOCYTOSIS	125	87		
HP_REDUCED_ANTITHROMBIN_III_ACTIVITY	12		Rejected!	
HP_ABNORMAL_THROMBOSIS	134	65		
HP_EXTRAMEDULLARY_HEMATOPOIESIS	18		Rejected!	
HP_SCHISTOCYTOSIS	11		Rejected!	
HP_SEA_BLUE_HISTIOCYTOSIS	5		Rejected!	
HP_HYPOKETOTIC_HYPOGLYCEMIA	15		Rejected!	
HP_HYPERTONIC_DEHYDRATION	5		Rejected!	
HP_HYPERAMMONEMIA	57	45		
HP_RECURRENT_HYPOGLYCEMIA	15		Rejected!	
HP_FETAL_AKINESIA_SEQUENCE	30		Rejected!	
HP_APLASIA_HYPOPLASIA_OF_TOE	164	91		
HP_ORGANIC_ACIDURIA	77	62		
HP_KETOACIDOSIS	31		Rejected!	
HP_RENAL_FANCONI_SYNDROME	13		Rejected!	
HP_HYPERCHLOREMIC_ACIDOSIS	13		Rejected!	
HP_GOUT	19		Rejected!	
HP_NEONATAL_HYPOGLYCEMIA	43	19		
HP_ABNORMAL_FACIAL_SHAPE	1102		Rejected!	
HP_SHORT_COLUMELLA	19		Rejected!	
HP_DEEP_PHILTRUM	62	43		
HP_LARGE_FOREHEAD	21	16		
HP_FACIAL_CLEFT	16		Rejected!	
HP_POTTER_FACIES	10		Rejected!	
HP_ABNORMALITY_OF_THE_ABDOMINAL_ORGANS	1243		Rejected!	
HP_VOMITING	303	164		
HP_DIARRHEA	344	201		
HP_DYSPHAGIA	477	285		
HP_NAUSEA_AND_VOMITING	500	293		
HP_NAUSEA	85	51		
HP_CONSTIPATION	396	227		
HP_GASTROESOPHAGEAL_REFLUX	435	264		
HP_ANAL_ATRESIA	132	85		
HP_MALABSORPTION	227	135		
HP_ANAL_STENOSIS	31		Rejected!	
HP_ABDOMINAL_PAIN	315	180		
HP_CHRONIC_DIARRHEA	71	56		
HP_ABNORMAL_ESOPHAGUS_MORPHOLOGY	205	122		
HP_ESOPHAGEAL_ATRESIA	33	16		
HP_POOR_SUCK	109	58		
HP_ABNORMAL_RECTUM_MORPHOLOGY	116	80		
HP_RECTAL_PROLAPSE	43	24		
HP_HIATUS_HERNIA	31	16		
HP_INFLAMMATION_OF_THE_LARGE_INTESTINE	74	44		
HP_PROTEIN_AVOIDANCE	5		Rejected!	
HP_ANOREXIA	96	65		
HP_ESOPHAGEAL_VARIX	31	18		
HP_INTRACTABLE_DIARRHEA	9		Rejected!	
HP_ESOPHAGEAL_STRICTURE	15		Rejected!	
HP_ZOLLINGER_ELLISON_SYNDROME	9		Rejected!	
HP_HYPOTHERMIA	49	16		
HP_HEAT_INTOLERANCE	21	16		
HP_MALIGNANT_HYPERTHERMIA	25		Rejected!	
HP_PROXIMAL_RENAL_TUBULAR_ACIDOSIS	11		Rejected!	
HP_ABNORMALITY_OF_THE_GLABELLA	20		Rejected!	
HP_MYOPATHIC_FACIES	47	24		
HP_LOWER_LIMB_SPASTICITY	209	160		
HP_MORPHOLOGICAL_ABNORMALITY_OF_THE_PYRAMIDAL_TRACT	79	51		
HP_RIGIDITY	189	108		
HP_SPASTIC_GAIT	68	49		
HP_GAIT_ATAXIA	210	133		
HP_BRADYKINESIA	103	57		
HP_NEUROMUSCULAR_DYSPHAGIA	11		Rejected!	
HP_BILATERAL_TONIC_CLONIC_SEIZURE	317	174		
HP_LIMB_ATAXIA	76	48		
HP_ABNORMALITY_OF_EXTRAPYRAMIDAL_MOTOR_FUNCTION	262	168		
HP_CHOREA	280	178		
HP_PROGRESSIVE_CEREBELLAR_ATAXIA	87	67		
HP_DYSDIADOCHOKINESIS	46	28		
HP_MIGRAINE	125	56		
HP_MIGRAINE_WITH_AURA	11		Rejected!	
HP_TRUNCAL_ATAXIA	58	38		
HP_HYPOPLASIA_OF_THE_CORPUS_CALLOSUM	505	358		
HP_MIGRAINE_WITHOUT_AURA	6		Rejected!	
HP_ENCEPHALOCELE	112	64		
HP_OCCIPITAL_ENCEPHALOCELE	30	20		
HP_ABNORMALITY_OF_THE_UPPER_RESPIRATORY_TRACT	426	254		
HP_PULMONARY_HYPOPLASIA	121	61		
HP_PNEUMONIA	254	157		
HP_RESTRICTIVE_VENTILATORY_DEFECT	89	44		
HP_RESPIRATORY_INSUFFICIENCY	589	351		
HP_DYSPNEA	384	214		
HP_EMPHYSEMA	51	25		
HP_RESPIRATORY_DISTRESS	183	106		
HP_ASTHMA	105	56		
HP_RECURRENT_ASPIRATION_PNEUMONIA	23	15		
HP_ABNORMAL_LUNG_LOBATION	39	23		
HP_PLEURITIS	25		Rejected!	
HP_ABNORMAL_PLEURA_MORPHOLOGY	137	69		
HP_APNEA	306	195		
HP_HEMOPTYSIS	65	23		
HP_PNEUMOTHORAX	46	21		
HP_SPONTANEOUS_PNEUMOTHORAX	8		Rejected!	
HP_BRONCHIECTASIS	128	61		
HP_PULMONARY_INFILTRATES	50	27		
HP_ABNORMAL_CEREBRAL_VENTRICLE_MORPHOLOGY	836		Rejected!	
HP_VENTRICULOMEGALY	663	457		
HP_CEREBRAL_CORTICAL_ATROPHY	344	243		
HP_GENERALIZED_MYOCLONIC_SEIZURE	169	88		
HP_POLYMICROGYRIA	255	183		
HP_ABNORMAL_UPPER_MOTOR_NEURON_MORPHOLOGY	19	18		
HP_EPISODIC_ATAXIA	26		Rejected!	
HP_PORENCEPHALIC_CYST	26	20		
HP_STATUS_EPILEPTICUS	196	118		
HP_ABNORMALITY_OF_THE_BASAL_GANGLIA	231	156		
HP_BASAL_GANGLIA_CALCIFICATION	45	23		
HP_BROAD_BASED_GAIT	85	56		
HP_SUBARACHNOID_HEMORRHAGE	34		Rejected!	
HP_ARRHINENCEPHALY	30	23		
HP_ISCHEMIC_STROKE	31		Rejected!	
HP_GAIT_IMBALANCE	73	50		
HP_ABNORMALITY_OF_THE_SPINAL_CORD	319	202		
HP_FRONTOTEMPORAL_DEMENTIA	29	25		
HP_HYPOPHOSPHATEMIA	45	25		
HP_HYPERURICEMIA	24		Rejected!	
HP_INCREASED_SERUM_LACTATE	195	149		
HP_HYPERKALEMIA	29		Rejected!	
HP_HYPERTRIGLYCERIDEMIA	81	51		
HP_HOMOCYSTINURIA	10		Rejected!	
HP_HEPARAN_SULFATE_EXCRETION_IN_URINE	7		Rejected!	
HP_HYPERHOMOCYSTINEMIA	11		Rejected!	
HP_LOW_POSTERIOR_HAIRLINE	101	71		
HP_NAIL_DYSPLASIA	157	74		
HP_IMPAIRED_VIBRATION_SENSATION_IN_THE_LOWER_LIMBS	46	28		
HP_SCANNING_SPEECH	13		Rejected!	
HP_CLONUS	92	61		
HP_INTRACRANIAL_HEMORRHAGE	137	83		
HP_GLIOSIS	94	74		
HP_POSTURAL_INSTABILITY	78	45		
HP_HYPOGLYCEMIC_SEIZURES	22		Rejected!	
HP_POSTURAL_TREMOR	56	30		
HP_SPINAL_CORD_COMPRESSION	29	18		
HP_OPISTHOTONUS	43	34		
HP_NEURODEGENERATION	82	63		
HP_CEREBRAL_EDEMA	28	18		
HP_PHONOPHOBIA	30	18		
HP_NEUROFIBRILLARY_TANGLES	21	15		
HP_APRAXIA	230	163		
HP_INTELLECTUAL_DISABILITY_PROFOUND	159	102		
HP_DELAYED_CNS_MYELINATION	81	61		
HP_CHOROID_PLEXUS_CYST	8		Rejected!	
HP_PROGRESSIVE_SPASTICITY	28	21		
HP_DELAYED_GROSS_MOTOR_DEVELOPMENT	331	220		
HP_DYSGENESIS_OF_THE_CEREBELLAR_VERMIS	7		Rejected!	
HP_MYELOPATHY	15		Rejected!	
HP_GENERALIZED_ONSET_SEIZURE	359	206		
HP_DILATED_FOURTH_VENTRICLE	144	97		
HP_HYPOCALCEMIC_SEIZURES	10		Rejected!	
HP_PSEUDOBULBAR_SIGNS	30	20		
HP_PLEURAL_EFFUSION	71	35		
HP_RESPIRATORY_PARALYSIS	9		Rejected!	
HP_PULMONARY_EMBOLISM	39	18		
HP_RECURRENT_RESPIRATORY_INFECTIONS	538	334		
HP_PULMONARY_FIBROSIS	85	44		
HP_COARSE_HAIR	49	38		
HP_SPARSE_SCALP_HAIR	111	75		
HP_WHITE_FORELOCK	13		Rejected!	
HP_CURLY_HAIR	29	23		
HP_FINE_HAIR	72	49		
HP_PREMATURE_GRAYING_OF_HAIR	42	28		
HP_SILVER_GRAY_HAIR	5		Rejected!	
HP_FACIAL_HYPERTRICHOSIS	159	110		
HP_ABSENT_AXILLARY_HAIR	9		Rejected!	
HP_ABSENT_EYEBROW	26	15		
HP_WOOLLY_HAIR	20		Rejected!	
HP_WHITE_EYEBROW	10		Rejected!	
HP_GENERALIZED_HIRSUTISM	91	68		
HP_SPARSE_BODY_HAIR	59	21		
HP_PATCHY_ALOPECIA	19		Rejected!	
HP_PILI_CANALICULI	6		Rejected!	
HP_GASTROINTESTINAL_HEMORRHAGE	146	86		
HP_HEPATOMEGALY	533	360		
HP_ABNORMAL_INTESTINE_MORPHOLOGY	827	481		
HP_PROTEIN_LOSING_ENTEROPATHY	16		Rejected!	
HP_ABNORMALITY_OF_THE_SMALL_INTESTINE	239	136		
HP_ABNORMAL_DUODENUM_MORPHOLOGY	82	56		
HP_DUODENAL_ATRESIA	41	23		
HP_HEMATEMESIS	14		Rejected!	
HP_MELENA	21		Rejected!	
HP_ABNORMAL_LARGE_INTESTINE_MORPHOLOGY	266	179		
HP_AGANGLIONIC_MEGACOLON	126	87		
HP_INTERMITTENT_DIARRHEA	17		Rejected!	
HP_CHRONIC_RHINITIS	55	15		
HP_EXAGGERATED_CUPID_S_BOW	23	15		
HP_LARGE_FLESHY_EARS	12		Rejected!	
HP_FOCAL_CLONIC_SEIZURE	23		Rejected!	
HP_EXAGGERATED_STARTLE_RESPONSE	20		Rejected!	
HP_PAROXYSMAL_DYSTONIA	18		Rejected!	
HP_ABNORMALITY_OF_NEURONAL_MIGRATION	482	343		
HP_ABNORMALITY_OF_THE_AUTONOMIC_NERVOUS_SYSTEM	263	159		
HP_TETRAPARESIS	104	74		
HP_POOR_MOTOR_COORDINATION	70	31		
HP_ENLARGED_CISTERNA_MAGNA	39	30		
HP_GRAY_MATTER_HETEROTOPIA	106	83		
HP_GLOBAL_BRAIN_ATROPHY	56	41		
HP_FAIR_HAIR	17		Rejected!	
HP_ALOPECIA_UNIVERSALIS	10		Rejected!	
HP_FRONTAL_BALDING	14		Rejected!	
HP_ALOPECIA_OF_SCALP	30	19		
HP_RED_HAIR	8		Rejected!	
HP_ABSENT_HAIR	48	27		
HP_BRITTLE_HAIR	46	24		
HP_MUTISM	55	38		
HP_HEMIPLEGIA	34		Rejected!	
HP_AKINESIA	35	17		
HP_ATHETOSIS	46	29		
HP_ARNOLD_CHIARI_MALFORMATION	89	59		
HP_OROFACIAL_DYSKINESIA	24		Rejected!	
HP_INCOORDINATION	224	136		
HP_CLUMSINESS	71	39		
HP_SPASTIC_PARAPARESIS	56	39		
HP_DEGENERATION_OF_THE_LATERAL_CORTICOSPINAL_TRACTS	22		Rejected!	
HP_HEADACHE	312	169		
HP_UNSTEADY_GAIT	162	108		
HP_CERVICAL_MYELOPATHY	7		Rejected!	
HP_VERTIGO	110	62		
HP_RESTING_TREMOR	52	35		
HP_ANENCEPHALY	64	45		
HP_HYDRANENCEPHALY	8		Rejected!	
HP_TRANSIENT_ISCHEMIC_ATTACK	57	26		
HP_DROWSINESS	36	15		
HP_RECURRENT_PAROXYSMAL_HEADACHE	33	16		
HP_LACK_OF_PEER_RELATIONSHIPS	10		Rejected!	
HP_MOTOR_DETERIORATION	18		Rejected!	
HP_ABNORMAL_CEREBELLAR_VERMIS_MORPHOLOGY	296	193		
HP_AGENESIS_OF_CEREBELLAR_VERMIS	11		Rejected!	
HP_ABNORMAL_CAUDATE_NUCLEUS_MORPHOLOGY	25	16		
HP_CAUDATE_ATROPHY	12		Rejected!	
HP_CERVICAL_CORD_COMPRESSION	8		Rejected!	
HP_INTELLECTUAL_DISABILITY_MODERATE	252	160		
HP_PROGRESSIVE_NEUROLOGIC_DETERIORATION	51	39		
HP_ACTION_TREMOR	170	104		
HP_HEAD_TREMOR	36	24		
HP_FOCAL_AWARE_SEIZURE	26		Rejected!	
HP_CEREBELLAR_CYST	149	101		
HP_LEUKOENCEPHALOPATHY	227	166		
HP_MEMORY_IMPAIRMENT	136	87		
HP_DIFFICULTY_WALKING	276	169		
HP_WRITER_S_CRAMP	17		Rejected!	
HP_DYSPHASIA	56	38		
HP_FREQUENT_FALLS	104	62		
HP_SLEEP_DISTURBANCE	553	344		
HP_PSYCHOMOTOR_DETERIORATION	14		Rejected!	
HP_SHUFFLING_GAIT	38	23		
HP_ABNORMAL_BRAINSTEM_MORPHOLOGY	247	178		
HP_HYPOPLASIA_OF_THE_BRAINSTEM	77	55		
HP_ABNORMAL_LOWER_MOTOR_NEURON_MORPHOLOGY	26	22		
HP_VISUAL_HALLUCINATIONS	22	15		
HP_POOR_COORDINATION	31	20		
HP_LOSS_OF_SPEECH	46	36		
HP_NORMAL_INTERICTAL_EEG	6		Rejected!	
HP_DIMINISHED_MOVEMENT	71	37		
HP_HYPOKINESIA	45	24		
HP_DEVELOPMENTAL_REGRESSION	365	243		
HP_HAND_TREMOR	30		Rejected!	
HP_FASCICULATIONS	86	61		
HP_APHASIA	144	88		
HP_INFECTIOUS_ENCEPHALITIS	44	29		
HP_FOCAL_IMPAIRED_AWARENESS_SEIZURE	108	61		
HP_PARAPARESIS	77	54		
HP_CAVUM_SEPTUM_PELLUCIDUM	25	17		
HP_EEG_WITH_POLYSPIKE_WAVE_COMPLEXES	43	23		
HP_LOWER_LIMB_HYPERREFLEXIA	62	39		
HP_COGWHEEL_RIGIDITY	27		Rejected!	
HP_STROKE_LIKE_EPISODE	28		Rejected!	
HP_POSITIVE_ROMBERG_SIGN	16		Rejected!	
HP_LIMB_DYSMETRIA	14		Rejected!	
HP_CEREBRAL_ARTERIOVENOUS_MALFORMATION	7		Rejected!	
HP_AQUEDUCTAL_STENOSIS	18		Rejected!	
HP_MYOKYMIA	16		Rejected!	
HP_SPINA_BIFIDA	158	100		
HP_LEUKODYSTROPHY	108	88		
HP_SUBEPENDYMAL_CYSTS	6		Rejected!	
HP_ABNORMAL_MIDBRAIN_MORPHOLOGY	76	44		
HP_MOLAR_TOOTH_SIGN_ON_MRI	37	27		
HP_POOR_HEAD_CONTROL	191	126		
HP_LONG_TRACT_SIGNS	9		Rejected!	
HP_ANARTHRIA	14		Rejected!	
HP_EXPRESSIVE_APHASIA	13		Rejected!	
HP_MENINGOCELE	53	26		
HP_OCCIPITAL_MENINGOCELE	11		Rejected!	
HP_CEREBELLAR_MALFORMATION	232	155		
HP_DYSCALCULIA	23	17		
HP_HYPOTHALAMIC_HAMARTOMA	13		Rejected!	
HP_TETRAPLEGIA	32	21		
HP_ASTROCYTOSIS	22	16		
HP_PROGRESSIVE_ENCEPHALOPATHY	10		Rejected!	
HP_LIMB_DYSTONIA	62	39		
HP_ABNORMAL_GLOBUS_PALLIDUS_MORPHOLOGY	22		Rejected!	
HP_ABNORMAL_HEAD_MOVEMENTS	33	21		
HP_DISTAL_MUSCLE_WEAKNESS	184	112		
HP_DENSE_CALCIFICATIONS_IN_THE_CEREBELLAR_DENTATE_NUCLEUS	5		Rejected!	
HP_LANGUAGE_IMPAIRMENT	927		Rejected!	
HP_SPASTIC_DYSARTHRIA	25	19		
HP_POOR_SPEECH	291	190		
HP_NONPROGRESSIVE_CEREBELLAR_ATAXIA	9		Rejected!	
HP_SMALL_CEREBRAL_CORTEX	8		Rejected!	
HP_EXPRESSIVE_LANGUAGE_DELAY	45	29		
HP_MYELOMENINGOCELE	24		Rejected!	
HP_PRIMITIVE_REFLEX	21		Rejected!	
HP_PROGRESSIVE_SPASTIC_QUADRIPLEGIA	12		Rejected!	
HP_HEPATIC_ENCEPHALOPATHY	10		Rejected!	
HP_BULBAR_SIGNS	41	20		
HP_MYOTONIA	27		Rejected!	
HP_HYPERKINETIC_MOVEMENTS	33	17		
HP_ACUTE_LEUKEMIA	105	83		
HP_INCREASED_CSF_LACTATE	103	72		
HP_MORPHOLOGICAL_ABNORMALITY_OF_THE_CORTICOSPINAL_TRACT	60	38		
HP_UPPER_MOTOR_NEURON_DYSFUNCTION	1170		Rejected!	
HP_ABNORMAL_RAPID_EYE_MOVEMENT_SLEEP	14		Rejected!	
HP_IMPAIRED_VIBRATORY_SENSATION	92	56		
HP_SPASTIC_ATAXIA	15		Rejected!	
HP_SPINOCEREBELLAR_TRACT_DEGENERATION	8		Rejected!	
HP_PROGRESSIVE_INABILITY_TO_WALK	59	42		
HP_DIFFUSE_CEREBRAL_ATROPHY	41	27		
HP_SEMILOBAR_HOLOPROSENCEPHALY	7		Rejected!	
HP_LIMB_HYPERTONIA	117	85		
HP_SPASTIC_TETRAPLEGIA	103	77		
HP_ALZHEIMER_DISEASE	11		Rejected!	
HP_BRAIN_STEM_COMPRESSION	18		Rejected!	
HP_CEREBRAL_CALCIFICATION	134	86		
HP_WADDLING_GAIT	113	58		
HP_INCREASED_INTRACRANIAL_PRESSURE	76	48		
HP_ABNORMAL_PERIVENTRICULAR_WHITE_MATTER_MORPHOLOGY	103	81		
HP_HYPSARRHYTHMIA	188	125		
HP_AREFLEXIA_OF_LOWER_LIMBS	55	36		
HP_CATAPLEXY	12		Rejected!	
HP_FALLS	34	18		
HP_NEURONAL_LOSS_IN_CENTRAL_NERVOUS_SYSTEM	37	28		
HP_AXIAL_DYSTONIA	11		Rejected!	
HP_ABNORMAL_POSTURING	6		Rejected!	
HP_ABNORMAL_CORTICAL_GYRATION	401	292		
HP_ABNORMAL_CEREBRAL_CORTEX_MORPHOLOGY	721		Rejected!	
HP_CORTICAL_DYSPLASIA	94	67		
HP_INABILITY_TO_WALK	264	163		
HP_OLIVOPONTOCEREBELLAR_ATROPHY	7		Rejected!	
HP_RETROCOLLIS	7		Rejected!	
HP_INCOMPREHENSIBLE_SPEECH	8		Rejected!	
HP_PARKINSONISM_WITH_FAVORABLE_RESPONSE_TO_DOPAMINERGIC_MEDICATION	22	16		
HP_ABSENT_FACIAL_HAIR	29	17		
HP_HIGHLY_ARCHED_EYEBROW	215	148		
HP_ABSENT_PUBIC_HAIR	6		Rejected!	
HP_HYPOPLASTIC_NIPPLES	33	19		
HP_SUPERNUMERARY_NIPPLE	44	28		
HP_ABSENT_NIPPLE	8		Rejected!	
HP_LOW_SET_NIPPLES	9		Rejected!	
HP_INTESTINAL_MALROTATION	139	64		
HP_EPISODIC_VOMITING	47	19		
HP_HEMATOCHEZIA	14		Rejected!	
HP_TRACHEOESOPHAGEAL_FISTULA	91	59		
HP_INTUSSUSCEPTION	8		Rejected!	
HP_ABNORMAL_STOMACH_MORPHOLOGY	283	177		
HP_GASTROPARESIS	30	17		
HP_VOLVULUS	14		Rejected!	
HP_CHRONIC_ATROPHIC_GASTRITIS	8		Rejected!	
HP_COLITIS	59	37		
HP_INTESTINAL_BLEEDING	6		Rejected!	
HP_ABNORMALITY_OF_THE_PERITONEUM	59	34		
HP_PERITONITIS	40	23		
HP_DUODENAL_ULCER	10		Rejected!	
HP_GASTROINTESTINAL_ATRESIA	80	45		
HP_POLYPHAGIA	66	35		
HP_GASTRIC_ULCER	5		Rejected!	
HP_PANCREATIC_HYPOPLASIA	24		Rejected!	
HP_ILEUS	14		Rejected!	
HP_HEAD_TITUBATION	16		Rejected!	
HP_HYPOREFLEXIA_OF_LOWER_LIMBS	30		Rejected!	
HP_HEPATIC_NECROSIS	10		Rejected!	
HP_CELIAC_DISEASE	25		Rejected!	
HP_CHOLESTATIC_LIVER_DISEASE	17		Rejected!	
HP_CONGENITAL_HEPATIC_FIBROSIS	46	32		
HP_BILIARY_CIRRHOSIS	34		Rejected!	
HP_HYPOTENSION	107	50		
HP_AORTIC_ROOT_ANEURYSM	105	63		
HP_VASCULAR_DILATATION	245	156		
HP_VARICOSE_VEINS	30	15		
HP_OVERRIDING_AORTA	31	20		
HP_ABNORMAL_VENOUS_MORPHOLOGY	138	69		
HP_DEEP_VENOUS_THROMBOSIS	21		Rejected!	
HP_RIGHT_AORTIC_ARCH_WITH_MIRROR_IMAGE_BRANCHING	7		Rejected!	
HP_FAT_MALABSORPTION	41	15		
HP_VASCULITIS	67	35		
HP_ARTERIOSCLEROSIS	82	44		
HP_BUDD_CHIARI_SYNDROME	6		Rejected!	
HP_HYPERTENSION_ASSOCIATED_WITH_PHEOCHROMOCYTOMA	18	16		
HP_NEONATAL_RESPIRATORY_DISTRESS	126	60		
HP_ABNORMALITY_OF_PELVIC_GIRDLE_BONE_MORPHOLOGY	598	374		
HP_WORMIAN_BONES	49	27		
HP_AORTIC_DISSECTION	39	17		
HP_SPONDYLOEPIMETAPHYSEAL_DYSPLASIA	17		Rejected!	
HP_SKELETAL_DYSPLASIA	180	109		
HP_BONE_PAIN	82	52		
HP_MULTIPLE_EPIPHYSEAL_DYSPLASIA	10		Rejected!	
HP_SPONDYLOEPIPHYSEAL_DYSPLASIA	13		Rejected!	
HP_EPIPHYSEAL_DYSPLASIA	28		Rejected!	
HP_SPONDYLOMETAPHYSEAL_DYSPLASIA	9		Rejected!	
HP_INCREASED_SUSCEPTIBILITY_TO_FRACTURES	212	118		
HP_PAINLESS_FRACTURES_DUE_TO_INJURY	8		Rejected!	
HP_DELAYED_EPIPHYSEAL_OSSIFICATION	36		Rejected!	
HP_NEOPLASM	899		Rejected!	
HP_LYMPHOMA	108	87		
HP_PHEOCHROMOCYTOMA	26	22		
HP_PARAGANGLIOMA	20	17		
HP_OSTEOSARCOMA	34	30		
HP_BASAL_CELL_CARCINOMA	49	40		
HP_GASTROINTESTINAL_CARCINOMA	72	55		
HP_COXA_VALGA	79	56		
HP_CLOVERLEAF_SKULL	8		Rejected!	
HP_SKULL_ASYMMETRY	5		Rejected!	
HP_ABNORMAL_SELLA_TURCICA_MORPHOLOGY	28	19		
HP_J_SHAPED_SELLA_TURCICA	12		Rejected!	
HP_DEFORMED_SELLA_TURCICA	17		Rejected!	
HP_ABNORMALITY_OF_THE_CALVARIA	938		Rejected!	
HP_THICKENED_CALVARIA	32	24		
HP_PRENATAL_MATERNAL_ABNORMALITY	148	40		
HP_ABNORMALITY_OF_FRONTAL_SINUS	14		Rejected!	
HP_ABSENT_FRONTAL_SINUSES	8		Rejected!	
HP_LARGE_SELLA_TURCICA	6		Rejected!	
HP_PLATYBASIA	17		Rejected!	
HP_HYPOPLASTIC_FACIAL_BONES	62	39		
HP_ABNORMALITY_OF_THE_SKULL_BASE	206	131		
HP_SCLEROSIS_OF_SKULL_BASE	14		Rejected!	
HP_ABNORMAL_PARIETAL_BONE_MORPHOLOGY	26	19		
HP_PARIETAL_FORAMINA	9		Rejected!	
HP_ABNORMAL_FORAMEN_MAGNUM_MORPHOLOGY	10		Rejected!	
HP_LARGE_FORAMEN_MAGNUM	6		Rejected!	
HP_ABNORMALITY_OF_SKULL_OSSIFICATION	42	31		
HP_HIGH_NARROW_PALATE	129	83		
HP_DOWNTURNED_CORNERS_OF_MOUTH	145	88		
HP_ADRENAL_OVERACTIVITY	38		Rejected!	
HP_RECURRENT_BACTERIAL_INFECTIONS	177	90		
HP_DECREASED_CIRCULATING_IGA_LEVEL	47	34		
HP_IMMUNODEFICIENCY	224	172		
HP_RECURRENT_ABSCESS_FORMATION	15		Rejected!	
HP_RECURRENT_ASPERGILLUS_INFECTIONS	5		Rejected!	
HP_SYSTEMIC_LUPUS_ERYTHEMATOSUS	34	19		
HP_RECURRENT_STAPHYLOCOCCUS_AUREUS_INFECTIONS	13		Rejected!	
HP_CHRONIC_MUCOCUTANEOUS_CANDIDIASIS	32	25		
HP_FOLLICULAR_HYPERPLASIA	14		Rejected!	
HP_CHRONIC_NONINFECTIOUS_LYMPHADENOPATHY	12		Rejected!	
HP_DECREASED_LYMPHOCYTE_APOPTOSIS	6		Rejected!	
HP_ABNORMALITY_OF_THE_LYMPH_NODES	213	154		
HP_HYPOPLASTIC_FRONTAL_SINUSES	7		Rejected!	
HP_RECURRENT_KLEBSIELLA_INFECTIONS	6		Rejected!	
HP_RECURRENT_ENTEROVIRAL_INFECTIONS	5		Rejected!	
HP_BILATERAL_CLEFT_LIP_AND_PALATE	8		Rejected!	
HP_ORAL_LEUKOPLAKIA	22		Rejected!	
HP_RICKETS	40	18		
HP_OSTEOMALACIA	29		Rejected!	
HP_KYPHOSCOLIOSIS	180	114		
HP_SPARSE_BONE_TRABECULAE	5		Rejected!	
HP_THIN_BONY_CORTEX	12		Rejected!	
HP_OSTEOMYELITIS	56	32		
HP_PATHOLOGIC_FRACTURE	49	32		
HP_RECURRENT_FRACTURES	121	67		
HP_OSTEOARTHRITIS	63	26		
HP_GENERALIZED_JOINT_LAXITY	43	21		
HP_MULTIPLE_EXOSTOSES	6		Rejected!	
HP_ABNORMAL_CARTILAGE_MORPHOLOGY	42	25		
HP_TRACHEAL_STENOSIS	28		Rejected!	
HP_ABNORMAL_TRACHEAL_MORPHOLOGY	159	101		
HP_TRACHEOMALACIA	41	30		
HP_BRONCHOMALACIA	21		Rejected!	
HP_UPPER_AIRWAY_OBSTRUCTION	17		Rejected!	
HP_RECURRENT_LOWER_RESPIRATORY_TRACT_INFECTIONS	140	87		
HP_TRACHEOBRONCHOMALACIA	7		Rejected!	
HP_TACHYPNEA	84	55		
HP_NEONATAL_BREATHING_DYSREGULATION	5		Rejected!	
HP_HYPOVENTILATION	52	20		
HP_REDUCED_VITAL_CAPACITY	28		Rejected!	
HP_ABNORMAL_PATTERN_OF_RESPIRATION	689	405		
HP_OSTEOLYSIS	81	56		
HP_CONGENITAL_CONTRACTURE	152	88		
HP_ARTHROGRYPOSIS_MULTIPLEX_CONGENITA	120	69		
HP_KYPHOSIS	468	309		
HP_COXA_VARA	60	30		
HP_ABNORMALITY_OF_THE_KNEE	362	210		
HP_GENU_RECURVATUM	25	16		
HP_NEUROPATHIC_ARTHROPATHY	6		Rejected!	
HP_ABNORMALITY_OF_FEMUR_MORPHOLOGY	258	163		
HP_CAUDAL_APPENDAGE	6		Rejected!	
HP_HIP_DISLOCATION	233	143		
HP_MULTIPLE_JOINT_CONTRACTURES	59	41		
HP_ARTHRALGIA	187	91		
HP_CALCIFIC_STIPPLING	5		Rejected!	
HP_ASPIRATION	26		Rejected!	
HP_RECURRENT_BRONCHITIS	31	22		
HP_URINARY_BLADDER_SPHINCTER_DYSFUNCTION	31	20		
HP_LYMPHADENITIS	14		Rejected!	
HP_ABNORMAL_T_CELL_MORPHOLOGY	73	57		
HP_ABNORMAL_B_CELL_MORPHOLOGY	52	42		
HP_DECREASED_SPECIFIC_ANTI_POLYSACCHARIDE_ANTIBODY_LEVEL	9		Rejected!	
HP_DECREASED_CIRCULATING_TOTAL_IGM	39	29		
HP_ELEVATED_PROPORTION_OF_CD4_NEGATIVE_CD8_NEGATIVE_ALPHA_BETA_REGULATORY_T_CELLS	5		Rejected!	
HP_GENU_VALGUM	152	85		
HP_MENINGIOMA	37	33		
HP_RHABDOMYOSARCOMA	22	16		
HP_SQUAMOUS_CELL_CARCINOMA	63	43		
HP_MELANOMA	75	56		
HP_MYELODYSPLASIA	102	89		
HP_HYPOPLASTIC_ILIAC_WING	28	15		
HP_ABNORMAL_ILIUM_MORPHOLOGY	98	61		
HP_NARROW_ILIAC_WING	9		Rejected!	
HP_FLARED_ILIAC_WING	22		Rejected!	
HP_OBSTRUCTIVE_SLEEP_APNEA	50	30		
HP_CENTRAL_APNEA	36	17		
HP_APNEIC_EPISODES_PRECIPITATED_BY_ILLNESS_FATIGUE_STRESS	12		Rejected!	
HP_EXERTIONAL_DYSPNEA	98	51		
HP_EPISODIC_TACHYPNEA	41	29		
HP_NOCTURNAL_HYPOVENTILATION	17		Rejected!	
HP_RESPIRATORY_FAILURE	233	128		
HP_ANISOSPONDYLY	5		Rejected!	
HP_SUDDEN_EPISODIC_APNEA	20		Rejected!	
HP_HYPERVENTILATION	39		Rejected!	
HP_HEPATOBLASTOMA	27	15		
HP_MEDULLOBLASTOMA	17		Rejected!	
HP_EPENDYMOMA	20		Rejected!	
HP_THYROID_CARCINOMA	57	37		
HP_PITUITARY_ADENOMA	37	31		
HP_NEOPLASM_OF_THE_PANCREAS	80	58		
HP_PAPILLARY_THYROID_CARCINOMA	22	16		
HP_NEOPLASM_OF_THE_LIVER	127	73		
HP_PARATHYROID_ADENOMA	15		Rejected!	
HP_EMBRYONAL_NEOPLASM	78	47		
HP_HYPOKALEMIA	66	22		
HP_HYPOCALCEMIA	69	44		
HP_HYPERPHOSPHATEMIA	17		Rejected!	
HP_MICROSCOPIC_HEMATURIA	16		Rejected!	
HP_CONJUGATED_HYPERBILIRUBINEMIA	21		Rejected!	
HP_GENERALIZED_AMINOACIDURIA	14		Rejected!	
HP_ELEVATED_HEPATIC_TRANSAMINASE	256	179		
HP_METHYLMALONIC_ACIDEMIA	13		Rejected!	
HP_MYOGLOBINURIA	25	21		
HP_HYPERCHLORIDURIA	5		Rejected!	
HP_ABNORMALITY_OF_CHROMOSOME_SEGREGATION	12		Rejected!	
HP_HYPERMAGNESEMIA	7		Rejected!	
HP_KETONURIA	26	17		
HP_DECREASED_CIRCULATING_ACTH_LEVEL	28	19		
HP_ABNORMALITY_OF_THE_CEREBROSPINAL_FLUID	528	344		
HP_RHEUMATOID_FACTOR_POSITIVE	16		Rejected!	
HP_ELEVATED_CIRCULATING_THYROID_STIMULATING_HORMONE_CONCENTRATION	21		Rejected!	
HP_ABNORMALITY_OF_THYROID_PHYSIOLOGY	342	189		
HP_DECREASED_ACTIVITY_OF_THE_PYRUVATE_DEHYDROGENASE_COMPLEX	34	33		
HP_DISTAL_SENSORY_IMPAIRMENT	113	77		
HP_HEMIVERTEBRAE	51	29		
HP_LUMBAR_HYPERLORDOSIS	81	44		
HP_THORACIC_KYPHOSIS	46	30		
HP_THORACIC_SCOLIOSIS	44	22		
HP_THORACOLUMBAR_SCOLIOSIS	30	16		
HP_INTERVERTEBRAL_SPACE_NARROWING	8		Rejected!	
HP_SUPERNUMERARY_VERTEBRAE	5		Rejected!	
HP_CERVICAL_KYPHOSIS	9		Rejected!	
HP_VERTEBRAL_FUSION	63	23		
HP_FUSED_CERVICAL_VERTEBRAE	27		Rejected!	
HP_VERTEBRAL_COMPRESSION_FRACTURE	33	19		
HP_GRANULOMATOSIS	10		Rejected!	
HP_IMMUNE_DYSREGULATION	10		Rejected!	
HP_AUTOIMMUNITY	186	109		
HP_DYSGAMMAGLOBULINEMIA	5		Rejected!	
HP_ABNORMAL_DELAYED_HYPERSENSITIVITY_SKIN_TEST	12		Rejected!	
HP_CUTANEOUS_ANERGY	6		Rejected!	
HP_CUBITUS_VALGUS	42	28		
HP_GENU_VARUM	51	21		
HP_REDUCED_DELAYED_HYPERSENSITIVITY	5		Rejected!	
HP_ABNORMALITY_OF_THE_FOREARM	232	130		
HP_RADIOULNAR_SYNOSTOSIS	82	49		
HP_BOWING_OF_THE_LEGS	218	118		
HP_FEMORAL_BOWING	43	20		
HP_ABNORMALITY_OF_THE_CALF	275	147		
HP_TIBIAL_BOWING	36		Rejected!	
HP_MICROMELIA	95	54		
HP_HYPOPLASIA_OF_THE_RADIUS	39	22		
HP_RADIAL_BOWING	19		Rejected!	
HP_ELBOW_FLEXION_CONTRACTURE	86	49		
HP_FIBULAR_APLASIA	9		Rejected!	
HP_ABNORMALITY_OF_FIBULA_MORPHOLOGY	54	29		
HP_ABNORMALITY_OF_TIBIA_MORPHOLOGY	96	44		
HP_LIMITED_ELBOW_MOVEMENT	139	75		
HP_ABNORMALITY_OF_THE_ULNA	159	98		
HP_PATELLAR_DISLOCATION	67	42		
HP_GLOMUS_JUGULAR_TUMOR	5		Rejected!	
HP_BREAST_CARCINOMA	66	50		
HP_COLON_CANCER	42	33		
HP_GANGLIONEUROMA	8		Rejected!	
HP_PROLONGED_BLEEDING_TIME	44	22		
HP_FLARED_METAPHYSIS	44	30		
HP_METAPHYSEAL_WIDENING	88	57		
HP_ABNORMALITY_OF_THE_WRIST	146	77		
HP_ENLARGEMENT_OF_THE_WRISTS	8		Rejected!	
HP_METAPHYSEAL_CUPPING	18		Rejected!	
HP_METAPHYSEAL_IRREGULARITY	47	26		
HP_SHORT_LONG_BONE	199	121		
HP_MESOMELIA	32	21		
HP_ABNORMALITY_OF_THE_ANKLES	159	84		
HP_ENLARGEMENT_OF_THE_ANKLES	6		Rejected!	
HP_ULNAR_BOWING	15		Rejected!	
HP_DIAPHYSEAL_SCLEROSIS	8		Rejected!	
HP_ENLARGED_JOINTS	11		Rejected!	
HP_FIBULAR_HYPOPLASIA	23		Rejected!	
HP_ARTHROPATHY	42		Rejected!	
HP_HUMERORADIAL_SYNOSTOSIS	11		Rejected!	
HP_ABNORMAL_SHOULDER_MORPHOLOGY	142	87		
HP_SHOULDER_FLEXION_CONTRACTURE	7		Rejected!	
HP_ABNORMAL_PATELLA_MORPHOLOGY	102	64		
HP_ULNAR_DEVIATION_OF_THE_WRIST	18		Rejected!	
HP_ENLARGED_METAPHYSES	7		Rejected!	
HP_ABNORMALITY_OF_THE_RADIOULNAR_JOINTS	6		Rejected!	
HP_ABNORMALITY_OF_THE_HUMERUS	54	30		
HP_PATELLAR_HYPOPLASIA	9		Rejected!	
HP_LIMITED_KNEE_EXTENSION	20		Rejected!	
HP_ELBOW_ANKYLOSIS	8		Rejected!	
HP_FLATTENED_EPIPHYSIS	24		Rejected!	
HP_HYPERCALCEMIA	71	42		
HP_HYPERGLYCEMIA	44	16		
HP_HYPOPROTEINEMIA	16		Rejected!	
HP_GLYCOSURIA	40	15		
HP_HYPERLIPIDEMIA	111	66		
HP_DEFECTIVE_DNA_REPAIR_AFTER_ULTRAVIOLET_RADIATION_DAMAGE	13		Rejected!	
HP_HYDROXYPROLINURIA	9		Rejected!	
HP_INCREASED_URINARY_POTASSIUM	9		Rejected!	
HP_FRACTURES_OF_THE_LONG_BONES	9		Rejected!	
HP_ACROMESOMELIA	5		Rejected!	
HP_PREMATURE_OSTEOARTHRITIS	9		Rejected!	
HP_HAMSTRING_CONTRACTURES	6		Rejected!	
HP_LIMITED_HIP_EXTENSION	5		Rejected!	
HP_SEPTIC_ARTHRITIS	5		Rejected!	
HP_SHORT_FEMUR	20		Rejected!	
HP_SLENDER_LONG_BONE	43	32		
HP_ABNORMAL_CORTICAL_BONE_MORPHOLOGY	72	46		
HP_ABNORMAL_CIRCULATING_CHOLESTEROL_CONCENTRATION	110	68		
HP_HYPERPHOSPHATURIA	28		Rejected!	
HP_ABNORMALITY_OF_URINE_HOMEOSTASIS	667	384		
HP_ABNORMAL_BLOOD_ION_CONCENTRATION	317	166		
HP_ABNORMAL_CIRCULATING_AMINO_ACID_CONCENTRATION	130	77		
HP_HYPOCHLOREMIA	7		Rejected!	
HP_ABNORMAL_ECHOCARDIOGRAM	19		Rejected!	
HP_ABNORMAL_CIRCULATING_HORMONE_CONCENTRATION	458	225		
HP_INCREASED_CIRCULATING_CORTISOL_LEVEL	17		Rejected!	
HP_ABNORMAL_CIRCULATING_LIPID_CONCENTRATION	264	169		
HP_LIMB_JOINT_CONTRACTURE	372	233		
HP_HYPERCHOLESTEROLEMIA	63	33		
HP_REDUCED_FACTOR_VIII_ACTIVITY	5		Rejected!	
HP_LOW_MOLECULAR_WEIGHT_PROTEINURIA	8		Rejected!	
HP_HYPOCALCIURIA	10		Rejected!	
HP_LACTIC_ACIDOSIS	182	135		
HP_ABNORMAL_PERIPHERAL_MYELINATION	104	62		
HP_CYSTINURIA	6		Rejected!	
HP_ABNORMALITY_OF_THE_SPINOCEREBELLAR_TRACTS	10		Rejected!	
HP_PROLINURIA	7		Rejected!	
HP_INCREASED_BLOOD_UREA_NITROGEN	18		Rejected!	
HP_PANHYPOGAMMAGLOBULINEMIA	21	16		
HP_INCREASED_LDL_CHOLESTEROL_CONCENTRATION	30	15		
HP_INCREASED_SERUM_SEROTONIN	13		Rejected!	
HP_DECREASED_ADENOSYLCOBALAMIN	7		Rejected!	
HP_HYPOCHOLESTEROLEMIA	15		Rejected!	
HP_ELEVATED_SERUM_ACID_PHOSPHATASE	5		Rejected!	
HP_HYPERURICOSURIA	9		Rejected!	
HP_GLUTARIC_ACIDURIA	8		Rejected!	
HP_INCREASED_CIRCULATING_ACTH_LEVEL	10		Rejected!	
HP_HYPEROXALURIA	5		Rejected!	
HP_FASTING_HYPOGLYCEMIA	17		Rejected!	
HP_ELEVATED_URINARY_DELTA_AMINOLEVULINIC_ACID	5		Rejected!	
HP_HYPOTHALAMIC_GONADOTROPIN_RELEASING_HORMONE_DEFICIENCY	21		Rejected!	
HP_ELEVATED_CIRCULATING_PARATHYROID_HORMONE_LEVEL	18		Rejected!	
HP_ABNORMAL_ACETABULUM_MORPHOLOGY	79	49		
HP_ABNORMALITY_OF_THE_PUBIC_BONE	38	16		
HP_ABNORMALITY_OF_THE_ISCHIUM	25		Rejected!	
HP_HYPOPLASTIC_ISCHIA	16		Rejected!	
HP_SQUARED_ILIAC_BONES	10		Rejected!	
HP_PROTRUSIO_ACETABULI	15		Rejected!	
HP_FLAT_ACETABULAR_ROOF	26	17		
HP_SHALLOW_ACETABULAR_FOSSAE	10		Rejected!	
HP_WIDE_PUBIC_SYMPHYSIS	5		Rejected!	
HP_DECREASED_HIP_ABDUCTION	5		Rejected!	
HP_SHORT_GREATER_SCIATIC_NOTCH	5		Rejected!	
HP_INVERTED_NIPPLES	34	26		
HP_BREAST_HYPOPLASIA	44	18		
HP_LONG_NOSE	35	20		
HP_ALLERGIC_RHINITIS	10		Rejected!	
HP_SHORT_NOSE	290	199		
HP_MYOPATHY	332	187		
HP_DECREASED_MUSCLE_MASS	57	30		
HP_RAGGED_RED_MUSCLE_FIBERS	59	28		
HP_RHABDOMYOLYSIS	38	31		
HP_SKELETAL_MUSCLE_ATROPHY	508	334		
HP_IMPAIRED_OXIDATIVE_BURST	6		Rejected!	
HP_INTRACELLULAR_ACCUMULATION_OF_AUTOFLUORESCENT_LIPOPIGMENT_STORAGE_MATERIAL	8		Rejected!	
HP_DECREASED_ACTIVITY_OF_NADPH_OXIDASE	5		Rejected!	
HP_FINGERPRINT_INTRACELLULAR_ACCUMULATION_OF_AUTOFLUORESCENT_LIPOPIGMENT_STORAGE_MATERIAL	6		Rejected!	
HP_DECREASED_METHYLMALONYL_COA_MUTASE_ACTIVITY	5		Rejected!	
HP_DICARBOXYLIC_ACIDURIA	42	38		
HP_GENERALIZED_AMYLOID_DEPOSITION	6		Rejected!	
HP_HYPERGLUTAMINEMIA	6		Rejected!	
HP_OROTICACIDURIA	6		Rejected!	
HP_ETHYLMALONIC_ACIDURIA	8		Rejected!	
HP_ABNORMALITY_OF_CHROMOSOME_STABILITY	50	50		
HP_CHROMOSOMAL_BREAKAGE_INDUCED_BY_CROSSLINKING_AGENTS	10		Rejected!	
HP_DECREASED_METHYLCOBALAMIN	8		Rejected!	
HP_HYPERNATREMIA	7		Rejected!	
HP_DECREASED_PLASMA_CARNITINE	21	16		
HP_HYPERMETHIONINEMIA	8		Rejected!	
HP_INCREASED_CIRCULATING_IGG_LEVEL	17		Rejected!	
HP_EXTERNAL_GENITAL_HYPOPLASIA	566	312		
HP_OVERGROWTH_OF_EXTERNAL_GENITALIA	11		Rejected!	
HP_MALE_INFERTILITY	116	28		
HP_ABNORMALITY_OF_DNA_REPAIR	17	15		
HP_ABNORMALITY_OF_THE_COAGULATION_CASCADE	131	85		
HP_INCREASED_CIRCULATING_IGA_LEVEL	24	15		
HP_SMOOTH_MUSCLE_ANTIBODY_POSITIVITY	7		Rejected!	
HP_NEONATAL_HYPERBILIRUBINEMIA	23		Rejected!	
HP_ABDOMINAL_DISTENTION	120	55		
HP_HIP_CONTRACTURE	49	26		
HP_NARROW_PELVIS_BONE	8		Rejected!	
HP_LOW_ALKALINE_PHOSPHATASE	9		Rejected!	
HP_CYSTATHIONINEMIA	5		Rejected!	
HP_SPINA_BIFIDA_OCCULTA	81	45		
HP_OVOID_VERTEBRAL_BODIES	29	16		
HP_IRREGULAR_VERTEBRAL_ENDPLATES	30	16		
HP_SPONDYLOLISTHESIS	17		Rejected!	
HP_SPONDYLOLYSIS	6		Rejected!	
HP_SPINAL_RIGIDITY	53	25		
HP_HYPERLORDOSIS	196	116		
HP_CERVICAL_SUBLUXATION	10		Rejected!	
HP_ABNORMALITY_OF_THE_ODONTOID_PROCESS	31	20		
HP_HYPOPLASIA_OF_THE_ODONTOID_PROCESS	25	18		
HP_ABNORMAL_FORM_OF_THE_VERTEBRAL_BODIES	327	201		
HP_BUTTERFLY_VERTEBRAE	17		Rejected!	
HP_ABNORMALITY_OF_THE_CERVICAL_SPINE	400	263		
HP_C1_C2_SUBLUXATION	6		Rejected!	
HP_PROGRESSIVE_MUSCLE_WEAKNESS	67	41		
HP_GENERALIZED_MUSCLE_WEAKNESS	124	75		
HP_LIMB_GIRDLE_MUSCLE_WEAKNESS	89	46		
HP_MYALGIA	165	101		
HP_AXIAL_MUSCLE_WEAKNESS	34		Rejected!	
HP_ABNORMAL_HAIR_LABORATORY_EXAMINATION	31	16		
HP_ABNORMAL_BONE_STRUCTURE	743	444		
HP_ABNORMAL_ENCHONDRAL_OSSIFICATION	137	75		
HP_IMPAIRED_LYMPHOCYTE_TRANSFORMATION_WITH_PHYTOHEMAGGLUTININ	9		Rejected!	
HP_DECREASED_CIRCULATING_RENIN_LEVEL	9		Rejected!	
HP_AMINOACIDURIA	114	71		
HP_INCREASED_VLDL_CHOLESTEROL_CONCENTRATION	5		Rejected!	
HP_ARTHRALGIA_OF_THE_HIP	9		Rejected!	
HP_ABNORMAL_FEMORAL_NECK_HEAD_MORPHOLOGY	174	108		
HP_ABNORMAL_FEMORAL_NECK_MORPHOLOGY	137	89		
HP_ABNORMAL_FEMORAL_HEAD_MORPHOLOGY	83	47		
HP_STEPPAGE_GAIT	53	29		
HP_AXONAL_DEGENERATION_REGENERATION	8		Rejected!	
HP_DECREASED_NUMBER_OF_PERIPHERAL_MYELINATED_NERVE_FIBERS	45	23		
HP_HYPERTROPHIC_NERVE_CHANGES	6		Rejected!	
HP_ONION_BULB_FORMATION	29	19		
HP_DECREASED_NUMBER_OF_LARGE_PERIPHERAL_MYELINATED_NERVE_FIBERS	15		Rejected!	
HP_EASY_FATIGABILITY	79	50		
HP_SENSORY_AXONAL_NEUROPATHY	32	26		
HP_GOWERS_SIGN	59	36		
HP_FIRST_DORSAL_INTEROSSEI_MUSCLE_WEAKNESS	7		Rejected!	
HP_THENAR_MUSCLE_ATROPHY	9		Rejected!	
HP_MUSCLE_SPASM	159	102		
HP_SYRINGOMYELIA	28	21		
HP_ABNORMAL_SYNAPTIC_TRANSMISSION_AT_THE_NEUROMUSCULAR_JUNCTION	109	62		
HP_PARESTHESIA	113	66		
HP_DECREASED_MINIATURE_ENDPLATE_POTENTIALS	13		Rejected!	
HP_EMG_DECREMENTAL_RESPONSE_OF_COMPOUND_MUSCLE_ACTION_POTENTIAL_TO_REPETITIVE_NERVE_STIMULATION	25		Rejected!	
HP_DISTAL_SENSORY_IMPAIRMENT_OF_ALL_MODALITIES	10		Rejected!	
HP_PROXIMAL_FEMORAL_METAPHYSEAL_IRREGULARITY	8		Rejected!	
HP_ATLANTOAXIAL_ABNORMALITY	13		Rejected!	
HP_ATLANTOAXIAL_DISLOCATION	6		Rejected!	
HP_SPINAL_CANAL_STENOSIS	37	24		
HP_CORONAL_CLEFT_VERTEBRAE	14		Rejected!	
HP_BACK_PAIN	66	46		
HP_LOW_BACK_PAIN	9		Rejected!	
HP_VERTEBRAL_SEGMENTATION_DEFECT	144	71		
HP_THORACOLUMBAR_KYPHOSCOLIOSIS	8		Rejected!	
HP_CNS_HYPOMYELINATION	79	61		
HP_DECREASED_SIZE_OF_NERVE_TERMINALS	15		Rejected!	
HP_EMG_CHRONIC_DENERVATION_SIGNS	24	20		
HP_EMG_NEUROPATHIC_CHANGES	49	36		
HP_AXONAL_LOSS	16		Rejected!	
HP_COLD_INDUCED_MUSCLE_CRAMPS	7		Rejected!	
HP_AXONAL_REGENERATION	6		Rejected!	
HP_INCREASED_SERUM_IRON	10		Rejected!	
HP_ANTINEUTROPHIL_ANTIBODY_POSITIVITY	16		Rejected!	
HP_ELEVATED_CIRCULATING_LONG_CHAIN_FATTY_ACID_CONCENTRATION	5		Rejected!	
HP_EMG_ABNORMALITY	266	136		
HP_EMG_MYOPATHIC_ABNORMALITIES	118	59		
HP_POLYCLONAL_ELEVATION_OF_IGM	6		Rejected!	
HP_DECREASED_CIRCULATING_TOTAL_IGA	8		Rejected!	
HP_ATLANTOAXIAL_INSTABILITY	6		Rejected!	
HP_ABNORMAL_VERTEBRAL_MORPHOLOGY	439	247		
HP_PARALYSIS	143	88		
HP_HYPOCALCEMIC_TETANY	5		Rejected!	
HP_SOMATIC_SENSORY_DYSFUNCTION	361	213		
HP_PERIPHERAL_AXONAL_NEUROPATHY	157	98		
HP_SEGMENTAL_PERIPHERAL_DEMYELINATION_REMYELINATION	21		Rejected!	
HP_EMG_AXONAL_ABNORMALITY	8		Rejected!	
HP_UPPER_LIMB_MUSCLE_WEAKNESS	85	46		
HP_BABINSKI_SIGN	253	168		
HP_ANTINUCLEAR_ANTIBODY_POSITIVITY	39	23		
HP_INCREASED_CIRCULATING_IGM_LEVEL	33	24		
HP_DISPROPORTIONATE_SHORT_STATURE	128	74		
HP_MILD_SHORT_STATURE	18		Rejected!	
HP_PROPORTIONATE_SHORT_STATURE	131	86		
HP_SEVERE_SHORT_STATURE	97	68		
HP_BIRTH_LENGTH_GREATER_THAN_97TH_PERCENTILE	5		Rejected!	
HP_DISPROPORTIONATE_SHORT_TRUNK_SHORT_STATURE	26	16		
HP_ELEVATED_CALCITONIN	23	20		
HP_ELEVATED_CIRCULATING_GLUTARIC_ACID_CONCENTRATION	6		Rejected!	
HP_3_METHYLGLUTACONIC_ACIDURIA	19	15		
HP_HYPOURICEMIA	15		Rejected!	
HP_URINARY_GLYCOSAMINOGLYCAN_EXCRETION	17	16		
HP_INCREASED_SERUM_PYRUVATE	56	43		
HP_EXERCISE_INTOLERANCE	94	50		
HP_SHOULDER_GIRDLE_MUSCLE_WEAKNESS	48	25		
HP_SUBSARCOLEMMAL_ACCUMULATIONS_OF_ABNORMALLY_SHAPED_MITOCHONDRIA	6		Rejected!	
HP_PREDOMINANTLY_LOWER_LIMB_LYMPHEDEMA	7		Rejected!	
HP_DIFFICULTY_CLIMBING_STAIRS	49	32		
HP_MUSCLE_STIFFNESS	75	44		
HP_TYPE_2_MUSCLE_FIBER_ATROPHY	14		Rejected!	
HP_MUSCLE_FIBER_SPLITTING	15		Rejected!	
HP_VIRAL_INFECTION_INDUCED_RHABDOMYOLYSIS	7		Rejected!	
HP_MUSCULAR_DYSTROPHY	80	48		
HP_BIRTH_LENGTH_LESS_THAN_3RD_PERCENTILE	14		Rejected!	
HP_DECREASED_LDL_CHOLESTEROL_CONCENTRATION	12		Rejected!	
HP_LOW_PLASMA_CITRULLINE	15		Rejected!	
HP_INCREASED_TOTAL_BILIRUBIN	11		Rejected!	
HP_CONGENITAL_ONSET	368	239		
HP_ADULT_ONSET	263	146		
HP_LATE_ONSET	42		Rejected!	
HP_INSIDIOUS_ONSET	18		Rejected!	
HP_INFANTILE_ONSET	575	370		
HP_MIDDLE_AGE_ONSET	33	19		
HP_ANTIPHOSPHOLIPID_ANTIBODY_POSITIVITY	17		Rejected!	
HP_JUVENILE_ONSET	159	95		
HP_NEONATAL_ONSET	94	45		
HP_LOSS_OF_SUBCUTANEOUS_ADIPOSE_TISSUE_IN_LIMBS	9		Rejected!	
HP_HEMOGLOBINURIA	11		Rejected!	
HP_TYPE_I_TRANSFERRIN_ISOFORM_PROFILE	18	18		
HP_PROLONGED_PARTIAL_THROMBOPLASTIN_TIME	22		Rejected!	
HP_BICARBONATURIA	6		Rejected!	
HP_LACTICACIDURIA	21		Rejected!	
HP_FOAM_CELLS	12		Rejected!	
HP_HYPOMETHIONINEMIA	6		Rejected!	
HP_ONSET	1336		Rejected!	
HP_PROGRESSIVE	266	182		
HP_SLOWLY_PROGRESSIVE	166	97		
HP_RAPIDLY_PROGRESSIVE	37	23		
HP_PACE_OF_PROGRESSION	449	281		
HP_NONPROGRESSIVE	24		Rejected!	
HP_LARGE_BEAKED_NOSE	14		Rejected!	
HP_CENTRALLY_NUCLEATED_SKELETAL_MUSCLE_FIBERS	29	19		
HP_CYTOCHROME_C_OXIDASE_NEGATIVE_MUSCLE_FIBERS	23	16		
HP_MULTIPLE_MITOCHONDRIAL_DNA_DELETIONS	6		Rejected!	
HP_LIMB_MUSCLE_WEAKNESS	262	160		
HP_SCAPULAR_WINGING	78	40		
HP_DISTAL_AMYOTROPHY	166	104		
HP_LATE_ONSET_PROXIMAL_MUSCLE_WEAKNESS	7		Rejected!	
HP_DIFFICULTY_STANDING	21		Rejected!	
HP_GENERALIZED_AMYOTROPHY	75	48		
HP_PROXIMAL_MUSCLE_WEAKNESS	206	116		
HP_CALF_MUSCLE_PSEUDOHYPERTROPHY	18		Rejected!	
HP_EXERCISE_INDUCED_MUSCLE_CRAMPS	13		Rejected!	
HP_SKELETAL_MUSCLE_HYPERTROPHY	202	114		
HP_MUSCLE_FIBER_NECROSIS	9		Rejected!	
HP_MYOFIBRILLAR_MYOPATHY	12		Rejected!	
HP_NECK_FLEXOR_WEAKNESS	36		Rejected!	
HP_SHOULDER_GIRDLE_MUSCLE_ATROPHY	12		Rejected!	
HP_QUADRICEPS_MUSCLE_WEAKNESS	15		Rejected!	
HP_AUTOPHAGIC_VACUOLES	7		Rejected!	
HP_MITOCHONDRIAL_MYOPATHY	65	39		
HP_EXERCISE_INDUCED_MYALGIA	25	19		
HP_MYOCLONIC_SPASMS	20	19		
HP_CONGENITAL_MUSCULAR_DYSTROPHY	20		Rejected!	
HP_GENETIC_ANTICIPATION	10		Rejected!	
HP_SPORADIC	106	65		
HP_PELVIC_GIRDLE_MUSCLE_WEAKNESS	41	21		
HP_INCREASED_MUSCLE_FATIGUABILITY	20		Rejected!	
HP_EPISODIC_FLACCID_WEAKNESS	7		Rejected!	
HP_TYPE_1_FIBERS_RELATIVELY_SMALLER_THAN_TYPE_2_FIBERS	6		Rejected!	
HP_SKELETAL_MYOPATHY	11		Rejected!	
HP_REDUCED_SUBCUTANEOUS_ADIPOSE_TISSUE	27	18		
HP_CALCINOSIS	11		Rejected!	
HP_UTERUS_DIDELPHYS	10		Rejected!	
HP_BRUXISM	21		Rejected!	
HP_NEVUS	145	90		
HP_PSORIASIFORM_DERMATITIS	25		Rejected!	
HP_PERIODIC_PARALYSIS	12		Rejected!	
HP_PULP_CALCIFICATION	7		Rejected!	
HP_STAGE_5_CHRONIC_KIDNEY_DISEASE	117	66		
HP_PILI_TORTI	13		Rejected!	
HP_EXCESSIVE_SALIVATION	122	64		
HP_EUNUCHOID_HABITUS	21		Rejected!	
HP_DECREASED_CSF_HOMOVANILLIC_ACID	6		Rejected!	
HP_MINICORE_MYOPATHY	6		Rejected!	
HP_DEPOSITS_IMMUNOREACTIVE_TO_BETA_AMYLOID_PROTEIN	9		Rejected!	
HP_SHORT_MIDDLE_PHALANX_OF_TOE	5		Rejected!	
HP_IRREGULAR_ILIAC_CREST	5		Rejected!	
HP_LIMB_GIRDLE_MUSCLE_ATROPHY	33	23		
HP_NEMALINE_BODIES	17		Rejected!	
HP_MUSCLE_ABNORMALITY_RELATED_TO_MITOCHONDRIAL_DYSFUNCTION	84	53		
HP_RIMMED_VACUOLES	37	24		
HP_NEONATAL_DEATH	34	22		
HP_PHENOTYPIC_VARIABILITY	400	218		
HP_DEATH_IN_CHILDHOOD	53	42		
HP_STILLBIRTH	28	19		
HP_VARIABLE_EXPRESSIVITY	287	166		
HP_INCOMPLETE_PENETRANCE	147	67		
HP_SHOULDER_DISLOCATION	15		Rejected!	
HP_ABNORMALITY_OF_UPPER_LIMB_EPIPHYSIS_MORPHOLOGY	57	34		
HP_ABSENT_FOREARM_BONE	26		Rejected!	
HP_ABNORMALITY_OF_THE_RADIAL_HEAD	47	28		
HP_ABNORMALITY_OF_RADIAL_EPIPHYSES	6		Rejected!	
HP_ABNORMALITY_OF_ULNAR_METAPHYSIS	10		Rejected!	
HP_ABSENT_HAND	18		Rejected!	
HP_SCLEROSIS_OF_HAND_BONE	10		Rejected!	
HP_MITTEN_DEFORMITY	8		Rejected!	
HP_MACRODACTYLY	5		Rejected!	
HP_ABNORMAL_2ND_FINGER_MORPHOLOGY	30		Rejected!	
HP_MIDLINE_DEFECT_OF_THE_NOSE	15		Rejected!	
HP_ABNORMAL_3RD_FINGER_MORPHOLOGY	21		Rejected!	
HP_ABNORMAL_4TH_FINGER_MORPHOLOGY	12		Rejected!	
HP_ABNORMAL_5TH_FINGER_MORPHOLOGY	434	305		
HP_ABNORMAL_5TH_FINGER_PHALANX_MORPHOLOGY	23		Rejected!	
HP_ABNORMALITY_OF_THE_MIDDLE_PHALANX_OF_THE_5TH_FINGER	19		Rejected!	
HP_ABNORMALITY_OF_THE_DISTAL_PHALANX_OF_THE_5TH_FINGER	5		Rejected!	
HP_ADVANCED_OSSIFICATION_OF_CARPAL_BONES	7		Rejected!	
HP_OSTEOARTHRITIS_OF_THE_SMALL_JOINTS_OF_THE_HAND	5		Rejected!	
HP_DUPLICATION_OF_HAND_BONES	228	147		
HP_SYNOSTOSIS_INVOLVING_BONES_OF_THE_HAND	44	19		
HP_SHORT_PALM	104	62		
HP_NARROW_PALM	16		Rejected!	
HP_PSEUDOEPIPHYSES_OF_HAND_BONES	13		Rejected!	
HP_ABNORMALITY_OF_THE_GASTRIC_MUCOSA	50	30		
HP_ABNORMALITY_OF_THE_BILIARY_SYSTEM	373	223		
HP_ABNORMALITY_OF_THE_ABDOMINAL_WALL	484	286		
HP_FUNCTIONAL_MOTOR_DEFICIT	484	294		
HP_ABNORMAL_MUSCLE_FIBER_MORPHOLOGY	232	127		
HP_INVOLUNTARY_MOVEMENTS	1078		Rejected!	
HP_ABNORMAL_ENDOCARDIUM_MORPHOLOGY	73	36		
HP_ABNORMAL_ANATOMIC_LOCATION_OF_THE_HEART	123	52		
HP_VENTRICULAR_ARRHYTHMIA	193	76		
HP_VENTRICULAR_PREEXCITATION	34		Rejected!	
HP_ABNORMAL_MACROPHAGE_MORPHOLOGY	33	27		
HP_ABNORMAL_RETICULOCYTE_MORPHOLOGY	80	51		
HP_DECREASED_CIRCULATING_ANTIBODY_LEVEL	177	126		
HP_DECREASED_CIRCULATING_IGG_LEVEL	64	49		
HP_DECREASED_CIRCULATING_ALDOSTERONE_LEVEL	17		Rejected!	
HP_VAGINAL_FISTULA	28	19		
HP_INCREASED_BODY_WEIGHT	475	275		
HP_CACHEXIA	57	40		
HP_ABNORMAL_VITREOUS_HUMOR_MORPHOLOGY	40		Rejected!	
HP_ABNORMAL_ANTERIOR_EYE_SEGMENT_MORPHOLOGY	1223		Rejected!	
HP_INCREASED_SKULL_OSSIFICATION	6		Rejected!	
HP_ABNORMAL_LYMPHOCYTE_MORPHOLOGY	177	137		
HP_BONE_MARROW_FOAM_CELLS	5		Rejected!	
HP_DERMAL_ATROPHY	89	52		
HP_ABNORMALITY_OF_AMINO_ACID_METABOLISM	8		Rejected!	
HP_ABNORMAL_CIRCULATING_AROMATIC_AMINO_ACID_CONCENTRATION	13		Rejected!	
HP_ABNORMAL_CIRCULATING_SULFUR_AMINO_ACID_CONCENTRATION	18		Rejected!	
HP_ABNORMALITY_OF_VITAMIN_B_METABOLISM	41	25		
HP_ABNORMALITY_OF_VITAMIN_B12_METABOLISM	32	21		
HP_WEAKNESS_OF_MUSCLES_OF_RESPIRATION	106	60		
HP_ABNORMALITY_OF_BONE_MINERAL_DENSITY	562	328		
HP_ABNORMAL_CIRCULATING_CARBOXYLIC_ACID_CONCENTRATION	243	140		
HP_ABNORMALITY_OF_LYSOSOMAL_METABOLISM	10		Rejected!	
HP_ABNORMAL_CIRCULATING_FATTY_ACID_CONCENTRATION	56	43		
HP_ABNORMALITY_OF_ACID_BASE_HOMEOSTASIS	395	267		
HP_ABNORMALITY_OF_CIRCULATING_LEPTIN_LEVEL	10		Rejected!	
HP_ABNORMAL_CIRCULATING_NITROGEN_COMPOUND_CONCENTRATION	135	85		
HP_ABNORMALITY_OF_TEMPERATURE_REGULATION	477	271		
HP_REDUCED_CONSCIOUSNESS_CONFUSION	401	237		
HP_FOCAL_DYSTONIA	98	56		
HP_HEMIPLEGIA_HEMIPARESIS	218	120		
HP_NEOPLASM_OF_THE_NERVOUS_SYSTEM	186	124		
HP_HEMATOLOGICAL_NEOPLASM	255	203		
HP_ABNORMALITY_OF_THE_ANUS	217	137		
HP_ABNORMALITY_OF_ALKALINE_PHOSPHATASE_LEVEL	90	54		
HP_AORTIC_VALVE_CALCIFICATION	9		Rejected!	
HP_SUPRAVALVULAR_AORTIC_STENOSIS	33	17		
HP_MITRAL_VALVE_CALCIFICATION	8		Rejected!	
HP_PROTRACTED_DIARRHEA	13		Rejected!	
HP_GASTROINTESTINAL_INFLAMMATION	113	64		
HP_ENTEROCOLITIS	11		Rejected!	
HP_INTESTINAL_PSEUDO_OBSTRUCTION	32		Rejected!	
HP_HAMARTOMATOUS_POLYPOSIS	17		Rejected!	
HP_MULTIPLE_GASTRIC_POLYPS	6		Rejected!	
HP_MALNUTRITION	34		Rejected!	
HP_POOR_APPETITE	44	30		
HP_ECTOPIC_ANUS	74	40		
HP_PEPTIC_ULCER	43	29		
HP_ABNORMALITY_OF_THE_PYLORUS	132	82		
HP_ABNORMAL_NIPPLE_MORPHOLOGY	208	141		
HP_SPONTANEOUS_RECURRENT_EPISTAXIS	12		Rejected!	
HP_ABNORMALITY_OF_THE_SENSE_OF_SMELL	98	52		
HP_HYPOSMIA	56	30		
HP_DEVIATED_NASAL_SEPTUM	5		Rejected!	
HP_ABNORMALITY_OF_THE_PULMONARY_ARTERY	172	103		
HP_PULMONARY_ARTERY_STENOSIS	79	47		
HP_PRECOCIOUS_ATHEROSCLEROSIS	10		Rejected!	
HP_INTERMITTENT_CLAUDICATION	7		Rejected!	
HP_THROMBOPHLEBITIS	10		Rejected!	
HP_RECURRENT_THROMBOPHLEBITIS	6		Rejected!	
HP_ARTERIAL_THROMBOSIS	32	15		
HP_ELEVATED_SYSTOLIC_BLOOD_PRESSURE	12		Rejected!	
HP_BIPARIETAL_NARROWING	59	45		
HP_FLAT_FOREHEAD	14		Rejected!	
HP_ABNORMALITY_OF_THE_CHEEK	230	142		
HP_ELFIN_FACIES	28	16		
HP_RECURRENT_VIRAL_INFECTIONS	59	47		
HP_SEVERE_COMBINED_IMMUNODEFICIENCY	20	17		
HP_AGAMMAGLOBULINEMIA	19		Rejected!	
HP_CRANIAL_HYPEROSTOSIS	45	30		
HP_CRANIOFACIAL_DYSOSTOSIS	10		Rejected!	
HP_CORONAL_CRANIOSYNOSTOSIS	24		Rejected!	
HP_SAGITTAL_CRANIOSYNOSTOSIS	17		Rejected!	
HP_LAMBDOIDAL_CRANIOSYNOSTOSIS	14		Rejected!	
HP_SPHEROCYTOSIS	8		Rejected!	
HP_ELLIPTOCYTOSIS	11		Rejected!	
HP_STOMATOCYTOSIS	13		Rejected!	
HP_POIKILOCYTOSIS	57	29		
HP_FULMINANT_HEPATIC_FAILURE	5		Rejected!	
HP_ABNORMALITY_OF_THE_MIDDLE_EAR_OSSICLES	18		Rejected!	
HP_OVERFOLDING_OF_THE_SUPERIOR_HELICES	5		Rejected!	
HP_DILATATED_INTERNAL_AUDITORY_CANAL	5		Rejected!	
HP_ABSENT_BRAINSTEM_AUDITORY_RESPONSES	10		Rejected!	
HP_CHRONIC_BRONCHITIS	21		Rejected!	
HP_APLASIA_CUTIS_CONGENITA_OVER_THE_SCALP_VERTEX	5		Rejected!	
HP_PROGRESSIVE_MACROCEPHALY	6		Rejected!	
HP_RELATIVE_MACROCEPHALY	98	64		
HP_CRANIOFACIAL_ASYMMETRY	6		Rejected!	
HP_CESSATION_OF_HEAD_GROWTH	10		Rejected!	
HP_MACROCEPHALY_AT_BIRTH	8		Rejected!	
HP_CALVARIAL_HYPEROSTOSIS	10		Rejected!	
HP_LARGE_POSTERIOR_FONTANELLE	16		Rejected!	
HP_WIDELY_PATENT_FONTANELLES_AND_SUTURES	17		Rejected!	
HP_CRANIOFACIAL_HYPEROSTOSIS	29	18		
HP_PANCREATIC_ISLET_CELL_HYPERPLASIA	12		Rejected!	
HP_SCARRING_ALOPECIA_OF_SCALP	14		Rejected!	
HP_GENERALIZED_HYPERTRICHOSIS	5		Rejected!	
HP_SEVERE_PLATYSPONDYLY	6		Rejected!	
HP_BEAKING_OF_VERTEBRAL_BODIES	24	16		
HP_INCREASED_VERTEBRAL_HEIGHT	9		Rejected!	
HP_SCLEROTIC_VERTEBRAL_ENDPLATES	5		Rejected!	
HP_BICONCAVE_VERTEBRAL_BODIES	24		Rejected!	
HP_ABSENT_OR_MINIMALLY_OSSIFIED_VERTEBRAL_BODIES	14		Rejected!	
HP_CERVICAL_C2_C3_VERTEBRAL_FUSION	6		Rejected!	
HP_BICONVEX_VERTEBRAL_BODIES	5		Rejected!	
HP_LUMBAR_SCOLIOSIS	9		Rejected!	
HP_DECREASED_CERVICAL_SPINE_FLEXION_DUE_TO_CONTRACTURES_OF_POSTERIOR_CERVICAL_MUSCLES	7		Rejected!	
HP_DECREASED_CERVICAL_SPINE_MOBILITY	15		Rejected!	
HP_DECREASED_FACIAL_EXPRESSION	131	78		
HP_TALIPES_VALGUS	17		Rejected!	
HP_SHORT_FOURTH_METATARSAL	10		Rejected!	
HP_2_3_TOE_SYNDACTYLY	102	58		
HP_4_5_TOE_SYNDACTYLY	5		Rejected!	
HP_RENAL_MALROTATION	7		Rejected!	
HP_CALCIUM_NEPHROLITHIASIS	11		Rejected!	
HP_IMPAIRED_RENAL_CONCENTRATING_ABILITY	5		Rejected!	
HP_RENAL_CORTICAL_MICROCYSTS	5		Rejected!	
HP_CROSSED_FUSED_RENAL_ECTOPIA	8		Rejected!	
HP_ABNORMAL_RENAL_COLLECTING_SYSTEM_MORPHOLOGY	26	16		
HP_ATRIAL_FLUTTER	20		Rejected!	
HP_PAROXYSMAL_VENTRICULAR_TACHYCARDIA	24		Rejected!	
HP_SUPRAVENTRICULAR_TACHYCARDIA	43		Rejected!	
HP_VENTRICULAR_TACHYCARDIA	58	21		
HP_PAROXYSMAL_ATRIAL_FIBRILLATION	19		Rejected!	
HP_LACTOSE_INTOLERANCE	5		Rejected!	
HP_ESOPHAGEAL_ULCERATION	6		Rejected!	
HP_MALROTATION_OF_SMALL_BOWEL	8		Rejected!	
HP_GASTROINTESTINAL_OBSTRUCTION	73	40		
HP_RECURRENT_INFECTION_OF_THE_GASTROINTESTINAL_TRACT	36	27		
HP_CONGENITAL_HEMOLYTIC_ANEMIA	8		Rejected!	
HP_ACUTE_MYELOID_LEUKEMIA	68	55		
HP_NEONATAL_ALLOIMMUNE_THROMBOCYTOPENIA	13		Rejected!	
HP_ANISOPOIKILOCYTOSIS	9		Rejected!	
HP_HYPOCHROMIC_MICROCYTIC_ANEMIA	14		Rejected!	
HP_REDUCED_FACTOR_XII_ACTIVITY	5		Rejected!	
HP_COOMBS_POSITIVE_HEMOLYTIC_ANEMIA	9		Rejected!	
HP_PROLONGED_BLEEDING_AFTER_SURGERY	16		Rejected!	
HP_REDUCED_PROTEIN_S_ACTIVITY	6		Rejected!	
HP_AMEGAKARYOCYTIC_THROMBOCYTOPENIA	6		Rejected!	
HP_IMPAIRED_ADP_INDUCED_PLATELET_AGGREGATION	8		Rejected!	
HP_CHRONIC_HEMOLYTIC_ANEMIA	6		Rejected!	
HP_PERINEAL_FISTULA	10		Rejected!	
HP_INTERCOSTAL_MUSCLE_WEAKNESS	10		Rejected!	
HP_EPISODIC_RESPIRATORY_DISTRESS	21		Rejected!	
HP_RESPIRATORY_FAILURE_REQUIRING_ASSISTED_VENTILATION	30	20		
HP_INTERMITTENT_EPISODES_OF_RESPIRATORY_INSUFFICIENCY_DUE_TO_MUSCLE_WEAKNESS	14		Rejected!	
HP_ELEVATED_PULMONARY_ARTERY_PRESSURE	133	68		
HP_SEVERE_LACTIC_ACIDOSIS	9		Rejected!	
HP_MATURITY_ONSET_DIABETES_OF_THE_YOUNG	21		Rejected!	
HP_BICARBONATE_WASTING_RENAL_TUBULAR_ACIDOSIS	5		Rejected!	
HP_HYPOPHOSPHATEMIC_RICKETS	19		Rejected!	
HP_ABNORMAL_MAGNESIUM_CONCENTRATION	28		Rejected!	
HP_HYPERPHENYLALANINEMIA	5		Rejected!	
HP_ABNORMAL_ORAL_GLUCOSE_TOLERANCE	14		Rejected!	
HP_ORTHOSTATIC_HYPOTENSION_DUE_TO_AUTONOMIC_DYSFUNCTION	16		Rejected!	
HP_PULMONARY_ARTERY_DILATATION	55	35		
HP_ABNORMALITY_OF_THE_PULMONARY_VASCULATURE	246	124		
HP_ASCENDING_AORTIC_DISSECTION	23		Rejected!	
HP_VASCULAR_CALCIFICATION	30	18		
HP_PULMONARY_ARTERY_ATRESIA	25		Rejected!	
HP_VENOUS_THROMBOSIS	87	41		
HP_PULMONARY_ARTERY_ANEURYSM	6		Rejected!	
HP_AORTIC_ANEURYSM	197	124		
HP_ACCELERATED_ATHEROSCLEROSIS	7		Rejected!	
HP_DILATATION_OF_THE_CEREBRAL_ARTERY	44	24		
HP_ARTERIOVENOUS_FISTULA	11		Rejected!	
HP_VASCULAR_TORTUOSITY	24		Rejected!	
HP_PERIPHERAL_ARTERIAL_STENOSIS	32		Rejected!	
HP_THORACIC_AORTA_CALCIFICATION	5		Rejected!	
HP_CALCIFICATION_OF_THE_AORTA	21		Rejected!	
HP_PERIPHERAL_PULMONARY_ARTERY_STENOSIS	40	24		
HP_ASCENDING_TUBULAR_AORTA_ANEURYSM	18		Rejected!	
HP_PULMONARY_ARTERY_HYPOPLASIA	7		Rejected!	
HP_ELEVATED_MEAN_ARTERIAL_PRESSURE	8		Rejected!	
HP_ERLENMEYER_FLASK_DEFORMITY_OF_THE_FEMURS	7		Rejected!	
HP_KNEE_DISLOCATION	9		Rejected!	
HP_METAPHYSEAL_SCLEROSIS	11		Rejected!	
HP_RHIZOMELIC_ARM_SHORTENING	7		Rejected!	
HP_APLASIA_HYPOPLASIA_OF_THE_CAPITAL_FEMORAL_EPIPHYSIS	17		Rejected!	
HP_DIAPHYSEAL_THICKENING	16		Rejected!	
HP_SHORTENING_OF_ALL_PHALANGES_OF_THE_TOES	8		Rejected!	
HP_PROXIMAL_RADIO_ULNAR_SYNOSTOSIS	5		Rejected!	
HP_IRREGULAR_CAPITAL_FEMORAL_EPIPHYSIS	5		Rejected!	
HP_SYNOSTOSIS_OF_CARPAL_BONES	22		Rejected!	
HP_METAPHYSEAL_SPURS	9		Rejected!	
HP_HYPEREXTENSIBILITY_AT_WRISTS	6		Rejected!	
HP_KNEE_OSTEOARTHRITIS	12		Rejected!	
HP_ABNORMAL_METAPHYSEAL_TRABECULATION	23	17		
HP_HIGH_FREQUENCY_HEARING_IMPAIRMENT	7		Rejected!	
HP_ABNORMALITY_OF_THE_VERTEBRAL_ENDPLATES	37	20		
HP_ABNORMAL_SACRUM_MORPHOLOGY	139	81		
HP_ABNORMALITY_OF_THE_INTERVERTEBRAL_DISK	38	19		
HP_ABNORMALITY_OF_THE_ACHILLES_TENDON	46	25		
HP_ABDOMINAL_AORTIC_ANEURYSM	23		Rejected!	
HP_AORTIC_ARCH_ANEURYSM	46	26		
HP_SUPRAVENTRICULAR_ARRHYTHMIA	104	37		
HP_ELEVATED_DIASTOLIC_BLOOD_PRESSURE	12		Rejected!	
HP_ABNORMAL_CARDIAC_ATRIUM_MORPHOLOGY	482	318		
HP_RIGHT_VENTRICULAR_DILATATION	12		Rejected!	
HP_ABNORMAL_T_WAVE	34		Rejected!	
HP_VENTRICULAR_SEPTAL_HYPERTROPHY	9		Rejected!	
HP_CORONARY_ARTERY_STENOSIS	6		Rejected!	
HP_CARDIAC_VALVE_CALCIFICATION	12		Rejected!	
HP_ABNORMAL_ATRIOVENTRICULAR_CONDUCTION	81	32		
HP_VENTRICULAR_ESCAPE_RHYTHM	10		Rejected!	
HP_CONCENTRIC_HYPERTROPHIC_CARDIOMYOPATHY	19		Rejected!	
HP_TOTAL_ANOMALOUS_PULMONARY_VENOUS_RETURN	7		Rejected!	
HP_SHORTENED_PR_INTERVAL	7		Rejected!	
HP_PREMATURE_ARTERIOSCLEROSIS	8		Rejected!	
HP_PREMATURE_CORONARY_ARTERY_ATHEROSCLEROSIS	15		Rejected!	
HP_PROLONGED_QTC_INTERVAL	25		Rejected!	
HP_SYNOVIAL_HYPERTROPHY	8		Rejected!	
HP_POLYARTICULAR_ARTHROPATHY	18		Rejected!	
HP_HELICOBACTER_PYLORI_INFECTION	5		Rejected!	
HP_PANCREATIC_PSEUDOCYST	5		Rejected!	
HP_SECRETORY_DIARRHEA	9		Rejected!	
HP_PANCREATIC_CALCIFICATION	9		Rejected!	
HP_IMPAIRED_MASTICATION	42	20		
HP_ANOPERINEAL_FISTULA	5		Rejected!	
HP_BOWEL_DIVERTICULOSIS	37	23		
HP_RECTAL_ABSCESS	8		Rejected!	
HP_ADENOMATOUS_COLONIC_POLYPOSIS	15		Rejected!	
HP_GASTROINTESTINAL_INFARCTIONS	13		Rejected!	
HP_INTESTINAL_HYPOPLASIA	17		Rejected!	
HP_FUNCTIONAL_INTESTINAL_OBSTRUCTION	10		Rejected!	
HP_THORACIC_HYPOPLASIA	138	81		
HP_PECTORAL_MUSCLE_HYPOPLASIA_APLASIA	8		Rejected!	
HP_JOINT_HEMORRHAGE	17		Rejected!	
HP_ABNORMALITY_OF_THE_SYNOVIA	325	202		
HP_GASTRITIS	19		Rejected!	
HP_ABNORMALITY_OF_THE_GALLBLADDER	112	66		
HP_ABNORMAL_JEJUNUM_MORPHOLOGY	7		Rejected!	
HP_INTESTINAL_POLYP	67	48		
HP_SPONTANEOUS_ABORTION	42		Rejected!	
HP_PROMINENT_NASOLABIAL_FOLD	11		Rejected!	
HP_PROMINENT_NASAL_TIP	19		Rejected!	
HP_DEPRESSED_NASAL_BRIDGE	558	342		
HP_ABNORMALITY_OF_THE_NASOLABIAL_REGION	13		Rejected!	
HP_VENOUS_INSUFFICIENCY	38	21		
HP_ARTERIAL_DISSECTION	11		Rejected!	
HP_CEREBRAL_VENOUS_THROMBOSIS	10		Rejected!	
HP_CAPILLARY_HEMANGIOMA	36	27		
HP_INCREASED_PULMONARY_VASCULAR_RESISTANCE	13		Rejected!	
HP_DISTURBANCE_OF_FACIAL_EXPRESSION	33		Rejected!	
HP_PROGEROID_FACIAL_APPEARANCE	19	15		
HP_SPARSE_LATERAL_EYEBROW	26	16		
HP_ABNORMALITY_OF_COMPLEMENT_SYSTEM	32		Rejected!	
HP_SPASTIC_HYPERACTIVE_BLADDER	10		Rejected!	
HP_HYPOPLASIA_OF_THE_BLADDER	5		Rejected!	
HP_ABNORMAL_CAROTID_ARTERY_MORPHOLOGY	88	55		
HP_ABNORMAL_VENA_CAVA_MORPHOLOGY	69	26		
HP_ABNORMAL_FACIAL_EXPRESSION	163	91		
HP_INSPIRATORY_STRIDOR	9		Rejected!	
HP_HYPOPLASIA_OF_THE_EPIGLOTTIS	8		Rejected!	
HP_RECURRENT_HERPES	18	15		
HP_LACK_OF_T_CELL_FUNCTION	7		Rejected!	
HP_DECREASED_SERUM_COMPLEMENT_FACTOR_I	7		Rejected!	
HP_SEVERE_B_LYMPHOCYTOPENIA	5		Rejected!	
HP_ABNORMALITY_OF_HUMORAL_IMMUNITY	276	180		
HP_CELLULAR_IMMUNODEFICIENCY	36	31		
HP_RECURRENT_HAEMOPHILUS_INFLUENZAE_INFECTIONS	7		Rejected!	
HP_RECURRENT_PROTOZOAN_INFECTIONS	5		Rejected!	
HP_COMBINED_IMMUNODEFICIENCY	35	28		
HP_RECURRENT_OPPORTUNISTIC_INFECTIONS	10		Rejected!	
HP_REDUCTION_OF_NEUTROPHIL_MOTILITY	8		Rejected!	
HP_RECURRENT_CANDIDA_INFECTIONS	13		Rejected!	
HP_T_LYMPHOCYTOPENIA	52	40		
HP_INCREASED_B_CELL_COUNT	7		Rejected!	
HP_RECURRENT_BACTERIAL_SKIN_INFECTIONS	28	22		
HP_DECREASED_PROPORTION_OF_CD4_POSITIVE_HELPER_T_CELLS	28	22		
HP_DECREASED_PROPORTION_OF_CD8_POSITIVE_T_CELLS	10		Rejected!	
HP_DECREASED_SERUM_COMPLEMENT_FACTOR_B	5		Rejected!	
HP_RECURRENT_GRAM_NEGATIVE_BACTERIAL_INFECTIONS	19		Rejected!	
HP_DECREASED_SERUM_COMPLEMENT_C3	12		Rejected!	
HP_RECURRENT_SINOPULMONARY_INFECTIONS	63	21		
HP_RECURRENT_NEISSERIAL_INFECTIONS	7		Rejected!	
HP_IMPAIRED_T_CELL_FUNCTION	30	21		
HP_ENLARGED_POSTERIOR_FOSSA	162	110		
HP_CALVARIAL_OSTEOSCLEROSIS	6		Rejected!	
HP_ABSENT_HYPOPLASTIC_PARANASAL_SINUSES	8		Rejected!	
HP_CALCIFICATION_OF_FALX_CEREBRI	6		Rejected!	
HP_CRANIOFACIAL_OSTEOSCLEROSIS	12		Rejected!	
HP_FACIAL_HYPEROSTOSIS	5		Rejected!	
HP_FLAT_OCCIPUT	57	42		
HP_DECREASED_CALVARIAL_OSSIFICATION	11		Rejected!	
HP_ABNORMAL_EPIGLOTTIS_MORPHOLOGY	20		Rejected!	
HP_SECONDARY_MICROCEPHALY	166	130		
HP_PROMINENT_METOPIC_RIDGE	49	32		
HP_REFRACTORY_ANEMIA	6		Rejected!	
HP_CHRONIC_MYELOGENOUS_LEUKEMIA	5		Rejected!	
HP_INCREASED_MEGAKARYOCYTE_COUNT	7		Rejected!	
HP_INCREASED_MEAN_CORPUSCULAR_VOLUME	40	32		
HP_DISSEMINATED_INTRAVASCULAR_COAGULATION	24	17		
HP_PYRIDOXINE_RESPONSIVE_SIDEROBLASTIC_ANEMIA	23	23		
HP_LYMPHOPROLIFERATIVE_DISORDER	15		Rejected!	
HP_SPONTANEOUS_HEMOLYTIC_CRISES	7		Rejected!	
HP_BONE_MARROW_HYPOCELLULARITY	61	50		
HP_REDUCED_PROTEIN_C_ACTIVITY	7		Rejected!	
HP_MYELOPROLIFERATIVE_DISORDER	16		Rejected!	
HP_CHRONIC_LYMPHATIC_LEUKEMIA	13		Rejected!	
HP_ABNORMALITY_OF_THE_METOPIC_SUTURE	62	39		
HP_CHRONIC_LEUKEMIA	20	17		
HP_IMBALANCED_HEMOGLOBIN_SYNTHESIS	5		Rejected!	
HP_ABNORMALITY_OF_BONE_MARROW_CELL_MORPHOLOGY	186	147		
HP_MULTIPLE_RENAL_CYSTS	51	32		
HP_REDUCED_RENAL_CORTICOMEDULLARY_DIFFERENTIATION	5		Rejected!	
HP_RENAL_MAGNESIUM_WASTING	7		Rejected!	
HP_HEMOLYTIC_UREMIC_SYNDROME	13		Rejected!	
HP_DUPLICATION_OF_RENAL_PELVIS	5		Rejected!	
HP_RENAL_CELL_CARCINOMA	71	49		
HP_SPOTTY_HYPERPIGMENTATION	8		Rejected!	
HP_HYPERPIGMENTATION_IN_SUN_EXPOSED_AREAS	7		Rejected!	
HP_PATCHY_PALMOPLANTAR_HYPERKERATOSIS	5		Rejected!	
HP_SPOTTY_HYPOPIGMENTATION	8		Rejected!	
HP_GENERALIZED_HYPERKERATOSIS	15		Rejected!	
HP_LARGE_CAFE_AU_LAIT_MACULES_WITH_IRREGULAR_MARGINS	6		Rejected!	
HP_ABNORMAL_TRACHEOBRONCHIAL_MORPHOLOGY	316	180		
HP_APLASIA_HYPOPLASIA_OF_THE_FEMUR	59	34		
HP_ACCELERATED_SKELETAL_MATURATION	65	38		
HP_BILATERAL_CAMPTODACTYLY	5		Rejected!	
HP_THORACOLUMBAR_KYPHOSIS	18		Rejected!	
HP_BROAD_LONG_BONES	176	98		
HP_ABNORMAL_VERTEBRAL_SEGMENTATION_AND_FUSION	11		Rejected!	
HP_POSITIONAL_FOOT_DEFORMITY	387	237		
HP_THORACIC_KYPHOSCOLIOSIS	22		Rejected!	
HP_JUVENILE_RHEUMATOID_ARTHRITIS	6		Rejected!	
HP_DISTAL_ARTHROGRYPOSIS	18		Rejected!	
HP_JOINT_HYPERFLEXIBILITY	185	122		
HP_MULTIPLE_ENCHONDROMATOSIS	9		Rejected!	
HP_2_3_TOE_CUTANEOUS_SYNDACTYLY	5		Rejected!	
HP_LETHAL_SKELETAL_DYSPLASIA	10		Rejected!	
HP_SHORT_TIBIA	23		Rejected!	
HP_AVASCULAR_NECROSIS_OF_THE_CAPITAL_FEMORAL_EPIPHYSIS	26		Rejected!	
HP_CONTRACTURES_OF_THE_JOINTS_OF_THE_LOWER_LIMBS	179	114		
HP_BASILAR_IMPRESSION	5		Rejected!	
HP_APLASIA_HYPOPLASIA_OF_THE_TIBIA	28		Rejected!	
HP_CONTRACTURES_OF_THE_LARGE_JOINTS	5		Rejected!	
HP_GENERALIZED_OSTEOSCLEROSIS	9		Rejected!	
HP_CORTICAL_THICKENING_OF_LONG_BONE_DIAPHYSES	5		Rejected!	
HP_ABSENT_DISTAL_PHALANGES	5		Rejected!	
HP_SHORT_MIDDLE_PHALANX_OF_FINGER	43	21		
HP_MULTIPLE_PRENATAL_FRACTURES	16		Rejected!	
HP_PSEUDOARTHROSIS	8		Rejected!	
HP_METAPHYSEAL_CHONDRODYSPLASIA	14		Rejected!	
HP_PROGRESSIVE_FLEXION_CONTRACTURES	7		Rejected!	
HP_CONGENITAL_FINGER_FLEXION_CONTRACTURES	9		Rejected!	
HP_ABNORMAL_CERVICAL_CURVATURE	12		Rejected!	
HP_BILIARY_ATRESIA	9		Rejected!	
HP_ABNORMALITY_OF_METACARPAL_EPIPHYSES	15		Rejected!	
HP_APLASIA_HYPOPLASIA_INVOLVING_THE_METACARPAL_BONES	126	75		
HP_ABNORMAL_METACARPAL_MORPHOLOGY	160	95		
HP_ABNORMAL_FINGER_PHALANX_MORPHOLOGY	693	435		
HP_ABNORMAL_EPIPHYSIS_MORPHOLOGY_OF_THE_PHALANGES_OF_THE_HAND	39	25		
HP_ABNORMAL_HAND_MORPHOLOGY	397	240		
HP_ABNORMALITY_OF_EPIPHYSIS_MORPHOLOGY	259	162		
HP_ABNORMAL_RENAL_CORTICOMEDULLARY_DIFFERENTIATION	9		Rejected!	
HP_ABNORMAL_RESPIRATORY_MOTILE_CILIUM_MORPHOLOGY	21		Rejected!	
HP_RESPIRATORY_ARREST	24	15		
HP_VENTILATOR_DEPENDENCE_WITH_INABILITY_TO_WEAN	5		Rejected!	
HP_APNEIC_EPISODES_IN_INFANCY	8		Rejected!	
HP_DECREASED_PULMONARY_FUNCTION	21		Rejected!	
HP_BREATHING_DYSREGULATION	20		Rejected!	
HP_TEMPERATURE_INSTABILITY	39	16		
HP_TYPE_II_DIABETES_MELLITUS	198	85		
HP_LIMITATION_OF_NECK_MOTION	32		Rejected!	
HP_CONGENITAL_MUSCULAR_TORTICOLLIS	8		Rejected!	
HP_REDUNDANT_NECK_SKIN	21		Rejected!	
HP_NODULAR_GOITER	10		Rejected!	
HP_URETERAL_OBSTRUCTION	35	17		
HP_ABNORMALLY_SHAPED_CARPAL_BONES	6		Rejected!	
HP_Y_SHAPED_METACARPALS	12		Rejected!	
HP_METACARPOPHALANGEAL_JOINT_CONTRACTURE	5		Rejected!	
HP_PALMAR_HYPERHIDROSIS	18		Rejected!	
HP_3_4_FINGER_SYNDACTYLY	6		Rejected!	
HP_FINGER_SYNDACTYLY	187	115		
HP_ABSENT_PHALANGEAL_CREASE	12		Rejected!	
HP_SHORTENING_OF_ALL_MIDDLE_PHALANGES_OF_THE_FINGERS	7		Rejected!	
HP_SHORTENING_OF_ALL_DISTAL_PHALANGES_OF_THE_FINGERS	43	23		
HP_ACRAL_ULCERATION	8		Rejected!	
HP_ABNORMAL_FINGER_FLEXION_CREASES	15		Rejected!	
HP_CENTRAL_Y_SHAPED_METACARPAL	9		Rejected!	
HP_INCREASED_LAXITY_OF_FINGERS	5		Rejected!	
HP_SWAN_NECK_LIKE_DEFORMITIES_OF_THE_FINGERS	8		Rejected!	
HP_MESOAXIAL_HAND_POLYDACTYLY	10		Rejected!	
HP_DECREASED_PALMAR_CREASES	5		Rejected!	
HP_DEEP_PALMAR_CREASE	26	21		
HP_PHALANGEAL_DISLOCATION	7		Rejected!	
HP_ENLARGED_INTERPHALANGEAL_JOINTS	5		Rejected!	
HP_LIMITED_WRIST_MOVEMENT	14		Rejected!	
HP_LIMITED_WRIST_EXTENSION	5		Rejected!	
HP_INTERPHALANGEAL_JOINT_EROSIONS	7		Rejected!	
HP_ABNORMALITY_OF_HAND_JOINT_MOBILITY	31		Rejected!	
HP_ABNORMALITY_OF_CARPAL_BONE_OSSIFICATION	30	17		
HP_ABNORMAL_PHALANGEAL_JOINT_MORPHOLOGY_OF_THE_HAND	201	116		
HP_APLASIA_HYPOPLASIA_OF_THE_5TH_FINGER	51	29		
HP_APLASIA_HYPOPLASIA_OF_THE_2ND_FINGER	13		Rejected!	
HP_APLASIA_HYPOPLASIA_OF_FINGERS	342	208		
HP_SMALL_PLACENTA	9		Rejected!	
HP_LARGE_PLACENTA	7		Rejected!	
HP_HYPOPLASTIC_SPLEEN	5		Rejected!	
HP_REDUCED_PANCREATIC_BETA_CELLS	7		Rejected!	
HP_ENAMEL_HYPOMINERALIZATION	8		Rejected!	
HP_YELLOW_BROWN_DISCOLORATION_OF_THE_TEETH	8		Rejected!	
HP_ADVANCED_ERUPTION_OF_TEETH	37	23		
HP_AGENESIS_OF_CENTRAL_INCISOR	14		Rejected!	
HP_ABNORMALITY_OF_DENTAL_ERUPTION	242	144		
HP_ENAMEL_HYPOPLASIA	87	47		
HP_PROLONGED_BLEEDING_AFTER_DENTAL_EXTRACTION	15		Rejected!	
HP_WIDELY_SPACED_INCISORS	9		Rejected!	
HP_ATROPHY_OF_ALVEOLAR_RIDGES	5		Rejected!	
HP_WIDELY_SPACED_PRIMARY_TEETH	5		Rejected!	
HP_SOLITARY_MEDIAN_MAXILLARY_CENTRAL_INCISOR	24		Rejected!	
HP_PREMATURE_LOSS_OF_PRIMARY_TEETH	21		Rejected!	
HP_SUPERNUMERARY_MAXILLARY_INCISOR	5		Rejected!	
HP_HYPOPLASIA_OF_THE_PRIMARY_TEETH	5		Rejected!	
HP_PERSISTENCE_OF_PRIMARY_TEETH	17		Rejected!	
HP_PEG_SHAPED_MAXILLARY_LATERAL_INCISORS	20		Rejected!	
HP_ABNORMALITY_OF_PRIMARY_MOLAR_MORPHOLOGY	14		Rejected!	
HP_AGENESIS_OF_PERMANENT_TEETH	18		Rejected!	
HP_FAILURE_OF_ERUPTION_OF_PERMANENT_TEETH	5		Rejected!	
HP_PREMATURE_LOSS_OF_PERMANENT_TEETH	5		Rejected!	
HP_IRREGULAR_FEMORAL_EPIPHYSIS	9		Rejected!	
HP_CRUMPLED_LONG_BONES	6		Rejected!	
HP_LIMITED_ELBOW_FLEXION	10		Rejected!	
HP_KNEE_FLEXION_CONTRACTURE	80	50		
HP_SHORT_LOWER_LIMBS	10		Rejected!	
HP_OVERTUBULATED_LONG_BONES	5		Rejected!	
HP_INCREASED_DENSITY_OF_LONG_BONES	10		Rejected!	
HP_LIMITED_PRONATION_SUPINATION_OF_FOREARM	8		Rejected!	
HP_BROAD_FEMORAL_NECK	12		Rejected!	
HP_PROXIMAL_FEMORAL_METAPHYSEAL_ABNORMALITY	10		Rejected!	
HP_RADIOULNAR_DISLOCATION	5		Rejected!	
HP_PATELLAR_APLASIA	21	15		
HP_INCREASED_LAXITY_OF_ANKLES	7		Rejected!	
HP_PROXIMAL_FEMORAL_EPIPHYSIOLYSIS	7		Rejected!	
HP_ANKLE_FLEXION_CONTRACTURE	45	26		
HP_ABNORMALITY_OF_THE_ALVEOLAR_RIDGES	40	22		
HP_ABNORMAL_DENTAL_PULP_MORPHOLOGY	51	32		
HP_PREMATURE_LOSS_OF_TEETH	50	29		
HP_ABNORMALITY_OF_PRIMARY_TEETH	70	42		
HP_ABNORMALITY_OF_DENTAL_MORPHOLOGY	270	173		
HP_ABNORMAL_NUMBER_OF_TEETH	340	203		
HP_AGENESIS_OF_INCISOR	28		Rejected!	
HP_ABNORMAL_DENTAL_ROOT_MORPHOLOGY	48	32		
HP_BOWING_OF_THE_ARM	30		Rejected!	
HP_ABNORMALITY_OF_LOWER_LIMB_METAPHYSES	22		Rejected!	
HP_APLASIA_HYPOPLASIA_OF_THE_FIBULA	28	16		
HP_APLASIA_HYPOPLASIA_INVOLVING_BONES_OF_THE_LOWER_LIMBS	378	236		
HP_APLASIA_HYPOPLASIA_INVOLVING_BONES_OF_THE_FEET	301	181		
HP_APLASIA_HYPOPLASIA_OF_THE_ULNA	60	37		
HP_APLASIA_HYPOPLASIA_INVOLVING_BONES_OF_THE_UPPER_LIMBS	534	321		
HP_APLASIA_HYPOPLASIA_OF_THE_PATELLA	28	19		
HP_ABNORMALITY_OF_LOWER_LIMB_EPIPHYSIS_MORPHOLOGY	85	41		
HP_APLASIA_HYPOPLASIA_OF_THE_RADIUS	82	47		
HP_APLASIA_HYPOPLASIA_INVOLVING_THE_CARPAL_BONES	16		Rejected!	
HP_APLASIA_HYPOPLASIA_INVOLVING_FOREARM_BONES	98	54		
HP_ABNORMALITY_OF_LIMB_EPIPHYSIS_MORPHOLOGY	123	65		
HP_APLASIA_HYPOPLASIA_OF_THE_HUMERUS	29	17		
HP_ABNORMALITY_OF_TIBIAL_EPIPHYSES	5		Rejected!	
HP_CHRONIC_PULMONARY_OBSTRUCTION	35	21		
HP_LARYNGEAL_STRIDOR	6		Rejected!	
HP_INTERSTITIAL_PNEUMONITIS	12		Rejected!	
HP_INTRAALVEOLAR_PHOSPHOLIPID_ACCUMULATION	8		Rejected!	
HP_ALVEOLAR_CELL_CARCINOMA	18		Rejected!	
HP_PROGRESSIVE_PULMONARY_FUNCTION_IMPAIRMENT	13		Rejected!	
HP_PULMONARY_LYMPHANGIECTASIA	5		Rejected!	
HP_CHRONIC_LUNG_DISEASE	37	18		
HP_ABNORMAL_PULMONARY_INTERSTITIAL_MORPHOLOGY	157	71		
HP_RECURRENT_PNEUMONIA	97	62		
HP_RECURRENT_INTRAPULMONARY_HEMORRHAGE	8		Rejected!	
HP_AIRWAY_OBSTRUCTION	115	44		
HP_RECURRENT_BRONCHOPULMONARY_INFECTIONS	12		Rejected!	
HP_CARDIORESPIRATORY_ARREST	10		Rejected!	
HP_UNILATERAL_PRIMARY_PULMONARY_DYSGENESIS	5		Rejected!	
HP_ACUTE_HEPATIC_FAILURE	30	23		
HP_POLYCYSTIC_LIVER_DISEASE	9		Rejected!	
HP_LIPID_ACCUMULATION_IN_HEPATOCYTES	133	100		
HP_VIRAL_HEPATITIS	14		Rejected!	
HP_INCREASED_HEPATOCELLULAR_LIPID_DROPLETS	5		Rejected!	
HP_INCREASED_HEPATIC_GLYCOGEN_CONTENT	9		Rejected!	
HP_SUBACUTE_PROGRESSIVE_VIRAL_HEPATITIS	9		Rejected!	
HP_PROLONGED_NEONATAL_JAUNDICE	64	34		
HP_PORTAL_FIBROSIS	12		Rejected!	
HP_DIAPHRAGMATIC_PARALYSIS	6		Rejected!	
HP_WIDE_INTERMAMILLARY_DISTANCE	103	65		
HP_ABSENT_STERNAL_OSSIFICATION	5		Rejected!	
HP_MULTIPLE_RIB_FRACTURES	7		Rejected!	
HP_THORACIC_DYSPLASIA	6		Rejected!	
HP_THIN_CLAVICLES	5		Rejected!	
HP_RIB_SEGMENTATION_ABNORMALITIES	12		Rejected!	
HP_APLASTIC_CLAVICLE	16		Rejected!	
HP_REDUCED_SYSTOLIC_FUNCTION	17		Rejected!	
HP_PREMATURE_VENTRICULAR_CONTRACTION	17		Rejected!	
HP_ENDOCARDIAL_FIBROSIS	6		Rejected!	
HP_BACTERIAL_ENDOCARDITIS	6		Rejected!	
HP_ATRIOVENTRICULAR_CANAL_DEFECT	46	22		
HP_DILATATION_OF_THE_VENTRICULAR_CAVITY	8		Rejected!	
HP_PREMATURE_ATRIAL_CONTRACTIONS	5		Rejected!	
HP_APLASIA_HYPOPLASIA_OF_THE_LUNGS	151	74		
HP_ABNORMAL_CORONARY_ARTERY_MORPHOLOGY	63	31		
HP_ABNORMAL_ATRIOVENTRICULAR_VALVE_MORPHOLOGY	160	90		
HP_CYSTIC_LIVER_DISEASE	37	29		
HP_ABNORMALITY_OF_THE_HEPATIC_VASCULATURE	69	40		
HP_APLASIA_HYPOPLASIA_OF_THE_NIPPLES	50	30		
HP_APLASIA_HYPOPLASIA_OF_THE_CLAVICLES	49	30		
HP_APLASIA_HYPOPLASIA_INVOLVING_BONES_OF_THE_THORAX	170	105		
HP_APLASIA_HYPOPLASIA_OF_THE_RIBS	118	74		
HP_APLASIA_HYPOPLASIA_OF_THE_SCAPULAE	29	16		
HP_APLASIA_HYPOPLASIA_OF_THE_STERNUM	15		Rejected!	
HP_HEREDITARY_NONPOLYPOSIS_COLORECTAL_CARCINOMA	32	21		
HP_ACUTE_LYMPHOBLASTIC_LEUKEMIA	33	25		
HP_INTESTINAL_CARCINOID	6		Rejected!	
HP_PANCREATIC_ADENOCARCINOMA	28	22		
HP_FOLLICULAR_THYROID_CARCINOMA	15		Rejected!	
HP_SQUAMOUS_CELL_CARCINOMA_OF_THE_SKIN	21		Rejected!	
HP_ADRENOCORTICAL_CARCINOMA	15		Rejected!	
HP_GANGLIONEUROBLASTOMA	6		Rejected!	
HP_NEOPLASM_OF_THE_STOMACH	77	51		
HP_MALIGNANT_GENITOURINARY_TRACT_TUMOR	27	25		
HP_CHONDROSARCOMA	7		Rejected!	
HP_PAPILLARY_RENAL_CELL_CARCINOMA	8		Rejected!	
HP_PITUITARY_PROLACTIN_CELL_ADENOMA	9		Rejected!	
HP_DUODENAL_ADENOCARCINOMA	7		Rejected!	
HP_RENAL_ANGIOMYOLIPOMA	5		Rejected!	
HP_OVARIAN_PAPILLARY_ADENOCARCINOMA	7		Rejected!	
HP_MULTIPLE_MYELOMA	7		Rejected!	
HP_ALVEOLAR_RHABDOMYOSARCOMA	5		Rejected!	
HP_PARATHYROID_CARCINOMA	7		Rejected!	
HP_POSTERIOR_PHARYNGEAL_CLEFT	12		Rejected!	
HP_LIMB_GIRDLE_MUSCULAR_DYSTROPHY	16		Rejected!	
HP_BASAL_GANGLIA_CYSTS	7		Rejected!	
HP_HYPERACTIVE_DEEP_TENDON_REFLEXES	31	19		
HP_ABNORMAL_ANTERIOR_HORN_CELL_MORPHOLOGY	16		Rejected!	
HP_CEREBRAL_HYPOMYELINATION	32	27		
HP_FOCAL_HEMICLONIC_SEIZURE	13		Rejected!	
HP_APLASIA_HYPOPLASIA_OF_THE_CEREBELLAR_VERMIS	257	169		
HP_SEVERE_MUSCULAR_HYPOTONIA	108	75		
HP_ACUTE_ENCEPHALOPATHY	9		Rejected!	
HP_HYPOPLASIA_OF_THE_VENTRAL_PONS	6		Rejected!	
HP_CEREBELLAR_VERMIS_ATROPHY	36	20		
HP_IMPAIRED_DISTAL_PROPRIOCEPTION	7		Rejected!	
HP_SEVERE_EXPRESSIVE_LANGUAGE_DELAY	12		Rejected!	
HP_LOBAR_HOLOPROSENCEPHALY	20	15		
HP_CEREBRAL_HYPOPLASIA	46	41		
HP_PONTOCEREBELLAR_ATROPHY	7		Rejected!	
HP_IMPAIRED_DISTAL_VIBRATION_SENSATION	24	15		
HP_INTELLECTUAL_DISABILITY_PROGRESSIVE	50	40		
HP_MENINGOENCEPHALOCELE	5		Rejected!	
HP_INTELLECTUAL_DISABILITY_BORDERLINE	19		Rejected!	
HP_THICK_CEREBRAL_CORTEX	10		Rejected!	
HP_FRONTOTEMPORAL_CEREBRAL_ATROPHY	15		Rejected!	
HP_LOWER_LIMB_HYPERTONIA	29	25		
HP_ABDUCENS_PALSY	7		Rejected!	
HP_FUSION_OF_THE_CEREBELLAR_HEMISPHERES	6		Rejected!	
HP_FRONTAL_CORTICAL_ATROPHY	56	41		
HP_ABNORMAL_AGGRESSIVE_IMPULSIVE_OR_VIOLENT_BEHAVIOR	357	222		
HP_CONGENITAL_NYSTAGMUS	60	42		
HP_IMPAIRED_DISTAL_TACTILE_SENSATION	11		Rejected!	
HP_IMPAIRED_VIBRATION_SENSATION_AT_ANKLES	9		Rejected!	
HP_RETROCEREBELLAR_CYST	7		Rejected!	
HP_OLIVOPONTOCEREBELLAR_HYPOPLASIA	13		Rejected!	
HP_DILATION_OF_LATERAL_VENTRICLES	84	58		
HP_LOSS_OF_ABILITY_TO_WALK	44	30		
HP_ABNORMAL_AUDITORY_EVOKED_POTENTIALS	23		Rejected!	
HP_JERKY_HEAD_MOVEMENTS	11		Rejected!	
HP_PERIVENTRICULAR_LEUKOMALACIA	33	27		
HP_GRAMMAR_SPECIFIC_SPEECH_DISORDER	10		Rejected!	
HP_SLEEP_WAKE_CYCLE_DISTURBANCE	32	18		
HP_PROGRESSIVE_LEUKOENCEPHALOPATHY	5		Rejected!	
HP_DISTAL_SENSORY_LOSS_OF_ALL_MODALITIES	6		Rejected!	
HP_UPPER_LIMB_SPASTICITY	20		Rejected!	
HP_DYSPLASTIC_CORPUS_CALLOSUM	33	27		
HP_BASAL_GANGLIA_GLIOSIS	12		Rejected!	
HP_MORNING_MYOCLONIC_JERKS	11		Rejected!	
HP_LOSS_OF_PURKINJE_CELLS_IN_THE_CEREBELLAR_VERMIS	5		Rejected!	
HP_MOTOR_AXONAL_NEUROPATHY	31	23		
HP_POOR_FINE_MOTOR_COORDINATION	54	21		
HP_POOR_GROSS_MOTOR_COORDINATION	20		Rejected!	
HP_CORTICOSPINAL_TRACT_HYPOPLASIA	6		Rejected!	
HP_ATTENTION_DEFICIT_HYPERACTIVITY_DISORDER	365	220		
HP_PROGRESSIVE_SPASTIC_PARAPLEGIA	59	46		
HP_PAIN_INSENSITIVITY	19		Rejected!	
HP_PSEUDOBULBAR_PARALYSIS	19		Rejected!	
HP_CEREBRAL_BERRY_ANEURYSM	6		Rejected!	
HP_NONPROGRESSIVE_ENCEPHALOPATHY	5		Rejected!	
HP_CEREBELLAR_DYSPLASIA	21		Rejected!	
HP_GENERALIZED_HYPERREFLEXIA	12		Rejected!	
HP_HYPOPLASIA_OF_OLFACTORY_TRACT	9		Rejected!	
HP_CHRONIC_LYMPHOCYTIC_MENINGITIS	5		Rejected!	
HP_FOCAL_WHITE_MATTER_LESIONS	15		Rejected!	
HP_LARGE_BASAL_GANGLIA	50	37		
HP_MULTIFOCAL_CEREBRAL_WHITE_MATTER_ABNORMALITIES	13		Rejected!	
HP_GENERALIZED_CEREBRAL_ATROPHY_HYPOPLASIA	11		Rejected!	
HP_DISTAL_PERIPHERAL_SENSORY_NEUROPATHY	20		Rejected!	
HP_INFERIOR_VERMIS_HYPOPLASIA	9		Rejected!	
HP_THICK_CORPUS_CALLOSUM	9		Rejected!	
HP_EXTRAPYRAMIDAL_MUSCULAR_RIGIDITY	14		Rejected!	
HP_DILATED_THIRD_VENTRICLE	9		Rejected!	
HP_HYPERACTIVE_PATELLAR_REFLEX	14		Rejected!	
HP_SOCIAL_AND_OCCUPATIONAL_DETERIORATION	14		Rejected!	
HP_ARNOLD_CHIARI_TYPE_I_MALFORMATION	28	19		
HP_HYPOINTENSITY_OF_CEREBRAL_WHITE_MATTER_ON_MRI	14		Rejected!	
HP_INFANTILE_ENCEPHALOPATHY	8		Rejected!	
HP_DEMYELINATING_PERIPHERAL_NEUROPATHY	49	27		
HP_PERIVENTRICULAR_CYSTS	11		Rejected!	
HP_CENTRAL_HYPOVENTILATION	15		Rejected!	
HP_TEMPORAL_CORTICAL_ATROPHY	21		Rejected!	
HP_PROXIMAL_AMYOTROPHY	39	22		
HP_PROGRESSIVE_PERIPHERAL_NEUROPATHY	5		Rejected!	
HP_SENSORIMOTOR_NEUROPATHY	89	52		
HP_DISTAL_UPPER_LIMB_AMYOTROPHY	43	22		
HP_PROGRESSIVE_EXTRAPYRAMIDAL_MOVEMENT_DISORDER	9		Rejected!	
HP_FLUCTUATIONS_IN_CONSCIOUSNESS	26		Rejected!	
HP_SLOWED_SLURRED_SPEECH	5		Rejected!	
HP_PERIVENTRICULAR_HETEROTOPIA	34	24		
HP_PAROXYSMAL_DYSKINESIA	12		Rejected!	
HP_MOTOR_POLYNEUROPATHY	33	20		
HP_PERIPHERAL_HYPOMYELINATION	9		Rejected!	
HP_FOCAL_T2_HYPERINTENSE_BASAL_GANGLIA_LESION	46	34		
HP_LOSS_OF_CONSCIOUSNESS	25		Rejected!	
HP_NEURONAL_LOSS_IN_THE_CEREBRAL_CORTEX	10		Rejected!	
HP_PROGRESSIVE_SPASTIC_PARAPARESIS	7		Rejected!	
HP_DIFFUSE_WHITE_MATTER_ABNORMALITIES	36	22		
HP_HEMIMEGALENCEPHALY	14		Rejected!	
HP_PHOTOSENSITIVE_TONIC_CLONIC_SEIZURE	16		Rejected!	
HP_FACIAL_PARALYSIS	8		Rejected!	
HP_LOWER_LIMB_AMYOTROPHY	58	30		
HP_MACROGYRIA	23	16		
HP_PROGRESSIVE_GAIT_ATAXIA	31	17		
HP_ABNORMAL_PYRAMIDAL_SIGN	378	248		
HP_SEVERE_DEMYELINATION_OF_THE_WHITE_MATTER	7		Rejected!	
HP_TYPE_II_LISSENCEPHALY	15		Rejected!	
HP_CEREBRAL_DYSMYELINATION	18		Rejected!	
HP_CHRONIC_AXONAL_NEUROPATHY	6		Rejected!	
HP_SPINAL_MUSCULAR_ATROPHY	23	19		
HP_ATYPICAL_ABSENCE_SEIZURE	27		Rejected!	
HP_PROGRESSIVE_PSYCHOMOTOR_DETERIORATION	12		Rejected!	
HP_DEVELOPMENTAL_STAGNATION	21		Rejected!	
HP_LIMB_FASCICULATIONS	6		Rejected!	
HP_POSTERIOR_FOSSA_CYST	13		Rejected!	
HP_OROMOTOR_APRAXIA	25		Rejected!	
HP_CNS_DEMYELINATION	41	30		
HP_EXTRAPYRAMIDAL_DYSKINESIA	6		Rejected!	
HP_SHORT_STEPPED_SHUFFLING_GAIT	16		Rejected!	
HP_GENERALIZED_DYSTONIA	15		Rejected!	
HP_MIXED_DEMYELINATING_AND_AXONAL_POLYNEUROPATHY	17		Rejected!	
HP_IMPAIRED_PAIN_SENSATION	67	32		
HP_HYPOPLASIA_OF_THE_FRONTAL_LOBES	33	30		
HP_BILATERAL_TONIC_CLONIC_SEIZURE_WITH_FOCAL_ONSET	26		Rejected!	
HP_HYPERMETRIC_SACCADES	9		Rejected!	
HP_LOWER_LIMB_MUSCLE_WEAKNESS	132	80		
HP_ABNORMAL_MORPHOLOGY_OF_THE_LIMBIC_SYSTEM	70	36		
HP_ATROPHY_DEGENERATION_INVOLVING_THE_SPINAL_CORD	18		Rejected!	
HP_HYPERREFLEXIA_IN_UPPER_LIMBS	18		Rejected!	
HP_UPPER_LIMB_POSTURAL_TREMOR	9		Rejected!	
HP_CEREBELLAR_CALCIFICATIONS	7		Rejected!	
HP_AMYOTROPHIC_LATERAL_SCLEROSIS	49	37		
HP_FOCAL_ONSET_SEIZURE	309	183		
HP_APLASIA_HYPOPLASIA_OF_THE_CEREBELLUM	461	317		
HP_ABNORMAL_PONS_MORPHOLOGY	91	62		
HP_ATROPHY_DEGENERATION_AFFECTING_THE_BRAINSTEM	25	21		
HP_ATROPHY_DEGENERATION_AFFECTING_THE_CENTRAL_NERVOUS_SYSTEM	871		Rejected!	
HP_ATROPHY_DEGENERATION_AFFECTING_THE_CEREBRUM	717		Rejected!	
HP_CORPUS_CALLOSUM_ATROPHY	24	20		
HP_ATROPHY_DEGENERATION_INVOLVING_THE_CORTICOSPINAL_TRACTS	48	29		
HP_MOTOR_NEURON_ATROPHY	60	45		
HP_ATROPHY_DEGENERATION_INVOLVING_THE_CAUDATE_NUCLEUS	15		Rejected!	
HP_ABNORMALITY_OF_THE_SEPTUM_PELLUCIDUM	140	86		
HP_ABNORMAL_CHOROID_PLEXUS_MORPHOLOGY	16		Rejected!	
HP_ABNORMALITY_OF_SOMATOSENSORY_EVOKED_POTENTIALS	17		Rejected!	
HP_NEOPLASM_OF_THE_GASTROINTESTINAL_TRACT	293	187		
HP_NEOPLASM_OF_THE_GENITOURINARY_TRACT	221	148		
HP_FACIAL_TELANGIECTASIA	12		Rejected!	
HP_CONGENITAL_LOCALIZED_ABSENCE_OF_SKIN	8		Rejected!	
HP_APLASIA_CUTIS_CONGENITA_OF_SCALP	17		Rejected!	
HP_EXCESSIVE_WRINKLED_SKIN	37	23		
HP_PROMINENT_SUPERFICIAL_BLOOD_VESSELS	28	20		
HP_IRREGULAR_HYPERPIGMENTATION	258	199		
HP_MACULAR_ATROPHY	40	17		
HP_PALMOPLANTAR_HYPERHIDROSIS	13		Rejected!	
HP_DISCOID_LUPUS_RASH	7		Rejected!	
HP_ALOPECIA_TOTALIS	13		Rejected!	
HP_SPONTANEOUS_HEMATOMAS	21		Rejected!	
HP_RETICULATED_SKIN_PIGMENTATION	6		Rejected!	
HP_GENERALIZED_EDEMA	22		Rejected!	
HP_CONGENITAL_ICHTHYOSIFORM_ERYTHRODERMA	26		Rejected!	
HP_GENERALIZED_HYPERPIGMENTATION	42	29		
HP_PARTIAL_ALBINISM	9		Rejected!	
HP_PALMOPLANTAR_BLISTERING	11		Rejected!	
HP_DIFFUSE_PALMOPLANTAR_HYPERKERATOSIS	8		Rejected!	
HP_CONFETTI_LIKE_HYPOPIGMENTED_MACULES	8		Rejected!	
HP_PROMINENT_VEINS_ON_TRUNK	5		Rejected!	
HP_AUTOAMPUTATION_OF_DIGITS	11		Rejected!	
HP_HEMANGIOMATOSIS	23	15		
HP_ABNORMAL_DERMATOGLYPHICS	261	184		
HP_CONGENITAL_NONBULLOUS_ICHTHYOSIFORM_ERYTHRODERMA	15		Rejected!	
HP_ABSENCE_OF_SUBCUTANEOUS_FAT	14		Rejected!	
HP_LINEAR_ARRAYS_OF_MACULAR_HYPERKERATOSES_IN_FLEXURAL_AREAS	5		Rejected!	
HP_PREMATURELY_AGED_APPEARANCE	153	98		
HP_RECURRENT_STAPHYLOCOCCAL_INFECTIONS	16		Rejected!	
HP_FOLLICULAR_HYPERKERATOSIS	24		Rejected!	
HP_GENERALIZED_HYPOPIGMENTATION	40	19		
HP_EDEMA_OF_THE_DORSUM_OF_HANDS	14		Rejected!	
HP_PALMOPLANTAR_CUTIS_LAXA	8		Rejected!	
HP_SEVERE_PHOTOSENSITIVITY	6		Rejected!	
HP_EPIDERMAL_HYPERKERATOSIS	5		Rejected!	
HP_DESQUAMATION_OF_SKIN_SOON_AFTER_BIRTH	13		Rejected!	
HP_ABNORMAL_SUBCUTANEOUS_FAT_TISSUE_DISTRIBUTION	8		Rejected!	
HP_PLANTAR_HYPERKERATOSIS	160	76		
HP_MULTIPLE_CAFE_AU_LAIT_SPOTS	60	55		
HP_NUMEROUS_PIGMENTED_FRECKLES	9		Rejected!	
HP_RETICULAR_HYPERPIGMENTATION	7		Rejected!	
HP_APLASIA_CUTIS_CONGENITA_ON_TRUNK_OR_LIMBS	5		Rejected!	
HP_BILATERAL_SINGLE_TRANSVERSE_PALMAR_CREASES	58	40		
HP_EXCESSIVE_WRINKLING_OF_PALMAR_SKIN	11		Rejected!	
HP_BILATERAL_MICROPHTHALMOS	23	16		
HP_DYSCHROMATOPSIA	26		Rejected!	
HP_CONGENITAL_STATIONARY_NIGHT_BLINDNESS	21		Rejected!	
HP_PUNCTATE_CATARACT	12		Rejected!	
HP_ECTROPION_OF_LOWER_EYELIDS	5		Rejected!	
HP_EVERSION_OF_LATERAL_THIRD_OF_LOWER_EYELIDS	5		Rejected!	
HP_ABNORMALITY_OF_CHORIORETINAL_PIGMENTATION	12		Rejected!	
HP_REDUCED_VISUAL_ACUITY	491	292		
HP_CURLY_EYELASHES	14		Rejected!	
HP_ABNORMAL_VESTIBULO_OCULAR_REFLEX	5		Rejected!	
HP_PROGRESSIVE_NIGHT_BLINDNESS	89	42		
HP_HYPOPLASIA_OF_THE_IRIS	33		Rejected!	
HP_LACRIMAL_DUCT_STENOSIS	12		Rejected!	
HP_PERIPHERAL_RETINAL_AVASCULARIZATION	9		Rejected!	
HP_ABNORMAL_PUPILLARY_FUNCTION	47	22		
HP_UNILATERAL_PTOSIS	6		Rejected!	
HP_UNDETECTABLE_LIGHT_AND_DARK_ADAPTED_ELECTRORETINOGRAM	12		Rejected!	
HP_ABNORMAL_PUPILLARY_LIGHT_REFLEX	21		Rejected!	
HP_OCULAR_ANTERIOR_SEGMENT_DYSGENESIS	318	195		
HP_ABNORMALITY_OF_RETINAL_PIGMENTATION	341	203		
HP_PAROXYSMAL_INVOLUNTARY_EYE_MOVEMENTS	38	28		
HP_UVEAL_MELANOMA	8		Rejected!	
HP_FLAT_CORNEA	28	16		
HP_RETINAL_PIGMENT_EPITHELIAL_ATROPHY	35		Rejected!	
HP_IRIS_HYPOPIGMENTATION	71	34		
HP_CHORIORETINAL_DYSPLASIA	21	16		
HP_LACRIMAL_GLAND_HYPOPLASIA	5		Rejected!	
HP_BONE_SPICULE_PIGMENTATION_OF_THE_RETINA	43	17		
HP_UNCONTROLLED_EYE_MOVEMENTS	8		Rejected!	
HP_HYPOPLASIA_OF_THE_FOVEA	28		Rejected!	
HP_MACULAR_DYSTROPHY	22		Rejected!	
HP_RETINAL_TELANGIECTASIA	26		Rejected!	
HP_OPTIC_DISC_HYPOPLASIA	20		Rejected!	
HP_PERIPHERAL_RETINAL_DEGENERATION	7		Rejected!	
HP_IMPAIRED_SMOOTH_PURSUIT	39	29		
HP_VITREORETINOPATHY	20		Rejected!	
HP_POSTERIOR_SUBCAPSULAR_CATARACT	28	15		
HP_GRANULAR_MACULAR_APPEARANCE	8		Rejected!	
HP_MONOCHROMACY	11		Rejected!	
HP_OPTIC_NERVE_COMPRESSION	7		Rejected!	
HP_HORIZONTAL_PENDULAR_NYSTAGMUS	5		Rejected!	
HP_RETINAL_PIGMENT_EPITHELIAL_MOTTLING	33		Rejected!	
HP_CENTRAL_HETEROCHROMIA	6		Rejected!	
HP_ANTERIOR_CHAMBER_SYNECHIAE	26		Rejected!	
HP_ATTENUATION_OF_RETINAL_BLOOD_VESSELS	59	25		
HP_PUNCTATE_OPACIFICATION_OF_THE_CORNEA	5		Rejected!	
HP_CONGENITAL_BLINDNESS	8		Rejected!	
HP_HYPOPIGMENTATION_OF_THE_FUNDUS	25		Rejected!	
HP_RETINAL_NONATTACHMENT	7		Rejected!	
HP_VITREOUS_HEMORRHAGE	16		Rejected!	
HP_TRACTIONAL_RETINAL_DETACHMENT	7		Rejected!	
HP_SLOW_DECREASE_IN_VISUAL_ACUITY	34	17		
HP_LACRIMAL_DUCT_APLASIA	8		Rejected!	
HP_LIMITED_EXTRAOCULAR_MOVEMENTS	13		Rejected!	
HP_PERIPAPILLARY_CHORIORETINAL_ATROPHY	5		Rejected!	
HP_CORNEAL_OPACITY	268	163		
HP_UNDETECTABLE_VISUAL_EVOKED_POTENTIALS	8		Rejected!	
HP_REMNANTS_OF_THE_HYALOID_VASCULAR_SYSTEM	6		Rejected!	
HP_CONGENITAL_PTOSIS	5		Rejected!	
HP_RETINAL_DYSPLASIA	24	16		
HP_GAZE_EVOKED_HORIZONTAL_NYSTAGMUS	16		Rejected!	
HP_PROGRESSIVE_VISUAL_FIELD_DEFECTS	7		Rejected!	
HP_HYPOPLASTIC_IRIS_STROMA	8		Rejected!	
HP_PERIPHERAL_VISUAL_FIELD_LOSS	28		Rejected!	
HP_DECREASED_CORNEAL_REFLEX	10		Rejected!	
HP_ABNORMALITY_OF_MACULAR_PIGMENTATION	39		Rejected!	
HP_JERKY_OCULAR_PURSUIT_MOVEMENTS	5		Rejected!	
HP_PRIMARY_CONGENITAL_GLAUCOMA	6		Rejected!	
HP_PERIPHERAL_OPACIFICATION_OF_THE_CORNEA	14		Rejected!	
HP_ABNORMAL_IRIS_PIGMENTATION	140	73		
HP_APLASTIC_HYPOPLASTIC_LACRIMAL_GLANDS	6		Rejected!	
HP_ABNORMAL_RETINAL_VASCULAR_MORPHOLOGY	235	122		
HP_ABNORMALITY_OF_THE_VASCULATURE_OF_THE_EYE	351	191		
HP_ABNORMALITY_OF_THE_EXTRAOCULAR_MUSCLES	8		Rejected!	
HP_ABNORMALITY_OF_THE_PALPEBRAL_FISSURES	782		Rejected!	
HP_RETINAL_FOLD	10		Rejected!	
HP_ABNORMAL_MORPHOLOGY_OF_THE_CONJUNCTIVAL_VASCULATURE	23	20		
HP_APLASIA_HYPOPLASIA_AFFECTING_THE_EYE	437	255		
HP_APLASIA_HYPOPLASIA_AFFECTING_THE_FUNDUS	127	62		
HP_APLASIA_HYPOPLASIA_OF_THE_OPTIC_NERVE	89	48		
HP_APLASIA_HYPOPLASIA_OF_THE_RETINA	43	15		
HP_APLASIA_HYPOPLASIA_AFFECTING_THE_ANTERIOR_SEGMENT_OF_THE_EYE	141	87		
HP_APLASIA_HYPOPLASIA_OF_THE_LENS	14		Rejected!	
HP_ICHTHYOSIS	134	77		
HP_APLASIA_HYPOPLASIA_OF_THE_SKIN	177	113		
HP_ABNORMAL_BLISTERING_OF_THE_SKIN	104	58		
HP_ABNORMALLY_LAX_OR_HYPEREXTENSIBLE_SKIN	170	104		
HP_NEOPLASM_OF_THE_SKIN	191	128		
HP_SPARSE_HAIR	323	196		
HP_MATERNAL_HYPERTENSION	7		Rejected!	
HP_PROGRESSIVE_PES_CAVUS	10		Rejected!	
HP_PES_VALGUS	40	20		
HP_ABNORMALITY_OF_THE_FIFTH_METATARSAL_BONE	5		Rejected!	
HP_EQUINOVARUS_DEFORMITY	10		Rejected!	
HP_DEFORMED_TARSAL_BONES	12		Rejected!	
HP_EQUINUS_CALCANEUS	6		Rejected!	
HP_IMPAIRED_EPINEPHRINE_INDUCED_PLATELET_AGGREGATION	5		Rejected!	
HP_PERIODIC_HYPOKALEMIC_PARESIS	10		Rejected!	
HP_DECREASED_CIRCULATING_CORTISOL_LEVEL	31	21		
HP_VERY_LONG_CHAIN_FATTY_ACID_ACCUMULATION	17	17		
HP_MILDLY_ELEVATED_CREATINE_KINASE	61	33		
HP_ABSENCE_OF_SECONDARY_SEX_CHARACTERISTICS	44		Rejected!	
HP_THYROID_DYSGENESIS	6		Rejected!	
HP_THYROID_AGENESIS	7		Rejected!	
HP_PRIMARY_GONADAL_INSUFFICIENCY	22		Rejected!	
HP_ABSENCE_OF_PUBERTAL_DEVELOPMENT	27		Rejected!	
HP_PRIMARY_HYPERPARATHYROIDISM	11		Rejected!	
HP_REDUCED_CIRCULATING_PROLACTIN_CONCENTRATION	20		Rejected!	
HP_PRIMARY_ADRENAL_INSUFFICIENCY	54	39		
HP_PARATHYROID_HYPERPLASIA	9		Rejected!	
HP_PREMATURE_OVARIAN_INSUFFICIENCY	64	44		
HP_GONADOTROPIN_DEFICIENCY	10		Rejected!	
HP_ADRENAL_HYPERPLASIA	22		Rejected!	
HP_FEMALE_INFERTILITY	62		Rejected!	
HP_COMPENSATED_HYPOTHYROIDISM	8		Rejected!	
HP_ELEVATED_CIRCULATING_FOLLICLE_STIMULATING_HORMONE_LEVEL	33		Rejected!	
HP_DECREASED_CIRCULATING_PROGESTERONE	7		Rejected!	
HP_HYPOTHALAMIC_HYPOTHYROIDISM	12		Rejected!	
HP_SECONDARY_GROWTH_HORMONE_DEFICIENCY	15		Rejected!	
HP_PSEUDOHYPOALDOSTERONISM	8		Rejected!	
HP_PITUITARY_HYPOTHYROIDISM	36	19		
HP_TRANSIENT_NEONATAL_DIABETES_MELLITUS	16		Rejected!	
HP_ADRENOCORTICAL_ADENOMA	9		Rejected!	
HP_CONGENITAL_ADRENAL_HYPERPLASIA	5		Rejected!	
HP_PANCREATIC_ISLET_CELL_ADENOMA	7		Rejected!	
HP_THYROID_DEFECT_IN_OXIDATION_AND_ORGANIFICATION_OF_IODIDE	6		Rejected!	
HP_ABNORMAL_LIGHT_ADAPTED_ELECTRORETINOGRAM	9		Rejected!	
HP_ABNORMAL_BLOOD_ZINC_CONCENTRATION	6		Rejected!	
HP_CEREBELLAR_CORTICAL_ATROPHY	5		Rejected!	
HP_UNCONJUGATED_HYPERBILIRUBINEMIA	12		Rejected!	
HP_FASTING_HYPERINSULINEMIA	9		Rejected!	
HP_EXERCISE_INDUCED_MYOGLOBINURIA	8		Rejected!	
HP_DECREASED_ACTIVITY_OF_MITOCHONDRIAL_COMPLEX_II	8		Rejected!	
HP_ABNORMAL_MITOCHONDRIA_IN_MUSCLE_TISSUE	47	27		
HP_IMPAIRED_COLLAGEN_INDUCED_PLATELET_AGGREGATION	9		Rejected!	
HP_ABNORMAL_MITOCHONDRIAL_MORPHOLOGY	21	16		
HP_ABNORMAL_LIGHT_AND_DARK_ADAPTED_ELECTRORETINOGRAM	38	17		
HP_ELEVATED_CREATINE_KINASE_AFTER_EXERCISE	8		Rejected!	
HP_DISTAL_RENAL_TUBULAR_ACIDOSIS	6		Rejected!	
HP_DECREASED_ACTIVITY_OF_MITOCHONDRIAL_COMPLEX_IV	29	25		
HP_REDUCED_FACTOR_XIII_ACTIVITY	5		Rejected!	
HP_APLASIA_HYPOPLASIA_OF_THE_HALLUX	79	44		
HP_ABNORMALITY_OF_THE_CALCANEUS	30		Rejected!	
HP_ABNORMAL_TALUS_MORPHOLOGY	58	37		
HP_CONTRACTURES_INVOLVING_THE_JOINTS_OF_THE_FEET	78	45		
HP_TARSAL_SYNOSTOSIS	25		Rejected!	
HP_ABNORMAL_TARSAL_OSSIFICATION	9		Rejected!	
HP_ABNORMALITY_OF_VITAMIN_A_METABOLISM	15		Rejected!	
HP_PUBERTY_AND_GONADAL_DISORDERS	653	390		
HP_APLASIA_HYPOPLASIA_OF_THE_NAILS	237	144		
HP_ABNORMAL_TOENAIL_MORPHOLOGY	160	99		
HP_DYSTROPHIC_FINGERNAILS	32	19		
HP_SUBUNGUAL_HYPERKERATOSIS	5		Rejected!	
HP_HYPOPLASTIC_FIFTH_FINGERNAIL	12		Rejected!	
HP_ONYCHOGRYPOSIS_OF_TOENAILS	7		Rejected!	
HP_RIDGED_FINGERNAIL	9		Rejected!	
HP_NAIL_DYSTROPHY	119	68		
HP_VERTEBRAL_HYPOPLASIA	31	19		
HP_VERTEBRAL_WEDGING	17		Rejected!	
HP_VERTEBRAL_CLEFTING	33	19		
HP_HYPOPLASTIC_CERVICAL_VERTEBRAE	5		Rejected!	
HP_VERTEBRAL_ARCH_ANOMALY	17		Rejected!	
HP_C1_C2_VERTEBRAL_ABNORMALITY	8		Rejected!	
HP_SPINAL_DEFORMITIES	21		Rejected!	
HP_CERVICAL_SPINAL_CANAL_STENOSIS	8		Rejected!	
HP_NARROW_VERTEBRAL_INTERPEDICULAR_DISTANCE	10		Rejected!	
HP_LUMBAR_KYPHOSIS	6		Rejected!	
HP_HYPOPLASTIC_VERTEBRAL_BODIES	17		Rejected!	
HP_ASYMMETRY_OF_SPINAL_FACET_JOINTS	5		Rejected!	
HP_INFERIOR_LENS_SUBLUXATION	5		Rejected!	
HP_MULTIPLE_ROWS_OF_EYELASHES	7		Rejected!	
HP_CONGENITAL_CRANIOFACIAL_DYSOSTOSIS	5		Rejected!	
HP_HIGH_HYPERMETROPIA	73	43		
HP_MEDIAN_CLEFT_LIP_AND_PALATE	22		Rejected!	
HP_MODERATE_SENSORINEURAL_HEARING_IMPAIRMENT	33	15		
HP_APLASIA_HYPOPLASIA_OF_THE_SACRUM	16		Rejected!	
HP_APLASIA_HYPOPLASIA_INVOLVING_THE_VERTEBRAL_COLUMN	65	39		
HP_ABNORMAL_COCCYX_MORPHOLOGY	9		Rejected!	
HP_POSTERIOR_HELIX_PIT	7		Rejected!	
HP_CONGENITAL_SENSORINEURAL_HEARING_IMPAIRMENT	50		Rejected!	
HP_ABNORMALLY_FOLDED_HELIX	67	41		
HP_COCHLEAR_MALFORMATION	8		Rejected!	
HP_EXTERNAL_EAR_MALFORMATION	91	55		
HP_UNDERFOLDED_HELIX	5		Rejected!	
HP_HYPOPLASIA_OF_THE_COCHLEA	7		Rejected!	
HP_HYPOPLASTIC_HELICES	10		Rejected!	
HP_PROMINENT_ANTITRAGUS	5		Rejected!	
HP_MORPHOLOGICAL_ABNORMALITY_OF_THE_MIDDLE_EAR	28		Rejected!	
HP_ADULT_ONSET_SENSORINEURAL_HEARING_IMPAIRMENT	5		Rejected!	
HP_BILATERAL_SENSORINEURAL_HEARING_IMPAIRMENT	80	34		
HP_ABNORMALITY_OF_THE_STAPES	13		Rejected!	
HP_APLASIA_HYPOPLASIA_OF_THE_FALLOPIAN_TUBE	5		Rejected!	
HP_URETHRAL_STENOSIS	56	32		
HP_ABNORMAL_SPERMATOGENESIS	139	59		
HP_CALCIUM_OXALATE_NEPHROLITHIASIS	9		Rejected!	
HP_RENAL_HYPOPLASIA_APLASIA	310	193		
HP_RENAL_TUBULAR_EPITHELIAL_NECROSIS	5		Rejected!	
HP_APLASIA_HYPOPLASIA_OF_THE_UTERUS	68	34		
HP_BILATERAL_CRYPTORCHIDISM	35	21		
HP_RENAL_HAMARTOMA	7		Rejected!	
HP_TESTICULAR_DYSGENESIS	13		Rejected!	
HP_URETHROVAGINAL_FISTULA	6		Rejected!	
HP_URETHRAL_DIVERTICULUM	5		Rejected!	
HP_HYPOPLASIA_OF_THE_VAGINA	17		Rejected!	
HP_FEMALE_EXTERNAL_GENITALIA_IN_INDIVIDUAL_WITH_46_XY_KARYOTYPE	18		Rejected!	
HP_DECREASED_TESTICULAR_SIZE	144	62		
HP_HYPOPLASIA_OF_PENIS	463	254		
HP_LARYNGEAL_HYPOPLASIA	5		Rejected!	
HP_LARYNGEAL_CLEFT	5		Rejected!	
HP_LARYNGOTRACHEOMALACIA	8		Rejected!	
HP_REPETITIVE_COMPULSIVE_BEHAVIOR	11		Rejected!	
HP_NO_SOCIAL_INTERACTION	5		Rejected!	
HP_AUDITORY_HALLUCINATIONS	13		Rejected!	
HP_INAPPROPRIATE_SEXUAL_BEHAVIOR	5		Rejected!	
HP_OBSESSIVE_COMPULSIVE_TRAIT	28		Rejected!	
HP_APLASIA_HYPOPLASIA_OF_THE_EAR	165	111		
HP_APLASIA_HYPOPLASIA_OF_THE_INNER_EAR	9		Rejected!	
HP_ABNORMAL_PROSTATE_MORPHOLOGY	40	27		
HP_CONGENITAL_BILATERAL_HIP_DISLOCATION	7		Rejected!	
HP_LIMITED_HIP_MOVEMENT	65	31		
HP_HYPOPLASIA_OF_THE_FEMORAL_HEAD	5		Rejected!	
HP_ACETABULAR_DYSPLASIA	18	16		
HP_FLATTENED_FEMORAL_HEAD	6		Rejected!	
HP_LARGE_ILIAC_WING	5		Rejected!	
HP_DELAYED_PROXIMAL_FEMORAL_EPIPHYSEAL_OSSIFICATION	17		Rejected!	
HP_HYPOPLASTIC_PUBIC_RAMI	6		Rejected!	
HP_IRREGULAR_ACETABULAR_ROOF	6		Rejected!	
HP_HYPOPLASTIC_PELVIS	15		Rejected!	
HP_HIP_OSTEOARTHRITIS	17		Rejected!	
HP_SEVERE_INTRAUTERINE_GROWTH_RETARDATION	10		Rejected!	
HP_MODERATELY_SHORT_STATURE	5		Rejected!	
HP_SEVERE_POSTNATAL_GROWTH_RETARDATION	37	29		
HP_FAILURE_TO_THRIVE_SECONDARY_TO_RECURRENT_INFECTIONS	7		Rejected!	
HP_FEEDING_DIFFICULTIES_IN_INFANCY	570	388		
HP_DISPROPORTIONATE_SHORT_LIMB_SHORT_STATURE	96	54		
HP_ADIPOSE_TISSUE_LOSS	29	20		
HP_SEVERE_SHORT_LIMB_DWARFISM	5		Rejected!	
HP_POSTNATAL_GROWTH_RETARDATION	202	136		
HP_RHIZOMELIA	61	41		
HP_CHILDHOOD_ONSET_TRUNCAL_OBESITY	5		Rejected!	
HP_NEONATAL_SHORT_LIMB_SHORT_STATURE	12		Rejected!	
HP_GENERALIZED_NEONATAL_HYPOTONIA	19	16		
HP_MUSCULAR_HYPOTONIA_OF_THE_TRUNK	226	153		
HP_GENERALIZED_LYMPHADENOPATHY	6		Rejected!	
HP_ACUTE_RHABDOMYOLYSIS	5		Rejected!	
HP_DISTAL_LOWER_LIMB_AMYOTROPHY	35	18		
HP_INFANTILE_MUSCULAR_HYPOTONIA	211	124		
HP_PROXIMAL_UPPER_LIMB_AMYOTROPHY	10		Rejected!	
HP_INTRINSIC_HAND_MUSCLE_ATROPHY	16		Rejected!	
HP_DISTAL_UPPER_LIMB_MUSCLE_WEAKNESS	22		Rejected!	
HP_TIBIALIS_MUSCLE_WEAKNESS	6		Rejected!	
HP_EXERCISE_INDUCED_MUSCLE_STIFFNESS	6		Rejected!	
HP_MUSCLE_HYPERTROPHY_OF_THE_LOWER_EXTREMITIES	46	22		
HP_LEG_MUSCLE_STIFFNESS	14		Rejected!	
HP_PROXIMAL_MUSCLE_WEAKNESS_IN_LOWER_LIMBS	49	27		
HP_PROXIMAL_MUSCLE_WEAKNESS_IN_UPPER_LIMBS	46	23		
HP_HYPOPLASIA_OF_THE_MUSCULATURE	21		Rejected!	
HP_WEAKNESS_OF_THE_INTRINSIC_HAND_MUSCLES	21		Rejected!	
HP_EXERCISE_INDUCED_MUSCLE_FATIGUE	15		Rejected!	
HP_ABDOMINAL_WALL_MUSCLE_WEAKNESS	12		Rejected!	
HP_INCREASED_CONNECTIVE_TISSUE	31		Rejected!	
HP_FOOT_DORSIFLEXOR_WEAKNESS	93	45		
HP_EXERCISE_INDUCED_RHABDOMYOLYSIS	6		Rejected!	
HP_DIFFICULTY_RUNNING	42	22		
HP_PERONEAL_MUSCLE_ATROPHY	9		Rejected!	
HP_INCREASED_MUSCLE_GLYCOGEN_CONTENT	9		Rejected!	
HP_DISTAL_LOWER_LIMB_MUSCLE_WEAKNESS	61	29		
HP_GENERALIZED_LIMB_MUSCLE_ATROPHY	20		Rejected!	
HP_INCREASED_MUSCLE_LIPID_CONTENT	37	16		
HP_INFANTILE_AXIAL_HYPOTONIA	41	24		
HP_PROGRESSIVE_DISTAL_MUSCLE_WEAKNESS	12		Rejected!	
HP_GENERALIZED_LIPODYSTROPHY	8		Rejected!	
HP_DECREASED_ACHILLES_REFLEX	7		Rejected!	
HP_PROGRESSIVE_PROXIMAL_MUSCLE_WEAKNESS	22		Rejected!	
HP_WEAKNESS_OF_LONG_FINGER_EXTENSOR_MUSCLES	19		Rejected!	
HP_ALVEOLAR_RIDGE_OVERGROWTH	9		Rejected!	
HP_SPEECH_ARTICULATION_DIFFICULTIES	31		Rejected!	
HP_CHRONIC_ORAL_CANDIDIASIS	17	15		
HP_MEDIAN_CLEFT_PALATE	28		Rejected!	
HP_ANTERIOR_OPEN_BITE_MALOCCLUSION	14		Rejected!	
HP_APLASIA_HYPOPLASIA_INVOLVING_THE_PELVIS	68	40		
HP_APLASIA_HYPOPLASIA_OF_THE_PUBIC_BONE	20		Rejected!	
HP_ABNORMAL_OSSIFICATION_OF_THE_PUBIC_BONE	5		Rejected!	
HP_ABNORMAL_PELVIS_BONE_OSSIFICATION	12		Rejected!	
HP_ABNORMAL_OSSIFICATION_INVOLVING_THE_FEMORAL_HEAD_AND_NECK	26		Rejected!	
HP_APLASIA_HYPOPLASIA_INVOLVING_THE_FEMORAL_HEAD_AND_NECK	42	26		
HP_DIAPHRAGMATIC_EVENTRATION	13		Rejected!	
HP_DIAPHRAGMATIC_WEAKNESS	15		Rejected!	
HP_APLASIA_HYPOPLASIA_INVOLVING_THE_SKELETON	1134		Rejected!	
HP_APLASIA_HYPOPLASIA_INVOLVING_THE_SINUSES	18		Rejected!	
HP_APLASIA_HYPOPLASIA_AFFECTING_BONES_OF_THE_AXIAL_SKELETON	872		Rejected!	
HP_MIXED_HYPO_AND_HYPERPIGMENTATION_OF_THE_SKIN	12		Rejected!	
HP_ABNORMAL_ADIPOSE_TISSUE_MORPHOLOGY	215	131		
HP_LIPODYSTROPHY	114	70		
HP_INCREASED_ADIPOSE_TISSUE	11		Rejected!	
HP_ABNORMALITY_OF_THE_MUSCULATURE_OF_THE_LIMBS	501	316		
HP_UPPER_LIMB_AMYOTROPHY	55	26		
HP_OSTEOLYSIS_INVOLVING_BONES_OF_THE_FEET	12		Rejected!	
HP_DUPLICATION_INVOLVING_BONES_OF_THE_FEET	122	80		
HP_SYNOSTOSIS_INVOLVING_BONES_OF_THE_LOWER_LIMBS	30		Rejected!	
HP_DEPLETION_OF_MITOCHONDRIAL_DNA_IN_MUSCLE_TISSUE	9		Rejected!	
HP_SUPERNUMERARY_BONES_OF_THE_AXIAL_SKELETON	27	17		
HP_ABNORMAL_CEREBRAL_ARTERY_MORPHOLOGY	67	39		
HP_ABNORMAL_CALCIFICATION_OF_THE_CARPAL_BONES	5		Rejected!	
HP_JOINT_CONTRACTURE_OF_THE_5TH_FINGER	11		Rejected!	
HP_PSEUDOEPIPHYSES_OF_THE_METACARPALS	8		Rejected!	
HP_DEVIATION_OF_THE_4TH_FINGER	6		Rejected!	
HP_ABNORMAL_3RD_FINGER_PHALANX_MORPHOLOGY	6		Rejected!	
HP_DEVIATION_OF_THE_3RD_FINGER	12		Rejected!	
HP_APLASIA_OF_THE_FINGERS	70	49		
HP_ULNAR_DEVIATION_OF_THE_2ND_FINGER	6		Rejected!	
HP_ULNAR_DEVIATION_OF_FINGER	33		Rejected!	
HP_RADIAL_DEVIATION_OF_THE_2ND_FINGER	7		Rejected!	
HP_DEVIATION_OF_THE_2ND_FINGER	16		Rejected!	
HP_JOINT_CONTRACTURE_OF_THE_HAND	238	133		
HP_DEVIATION_OF_THE_HAND_OR_OF_FINGERS_OF_THE_HAND	451	286		
HP_RADIAL_DEVIATION_OF_THE_HAND_OR_OF_FINGERS_OF_THE_HAND	68	34		
HP_RADIAL_DEVIATION_OF_THE_HAND	10		Rejected!	
HP_ULNAR_DEVIATION_OF_THE_HAND	19		Rejected!	
HP_ABNORMALITY_OF_THE_PHALANGES_OF_THE_2ND_FINGER	12		Rejected!	
HP_ABNORMALITY_OF_THE_MIDDLE_PHALANX_OF_THE_2ND_FINGER	8		Rejected!	
HP_APLASIA_HYPOPLASIA_OF_THE_PHALANGES_OF_THE_2ND_FINGER	10		Rejected!	
HP_ABNORMALITY_OF_THE_HAIRLINE	235	172		
HP_ABSENT_TIBIA	5		Rejected!	
HP_SHORT_MIDDLE_PHALANX_OF_THE_2ND_FINGER	5		Rejected!	
HP_ABNORMALITY_OF_THE_VESTIBULOCOCHLEAR_NERVE	7		Rejected!	
HP_ASTROCYTOMA	22	17		
HP_RETINAL_HAMARTOMA	22	19		
HP_FLEXION_CONTRACTURE_OF_THUMB	6		Rejected!	
HP_APLASIA_HYPOPLASIA_OF_THE_THUMB	134	87		
HP_DEVIATION_OF_THE_THUMB	38	29		
HP_DUPLICATION_OF_THE_DISTAL_PHALANX_OF_THE_THUMB	7		Rejected!	
HP_ABNORMALITY_OF_THE_DISTAL_PHALANX_OF_THE_THUMB	28	16		
HP_ABNORMALITY_OF_THE_PROXIMAL_PHALANX_OF_THE_THUMB	9		Rejected!	
HP_APLASIA_HYPOPLASIA_OF_THE_PROXIMAL_PHALANX_OF_THE_THUMB	5		Rejected!	
HP_APLASIA_HYPOPLASIA_OF_THE_DISTAL_PHALANX_OF_THE_THUMB	10		Rejected!	
HP_APLASIA_HYPOPLASIA_OF_THE_PHALANGES_OF_THE_THUMB	41	22		
HP_PARTIAL_ABSENCE_OF_THUMB	9		Rejected!	
HP_SHORT_PHALANX_OF_THE_THUMB	31	16		
HP_CARPAL_SYNOSTOSIS	33		Rejected!	
HP_CHILBLAINS	7		Rejected!	
HP_ABNORMALITY_OF_THE_EPIDIDYMIS	12		Rejected!	
HP_PAPILLARY_CYSTADENOMA_OF_THE_EPIDIDYMIS	5		Rejected!	
HP_HYPOMELANOTIC_MACULE	6		Rejected!	
HP_ADENOMA_SEBACEUM	21	17		
HP_SHAGREEN_PATCH	5		Rejected!	
HP_DENTAL_ENAMEL_PITS	7		Rejected!	
HP_ABNORMALITY_OF_THE_SUBUNGUAL_REGION	10		Rejected!	
HP_BLADDER_NEOPLASM	35	25		
HP_NEOPLASM_OF_STRIATED_MUSCLE	28	20		
HP_CARDIAC_RHABDOMYOMA	7		Rejected!	
HP_CEREBRAL_HAMARTOMA	17		Rejected!	
HP_GLIOMA	44	33		
HP_ABNORMALITY_OF_THE_ANTIHELIX	44	25		
HP_LARGE_EARLOBE	25		Rejected!	
HP_APLASIA_OF_THE_PECTORALIS_MAJOR_MUSCLE	5		Rejected!	
HP_ANKYLOBLEPHARON	15		Rejected!	
HP_POPLITEAL_PTERYGIUM	8		Rejected!	
HP_LIMB_PAIN	46	23		
HP_LOW_HANGING_COLUMELLA	30	23		
HP_APLASIA_HYPOPLASIA_OF_THE_PHALANGES_OF_THE_HAND	236	138		
HP_SYMPHALANGISM_AFFECTING_THE_PHALANGES_OF_THE_HAND	17		Rejected!	
HP_TRIANGULAR_SHAPED_PHALANGES_OF_THE_HAND	221	147		
HP_AMNIOTIC_CONSTRICTION_RING	6		Rejected!	
HP_ABSENT_THUMB	50	40		
HP_SHORT_THUMB	108	70		
HP_PERIANAL_ABSCESS	8		Rejected!	
HP_TERATOMA	10		Rejected!	
HP_BRANCHIAL_ANOMALY	23		Rejected!	
HP_BRANCHIAL_FISTULA	9		Rejected!	
HP_BRANCHIAL_CYST	5		Rejected!	
HP_SUPERNUMERARY_SPLEENS	90	34		
HP_MATERNAL_DIABETES	41		Rejected!	
HP_APLASIA_OF_THE_PHALANGES_OF_THE_HAND	13		Rejected!	
HP_NEPHROGENIC_DIABETES_INSIPIDUS	7		Rejected!	
HP_ABNORMALITY_OF_UPPER_LIMB_METAPHYSIS	17		Rejected!	
HP_ABNORMALITY_OF_UPPER_LIMB_JOINT	492	289		
HP_ABNORMALITY_OF_THE_ELBOW	240	137		
HP_APLASIA_HYPOPLASIA_OF_THE_EXTREMITIES	706	436		
HP_LOWER_LIMB_UNDERGROWTH	13		Rejected!	
HP_APLASIA_INVOLVING_BONES_OF_THE_LOWER_LIMBS	11		Rejected!	
HP_UPPER_LIMB_UNDERGROWTH	84	53		
HP_APLASIA_INVOLVING_BONES_OF_THE_EXTREMITIES	19		Rejected!	
HP_LIMB_UNDERGROWTH	231	144		
HP_PHOCOMELIA	7		Rejected!	
HP_PERIPHERAL_NEUROPATHY	452	311		
HP_ABNORMAL_DISTAL_PHALANX_MORPHOLOGY_OF_FINGER	182	105		
HP_ABNORMAL_MIDDLE_PHALANX_MORPHOLOGY_OF_THE_HAND	57	31		
HP_ABNORMAL_PROXIMAL_PHALANX_MORPHOLOGY_OF_THE_HAND	25	15		
HP_APLASIA_HYPOPLASIA_OF_THE_DISTAL_PHALANGES_OF_THE_HAND	142	84		
HP_BROAD_DISTAL_PHALANX_OF_FINGER	23	15		
HP_OSTEOLYTIC_DEFECTS_OF_THE_DISTAL_PHALANGES_OF_THE_HAND	5		Rejected!	
HP_SYMPHALANGISM_OF_MIDDLE_PHALANX_OF_FINGER	6		Rejected!	
HP_APLASIA_HYPOPLASIA_OF_THE_PROXIMAL_PHALANGES_OF_THE_HAND	13		Rejected!	
HP_SIMPLIFIED_GYRAL_PATTERN	65	56		
HP_DUPLICATION_OF_THE_DISTAL_PHALANX_OF_HAND	13		Rejected!	
HP_TAPERED_DISTAL_PHALANGES_OF_FINGER	5		Rejected!	
HP_TRICHORRHEXIS_NODOSA	9		Rejected!	
HP_ABNORMALITY_OF_HAIR_PIGMENTATION	114	67		
HP_ABNORMALITY_OF_SECONDARY_SEXUAL_HAIR	67	25		
HP_LOCALIZED_HIRSUTISM	14		Rejected!	
HP_HIGH_ANTERIOR_HAIRLINE	53	34		
HP_UNDERDEVELOPED_SUPRAORBITAL_RIDGES	58	36		
HP_ANOTIA	11		Rejected!	
HP_THICKENED_EARS	9		Rejected!	
HP_ABNORMALITY_OF_THE_CRUS_OF_THE_HELIX	10		Rejected!	
HP_ABNORMALITY_OF_THE_ANTITRAGUS	9		Rejected!	
HP_PROMINENT_CRUS_OF_HELIX	5		Rejected!	
HP_PROMINENT_EAR_HELIX	6		Rejected!	
HP_APLASIA_HYPOPLASIA_OF_THE_EARLOBES	44	33		
HP_UPLIFTED_EARLOBE	11		Rejected!	
HP_ABNORMAL_TEMPORAL_BONE_MORPHOLOGY	5		Rejected!	
HP_ABNORMALITY_OF_THE_TRAGUS	10		Rejected!	
HP_APLASIA_HYPOPLASIA_OF_THE_TRAGUS	6		Rejected!	
HP_CYCLOPIA	21		Rejected!	
HP_ANISOCORIA	8		Rejected!	
HP_PERSISTENT_PUPILLARY_MEMBRANE	5		Rejected!	
HP_ECTOPIA_PUPILLAE	22		Rejected!	
HP_APLASIA_HYPOPLASIA_INVOLVING_THE_NOSE	110	66		
HP_EPIPHORA	19		Rejected!	
HP_THICK_NASAL_ALAE	37	27		
HP_ABNORMALITY_OF_THE_COLUMELLA	60	45		
HP_SINGLE_NARIS	20		Rejected!	
HP_APLASIA_HYPOPLASIA_OF_THE_NASAL_SEPTUM	5		Rejected!	
HP_SUNKEN_CHEEKS	5		Rejected!	
HP_MANDIBULAR_APLASIA	14		Rejected!	
HP_DUPLICATION_OF_THUMB_PHALANX	54	40		
HP_COMPLETE_DUPLICATION_OF_PHALANX_OF_HAND	14		Rejected!	
HP_PARTIAL_DUPLICATION_OF_THE_PHALANX_OF_HAND	40	28		
HP_PARTIAL_DUPLICATION_OF_THE_DISTAL_PHALANGES_OF_THE_HAND	6		Rejected!	
HP_ABNORMALITY_OF_THE_1ST_METACARPAL	31	17		
HP_ABNORMALITY_OF_THE_2ND_METACARPAL	6		Rejected!	
HP_ABNORMALITY_OF_THE_4TH_METACARPAL	18		Rejected!	
HP_ABNORMALITY_OF_THE_5TH_METACARPAL	15		Rejected!	
HP_SHORT_1ST_METACARPAL	20		Rejected!	
HP_APLASIA_HYPOPLASIA_OF_THE_2ND_METACARPAL	5		Rejected!	
HP_APLASIA_HYPOPLASIA_OF_THE_4TH_METACARPAL	15		Rejected!	
HP_APLASIA_HYPOPLASIA_OF_THE_5TH_METACARPAL	9		Rejected!	
HP_APLASIA_OF_METACARPAL_BONES	9		Rejected!	
HP_DEVIATION_OF_THE_HALLUX	124	75		
HP_ABNORMALITY_OF_THE_DISTAL_PHALANX_OF_THE_HALLUX	6		Rejected!	
HP_ABNORMALITY_OF_THE_FIRST_METATARSAL_BONE	10		Rejected!	
HP_ABNORMALITY_OF_THE_PHALANGES_OF_THE_HALLUX	38	17		
HP_APLASIA_HYPOPLASIA_OF_THE_PHALANGES_OF_THE_HALLUX	6		Rejected!	
HP_BROAD_HALLUX_PHALANX	19		Rejected!	
HP_DUPLICATION_OF_PHALANX_OF_HALLUX	11		Rejected!	
HP_ABNORMALITY_OF_THE_PHALANGES_OF_THE_TOES	118	63		
HP_APLASIA_HYPOPLASIA_OF_THE_PHALANGES_OF_THE_TOES	25		Rejected!	
HP_BROAD_PHALANX_OF_THE_TOES	40	16		
HP_ABNORMALITY_OF_THE_DISTAL_PHALANGES_OF_THE_TOES	21		Rejected!	
HP_ABNORMALITY_OF_THE_MIDDLE_PHALANGES_OF_THE_TOES	10		Rejected!	
HP_APLASIA_HYPOPLASIA_OF_THE_DISTAL_PHALANGES_OF_THE_TOES	14		Rejected!	
HP_APLASIA_HYPOPLASIA_OF_THE_MIDDLE_PHALANGES_OF_THE_TOES	5		Rejected!	
HP_CONE_SHAPED_EPIPHYSES_OF_THE_PHALANGES_OF_THE_HAND	28	20		
HP_IVORY_EPIPHYSES_OF_THE_PHALANGES_OF_THE_HAND	5		Rejected!	
HP_APLASIA_OF_THE_MIDDLE_PHALANX_OF_THE_HAND	6		Rejected!	
HP_SHORT_PROXIMAL_PHALANX_OF_FINGER	7		Rejected!	
HP_APLASIA_OF_THE_PROXIMAL_PHALANGES_OF_THE_HAND	7		Rejected!	
HP_ABNORMALITY_OF_THE_EPIPHYSES_OF_THE_DISTAL_PHALANX_OF_FINGER	5		Rejected!	
HP_STOMATITIS	60	35		
HP_THIN_LOWER_LIP_VERMILION	5		Rejected!	
HP_ABNORMAL_SALIVARY_GLAND_MORPHOLOGY	19		Rejected!	
HP_APLASIA_HYPOPLASIA_OF_THE_UVULA	26	25		
HP_PALATE_FISTULA	9		Rejected!	
HP_APLASIA_HYPOPLASIA_OF_THE_TONGUE	37	27		
HP_ANKYLOGLOSSIA	16		Rejected!	
HP_BIFID_TONGUE	24		Rejected!	
HP_ABNORMAL_DENTIN_MORPHOLOGY	18		Rejected!	
HP_ABNORMALLY_LOW_PITCHED_VOICE	13		Rejected!	
HP_SPINAL_CORD_TUMOR	18		Rejected!	
HP_ABNORMAL_SPINAL_MENINGEAL_MORPHOLOGY	23		Rejected!	
HP_ABSENCE_OF_THE_SACRUM	10		Rejected!	
HP_SHORT_THORAX	42	22		
HP_STRIDOR	33	17		
HP_CHYLOTHORAX	16		Rejected!	
HP_APLASIA_HYPOPLASIA_OF_THE_BREASTS	69	32		
HP_PREMATURE_THELARCHE	11		Rejected!	
HP_APLASIA_HYPOPLASIA_OF_THE_ABDOMINAL_WALL_MUSCULATURE	35	26		
HP_ABNORMALITY_OF_THE_2ND_TOE	41	19		
HP_ABNORMALITY_OF_THE_3RD_TOE	5		Rejected!	
HP_ABNORMALITY_OF_THE_5TH_TOE	74	52		
HP_DEVIATION_OF_THE_5TH_TOE	14		Rejected!	
HP_ABNORMAL_VENTRICULAR_SEPTUM_MORPHOLOGY	450	315		
HP_POLYDACTYLY	256	154		
HP_PULMONARY_INSUFFICIENCY	24		Rejected!	
HP_TRICUSPID_STENOSIS	5		Rejected!	
HP_ANAL_FISTULA	6		Rejected!	
HP_ESOPHAGEAL_STENOSIS	26		Rejected!	
HP_APLASIA_HYPOPLASIA_OF_THE_SPLEEN	85	32		
HP_ACETABULAR_SPURS	5		Rejected!	
HP_ABNORMAL_GREATER_SCIATIC_NOTCH_MORPHOLOGY	19		Rejected!	
HP_FEMALE_PSEUDOHERMAPHRODITISM	7		Rejected!	
HP_TRUE_HERMAPHRODITISM	21		Rejected!	
HP_ABNORMALITY_OF_THE_FEMALE_GENITALIA	562	344		
HP_APLASIA_HYPOPLASIA_OF_THE_OVARY	83	44		
HP_STREAK_OVARY	29		Rejected!	
HP_PRECOCIOUS_PUBERTY_IN_FEMALES	8		Rejected!	
HP_ABSENT_TESTIS	25	24		
HP_OLIGOSACCHARIDURIA	9		Rejected!	
HP_ABNORMAL_CIRCULATING_PORPHYRIN_CONCENTRATION	8		Rejected!	
HP_PORPHYRINURIA	8		Rejected!	
HP_APLASIA_HYPOPLASIA_OF_THE_BLADDER	12		Rejected!	
HP_URETHRAL_VALVE	10		Rejected!	
HP_ABNORMALITY_OF_THE_HYPOTHENAR_EMINENCE	5		Rejected!	
HP_APLASIA_HYPOPLASIA_OF_THE_PALMAR_CREASES	15		Rejected!	
HP_ABSENT_PALMAR_CREASE	11		Rejected!	
HP_SIRENOMELIA	9		Rejected!	
HP_PATELLAR_SUBLUXATION	5		Rejected!	
HP_HYPEREXTENSIBILITY_OF_THE_KNEE	30	17		
HP_LIMITATION_OF_KNEE_MOBILITY	31		Rejected!	
HP_FIBULAR_BOWING	8		Rejected!	
HP_LIMITATION_OF_MOVEMENT_AT_ANKLES	8		Rejected!	
HP_METATARSUS_VALGUS	22		Rejected!	
HP_LONG_TOE	36	15		
HP_HYPERPITUITARISM	97	53		
HP_APLASIA_HYPOPLASIA_OF_THE_THYMUS	37	27		
HP_THYMUS_HYPERPLASIA	5		Rejected!	
HP_DYSLEXIA	27	18		
HP_ALEXIA	8		Rejected!	
HP_AGNOSIA	31	26		
HP_FINGER_AGNOSIA	7		Rejected!	
HP_DYSGRAPHIA	56	38		
HP_ECHOLALIA	38	27		
HP_TRANSIENT_GLOBAL_AMNESIA	21	15		
HP_SLEEP_APNEA	104	62		
HP_CENTRAL_SLEEP_APNEA	25		Rejected!	
HP_WIDE_CRANIAL_SUTURES	26		Rejected!	
HP_OPSOCLONUS	7		Rejected!	
HP_VERTICAL_NYSTAGMUS	14		Rejected!	
HP_MUSCLE_FIBRILLATION	41	28		
HP_MUSCLE_FLACCIDITY	16		Rejected!	
HP_PERCUSSION_MYOTONIA	7		Rejected!	
HP_WEAKNESS_DUE_TO_UPPER_MOTOR_NEURON_DYSFUNCTION	491	315		
HP_PARAPLEGIA	159	109		
HP_PARAPLEGIA_PARAPARESIS	220	156		
HP_OCULOGYRIC_CRISIS	49	28		
HP_CUTANEOUS_FINGER_SYNDACTYLY	26		Rejected!	
HP_OVERLAPPING_FINGERS	33	16		
HP_KELOIDS	7		Rejected!	
HP_BIFID_EPIGLOTTIS	7		Rejected!	
HP_APLASIA_HYPOPLASIA_OF_THE_EPIGLOTTIS	10		Rejected!	
HP_HAMARTOMA	76	50		
HP_HAMARTOMA_OF_THE_EYE	29	23		
HP_DYSPLASIA_OF_THE_FEMORAL_HEAD	6		Rejected!	
HP_ABSENT_EPIPHYSES	20		Rejected!	
HP_CONE_SHAPED_EPIPHYSIS	74	52		
HP_ENLARGED_EPIPHYSES	14		Rejected!	
HP_IRREGULAR_EPIPHYSES	23		Rejected!	
HP_IVORY_EPIPHYSES	8		Rejected!	
HP_PSEUDOEPIPHYSES	16		Rejected!	
HP_SMALL_EPIPHYSES	22		Rejected!	
HP_TYPE_2_MUSCLE_FIBER_PREDOMINANCE	5		Rejected!	
HP_SKIN_TAGS	77	43		
HP_PALMAR_PITS	9		Rejected!	
HP_ANGIOFIBROMAS	25	20		
HP_FIBROADENOMA_OF_THE_BREAST	10		Rejected!	
HP_MALAR_PROMINENCE	7		Rejected!	
HP_CUTANEOUS_SYNDACTYLY_OF_TOES	17		Rejected!	
HP_NEOPLASM_OF_THE_SKELETAL_SYSTEM	93	74		
HP_APLASTIC_HYPOPLASTIC_TOENAIL	111	73		
HP_ANTERIOR_PITUITARY_DYSGENESIS	29		Rejected!	
HP_ANTERIOR_PITUITARY_AGENESIS	9		Rejected!	
HP_ABNORMALITY_OF_THE_EPIPHYSES_OF_THE_FEET	6		Rejected!	
HP_SCHIZENCEPHALY	9		Rejected!	
HP_ELEVATED_ALKALINE_PHOSPHATASE_OF_BONE_ORIGIN	10		Rejected!	
HP_ABNORMALITY_OF_THE_NASAL_CAVITY	17		Rejected!	
HP_CERVICAL_SPINE_INSTABILITY	9		Rejected!	
HP_ABNORMAL_ELASTICITY_OF_SKIN	214	133		
HP_DERMAL_TRANSLUCENCY	16		Rejected!	
HP_FLAT_NASAL_ALAE	8		Rejected!	
HP_ABNORMAL_MENINGEAL_MORPHOLOGY	129	67		
HP_ABNORMAL_DURA_MATER_MORPHOLOGY	23		Rejected!	
HP_EPIPHYSEAL_STIPPLING	36	27		
HP_ABNORMAL_EPIPHYSEAL_OSSIFICATION	76	40		
HP_PATCHY_CHANGES_OF_BONE_MINERAL_DENSITY	5		Rejected!	
HP_ABNORMAL_HAND_BONE_OSSIFICATION	37	20		
HP_ABNORMALITY_OF_THE_DIENCEPHALON	128	70		
HP_ABNORMALITY_OF_THALAMUS_MORPHOLOGY	47	37		
HP_BILATERAL_COXA_VALGA	10		Rejected!	
HP_ABNORMALITY_OF_THE_ZYGOMATIC_BONE	246	150		
HP_ABNORMALITY_OF_THE_CURVATURE_OF_THE_VERTEBRAL_COLUMN	1100		Rejected!	
HP_ABNORMAL_FOOT_BONE_OSSIFICATION	12		Rejected!	
HP_ENURESIS_NOCTURNA	7		Rejected!	
HP_ELEVATED_TISSUE_NON_SPECIFIC_ALKALINE_PHOSPHATASE	15		Rejected!	
HP_PULVERULENT_CATARACT	9		Rejected!	
HP_POLAR_CATARACT	12		Rejected!	
HP_INCREASED_CIRCULATING_ANTIBODY_LEVEL	95	62		
HP_ABNORMALITY_OF_HAIR_TEXTURE	165	116		
HP_ABNORMAL_HAIR_PATTERN	339	230		
HP_ABNORMAL_HAIR_WHORL	73	50		
HP_ASYMMETRY_OF_THE_EARS	5		Rejected!	
HP_CHERRY_RED_SPOT_OF_THE_MACULA	12		Rejected!	
HP_NAEVUS_FLAMMEUS_OF_THE_EYELID	7		Rejected!	
HP_PEDAL_EDEMA	36		Rejected!	
HP_APLASIA_OF_THE_PHALANGES_OF_THE_TOES	6		Rejected!	
HP_MEDIAL_FLARING_OF_THE_EYEBROW	29	22		
HP_BLEPHAROCHALASIS	6		Rejected!	
HP_DERMATOCHALASIS	7		Rejected!	
HP_DIMPLE_CHIN	16		Rejected!	
HP_ABNORMALITY_OF_THE_TEMPOROMANDIBULAR_JOINT	18		Rejected!	
HP_ABNORMALITY_OF_THE_PREMAXILLA	8		Rejected!	
HP_PROMINENCE_OF_THE_PREMAXILLA	5		Rejected!	
HP_ABSENT_TOE	108	59		
HP_BROAD_COLUMELLA	12		Rejected!	
HP_ECTOPIC_CALCIFICATION	220	131		
HP_PARTIAL_ANOMALOUS_PULMONARY_VENOUS_RETURN	6		Rejected!	
HP_HYPERACUSIS	29	18		
HP_SKIN_DIMPLE	100	65		
HP_ERYTHEMA	122	60		
HP_GONADAL_NEOPLASM	99	61		
HP_URINARY_TRACT_NEOPLASM	137	90		
HP_GENITAL_NEOPLASM	150	94		
HP_ABNORMALITY_OF_THE_LEYDIG_CELLS	11		Rejected!	
HP_IMPAIRED_VISUOSPATIAL_CONSTRUCTIVE_COGNITION	36		Rejected!	
HP_HEMANGIOBLASTOMA	18		Rejected!	
HP_EVERTED_UPPER_LIP_VERMILION	17		Rejected!	
HP_TENTED_UPPER_LIP_VERMILION	89	54		
HP_U_SHAPED_UPPER_LIP_VERMILION	8		Rejected!	
HP_OPEN_BITE	65	36		
HP_PROTRUDING_TONGUE	36	26		
HP_EPIDERMAL_NEVUS	8		Rejected!	
HP_GENERALIZED_TONIC_SEIZURE	82	40		
HP_ATONIC_SEIZURE	103	52		
HP_HEMIFACIAL_SPASM	12		Rejected!	
HP_IMPAIRED_TEMPERATURE_SENSATION	26		Rejected!	
HP_IMPAIRED_TACTILE_SENSATION	23		Rejected!	
HP_IMPAIRED_PROPRIOCEPTION	110	71		
HP_ABNORMALITY_OF_PAIN_SENSATION	94	46		
HP_SPONTANEOUS_PAIN_SENSATION	5		Rejected!	
HP_TROPHIC_CHANGES_RELATED_TO_PAIN	5		Rejected!	
HP_ABNORMAL_CIRCULATING_COPPER_CONCENTRATION	10		Rejected!	
HP_MULTIFOCAL_EPILEPTIFORM_DISCHARGES	93	60		
HP_EEG_WITH_MULTIFOCAL_SLOW_ACTIVITY	45	23		
HP_EEG_WITH_GENERALIZED_SLOW_ACTIVITY	27	16		
HP_EEG_WITH_SPIKE_WAVE_COMPLEXES_2_5_3_5_HZ	7		Rejected!	
HP_EEG_WITH_SPIKE_WAVE_COMPLEXES	76	35		
HP_EEG_WITH_BURST_SUPPRESSION	34	21		
HP_DELAYED_FINE_MOTOR_DEVELOPMENT	20		Rejected!	
HP_RECEPTIVE_LANGUAGE_DELAY	56	41		
HP_INTELLECTUAL_DISABILITY_SEVERE	424	301		
HP_SENSORY_ATAXIA	12		Rejected!	
HP_TENDON_XANTHOMATOSIS	13		Rejected!	
HP_ABNORMAL_CIRCULATING_PROTEIN_CONCENTRATION	564	336		
HP_INCREASED_NUCHAL_TRANSLUCENCY	49	35		
HP_ABNORMALITY_OF_THE_UMBILICAL_CORD	41	24		
HP_AVASCULAR_NECROSIS	79	46		
HP_ABNORMAL_CIRCULATING_BRANCHED_CHAIN_AMINO_ACID_CONCENTRATION	8		Rejected!	
HP_ABNORMAL_CIRCULATING_PHENYLALANINE_CONCENTRATION	7		Rejected!	
HP_ABNORMAL_CIRCULATING_SERINE_FAMILY_AMINO_ACID_CONCENTRATION	24	18		
HP_ABNORMAL_CIRCULATING_GLYCINE_CONCENTRATION	21	15		
HP_ABNORMAL_CIRCULATING_ASPARTATE_FAMILY_AMINO_ACID_CONCENTRATION	18		Rejected!	
HP_ABNORMAL_CIRCULATING_METHIONINE_CONCENTRATION	14		Rejected!	
HP_ABNORMAL_CIRCULATING_GLUTAMINE_FAMILY_AMINO_ACID_CONCENTRATION	21		Rejected!	
HP_ABNORMAL_CIRCULATING_GLUTAMINE_CONCENTRATION	9		Rejected!	
HP_ABNORMAL_CIRCULATING_PROLINE_CONCENTRATION	10		Rejected!	
HP_ABNORMAL_CIRCULATING_ARGININE_CONCENTRATION	6		Rejected!	
HP_ABNORMAL_CIRCULATING_PYRUVATE_FAMILY_AMINO_ACID_CONCENTRATION	49	29		
HP_ABNORMAL_CIRCULATING_TYROSINE_CONCENTRATION	5		Rejected!	
HP_ZONULAR_CATARACT	36	17		
HP_ABNORMAL_BLOOD_INORGANIC_CATION_CONCENTRATION	156	91		
HP_ABNORMAL_BLOOD_MONOVALENT_INORGANIC_CATION_CONCENTRATION	127	56		
HP_ABNORMAL_BLOOD_SODIUM_CONCENTRATION	60	25		
HP_ABNORMAL_CIRCULATING_NUCLEOBASE_CONCENTRATION	39	22		
HP_ABNORMALITY_OF_THE_LOWER_URINARY_TRACT	775	484		
HP_ABNORMALITY_OF_THE_NASAL_SKELETON	12		Rejected!	
HP_ABNORMALITY_OF_THE_EXTERNAL_NOSE	867		Rejected!	
HP_ABNORMALITY_OF_THE_NASAL_BONE	8		Rejected!	
HP_APLASIA_HYPOPLASIA_OF_THE_NASAL_BONE	6		Rejected!	
HP_ABNORMAL_RENAL_PELVIS_MORPHOLOGY	218	142		
HP_FETAL_PYELECTASIS	5		Rejected!	
HP_ABNORMALITY_OF_THE_FETAL_CARDIOVASCULAR_SYSTEM	28	18		
HP_NONCOMMUNICATING_HYDROCEPHALUS	8		Rejected!	
HP_DILATATION_OF_THE_BLADDER	11		Rejected!	
HP_CONGENITAL_POSTERIOR_URETHRAL_VALVE	7		Rejected!	
HP_ABNORMAL_CIRCULATING_LONG_CHAIN_FATTY_ACID_CONCENTRATION	17	17		
HP_ABNORMAL_CIRCULATING_FATTY_ACID_ANION_CONCENTRATION	29	23		
HP_ABNORMALITY_OF_GLYCOLIPID_METABOLISM	8		Rejected!	
HP_ANEMIA_OF_INADEQUATE_PRODUCTION	181	131		
HP_ABNORMAL_MYELOID_LEUKOCYTE_MORPHOLOGY	328	243		
HP_B_LYMPHOCYTOPENIA	33	29		
HP_ABNORMALITY_OF_LIPOPROTEIN_CHOLESTEROL_CONCENTRATION	53	28		
HP_HYPERLIPOPROTEINEMIA	37	16		
HP_HYPOLIPOPROTEINEMIA	27	18		
HP_POLYGENIC_INHERITANCE	31		Rejected!	
HP_DIGENIC_INHERITANCE	11		Rejected!	
HP_GONOSOMAL_INHERITANCE	260	138		
HP_ABNORMALITY_OF_THE_EXTRINSIC_PATHWAY	15		Rejected!	
HP_ABNORMALITY_OF_THE_INTRINSIC_PATHWAY	31	26		
HP_ABNORMALITY_OF_THE_COMMON_COAGULATION_PATHWAY	57	36		
HP_ABNORMAL_MORPHOLOGY_OF_THE_ABDOMINAL_MUSCULATURE	60	39		
HP_ABNORMALITY_OF_THE_CEREBRAL_SUBCORTEX	1111		Rejected!	
HP_ABNORMAL_CORPUS_STRIATUM_MORPHOLOGY	40	28		
HP_ABNORMAL_CIRCULATING_DICARBOXYLIC_ACID_CONCENTRATION	120	71		
HP_ABNORMAL_CIRCULATING_MONOCARBOXYLIC_ACID_COCENTRATION	16		Rejected!	
HP_CHROMOSOMAL_BREAKAGE_INDUCED_BY_IONIZING_RADIATION	13		Rejected!	
HP_INCREASED_BONE_MINERAL_DENSITY	109	67		
HP_OSTEOPETROSIS	17		Rejected!	
HP_HIGH_MYOPIA	47	22		
HP_ABNORMAL_SYSTEMIC_ARTERIAL_MORPHOLOGY	502	314		
HP_ABNORMAL_MORPHOLOGY_OF_THE_MUSCULATURE_OF_THE_NECK	60	35		
HP_TEMPORAL_PATTERN	23		Rejected!	
HP_ABNORMAL_CIRCULATING_CARBOHYDRATE_CONCENTRATION	69	54		
HP_ABNORMAL_GLUCOSE_HOMEOSTASIS	641	357		
HP_ABNORMAL_BLOOD_GLUCOSE_CONCENTRATION	264	163		
HP_ABNORMALITY_OF_CIRCULATING_ENZYME_LEVEL	298	191		
HP_APLASIA_HYPOPLASIA_OF_THE_VAGINA	22		Rejected!	
HP_ABNORMAL_FALLOPIAN_TUBE_MORPHOLOGY	27	19		
HP_ABNORMALITY_OF_BLOOD_CIRCULATION	323	189		
HP_ABNORMAL_BLOOD_TRANSITION_ELEMENT_CATION_CONCENTRATION	36	16		
HP_ABNORMALITY_OF_IRON_HOMEOSTASIS	22		Rejected!	
HP_ABNORMALITY_OF_FLUID_REGULATION	660	355		
HP_AMYLOIDOSIS	30	15		
HP_ABNORMAL_RENAL_CORTEX_MORPHOLOGY	209	110		
HP_ABNORMALITY_OF_RENAL_EXCRETION	60	20		
HP_DECREASED_URINE_OUTPUT	23		Rejected!	
HP_ABNORMAL_RENAL_RESORPTION	18		Rejected!	
HP_ABNORMALITY_OF_THE_HELIX	151	90		
HP_ABNORMALITY_OF_THE_INTRAHEPATIC_BILE_DUCT	21		Rejected!	
HP_ABNORMAL_BLOOD_POTASSIUM_CONCENTRATION	89	37		
HP_ABNORMALITY_OF_CIRCULATING_ADRENOCORTICOTROPIN_LEVEL	40	27		
HP_ABNORMAL_NUMBER_OF_PERMANENT_TEETH	26	15		
HP_AGENESIS_OF_PREMOLAR	13		Rejected!	
HP_ABNORMALITY_OF_DENTAL_STRUCTURE	329	191		
HP_MISALIGNMENT_OF_INCISORS	11		Rejected!	
HP_ABNORMAL_INCISOR_MORPHOLOGY	91	54		
HP_ABNORMAL_NUMBER_OF_INCISORS	50	24		
HP_CONICAL_INCISOR	30		Rejected!	
HP_SUPERNUMERARY_TOOTH	42	25		
HP_ABNORMALITY_OF_DENTAL_COLOR	31	17		
HP_ABNORMALITY_OF_CANINE	17		Rejected!	
HP_IMPACTED_TOOTH	7		Rejected!	
HP_INCISOR_MACRODONTIA	57	40		
HP_INCREASED_OVERBITE	7		Rejected!	
HP_PERIPHERAL_DEMYELINATION	51	28		
HP_EPILEPTIC_SPASM	207	133		
HP_SPEECH_APRAXIA	73	52		
HP_INTESTINAL_ATRESIA	56	33		
HP_ABNORMAL_LEFT_VENTRICULAR_OUTFLOW_TRACT_MORPHOLOGY	20		Rejected!	
HP_ABNORMALITY_OF_BLOOD_VOLUME_HOMEOSTASIS	32		Rejected!	
HP_RECURRENT_SINUSITIS	58	31		
HP_CHRONIC_SINUSITIS	58	16		
HP_RECURRENT_TONSILLITIS	8		Rejected!	
HP_ABNORMALITY_OF_IMMUNE_SERUM_PROTEIN_PHYSIOLOGY	36	27		
HP_ABNORMALITY_OF_CYTOKINE_SECRETION	6		Rejected!	
HP_ABNORMALITY_OF_TUMOR_NECROSIS_FACTOR_SECRETION	5		Rejected!	
HP_ABNORMALITY_OF_THE_NASAL_DORSUM	218	135		
HP_CONCAVE_NASAL_RIDGE	14		Rejected!	
HP_ABNORMALITY_OF_SKIN_PHYSIOLOGY	456	268		
HP_ABNORMAL_EPIDERMAL_MORPHOLOGY	75	34		
HP_ABNORMALITY_OF_DERMAL_MELANOSOMES	5		Rejected!	
HP_INCREASED_SENSITIVITY_TO_IONIZING_RADIATION	14		Rejected!	
HP_LOW_GRADE_FEVER	11		Rejected!	
HP_SYMPTOMATIC_SEIZURES	32	19		
HP_DIALEPTIC_SEIZURE	218	124		
HP_TYPICAL_ABSENCE_SEIZURE	59	33		
HP_MYOCLONIC_ABSENCE_SEIZURE	13		Rejected!	
HP_EARLY_ONSET_ABSENCE_SEIZURES	5		Rejected!	
HP_FOCAL_MOTOR_SEIZURE	105	58		
HP_FOCAL_AUTONOMIC_SEIZURE	7		Rejected!	
HP_FOCAL_SENSORY_SEIZURE	16		Rejected!	
HP_FOCAL_SENSORY_SEIZURE_WITH_VISUAL_FEATURES	6		Rejected!	
HP_FOCAL_MYOCLONIC_SEIZURE	20	16		
HP_FOCAL_TONIC_SEIZURE	13		Rejected!	
HP_GENERALIZED_CLONIC_SEIZURE	30		Rejected!	
HP_GENERALIZED_MYOCLONIC_ATONIC_SEIZURE	8		Rejected!	
HP_SIMPLE_FEBRILE_SEIZURE	25	15		
HP_COMPLEX_FEBRILE_SEIZURE	16		Rejected!	
HP_EEG_WITH_FOCAL_EPILEPTIFORM_DISCHARGES	144	87		
HP_EEG_WITH_FOCAL_SPIKES	22		Rejected!	
HP_EEG_WITH_FOCAL_SHARP_SLOW_WAVES	10		Rejected!	
HP_EEG_WITH_FOCAL_SHARP_WAVES	11		Rejected!	
HP_EEG_WITH_FOCAL_SPIKE_WAVES	16		Rejected!	
HP_EEG_WITH_GENERALIZED_SHARP_SLOW_WAVES	11		Rejected!	
HP_EEG_WITH_ABNORMALLY_SLOW_FREQUENCIES	76	43		
HP_EEG_WITH_CONTINUOUS_SLOW_ACTIVITY	9		Rejected!	
HP_ABNORMAL_SHAPE_OF_THE_OCCIPUT	115	76		
HP_ABNORMAL_SHAPE_OF_THE_FRONTAL_REGION	371	247		
HP_SHORT_FACE	19		Rejected!	
HP_PROMINENT_FOREHEAD	238	156		
HP_APLASIA_HYPOPLASIA_OF_THE_EYELID	37	23		
HP_HORIZONTAL_EYEBROW	28	19		
HP_BROAD_EYEBROW	20	18		
HP_PROMINENT_EYELASHES	15		Rejected!	
HP_MICROTIA_THIRD_DEGREE	10		Rejected!	
HP_UNDERDEVELOPED_TRAGUS	5		Rejected!	
HP_ANISOCYTOSIS	18		Rejected!	
HP_RECURRENT_MYCOBACTERIAL_INFECTIONS	57	18		
HP_VASCULAR_SKIN_ABNORMALITY	529	322		
HP_ABNORMALITY_OF_THE_URINARY_SYSTEM_PHYSIOLOGY	1017		Rejected!	
HP_ABNORMALITY_OF_URINE_CALCIUM_CONCENTRATION	80	36		
HP_ABNORMALITY_OF_URINE_CATECHOLAMINE_CONCENTRATION	25	17		
HP_ABNORMALITY_OF_HINDBRAIN_MORPHOLOGY	883		Rejected!	
HP_PROMINENT_DIGIT_PAD	68	50		
HP_LONG_PALM	5		Rejected!	
HP_BROAD_THUMB	113	66		
HP_SLENDER_TOE	6		Rejected!	
HP_ABNORMALITY_OF_LONG_BONE_MORPHOLOGY	715	448		
HP_BICORONAL_SYNOSTOSIS	6		Rejected!	
HP_MULTIPLE_SUTURE_CRANIOSYNOSTOSIS	11		Rejected!	
HP_ANTERIOR_PLAGIOCEPHALY	5		Rejected!	
HP_ABNORMALITY_OF_FONTANELLES	181	93		
HP_ABNORMALITY_OF_CRANIAL_SUTURES	325	207		
HP_METOPIC_SYNOSTOSIS	12		Rejected!	
HP_FACIAL_SHAPE_DEFORMATION	13		Rejected!	
HP_FRONTAL_HIRSUTISM	6		Rejected!	
HP_ABNORMALITY_OF_MOUTH_SIZE	405	285		
HP_ABNORMALITY_OF_MOUTH_SHAPE	242	158		
HP_ABNORMALITY_OF_UPPER_LIP_VERMILLION	387	272		
HP_LONG_UPPER_LIP	8		Rejected!	
HP_MILD_GLOBAL_DEVELOPMENTAL_DELAY	56	31		
HP_MODERATE_GLOBAL_DEVELOPMENTAL_DELAY	25	15		
HP_SEVERE_GLOBAL_DEVELOPMENTAL_DELAY	220	142		
HP_GENERALIZED_ABNORMALITY_OF_SKIN	972		Rejected!	
HP_LOCALIZED_SKIN_LESION	893		Rejected!	
HP_REGIONAL_ABNORMALITY_OF_SKIN	520	326		
HP_GENERALIZED_HYPOPIGMENTATION_OF_HAIR	44	30		
HP_DRY_HAIR	15		Rejected!	
HP_ACQUIRED_ABNORMAL_HAIR_PATTERN	35	16		
HP_ABNORMAL_HAIR_QUANTITY	774		Rejected!	
HP_WHITE_HAIR	21		Rejected!	
HP_PATCHY_HYPOPIGMENTATION_OF_HAIR	19		Rejected!	
HP_MORPHOLOGICAL_ABNORMALITY_OF_THE_VESTIBULE_OF_THE_INNER_EAR	23		Rejected!	
HP_APLASIA_OF_THE_SEMICIRCULAR_CANAL	15		Rejected!	
HP_ABNORMALITY_OF_THE_INTERNAL_AUDITORY_CANAL	20		Rejected!	
HP_NARROW_INTERNAL_AUDITORY_CANAL	15		Rejected!	
HP_FUNCTIONAL_ABNORMALITY_OF_THE_INNER_EAR	974		Rejected!	
HP_ABNORMALITY_OF_THE_DORSAL_COLUMN_OF_THE_SPINAL_CORD	6		Rejected!	
HP_ABNORMAL_CNS_MYELINATION	303	235		
HP_PROPORTIONATE_TALL_STATURE	15		Rejected!	
HP_ABNORMAL_PLACENTAL_MEMBRANE_MORPHOLOGY	8		Rejected!	
HP_CAESARIAN_SECTION	10		Rejected!	
HP_PLACENTAL_ABRUPTION	5		Rejected!	
HP_DEATH_IN_ADOLESCENCE	7		Rejected!	
HP_ABNORMAL_BLOOD_CHLORIDE_CONCENTRATION	11		Rejected!	
HP_FETAL_ULTRASOUND_SOFT_MARKER	87	66		
HP_MATERNAL_TERATOGENIC_EXPOSURE	6		Rejected!	
HP_ABNORMALITY_OF_COORDINATION	1065		Rejected!	
HP_ANKLE_CLONUS	37	21		
HP_KNEE_CLONUS	6		Rejected!	
HP_PRIMARY_MICROCEPHALY	38	32		
HP_FUNCTIONAL_ABNORMALITY_OF_THE_MIDDLE_EAR	400	215		
HP_LOSS_OF_EYELASHES	6		Rejected!	
HP_ESOPHAGEAL_CARCINOMA	12		Rejected!	
HP_FETAL_ONSET	23	16		
HP_YOUNG_ADULT_ONSET	62	32		
HP_CHILDHOOD_ONSET	167	88		
HP_APLASIA_HYPOPLASIA_OF_THE_GALLBLADDER	7		Rejected!	
HP_FACIAL_TICS	13		Rejected!	
HP_NASAL_REGURGITATION	14		Rejected!	
HP_NASOGASTRIC_TUBE_FEEDING_IN_INFANCY	35	18		
HP_GASTROSTOMY_TUBE_FEEDING_IN_INFANCY	132	90		
HP_ABNORMALITY_OF_SMALL_INTESTINAL_VILLUS_MORPHOLOGY	25	16		
HP_CHILDHOOD_ONSET_SENSORINEURAL_HEARING_IMPAIRMENT	16		Rejected!	
HP_PROFOUND_SENSORINEURAL_HEARING_IMPAIRMENT	10		Rejected!	
HP_ABNORMAL_LACRIMAL_PUNCTUM_MORPHOLOGY	6		Rejected!	
HP_ABNORMAL_LACRIMAL_DUCT_MORPHOLOGY	35	17		
HP_ABNORMAL_LACRIMAL_GLAND_MORPHOLOGY	8		Rejected!	
HP_ANTERIOR_SYNECHIAE_OF_THE_ANTERIOR_CHAMBER	11		Rejected!	
HP_POSTERIOR_SYNECHIAE_OF_THE_ANTERIOR_CHAMBER	8		Rejected!	
HP_ABNORMALITY_OF_CORNEAL_THICKNESS	117	51		
HP_INCREASED_CORNEAL_THICKNESS	5		Rejected!	
HP_ABNORMAL_CORNEAL_ENDOTHELIUM_MORPHOLOGY	16		Rejected!	
HP_ABNORMAL_DESCEMET_MEMBRANE_MORPHOLOGY	12		Rejected!	
HP_REDUCED_NUMBER_OF_CORNEAL_ENDOTHELIAL_CELLS	5		Rejected!	
HP_ABNORMALITY_OF_CORNEAL_STROMA	95	54		
HP_CENTRAL_OPACIFICATION_OF_THE_CORNEA	19		Rejected!	
HP_ABNORMAL_CORNEAL_EPITHELIUM_MORPHOLOGY	106	46		
HP_CORNEAL_NEOVASCULARIZATION	23		Rejected!	
HP_MYDRIASIS	14		Rejected!	
HP_BULL_S_EYE_MACULOPATHY	7		Rejected!	
HP_CYSTOID_MACULAR_EDEMA	18		Rejected!	
HP_CHOROIDAL_NEOVASCULARIZATION	20		Rejected!	
HP_MACULAR_HYPERPIGMENTATION	6		Rejected!	
HP_DRUSEN	27		Rejected!	
HP_HYPERPIGMENTATION_OF_THE_FUNDUS	7		Rejected!	
HP_ACHROMATOPSIA	5		Rejected!	
HP_ANOMALOUS_TRICHROMACY	9		Rejected!	
HP_ABNORMALITY_OF_LENS_SHAPE	12		Rejected!	
HP_VITRITIS	5		Rejected!	
HP_ABNORMAL_ATRIAL_ARRANGEMENT	51		Rejected!	
HP_ABNORMAL_CONNECTION_OF_THE_CARDIAC_SEGMENTS	263	146		
HP_ABNORMAL_ATRIOVENTRICULAR_CONNECTION	8		Rejected!	
HP_COMMON_ATRIUM	11		Rejected!	
HP_ABNORMAL_BRANCHING_PATTERN_OF_THE_AORTIC_ARCH	20		Rejected!	
HP_DOUBLE_AORTIC_ARCH	6		Rejected!	
HP_CONGENITAL_MALFORMATION_OF_THE_GREAT_ARTERIES	446	269		
HP_INTERRUPTED_AORTIC_ARCH	21		Rejected!	
HP_ABNORMALITY_OF_ABDOMINAL_SITUS	15		Rejected!	
HP_MUSCULAR_VENTRICULAR_SEPTAL_DEFECT	9		Rejected!	
HP_ABNORMAL_CORONARY_SINUS_MORPHOLOGY	5		Rejected!	
HP_TRICUSPID_ATRESIA	12		Rejected!	
HP_RIGHT_VENTRICULAR_CARDIOMYOPATHY	8		Rejected!	
HP_LEFT_VENTRICULAR_NONCOMPACTION_CARDIOMYOPATHY	6		Rejected!	
HP_PERIMEMBRANOUS_VENTRICULAR_SEPTAL_DEFECT	11		Rejected!	
HP_CEREBELLAR_HEMORRHAGE	6		Rejected!	
HP_ABNORMAL_ELECTROPHYSIOLOGY_OF_SINOATRIAL_NODE_ORIGIN	72	33		
HP_SINUS_TACHYCARDIA	23	19		
HP_SICK_SINUS_SYNDROME	28		Rejected!	
HP_FIRST_DEGREE_ATRIOVENTRICULAR_BLOCK	35		Rejected!	
HP_SECOND_DEGREE_ATRIOVENTRICULAR_BLOCK	8		Rejected!	
HP_BUNDLE_BRANCH_BLOCK	59	22		
HP_LEFT_ANTERIOR_FASCICULAR_BLOCK	5		Rejected!	
HP_RIGHT_BUNDLE_BRANCH_BLOCK	43	17		
HP_LEFT_BUNDLE_BRANCH_BLOCK	9		Rejected!	
HP_ABNORMALITY_OF_THE_PULMONARY_VEINS	76	22		
HP_CONGENITAL_MALFORMATION_OF_THE_RIGHT_HEART	87	28		
HP_ABNORMAL_CENTRAL_SENSORY_FUNCTION	14		Rejected!	
HP_ABNORMALITY_OF_ADRENAL_MORPHOLOGY	98	60		
HP_ABNORMALITY_OF_ADRENAL_PHYSIOLOGY	135	76		
HP_CENTRAL_ADRENAL_INSUFFICIENCY	18		Rejected!	
HP_ADRENOCORTICOTROPIN_DEFICIENT_ADRENAL_INSUFFICIENCY	6		Rejected!	
HP_PRIMARY_HYPERALDOSTERONISM	9		Rejected!	
HP_GLUCOCORTOCOID_INSENSITIVE_PRIMARY_HYPERALDOSTERONISM	5		Rejected!	
HP_ADRENOCORTICOTROPIC_HORMONE_DEFICIENCY	8		Rejected!	
HP_ADRENOCORTICOTROPIC_HORMONE_EXCESS	5		Rejected!	
HP_ABNORMALITY_OF_THE_POSTERIOR_PITUITARY	51	24		
HP_POSTERIOR_PITUITARY_DYSGENESIS	23		Rejected!	
HP_PITUITARY_GROWTH_HORMONE_CELL_ADENOMA	14		Rejected!	
HP_ABNORMALITY_OF_THE_PARATHYROID_MORPHOLOGY	23		Rejected!	
HP_PARATHYROID_DYSGENESIS	5		Rejected!	
HP_ABNORMAL_THYROID_MORPHOLOGY	166	96		
HP_THYROTOXICOSIS_WITH_DIFFUSE_GOITER	6		Rejected!	
HP_CENTRAL_HYPOTHYROIDISM	69	30		
HP_NEOPLASM_BY_HISTOLOGY	342	217		
HP_EMBRYONAL_RENAL_NEOPLASM	47	26		
HP_ABNORMALITY_OF_FACIAL_SOFT_TISSUE	492	283		
HP_MIDFACE_RETRUSION	281	169		
HP_HAMARTOMA_OF_TONGUE	18		Rejected!	
HP_BIFID_NOSE	9		Rejected!	
HP_TYPE_1_MUSCLE_FIBER_ATROPHY	18		Rejected!	
HP_DECREASED_PATELLAR_REFLEX	6		Rejected!	
HP_INCREASED_CEREBRAL_LIPOFUSCIN	9		Rejected!	
HP_BASAL_ENCEPHALOCELE	15		Rejected!	
HP_SUBMUCOUS_CLEFT_SOFT_PALATE	9		Rejected!	
HP_ABNORMALITY_OF_FACIAL_SKELETON	1204		Rejected!	
HP_BROAD_CHIN	9		Rejected!	
HP_CHIN_WITH_HORIZONTAL_CREASE	7		Rejected!	
HP_ABNORMAL_ORAL_MUCOSA_MORPHOLOGY	315	187		
HP_OVERHANGING_NASAL_TIP	6		Rejected!	
HP_MOYAMOYA_PHENOMENON	12		Rejected!	
HP_ABNORMALITY_OF_T_CELL_PHYSIOLOGY	55	36		
HP_ABNORMAL_STERNAL_OSSIFICATION	12		Rejected!	
HP_ABNORMAL_ILIAC_WING_MORPHOLOGY	64	39		
HP_ABNORMAL_PLATELET_FUNCTION	51	37		
HP_IMPAIRED_RISTOCETIN_INDUCED_PLATELET_AGGREGATION	6		Rejected!	
HP_ABNORMAL_PLATELET_MORPHOLOGY	24	20		
HP_ABNORMAL_PLATELET_VOLUME	22		Rejected!	
HP_ABNORMAL_PLATELET_MEMBRANE_PROTEIN_EXPRESSION	6		Rejected!	
HP_ABNORMAL_PLATELET_GRANULES	11		Rejected!	
HP_ABNORMAL_UMBILICAL_STUMP_BLEEDING	5		Rejected!	
HP_HEMORRHAGE_OF_THE_EYE	47	25		
HP_BLEEDING_WITH_MINOR_OR_NO_TRAUMA	6		Rejected!	
HP_PROLONGED_BLEEDING_FOLLOWING_PROCEDURE	21		Rejected!	
HP_POST_PARTUM_HEMORRHAGE	10		Rejected!	
HP_ABNORMAL_LEUKOCYTE_COUNT	389	300		
HP_NEUTROPHILIA	17		Rejected!	
HP_ABNORMALITY_OF_CIRCULATING_FIBRINOGEN	38	23		
HP_ABNORMAL_HEMOGLOBIN	57	33		
HP_PERSISTENCE_OF_HEMOGLOBIN_F	31	24		
HP_ABNORMALITY_OF_METACARPOPHALANGEAL_JOINT	22	16		
HP_ABNORMALITY_OF_THE_GLENOID_FOSSA	8		Rejected!	
HP_CARDIOVASCULAR_CALCIFICATION	35	22		
HP_ABNORMAL_ACTIVITY_OF_MITOCHONDRIAL_RESPIRATORY_CHAIN	96	84		
HP_DECREASED_ACTIVITY_OF_MITOCHONDRIAL_COMPLEX_I	53	47		
HP_DECREASED_ACTIVITY_OF_MITOCHONDRIAL_COMPLEX_III	13		Rejected!	
HP_SHORT_DIGIT	599	366		
HP_ABNORMAL_SUPERIOR_CEREBELLAR_PEDUNCLE_MORPHOLOGY	11		Rejected!	
HP_ELONGATED_SUPERIOR_CEREBELLAR_PEDUNCLE	9		Rejected!	
HP_HYPOPLASTIC_FIFTH_TOENAIL	13		Rejected!	
HP_RESPIRATORY_TRACT_INFECTION	668	411		
HP_RECURRENT_ACUTE_RESPIRATORY_TRACT_INFECTION	7		Rejected!	
HP_ACUTE_INFECTIOUS_PNEUMONIA	6		Rejected!	
HP_ASPIRATION_PNEUMONIA	82	52		
HP_RETINAL_PERFORATION	6		Rejected!	
HP_SUBSTANTIA_NIGRA_GLIOSIS	14		Rejected!	
HP_NON_OBSTRUCTIVE_AZOOSPERMIA	43		Rejected!	
HP_OBSTRUCTIVE_AZOOSPERMIA	19		Rejected!	
HP_ABNORMAL_CIRCULATING_CITRULLINE_CONCENTRATION	19		Rejected!	
HP_DECREASED_CIRCULATING_COPPER_CONCENTRATION	6		Rejected!	
HP_FEEDING_DIFFICULTIES	1044		Rejected!	
HP_CEREBRAL_AMYLOID_ANGIOPATHY	5		Rejected!	
HP_HYPOGLYCORRHACHIA	6		Rejected!	
HP_MYELOFIBROSIS	12		Rejected!	
HP_ABNORMALITY_OF_NEUTROPHIL_PHYSIOLOGY	16		Rejected!	
HP_ABNORMAL_NEUTROPHIL_COUNT	193	158		
HP_ABNORMALITY_OF_NEUTROPHIL_MORPHOLOGY	13		Rejected!	
HP_IMPAIRED_NEUTROPHIL_BACTERICIDAL_ACTIVITY	9		Rejected!	
HP_POSTPRANDIAL_HYPERGLYCEMIA	9		Rejected!	
HP_PARANOIA	18		Rejected!	
HP_FOCAL_COGNITIVE_SEIZURE_WITH_DEJA_VU_JAMAIS_VU	7		Rejected!	
HP_LENS_LUXATION	7		Rejected!	
HP_HYPERGALACTOSEMIA	5		Rejected!	
HP_HEPATOCELLULAR_ADENOMA	18		Rejected!	
HP_ABNORMAL_URINE_HORMONE_LEVEL	7		Rejected!	
HP_INCREASED_URINARY_CORTISOL_LEVEL	5		Rejected!	
HP_LIPOMA	22		Rejected!	
HP_CORNEAL_STROMAL_EDEMA	7		Rejected!	
HP_DECREASED_FERTILITY_IN_MALES	142	53		
HP_PENDULAR_NYSTAGMUS	38	16		
HP_SEESAW_NYSTAGMUS	6		Rejected!	
HP_RETINAL_FLECKS	7		Rejected!	
HP_HEMERALOPIA	8		Rejected!	
HP_OROMANDIBULAR_DYSTONIA	16		Rejected!	
HP_LARYNGEAL_DYSTONIA	11		Rejected!	
HP_ANASARCA	5		Rejected!	
HP_REACTIVE_HYPOGLYCEMIA	7		Rejected!	
HP_LOW_SERUM_CALCITRIOL	6		Rejected!	
HP_CHOROIDAL_MELANOMA	6		Rejected!	
HP_CUTANEOUS_MELANOMA	17		Rejected!	
HP_BONE_CYST	29	18		
HP_ABNORMAL_CIRCULATING_ACETYLCARNITINE_CONCENTRATION	13		Rejected!	
HP_PERSONALITY_DISORDER	18		Rejected!	
HP_ENLARGED_CEREBELLUM	6		Rejected!	
HP_ABNORMALITY_OF_SKELETAL_MUSCLE_FIBER_SIZE	67	33		
HP_ABNORMAL_URINARY_COLOR	18		Rejected!	
HP_ABNORMAL_MITOCHONDRIAL_SHAPE	5		Rejected!	
HP_ABNORMAL_PANCREAS_MORPHOLOGY	101	53		
HP_ABNORMALITY_OF_PANCREAS_PHYSIOLOGY	166	79		
HP_ABNORMALITY_OF_EXOCRINE_PANCREAS_PHYSIOLOGY	65	27		
HP_ABNORMALITY_OF_ENDOCRINE_PANCREAS_PHYSIOLOGY	29		Rejected!	
HP_ABNORMAL_PANCREAS_SIZE	33		Rejected!	
HP_MULTIPLE_JOINT_DISLOCATION	7		Rejected!	
HP_EDEMA_OF_THE_DORSUM_OF_FEET	5		Rejected!	
HP_ABNORMAL_CIRCULATING_CREATININE_CONCENTRATION	37	15		
HP_ABNORMAL_MITOCHONDRIAL_NUMBER	5		Rejected!	
HP_ABNORMALITY_OF_THE_MITOCHONDRION	185	141		
HP_PARIETAL_CORTICAL_ATROPHY	7		Rejected!	
HP_OCCIPITAL_CORTICAL_ATROPHY	5		Rejected!	
HP_INCREASED_FIBULAR_DIAMETER	5		Rejected!	
HP_OPEN_ANGLE_GLAUCOMA	11		Rejected!	
HP_HYPOPLASIA_OF_THE_PONS	65	42		
HP_ABNORMALITY_OF_CIRCULATING_GLUCOCORTICOID_LEVEL	50	32		
HP_HEPATITIS	84	54		
HP_ABNORMAL_CIRCULATING_ALBUMIN_CONCENTRATION	97	68		
HP_METHEMOGLOBINEMIA	5		Rejected!	
HP_METHYLMALONIC_ACIDURIA	16	15		
HP_ANTERIOR_UVEITIS	16		Rejected!	
HP_POSTERIOR_UVEITIS	5		Rejected!	
HP_STOMACH_CANCER	30	20		
HP_ABNORMAL_NUMBER_OF_ERYTHROID_PRECURSORS	42	34		
HP_ERYTHROID_HYPERPLASIA	15		Rejected!	
HP_ERYTHROID_HYPOPLASIA	26	24		
HP_ABNORMAL_GRANULOCYTOPOIETIC_CELL_MORPHOLOGY	11		Rejected!	
HP_ABNORMAL_NUMBER_OF_GRANULOCYTE_PRECURSORS	6		Rejected!	
HP_ABNORMAL_MEGAKARYOCYTE_MORPHOLOGY	20		Rejected!	
HP_ABNORMAL_MONOCYTE_MORPHOLOGY	12		Rejected!	
HP_ABNORMALITY_OF_VON_WILLEBRAND_FACTOR	10		Rejected!	
HP_HEMOTHORAX	6		Rejected!	
HP_HYPOTRIGLYCERIDEMIA	8		Rejected!	
HP_DECREASED_CORNEAL_SENSATION	5		Rejected!	
HP_HEMOPHAGOCYTOSIS	11		Rejected!	
HP_SUBCORTICAL_CEREBRAL_ATROPHY	27	16		
HP_ASTERIXIS	5		Rejected!	
HP_OLIGODACTYLY	31	16		
HP_SKIN_PICKING	9		Rejected!	
HP_HEAD_BANGING	8		Rejected!	
HP_STEREOTYPICAL_HAND_WRINGING	19		Rejected!	
HP_STEREOTYPICAL_BODY_ROCKING	5		Rejected!	
HP_GLIOBLASTOMA_MULTIFORME	22	17		
HP_ABNORMAL_NATURAL_KILLER_CELL_MORPHOLOGY	19		Rejected!	
HP_ABNORMAL_NATURAL_KILLER_CELL_PHYSIOLOGY	15		Rejected!	
HP_ENTRAPMENT_NEUROPATHY	10		Rejected!	
HP_HODGKIN_LYMPHOMA	24	18		
HP_T_CELL_LYMPHOMA	12		Rejected!	
HP_B_CELL_LYMPHOMA	19	15		
HP_INSULINOMA	5		Rejected!	
HP_ABNORMALITY_OF_PROTHROMBIN	40	23		
HP_ONYCHOMYCOSIS	21		Rejected!	
HP_ABNORMAL_SPERM_MOTILITY	79	18		
HP_REDUCED_SPERM_MOTILITY	36		Rejected!	
HP_IMMOTILE_SPERM	12		Rejected!	
HP_JUVENILE_MYELOMONOCYTIC_LEUKEMIA	8		Rejected!	
HP_ABNORMAL_RENAL_MORPHOLOGY	988		Rejected!	
HP_ABNORMAL_RENAL_PHYSIOLOGY	673	379		
HP_ABNORMAL_GLOMERULAR_FILTRATION_RATE	21		Rejected!	
HP_ERYTHEMA_NODOSUM	8		Rejected!	
HP_ARACHNOID_HEMANGIOMATOSIS	16		Rejected!	
HP_URETHRAL_STRICTURE	15		Rejected!	
HP_CSF_PLEOCYTOSIS	21	16		
HP_RHEGMATOGENOUS_RETINAL_DETACHMENT	11		Rejected!	
HP_EXUDATIVE_RETINAL_DETACHMENT	5		Rejected!	
HP_SHORTENED_QT_INTERVAL	12		Rejected!	
HP_INTRAMUSCULAR_HEMATOMA	8		Rejected!	
HP_INCREASED_INTRAMYOCELLULAR_LIPID_DROPLETS	20		Rejected!	
HP_ABNORMAL_SEX_DETERMINATION	22		Rejected!	
HP_SEX_REVERSAL	14		Rejected!	
HP_OCULOMOTOR_NERVE_PALSY	28	18		
HP_PROLONGED_PR_INTERVAL	9		Rejected!	
HP_ABNORMAL_ST_SEGMENT	36		Rejected!	
HP_ST_SEGMENT_DEPRESSION	12		Rejected!	
HP_ST_SEGMENT_ELEVATION	24		Rejected!	
HP_ABNORMAL_RESPIRATORY_SYSTEM_MORPHOLOGY	1300		Rejected!	
HP_ABSENT_OUTER_DYNEIN_ARMS	11		Rejected!	
HP_ABSENT_INNER_DYNEIN_ARMS	7		Rejected!	
HP_ABSENT_INNER_AND_OUTER_DYNEIN_ARMS	5		Rejected!	
HP_ABNORMAL_RESPIRATORY_MOTILE_CILIUM_PHYSIOLOGY	33		Rejected!	
HP_IMMOTILE_CILIA	8		Rejected!	
HP_ABNORMAL_MUSCLE_GLYCOGEN_CONTENT	11		Rejected!	
HP_DIGITAL_FLEXOR_TENOSYNOVITIS	7		Rejected!	
HP_ABNORMAL_CIRCULATING_SERINE_CONCENTRATION	5		Rejected!	
HP_ABNORMAL_HYPOTHALAMUS_PHYSIOLOGY	51	22		
HP_ABNORMAL_HYPOTHALAMUS_MORPHOLOGY	18		Rejected!	
HP_NEOPLASM_OF_HEAD_AND_NECK	34	19		
HP_TYPE_II_TRANSFERRIN_ISOFORM_PROFILE	10		Rejected!	
HP_HERPES_SIMPLEX_ENCEPHALITIS	7		Rejected!	
HP_ABNORMAL_AORTIC_ARCH_MORPHOLOGY	52	30		
HP_HYPOPLASTIC_AORTIC_ARCH	9		Rejected!	
HP_ABNORMAL_RIB_OSSIFICATION	8		Rejected!	
HP_CUTANEOUS_AMYLOIDOSIS	5		Rejected!	
HP_MONOCYTOSIS	9		Rejected!	
HP_FIBROUS_TISSUE_NEOPLASM	71	51		
HP_MYELOID_LEUKEMIA	20	15		
HP_PYELONEPHRITIS	15		Rejected!	
HP_ABNORMAL_AUTONOMIC_NERVOUS_SYSTEM_PHYSIOLOGY	120	65		
HP_EXTRAHEPATIC_CHOLESTASIS	10		Rejected!	
HP_ABNORMALITY_OF_FOLATE_METABOLISM	8		Rejected!	
HP_ABNORMAL_ENERGY_EXPENDITURE	12		Rejected!	
HP_ABNORMAL_GLYCOSYLATION	43	43		
HP_ABNORMAL_PROTEIN_GLYCOSYLATION	37	37		
HP_ABNORMAL_PROTEIN_O_LINKED_GLYCOSYLATION	7		Rejected!	
HP_DECREASED_URINARY_POTASSIUM	6		Rejected!	
HP_BASILAR_INVAGINATION	6		Rejected!	
HP_FLAT_FACE	94	62		
HP_ABNORMALITY_OF_MALAR_BONES	210	125		
HP_HEMIANOPIA	52	25		
HP_FATIGUE	361	207		
HP_ABNORMAL_ENZYME_COENZYME_ACTIVITY	497	340		
HP_LEFT_TO_RIGHT_SHUNT	9		Rejected!	
HP_RHINITIS	78	25		
HP_BRONCHITIS	61	30		
HP_APPENDICULAR_HYPOTONIA	6		Rejected!	
HP_ANAL_FISSURE	5		Rejected!	
HP_HYPOREFLEXIA_OF_UPPER_LIMBS	7		Rejected!	
HP_ALLERGY	27	16		
HP_AORTIC_ATHEROSCLEROTIC_LESION	9		Rejected!	
HP_PERIPHERAL_EDEMA	10		Rejected!	
HP_ABNORMAL_ALDOLASE_LEVEL	20		Rejected!	
HP_ABNORMAL_URINE_ALPHA_KETOGLUTARATE_CONCENTRATION	10		Rejected!	
HP_INCREASED_URINE_ALPHA_KETOGLUTARATE_CONCENTRATION	8		Rejected!	
HP_MEDULLARY_NEPHROCALCINOSIS	8		Rejected!	
HP_PURE_RED_CELL_APLASIA	26	22		
HP_PREMATURE_PUBARCHE	13		Rejected!	
HP_PREMATURE_ADRENARCHE	8		Rejected!	
HP_ABNORMAL_BLOOD_GAS_LEVEL	37	15		
HP_MECONIUM_STAINED_AMNIOTIC_FLUID	7		Rejected!	
HP_OPTIC_DISC_DRUSEN	9		Rejected!	
HP_PROMINENT_CALCANEUS	9		Rejected!	
HP_APLASIA_HYPOPLASIA_OF_THE_CEREBRAL_WHITE_MATTER	24		Rejected!	
HP_CEREBRAL_WHITE_MATTER_HYPOPLASIA	10		Rejected!	
HP_CHRONIC_FATIGUE	22	16		
HP_ABNORMAL_SOCIAL_BEHAVIOR	204	128		
HP_DELAYED_SOCIAL_DEVELOPMENT	12		Rejected!	
HP_ABNORMAL_GALLBLADDER_MORPHOLOGY	97	56		
HP_ABNORMAL_BILIARY_TRACT_MORPHOLOGY	83	49		
HP_ABNORMAL_MYELINATION	545	388		
HP_DELAYED_MYELINATION	204	157		
HP_CHRONIC_CONSTIPATION	68	48		
HP_RESTLESS_LEGS	15		Rejected!	
HP_ELEVATED_TRANSFERRIN_SATURATION	6		Rejected!	
HP_INFANTILE_SPASMS	104	63		
HP_THICK_VERMILION_BORDER	265	180		
HP_ECLABION	151	85		
HP_TONGUE_ATROPHY	10		Rejected!	
HP_DECREASED_CIRCULATING_LEVEL_OF_SPECIFIC_ANTIBODY	31	23		
HP_DECREASED_SPECIFIC_PNEUMOCOCCAL_ANTIBODY_LEVEL	5		Rejected!	
HP_ABNORMAL_CEREBRAL_VEIN_MORPHOLOGY	7		Rejected!	
HP_ABNORMAL_DENSE_GRANULES	6		Rejected!	
HP_PANNICULITIS	23	19		
HP_DESCENDING_AORTIC_DISSECTION	19		Rejected!	
HP_ABNORMALITY_OF_THE_BRAINSTEM_WHITE_MATTER	15		Rejected!	
HP_ABNORMALITY_OF_THE_PITUITARY_GLAND	308	156		
HP_ABNORMAL_SIZE_OF_PITUITARY_GLAND	24	19		
HP_SMALL_PITUITARY_GLAND	9		Rejected!	
HP_METAMORPHOPSIA	17		Rejected!	
HP_EXTRA_AXIAL_CEREBROSPINAL_FLUID_ACCUMULATION	6		Rejected!	
HP_TEMPORAL_OPTIC_DISC_PALLOR	5		Rejected!	
HP_DIFFUSE_OPTIC_DISC_PALLOR	10		Rejected!	
HP_UPPER_LIMB_PAIN	7		Rejected!	
HP_LOWER_LIMB_PAIN	32	15		
HP_HIP_FLEXOR_WEAKNESS	15		Rejected!	
HP_ABNORMAL_CIRCLE_OF_WILLIS_MORPHOLOGY	5		Rejected!	
HP_DILATION_OF_VIRCHOW_ROBIN_SPACES	7		Rejected!	
HP_SPIDER_HEMANGIOMA	5		Rejected!	
HP_ORAL_AVERSION	14		Rejected!	
HP_PAIN	740	417		
HP_CHRONIC_PAIN	5		Rejected!	
HP_DYSESTHESIA	17		Rejected!	
HP_FOOD_INTOLERANCE	8		Rejected!	
HP_NON_HODGKIN_LYMPHOMA	36	30		
HP_CEPHALOHEMATOMA	8		Rejected!	
HP_ABNORMAL_INVOLUNTARY_EYE_MOVEMENTS	1038		Rejected!	
HP_FATTY_REPLACEMENT_OF_SKELETAL_MUSCLE	19		Rejected!	
HP_ABSENT_THUMBNAIL	17		Rejected!	
HP_DELAYED_MENARCHE	9		Rejected!	
HP_ABNORMAL_NEPHRON_MORPHOLOGY	248	130		
HP_MINIMAL_CHANGE_GLOMERULONEPHRITIS	36	21		
HP_MACROSCOPIC_HEMATURIA	9		Rejected!	
HP_STEROID_RESISTANT_NEPHROTIC_SYNDROME	9		Rejected!	
HP_ABNORMAL_URINARY_ELECTROLYTE_CONCENTRATION	128	58		
HP_ALBUMINURIA	16		Rejected!	
HP_MODERATE_ALBUMINURIA	8		Rejected!	
HP_ABNORMAL_URINE_POTASSIUM_CONCENTRATION	18		Rejected!	
HP_ABNORMAL_URINE_PHOSPHATE_CONCENTRATION	33	16		
HP_ABNORMAL_URINE_SODIUM_CONCENTRATION	16		Rejected!	
HP_HYPERNATRIURIA	10		Rejected!	
HP_RENAL_SODIUM_WASTING	5		Rejected!	
HP_ABNORMAL_URINE_MAGNESIUM_CONCENTRATION	11		Rejected!	
HP_HYPERMAGNESIURIA	6		Rejected!	
HP_ABNORMALITY_OF_URINARY_URIC_ACID_CONCENTRATION	5		Rejected!	
HP_ABNORMAL_URINE_CYTOLOGY	155	88		
HP_CHRONIC_KIDNEY_DISEASE	153	84		
HP_ABNORMAL_INTRAOCULAR_PRESSURE	32		Rejected!	
HP_RETINAL_VEIN_OCCLUSION	5		Rejected!	
HP_ABNORMAL_INFLAMMATORY_RESPONSE	1051		Rejected!	
HP_PERISYLVIAN_POLYMICROGYRIA	27		Rejected!	
HP_ABNORMAL_BRAIN_POSITRON_EMISSION_TOMOGRAPHY	23	20		
HP_IRON_ACCUMULATION_IN_BRAIN	10		Rejected!	
HP_IRON_ACCUMULATION_IN_GLOBUS_PALLIDUS	5		Rejected!	
HP_ABNORMALITY_OF_THE_PINEAL_GLAND	13		Rejected!	
HP_ABNORMAL_PINEAL_MORPHOLOGY	9		Rejected!	
HP_PINEAL_CYST	7		Rejected!	
HP_ABNORMAL_THALAMIC_SIZE	9		Rejected!	
HP_ABNORMAL_THALAMIC_MRI_SIGNAL_INTENSITY	22	17		
HP_SMALL_BASAL_GANGLIA	13		Rejected!	
HP_ABNORMAL_LARGE_INTESTINE_PHYSIOLOGY	52	32		
HP_ABNORMAL_SUBARACHNOID_SPACE_MORPHOLOGY	143	68		
HP_WIDENED_SUBARACHNOID_SPACE	106	54		
HP_ABNORMAL_METABOLIC_BRAIN_IMAGING_BY_MRS	47	20		
HP_REDUCED_BRAIN_N_ACETYL_ASPARTATE_LEVEL_BY_MRS	9		Rejected!	
HP_MILD_HEARING_IMPAIRMENT	37	18		
HP_SEVERE_HEARING_IMPAIRMENT	10		Rejected!	
HP_PROFOUND_HEARING_IMPAIRMENT	13		Rejected!	
HP_FUNCTIONAL_ABNORMALITY_OF_THE_GASTROINTESTINAL_TRACT	1037		Rejected!	
HP_VENOUS_MALFORMATION	10		Rejected!	
HP_HEART_BLOCK	109	45		
HP_UPPER_EYELID_EDEMA	5		Rejected!	
HP_CUTANEOUS_SYNDACTYLY	60	26		
HP_EPISODIC_HYPOKALEMIA	5		Rejected!	
HP_THORACIC_AORTIC_ANEURYSM	155	92		
HP_ECTOPIC_ANTERIOR_PITUITARY_GLAND	8		Rejected!	
HP_ANORECTAL_ANOMALY	317	207		
HP_MACULE	252	196		
HP_KETOTIC_HYPOGLYCEMIA	10		Rejected!	
HP_COUGH	142	63		
HP_PROFOUND_GLOBAL_DEVELOPMENTAL_DELAY	48	39		
HP_PAPILLOMA	49	35		
HP_UNILATERAL_CRYPTORCHIDISM	7		Rejected!	
HP_ABDOMINAL_OBESITY	25		Rejected!	
HP_SHORT_PALPEBRAL_FISSURE	98	69		
HP_ABNORMAL_BRAINSTEM_MRI_SIGNAL_INTENSITY	39	32		
HP_FOCAL_T2_HYPERINTENSE_BRAINSTEM_LESION	32	28		
HP_ABNORMAL_BASAL_GANGLIA_MRI_SIGNAL_INTENSITY	58	42		
HP_ABNORMAL_NEURON_MORPHOLOGY	79	61		
HP_CEREBRAL_WHITE_MATTER_ATROPHY	42	35		
HP_ORTHOPNEA	26		Rejected!	
HP_WIDENED_CEREBELLAR_SUBARACHNOID_SPACE	6		Rejected!	
HP_WIDENED_CEREBRAL_SUBARACHNOID_SPACE	16		Rejected!	
HP_ABNORMAL_PLACENTAL_SIZE	15		Rejected!	
HP_NEONATAL_ASPHYXIA	14		Rejected!	
HP_ABNORMAL_ARM_SPAN	11		Rejected!	
HP_INCREASED_ARM_SPAN	7		Rejected!	
HP_ABNORMAL_CILIARY_BODY_MORPHOLOGY	6		Rejected!	
HP_NEOPLASM_OF_THE_EAR	14		Rejected!	
HP_KINKED_BRAINSTEM	6		Rejected!	
HP_INCREASED_CUP_TO_DISC_RATIO	5		Rejected!	
HP_NARROW_JAW	12		Rejected!	
HP_BROAD_JAW	6		Rejected!	
HP_CORNEAL_ULCERATION	21		Rejected!	
HP_IRIS_TRANSILLUMINATION_DEFECT	7		Rejected!	
HP_ABNORMAL_NASAL_BASE	26	22		
HP_WIDE_NASAL_RIDGE	9		Rejected!	
HP_HYPOPLASTIC_FEMALE_EXTERNAL_GENITALIA	60	35		
HP_NONCOMPACTION_CARDIOMYOPATHY	13		Rejected!	
HP_RETINAL_VASCULAR_TORTUOSITY	58	27		
HP_SKIN_APPENDAGE_NEOPLASM	13		Rejected!	
HP_SMALL_INTESTINAL_DYSMOTILITY	5		Rejected!	
HP_ABNORMAL_SCROTAL_RUGATION	5		Rejected!	
HP_OVOTESTIS	6		Rejected!	
HP_ABNORMAL_GERM_CELL_MORPHOLOGY	36		Rejected!	
HP_ABNORMAL_SPERM_HEAD_MORPHOLOGY	18		Rejected!	
HP_ABNORMAL_SPERM_TAIL_MORPHOLOGY	22		Rejected!	
HP_ACEPHALIC_SPERMATOZOA	5		Rejected!	
HP_ABNORMAL_MALE_REPRODUCTIVE_SYSTEM_PHYSIOLOGY	300	130		
HP_ABNORMAL_LABIA_MINORA_MORPHOLOGY	36	19		
HP_ABNORMAL_LABIA_MAJORA_MORPHOLOGY	42	28		
HP_ABNORMALITY_OF_THE_UTERINE_CERVIX	10		Rejected!	
HP_ABNORMAL_MOTOR_EVOKED_POTENTIALS	6		Rejected!	
HP_HANDGRIP_MYOTONIA	6		Rejected!	
HP_EURYBLEPHARON	9		Rejected!	
HP_ESODEVIATION	159	89		
HP_ABNORMAL_MYELOID_CELL_MORPHOLOGY	5		Rejected!	
HP_EXODEVIATION	91	57		
HP_ABNORMAL_ERYTHROCYTE_PHYSIOLOGY	15		Rejected!	
HP_ABNORMAL_HEMOGLOBIN_CONCENTRATION	7		Rejected!	
HP_PERSISTENT_EBV_VIREMIA	8		Rejected!	
HP_HYPOPIGMENTED_MACULE	20	18		
HP_ERYTHROCYTE_INCLUSION_BODIES	10		Rejected!	
HP_HEINZ_BODIES	6		Rejected!	
HP_UNUSUAL_FUNGAL_INFECTION	65	46		
HP_BONE_FRACTURE	18		Rejected!	
HP_HYPOPLASTIC_DERMOEPIDERMAL_HEMIDESMOSOMES	7		Rejected!	
HP_ABNORMAL_URINE_PROTEIN_LEVEL	239	129		
HP_DISTAL_JOINT_LAXITY	9		Rejected!	
HP_ABNORMAL_HAPTOGLOBIN_LEVEL	6		Rejected!	
HP_ABNORMAL_SARCOMERE_MORPHOLOGY	11		Rejected!	
HP_ABNORMAL_Z_DISC_MORPHOLOGY	6		Rejected!	
HP_SIMPLE_EAR	8		Rejected!	
HP_REFLEX_SEIZURE	20		Rejected!	
HP_MOTOR_SEIZURE	362	221		
HP_CLONIC_SEIZURE	42	18		
HP_DECEREBRATE_RIGIDITY	5		Rejected!	
HP_ABNORMAL_VASCULAR_MORPHOLOGY	902		Rejected!	
HP_ARTERIAL_RUPTURE	8		Rejected!	
HP_ABNORMAL_ERYTHROCYTE_SEDIMENTATION_RATE	51	30		
HP_ABNORMALITY_OF_DIGESTIVE_SYSTEM_MORPHOLOGY	1039		Rejected!	
HP_ABNORMAL_BRAIN_LACTATE_LEVEL_BY_MRS	30		Rejected!	
HP_ABNORMAL_BRAIN_CHOLINE_LEVEL_BY_MRS	6		Rejected!	
HP_ABNORMAL_BRAIN_N_ACETYL_ASPARTATE_LEVEL_BY_MRS	11		Rejected!	
HP_ABNORMALITY_OF_OLFACTORY_LOBE_MORPHOLOGY	8		Rejected!	
HP_ABNORMAL_MEAN_CORPUSCULAR_VOLUME	50	40		
HP_DECREASED_MEAN_CORPUSCULAR_VOLUME	10		Rejected!	
HP_INCOMITANT_STRABISMUS	61	38		
HP_ABNORMAL_QRS_COMPLEX	7		Rejected!	
HP_ORTHOKERATOTIC_HYPERKERATOSIS	5		Rejected!	
HP_ABNORMAL_CUTANEOUS_ELASTIC_FIBER_MORPHOLOGY	6		Rejected!	
HP_FOLLICULITIS	7		Rejected!	
HP_BLOODY_DIARRHEA	36	21		
HP_EPIDERMAL_ACANTHOSIS	42	15		
HP_EYELID_MYOCLONUS	43	25		
HP_DYSGENESIS_OF_THE_HIPPOCAMPUS	15		Rejected!	
HP_CAPILLARY_MALFORMATION	62	38		
HP_SOUND_SENSITIVITY	37	23		
HP_HYPERGRANULOSIS	18		Rejected!	
HP_FETAL_DISTRESS	47	35		
HP_FINGER_SWELLING	6		Rejected!	
HP_ABNORMAL_CIRCULATING_ESTROGEN_LEVEL	48	27		
HP_CONSTITUTIONAL_SYMPTOM	1066		Rejected!	
HP_CHILLS	18		Rejected!	
HP_ABNORMALITY_OF_HEPATOBILIARY_SYSTEM_PHYSIOLOGY	210	147		
HP_HYPERAUTOFLUORESCENT_RETINAL_LESION	15		Rejected!	
HP_HYPOAUTOFLUORESCENT_RETINAL_LESION	5		Rejected!	
HP_ABNORMAL_TEMPER_TANTRUMS	17		Rejected!	
HP_LEFT_VENTRICULAR_SYSTOLIC_DYSFUNCTION	26	16		
HP_HONEYCOMB_LUNG	14		Rejected!	
HP_BILATERAL_TONIC_CLONIC_SEIZURE_WITH_GENERALIZED_ONSET	47	26		
HP_ABNORMAL_CIRCULATING_APOLIPOPROTEIN_CONCENTRATION	6		Rejected!	
HP_PARASOMNIA	11		Rejected!	
HP_SOMNAMBULISM	7		Rejected!	
HP_CONFUSIONAL_AROUSAL	9		Rejected!	
HP_CUTANEOUS_CYST	21		Rejected!	
HP_DERMOID_CYST	6		Rejected!	
HP_SNORING	6		Rejected!	
HP_STUTTERING	21		Rejected!	
HP_ABNORMAL_ESOPHAGUS_PHYSIOLOGY	755	460		
HP_ABNORMALITY_OF_SKIN_ADNEXA_PHYSIOLOGY	206	108		
HP_CERVICAL_LYMPHADENOPATHY	5		Rejected!	
HP_MALAR_RASH	13		Rejected!	
HP_OVARIAN_CARCINOMA	15		Rejected!	
HP_ABNORMAL_ARTERIAL_PHYSIOLOGY	153	75		
HP_UPGAZE_PALSY	11		Rejected!	
HP_DELAYED_ABILITY_TO_STAND	12		Rejected!	
HP_DELAYED_ABILITY_TO_SIT	34	22		
HP_RED_EYE	106	60		
HP_LUPUS_ANTICOAGULANT	5		Rejected!	
HP_AUTOSOMAL_DOMINANT_GERMLINE_DE_NOVO_MUTATION	6		Rejected!	
HP_ABNORMAL_CELLULAR_PHENOTYPE	559	413		
HP_PSYCHOMOTOR_RETARDATION	97	71		
HP_UVEAL_ECTROPION	6		Rejected!	
HP_INTERICTAL_EEG_ABNORMALITY	298	190		
HP_ANTI_THYROID_PEROXIDASE_ANTIBODY_POSITIVITY	5		Rejected!	
HP_PULMONARY_INTERSTITIAL_HIGH_RESOLUTION_COMPUTED_TOMOGRAPHY_ABNORMALITY	25		Rejected!	
HP_STARING_GAZE	18		Rejected!	
HP_STOOPED_POSTURE	6		Rejected!	
HP_ABNORMAL_VISUAL_FIXATION	22	16		
HP_VISUAL_FIXATION_INSTABILITY	8		Rejected!	
HP_ASTHENIA	6		Rejected!	
HP_DIFFUSE_ALVEOLAR_HEMORRHAGE	16		Rejected!	
HP_ABNORMAL_LARYNX_MORPHOLOGY	122	70		
HP_ABNORMAL_LARYNX_PHYSIOLOGY	49	33		
HP_ABNORMAL_BRONCHUS_MORPHOLOGY	158	80		
HP_ABNORMAL_BRONCHUS_PHYSIOLOGY	25		Rejected!	
HP_BRONCHOSPASM	12		Rejected!	
HP_ABNORMAL_CRY	50	25		
HP_INCREASED_CIRCULATING_LACTATE_DEHYDROGENASE_CONCENTRATION	44	29		
HP_PHARYNGITIS	16		Rejected!	
HP_TESTICULAR_ADRENAL_REST_TUMOR	6		Rejected!	
HP_PYODERMA_GANGRENOSUM	8		Rejected!	
HP_ABNORMAL_CSF_METABOLITE_LEVEL	125	89		
HP_ABNORMAL_CSF_PROTEIN_LEVEL	58	25		
HP_ABNORMAL_CELL_MORPHOLOGY	22		Rejected!	
HP_ABNORMAL_CIRCULATING_BETA_GLOBULIN_LEVEL	6		Rejected!	
HP_ERYTHEMATOUS_PLAQUE	9		Rejected!	
HP_ATRIAL_STANDSTILL	6		Rejected!	
HP_ABNORMAL_CIRCULATING_THYROGLOBULIN_LEVEL	10		Rejected!	
HP_ABNORMALITY_OF_BLADDER_MORPHOLOGY	73	32		
HP_OVERWEIGHT	36	15		
HP_MORNING_GLORY_ANOMALY	5		Rejected!	
HP_HYPOPLASTIC_HIPPOCAMPUS	9		Rejected!	
HP_ABNORMAL_B_CELL_SUBSET_DISTRIBUTION	16		Rejected!	
HP_ABNORMAL_T_CELL_SUBSET_DISTRIBUTION	57	44		
HP_ABNORMAL_MEAN_CORPUSCULAR_HEMOGLOBIN_CONCENTRATION	20		Rejected!	
HP_DECREASED_MEAN_CORPUSCULAR_HEMOGLOBIN_CONCENTRATION	6		Rejected!	
HP_INCREASED_MEAN_CORPUSCULAR_HEMOGLOBIN_CONCENTRATION	14		Rejected!	
HP_ECCENTRIC_VISUAL_FIXATION	7		Rejected!	
HP_OPTIC_NERVE_MISROUTING	5		Rejected!	
HP_ABNORMAL_MORPHOLOGY_OF_THE_CHOROIDAL_VASCULATURE	24		Rejected!	
HP_MACULAR_HEMORRHAGE	7		Rejected!	
HP_ABNORMAL_LEFT_ATRIUM_MORPHOLOGY	13		Rejected!	
HP_ABNORMAL_RIGHT_ATRIUM_MORPHOLOGY	16		Rejected!	
HP_POSTERIOR_BLEPHARITIS	5		Rejected!	
HP_FOCAL_EMOTIONAL_SEIZURE	42	25		
HP_ABSCESS	56	34		
HP_ABNORMAL_URETER_MORPHOLOGY	137	87		
HP_ABNORMAL_URETER_PHYSIOLOGY	195	124		
HP_BILATERAL_POLYMICROGYRIA	41	23		
HP_LAGOPTHALMOS	5		Rejected!	
HP_SINGLE_FIBER_EMG_ABNORMALITY	5		Rejected!	
HP_ABNORMAL_FEMALE_REPRODUCTIVE_SYSTEM_PHYSIOLOGY	316	170		
HP_FEMALE_SEXUAL_DYSFUNCTION	58	23		
HP_DYSPAREUNIA	36		Rejected!	
HP_INCREASED_FEMALE_LIBIDO	17		Rejected!	
HP_ENCHONDROMA	17	15		
HP_HIP_SUBLUXATION	17		Rejected!	
HP_FLEXION_CONTRACTURE_OF_DIGIT	309	177		
HP_ABNORMAL_LATERAL_VENTRICLE_MORPHOLOGY	107	77		
HP_COLPOCEPHALY	20	15		
HP_TIP_TOE_GAIT	13		Rejected!	
HP_INGUINAL_FRECKLING	5		Rejected!	
HP_STIFF_SKIN	7		Rejected!	
HP_UNCOMBABLE_HAIR	5		Rejected!	
HP_AUTOIMMUNE_ANTIBODY_POSITIVITY	72	37		
HP_PRIMITIVE_NEUROECTODERMAL_TUMOR	59	40		
HP_CENTRAL_PRIMITIVE_NEUROECTODERMAL_TUMOR	6		Rejected!	
HP_LUNG_ADENOCARCINOMA	17		Rejected!	
HP_BURKITT_LYMPHOMA	9		Rejected!	
HP_ABNORMAL_DRINKING_BEHAVIOR	45	15		
HP_CLINODACTYLY	540	354		
HP_INCREASED_SERUM_TESTOSTERONE_LEVEL	9		Rejected!	
HP_ABNORMAL_MUSCLE_FIBER_PROTEIN_EXPRESSION	26		Rejected!	
HP_ABNORMAL_MUSCLE_FIBER_ALPHA_DYSTROGLYCAN	10		Rejected!	
HP_ABNORMALITY_OF_THE_ENDOMETRIUM	24	17		
HP_PROLONGED_BLEEDING_FOLLOWING_CIRCUMCISION	9		Rejected!	
HP_ORAL_CAVITY_BLEEDING	20		Rejected!	
HP_ABNORMAL_BOWEL_SOUNDS	9		Rejected!	
HP_ABNORMAL_LIVER_PARENCHYMA_MORPHOLOGY	7		Rejected!	
HP_TRUNCAL_TITUBATION	6		Rejected!	
HP_CHOLANGITIS	15		Rejected!	
HP_CHOLANGIOCARCINOMA	7		Rejected!	
HP_FLANK_PAIN	6		Rejected!	
HP_ABNORMAL_VASCULAR_PHYSIOLOGY	283	142		
HP_NIGHT_SWEATS	11		Rejected!	
HP_PERIPHERAL_HYPERMYELINATION	5		Rejected!	
HP_ABNORMALITY_OF_CENTRAL_NERVOUS_SYSTEM_ELECTROPHYSIOLOGY	538	344		
HP_ABNORMAL_PERIPHERAL_ACTION_POTENTIAL_AMPLITUDE	18		Rejected!	
HP_TETRAPLEGIA_TETRAPARESIS	130	91		
HP_KINETIC_TREMOR	89	62		
HP_TITUBATION	26	17		
HP_TREMOR_BY_ANATOMICAL_SITE	75	42		
HP_FATIGABLE_WEAKNESS_OF_BULBAR_MUSCLES	56	33		
HP_FATIGABLE_WEAKNESS_OF_SWALLOWING_MUSCLES	39	27		
HP_FATIGABLE_WEAKNESS_OF_RESPIRATORY_MUSCLES	60	34		
HP_FATIGABLE_WEAKNESS_OF_SKELETAL_MUSCLES	36	16		
HP_FATIGABLE_WEAKNESS_OF_DISTAL_LIMB_MUSCLES	8		Rejected!	
HP_FATIGUABLE_WEAKNESS_OF_PROXIMAL_LIMB_MUSCLES	14		Rejected!	
HP_RESPONSE_TO_DRUGS_ACTING_ON_NEUROMUSCULAR_TRANSMISSION	7		Rejected!	
HP_SLOW_PUPILLARY_LIGHT_RESPONSE	9		Rejected!	
HP_COLLECTIONISM	11		Rejected!	
HP_INAPPROPRIATE_CRYING	18		Rejected!	
HP_VISUAL_AGNOSIA	9		Rejected!	
HP_PERSEVERATION	18	15		
HP_HIGHLY_ELEVATED_CREATINE_KINASE	6		Rejected!	
HP_ABNORMALITY_OF_MUSCLE_SIZE	664	415		
HP_HAND_MUSCLE_WEAKNESS	38	16		
HP_PORTAL_VEIN_THROMBOSIS	11		Rejected!	
HP_SPLANCHNIC_VEIN_THROMBOSIS	21		Rejected!	
HP_DEFECTIVE_T_CELL_PROLIFERATION	6		Rejected!	
HP_LARGE_INTESTINAL_POLYPOSIS	30	23		
HP_MICROPHALLUS	16		Rejected!	
HP_HYPERPLASTIC_CALLUS_FORMATION	8		Rejected!	
HP_ABNORMAL_ERYTHROCYTE_ENZYME_LEVEL	33	30		
HP_FLATTENED_FEMORAL_EPIPHYSIS	13		Rejected!	
HP_LOWER_LIMB_METAPHYSEAL_IRREGULARITY	10		Rejected!	
HP_UPPER_EXTREMITY_JOINT_DISLOCATION	82	52		
HP_LOWER_EXTREMITY_JOINT_DISLOCATION	288	179		
HP_ABNORMAL_PERIOSTEUM_MORPHOLOGY	5		Rejected!	
HP_ANGULAR_CHEILITIS	9		Rejected!	
HP_WEAKNESS_OF_FACIAL_MUSCULATURE	243	133		
HP_INCREASED_INTERVERTEBRAL_SPACE	5		Rejected!	
HP_RETINAL_THINNING	31		Rejected!	
HP_ABNORMAL_CIRCULATING_GONADOTROPIN_CONCENTRATION	91	41		
HP_DECREASED_CIRCULATING_GONADOTROPIN_CONCENTRATION	26		Rejected!	
HP_DECREASED_CIRCULATING_FOLLICLE_STIMULATING_HORMONE_CONCENTRATION	19		Rejected!	
HP_ABNORMAL_CIRCULATING_FOLLICLE_STIMULATING_HORMONE_CONCENTRATION	53	26		
HP_ABNORMAL_CIRCULATING_ANDROGEN_LEVEL	79	37		
HP_INCREASED_CIRCULATING_ANDROGEN_CONCENTRATION	12		Rejected!	
HP_DECREASED_CIRCULATING_ANDROGEN_CONCENTRATION	62	27		
HP_ERYTHEMATOUS_PAPULE	8		Rejected!	
HP_ABNORMAL_SERUM_INSULIN_LIKE_GROWTH_FACTOR_1_LEVEL	18		Rejected!	
HP_DECREASED_SERUM_INSULIN_LIKE_GROWTH_FACTOR_1	14		Rejected!	
HP_ABNORMAL_SERUM_INTERFERON_LEVEL	22	21		
HP_ABNORMAL_PROPORTION_OF_CLASS_SWITCHED_MEMORY_B_CELLS	11		Rejected!	
HP_SPOKEN_WORD_RECOGNITION_DEFICIT	10		Rejected!	
HP_CHOROID_PLEXUS_CARCINOMA	5		Rejected!	
HP_ABNORMAL_PLATELET_AGGREGATION	31	19		
HP_GLUCAGONOMA	6		Rejected!	
HP_PANCREATIC_ENDOCRINE_TUMOR	10		Rejected!	
HP_PRIMARY_PERITONEAL_CARCINOMA	14		Rejected!	
HP_NEUROMA	5		Rejected!	
HP_OSTEOCHONDROMA	6		Rejected!	
HP_PILOMATRIXOMA	6		Rejected!	
HP_PULMONARY_CARCINOID_TUMOR	9		Rejected!	
HP_SOFT_TISSUE_SARCOMA	117	74		
HP_ABNORMAL_VISUAL_ELECTROPHYSIOLOGY	236	133		
HP_ABNORMAL_FULL_FIELD_ELECTRORETINOGRAM	63	21		
HP_ABNORMAL_DARK_ADAPTED_ELECTRORETINOGRAM	21		Rejected!	
HP_REDUCED_AMPLITUDE_OF_DARK_ADAPTED_BRIGHT_FLASH_ELECTRORETINOGRAM_A_WAVE	16		Rejected!	
HP_CHORIOCAPILLARIS_ATROPHY	7		Rejected!	
HP_ABNORMALITY_OF_FOVEAL_PIGMENTATION	8		Rejected!	
HP_MACULAR_THICKENING	34		Rejected!	
HP_YELLOW_WHITE_LESIONS_OF_THE_MACULA	16		Rejected!	
HP_RETINOSCHISIS	5		Rejected!	
HP_YELLOW_WHITE_LESIONS_OF_THE_RETINA	50	16		
HP_MODERATELY_REDUCED_VISUAL_ACUITY	6		Rejected!	
HP_HETERONYMOUS_HEMIANOPIA	16	16		
HP_PARACENTRAL_SCOTOMA	6		Rejected!	
HP_VISUAL_ACUITY_TEST_ABNORMALITY	17		Rejected!	
HP_COLOR_VISION_TEST_ABNORMALITY	10		Rejected!	
HP_ABNORMAL_VISUAL_FIELD_TEST	15		Rejected!	
HP_ABNORMAL_POSTERIOR_SEGMENT_IMAGING	35	15		
HP_ABNORMAL_FUNDUS_AUTOFLUORESCENCE_IMAGING	21		Rejected!	
HP_ABNORMAL_OPTICAL_COHERENCE_TOMOGRAPHY	19		Rejected!	
HP_PHOTORECEPTOR_LAYER_LOSS_ON_MACULAR_OCT	5		Rejected!	
HP_ABNORMAL_FOVEAL_MORPHOLOGY_ON_MACULAR_OCT	5		Rejected!	
HP_PERIFOVEAL_RING_OF_HYPERAUTOFLUORESCENCE	9		Rejected!	
HP_HYPERAUTOFLUORESCENT_MACULAR_LESION	12		Rejected!	
HP_RETINAL_NEOVASCULARIZATION	10		Rejected!	
HP_ANTENATAL_ONSET	34	23		
HP_ABNORMAL_MORPHOLOGY_OF_MYOCARDIAL_TRABECULAE	18		Rejected!	
HP_BRAIN_NEOPLASM	11		Rejected!	
HP_VEIN_OF_GALEN_ANEURYSMAL_MALFORMATION	5		Rejected!	
HP_CENTRAL_NERVOUS_SYSTEM_CYST	178	123		
HP_CARCINOMA	11		Rejected!	
HP_SACROCOCCYGEAL_TERATOMA	5		Rejected!	
HP_INTRAVENTRICULAR_HEMORRHAGE	6		Rejected!	
HP_TOOTH_ABSCESS	7		Rejected!	
HP_RENAL_FIBROSIS	16		Rejected!	
HP_EAR_PAIN	15		Rejected!	
HP_ABNORMALITY_OF_THE_PROTEIN_C_ANTICOAGULANT_PATHWAY	10		Rejected!	
HP_ABNORMAL_SERUM_INTERLEUKIN_LEVEL	27	18		
HP_INCREASED_CIRCULATING_INTERLEUKIN_6	7		Rejected!	
HP_ANOMIC_APHASIA	8		Rejected!	
HP_PHOTOPSIA	10		Rejected!	
HP_ABNORMAL_JAW_MORPHOLOGY	1022		Rejected!	
HP_ABNORMAL_C_PEPTIDE_LEVEL	25		Rejected!	
HP_REDUCED_C_PEPTIDE_LEVEL	6		Rejected!	
HP_INCREASED_C_PEPTIDE_LEVEL	12		Rejected!	
HP_SCAPHOCEPHALY	29	19		
HP_ABNORMAL_TONGUE_MORPHOLOGY	311	190		
HP_ABNORMAL_TONGUE_PHYSIOLOGY	45	28		
HP_ENLARGED_TONSILS	5		Rejected!	
HP_GINGIVAL_RECESSION	5		Rejected!	
HP_ABSENT_FOVEAL_REFLEX	14		Rejected!	
HP_WHEEZING	59		Rejected!	
HP_ABNORMAL_BREATH_SOUND	110	35		
HP_CRACKLES	23		Rejected!	
HP_SHOULDER_PAIN	8		Rejected!	
HP_HIP_PAIN	9		Rejected!	
HP_KNEE_PAIN	12		Rejected!	
HP_CHOKING_EPISODES	16		Rejected!	
HP_ABNORMALITY_OF_VENOUS_PHYSIOLOGY	8		Rejected!	
HP_HETEROTAXY	23		Rejected!	
HP_SCLERAL_STAPHYLOMA	8		Rejected!	
HP_ADDICTIVE_BEHAVIOR	24	18		
HP_ABNORMAL_CARDIAC_VENTRICULAR_FUNCTION	111	48		
HP_ABNORMALITY_OF_PULMONARY_CIRCULATION	173	85		
HP_REDUCED_FEV1_FVC_RATIO	7		Rejected!	
HP_ABNORMALITY_ON_PULMONARY_FUNCTION_TESTING	137	68		
HP_INTERLOBULAR_SEPTAL_THICKENING	5		Rejected!	
HP_RAYNAUD_PHENOMENON	23	15		
HP_CORONARY_ARTERY_ANEURYSM	7		Rejected!	
HP_HYPERINTENSITY_OF_CEREBRAL_WHITE_MATTER_ON_MRI	50	36		
HP_PERIVENTRICULAR_WHITE_MATTER_HYPERINTENSITIES	14		Rejected!	
HP_ABNORMAL_GASTROINTESTINAL_MOTILITY	87	44		
HP_PRURITIS_ON_HAND	5		Rejected!	
HP_ABNORMAL_PERISTALSIS	23		Rejected!	
HP_LOW_APGAR_SCORE	9		Rejected!	
HP_ELEVATED_GAMMA_GLUTAMYLTRANSFERASE_LEVEL	11		Rejected!	
HP_GLOMERULAR_DEPOSITS	15		Rejected!	
HP_PULMONARY_VENOUS_HYPERTENSION	9		Rejected!	
HP_ABNORMALITY_OF_CARDIOVASCULAR_SYSTEM_ELECTROPHYSIOLOGY	492	259		
HP_ABNORMAL_MORPHOLOGY_OF_THE_GREAT_VESSELS	668	415		
HP_ABNORMAL_SYSTEMIC_BLOOD_PRESSURE	466	250		
HP_POSTEXERTIONAL_MALAISE	13		Rejected!	
HP_CRYPTOZOOSPERMIA	5		Rejected!	
HP_SCLEROSING_CHOLANGITIS	7		Rejected!	
HP_ACROPARESTHESIA	7		Rejected!	
HP_LINGUAL_DYSTONIA	5		Rejected!	
HP_ANKYLOSIS	20		Rejected!	
HP_ARTERIA_LUSORIA	6		Rejected!	
HP_BONE_MARROW_HYPERCELLULARITY	29	23		
HP_CHRONIC_INFECTION	23	19		
HP_ACRAL_BLISTERING	7		Rejected!	
HP_PARAPROTEINEMIA	5		Rejected!	
HP_IMPAIRMENT_OF_ACTIVITIES_OF_DAILY_LIVING	199	113		
HP_ABNORMAL_OVARIAN_MORPHOLOGY	162	91		
HP_ABNORMAL_OVARIAN_PHYSIOLOGY	88	53		
HP_ABNORMAL_ENDOCRINE_PHYSIOLOGY	24		Rejected!	
HP_ABNORMAL_RESPONSE_TO_ENDOCRINE_STIMULATION_TEST	12		Rejected!	
HP_ABNORMAL_RESPONSE_TO_ACTH_STIMULATION_TEST	5		Rejected!	
HP_ABNORMAL_RESPONSE_TO_INSULIN_TOLERANCE_TEST	8		Rejected!	
HP_DECREASED_PREALBUMIN_LEVEL	5		Rejected!	
HP_ABNORMAL_HUMERUS_MORPHOLOGY	10		Rejected!	
HP_ABNORMAL_THYROID_STIMULATING_HORMONE_LEVEL	31		Rejected!	
HP_DECREASED_THYROID_STIMULATING_HORMONE_LEVEL	8		Rejected!	
HP_ABNORMAL_CIRCULATING_INHIBIN_LEVEL	6		Rejected!	
HP_ABNORMAL_UTERUS_MORPHOLOGY	133	86		
HP_TRICEPS_WEAKNESS	18		Rejected!	
HP_RECURRENT_GASTROENTERITIS	13		Rejected!	
HP_THINNING_OF_DESCEMET_MEMBRANE	6		Rejected!	
HP_IMPAIRED_OROPHARYNGEAL_SWALLOW_RESPONSE	11		Rejected!	
HP_MULTIFOCAL_SEIZURES	11		Rejected!	
HP_POSTTERM_PREGNANCY	5		Rejected!	
HP_NUCHAL_RIGIDITY	10		Rejected!	
HP_ABNORMAL_CIRCULATING_PROGESTERONE_LEVEL	10		Rejected!	
HP_INAPPROPRIATE_ANTIDIURETIC_HORMONE_SECRETION	8		Rejected!	
HP_ABNORMAL_RADIOACTIVE_IODINE_UPTAKE_TEST_RESULT	14		Rejected!	
HP_INTERNALLY_NUCLEATED_SKELETAL_MUSCLE_FIBERS	7		Rejected!	
HP_SWOLLEN_LIP	5		Rejected!	
HP_PRODUCTIVE_COUGH	64	21		
HP_ABNORMAL_SUBCLAVIAN_ARTERY_MORPHOLOGY	8		Rejected!	
HP_DELIRIUM	9		Rejected!	
HP_ABNORMAL_BOWMAN_CAPSULE_MORPHOLOGY	6		Rejected!	
HP_SHOCK	10		Rejected!	
HP_HYPOVOLEMIC_SHOCK	5		Rejected!	
HP_FLUSHING	40	31		
HP_ABNORMAL_PERIFOLLICULAR_MORPHOLOGY	6		Rejected!	
HP_CUTANEOUS_ABSCESS	20		Rejected!	
HP_LEFT_ATRIAL_ENLARGEMENT	11		Rejected!	
HP_INTERSTITIAL_CARDIAC_FIBROSIS	6		Rejected!	
HP_ABNORMAL_CARDIOMYOCYTE_MORPHOLOGY	7		Rejected!	
HP_VEGETATIVE_STATE	7		Rejected!	
HP_ECCHYMOSIS	47	29		
HP_MACULAR_PURPURA	69	44		
HP_METAPHYSEAL_STRIATIONS	10		Rejected!	
HP_INTESTINAL_PERFORATION	5		Rejected!	
HP_ANKLE_WEAKNESS	16		Rejected!	
HP_ABNORMAL_CELL_PROLIFERATION	30	23		
HP_ABNORMAL_T_CELL_PROLIFERATION	11		Rejected!	
HP_DECREASED_LYMPHOCYTE_PROLIFERATION_IN_RESPONSE_TO_MITOGEN	23	19		
HP_DECREASED_LYMPHOCYTE_PROLIFERATION_IN_RESPONSE_TO_ANTI_CD3	5		Rejected!	
HP_ABNORMAL_PROPORTION_OF_CD4_POSITIVE_T_CELLS	36	29		
HP_ABNORMAL_PROPORTION_OF_CD8_POSITIVE_T_CELLS	17		Rejected!	
HP_ABNORMAL_CD4_CD8_RATIO	14		Rejected!	
HP_ABNORMAL_PROPORTION_OF_DOUBLE_NEGATIVE_ALPHA_BETA_REGULATORY_T_CELL	6		Rejected!	
HP_REDUCED_ANTIGEN_SPECIFIC_T_CELL_PROLIFERATION	6		Rejected!	
HP_IMPAIRED_ANTIGEN_SPECIFIC_RESPONSE	37	26		
HP_INCREASED_PROPORTION_OF_CD25_MAST_CELLS	6		Rejected!	
HP_ABNORMAL_CHROMOSOME_MORPHOLOGY	5		Rejected!	
HP_ABNORMAL_NASAL_MUCUS_SECRETION	8		Rejected!	
HP_INCREASED_BODY_MASS_INDEX	5		Rejected!	
HP_ABNORMAL_CIRCULATING_OSTEOCALCIN_LEVEL	5		Rejected!	
HP_ABNORMAL_SPEECH_PROSODY	24		Rejected!	
HP_MONOTONIC_SPEECH	9		Rejected!	
HP_PREGNANCY_EXPOSURE	8		Rejected!	
HP_EROSION_OF_ORAL_MUCOSA	8		Rejected!	
HP_SOFT_TISSUE_NEOPLASM	7		Rejected!	
HP_IMPAIRMENT_IN_PERSONALITY_FUNCTIONING	698	445		
HP_LOW_SELF_ESTEEM	11		Rejected!	
HP_STATUS_EPILEPTICUS_WITHOUT_PROMINENT_MOTOR_SYMPTOMS	21		Rejected!	
HP_ABNORMAL_MITRAL_VALVE_PHYSIOLOGY	153	86		
HP_ABNORMAL_CIRCULATING_T4_LEVEL	19		Rejected!	
HP_ABNORMAL_THYROID_HORMONE_LEVEL	26		Rejected!	
HP_SUBRETINAL_FLUID	10		Rejected!	
HP_SUBRETINAL_DEPOSITS	5		Rejected!	
HP_INCREASED_THETA_FREQUENCY_ACTIVITY_IN_EEG	11		Rejected!	
HP_ABNORMAL_DERMOEPIDERMAL_JUNCTION_MORPHOLOGY	10		Rejected!	
HP_CARDIAC_CONDUCTION_ABNORMALITY	144	57		
HP_ABNORMAL_QT_INTERVAL	57	26		
HP_ABNORMAL_AORTIC_VALVE_CUSP_MORPHOLOGY	108	62		
HP_SUICIDAL_IDEATION	14		Rejected!	
HP_ABNORMAL_PR_INTERVAL	16		Rejected!	
HP_ABNORMALITY_OF_FUNDUS_PIGMENTATION	45		Rejected!	
HP_GEOGRAPHIC_ATROPHY	6		Rejected!	
HP_IMPAIRED_TANDEM_GAIT	52	38		
HP_ABNORMAL_ATRIOVENTRICULAR_VALVE_PHYSIOLOGY	179	106		
HP_ABNORMAL_TRICUSPID_VALVE_PHYSIOLOGY	59	33		
HP_ABNORMAL_AORTIC_VALVE_PHYSIOLOGY	158	91		
HP_ABNORMAL_HEART_VALVE_PHYSIOLOGY	332	204		
HP_ABNORMAL_PULMONARY_VALVE_PHYSIOLOGY	147	94		
HP_ABNORMAL_HEART_SOUND	37	18		
HP_SYSTOLIC_HEART_MURMUR	10		Rejected!	
HP_ABNORMAL_STOOL_COMPOSITION	7		Rejected!	
HP_OPPORTUNISTIC_INFECTION	18		Rejected!	
HP_SEVERE_VIRAL_INFECTION	18		Rejected!	
HP_SEVERE_CYTOMEGALOVIRUS_INFECTION	5		Rejected!	
HP_COMPENSATORY_HEAD_POSTURE	17		Rejected!	
HP_RECURRENT	5		Rejected!	
HP_ABNORMAL_BASOPHIL_COUNT	5		Rejected!	
HP_ABNORMAL_ORAL_PHYSIOLOGY	243	132		
HP_DECREASED_CIRCULATING_PARATHYROID_HORMONE_LEVEL	6		Rejected!	
HP_ABNORMAL_WAIST_TO_HIP_RATIO	37		Rejected!	
HP_ABNORMAL_REFLEX	1146		Rejected!	
HP_LYMPHANGIECTASIS	8		Rejected!	
HP_ABNORMAL_LIBIDO	28		Rejected!	
HP_ISOMERISM	5		Rejected!	
HP_INEFFECTIVE_ESOPHAGEAL_PERISTALSIS	16		Rejected!	
HP_ABNORMAL_HEART_RATE_VARIABILITY	21		Rejected!	
HP_BLOODSTREAM_INFECTIOUS_AGENT	11		Rejected!	
HP_ABNORMAL_LIVER_PHYSIOLOGY	17		Rejected!	
HP_RECURRENT_JOINT_DISLOCATION	7		Rejected!	
HP_ACROMICRIA	14		Rejected!	
HP_ABNORMAL_EYELID_PHYSIOLOGY	37	20		
HP_AGYRIA	15		Rejected!	
HP_ABNORMAL_LDL_CHOLESTEROL_CONCENTRATION	41	23		
HP_ABNORMAL_HDL_CHOLESTEROL_CONCENTRATION	20		Rejected!	
HP_ELEVATED_TOTAL_SERUM_TRYPTASE	6		Rejected!	
HP_MICROGRAPHIA	15		Rejected!	
HP_ABNORMAL_CRANIAL_NERVE_PHYSIOLOGY	311	187		
HP_OCULAR_FLUTTER	6		Rejected!	
HP_DELAYED_ABILITY_TO_WALK	188	135		
HP_ABNORMAL_CONUS_TERMINALIS_MORPHOLOGY	20	15		
HP_USUAL_INTERSTITIAL_PNEUMONIA	6		Rejected!	
HP_NOCTURNAL_SEIZURES	16		Rejected!	
HP_ELEVATED_CIRCULATING_ASPARTATE_AMINOTRANSFERASE_CONCENTRATION	21	17		
HP_SPASTIC_PARAPARETIC_GAIT	9		Rejected!	
HP_ARM_DYSTONIA	8		Rejected!	
HP_ELEVATED_CIRCULATING_ALANINE_AMINOTRANSFERASE_CONCENTRATION	20	15		
HP_ABNORMAL_URINE_CARBOHYDRATE_LEVEL	34	25		
HP_ABNORMAL_URINE_CARBOXYLIC_ACID_LEVEL	48	34		
HP_ABNORMAL_PULMONARY_THORACIC_IMAGING_FINDING	134	58		
HP_DIMINISHED_ABILITY_TO_CONCENTRATE	9		Rejected!	
HP_HETEROPHORIA	7		Rejected!	
HP_HETEROTROPIA	214	125		
HP_ABNORMAL_SPUTUM	112	32		
HP_DECREASED_VIGILANCE	10		Rejected!	
HP_FOCAL_CORTICAL_DYSPLASIA	11		Rejected!	
HP_FOCAL_CORTICAL_DYSPLASIA_TYPE_II	5		Rejected!	
HP_HYPEREOSINOPHILIA	5		Rejected!	
HP_GASTROINTESTINAL_EOSINOPHILIA	7		Rejected!	
HP_LEFT_VENTRICULAR_OUTFLOW_TRACT_OBSTRUCTION	5		Rejected!	
HP_UNUSUAL_INFECTION	899		Rejected!	
HP_SACCADIC_OSCILLATION	14		Rejected!	
HP_CONJUNCTIVAL_ICTERUS	5		Rejected!	
HP_LIMBAL_STEM_CELL_DEFICIENCY	6		Rejected!	
HP_ABNORMAL_PERIPHERAL_NERVOUS_SYSTEM_PHYSIOLOGY	141	87		
HP_DECREASED_CIRCULATING_TOTAL_IGG	9		Rejected!	
HP_DECREASED_CIRCULATING_IGG_SUBCLASS_LEVEL	7		Rejected!	
HP_DECREASED_SPECIFIC_ANTIBODY_RESPONSE_TO_VACCINATION	19		Rejected!	
HP_EPISODIC_PAIN	37	29		
HP_KERATOSIS_PILARIS	26		Rejected!	
HP_JOINT_SUBLUXATION	23		Rejected!	
HP_APHTHOUS_ULCER	38	15		
HP_UNUSUAL_INFECTION_BY_ANATOMICAL_SITE	103	62		
HP_UNUSUAL_SKIN_INFECTION	6		Rejected!	
HP_MOLLUSCUM_CONTAGIOSUM	5		Rejected!	
HP_SEVERE_INFECTION	36	27		
HP_SEVERE_VARICELLA_ZOSTER_INFECTION	10		Rejected!	
HP_ABNORMAL_CIRCULATING_GLOBULIN_LEVEL	8		Rejected!	
HP_ABNORMAL_CIRCULATING_METABOLITE_CONCENTRATION	1183		Rejected!	
HP_ABNORMAL_CEREBROSPINAL_FLUID_METABOLITE_CONCENTRATION	15		Rejected!	
HP_HYPOCHROMIA	9		Rejected!	
HP_ABNORMAL_TISSUE_METABOLITE_CONCENTRATION	35	30		
HP_ABNORMAL_METABOLISM	140	95		
HP_ABNORMAL_IMMUNE_SYSTEM_MORPHOLOGY	574	412		
HP_INCREASED_BLOOD_PRESSURE	394	217		
HP_ABNORMAL_GRANULOCYTE_COUNT	228	181		
HP_REDUCED_FORCED_VITAL_CAPACITY	23		Rejected!	
HP_REDUCED_FORCED_EXPIRATORY_VOLUME_IN_ONE_SECOND	9		Rejected!	
HP_ABNORMAL_GROWTH_HORMONE_LEVEL	132	74		
HP_ACIDEMIA	22	19		
HP_PERIVENTRICULAR_NODULAR_HETEROTOPIA	14		Rejected!	
HP_SUBCORTICAL_HETEROTOPIA	13		Rejected!	
HP_SUBCORTICAL_BAND_HETEROTOPIA	9		Rejected!	
HP_ABNORMAL_C_REACTIVE_PROTEIN_LEVEL	48	18		
HP_PULMONARY_CYST	21		Rejected!	
HP_ABNORMAL_PULSE	5		Rejected!	
HP_COILED_SPERM_FLAGELLA	19		Rejected!	
HP_TAPERED_SPERM_HEAD	7		Rejected!	
HP_ABNORMAL_RENAL_INSTERSTITIAL_MORPHOLOGY	63	38		
HP_HAND_APRAXIA	7		Rejected!	
HP_SKEWFOOT	6		Rejected!	
HP_ELEVATED_LACTATE_PYRUVATE_RATIO	5		Rejected!	
HP_STATUS_EPILEPTICUS_WITH_PROMINENT_MOTOR_SYMPTOMS	16		Rejected!	
HP_FOCAL_MOTOR_STATUS_EPILEPTICUS	12		Rejected!	
HP_NON_CONVULSIVE_STATUS_EPILEPTICUS_WITHOUT_COMA	16		Rejected!	
HP_GENERALIZED_ONSET_MOTOR_SEIZURE	208	111		
HP_FOCAL_NON_MOTOR_SEIZURE	65	34		
HP_TONIC_SEIZURE	100	51		
HP_MYOCLONIC_SEIZURE	202	111		
HP_INFECTION_RELATED_SEIZURE	105	56		
HP_ABNORMAL_URINE_PH	95	67		
HP_ABNORMAL_BRONCHOALVEOLAR_LAVAGE_FLUID_MORPHOLOGY	14		Rejected!	
HP_ABNORMAL_CELLULAR_COMPOSITION_OF_BRONCHOALVEOLAR_FLUID	8		Rejected!	
HP_ELEVATED_BRONCHOALVEOLAR_LAVAGE_FLUID_NEUTROPHIL_PROPORTION	5		Rejected!	
HP_PERSISTENT_HEAD_LAG	9		Rejected!	
HP_DELAYED_ABILITY_TO_ROLL_OVER	7		Rejected!	
HP_INCREASED_FECAL_PORPHYRIN	5		Rejected!	
HP_MALE_REPRODUCTIVE_SYSTEM_NEOPLASM	62	39		
HP_FEMALE_REPRODUCTIVE_SYSTEM_NEOPLASM	66	45		
HP_DECREASED_NASAL_NITRIC_OXIDE	6		Rejected!	
HP_MOTOR_REGRESSION	6		Rejected!	
HP_PSYCHOGENIC_NON_EPILEPTIC_SEIZURE	88	62		
HP_DECREASED_SERUM_TERMINAL_COMPLEMENT_COMPONENT	6		Rejected!	
HP_ABNORMAL_FACTOR_IX_ACTIVITY	5		Rejected!	
HP_ABNORMAL_MACROSCOPIC_URINE_APPEARANCE	49	31		
HP_APLASIA_HYPOPLASIA_OF_THE_THYROID_GLAND	23		Rejected!	
HP_INCREASED_SULFUR_AMINO_ACID_LEVEL_IN_URINE	16		Rejected!	
HP_INCREASED_ASPARTATE_FAMILY_AMINO_ACID_LEVEL_IN_URINE	6		Rejected!	
HP_INCREASED_URINE_PROTEINOGENIC_AMINO_ACID_DERIVATIVE_LEVEL	6		Rejected!	
HP_INCREASED_URINARY_NON_PROTEINOGENIC_AMINO_ACID_LEVEL	20		Rejected!	
HP_INCREASED_SERINE_FAMILY_AMINO_ACID_IN_URINE	15		Rejected!	
HP_INCREASED_PROTEINOGENIC_AMINO_ACID_LEVEL_IN_URINE	39	23		
HP_ABNORMAL_CIRCULATING_PROTEINOGENIC_AMINO_ACID_CONCENTRATION	80	55		
HP_ABNORMAL_CIRCULATING_PROTEINOGENIC_AMINO_ACID_DERIVATIVE_CONCENTRATION	58	36		
HP_ABNORMAL_CIRCULATING_NON_PROTEINOGENIC_AMINO_ACID_CONCENTRATION	27		Rejected!	
HP_ABNORMAL_RIGHT_VENTRICULAR_FUNCTION	20		Rejected!	
HP_ABNORMAL_SHOULDER_PHYSIOLOGY	14		Rejected!	
HP_ABNORMAL_RENAL_ECHOGENICITY	18		Rejected!	
HP_ABNORMAL_CIRCULATING_CERULOPLASMIN_CONCENTRATION	7		Rejected!	
HP_ABNORMAL_PHARYNX_MORPHOLOGY	178	111		
HP_DECREASED_CD4_CD8_RATIO	6		Rejected!	
HP_ABNORMAL_GLOMERULAR_MESANGIAL_CELLULARITY	6		Rejected!	
HP_NON_MOTOR_SEIZURE	191	101		
HP_ABNORMAL_GLOMERULAR_BASEMENT_MEMBRANE_MORPHOLOGY	10		Rejected!	
HP_ELEVATED_URINARY_MONOCARBOXYLIC_ACID_LEVEL	5		Rejected!	
HP_ACUTE_PHASE_RESPONSE	148	83		
HP_NEURALGIA	16		Rejected!	
HP_PSYCHIC_EPILEPTIC_AURA	10		Rejected!	
HP_EPILEPTIC_AURA	21		Rejected!	
HP_ABNORMAL_URINE_METABOLITE_LEVEL	502	299		
HP_ABNORMAL_URINE_OSMOLALITY	6		Rejected!	
HP_TISSUE_ISCHEMIA	124	56		
HP_NEUROINFLAMMATION	18		Rejected!	
HP_TUBE_FEEDING	246	160		
HP_ELEVATED_URINARY_DICARBOXYLIC_ACID_LEVEL	6		Rejected!	
HP_ABNORMAL_CIRCULATING_BILIRUBIN_CONCENTRATION	97	50		
HP_ACUTE_CORONARY_SYNDROME	83	44		
HP_ABNORMAL_MUSCLE_FIBER_TYPE_DISTRIBUTION	52	23		
HP_SHORT_TERM_MEMORY_IMPAIRMENT	5		Rejected!	
HP_PULMONARY_INTERSTITIAL_THICKENING	6		Rejected!	
HP_EEG_WITH_FRONTAL_EPILEPTIFORM_DISCHARGES	6		Rejected!	
HP_EEG_WITH_CENTROTEMPORAL_EPILEPTIFORM_DISCHARGES	5		Rejected!	
HP_LUPUS_NEPHRITIS	6		Rejected!	
HP_ABNORMAL_EXTEROCEPTIVE_SENSATION	210	112		
HP_DEATH_IN_ADULTHOOD	46	32		
HP_SUPERNUMERARY_CUSP	5		Rejected!	
HP_ABNORMAL_LEUKOCYTE_PHYSIOLOGY	274	187		
HP_ABNORMAL_CIRCULATING_SEX_HORMONE_CONCENTRATION	95	50		
HP_BLISTERING_BY_ANATOMICAL_LOCATION	22		Rejected!	
HP_BLISTERING_BY_HISTOLOGICAL_LOCATION	9		Rejected!	
HP_ABNORMAL_RENAL_VASCULAR_MORPHOLOGY	25		Rejected!	
HP_VIRAL_ENCEPHALITIS	10		Rejected!	
HP_ABNORMAL_CIRCULATING_GABA_CONCENTRATION	6		Rejected!	
HP_PERIPHERAL_CYANOSIS	21		Rejected!	
HP_MORTALITY_AGING	295	210		
HP_CHROMOSOME_BREAKAGE	29	29		
HP_PROMINENT_COCCYX	6		Rejected!	
HP_FINGER_CLINODACTYLY	357	240		
HP_CLINODACTYLY_OF_THE_2ND_FINGER	5		Rejected!	
HP_CLINODACTYLY_OF_THE_3RD_FINGER	6		Rejected!	
HP_CLINODACTYLY_OF_THE_4TH_FINGER	5		Rejected!	
HP_CHORIORETINAL_HYPOPIGMENTATION	9		Rejected!	
HP_ONYCHOGRYPOSIS_OF_FINGERNAIL	9		Rejected!	
HP_ABNORMAL_HEMIDIAPHRAGM_MORPHOLOGY	5		Rejected!	
HP_DECREASED_ADIPOSE_TISSUE	44	30		
HP_ABNORMAL_LOWER_LIMB_BONE_MORPHOLOGY	718	450		
HP_ABNORMAL_UPPER_LIMB_BONE_MORPHOLOGY	467	282		
HP_ABNORMAL_FOREARM_BONE_MORPHOLOGY	94	57		
HP_HYPOPITUITARISM	168	84		
HP_AXONAL_DEGENERATION	21		Rejected!	
HP_IRREGULAR_DENTITION	6		Rejected!	
HP_ANTEVERTED_EARS	10		Rejected!	
HP_HAPPY_DEMEANOR	17		Rejected!	
HP_TOE_WALKING	58	37		
HP_ABNORMAL_CIRCULATING_RENIN	25		Rejected!	
HP_ABNORMAL_CIRCULATING_ALDOSTERONE	8		Rejected!	
HP_ABNORMAL_PROLACTIN_LEVEL	26		Rejected!	
HP_ABNORMAL_BLOOD_FOLATE_CONCENTRATION	5		Rejected!	
HP_NEOPLASM_OF_THE_INNER_EAR	5		Rejected!	
HP_BILATERAL_EXTERNAL_EAR_DEFORMITY	6		Rejected!	
HP_ABNORMALITY_OF_THE_EUSTACHIAN_TUBE	5		Rejected!	
HP_ABNORMAL_VITAMIN_B12_LEVEL	24	16		
HP_ABNORMAL_SWEAT_HOMEOSTASIS	6		Rejected!	
HP_ABNORMAL_NERVE_CONDUCTION_VELOCITY	104	69		
HP_ABNORMAL_SERUM_IRON_CONCENTRATION	17		Rejected!	
HP_ABNORMAL_MOTOR_NERVE_CONDUCTION_VELOCITY	55	35		
HP_ABNORMAL_SENSORY_NERVE_CONDUCTION_VELOCITY	21		Rejected!	
HP_ABNORMAL_CIRCULATING_FERRITIN_CONCENTRATION	36	20		
HP_ABNORMAL_HEPATIC_IRON_CONCENTRATION	6		Rejected!	
HP_ABNORMAL_TRANSFERRIN_SATURATION	9		Rejected!	
HP_DEGENERATION_OF_THE_STRIATUM	11		Rejected!	
HP_CORTICAL_MYOCLONUS	5		Rejected!	
HP_ACNE_INVERSA	10		Rejected!	
HP_ELEVATED_URINARY_CARBOXYLIC_ACID	17		Rejected!	
HP_GENERALIZED_OSTEOPOROSIS	16		Rejected!	
HP_LOCALIZED_OSTEOPOROSIS	19		Rejected!	
HP_ORTHOKERATOSIS	12		Rejected!	
HP_ABNORMAL_PELVIS_BONE_MORPHOLOGY	21	16		
HP_ABNORMALITY_OF_THE_PERIOSTEUM	6		Rejected!	
HP_ABNORMALITY_OF_HAIR_GROWTH	28		Rejected!	
HP_ABNORMALITY_OF_THE_TONGUE_MUSCLE	6		Rejected!	
HP_MACROTHROMBOCYTOPENIA	8		Rejected!	
HP_OSTEOCHONDROSIS	9		Rejected!	
HP_SCALING_SKIN	31	18		
HP_INCREASED_HEAD_CIRCUMFERENCE	464	303		
HP_DECREASED_HEAD_CIRCUMFERENCE	1245		Rejected!	
HP_MILD_MICROCEPHALY	15		Rejected!	
HP_ENCEPHALOMALACIA	10		Rejected!	
HP_NON_MEDULLARY_THYROID_CARCINOMA	8		Rejected!	
HP_ABNORMAL_CONSUMPTION_BEHAVIOR	141	69		
HP_ABNORMAL_SKIN_MORPHOLOGY_OF_THE_PALM	379	230		
HP_ABNORMAL_INSULIN_LEVEL	151	70		
HP_HYPOINSULINEMIA	20		Rejected!	
HP_ELEVATED_HEMOGLOBIN_A1C	16		Rejected!	
HP_REDUCED_NATURAL_KILLER_CELL_COUNT	13		Rejected!	
HP_ABNORMAL_SIZE_OF_THE_DENTAL_ROOT	14		Rejected!	
HP_PULMONARY_HEMORRHAGE	29	21		
HP_ABNORMAL_SIZE_OF_THE_CLITORIS	70	50		
HP_IMPAIRED_GLUCOSE_TOLERANCE	30		Rejected!	
HP_ADENOCARCINOMA_OF_THE_INTESTINES	39	33		
HP_ADENOCARCINOMA_OF_THE_SMALL_INTESTINE	9		Rejected!	
HP_ADENOCARCINOMA_OF_THE_COLON	31	26		
HP_NEOPLASM_OF_THE_PITUITARY_GLAND	49	43		
HP_NASOGASTRIC_TUBE_FEEDING	83	55		
HP_ABNORMAL_CIRCULATING_FREE_FATTY_ACID_CONCENTRATION	7		Rejected!	
HP_DECREASED_SERUM_IRON	7		Rejected!	
HP_MALE_SEXUAL_DYSFUNCTION	81	38		
HP_OLIGOARTHRITIS	11		Rejected!	
HP_BLIND_VAGINA	5		Rejected!	
HP_DARK_URINE	6		Rejected!	
HP_HYPOPLASIA_OF_THE_OLFACTORY_BULB	5		Rejected!	
HP_ABNORMAL_MORPHOLOGY_OF_THE_OLFACTORY_BULB	22		Rejected!	
HP_ABNORMAL_SUBSTANTIA_NIGRA_MORPHOLOGY	22		Rejected!	
HP_ABNORMAL_MORPHOLOGY_OF_THE_RADIUS	60	34		
HP_ABNORMALITY_OF_PERIPHERAL_NERVES	125	82		
HP_HYPOLIPIDEMIA	10		Rejected!	
HP_CONGENITAL_MALFORMATION_OF_THE_LEFT_HEART	35	17		
HP_NARROW_PALPEBRAL_FISSURE	50	34		
HP_ABNORMALITY_OF_THE_THORACIC_CAVITY	50	38		
HP_OSTEOLYSIS_INVOLVING_BONES_OF_THE_UPPER_LIMBS	21		Rejected!	
HP_ABNORMAL_LACTATE_DEHYDROGENASE_LEVEL	63	43		
HP_DECREASED_SERUM_COMPLEMENT_C4	8		Rejected!	
HP_ABNORMAL_DLCO	14		Rejected!	
HP_TIGER_TAIL_BANDING	7		Rejected!	
HP_ABNORMAL_LEVELS_OF_ALPHA_FETOPROTEIN	27	22		
HP_ABNORMALITY_OF_THE_TESTIS_SIZE	179	92		
HP_HYPERKERATOTIC_PAPULE	9		Rejected!	
HP_SEROSITIS	73	35		
HP_THIN_EYEBROW	76	41		
HP_SPARSE_EYEBROW	117	71		
HP_DECREASED_PROPORTION_OF_CD3_POSITIVE_T_CELLS	10		Rejected!	
HP_ABNORMALITY_OF_BODY_MASS_INDEX	9		Rejected!	
HP_LIMB_MYOCLONUS	29		Rejected!	
HP_KNEE_JOINT_HYPERMOBILITY	5		Rejected!	
HP_DECREASED_LIBIDO	8		Rejected!	
HP_PAIN_IN_HEAD_AND_NECK_REGION	35	20		
HP_ABNORMAL_CERVICAL_SPINE_MORPHOLOGY	18		Rejected!	
HP_EARLY_ONSET_OF_SEXUAL_MATURATION	197	116		
HP_NEOPLASM_OF_THE_PERIPHERAL_NERVOUS_SYSTEM	62	49		
HP_SCHWANNOMA	8		Rejected!	
HP_INTRACRANIAL_MENINGIOMA	11		Rejected!	
HP_NEOPLASM_OF_THE_EYE	48	38		
HP_NEOPLASM_OF_THE_BREAST	87	63		
HP_EPIRETINAL_MEMBRANE	11		Rejected!	
HP_NUCLEAR_CATARACT	17		Rejected!	
HP_CORTICAL_CATARACT	6		Rejected!	
HP_CEREBRAL_PALSY	45	23		
HP_RECURRENT_HAND_FLAPPING	12		Rejected!	
HP_CONSPICUOUSLY_HAPPY_DISPOSITION	7		Rejected!	
HP_OVERFRIENDLINESS	28	18		
HP_ARTERIOVENOUS_MALFORMATION	54	40		
HP_RECURRENT_PANCREATITIS	23		Rejected!	
HP_NEOPLASM_OF_THE_THYROID_GLAND	84	56		
HP_TICS	16		Rejected!	
HP_MOTOR_TICS	6		Rejected!	
HP_ABNORMALITY_OF_THE_PUBIC_HAIR	48	18		
HP_ABNORMALITY_OF_THE_AXILLARY_HAIR	48	19		
HP_FRAGMENTED_EPIPHYSES	5		Rejected!	
HP_SYNOSTOSIS_INVOLVING_BONES_OF_THE_UPPER_LIMBS	121	63		
HP_SYNOSTOSIS_OF_JOINTS	184	85		
HP_SARCOMA	163	111		
HP_LEIOMYOSARCOMA	29	18		
HP_FIBROSARCOMA	8		Rejected!	
HP_METAPHYSEAL_DYSPLASIA	31	20		
HP_SENILE_PLAQUES	12		Rejected!	
HP_ECTRODACTYLY	66	31		
HP_PREAXIAL_POLYDACTYLY	78	44		
HP_POSTAXIAL_POLYDACTYLY	137	87		
HP_MESOAXIAL_POLYDACTYLY	16		Rejected!	
HP_ABNORMAL_TENDON_MORPHOLOGY	750	471		
HP_SYNOSTOSIS_INVOLVING_DIGITS	13		Rejected!	
HP_DISTAL_SYMPHALANGISM	6		Rejected!	
HP_PROXIMAL_SYMPHALANGISM	7		Rejected!	
HP_SYNOSTOSIS_OF_METACARPALS_METATARSALS	17		Rejected!	
HP_SYNOSTOSIS_OF_CARPALS_TARSALS	44	17		
HP_LIP_PIT	12		Rejected!	
HP_NEOPLASM_OF_THE_COLON	79	65		
HP_DIFFUSE_CEREBELLAR_ATROPHY	16		Rejected!	
HP_SKIN_PIT	66	29		
HP_PERIAURICULAR_SKIN_PITS	50	19		
HP_ULCERATIVE_COLITIS	14		Rejected!	
HP_CROHN_S_DISEASE	12		Rejected!	
HP_EMG_MYOTONIC_DISCHARGES	5		Rejected!	
HP_EMG_IMPAIRED_NEUROMUSCULAR_TRANSMISSION	34	17		
HP_EMG_SLOW_MOTOR_CONDUCTION	5		Rejected!	
HP_MUSCLE_FIBER_ATROPHY	59	37		
HP_INCREASED_ENDOMYSIAL_CONNECTIVE_TISSUE	12		Rejected!	
HP_MUSCLE_FIBER_INCLUSION_BODIES	31	15		
HP_MUSCLE_FIBER_TUBULAR_INCLUSIONS	8		Rejected!	
HP_CEREBRAL_CORTICAL_HEMIATROPHY	6		Rejected!	
HP_SUBDURAL_HEMORRHAGE	5		Rejected!	
HP_CEREBRAL_INCLUSION_BODIES	46	28		
HP_LEWY_BODIES	23		Rejected!	
HP_ABNORMAL_DENTATE_NUCLEUS_MORPHOLOGY	11		Rejected!	
HP_JUVENILE_ASEPTIC_NECROSIS	36	21		
HP_SCLERODERMA	12		Rejected!	
HP_IMMUNOLOGIC_HYPERSENSITIVITY	160	86		
HP_UNILATERAL_CLEFT_LIP	7		Rejected!	
HP_UNILATERAL_CLEFT_PALATE	13		Rejected!	
HP_NON_MIDLINE_CLEFT_LIP	41	18		
HP_BILATERAL_CLEFT_LIP	21		Rejected!	
HP_BILATERAL_CLEFT_PALATE	16		Rejected!	
HP_NON_MIDLINE_CLEFT_PALATE	20		Rejected!	
HP_CONTRACTURES_OF_THE_JOINTS_OF_THE_UPPER_LIMBS	292	175		
HP_ABNORMALITY_OF_LOWER_LIMB_JOINT	645	391		
HP_JOINT_CONTRACTURES_INVOLVING_THE_JOINTS_OF_THE_FEET	31	16		
HP_ABNORMAL_MAST_CELL_MORPHOLOGY	8		Rejected!	
HP_DEVIATION_OF_TOES	177	103		
HP_VITAMIN_B12_DEFICIENCY	9		Rejected!	
HP_ABNORMALITY_OF_VITAMIN_METABOLISM	87	46		
HP_ABNORMALITY_OF_VITAMIN_D_METABOLISM	41	19		
HP_LOW_LEVELS_OF_VITAMIN_D	30	16		
HP_ABNORMALITY_OF_VITAMIN_E_METABOLISM	15		Rejected!	
HP_POLLAKISURIA	8		Rejected!	
HP_DYSURIA	18		Rejected!	
HP_ANURIA	13		Rejected!	
HP_OLIGURIA	10		Rejected!	
HP_NEOPLASM_OF_THE_THYMUS	7		Rejected!	
HP_LIVER_ABSCESS	10		Rejected!	
HP_ABNORMAL_BLOOD_PHOSPHATE_CONCENTRATION	58	32		
HP_ABNORMAL_CALCIUM_PHOSPHATE_REGULATING_HORMONE_LEVEL	45	27		
HP_INFLAMMATORY_ABNORMALITY_OF_THE_EYE	198	122		
HP_EPISCLERITIS	5		Rejected!	
HP_ABNORMALITY_OF_THE_SUPRAORBITAL_RIDGES	98	58		
HP_PERIORBITAL_EDEMA	108	64		
HP_PALPEBRAL_EDEMA	38	23		
HP_FEMORAL_HERNIA	18		Rejected!	
HP_ABNORMAL_LOCALIZATION_OF_KIDNEY	189	137		
HP_COGNITIVE_IMPAIRMENT	633	392		
HP_NEOPLASM_OF_THE_HEART	13		Rejected!	
HP_ARTERIAL_STENOSIS	104	53		
HP_EXSTROPHY	6		Rejected!	
HP_NEOPLASM_OF_THE_TRACHEOBRONCHIAL_SYSTEM	22		Rejected!	
HP_ASYMMETRIC_GROWTH	62	37		
HP_HEMIATROPHY	6		Rejected!	
HP_LOWER_LIMB_ASYMMETRY	42	26		
HP_UPPER_LIMB_ASYMMETRY	12		Rejected!	
HP_SPINAL_CORD_LESION	36	27		
HP_NEOPLASM_OF_THE_ENDOCRINE_SYSTEM	140	94		
HP_ABNORMALLY_OSSIFIED_VERTEBRAE	24		Rejected!	
HP_CARCINOID_TUMOR	12		Rejected!	
HP_CARDIAC_DIVERTICULUM	14		Rejected!	
HP_BILIARY_TRACT_NEOPLASM	12		Rejected!	
HP_NEOPLASM_OF_THE_GALLBLADDER	6		Rejected!	
HP_AMAUROSIS_FUGAX	37	22		
HP_LIPOATROPHY	71	37		
HP_MUCOSAL_TELANGIECTASIAE	37	28		
HP_BARRETT_ESOPHAGUS	6		Rejected!	
HP_ENDOCARDITIS	20		Rejected!	
HP_TELANGIECTASIA_OF_THE_SKIN	73	57		
HP_ABNORMAL_PREPUTIUM_MORPHOLOGY	33	30		
HP_UROGENITAL_FISTULA	45	26		
HP_RECTAL_FISTULA	22	15		
HP_PERITONEAL_ABSCESS	10		Rejected!	
HP_CALCIFICATION_OF_CARTILAGE	11		Rejected!	
HP_ABSENT_NARES	11		Rejected!	
HP_PULMONARY_EDEMA	21		Rejected!	
HP_ECLAMPSIA	9		Rejected!	
HP_TOXEMIA_OF_PREGNANCY	26		Rejected!	
HP_NEOPLASM_OF_THE_LARYNX	10		Rejected!	
HP_NEOPLASM_OF_THE_RESPIRATORY_SYSTEM	70	43		
HP_DYSMENORRHEA	13		Rejected!	
HP_METRORRHAGIA	17	15		
HP_MULTIPLE_GLOMERULAR_CYSTS	14		Rejected!	
HP_ODONTOGENIC_NEOPLASM	8		Rejected!	
HP_MYOSITIS	33	20		
HP_OVARIAN_NEOPLASM	67	44		
HP_LEYDIG_CELL_NEOPLASIA	5		Rejected!	
HP_GERMINOMA	13		Rejected!	
HP_DYSGERMINOMA	9		Rejected!	
HP_ENLARGED_THORAX	59	41		
HP_CHRONIC_HEPATIC_FAILURE	14		Rejected!	
HP_DISPLACEMENT_OF_THE_URETHRAL_MEATUS	357	240		
HP_NEOPLASM_OF_THE_ADRENAL_GLAND	42	30		
HP_ESOPHAGITIS	30	17		
HP_NEUROENDOCRINE_NEOPLASM	33	27		
HP_ERECTILE_DYSFUNCTION	68	31		
HP_NEOPLASM_OF_THE_ADRENAL_CORTEX	24		Rejected!	
HP_ABNORMALITY_OF_NAIL_COLOR	18		Rejected!	
HP_THYROIDITIS	47	31		
HP_GRAVES_DISEASE	5		Rejected!	
HP_NEOPLASM_OF_THE_TONGUE	36	28		
HP_NEOPLASM_OF_THE_ORAL_CAVITY	49	37		
HP_VAGINAL_NEOPLASM	10		Rejected!	
HP_TYPE_I_DIABETES_MELLITUS	56	21		
HP_CELLULITIS	42	25		
HP_ABNORMAL_CEREBRAL_VASCULAR_MORPHOLOGY	309	168		
HP_DYSKINESIA	251	157		
HP_ANGIOEDEMA	12		Rejected!	
HP_ABNORMAL_PIGMENTATION_OF_THE_ORAL_MUCOSA	7		Rejected!	
HP_ABNORMAL_TRABECULAR_BONE_MORPHOLOGY	31	21		
HP_PREMATURE_SKIN_WRINKLING	62	38		
HP_LACK_OF_SKIN_ELASTICITY	43	23		
HP_ABNORMAL_SHARPEY_FIBER_MORPHOLOGY	33	16		
HP_ENTHESITIS	11		Rejected!	
HP_ABNORMALITY_OF_THE_CURVATURE_OF_THE_CORNEA	324	196		
HP_IRIDODONESIS	5		Rejected!	
HP_TIBIAL_TORSION	17		Rejected!	
HP_SCARRING	168	83		
HP_ABNORMAL_ARACHNOID_MATER_MORPHOLOGY	34	23		
HP_TONGUE_THRUSTING	13		Rejected!	
HP_CEREBRAL_VISUAL_IMPAIRMENT	224	143		
HP_ABNORMAL_GLIAL_CELL_MORPHOLOGY	146	112		
HP_ABNORMAL_ASTROCYTE_MORPHOLOGY	43	32		
HP_ABNORMAL_THORACIC_SPINE_MORPHOLOGY	89	52		
HP_ABNORMAL_LUMBAR_SPINE_MORPHOLOGY	28	18		
HP_SELF_INJURIOUS_BEHAVIOR	186	107		
HP_HYPOPLASIA_OF_THE_EAR_CARTILAGE	10		Rejected!	
HP_MEDIASTINAL_LYMPHADENOPATHY	26	20		
HP_GASTROINTESTINAL_STROMA_TUMOR	18		Rejected!	
HP_HYPERCOAGULABILITY	17		Rejected!	
HP_LICHENIFICATION	13		Rejected!	
HP_GERM_CELL_NEOPLASIA	45	19		
HP_LARGE_FACE	280	193		
HP_PANCREATIC_FIBROSIS	21	16		
HP_NEOPLASM_OF_THE_PARATHYROID_GLAND	18		Rejected!	
HP_HYPERTENSIVE_CRISIS	18		Rejected!	
HP_ABNORMAL_SOFT_PALATE_MORPHOLOGY	223	157		
HP_ABNORMAL_EATING_BEHAVIOR	106	57		
HP_BULIMIA	5		Rejected!	
HP_VASCULAR_NEOPLASM	145	98		
HP_NEOPLASM_OF_THE_RECTUM	42	33		
HP_ABNORMALITY_OF_THE_HUMERORADIAL_JOINT	52	27		
HP_CHEST_PAIN	103	54		
HP_ATELECTASIS	72	26		
HP_ESOPHAGEAL_NEOPLASM	26	15		
HP_SCHIZOPHRENIA	67	33		
HP_MANIA	43	22		
HP_ABNORMALITY_OF_SALIVATION	178	99		
HP_GANGRENE	54	27		
HP_CLUBBING_OF_FINGERS	35	19		
HP_CLUBBING_OF_TOES	30	26		
HP_VISCERAL_ANGIOMATOSIS	19		Rejected!	
HP_ABNORMALITY_OF_THE_LYMPHATIC_SYSTEM	669	423		
HP_LYMPHANGIOMA	9		Rejected!	
HP_ABNORMALITY_OF_THE_TONSILS	28	19		
HP_ABNORMAL_LYMPHATIC_VESSEL_MORPHOLOGY	14		Rejected!	
HP_ABNORMAL_PLACENTA_MORPHOLOGY	35		Rejected!	
HP_CHORIOCARCINOMA	8		Rejected!	
HP_SYNOVITIS	14		Rejected!	
HP_HYPEROSTOSIS	54	36		
HP_RECURRENT_PHARYNGITIS	10		Rejected!	
HP_EXOSTOSES	18		Rejected!	
HP_UROGENITAL_SINUS_ANOMALY	19		Rejected!	
HP_CONJUNCTIVAL_HAMARTOMA	11		Rejected!	
HP_ABNORMAL_SACROILIAC_JOINT_MORPHOLOGY	7		Rejected!	
HP_BREAST_APLASIA	16		Rejected!	
HP_PERIPHERAL_ARTERIOVENOUS_FISTULA	8		Rejected!	
HP_INSOMNIA	62	35		
HP_HYPERSOMNIA	12		Rejected!	
HP_PROSTATE_NEOPLASM	32	23		
HP_HERNIA	511	306		
HP_ACANTHOLYSIS	8		Rejected!	
HP_ORCHITIS	15		Rejected!	
HP_TOENAIL_DYSPLASIA	15		Rejected!	
HP_FINGERNAIL_DYSPLASIA	17		Rejected!	
HP_NEOPLASM_OF_THE_MIDDLE_EAR	8		Rejected!	
HP_ABNORMALITY_OF_THE_PERIUNGUAL_REGION	19		Rejected!	
HP_SEPSIS	104	64		
HP_LONG_FINGERS	254	158		
HP_APLASIA_HYPOPLASIA_OF_THE_COLON	9		Rejected!	
HP_HALITOSIS	6		Rejected!	
HP_BLUE_NEVUS	5		Rejected!	
HP_RENOVASCULAR_HYPERTENSION	33	20		
HP_LONG_THORAX	8		Rejected!	
HP_INTESTINAL_FISTULA	28	19		
HP_GLOMERULOPATHY	43	20		
HP_CHEILITIS	22		Rejected!	
HP_LYMPHOCYTOSIS	19	15		
HP_GALACTORRHEA	9		Rejected!	
HP_ROUND_EAR	8		Rejected!	
HP_ABNORMALITY_OF_VITAMIN_K_METABOLISM	14		Rejected!	
HP_VITREOUS_FLOATERS	9		Rejected!	
HP_NEOPLASM_OF_THE_SMALL_INTESTINE	18		Rejected!	
HP_NEOPLASM_OF_THE_LARGE_INTESTINE	109	83		
HP_BENIGN_NEOPLASM_OF_THE_CENTRAL_NERVOUS_SYSTEM	90	66		
HP_MALIGNANT_NEOPLASM_OF_THE_CENTRAL_NERVOUS_SYSTEM	86	60		
HP_RECURRENT_CUTANEOUS_ABSCESS_FORMATION	7		Rejected!	
HP_APLASIA_HYPOPLASIA_OF_THE_EYEBROW	175	100		
HP_SEPTO_OPTIC_DYSPLASIA	19		Rejected!	
HP_ANAPHYLACTIC_SHOCK	5		Rejected!	
HP_NEOPLASM_OF_THE_MALE_EXTERNAL_GENITALIA	36	20		
HP_ABNORMAL_EMOTION_AFFECT_BEHAVIOR	687	438		
HP_ABNORMAL_FEAR_ANXIETY_RELATED_BEHAVIOR	409	248		
HP_APLASIA_OF_THE_MUSCULATURE	10		Rejected!	
HP_DUODENAL_STENOSIS	28	25		
HP_PALMAR_TELANGIECTASIA	6		Rejected!	
HP_ABNORMALITY_OF_THE_PALM	467	283		
HP_ABNORMALITY_OF_THE_PLANTAR_SKIN_OF_FOOT	193	99		
HP_THICK_HAIR	15		Rejected!	
HP_ENLARGED_OVARIES	18		Rejected!	
HP_ABNORMALITY_OF_GLOBE_LOCATION	957		Rejected!	
HP_ABNORMALITY_OF_GLOBE_SIZE	289	178		
HP_RECTAL_POLYPOSIS	5		Rejected!	
HP_CONNECTIVE_TISSUE_NEVI	6		Rejected!	
HP_SCLEROSIS_OF_FINGER_PHALANX	7		Rejected!	
HP_OPEN_OPERCULUM	5		Rejected!	
HP_ABNORMAL_RENAL_MEDULLA_MORPHOLOGY	51	34		
HP_NARROW_FORAMEN_OBTURATORIUM	6		Rejected!	
HP_SHYNESS	11		Rejected!	
HP_HYPERESTHESIA	8		Rejected!	
HP_ABNORMAL_SHAPE_OF_THE_PALPEBRAL_FISSURE	52	38		
HP_SLANTING_OF_THE_PALPEBRAL_FISSURE	664	454		
HP_ABNORMAL_SIZE_OF_THE_PALPEBRAL_FISSURES	324	211		
HP_ABNORMAL_LENGTH_OF_CORPUS_CALLOSUM	5		Rejected!	
HP_NEOPLASM_OF_FATTY_TISSUE	48	26		
HP_CORNEAL_EROSION	43		Rejected!	
HP_DOWN_SLOPING_SHOULDERS	92	61		
HP_OCULAR_PAIN	16		Rejected!	
HP_PAPULE	88	52		
HP_SKIN_PLAQUE	34	20		
HP_SKIN_NODULE	102	55		
HP_SKIN_VESICLE	25	21		
HP_PUSTULE	24		Rejected!	
HP_EPIDERMOID_CYST	15		Rejected!	
HP_SKIN_EROSION	21		Rejected!	
HP_SKIN_ULCER	121	77		
HP_VERRUCAE	26	17		
HP_POROKERATOSIS	7		Rejected!	
HP_CYANOTIC_EPISODE	9		Rejected!	
HP_UPPER_LIMB_HYPERTONIA	9		Rejected!	
HP_SMALL_HAND	108	62		
HP_COLORECTAL_POLYPOSIS	23	17		
HP_CHORIORETINAL_DEGENERATION	45		Rejected!	
HP_RECURRENT_SPONTANEOUS_ABORTION	12		Rejected!	
HP_RESPIRATORY_INSUFFICIENCY_DUE_TO_DEFECTIVE_CILIARY_CLEARANCE	10		Rejected!	
HP_LIMB_TREMOR	16		Rejected!	
HP_ORAL_MUCOSAL_BLISTERS	12		Rejected!	
HP_ABSENT_SKIN_PIGMENTATION	6		Rejected!	
HP_DECREASED_ABSENT_ANKLE_REFLEXES	30	21		
HP_SPARSE_OR_ABSENT_EYELASHES	83	48		
HP_ABSENT_SHORTENED_DYNEIN_ARMS	13		Rejected!	
HP_METABOLIC_ALKALOSIS	19		Rejected!	
HP_RECURRENT_UPPER_AND_LOWER_RESPIRATORY_TRACT_INFECTIONS	12		Rejected!	
HP_CHRONIC_HEPATITIS	10		Rejected!	
HP_CHRONIC_HEPATITIS_DUE_TO_CRYPTOSPORIDIUM_INFECTION	5		Rejected!	
HP_MITOCHONDRIAL_RESPIRATORY_CHAIN_DEFECTS	20		Rejected!	
HP_BIVENTRICULAR_HYPERTROPHY	8		Rejected!	
HP_EPILEPTIC_ENCEPHALOPATHY	105	56		
HP_ORAL_PHARYNGEAL_DYSPHAGIA	78	46		
HP_NEURONAL_LOSS_IN_BASAL_GANGLIA	8		Rejected!	
HP_CSF_LYMPHOCYTIC_PLEIOCYTOSIS	16		Rejected!	
HP_AGENESIS_OF_LATERAL_INCISOR	23		Rejected!	
HP_AGENESIS_OF_MAXILLARY_INCISOR	17		Rejected!	
HP_TALL_CHIN	7		Rejected!	
HP_LONG_EAR	5		Rejected!	
HP_MENOMETRORRHAGIA	7		Rejected!	
HP_CLEFT_HARD_PALATE	6		Rejected!	
HP_ABNORMALITY_OF_THE_PERIPHERAL_NERVOUS_SYSTEM	389	235		
HP_ABNORMALITY_OF_MASTICATORY_MUSCLE	24		Rejected!	
HP_RECURRENT_EAR_INFECTIONS	15		Rejected!	
HP_EPIGASTRIC_PAIN	7		Rejected!	
HP_CLEFT_LIP	210	119		
HP_SUBMUCOUS_CLEFT_OF_SOFT_AND_HARD_PALATE	69	47		
HP_ABNORMAL_T_CELL_ACTIVATION	8		Rejected!	
HP_ABNORMAL_LIVER_MORPHOLOGY	790		Rejected!	
HP_ABNORMAL_NEURAL_TUBE_MORPHOLOGY	193	117		
HP_DECREASED_CIRCULATING_GABA_CONCENTRATION	5		Rejected!	
HP_INCREASED_LEVEL_OF_HIPPURIC_ACID_IN_URINE	7		Rejected!	
HP_INCREASED_LEVEL_OF_L_FUCOSE_IN_URINE	14		Rejected!	
HP_PHYSICAL_URTICARIA	12		Rejected!	
HP_HIPPOCAMPAL_ATROPHY	7		Rejected!	
HP_HYPERKETONEMIA	5		Rejected!	
HP_ABNORMAL_CIRCULATING_IGA_LEVEL	71	49		
HP_ABNORMAL_CIRCULATING_IGE_LEVEL	40	24		
HP_ABNORMAL_CIRCULATING_IGG_LEVEL	76	58		
HP_ABNORMAL_CIRCULATING_IGM_LEVEL	67	50		
HP_CHRONIC_NEUTROPENIA	10		Rejected!	
HP_TRANSIENT_NEUTROPENIA	7		Rejected!	
HP_BRAIN_IMAGING_ABNORMALITY	120	80		
HP_PEDIATRIC_ONSET	768	477		
HP_ABNORMAL_CIRCULATING_AMYLASE_LEVEL	6		Rejected!	
HP_HYPOAMYLASEMIA	5		Rejected!	
HP_NEGATIVISM	10		Rejected!	
HP_DECREASED_SPECIFIC_ANTIBODY_RESPONSE_TO_PROTEIN_VACCINE	6		Rejected!	
HP_DECREASED_SPECIFIC_ANTIBODY_RESPONSE_TO_POLYSACCHARIDE_VACCINE	7		Rejected!	
HP_PARTIAL_ABSENCE_OF_SPECIFIC_ANTIBODY_RESPONSE_TO_UNCONJUGATED_PNEUMOCOCCUS_VACCINE	5		Rejected!	
HP_HYPERPLASIA_OF_THE_MAXILLA	5		Rejected!	
HP_ABNORMAL_CARDIAC_TEST	119	51		
HP_ABNORMAL_CARDIAC_EXERCISE_STRESS_TEST	19		Rejected!	
HP_ABNORMAL_CIRCULATING_DEHYDROEPIANDROSTERONE_CONCENTRATION	8		Rejected!	
HP_FOOD_ALLERGY	9		Rejected!	
HP_ABNORMAL_BLOOD_CARBON_DIOXIDE_LEVEL	12		Rejected!	
HP_HYPERGASTRINEMIA	6		Rejected!	
HP_ABNORMAL_CSF_CARBOXYLIC_ACID_CONCENTRATION	10		Rejected!	
HP_ABNORMAL_CSF_PYRUVATE_FAMILY_AMINO_ACID_CONCENTRATION	6		Rejected!	
HP_ABNORMAL_MANDIBULAR_RAMUS_MORPHOLOGY	5		Rejected!	
HP_ABNORMALITY_OF_FRONTALIS_MUSCLE_BELLY	10		Rejected!	
HP_ABNORMALITY_OF_CARTILAGE_OF_EXTERNAL_EAR	14		Rejected!	
HP_ABNORMALITY_OF_HEAD_BLOOD_VESSEL	82	38		
HP_ABNORMAL_ODONTOID_TISSUE_MORPHOLOGY	220	127		
HP_ABNORMAL_INTERNAL_CAROTID_ARTERY_MORPHOLOGY	10		Rejected!	
HP_BRONCHOCONSTRICTION	12		Rejected!	
HP_EXANTHEM	19		Rejected!	
HP_ABNORMAL_LUNG_DEVELOPMENT	230	105		
