NAME	GS<br> follow link to MSigDB	GS DETAILS	SIZE	ES	NES	NOM p-val	FDR q-val	FWER p-val	RANK AT MAX	LEADING EDGE	
GOBP_POSITIVE_REGULATION_OF_EPITHELIAL_TO_MESENCHYMAL_TRANSITION	GOBP_POSITIVE_REGULATION_OF_EPITHELIAL_TO_MESENCHYMAL_TRANSITION	Details ...	22	-0.7955125	-2.1253881	0.0	0.003509724	0.003	595	tags=50%, list=6%, signal=53%	
GOBP_VACUOLAR_TRANSPORT	GOBP_VACUOLAR_TRANSPORT	Details ...	127	-0.573894	-2.109775	0.0	0.002912079	0.005	2150	tags=42%, list=20%, signal=52%	
GOBP_MEMBRANE_RAFT_ORGANIZATION	GOBP_MEMBRANE_RAFT_ORGANIZATION	Details ...	17	-0.82915497	-2.0909016	0.0	0.0038524282	0.01	1041	tags=59%, list=10%, signal=65%	
GOBP_REGULATION_OF_BIOMINERALIZATION	GOBP_REGULATION_OF_BIOMINERALIZATION	Details ...	35	-0.70726985	-2.0762331	0.0	0.0037593904	0.013	1375	tags=49%, list=13%, signal=56%	
GOBP_BIOMINERALIZATION	GOBP_BIOMINERALIZATION	Details ...	57	-0.62551033	-2.0597284	0.0	0.0051099057	0.022	1375	tags=37%, list=13%, signal=42%	
GOBP_REGULATION_OF_BONE_MINERALIZATION	GOBP_REGULATION_OF_BONE_MINERALIZATION	Details ...	28	-0.7408972	-2.0425098	0.0	0.0071814535	0.036	1375	tags=54%, list=13%, signal=61%	
GOBP_POSITIVE_REGULATION_OF_SYNAPTIC_TRANSMISSION	GOBP_POSITIVE_REGULATION_OF_SYNAPTIC_TRANSMISSION	Details ...	58	-0.6272637	-2.0414507	0.0	0.006320771	0.037	1754	tags=36%, list=17%, signal=43%	
GOCC_IMMUNOLOGICAL_SYNAPSE	GOCC_IMMUNOLOGICAL_SYNAPSE	Details ...	35	-0.68786204	-2.0398455	0.0	0.005820837	0.039	1788	tags=49%, list=17%, signal=58%	
GOBP_SYNAPTIC_VESICLE_LOCALIZATION	GOBP_SYNAPTIC_VESICLE_LOCALIZATION	Details ...	29	-0.70318353	-2.017248	0.0	0.008530744	0.064	1052	tags=38%, list=10%, signal=42%	
GOBP_T_CELL_MIGRATION	GOBP_T_CELL_MIGRATION	Details ...	41	-0.66023093	-2.0083175	0.0	0.009428402	0.079	1756	tags=51%, list=17%, signal=61%	
GOBP_PLASMA_MEMBRANE_ORGANIZATION	GOBP_PLASMA_MEMBRANE_ORGANIZATION	Details ...	74	-0.5931979	-1.9967836	0.0	0.011842658	0.109	1529	tags=39%, list=15%, signal=46%	
GOBP_MEMBRANE_INVAGINATION	GOBP_MEMBRANE_INVAGINATION	Details ...	40	-0.6488691	-1.9900843	0.0	0.012213032	0.121	1586	tags=40%, list=15%, signal=47%	
GOBP_REGULATION_OF_TRANS_SYNAPTIC_SIGNALING	GOBP_REGULATION_OF_TRANS_SYNAPTIC_SIGNALING	Details ...	164	-0.5279766	-1.9857199	0.0	0.011810566	0.127	1672	tags=32%, list=16%, signal=37%	
GOMF_CATION_CHANNEL_ACTIVITY	GOMF_CATION_CHANNEL_ACTIVITY	Details ...	71	-0.59561217	-1.9812573	0.0	0.01195832	0.139	2029	tags=44%, list=19%, signal=54%	
GOMF_GATED_CHANNEL_ACTIVITY	GOMF_GATED_CHANNEL_ACTIVITY	Details ...	68	-0.5956574	-1.9706546	0.0	0.013337442	0.166	1619	tags=41%, list=15%, signal=48%	
GOCC_LYSOSOMAL_LUMEN	GOCC_LYSOSOMAL_LUMEN	Details ...	54	-0.6184871	-1.9686155	0.0	0.012649757	0.167	1648	tags=52%, list=16%, signal=61%	
GOBP_REGULATION_OF_POSTSYNAPTIC_MEMBRANE_POTENTIAL	GOBP_REGULATION_OF_POSTSYNAPTIC_MEMBRANE_POTENTIAL	Details ...	31	-0.68010324	-1.955144	0.0	0.015061719	0.205	1134	tags=42%, list=11%, signal=47%	
GOMF_LIGAND_GATED_CATION_CHANNEL_ACTIVITY	GOMF_LIGAND_GATED_CATION_CHANNEL_ACTIVITY	Details ...	21	-0.7427045	-1.9478332	0.0	0.016819477	0.235	1344	tags=52%, list=13%, signal=60%	
GOBP_SYNAPTIC_VESICLE_TRANSPORT	GOBP_SYNAPTIC_VESICLE_TRANSPORT	Details ...	27	-0.6937789	-1.9392147	0.0	0.019310487	0.277	1052	tags=37%, list=10%, signal=41%	
GOMF_LIGAND_GATED_ION_CHANNEL_ACTIVITY	GOMF_LIGAND_GATED_ION_CHANNEL_ACTIVITY	Details ...	23	-0.7136337	-1.9340785	0.0	0.01997536	0.298	1344	tags=52%, list=13%, signal=60%	
HP_HYPERSPLENISM	HP_HYPERSPLENISM	Details ...	15	-0.7815346	-1.9297061	0.0	0.020802837	0.32	1290	tags=67%, list=12%, signal=76%	
GOCC_SECRETORY_GRANULE_MEMBRANE	GOCC_SECRETORY_GRANULE_MEMBRANE	Details ...	157	-0.51025236	-1.9276991	0.0	0.020549834	0.328	2059	tags=34%, list=20%, signal=42%	
GOBP_LYSOSOMAL_TRANSPORT	GOBP_LYSOSOMAL_TRANSPORT	Details ...	96	-0.55258787	-1.9276797	0.0	0.019656362	0.328	2150	tags=40%, list=20%, signal=49%	
GOBP_REGULATION_OF_REGULATED_SECRETORY_PATHWAY	GOBP_REGULATION_OF_REGULATED_SECRETORY_PATHWAY	Details ...	65	-0.58582956	-1.9215502	0.0	0.021353552	0.36	1754	tags=46%, list=17%, signal=55%	
GOBP_CHLORIDE_TRANSMEMBRANE_TRANSPORT	GOBP_CHLORIDE_TRANSMEMBRANE_TRANSPORT	Details ...	17	-0.7529317	-1.9164208	0.0	0.02231459	0.385	1619	tags=59%, list=15%, signal=69%	
GOBP_NEGATIVE_REGULATION_OF_CELLULAR_RESPONSE_TO_INSULIN_STIMULUS	GOBP_NEGATIVE_REGULATION_OF_CELLULAR_RESPONSE_TO_INSULIN_STIMULUS	Details ...	23	-0.7158077	-1.9112891	0.0	0.023558836	0.415	1729	tags=43%, list=16%, signal=52%	
GOCC_PHAGOCYTIC_CUP	GOCC_PHAGOCYTIC_CUP	Details ...	21	-0.71921444	-1.9083388	0.0	0.023979034	0.429	1258	tags=48%, list=12%, signal=54%	
GOCC_TERTIARY_GRANULE	GOCC_TERTIARY_GRANULE	Details ...	87	-0.55079126	-1.9068629	0.0	0.023331298	0.432	1322	tags=29%, list=13%, signal=33%	
GOCC_SPECIFIC_GRANULE_MEMBRANE	GOCC_SPECIFIC_GRANULE_MEMBRANE	Details ...	53	-0.60023856	-1.9037489	0.0	0.024052858	0.455	1382	tags=34%, list=13%, signal=39%	
GOBP_SYNAPTIC_SIGNALING	GOBP_SYNAPTIC_SIGNALING	Details ...	262	-0.47396886	-1.8974166	0.0	0.026208147	0.496	1672	tags=27%, list=16%, signal=31%	
GOBP_BONE_MINERALIZATION	GOBP_BONE_MINERALIZATION	Details ...	43	-0.6188937	-1.8930413	0.001934236	0.02701416	0.515	1375	tags=40%, list=13%, signal=45%	
GOBP_ACTIN_FILAMENT_POLYMERIZATION	GOBP_ACTIN_FILAMENT_POLYMERIZATION	Details ...	88	-0.5483151	-1.8929647	0.0	0.026169967	0.515	2473	tags=45%, list=24%, signal=59%	
GOCC_LATE_ENDOSOME_MEMBRANE	GOCC_LATE_ENDOSOME_MEMBRANE	Details ...	108	-0.52679336	-1.8909475	0.0	0.026047062	0.523	1622	tags=32%, list=15%, signal=38%	
GOBP_MEMBRANE_LIPID_CATABOLIC_PROCESS	GOBP_MEMBRANE_LIPID_CATABOLIC_PROCESS	Details ...	24	-0.6897031	-1.8868637	0.0	0.026996516	0.546	1597	tags=46%, list=15%, signal=54%	
GOBP_POST_GOLGI_VESICLE_MEDIATED_TRANSPORT	GOBP_POST_GOLGI_VESICLE_MEDIATED_TRANSPORT	Details ...	87	-0.54938537	-1.8856008	0.0	0.026857205	0.551	1852	tags=32%, list=18%, signal=39%	
GOBP_SYNAPTIC_VESICLE_RECYCLING	GOBP_SYNAPTIC_VESICLE_RECYCLING	Details ...	39	-0.63107586	-1.883028	0.0	0.027078828	0.568	2122	tags=49%, list=20%, signal=61%	
GOBP_TUMOR_NECROSIS_FACTOR_SUPERFAMILY_CYTOKINE_PRODUCTION	GOBP_TUMOR_NECROSIS_FACTOR_SUPERFAMILY_CYTOKINE_PRODUCTION	Details ...	93	-0.5321726	-1.8824878	0.0	0.026628308	0.573	775	tags=29%, list=7%, signal=31%	
GOBP_RESPONSE_TO_TYPE_I_INTERFERON	GOBP_RESPONSE_TO_TYPE_I_INTERFERON	Details ...	50	-0.5938709	-1.8785597	0.0	0.027523208	0.597	1029	tags=40%, list=10%, signal=44%	
GOBP_INTERLEUKIN_1_MEDIATED_SIGNALING_PATHWAY	GOBP_INTERLEUKIN_1_MEDIATED_SIGNALING_PATHWAY	Details ...	20	-0.71989715	-1.8745861	0.0	0.02819384	0.619	1760	tags=60%, list=17%, signal=72%	
GOBP_HEART_GROWTH	GOBP_HEART_GROWTH	Details ...	30	-0.6578449	-1.8716081	0.0	0.028653814	0.637	930	tags=37%, list=9%, signal=40%	
GOBP_STRIATED_MUSCLE_CELL_PROLIFERATION	GOBP_STRIATED_MUSCLE_CELL_PROLIFERATION	Details ...	26	-0.67554766	-1.8710839	0.0018832391	0.028294588	0.64	1308	tags=46%, list=12%, signal=53%	
GOBP_MONOAMINE_TRANSPORT	GOBP_MONOAMINE_TRANSPORT	Details ...	21	-0.72804576	-1.870337	0.0	0.027956946	0.644	830	tags=38%, list=8%, signal=41%	
GOBP_AMINE_TRANSPORT	GOBP_AMINE_TRANSPORT	Details ...	28	-0.6645558	-1.8643426	0.001968504	0.030043088	0.669	1256	tags=46%, list=12%, signal=53%	
GOCC_ION_CHANNEL_COMPLEX	GOCC_ION_CHANNEL_COMPLEX	Details ...	68	-0.54840577	-1.8638406	0.0	0.029624302	0.673	2327	tags=43%, list=22%, signal=54%	
GOMF_PASSIVE_TRANSMEMBRANE_TRANSPORTER_ACTIVITY	GOMF_PASSIVE_TRANSMEMBRANE_TRANSPORTER_ACTIVITY	Details ...	109	-0.5141713	-1.8630856	0.0	0.029328713	0.68	1673	tags=34%, list=16%, signal=40%	
GOMF_PHOSPHATIDYLINOSITOL_3_KINASE_BINDING	GOMF_PHOSPHATIDYLINOSITOL_3_KINASE_BINDING	Details ...	18	-0.7539764	-1.8610977	0.0	0.029550072	0.695	2120	tags=72%, list=20%, signal=90%	
GOBP_REGULATION_OF_EXOCYTOSIS	GOBP_REGULATION_OF_EXOCYTOSIS	Details ...	97	-0.5314143	-1.8585469	0.0	0.030108625	0.711	1788	tags=40%, list=17%, signal=48%	
GOCC_CELL_CORTEX	GOCC_CELL_CORTEX	Details ...	156	-0.49561122	-1.8558556	0.0	0.030962892	0.725	1777	tags=29%, list=17%, signal=34%	
GOBP_SPHINGOLIPID_METABOLIC_PROCESS	GOBP_SPHINGOLIPID_METABOLIC_PROCESS	Details ...	99	-0.51916975	-1.8557761	0.0	0.030402694	0.726	1986	tags=39%, list=19%, signal=48%	
GOBP_MONOVALENT_INORGANIC_CATION_HOMEOSTASIS	GOBP_MONOVALENT_INORGANIC_CATION_HOMEOSTASIS	Details ...	64	-0.5603901	-1.8540238	0.0	0.030634377	0.731	2046	tags=42%, list=19%, signal=52%	
GOBP_REGULATION_OF_SYNAPTIC_PLASTICITY	GOBP_REGULATION_OF_SYNAPTIC_PLASTICITY	Details ...	76	-0.5385951	-1.853159	0.0	0.030627666	0.736	1656	tags=33%, list=16%, signal=39%	
GOBP_REGULATION_OF_PROTEIN_MATURATION	GOBP_REGULATION_OF_PROTEIN_MATURATION	Details ...	34	-0.6297008	-1.8529325	0.0	0.030151125	0.736	1452	tags=38%, list=14%, signal=44%	
GOCC_SCHAFFER_COLLATERAL_CA1_SYNAPSE	GOCC_SCHAFFER_COLLATERAL_CA1_SYNAPSE	Details ...	32	-0.6417616	-1.8516625	0.003921569	0.03019747	0.743	1134	tags=38%, list=11%, signal=42%	
GOBP_REGULATION_OF_CELL_SHAPE	GOBP_REGULATION_OF_CELL_SHAPE	Details ...	77	-0.5458002	-1.8507783	0.0	0.030049084	0.748	1734	tags=36%, list=17%, signal=43%	
GOBP_REGULATION_OF_NEURONAL_SYNAPTIC_PLASTICITY	GOBP_REGULATION_OF_NEURONAL_SYNAPTIC_PLASTICITY	Details ...	21	-0.69825083	-1.8477802	0.002004008	0.030818576	0.761	1652	tags=43%, list=16%, signal=51%	
GOBP_LYTIC_VACUOLE_ORGANIZATION	GOBP_LYTIC_VACUOLE_ORGANIZATION	Details ...	57	-0.5700142	-1.8450745	0.0	0.031685516	0.78	1997	tags=42%, list=19%, signal=52%	
HP_ABNORMAL_MACROPHAGE_MORPHOLOGY	HP_ABNORMAL_MACROPHAGE_MORPHOLOGY	Details ...	27	-0.6501913	-1.845016	0.0	0.031150008	0.78	1181	tags=48%, list=11%, signal=54%	
GOBP_MULTICELLULAR_ORGANISMAL_SIGNALING	GOBP_MULTICELLULAR_ORGANISMAL_SIGNALING	Details ...	41	-0.6089632	-1.8420538	0.0	0.031798754	0.793	1344	tags=37%, list=13%, signal=42%	
GOCC_PLASMA_MEMBRANE_SIGNALING_RECEPTOR_COMPLEX	GOCC_PLASMA_MEMBRANE_SIGNALING_RECEPTOR_COMPLEX	Details ...	77	-0.54302084	-1.840843	0.0	0.031813372	0.798	2174	tags=48%, list=21%, signal=60%	
GOCC_CORTICAL_CYTOSKELETON	GOCC_CORTICAL_CYTOSKELETON	Details ...	55	-0.5672031	-1.8392736	0.0	0.032040942	0.806	1900	tags=33%, list=18%, signal=40%	
GOMF_VOLTAGE_GATED_CATION_CHANNEL_ACTIVITY	GOMF_VOLTAGE_GATED_CATION_CHANNEL_ACTIVITY	Details ...	21	-0.7061162	-1.8377979	0.0019305019	0.032237787	0.814	1997	tags=67%, list=19%, signal=82%	
GOCC_TERTIARY_GRANULE_MEMBRANE	GOCC_TERTIARY_GRANULE_MEMBRANE	Details ...	34	-0.6305955	-1.8377937	0.0	0.031717822	0.814	1322	tags=38%, list=13%, signal=44%	
GOBP_MEMORY	GOBP_MEMORY	Details ...	48	-0.58835274	-1.8333604	0.0	0.03323028	0.834	1175	tags=25%, list=11%, signal=28%	
GOMF_POTASSIUM_ION_TRANSMEMBRANE_TRANSPORTER_ACTIVITY	GOMF_POTASSIUM_ION_TRANSMEMBRANE_TRANSPORTER_ACTIVITY	Details ...	31	-0.637422	-1.8231142	0.003960396	0.037990034	0.875	2148	tags=52%, list=20%, signal=65%	
GOBP_COLLAGEN_BIOSYNTHETIC_PROCESS	GOBP_COLLAGEN_BIOSYNTHETIC_PROCESS	Details ...	16	-0.75377846	-1.8225441	0.0	0.037602462	0.877	1435	tags=50%, list=14%, signal=58%	
HP_ANKLE_CLONUS	HP_ANKLE_CLONUS	Details ...	21	-0.7000582	-1.8181083	0.0	0.039257865	0.888	1094	tags=33%, list=10%, signal=37%	
GOBP_RECEPTOR_METABOLIC_PROCESS	GOBP_RECEPTOR_METABOLIC_PROCESS	Details ...	96	-0.5234594	-1.8178384	0.0	0.038758557	0.888	2369	tags=47%, list=23%, signal=60%	
GOBP_INOSITOL_PHOSPHATE_METABOLIC_PROCESS	GOBP_INOSITOL_PHOSPHATE_METABOLIC_PROCESS	Details ...	30	-0.64562917	-1.8157256	0.0	0.039266724	0.899	1661	tags=43%, list=16%, signal=51%	
GOBP_CALCIUM_ION_REGULATED_EXOCYTOSIS	GOBP_CALCIUM_ION_REGULATED_EXOCYTOSIS	Details ...	27	-0.65419877	-1.8150284	0.0019120459	0.039187394	0.902	1673	tags=48%, list=16%, signal=57%	
GOBP_INTERLEUKIN_6_PRODUCTION	GOBP_INTERLEUKIN_6_PRODUCTION	Details ...	76	-0.53377855	-1.813741	0.0	0.039309412	0.904	1036	tags=33%, list=10%, signal=36%	
GOBP_MEMBRANE_LIPID_METABOLIC_PROCESS	GOBP_MEMBRANE_LIPID_METABOLIC_PROCESS	Details ...	133	-0.49505687	-1.8118304	0.0	0.039773513	0.915	1993	tags=38%, list=19%, signal=47%	
GOBP_REGULATION_OF_CELLULAR_RESPONSE_TO_INSULIN_STIMULUS	GOBP_REGULATION_OF_CELLULAR_RESPONSE_TO_INSULIN_STIMULUS	Details ...	38	-0.60324585	-1.8065608	0.0	0.042442884	0.93	1811	tags=39%, list=17%, signal=48%	
GOBP_SENSORY_PERCEPTION_OF_CHEMICAL_STIMULUS	GOBP_SENSORY_PERCEPTION_OF_CHEMICAL_STIMULUS	Details ...	18	-0.72364676	-1.8040848	0.0	0.043218847	0.934	293	tags=22%, list=3%, signal=23%	
GOCC_MEMBRANE_MICRODOMAIN	GOCC_MEMBRANE_MICRODOMAIN	Details ...	171	-0.47223872	-1.8029426	0.0	0.043343317	0.934	1281	tags=27%, list=12%, signal=30%	
GOCC_CELL_CELL_JUNCTION	GOCC_CELL_CELL_JUNCTION	Details ...	216	-0.4629982	-1.8023257	0.0	0.043183997	0.937	2065	tags=33%, list=20%, signal=41%	
GOBP_VESICLE_MEDIATED_TRANSPORT_IN_SYNAPSE	GOBP_VESICLE_MEDIATED_TRANSPORT_IN_SYNAPSE	Details ...	91	-0.5188798	-1.8016275	0.0	0.042999513	0.937	2778	tags=43%, list=26%, signal=58%	
GOBP_REGULATION_OF_SMALL_GTPASE_MEDIATED_SIGNAL_TRANSDUCTION	GOBP_REGULATION_OF_SMALL_GTPASE_MEDIATED_SIGNAL_TRANSDUCTION	Details ...	183	-0.47009602	-1.797435	0.0	0.044996183	0.948	1620	tags=30%, list=15%, signal=34%	
GOBP_PIGMENT_GRANULE_ORGANIZATION	GOBP_PIGMENT_GRANULE_ORGANIZATION	Details ...	23	-0.6730706	-1.796084	0.0020242915	0.045225296	0.951	1590	tags=43%, list=15%, signal=51%	
GOMF_CALCIUM_ION_TRANSMEMBRANE_TRANSPORTER_ACTIVITY	GOMF_CALCIUM_ION_TRANSMEMBRANE_TRANSPORTER_ACTIVITY	Details ...	50	-0.5595809	-1.795805	0.0	0.04481442	0.951	2121	tags=44%, list=20%, signal=55%	
GOBP_ACTIN_POLYMERIZATION_OR_DEPOLYMERIZATION	GOBP_ACTIN_POLYMERIZATION_OR_DEPOLYMERIZATION	Details ...	107	-0.5008863	-1.7950778	0.0	0.044749744	0.953	2473	tags=42%, list=24%, signal=54%	
GOBP_CHLORIDE_TRANSPORT	GOBP_CHLORIDE_TRANSPORT	Details ...	31	-0.6256017	-1.7936565	0.0019569471	0.04508954	0.957	1216	tags=39%, list=12%, signal=44%	
GOMF_GTPASE_ACTIVATOR_ACTIVITY	GOMF_GTPASE_ACTIVATOR_ACTIVITY	Details ...	175	-0.47141087	-1.7936509	0.0	0.044553787	0.957	2005	tags=37%, list=19%, signal=45%	
GOBP_VESICLE_MEDIATED_TRANSPORT_TO_THE_PLASMA_MEMBRANE	GOBP_VESICLE_MEDIATED_TRANSPORT_TO_THE_PLASMA_MEMBRANE	Details ...	100	-0.512532	-1.7930356	0.0	0.04426831	0.958	1822	tags=33%, list=17%, signal=40%	
HP_IRIS_HYPOPIGMENTATION	HP_IRIS_HYPOPIGMENTATION	Details ...	34	-0.62421644	-1.7918816	0.0	0.044585217	0.96	2240	tags=50%, list=21%, signal=63%	
GOMF_CALCIUM_DEPENDENT_PROTEIN_BINDING	GOMF_CALCIUM_DEPENDENT_PROTEIN_BINDING	Details ...	41	-0.6004013	-1.7917458	0.0	0.044101704	0.96	2327	tags=51%, list=22%, signal=66%	
GOBP_ACTIN_FILAMENT_BASED_PROCESS	GOBP_ACTIN_FILAMENT_BASED_PROCESS	Details ...	398	-0.4328928	-1.7881498	0.0	0.04579371	0.966	2004	tags=30%, list=19%, signal=35%	
GOBP_CALCIUM_ION_TRANSPORT	GOBP_CALCIUM_ION_TRANSPORT	Details ...	165	-0.47318694	-1.7870109	0.0	0.046003863	0.968	2185	tags=39%, list=21%, signal=49%	
GOBP_PRESYNAPTIC_ENDOCYTOSIS	GOBP_PRESYNAPTIC_ENDOCYTOSIS	Details ...	31	-0.62549186	-1.7863011	0.0019267823	0.045862798	0.968	2750	tags=61%, list=26%, signal=83%	
GOBP_CALCIUM_ION_TRANSMEMBRANE_TRANSPORT	GOBP_CALCIUM_ION_TRANSMEMBRANE_TRANSPORT	Details ...	124	-0.49313512	-1.7848269	0.0	0.046447385	0.971	2029	tags=38%, list=19%, signal=46%	
GOMF_INORGANIC_MOLECULAR_ENTITY_TRANSMEMBRANE_TRANSPORTER_ACTIVITY	GOMF_INORGANIC_MOLECULAR_ENTITY_TRANSMEMBRANE_TRANSPORTER_ACTIVITY	Details ...	242	-0.44913268	-1.7841966	0.0	0.04633194	0.971	1369	tags=23%, list=13%, signal=26%	
GOBP_NEURON_PROJECTION_GUIDANCE	GOBP_NEURON_PROJECTION_GUIDANCE	Details ...	65	-0.53811353	-1.7808475	0.0	0.048098333	0.975	1253	tags=29%, list=12%, signal=33%	
GOBP_ENDOSOME_TO_LYSOSOME_TRANSPORT	GOBP_ENDOSOME_TO_LYSOSOME_TRANSPORT	Details ...	46	-0.56891453	-1.7786618	0.0	0.048931908	0.975	2506	tags=46%, list=24%, signal=60%	
GOCC_PLASMA_MEMBRANE_RAFT	GOCC_PLASMA_MEMBRANE_RAFT	Details ...	48	-0.5660206	-1.7772112	0.0	0.049394816	0.978	1364	tags=33%, list=13%, signal=38%	
GOMF_MOLECULAR_TRANSDUCER_ACTIVITY	GOMF_MOLECULAR_TRANSDUCER_ACTIVITY	Details ...	302	-0.43889362	-1.7761203	0.0	0.049576838	0.978	1402	tags=30%, list=13%, signal=33%	
GOCC_SPECIFIC_GRANULE	GOCC_SPECIFIC_GRANULE	Details ...	94	-0.50999	-1.7747651	0.0	0.049987763	0.979	1382	tags=29%, list=13%, signal=33%	
GOBP_REGULATED_EXOCYTOSIS	GOBP_REGULATED_EXOCYTOSIS	Details ...	117	-0.49056196	-1.774281	0.0	0.049831327	0.979	1754	tags=38%, list=17%, signal=45%	
GOMF_CELL_CELL_ADHESION_MEDIATOR_ACTIVITY	GOMF_CELL_CELL_ADHESION_MEDIATOR_ACTIVITY	Details ...	18	-0.7058836	-1.7738587	0.0	0.049556978	0.979	1311	tags=50%, list=12%, signal=57%	
GOBP_POSITIVE_REGULATION_OF_ENDOCYTOSIS	GOBP_POSITIVE_REGULATION_OF_ENDOCYTOSIS	Details ...	51	-0.5564735	-1.7736244	0.0	0.049134593	0.979	2489	tags=41%, list=24%, signal=54%	
GOBP_POSITIVE_REGULATION_OF_BONE_MINERALIZATION	GOBP_POSITIVE_REGULATION_OF_BONE_MINERALIZATION	Details ...	15	-0.7271892	-1.7727977	0.0021097045	0.04915586	0.981	1029	tags=47%, list=10%, signal=52%	
GOBP_OVULATION_CYCLE	GOBP_OVULATION_CYCLE	Details ...	23	-0.6563264	-1.7725791	0.0020408162	0.04879388	0.981	1081	tags=35%, list=10%, signal=39%	
GOBP_PERIPHERAL_NERVOUS_SYSTEM_DEVELOPMENT	GOBP_PERIPHERAL_NERVOUS_SYSTEM_DEVELOPMENT		30	-0.6260202	-1.7712212	0.001984127	0.0491397	0.982	1529	tags=47%, list=15%, signal=54%	
GOCC_CYTOPLASMIC_SIDE_OF_MEMBRANE	GOCC_CYTOPLASMIC_SIDE_OF_MEMBRANE		116	-0.48820946	-1.7701406	0.0	0.049414314	0.987	1738	tags=35%, list=17%, signal=42%	
GOBP_NEGATIVE_REGULATION_OF_G_PROTEIN_COUPLED_RECEPTOR_SIGNALING_PATHWAY	GOBP_NEGATIVE_REGULATION_OF_G_PROTEIN_COUPLED_RECEPTOR_SIGNALING_PATHWAY		26	-0.65388393	-1.7695656	0.006012024	0.04940839	0.987	2236	tags=54%, list=21%, signal=68%	
GOBP_VESICLE_ORGANIZATION	GOBP_VESICLE_ORGANIZATION		218	-0.4500063	-1.7666837	0.0	0.051016174	0.989	1859	tags=26%, list=18%, signal=31%	
GOBP_INSULIN_RECEPTOR_SIGNALING_PATHWAY	GOBP_INSULIN_RECEPTOR_SIGNALING_PATHWAY		71	-0.5277462	-1.7657148	0.0	0.050985005	0.991	1729	tags=34%, list=16%, signal=40%	
GOCC_AUTOPHAGOSOME_MEMBRANE	GOCC_AUTOPHAGOSOME_MEMBRANE		36	-0.59235686	-1.7644901	0.0037664783	0.05130552	0.992	1237	tags=33%, list=12%, signal=38%	
GOCC_PLASMA_MEMBRANE_PROTEIN_COMPLEX	GOCC_PLASMA_MEMBRANE_PROTEIN_COMPLEX		208	-0.4541425	-1.7631322	0.0	0.051786546	0.993	2174	tags=40%, list=21%, signal=49%	
GOBP_CHEMICAL_SYNAPTIC_TRANSMISSION_POSTSYNAPTIC	GOBP_CHEMICAL_SYNAPTIC_TRANSMISSION_POSTSYNAPTIC		29	-0.62908787	-1.7630807	0.0	0.051339272	0.993	1134	tags=38%, list=11%, signal=42%	
GOBP_SODIUM_ION_TRANSMEMBRANE_TRANSPORT	GOBP_SODIUM_ION_TRANSMEMBRANE_TRANSPORT		53	-0.5479429	-1.762358	0.0036630037	0.05144425	0.993	2121	tags=43%, list=20%, signal=54%	
GOBP_REGULATION_OF_PROTEIN_TARGETING_TO_MEMBRANE	GOBP_REGULATION_OF_PROTEIN_TARGETING_TO_MEMBRANE		22	-0.67467546	-1.7608482	0.0058027077	0.051908944	0.993	1811	tags=50%, list=17%, signal=60%	
GOBP_LYMPHOCYTE_MIGRATION	GOBP_LYMPHOCYTE_MIGRATION		58	-0.54450524	-1.7600408	0.0020703934	0.052048706	0.993	1756	tags=43%, list=17%, signal=51%	
GOCC_CORTICAL_ACTIN_CYTOSKELETON	GOCC_CORTICAL_ACTIN_CYTOSKELETON		41	-0.57965744	-1.7599605	0.0	0.05162566	0.993	1452	tags=32%, list=14%, signal=37%	
GOMF_NUCLEOSIDE_TRIPHOSPHATASE_REGULATOR_ACTIVITY	GOMF_NUCLEOSIDE_TRIPHOSPHATASE_REGULATOR_ACTIVITY		323	-0.43609855	-1.759245	0.0	0.051591128	0.993	2093	tags=34%, list=20%, signal=42%	
HP_OCULAR_ALBINISM	HP_OCULAR_ALBINISM		21	-0.6684294	-1.7563344	0.0020618557	0.053241733	0.994	1677	tags=43%, list=16%, signal=51%	
GOBP_CYTOKINE_PRODUCTION	GOBP_CYTOKINE_PRODUCTION		387	-0.4274426	-1.7549229	0.0	0.05385939	0.994	1036	tags=26%, list=10%, signal=28%	
GOMF_CALCIUM_ION_BINDING	GOMF_CALCIUM_ION_BINDING		217	-0.4527707	-1.7537273	0.0	0.054336343	0.994	2327	tags=37%, list=22%, signal=47%	
GOBP_NEUROTRANSMITTER_SECRETION	GOBP_NEUROTRANSMITTER_SECRETION		62	-0.53624874	-1.7531526	0.0	0.05428875	0.995	1527	tags=24%, list=15%, signal=28%	
GOMF_INORGANIC_ANION_TRANSMEMBRANE_TRANSPORTER_ACTIVITY	GOMF_INORGANIC_ANION_TRANSMEMBRANE_TRANSPORTER_ACTIVITY		53	-0.54829955	-1.7518445	0.00390625	0.054674447	0.995	1216	tags=28%, list=12%, signal=32%	
GOCC_ACTOMYOSIN	GOCC_ACTOMYOSIN		40	-0.5842024	-1.7495363	0.0	0.055733506	0.995	3101	tags=60%, list=30%, signal=85%	
GOBP_ENDOCYTOSIS	GOBP_ENDOCYTOSIS		310	-0.43459806	-1.7480526	0.0	0.056317493	0.995	2295	tags=38%, list=22%, signal=47%	
GOBP_REGULATION_OF_CALCIUM_ION_DEPENDENT_EXOCYTOSIS	GOBP_REGULATION_OF_CALCIUM_ION_DEPENDENT_EXOCYTOSIS		17	-0.69793653	-1.7451931	0.003976143	0.0579982	0.997	1673	tags=59%, list=16%, signal=70%	
GOBP_NEUROMUSCULAR_PROCESS_CONTROLLING_BALANCE	GOBP_NEUROMUSCULAR_PROCESS_CONTROLLING_BALANCE		18	-0.68265945	-1.7443488	0.0061728396	0.058124226	0.997	487	tags=22%, list=5%, signal=23%	
GOMF_SH2_DOMAIN_BINDING	GOMF_SH2_DOMAIN_BINDING		24	-0.62908435	-1.7403532	0.004158004	0.06073579	0.998	1112	tags=33%, list=11%, signal=37%	
GOBP_CELLULAR_MONOVALENT_INORGANIC_CATION_HOMEOSTASIS	GOBP_CELLULAR_MONOVALENT_INORGANIC_CATION_HOMEOSTASIS		50	-0.5499898	-1.739922	0.0	0.06052806	0.998	2046	tags=36%, list=19%, signal=44%	
GOBP_NEURON_PROJECTION_REGENERATION	GOBP_NEURON_PROJECTION_REGENERATION		26	-0.64541227	-1.7398562	0.002057613	0.06009079	0.998	1845	tags=50%, list=18%, signal=60%	
HP_LOSS_OF_SPEECH	HP_LOSS_OF_SPEECH		36	-0.584645	-1.7373352	0.0	0.061259914	0.998	1479	tags=39%, list=14%, signal=45%	
GOCC_VACUOLAR_MEMBRANE	GOCC_VACUOLAR_MEMBRANE		311	-0.42749587	-1.7348726	0.0	0.06260044	1.0	1997	tags=30%, list=19%, signal=35%	
GOBP_METAL_ION_TRANSPORT	GOBP_METAL_ION_TRANSPORT		327	-0.42422953	-1.7344644	0.0	0.06240235	1.0	1829	tags=30%, list=17%, signal=36%	
GOMF_PROTEIN_KINASE_ACTIVITY	GOMF_PROTEIN_KINASE_ACTIVITY		354	-0.42453516	-1.7318243	0.0	0.06379593	1.0	1855	tags=27%, list=18%, signal=32%	
GOBP_TAXIS	GOBP_TAXIS		211	-0.44717914	-1.7315396	0.0	0.06355601	1.0	1407	tags=26%, list=13%, signal=29%	
GOCC_PHAGOPHORE_ASSEMBLY_SITE	GOCC_PHAGOPHORE_ASSEMBLY_SITE		27	-0.6319368	-1.727323	0.0	0.06627717	1.0	2937	tags=74%, list=28%, signal=103%	
GOBP_CELL_MORPHOGENESIS	GOBP_CELL_MORPHOGENESIS		450	-0.41024628	-1.7267146	0.0	0.066340216	1.0	1549	tags=25%, list=15%, signal=28%	
GOCC_AP_TYPE_MEMBRANE_COAT_ADAPTOR_COMPLEX	GOCC_AP_TYPE_MEMBRANE_COAT_ADAPTOR_COMPLEX		27	-0.61999995	-1.7264556	0.010121457	0.06601619	1.0	1690	tags=30%, list=16%, signal=35%	
GOCC_AXON	GOCC_AXON		276	-0.43238622	-1.7262987	0.0	0.06565491	1.0	1579	tags=26%, list=15%, signal=29%	
GOMF_PROTEIN_SERINE_THREONINE_KINASE_ACTIVITY	GOMF_PROTEIN_SERINE_THREONINE_KINASE_ACTIVITY		293	-0.42663753	-1.7256112	0.0	0.06575529	1.0	1855	tags=27%, list=18%, signal=31%	
HP_DYSLEXIA	HP_DYSLEXIA		18	-0.69116867	-1.7251778	0.0037453184	0.0656147	1.0	916	tags=33%, list=9%, signal=36%	
GOBP_ACTIN_FILAMENT_ORGANIZATION	GOBP_ACTIN_FILAMENT_ORGANIZATION		238	-0.43662208	-1.7250489	0.0	0.06523767	1.0	2473	tags=38%, list=24%, signal=49%	
GOBP_REGULATION_OF_EPITHELIAL_TO_MESENCHYMAL_TRANSITION	GOBP_REGULATION_OF_EPITHELIAL_TO_MESENCHYMAL_TRANSITION		42	-0.56924784	-1.72504	0.001953125	0.06476493	1.0	930	tags=29%, list=9%, signal=31%	
GOBP_CARDIAC_MUSCLE_CELL_PROLIFERATION	GOBP_CARDIAC_MUSCLE_CELL_PROLIFERATION		20	-0.6712954	-1.7240965	0.003960396	0.065010376	1.0	1308	tags=50%, list=12%, signal=57%	
GOBP_NEGATIVE_REGULATION_OF_RESPONSE_TO_CYTOKINE_STIMULUS	GOBP_NEGATIVE_REGULATION_OF_RESPONSE_TO_CYTOKINE_STIMULUS		39	-0.5714072	-1.7213877	0.001953125	0.06664159	1.0	1286	tags=31%, list=12%, signal=35%	
GOBP_COGNITION	GOBP_COGNITION		123	-0.4678377	-1.720569	0.0	0.066796415	1.0	1212	tags=19%, list=12%, signal=21%	
GOBP_EXOCYTOSIS	GOBP_EXOCYTOSIS		188	-0.44963783	-1.7203565	0.0	0.066579856	1.0	1788	tags=34%, list=17%, signal=40%	
GOBP_ORGANELLE_MEMBRANE_FUSION	GOBP_ORGANELLE_MEMBRANE_FUSION		71	-0.5177678	-1.717535	0.0	0.06851698	1.0	1771	tags=30%, list=17%, signal=35%	
GOBP_NEGATIVE_REGULATION_OF_INTERLEUKIN_6_PRODUCTION	GOBP_NEGATIVE_REGULATION_OF_INTERLEUKIN_6_PRODUCTION		25	-0.62910175	-1.7172445	0.0038387715	0.06820357	1.0	819	tags=36%, list=8%, signal=39%	
GOBP_REGULATION_OF_NEURON_PROJECTION_REGENERATION	GOBP_REGULATION_OF_NEURON_PROJECTION_REGENERATION		16	-0.70753133	-1.7157393	0.0019455253	0.06899484	1.0	1591	tags=50%, list=15%, signal=59%	
GOBP_POSITIVE_REGULATION_OF_REGULATED_SECRETORY_PATHWAY	GOBP_POSITIVE_REGULATION_OF_REGULATED_SECRETORY_PATHWAY		21	-0.6350491	-1.7152711	0.0020833334	0.06890426	1.0	1744	tags=71%, list=17%, signal=85%	
GOBP_ASSOCIATIVE_LEARNING	GOBP_ASSOCIATIVE_LEARNING		31	-0.596899	-1.7146883	0.009689922	0.068958126	1.0	1212	tags=29%, list=12%, signal=33%	
GOBP_PHAGOCYTOSIS	GOBP_PHAGOCYTOSIS		125	-0.46878576	-1.7137753	0.0	0.0691843	1.0	1586	tags=31%, list=15%, signal=36%	
GOCC_CATION_CHANNEL_COMPLEX	GOCC_CATION_CHANNEL_COMPLEX		49	-0.54830074	-1.7135689	0.0019267823	0.06889921	1.0	2467	tags=47%, list=23%, signal=61%	
GOBP_PHOSPHATIDYLCHOLINE_METABOLIC_PROCESS	GOBP_PHOSPHATIDYLCHOLINE_METABOLIC_PROCESS		35	-0.5844146	-1.7128477	0.006012024	0.069045685	1.0	2745	tags=51%, list=26%, signal=69%	
GOBP_REGULATION_OF_ANATOMICAL_STRUCTURE_SIZE	GOBP_REGULATION_OF_ANATOMICAL_STRUCTURE_SIZE		233	-0.43617177	-1.7112827	0.0	0.06975421	1.0	1662	tags=28%, list=16%, signal=33%	
GOBP_LEARNING	GOBP_LEARNING		58	-0.5263382	-1.7075809	0.0019379845	0.072253056	1.0	1212	tags=24%, list=12%, signal=27%	
GOBP_LONG_TERM_SYNAPTIC_POTENTIATION	GOBP_LONG_TERM_SYNAPTIC_POTENTIATION		35	-0.5773494	-1.7059288	0.008213553	0.07321144	1.0	1656	tags=31%, list=16%, signal=37%	
GOBP_REGULATION_OF_LEUKOCYTE_APOPTOTIC_PROCESS	GOBP_REGULATION_OF_LEUKOCYTE_APOPTOTIC_PROCESS		53	-0.53837514	-1.7051271	0.0018484289	0.07336258	1.0	1322	tags=36%, list=13%, signal=41%	
GOMF_CLATHRIN_BINDING	GOMF_CLATHRIN_BINDING		40	-0.5662398	-1.703164	0.007751938	0.07478858	1.0	2348	tags=43%, list=22%, signal=55%	
GOBP_POSITIVE_REGULATION_OF_BIOMINERALIZATION	GOBP_POSITIVE_REGULATION_OF_BIOMINERALIZATION		18	-0.68890977	-1.7027415	0.008281574	0.074689806	1.0	1172	tags=44%, list=11%, signal=50%	
GOBP_POSITIVE_REGULATION_OF_VACUOLE_ORGANIZATION	GOBP_POSITIVE_REGULATION_OF_VACUOLE_ORGANIZATION		17	-0.68859154	-1.7014595	0.0	0.07546055	1.0	1744	tags=47%, list=17%, signal=56%	
GOBP_POSITIVE_REGULATION_OF_TUMOR_NECROSIS_FACTOR_SUPERFAMILY_CYTOKINE_PRODUCTION	GOBP_POSITIVE_REGULATION_OF_TUMOR_NECROSIS_FACTOR_SUPERFAMILY_CYTOKINE_PRODUCTION		58	-0.52330977	-1.7014216	0.0	0.075027056	1.0	1769	tags=47%, list=17%, signal=56%	
GOBP_REGULATION_OF_T_CELL_APOPTOTIC_PROCESS	GOBP_REGULATION_OF_T_CELL_APOPTOTIC_PROCESS		21	-0.6425602	-1.7010101	0.001980198	0.07480448	1.0	1322	tags=43%, list=13%, signal=49%	
GOBP_VISUAL_BEHAVIOR	GOBP_VISUAL_BEHAVIOR		20	-0.6594658	-1.7005697	0.009920635	0.074832305	1.0	324	tags=25%, list=3%, signal=26%	
GOBP_CELLULAR_RESPONSE_TO_PEPTIDE	GOBP_CELLULAR_RESPONSE_TO_PEPTIDE		203	-0.43866804	-1.7000012	0.0	0.074829474	1.0	1861	tags=31%, list=18%, signal=37%	
GOBP_POSITIVE_REGULATION_OF_REACTIVE_OXYGEN_SPECIES_METABOLIC_PROCESS	GOBP_POSITIVE_REGULATION_OF_REACTIVE_OXYGEN_SPECIES_METABOLIC_PROCESS		37	-0.58292943	-1.6994592	0.0020325202	0.07481194	1.0	1236	tags=38%, list=12%, signal=43%	
HP_VASCULITIS	HP_VASCULITIS		35	-0.58365184	-1.698151	0.0019230769	0.075440206	1.0	1577	tags=43%, list=15%, signal=50%	
GOBP_ENDOSOMAL_TRANSPORT	GOBP_ENDOSOMAL_TRANSPORT		173	-0.44551054	-1.6956059	0.0	0.077001646	1.0	1775	tags=28%, list=17%, signal=33%	
GOBP_REGULATION_OF_PH	GOBP_REGULATION_OF_PH		43	-0.5590777	-1.6950074	0.002016129	0.077112064	1.0	2046	tags=35%, list=19%, signal=43%	
GOMF_PROTEIN_MEMBRANE_ADAPTOR_ACTIVITY	GOMF_PROTEIN_MEMBRANE_ADAPTOR_ACTIVITY		15	-0.70366275	-1.6938691	0.0041067763	0.07745339	1.0	1452	tags=47%, list=14%, signal=54%	
GOBP_REGULATION_OF_CELLULAR_PH	GOBP_REGULATION_OF_CELLULAR_PH		42	-0.5610659	-1.6935015	0.002016129	0.07731702	1.0	2046	tags=36%, list=19%, signal=44%	
GOMF_NADPLUS_NUCLEOSIDASE_ACTIVITY	GOMF_NADPLUS_NUCLEOSIDASE_ACTIVITY		16	-0.6800193	-1.6929358	0.007782101	0.07723136	1.0	1248	tags=44%, list=12%, signal=50%	
GOBP_CELLULAR_RESPONSE_TO_CALCIUM_ION	GOBP_CELLULAR_RESPONSE_TO_CALCIUM_ION		37	-0.56771475	-1.6928995	0.006048387	0.076788	1.0	1223	tags=35%, list=12%, signal=40%	
GOMF_SIGNALING_RECEPTOR_COMPLEX_ADAPTOR_ACTIVITY	GOMF_SIGNALING_RECEPTOR_COMPLEX_ADAPTOR_ACTIVITY		33	-0.5787804	-1.6923984	0.0019379845	0.07675449	1.0	2152	tags=45%, list=20%, signal=57%	
GOBP_CELLULAR_RESPONSE_TO_PEPTIDE_HORMONE_STIMULUS	GOBP_CELLULAR_RESPONSE_TO_PEPTIDE_HORMONE_STIMULUS		164	-0.44656876	-1.6911919	0.0	0.07727214	1.0	1861	tags=31%, list=18%, signal=37%	
GOBP_NEGATIVE_REGULATION_OF_TUMOR_NECROSIS_FACTOR_SUPERFAMILY_CYTOKINE_PRODUCTION	GOBP_NEGATIVE_REGULATION_OF_TUMOR_NECROSIS_FACTOR_SUPERFAMILY_CYTOKINE_PRODUCTION		31	-0.5966427	-1.690445	0.00589391	0.077411264	1.0	765	tags=26%, list=7%, signal=28%	
GOBP_PHOSPHATIDYLINOSITOL_3_PHOSPHATE_BIOSYNTHETIC_PROCESS	GOBP_PHOSPHATIDYLINOSITOL_3_PHOSPHATE_BIOSYNTHETIC_PROCESS		20	-0.6441441	-1.6901844	0.0058252425	0.07719205	1.0	3313	tags=80%, list=32%, signal=117%	
GOBP_GOLGI_TO_PLASMA_MEMBRANE_TRANSPORT	GOBP_GOLGI_TO_PLASMA_MEMBRANE_TRANSPORT		49	-0.5452472	-1.689873	0.0019455253	0.077077225	1.0	1822	tags=35%, list=17%, signal=42%	
GOBP_CELLULAR_RESPONSE_TO_INSULIN_STIMULUS	GOBP_CELLULAR_RESPONSE_TO_INSULIN_STIMULUS		129	-0.46240357	-1.6895738	0.0	0.076850414	1.0	1861	tags=31%, list=18%, signal=37%	
GOBP_COLLAGEN_METABOLIC_PROCESS	GOBP_COLLAGEN_METABOLIC_PROCESS		33	-0.58585143	-1.6895078	0.0037243948	0.07646705	1.0	1648	tags=36%, list=16%, signal=43%	
GOBP_RESPONSE_TO_FLUID_SHEAR_STRESS	GOBP_RESPONSE_TO_FLUID_SHEAR_STRESS		18	-0.68272555	-1.6891443	0.003968254	0.076350585	1.0	1443	tags=50%, list=14%, signal=58%	
GOBP_AXON_DEVELOPMENT	GOBP_AXON_DEVELOPMENT		187	-0.43722403	-1.6875925	0.0	0.07710535	1.0	1499	tags=28%, list=14%, signal=32%	
GOBP_NEGATIVE_REGULATION_OF_LEUKOCYTE_APOPTOTIC_PROCESS	GOBP_NEGATIVE_REGULATION_OF_LEUKOCYTE_APOPTOTIC_PROCESS		31	-0.5853152	-1.6867131	0.007797271	0.07752098	1.0	1036	tags=39%, list=10%, signal=43%	
GOBP_REGULATION_OF_MAP_KINASE_ACTIVITY	GOBP_REGULATION_OF_MAP_KINASE_ACTIVITY		92	-0.4862533	-1.6866977	0.0	0.07710318	1.0	1370	tags=28%, list=13%, signal=32%	
GOBP_GOLGI_TO_VACUOLE_TRANSPORT	GOBP_GOLGI_TO_VACUOLE_TRANSPORT		19	-0.658279	-1.6843425	0.005976096	0.07884061	1.0	1462	tags=37%, list=14%, signal=43%	
GOMF_METAL_ION_TRANSMEMBRANE_TRANSPORTER_ACTIVITY	GOMF_METAL_ION_TRANSMEMBRANE_TRANSPORTER_ACTIVITY		132	-0.46274123	-1.6825747	0.0018181818	0.07995317	1.0	2148	tags=35%, list=20%, signal=43%	
GOBP_LEUKOCYTE_MIGRATION	GOBP_LEUKOCYTE_MIGRATION		173	-0.43941084	-1.6822841	0.0	0.0797835	1.0	1547	tags=33%, list=15%, signal=38%	
GOBP_NEGATIVE_REGULATION_OF_DEVELOPMENTAL_GROWTH	GOBP_NEGATIVE_REGULATION_OF_DEVELOPMENTAL_GROWTH		45	-0.54032725	-1.6822484	0.0	0.07939433	1.0	1402	tags=40%, list=13%, signal=46%	
GOBP_REGULATION_OF_CELLULAR_COMPONENT_SIZE	GOBP_REGULATION_OF_CELLULAR_COMPONENT_SIZE		190	-0.43826625	-1.681243	0.0	0.07985979	1.0	2499	tags=40%, list=24%, signal=52%	
GOBP_CELLULAR_PIGMENTATION	GOBP_CELLULAR_PIGMENTATION		37	-0.5644416	-1.679262	0.004032258	0.081322394	1.0	1852	tags=35%, list=18%, signal=43%	
GOBP_TRANSMEMBRANE_RECEPTOR_PROTEIN_TYROSINE_KINASE_SIGNALING_PATHWAY	GOBP_TRANSMEMBRANE_RECEPTOR_PROTEIN_TYROSINE_KINASE_SIGNALING_PATHWAY		267	-0.4190558	-1.6771841	0.0	0.08251722	1.0	2212	tags=35%, list=21%, signal=43%	
GOBP_CATION_TRANSPORT	GOBP_CATION_TRANSPORT		453	-0.40027153	-1.6771547	0.0	0.082109146	1.0	2046	tags=31%, list=19%, signal=36%	
GOBP_REGULATION_OF_VESICLE_MEDIATED_TRANSPORT	GOBP_REGULATION_OF_VESICLE_MEDIATED_TRANSPORT		283	-0.41817504	-1.6749504	0.0	0.08363105	1.0	2159	tags=34%, list=21%, signal=42%	
GOMF_ANDROGEN_RECEPTOR_BINDING	GOMF_ANDROGEN_RECEPTOR_BINDING		23	-0.61932385	-1.6745458	0.0	0.08358915	1.0	2018	tags=39%, list=19%, signal=48%	
GOBP_INORGANIC_ANION_TRANSMEMBRANE_TRANSPORT	GOBP_INORGANIC_ANION_TRANSMEMBRANE_TRANSPORT		32	-0.5802746	-1.6727834	0.0	0.08470576	1.0	829	tags=31%, list=8%, signal=34%	
GOBP_VACUOLE_ORGANIZATION	GOBP_VACUOLE_ORGANIZATION		149	-0.44561785	-1.672559	0.0	0.084434144	1.0	2045	tags=32%, list=19%, signal=39%	
GOMF_FERROUS_IRON_BINDING	GOMF_FERROUS_IRON_BINDING		17	-0.6650696	-1.6723043	0.004048583	0.084184006	1.0	800	tags=24%, list=8%, signal=25%	
GOMF_GLYCOLIPID_BINDING	GOMF_GLYCOLIPID_BINDING		17	-0.66865337	-1.6713445	0.019417476	0.084661126	1.0	1041	tags=35%, list=10%, signal=39%	
GOBP_REGULATION_OF_ACTIN_FILAMENT_ORGANIZATION	GOBP_REGULATION_OF_ACTIN_FILAMENT_ORGANIZATION		150	-0.44308588	-1.6703228	0.0	0.08515966	1.0	2473	tags=35%, list=24%, signal=46%	
GOBP_RECEPTOR_CATABOLIC_PROCESS	GOBP_RECEPTOR_CATABOLIC_PROCESS		26	-0.59947526	-1.6697336	0.009940358	0.08531235	1.0	2071	tags=54%, list=20%, signal=67%	
GOBP_POSITIVE_REGULATION_OF_INSULIN_SECRETION	GOBP_POSITIVE_REGULATION_OF_INSULIN_SECRETION		34	-0.5707192	-1.6690706	0.003717472	0.08547637	1.0	1344	tags=26%, list=13%, signal=30%	
GOBP_EMBRYONIC_HEART_TUBE_MORPHOGENESIS	GOBP_EMBRYONIC_HEART_TUBE_MORPHOGENESIS		26	-0.6211564	-1.6677667	0.015355086	0.08630699	1.0	794	tags=31%, list=8%, signal=33%	
GOBP_POSITIVE_REGULATION_OF_OSSIFICATION	GOBP_POSITIVE_REGULATION_OF_OSSIFICATION		18	-0.65940726	-1.6666739	0.01026694	0.08697289	1.0	1029	tags=39%, list=10%, signal=43%	
GOBP_EMBRYONIC_HEART_TUBE_DEVELOPMENT	GOBP_EMBRYONIC_HEART_TUBE_DEVELOPMENT		31	-0.5746627	-1.6642817	0.003960396	0.0888563	1.0	794	tags=26%, list=8%, signal=28%	
GOCC_AUTOPHAGOSOME	GOCC_AUTOPHAGOSOME		83	-0.48566386	-1.6640458	0.001984127	0.088599406	1.0	1622	tags=28%, list=15%, signal=33%	
GOBP_REGULATION_OF_ACTIN_FILAMENT_BASED_PROCESS	GOBP_REGULATION_OF_ACTIN_FILAMENT_BASED_PROCESS		203	-0.42394906	-1.6637529	0.0	0.08846637	1.0	1528	tags=24%, list=15%, signal=27%	
GOBP_NEGATIVE_REGULATION_OF_ACTIN_FILAMENT_POLYMERIZATION	GOBP_NEGATIVE_REGULATION_OF_ACTIN_FILAMENT_POLYMERIZATION		33	-0.582214	-1.6633441	0.005859375	0.0884487	1.0	920	tags=24%, list=9%, signal=26%	
GOBP_SCHWANN_CELL_DIFFERENTIATION	GOBP_SCHWANN_CELL_DIFFERENTIATION		22	-0.6198395	-1.6615578	0.012072435	0.089719616	1.0	1529	tags=41%, list=15%, signal=48%	
GOCC_INTRINSIC_COMPONENT_OF_PLASMA_MEMBRANE	GOCC_INTRINSIC_COMPONENT_OF_PLASMA_MEMBRANE		493	-0.39734563	-1.6614327	0.0	0.089372374	1.0	1579	tags=27%, list=15%, signal=30%	
GOMF_KINASE_ACTIVITY	GOMF_KINASE_ACTIVITY		474	-0.39642334	-1.6613463	0.0	0.08902332	1.0	2153	tags=29%, list=20%, signal=35%	
GOBP_WATER_HOMEOSTASIS	GOBP_WATER_HOMEOSTASIS		22	-0.6399088	-1.6607028	0.012578616	0.08932944	1.0	767	tags=32%, list=7%, signal=34%	
GOMF_INOSITOL_PHOSPHATE_PHOSPHATASE_ACTIVITY	GOMF_INOSITOL_PHOSPHATE_PHOSPHATASE_ACTIVITY		15	-0.6973159	-1.6603799	0.01372549	0.089180104	1.0	1641	tags=53%, list=16%, signal=63%	
GOBP_SYNCYTIUM_FORMATION	GOBP_SYNCYTIUM_FORMATION		27	-0.59887487	-1.6597619	0.003960396	0.08931678	1.0	1756	tags=41%, list=17%, signal=49%	
GOBP_REGULATION_OF_NEURON_PROJECTION_DEVELOPMENT	GOBP_REGULATION_OF_NEURON_PROJECTION_DEVELOPMENT		201	-0.42909235	-1.6594187	0.0	0.08924566	1.0	1604	tags=27%, list=15%, signal=31%	
GOBP_CELL_CELL_ADHESION	GOBP_CELL_CELL_ADHESION		363	-0.40600926	-1.6583755	0.0	0.08973961	1.0	1402	tags=27%, list=13%, signal=30%	
GOBP_POSITIVE_REGULATION_OF_CYTOKINE_PRODUCTION	GOBP_POSITIVE_REGULATION_OF_CYTOKINE_PRODUCTION		249	-0.42040882	-1.6583524	0.0	0.089355014	1.0	1036	tags=29%, list=10%, signal=31%	
GOMF_LIPID_BINDING	GOMF_LIPID_BINDING		414	-0.3989039	-1.6578062	0.0	0.08943296	1.0	2197	tags=33%, list=21%, signal=40%	
GOCC_PERIKARYON	GOCC_PERIKARYON		47	-0.5246917	-1.6571397	0.0059405942	0.0896192	1.0	1348	tags=34%, list=13%, signal=39%	
GOBP_PHAGOSOME_MATURATION	GOBP_PHAGOSOME_MATURATION		16	-0.67289	-1.6571393	0.018218623	0.08920237	1.0	1590	tags=31%, list=15%, signal=37%	
GOBP_REGULATION_OF_INSULIN_RECEPTOR_SIGNALING_PATHWAY	GOBP_REGULATION_OF_INSULIN_RECEPTOR_SIGNALING_PATHWAY		39	-0.5444778	-1.6566054	0.010504202	0.08928028	1.0	1729	tags=38%, list=16%, signal=46%	
GOBP_MICROGLIAL_CELL_ACTIVATION	GOBP_MICROGLIAL_CELL_ACTIVATION		23	-0.61984986	-1.6561097	0.008368201	0.08936803	1.0	1236	tags=35%, list=12%, signal=39%	
GOBP_REGULATION_OF_GTPASE_ACTIVITY	GOBP_REGULATION_OF_GTPASE_ACTIVITY		214	-0.42167628	-1.6555833	0.0	0.08950817	1.0	1463	tags=24%, list=14%, signal=27%	
GOBP_HETEROTYPIC_CELL_CELL_ADHESION	GOBP_HETEROTYPIC_CELL_CELL_ADHESION		31	-0.5889617	-1.6552998	0.01532567	0.089370735	1.0	1363	tags=39%, list=13%, signal=44%	
GOBP_MONONUCLEAR_CELL_MIGRATION	GOBP_MONONUCLEAR_CELL_MIGRATION		89	-0.47360486	-1.6545703	0.0019762847	0.08957401	1.0	1506	tags=34%, list=14%, signal=39%	
GOBP_RESPONSE_TO_INSULIN	GOBP_RESPONSE_TO_INSULIN		157	-0.44156495	-1.6538957	0.0	0.08986499	1.0	1861	tags=29%, list=18%, signal=34%	
GOMF_PHOSPHOLIPID_BINDING	GOMF_PHOSPHOLIPID_BINDING		266	-0.41758052	-1.6535381	0.0	0.089801	1.0	2242	tags=34%, list=21%, signal=42%	
GOCC_PROTEIN_COMPLEX_INVOLVED_IN_CELL_ADHESION	GOCC_PROTEIN_COMPLEX_INVOLVED_IN_CELL_ADHESION		18	-0.6609875	-1.6528109	0.006289308	0.090113826	1.0	1547	tags=50%, list=15%, signal=59%	
GOBP_REGULATION_OF_ION_TRANSPORT	GOBP_REGULATION_OF_ION_TRANSPORT		234	-0.41805574	-1.6522518	0.0	0.09018448	1.0	2030	tags=34%, list=19%, signal=41%	
GOCC_ENDOSOME_MEMBRANE	GOCC_ENDOSOME_MEMBRANE		352	-0.40396094	-1.6510725	0.0	0.09091111	1.0	2164	tags=31%, list=21%, signal=38%	
GOCC_MAIN_AXON	GOCC_MAIN_AXON		16	-0.66865546	-1.6503087	0.018	0.09113799	1.0	1156	tags=44%, list=11%, signal=49%	
GOBP_POTASSIUM_ION_TRANSPORT	GOBP_POTASSIUM_ION_TRANSPORT		65	-0.48943564	-1.6503046	0.0	0.0907365	1.0	1818	tags=38%, list=17%, signal=46%	
GOBP_REGULATION_OF_CELL_SUBSTRATE_ADHESION	GOBP_REGULATION_OF_CELL_SUBSTRATE_ADHESION		102	-0.46303928	-1.6498299	0.0	0.090736516	1.0	1175	tags=26%, list=11%, signal=30%	
GOBP_REGULATION_OF_RESPONSE_TO_CYTOKINE_STIMULUS	GOBP_REGULATION_OF_RESPONSE_TO_CYTOKINE_STIMULUS		106	-0.46037033	-1.64899	0.0	0.091103636	1.0	1029	tags=22%, list=10%, signal=24%	
GOBP_EPITHELIAL_TO_MESENCHYMAL_TRANSITION	GOBP_EPITHELIAL_TO_MESENCHYMAL_TRANSITION		73	-0.48619726	-1.6486391	0.0	0.09108751	1.0	930	tags=26%, list=9%, signal=28%	
GOMF_ACTIN_BINDING	GOMF_ACTIN_BINDING		216	-0.4292995	-1.6468594	0.0	0.09236299	1.0	2277	tags=35%, list=22%, signal=44%	
GOBP_DOPAMINE_RECEPTOR_SIGNALING_PATHWAY	GOBP_DOPAMINE_RECEPTOR_SIGNALING_PATHWAY		22	-0.61859155	-1.6466048	0.014141414	0.09214535	1.0	811	tags=32%, list=8%, signal=34%	
GOBP_REGULATION_OF_COLLAGEN_METABOLIC_PROCESS	GOBP_REGULATION_OF_COLLAGEN_METABOLIC_PROCESS		15	-0.67986304	-1.6457474	0.020242915	0.09241491	1.0	1435	tags=47%, list=14%, signal=54%	
GOMF_PDZ_DOMAIN_BINDING	GOMF_PDZ_DOMAIN_BINDING		41	-0.54310966	-1.644518	0.0116959065	0.093238614	1.0	2467	tags=39%, list=23%, signal=51%	
GOBP_REGULATION_OF_ENDOCYTOSIS	GOBP_REGULATION_OF_ENDOCYTOSIS		117	-0.45779905	-1.6423949	0.001858736	0.094826944	1.0	2546	tags=39%, list=24%, signal=51%	
GOBP_MESENCHYME_MORPHOGENESIS	GOBP_MESENCHYME_MORPHOGENESIS		19	-0.6282093	-1.6423467	0.028571429	0.094489306	1.0	595	tags=32%, list=6%, signal=33%	
GOBP_GLYCOSPHINGOLIPID_METABOLIC_PROCESS	GOBP_GLYCOSPHINGOLIPID_METABOLIC_PROCESS		38	-0.54603827	-1.6423441	0.00967118	0.09409062	1.0	884	tags=29%, list=8%, signal=31%	
GOBP_CELL_PROJECTION_ASSEMBLY	GOBP_CELL_PROJECTION_ASSEMBLY		332	-0.4035371	-1.6418433	0.0	0.0941411	1.0	1995	tags=27%, list=19%, signal=32%	
GOMF_TRANSMEMBRANE_RECEPTOR_PROTEIN_KINASE_ACTIVITY	GOMF_TRANSMEMBRANE_RECEPTOR_PROTEIN_KINASE_ACTIVITY		23	-0.6010231	-1.6399367	0.009652509	0.09552943	1.0	2262	tags=61%, list=22%, signal=77%	
GOBP_REGULATION_OF_RAS_PROTEIN_SIGNAL_TRANSDUCTION	GOBP_REGULATION_OF_RAS_PROTEIN_SIGNAL_TRANSDUCTION		117	-0.45056272	-1.6398276	0.0	0.09521383	1.0	1620	tags=26%, list=15%, signal=31%	
GOCC_RECEPTOR_COMPLEX	GOCC_RECEPTOR_COMPLEX		138	-0.44529948	-1.6394793	0.0019607844	0.09511335	1.0	2352	tags=49%, list=22%, signal=63%	
GOBP_MULTIVESICULAR_BODY_SORTING_PATHWAY	GOBP_MULTIVESICULAR_BODY_SORTING_PATHWAY		29	-0.5674993	-1.6391734	0.00998004	0.09500973	1.0	1977	tags=41%, list=19%, signal=51%	
GOBP_NEGATIVE_REGULATION_OF_GROWTH	GOBP_NEGATIVE_REGULATION_OF_GROWTH		112	-0.45665228	-1.6390541	0.0	0.09471472	1.0	1718	tags=32%, list=16%, signal=38%	
HP_ABNORMAL_LYMPHOCYTE_MORPHOLOGY	HP_ABNORMAL_LYMPHOCYTE_MORPHOLOGY		137	-0.4411957	-1.6389672	0.0	0.094417736	1.0	1644	tags=32%, list=16%, signal=38%	
HP_HEMOPTYSIS	HP_HEMOPTYSIS		23	-0.6059138	-1.6389369	0.009727626	0.094093844	1.0	931	tags=39%, list=9%, signal=43%	
GOBP_CILIUM_ORGANIZATION	GOBP_CILIUM_ORGANIZATION		220	-0.4191796	-1.6389221	0.0	0.09371594	1.0	1988	tags=27%, list=19%, signal=32%	
GOBP_NEGATIVE_REGULATION_OF_EXOCYTOSIS	GOBP_NEGATIVE_REGULATION_OF_EXOCYTOSIS		18	-0.6387972	-1.6385881	0.01372549	0.093665786	1.0	1754	tags=39%, list=17%, signal=47%	
GOBP_POSITIVE_REGULATION_OF_SMALL_GTPASE_MEDIATED_SIGNAL_TRANSDUCTION	GOBP_POSITIVE_REGULATION_OF_SMALL_GTPASE_MEDIATED_SIGNAL_TRANSDUCTION		34	-0.57294446	-1.6380745	0.0077220076	0.09377596	1.0	1371	tags=35%, list=13%, signal=40%	
GOBP_VESICLE_TRANSPORT_ALONG_MICROTUBULE	GOBP_VESICLE_TRANSPORT_ALONG_MICROTUBULE		34	-0.5593165	-1.6377258	0.006	0.09367588	1.0	2055	tags=26%, list=20%, signal=33%	
GOCC_INTEGRIN_COMPLEX	GOCC_INTEGRIN_COMPLEX		15	-0.6762009	-1.6372104	0.008230452	0.093777195	1.0	1547	tags=53%, list=15%, signal=62%	
GOMF_PROTEIN_SERINE_THREONINE_TYROSINE_KINASE_ACTIVITY	GOMF_PROTEIN_SERINE_THREONINE_TYROSINE_KINASE_ACTIVITY		279	-0.41362694	-1.637107	0.0	0.09350107	1.0	2286	tags=32%, list=22%, signal=40%	
GOBP_POSITIVE_REGULATION_OF_GTPASE_ACTIVITY	GOBP_POSITIVE_REGULATION_OF_GTPASE_ACTIVITY		159	-0.43398243	-1.6364341	0.0	0.0937674	1.0	1949	tags=29%, list=19%, signal=35%	
GOCC_PRESYNAPTIC_MEMBRANE	GOCC_PRESYNAPTIC_MEMBRANE		45	-0.5287494	-1.6351355	0.0038535646	0.09458559	1.0	1456	tags=27%, list=14%, signal=31%	
GOBP_PROTEIN_LOCALIZATION_TO_PLASMA_MEMBRANE	GOBP_PROTEIN_LOCALIZATION_TO_PLASMA_MEMBRANE		182	-0.42274913	-1.6348946	0.0	0.09444705	1.0	1852	tags=29%, list=18%, signal=35%	
GOCC_DISTAL_AXON	GOCC_DISTAL_AXON		120	-0.45085508	-1.6346538	0.0	0.09435913	1.0	2187	tags=38%, list=21%, signal=47%	
GOBP_NEGATIVE_REGULATION_OF_CYTOKINE_PRODUCTION	GOBP_NEGATIVE_REGULATION_OF_CYTOKINE_PRODUCTION		146	-0.4356962	-1.6330931	0.0	0.09547832	1.0	983	tags=25%, list=9%, signal=27%	
GOCC_ACTIN_CYTOSKELETON	GOCC_ACTIN_CYTOSKELETON		254	-0.4129074	-1.6315148	0.0	0.096727364	1.0	2002	tags=30%, list=19%, signal=37%	
GOBP_OVULATION_CYCLE_PROCESS	GOBP_OVULATION_CYCLE_PROCESS		15	-0.6768155	-1.6313176	0.013422819	0.096501395	1.0	1081	tags=40%, list=10%, signal=45%	
GOBP_POSITIVE_REGULATION_OF_EXOCYTOSIS	GOBP_POSITIVE_REGULATION_OF_EXOCYTOSIS		38	-0.5553127	-1.6312302	0.001984127	0.0962184	1.0	1788	tags=50%, list=17%, signal=60%	
GOBP_CYTOKINE_MEDIATED_SIGNALING_PATHWAY	GOBP_CYTOKINE_MEDIATED_SIGNALING_PATHWAY		247	-0.41484472	-1.6305218	0.0	0.09644806	1.0	1075	tags=23%, list=10%, signal=26%	
GOBP_SMALL_GTPASE_MEDIATED_SIGNAL_TRANSDUCTION	GOBP_SMALL_GTPASE_MEDIATED_SIGNAL_TRANSDUCTION		314	-0.40134385	-1.630127	0.0	0.09648453	1.0	1782	tags=26%, list=17%, signal=31%	
GOCC_POTASSIUM_CHANNEL_COMPLEX	GOCC_POTASSIUM_CHANNEL_COMPLEX		19	-0.64034724	-1.6301241	0.00996016	0.09611627	1.0	2467	tags=53%, list=23%, signal=69%	
GOCC_CELL_CELL_CONTACT_ZONE	GOCC_CELL_CELL_CONTACT_ZONE		28	-0.58109355	-1.6299968	0.008097166	0.095866024	1.0	1094	tags=32%, list=10%, signal=36%	
GOMF_HYDROLASE_ACTIVITY_ACTING_ON_GLYCOSYL_BONDS	GOMF_HYDROLASE_ACTIVITY_ACTING_ON_GLYCOSYL_BONDS		80	-0.47657165	-1.6295679	0.001953125	0.095938705	1.0	1765	tags=30%, list=17%, signal=36%	
GOBP_ACTIN_CYTOSKELETON_REORGANIZATION	GOBP_ACTIN_CYTOSKELETON_REORGANIZATION		62	-0.49887648	-1.6281724	0.002	0.09689385	1.0	1463	tags=31%, list=14%, signal=35%	
GOBP_NEGATIVE_REGULATION_OF_MULTICELLULAR_ORGANISMAL_PROCESS	GOBP_NEGATIVE_REGULATION_OF_MULTICELLULAR_ORGANISMAL_PROCESS		432	-0.38894305	-1.6277133	0.0	0.09709013	1.0	1344	tags=24%, list=13%, signal=26%	
GOBP_LATE_ENDOSOME_TO_VACUOLE_TRANSPORT	GOBP_LATE_ENDOSOME_TO_VACUOLE_TRANSPORT		22	-0.6175033	-1.6266623	0.01183432	0.09767639	1.0	1736	tags=41%, list=17%, signal=49%	
HP_TRANSIENT_ISCHEMIC_ATTACK	HP_TRANSIENT_ISCHEMIC_ATTACK		26	-0.58693844	-1.6257725	0.011650485	0.09819296	1.0	794	tags=27%, list=8%, signal=29%	
GOBP_CELLULAR_RESPONSE_TO_NITROGEN_COMPOUND	GOBP_CELLULAR_RESPONSE_TO_NITROGEN_COMPOUND		355	-0.39331457	-1.6236413	0.0	0.09979299	1.0	1460	tags=24%, list=14%, signal=27%	
GOBP_NEGATIVE_REGULATION_OF_ACTIN_FILAMENT_BUNDLE_ASSEMBLY	GOBP_NEGATIVE_REGULATION_OF_ACTIN_FILAMENT_BUNDLE_ASSEMBLY		15	-0.6780414	-1.6236118	0.015444015	0.09944079	1.0	886	tags=27%, list=8%, signal=29%	
GOBP_PROTEIN_LOCALIZATION_TO_CELL_PERIPHERY	GOBP_PROTEIN_LOCALIZATION_TO_CELL_PERIPHERY		211	-0.4171538	-1.6235373	0.0	0.099129476	1.0	1852	tags=27%, list=18%, signal=33%	
GOCC_MULTIVESICULAR_BODY_MEMBRANE	GOCC_MULTIVESICULAR_BODY_MEMBRANE		21	-0.62068254	-1.6232264	0.011583012	0.099158995	1.0	952	tags=38%, list=9%, signal=42%	
GOMF_PHOSPHATIDYLSERINE_BINDING	GOMF_PHOSPHATIDYLSERINE_BINDING		24	-0.5912534	-1.6207062	0.020408163	0.10127383	1.0	873	tags=33%, list=8%, signal=36%	
GOBP_LEUKOCYTE_APOPTOTIC_PROCESS	GOBP_LEUKOCYTE_APOPTOTIC_PROCESS		73	-0.48920897	-1.619625	0.0020120724	0.10206819	1.0	1036	tags=30%, list=10%, signal=33%	
GOBP_LONG_TERM_MEMORY	GOBP_LONG_TERM_MEMORY		18	-0.6321187	-1.6189754	0.023012552	0.10226046	1.0	1134	tags=33%, list=11%, signal=37%	
GOBP_POSITIVE_REGULATION_OF_PLASMA_MEMBRANE_BOUNDED_CELL_PROJECTION_ASSEMBLY	GOBP_POSITIVE_REGULATION_OF_PLASMA_MEMBRANE_BOUNDED_CELL_PROJECTION_ASSEMBLY		65	-0.48738247	-1.6188222	0.0	0.102075465	1.0	2676	tags=40%, list=25%, signal=53%	
GOCC_ADHERENS_JUNCTION	GOCC_ADHERENS_JUNCTION		80	-0.47131693	-1.6172264	0.0	0.10332934	1.0	1845	tags=36%, list=18%, signal=44%	
GOBP_POSITIVE_REGULATION_OF_PROTEIN_TARGETING_TO_MEMBRANE	GOBP_POSITIVE_REGULATION_OF_PROTEIN_TARGETING_TO_MEMBRANE		20	-0.62058693	-1.6171733	0.012219959	0.10303362	1.0	1811	tags=45%, list=17%, signal=54%	
GOBP_RECEPTOR_RECYCLING	GOBP_RECEPTOR_RECYCLING		24	-0.60255533	-1.6166354	0.014141414	0.10316057	1.0	2295	tags=50%, list=22%, signal=64%	
GOMF_SNARE_BINDING	GOMF_SNARE_BINDING		67	-0.48500347	-1.6163045	0.0055350554	0.10306282	1.0	2448	tags=33%, list=23%, signal=43%	
GOBP_REGULATION_OF_DEFENSE_RESPONSE	GOBP_REGULATION_OF_DEFENSE_RESPONSE		336	-0.39581358	-1.616033	0.0	0.1029361	1.0	1467	tags=27%, list=14%, signal=30%	
GOBP_POSITIVE_REGULATION_OF_CELL_PROJECTION_ORGANIZATION	GOBP_POSITIVE_REGULATION_OF_CELL_PROJECTION_ORGANIZATION		180	-0.42214832	-1.6156393	0.0	0.1029753	1.0	2179	tags=32%, list=21%, signal=40%	
GOBP_REGULATION_OF_CELL_MORPHOGENESIS	GOBP_REGULATION_OF_CELL_MORPHOGENESIS		168	-0.42539862	-1.615404	0.0018975332	0.102866545	1.0	1546	tags=26%, list=15%, signal=30%	
GOMF_KINASE_INHIBITOR_ACTIVITY	GOMF_KINASE_INHIBITOR_ACTIVITY		49	-0.5115487	-1.6153079	0.007797271	0.10262724	1.0	466	tags=16%, list=4%, signal=17%	
GOCC_SYNAPTIC_MEMBRANE	GOCC_SYNAPTIC_MEMBRANE		114	-0.4510911	-1.6146348	0.0	0.10297022	1.0	1242	tags=22%, list=12%, signal=25%	
GOBP_REGULATION_OF_TYPE_I_INTERFERON_MEDIATED_SIGNALING_PATHWAY	GOBP_REGULATION_OF_TYPE_I_INTERFERON_MEDIATED_SIGNALING_PATHWAY		33	-0.560894	-1.6142582	0.009633912	0.10303025	1.0	1029	tags=33%, list=10%, signal=37%	
GOBP_REGULATION_OF_LYMPHOCYTE_MIGRATION	GOBP_REGULATION_OF_LYMPHOCYTE_MIGRATION		37	-0.5492944	-1.6140801	0.0056179776	0.102890134	1.0	2121	tags=49%, list=20%, signal=61%	
GOBP_RESPONSE_TO_CALCIUM_ION	GOBP_RESPONSE_TO_CALCIUM_ION		72	-0.48190755	-1.6137286	0.001934236	0.10286491	1.0	1223	tags=28%, list=12%, signal=31%	
GOBP_REGULATION_OF_ACTIN_FILAMENT_LENGTH	GOBP_REGULATION_OF_ACTIN_FILAMENT_LENGTH		90	-0.46877488	-1.6134276	0.0	0.10283604	1.0	2473	tags=40%, list=24%, signal=52%	
GOBP_MAINTENANCE_OF_LOCATION_IN_CELL	GOBP_MAINTENANCE_OF_LOCATION_IN_CELL		122	-0.43811917	-1.613125	0.0	0.10284668	1.0	2174	tags=39%, list=21%, signal=48%	
HP_AMAUROSIS_FUGAX	HP_AMAUROSIS_FUGAX		22	-0.6022574	-1.6123322	0.023076924	0.10328947	1.0	1272	tags=27%, list=12%, signal=31%	
GOBP_CALCIUM_ION_TRANSPORT_INTO_CYTOSOL	GOBP_CALCIUM_ION_TRANSPORT_INTO_CYTOSOL		60	-0.5035153	-1.6122222	0.0019193857	0.10312752	1.0	2121	tags=43%, list=20%, signal=54%	
GOBP_SYNAPTIC_VESICLE_EXOCYTOSIS	GOBP_SYNAPTIC_VESICLE_EXOCYTOSIS		48	-0.5129396	-1.6119038	0.0058252425	0.103097655	1.0	1527	tags=25%, list=15%, signal=29%	
GOBP_DEFENSE_RESPONSE_TO_SYMBIONT	GOBP_DEFENSE_RESPONSE_TO_SYMBIONT		179	-0.4218591	-1.6113857	0.0	0.103178516	1.0	1460	tags=33%, list=14%, signal=38%	
GOCC_LATE_ENDOSOME	GOCC_LATE_ENDOSOME		188	-0.4205704	-1.6107188	0.0	0.1034277	1.0	2164	tags=31%, list=21%, signal=39%	
GOBP_REGULATION_OF_DOUBLE_STRAND_BREAK_REPAIR_VIA_NONHOMOLOGOUS_END_JOINING	GOBP_REGULATION_OF_DOUBLE_STRAND_BREAK_REPAIR_VIA_NONHOMOLOGOUS_END_JOINING		19	-0.6364597	-1.6099589	0.012096774	0.10384577	1.0	339	tags=21%, list=3%, signal=22%	
GOBP_REGULATION_OF_CALCIUM_ION_TRANSPORT	GOBP_REGULATION_OF_CALCIUM_ION_TRANSPORT		96	-0.46028736	-1.6095968	0.0	0.103856236	1.0	1258	tags=27%, list=12%, signal=30%	
GOCC_LEADING_EDGE_MEMBRANE	GOCC_LEADING_EDGE_MEMBRANE		86	-0.46477562	-1.6086972	0.0	0.10443814	1.0	2454	tags=41%, list=23%, signal=53%	
GOBP_CELL_MORPHOGENESIS_INVOLVED_IN_NEURON_DIFFERENTIATION	GOBP_CELL_MORPHOGENESIS_INVOLVED_IN_NEURON_DIFFERENTIATION		226	-0.40786418	-1.6082681	0.0	0.104560286	1.0	1477	tags=24%, list=14%, signal=28%	
GOBP_T_CELL_ACTIVATION	GOBP_T_CELL_ACTIVATION		300	-0.39859563	-1.6076896	0.0	0.10477812	1.0	1341	tags=29%, list=13%, signal=32%	
GOBP_REGULATION_OF_TOLL_LIKE_RECEPTOR_SIGNALING_PATHWAY	GOBP_REGULATION_OF_TOLL_LIKE_RECEPTOR_SIGNALING_PATHWAY		48	-0.51752216	-1.6074511	0.0057803467	0.10469666	1.0	887	tags=21%, list=8%, signal=23%	
GOBP_NERVOUS_SYSTEM_PROCESS	GOBP_NERVOUS_SYSTEM_PROCESS		325	-0.3949346	-1.6073781	0.0	0.10445383	1.0	1218	tags=18%, list=12%, signal=20%	
GOMF_STEROID_BINDING	GOMF_STEROID_BINDING		53	-0.50290495	-1.6070869	0.005859375	0.10439329	1.0	1327	tags=26%, list=13%, signal=30%	
GOBP_ARF_PROTEIN_SIGNAL_TRANSDUCTION	GOBP_ARF_PROTEIN_SIGNAL_TRANSDUCTION		16	-0.6565993	-1.6064261	0.016129032	0.104700916	1.0	1769	tags=38%, list=17%, signal=45%	
GOMF_PROTEASE_BINDING	GOMF_PROTEASE_BINDING		79	-0.47118688	-1.6064081	0.0	0.104372874	1.0	1460	tags=30%, list=14%, signal=35%	
GOBP_ORGANIC_HYDROXY_COMPOUND_TRANSPORT	GOBP_ORGANIC_HYDROXY_COMPOUND_TRANSPORT		97	-0.44824538	-1.6062312	0.0019569471	0.104236834	1.0	1336	tags=26%, list=13%, signal=29%	
GOMF_ENZYME_ACTIVATOR_ACTIVITY	GOMF_ENZYME_ACTIVATOR_ACTIVITY		349	-0.39109728	-1.6056595	0.0	0.1045764	1.0	2005	tags=31%, list=19%, signal=37%	
GOBP_REGULATION_OF_T_CELL_MIGRATION	GOBP_REGULATION_OF_T_CELL_MIGRATION		28	-0.5712232	-1.6038307	0.0076923077	0.10593968	1.0	2077	tags=50%, list=20%, signal=62%	
GOBP_INFLAMMATORY_RESPONSE	GOBP_INFLAMMATORY_RESPONSE		349	-0.39431942	-1.6036017	0.0	0.105886996	1.0	1322	tags=26%, list=13%, signal=29%	
HP_DECREASED_LYMPHOCYTE_PROLIFERATION_IN_RESPONSE_TO_MITOGEN	HP_DECREASED_LYMPHOCYTE_PROLIFERATION_IN_RESPONSE_TO_MITOGEN		19	-0.614684	-1.6035082	0.016161617	0.10562408	1.0	1290	tags=47%, list=12%, signal=54%	
GOCC_FICOLIN_1_RICH_GRANULE_MEMBRANE	GOCC_FICOLIN_1_RICH_GRANULE_MEMBRANE		26	-0.5804126	-1.6026298	0.017821781	0.1062475	1.0	1528	tags=35%, list=15%, signal=40%	
HP_OSTEOARTHRITIS	HP_OSTEOARTHRITIS		26	-0.5777466	-1.6025432	0.020491803	0.10599251	1.0	931	tags=27%, list=9%, signal=29%	
GOBP_NEGATIVE_REGULATION_OF_MAP_KINASE_ACTIVITY	GOBP_NEGATIVE_REGULATION_OF_MAP_KINASE_ACTIVITY		32	-0.55109674	-1.6022949	0.0124223605	0.10588467	1.0	549	tags=25%, list=5%, signal=26%	
GOBP_INORGANIC_ION_TRANSMEMBRANE_TRANSPORT	GOBP_INORGANIC_ION_TRANSMEMBRANE_TRANSPORT		312	-0.39956382	-1.6021959	0.0	0.105614446	1.0	2046	tags=30%, list=19%, signal=36%	
HP_INCREASED_LDL_CHOLESTEROL_CONCENTRATION	HP_INCREASED_LDL_CHOLESTEROL_CONCENTRATION		15	-0.6572507	-1.6014217	0.033797216	0.10611468	1.0	420	tags=33%, list=4%, signal=35%	
GOMF_KINESIN_BINDING	GOMF_KINESIN_BINDING		29	-0.57946146	-1.6011682	0.021276595	0.106080815	1.0	571	tags=17%, list=5%, signal=18%	
GOBP_ACTIVATION_OF_GTPASE_ACTIVITY	GOBP_ACTIVATION_OF_GTPASE_ACTIVITY		68	-0.48134878	-1.6010203	0.007751938	0.10588244	1.0	1675	tags=32%, list=16%, signal=38%	
GOBP_CELL_VOLUME_HOMEOSTASIS	GOBP_CELL_VOLUME_HOMEOSTASIS		17	-0.64922786	-1.6009467	0.026369167	0.10561879	1.0	1619	tags=53%, list=15%, signal=62%	
GOBP_ADAPTIVE_IMMUNE_RESPONSE	GOBP_ADAPTIVE_IMMUNE_RESPONSE		231	-0.407316	-1.600923	0.0	0.10530218	1.0	1261	tags=29%, list=12%, signal=32%	
GOBP_ACTIN_FILAMENT_BASED_MOVEMENT	GOBP_ACTIN_FILAMENT_BASED_MOVEMENT		53	-0.5001109	-1.5993409	0.007707129	0.10644266	1.0	2112	tags=45%, list=20%, signal=56%	
GOBP_ENZYME_LINKED_RECEPTOR_PROTEIN_SIGNALING_PATHWAY	GOBP_ENZYME_LINKED_RECEPTOR_PROTEIN_SIGNALING_PATHWAY		401	-0.38894722	-1.5980293	0.0	0.10744011	1.0	1861	tags=28%, list=18%, signal=32%	
GOMF_NADPLUS_BINDING	GOMF_NADPLUS_BINDING		15	-0.6596518	-1.5968373	0.031128405	0.10834304	1.0	526	tags=27%, list=5%, signal=28%	
GOMF_CATION_TRANSMEMBRANE_TRANSPORTER_ACTIVITY	GOMF_CATION_TRANSMEMBRANE_TRANSPORTER_ACTIVITY		227	-0.40521017	-1.595734	0.0	0.10926187	1.0	2046	tags=30%, list=19%, signal=36%	
GOBP_CYTOSOLIC_CALCIUM_ION_TRANSPORT	GOBP_CYTOSOLIC_CALCIUM_ION_TRANSPORT		75	-0.4756687	-1.5940154	0.002057613	0.11058159	1.0	2121	tags=41%, list=20%, signal=51%	
GOCC_VACUOLAR_LUMEN	GOCC_VACUOLAR_LUMEN		100	-0.45225242	-1.5935994	0.0	0.11067108	1.0	1657	tags=34%, list=16%, signal=40%	
GOBP_NEGATIVE_REGULATION_OF_NEURON_PROJECTION_DEVELOPMENT	GOBP_NEGATIVE_REGULATION_OF_NEURON_PROJECTION_DEVELOPMENT		61	-0.48595876	-1.5933069	0.0116731515	0.11063121	1.0	1604	tags=34%, list=15%, signal=40%	
GOBP_REGULATION_OF_CELL_PROJECTION_ORGANIZATION	GOBP_REGULATION_OF_CELL_PROJECTION_ORGANIZATION		341	-0.3932829	-1.5932226	0.0	0.11033893	1.0	1687	tags=26%, list=16%, signal=29%	
GOBP_CELLULAR_RESPONSE_TO_INTERLEUKIN_1	GOBP_CELLULAR_RESPONSE_TO_INTERLEUKIN_1		44	-0.50947726	-1.5932056	0.0020120724	0.11003427	1.0	1398	tags=36%, list=13%, signal=42%	
GOBP_DETECTION_OF_STIMULUS	GOBP_DETECTION_OF_STIMULUS		60	-0.48870215	-1.5930263	0.004149378	0.10986607	1.0	555	tags=17%, list=5%, signal=17%	
GOMF_G_PROTEIN_ALPHA_SUBUNIT_BINDING	GOMF_G_PROTEIN_ALPHA_SUBUNIT_BINDING		15	-0.6670467	-1.5916975	0.020408163	0.11082153	1.0	1224	tags=47%, list=12%, signal=53%	
GOBP_ORGAN_GROWTH	GOBP_ORGAN_GROWTH		62	-0.47823343	-1.5914729	0.0076045627	0.11071541	1.0	1323	tags=31%, list=13%, signal=35%	
HP_URINARY_GLYCOSAMINOGLYCAN_EXCRETION	HP_URINARY_GLYCOSAMINOGLYCAN_EXCRETION		16	-0.6413261	-1.591228	0.01775148	0.11066967	1.0	1903	tags=50%, list=18%, signal=61%	
GOBP_CELL_CELL_ADHESION_VIA_PLASMA_MEMBRANE_ADHESION_MOLECULES	GOBP_CELL_CELL_ADHESION_VIA_PLASMA_MEMBRANE_ADHESION_MOLECULES		49	-0.51377887	-1.5911086	0.008163265	0.11044942	1.0	1393	tags=29%, list=13%, signal=33%	
GOCC_FILOPODIUM	GOCC_FILOPODIUM		56	-0.49535492	-1.5906198	0.0077669905	0.11063865	1.0	1974	tags=36%, list=19%, signal=44%	
HP_VERRUCAE	HP_VERRUCAE		17	-0.64944506	-1.5901555	0.018218623	0.11080767	1.0	1522	tags=47%, list=14%, signal=55%	
GOBP_CATION_TRANSMEMBRANE_TRANSPORT	GOBP_CATION_TRANSMEMBRANE_TRANSPORT		342	-0.38757828	-1.5895118	0.0	0.111132555	1.0	2046	tags=30%, list=19%, signal=36%	
GOBP_CELLULAR_LIPID_CATABOLIC_PROCESS	GOBP_CELLULAR_LIPID_CATABOLIC_PROCESS		129	-0.43365481	-1.5885003	0.0	0.11189749	1.0	1509	tags=27%, list=14%, signal=31%	
HP_HYPERLIPOPROTEINEMIA	HP_HYPERLIPOPROTEINEMIA		16	-0.6489107	-1.5882481	0.022403259	0.11178009	1.0	420	tags=31%, list=4%, signal=33%	
GOBP_LIPOSACCHARIDE_METABOLIC_PROCESS	GOBP_LIPOSACCHARIDE_METABOLIC_PROCESS		71	-0.47744992	-1.5876342	0.0056818184	0.11213298	1.0	1993	tags=38%, list=19%, signal=47%	
GOBP_NEGATIVE_REGULATION_OF_CELL_PROJECTION_ORGANIZATION	GOBP_NEGATIVE_REGULATION_OF_CELL_PROJECTION_ORGANIZATION		91	-0.44971347	-1.5865362	0.005514706	0.11297558	1.0	1604	tags=33%, list=15%, signal=39%	
GOBP_NEGATIVE_REGULATION_OF_FAT_CELL_DIFFERENTIATION	GOBP_NEGATIVE_REGULATION_OF_FAT_CELL_DIFFERENTIATION		28	-0.5670607	-1.5852484	0.016393442	0.11402697	1.0	1261	tags=36%, list=12%, signal=40%	
GOBP_REGULATION_OF_SODIUM_ION_TRANSMEMBRANE_TRANSPORT	GOBP_REGULATION_OF_SODIUM_ION_TRANSMEMBRANE_TRANSPORT		31	-0.55257875	-1.5850811	0.01	0.1138602	1.0	1991	tags=39%, list=19%, signal=48%	
HP_ANOREXIA	HP_ANOREXIA		65	-0.47378534	-1.5847931	0.009920635	0.113738485	1.0	1378	tags=37%, list=13%, signal=42%	
GOBP_REGULATION_OF_RESPONSE_TO_EXTERNAL_STIMULUS	GOBP_REGULATION_OF_RESPONSE_TO_EXTERNAL_STIMULUS		461	-0.37892008	-1.5843567	0.0	0.11384803	1.0	1500	tags=26%, list=14%, signal=29%	
GOBP_POSITIVE_REGULATION_OF_LYMPHOCYTE_MIGRATION	GOBP_POSITIVE_REGULATION_OF_LYMPHOCYTE_MIGRATION		21	-0.61371017	-1.5829431	0.015625	0.115018465	1.0	1943	tags=48%, list=18%, signal=58%	
GOBP_REGULATION_OF_LYMPHOCYTE_APOPTOTIC_PROCESS	GOBP_REGULATION_OF_LYMPHOCYTE_APOPTOTIC_PROCESS		40	-0.5179615	-1.5816526	0.007952286	0.11616081	1.0	1322	tags=38%, list=13%, signal=43%	
GOBP_REGULATION_OF_GLUCAN_BIOSYNTHETIC_PROCESS	GOBP_REGULATION_OF_GLUCAN_BIOSYNTHETIC_PROCESS		16	-0.6366357	-1.57987	0.025742574	0.11777707	1.0	977	tags=25%, list=9%, signal=28%	
GOBP_REGULATION_OF_AXONOGENESIS	GOBP_REGULATION_OF_AXONOGENESIS		62	-0.48078808	-1.5794345	0.007677543	0.11796406	1.0	1471	tags=29%, list=14%, signal=34%	
GOMF_PHOSPHATIDIC_ACID_BINDING	GOMF_PHOSPHATIDIC_ACID_BINDING		15	-0.6501485	-1.5790421	0.02	0.11800235	1.0	1289	tags=40%, list=12%, signal=46%	
GOBP_REGULATION_OF_ESTABLISHMENT_OR_MAINTENANCE_OF_CELL_POLARITY	GOBP_REGULATION_OF_ESTABLISHMENT_OR_MAINTENANCE_OF_CELL_POLARITY		18	-0.61441183	-1.5782005	0.016427105	0.118521065	1.0	1594	tags=44%, list=15%, signal=52%	
GOBP_LENS_FIBER_CELL_DIFFERENTIATION	GOBP_LENS_FIBER_CELL_DIFFERENTIATION		16	-0.6479192	-1.5776894	0.018404908	0.11875424	1.0	1218	tags=31%, list=12%, signal=35%	
HP_ABDOMINAL_DISTENTION	HP_ABDOMINAL_DISTENTION		55	-0.48617774	-1.5771817	0.007920792	0.118952945	1.0	1272	tags=27%, list=12%, signal=31%	
GOBP_REGULATION_OF_INFLAMMATORY_RESPONSE	GOBP_REGULATION_OF_INFLAMMATORY_RESPONSE		184	-0.41000044	-1.5763046	0.0	0.11950045	1.0	1500	tags=28%, list=14%, signal=32%	
GOBP_RESPONSE_TO_PH	GOBP_RESPONSE_TO_PH		17	-0.6448287	-1.5759617	0.03168317	0.11951476	1.0	1991	tags=53%, list=19%, signal=65%	
GOBP_POSITIVE_REGULATION_OF_LOCOMOTION	GOBP_POSITIVE_REGULATION_OF_LOCOMOTION		256	-0.40053752	-1.575697	0.0	0.11948043	1.0	1407	tags=25%, list=13%, signal=28%	
HP_RAYNAUD_PHENOMENON	HP_RAYNAUD_PHENOMENON		15	-0.6498162	-1.5745549	0.015444015	0.12036571	1.0	1285	tags=40%, list=12%, signal=46%	
GOBP_T_CELL_DIFFERENTIATION	GOBP_T_CELL_DIFFERENTIATION		177	-0.40946853	-1.573624	0.0	0.12104658	1.0	1322	tags=30%, list=13%, signal=34%	
GOBP_NEGATIVE_REGULATION_OF_RESPONSE_TO_EXTERNAL_STIMULUS	GOBP_NEGATIVE_REGULATION_OF_RESPONSE_TO_EXTERNAL_STIMULUS		176	-0.413814	-1.5719126	0.003717472	0.12251237	1.0	1311	tags=25%, list=12%, signal=28%	
HP_EPISTAXIS	HP_EPISTAXIS		54	-0.48877472	-1.5719116	0.0075329565	0.12217111	1.0	2094	tags=46%, list=20%, signal=58%	
HP_INSULIN_RESISTANCE	HP_INSULIN_RESISTANCE		36	-0.52610797	-1.5700964	0.023346303	0.12368178	1.0	1212	tags=22%, list=12%, signal=25%	
GOMF_NADPLUS_ADP_RIBOSYLTRANSFERASE_ACTIVITY	GOMF_NADPLUS_ADP_RIBOSYLTRANSFERASE_ACTIVITY		22	-0.60494035	-1.5698345	0.017475728	0.12358106	1.0	2747	tags=45%, list=26%, signal=61%	
GOBP_GLYCOPROTEIN_CATABOLIC_PROCESS	GOBP_GLYCOPROTEIN_CATABOLIC_PROCESS		15	-0.66136366	-1.5696789	0.021359224	0.12342341	1.0	2062	tags=67%, list=20%, signal=83%	
GOMF_PROTEIN_SELF_ASSOCIATION	GOMF_PROTEIN_SELF_ASSOCIATION		37	-0.526345	-1.5694302	0.011627907	0.12331797	1.0	1500	tags=35%, list=14%, signal=41%	
GOBP_REGULATION_OF_METAL_ION_TRANSPORT	GOBP_REGULATION_OF_METAL_ION_TRANSPORT		153	-0.41825473	-1.5686077	0.002004008	0.12386528	1.0	1935	tags=33%, list=18%, signal=39%	
GOBP_ADENYLATE_CYCLASE_MODULATING_G_PROTEIN_COUPLED_RECEPTOR_SIGNALING_PATHWAY	GOBP_ADENYLATE_CYCLASE_MODULATING_G_PROTEIN_COUPLED_RECEPTOR_SIGNALING_PATHWAY		71	-0.46577305	-1.56799	0.007677543	0.12424664	1.0	1019	tags=25%, list=10%, signal=28%	
GOBP_NEGATIVE_REGULATION_OF_ORGAN_GROWTH	GOBP_NEGATIVE_REGULATION_OF_ORGAN_GROWTH		15	-0.6541999	-1.5678004	0.031055901	0.12412014	1.0	1308	tags=40%, list=12%, signal=46%	
GOBP_REGULATION_OF_VASCULATURE_DEVELOPMENT	GOBP_REGULATION_OF_VASCULATURE_DEVELOPMENT		116	-0.4297728	-1.5677919	0.003875969	0.123788305	1.0	1079	tags=24%, list=10%, signal=27%	
GOBP_PHOSPHOLIPID_BIOSYNTHETIC_PROCESS	GOBP_PHOSPHOLIPID_BIOSYNTHETIC_PROCESS		190	-0.40766022	-1.5672495	0.0	0.1240247	1.0	2045	tags=31%, list=19%, signal=38%	
GOMF_PHOSPHORIC_DIESTER_HYDROLASE_ACTIVITY	GOMF_PHOSPHORIC_DIESTER_HYDROLASE_ACTIVITY		43	-0.51178527	-1.566782	0.008	0.124225184	1.0	2073	tags=37%, list=20%, signal=46%	
GOBP_PHOSPHATIDYLCHOLINE_BIOSYNTHETIC_PROCESS	GOBP_PHOSPHATIDYLCHOLINE_BIOSYNTHETIC_PROCESS		16	-0.6378811	-1.5667616	0.024844721	0.12391456	1.0	1543	tags=38%, list=15%, signal=44%	
GOBP_CELL_MORPHOGENESIS_INVOLVED_IN_DIFFERENTIATION	GOBP_CELL_MORPHOGENESIS_INVOLVED_IN_DIFFERENTIATION		307	-0.38686535	-1.5667076	0.0	0.12365012	1.0	1477	tags=23%, list=14%, signal=26%	
GOBP_PLASMA_MEMBRANE_REPAIR	GOBP_PLASMA_MEMBRANE_REPAIR		15	-0.65411305	-1.5665998	0.036217302	0.1234428	1.0	952	tags=40%, list=9%, signal=44%	
GOBP_ACTIN_NUCLEATION	GOBP_ACTIN_NUCLEATION		32	-0.55020857	-1.566137	0.019417476	0.12353976	1.0	2473	tags=38%, list=24%, signal=49%	
GOCC_KINESIN_COMPLEX	GOCC_KINESIN_COMPLEX		32	-0.5406845	-1.5657778	0.021782178	0.123570256	1.0	2499	tags=34%, list=24%, signal=45%	
GOBP_REGULATION_OF_NEUROTRANSMITTER_TRANSPORT	GOBP_REGULATION_OF_NEUROTRANSMITTER_TRANSPORT		41	-0.5204598	-1.565764	0.013645224	0.123256266	1.0	1242	tags=24%, list=12%, signal=28%	
GOBP_CERAMIDE_METABOLIC_PROCESS	GOBP_CERAMIDE_METABOLIC_PROCESS		64	-0.4820595	-1.5656112	0.0057471264	0.1230741	1.0	1922	tags=34%, list=18%, signal=42%	
HP_CAVERNOUS_HEMANGIOMA	HP_CAVERNOUS_HEMANGIOMA		23	-0.57895577	-1.5655836	0.014705882	0.12276308	1.0	930	tags=35%, list=9%, signal=38%	
GOBP_POSITIVE_REGULATION_OF_VASCULATURE_DEVELOPMENT	GOBP_POSITIVE_REGULATION_OF_VASCULATURE_DEVELOPMENT		65	-0.47703815	-1.5653808	0.0039525693	0.12264455	1.0	1024	tags=31%, list=10%, signal=34%	
GOMF_PHOSPHATIDYLINOSITOL_4_5_BISPHOSPHATE_BINDING	GOMF_PHOSPHATIDYLINOSITOL_4_5_BISPHOSPHATE_BINDING		38	-0.5282898	-1.564603	0.011494253	0.12320287	1.0	2383	tags=45%, list=23%, signal=58%	
GOBP_ENDOSOME_TRANSPORT_VIA_MULTIVESICULAR_BODY_SORTING_PATHWAY	GOBP_ENDOSOME_TRANSPORT_VIA_MULTIVESICULAR_BODY_SORTING_PATHWAY		26	-0.5759748	-1.5631053	0.017578125	0.12451014	1.0	1736	tags=38%, list=17%, signal=46%	
GOBP_POSITIVE_REGULATION_OF_TELOMERE_CAPPING	GOBP_POSITIVE_REGULATION_OF_TELOMERE_CAPPING		15	-0.64365995	-1.5623761	0.03807615	0.12494312	1.0	339	tags=13%, list=3%, signal=14%	
GOBP_BARBED_END_ACTIN_FILAMENT_CAPPING	GOBP_BARBED_END_ACTIN_FILAMENT_CAPPING		15	-0.64926463	-1.561943	0.025641026	0.12513332	1.0	1494	tags=33%, list=14%, signal=39%	
HP_AMYLOIDOSIS	HP_AMYLOIDOSIS		15	-0.6542755	-1.561044	0.031746034	0.12578078	1.0	1209	tags=33%, list=12%, signal=38%	
GOBP_RESPONSE_TO_PEPTIDE	GOBP_RESPONSE_TO_PEPTIDE		262	-0.3941372	-1.5609982	0.0	0.12549296	1.0	1861	tags=29%, list=18%, signal=34%	
GOBP_G_PROTEIN_COUPLED_RECEPTOR_SIGNALING_PATHWAY	GOBP_G_PROTEIN_COUPLED_RECEPTOR_SIGNALING_PATHWAY		241	-0.3971366	-1.5607147	0.0	0.12548135	1.0	1228	tags=24%, list=12%, signal=27%	
GOCC_SITE_OF_POLARIZED_GROWTH	GOCC_SITE_OF_POLARIZED_GROWTH		92	-0.4502945	-1.5605334	0.0037593986	0.12534648	1.0	2187	tags=37%, list=21%, signal=46%	
GOBP_RAS_PROTEIN_SIGNAL_TRANSDUCTION	GOBP_RAS_PROTEIN_SIGNAL_TRANSDUCTION		221	-0.39905325	-1.5603673	0.0019047619	0.12519659	1.0	1381	tags=22%, list=13%, signal=24%	
GOBP_INOSITOL_PHOSPHATE_CATABOLIC_PROCESS	GOBP_INOSITOL_PHOSPHATE_CATABOLIC_PROCESS		15	-0.63444644	-1.5602963	0.021526419	0.124949	1.0	1641	tags=47%, list=16%, signal=55%	
HP_ABNORMAL_CELL_PROLIFERATION	HP_ABNORMAL_CELL_PROLIFERATION		23	-0.57647085	-1.5601878	0.028747434	0.12477771	1.0	1364	tags=43%, list=13%, signal=50%	
GOBP_CARDIAC_CONDUCTION	GOBP_CARDIAC_CONDUCTION		30	-0.53956205	-1.5587741	0.010183299	0.12601918	1.0	1344	tags=37%, list=13%, signal=42%	
HP_ABNORMAL_T_CELL_MORPHOLOGY	HP_ABNORMAL_T_CELL_MORPHOLOGY		57	-0.4789918	-1.5585103	0.0075329565	0.12598033	1.0	1644	tags=37%, list=16%, signal=43%	
GOBP_SODIUM_ION_TRANSPORT	GOBP_SODIUM_ION_TRANSPORT		79	-0.45202446	-1.5584044	0.007352941	0.12580134	1.0	2121	tags=37%, list=20%, signal=46%	
HP_DYSOSTOSIS_MULTIPLEX	HP_DYSOSTOSIS_MULTIPLEX		21	-0.604947	-1.5581721	0.016064256	0.12572789	1.0	1875	tags=43%, list=18%, signal=52%	
GOBP_REGULATION_OF_CELLULAR_COMPONENT_MOVEMENT	GOBP_REGULATION_OF_CELLULAR_COMPONENT_MOVEMENT		460	-0.37306997	-1.5579523	0.0	0.12560683	1.0	1407	tags=23%, list=13%, signal=26%	
GOBP_MAINTENANCE_OF_LOCATION	GOBP_MAINTENANCE_OF_LOCATION		189	-0.4072135	-1.5579243	0.0019493178	0.12532139	1.0	2124	tags=32%, list=20%, signal=39%	
GOBP_NEGATIVE_REGULATION_OF_RECEPTOR_SIGNALING_PATHWAY_VIA_STAT	GOBP_NEGATIVE_REGULATION_OF_RECEPTOR_SIGNALING_PATHWAY_VIA_STAT		18	-0.61655957	-1.5576893	0.036511157	0.12526706	1.0	1860	tags=44%, list=18%, signal=54%	
GOBP_ENDOSOME_ORGANIZATION	GOBP_ENDOSOME_ORGANIZATION		67	-0.47401276	-1.5561949	0.005424955	0.12675148	1.0	1924	tags=28%, list=18%, signal=34%	
GOBP_INTERLEUKIN_8_PRODUCTION	GOBP_INTERLEUKIN_8_PRODUCTION		40	-0.5195489	-1.5561098	0.016194332	0.12651195	1.0	1398	tags=35%, list=13%, signal=40%	
GOBP_POSITIVE_REGULATION_OF_ERYTHROCYTE_DIFFERENTIATION	GOBP_POSITIVE_REGULATION_OF_ERYTHROCYTE_DIFFERENTIATION		27	-0.5709806	-1.5544269	0.024193548	0.12805755	1.0	1528	tags=33%, list=15%, signal=39%	
GOMF_PROTEIN_ADP_RIBOSYLASE_ACTIVITY	GOMF_PROTEIN_ADP_RIBOSYLASE_ACTIVITY		15	-0.6400413	-1.5537646	0.015936255	0.12848456	1.0	2717	tags=53%, list=26%, signal=72%	
HP_RECURRENT_INFECTION_OF_THE_GASTROINTESTINAL_TRACT	HP_RECURRENT_INFECTION_OF_THE_GASTROINTESTINAL_TRACT		27	-0.55976355	-1.553643	0.017578125	0.12830026	1.0	2085	tags=44%, list=20%, signal=55%	
GOBP_MYELOID_CELL_ACTIVATION_INVOLVED_IN_IMMUNE_RESPONSE	GOBP_MYELOID_CELL_ACTIVATION_INVOLVED_IN_IMMUNE_RESPONSE		56	-0.4858401	-1.5534359	0.017175572	0.12817185	1.0	2507	tags=57%, list=24%, signal=75%	
GOCC_PHAGOCYTIC_VESICLE_MEMBRANE	GOCC_PHAGOCYTIC_VESICLE_MEMBRANE		48	-0.49368748	-1.5534283	0.011560693	0.12786241	1.0	2352	tags=48%, list=22%, signal=61%	
GOMF_PHOSPHATIDYLINOSITOL_BISPHOSPHATE_PHOSPHATASE_ACTIVITY	GOMF_PHOSPHATIDYLINOSITOL_BISPHOSPHATE_PHOSPHATASE_ACTIVITY		21	-0.58848345	-1.5534152	0.028680688	0.12755735	1.0	1414	tags=38%, list=13%, signal=44%	
GOMF_STEROL_TRANSPORTER_ACTIVITY	GOMF_STEROL_TRANSPORTER_ACTIVITY		23	-0.5778807	-1.5529839	0.01984127	0.1277259	1.0	2611	tags=43%, list=25%, signal=58%	
GOMF_GUANYL_NUCLEOTIDE_EXCHANGE_FACTOR_ACTIVITY	GOMF_GUANYL_NUCLEOTIDE_EXCHANGE_FACTOR_ACTIVITY		154	-0.41502857	-1.552393	0.0	0.12802218	1.0	2158	tags=31%, list=21%, signal=39%	
GOBP_MYELOID_CELL_APOPTOTIC_PROCESS	GOBP_MYELOID_CELL_APOPTOTIC_PROCESS		18	-0.5968997	-1.5518327	0.018255578	0.12835166	1.0	930	tags=33%, list=9%, signal=37%	
GOBP_POSITIVE_REGULATION_OF_CELL_DIVISION	GOBP_POSITIVE_REGULATION_OF_CELL_DIVISION		38	-0.5215981	-1.5510147	0.013861386	0.1289416	1.0	859	tags=21%, list=8%, signal=23%	
HP_ABNORMAL_HEART_SOUND	HP_ABNORMAL_HEART_SOUND		18	-0.60553175	-1.5509553	0.041501977	0.12867461	1.0	1017	tags=39%, list=10%, signal=43%	
GOBP_NEGATIVE_REGULATION_OF_RECEPTOR_SIGNALING_PATHWAY_VIA_JAK_STAT	GOBP_NEGATIVE_REGULATION_OF_RECEPTOR_SIGNALING_PATHWAY_VIA_JAK_STAT		18	-0.61655957	-1.5508801	0.017716536	0.1284489	1.0	1860	tags=44%, list=18%, signal=54%	
GOBP_LIPID_CATABOLIC_PROCESS	GOBP_LIPID_CATABOLIC_PROCESS		165	-0.41003028	-1.5497323	0.0	0.12944643	1.0	1509	tags=25%, list=14%, signal=29%	
GOBP_POSITIVE_REGULATION_OF_NEURON_PROJECTION_DEVELOPMENT	GOBP_POSITIVE_REGULATION_OF_NEURON_PROJECTION_DEVELOPMENT		75	-0.45838222	-1.5485361	0.005628518	0.13041735	1.0	1591	tags=32%, list=15%, signal=37%	
HP_PROTUBERANT_ABDOMEN	HP_PROTUBERANT_ABDOMEN		19	-0.6127057	-1.5483742	0.03245436	0.13029316	1.0	1724	tags=37%, list=16%, signal=44%	
GOBP_RHO_PROTEIN_SIGNAL_TRANSDUCTION	GOBP_RHO_PROTEIN_SIGNAL_TRANSDUCTION		74	-0.4581421	-1.5482628	0.0037807184	0.13010213	1.0	891	tags=22%, list=8%, signal=23%	
GOBP_POSITIVE_REGULATION_OF_ION_TRANSMEMBRANE_TRANSPORT	GOBP_POSITIVE_REGULATION_OF_ION_TRANSMEMBRANE_TRANSPORT		61	-0.4755592	-1.5480663	0.011583012	0.13001285	1.0	2327	tags=43%, list=22%, signal=54%	
GOBP_INORGANIC_ION_IMPORT_ACROSS_PLASMA_MEMBRANE	GOBP_INORGANIC_ION_IMPORT_ACROSS_PLASMA_MEMBRANE		33	-0.53800577	-1.5476246	0.025742574	0.13017336	1.0	1991	tags=48%, list=19%, signal=60%	
GOBP_RESPONSE_TO_PEPTIDE_HORMONE	GOBP_RESPONSE_TO_PEPTIDE_HORMONE		217	-0.39312562	-1.5475284	0.0	0.12998131	1.0	1895	tags=29%, list=18%, signal=34%	
GOBP_NEUROTRANSMITTER_TRANSPORT	GOBP_NEUROTRANSMITTER_TRANSPORT		79	-0.45638722	-1.5471147	0.011627907	0.13012491	1.0	1527	tags=22%, list=15%, signal=25%	
GOBP_RESPONSE_TO_GROWTH_HORMONE	GOBP_RESPONSE_TO_GROWTH_HORMONE		17	-0.6233467	-1.5470585	0.03815261	0.12987828	1.0	917	tags=35%, list=9%, signal=39%	
HP_CLONIC_SEIZURE	HP_CLONIC_SEIZURE		18	-0.62359446	-1.5470092	0.03131524	0.12963268	1.0	1268	tags=56%, list=12%, signal=63%	
GOCC_PLASMA_MEMBRANE_REGION	GOCC_PLASMA_MEMBRANE_REGION		465	-0.36711335	-1.546332	0.0	0.13017617	1.0	2000	tags=27%, list=19%, signal=31%	
HP_ABNORMAL_MORPHOLOGY_OF_THE_CONJUNCTIVAL_VASCULATURE	HP_ABNORMAL_MORPHOLOGY_OF_THE_CONJUNCTIVAL_VASCULATURE		20	-0.6074664	-1.5461221	0.0234375	0.13016011	1.0	2270	tags=40%, list=22%, signal=51%	
GOBP_REGULATION_OF_ANATOMICAL_STRUCTURE_MORPHOGENESIS	GOBP_REGULATION_OF_ANATOMICAL_STRUCTURE_MORPHOGENESIS		408	-0.37581116	-1.545115	0.0	0.13096209	1.0	1471	tags=23%, list=14%, signal=26%	
GOMF_SOLUTE_CATION_SYMPORTER_ACTIVITY	GOMF_SOLUTE_CATION_SYMPORTER_ACTIVITY		35	-0.51585984	-1.5448682	0.028629856	0.13093875	1.0	1216	tags=29%, list=12%, signal=32%	
GOBP_CELLULAR_EXTRAVASATION	GOBP_CELLULAR_EXTRAVASATION		38	-0.51760936	-1.5439028	0.01632653	0.13162784	1.0	933	tags=32%, list=9%, signal=35%	
GOBP_MYOBLAST_FUSION	GOBP_MYOBLAST_FUSION		20	-0.5961772	-1.5435914	0.024482109	0.13170901	1.0	1756	tags=45%, list=17%, signal=54%	
GOCC_INTRINSIC_COMPONENT_OF_SYNAPTIC_VESICLE_MEMBRANE	GOCC_INTRINSIC_COMPONENT_OF_SYNAPTIC_VESICLE_MEMBRANE		16	-0.64589053	-1.5433544	0.03065134	0.13164073	1.0	1444	tags=38%, list=14%, signal=43%	
GOBP_RESPONSE_TO_ESTROGEN	GOBP_RESPONSE_TO_ESTROGEN		31	-0.533516	-1.5432788	0.019011406	0.13143665	1.0	1065	tags=35%, list=10%, signal=39%	
GOBP_RESPONSE_TO_STEROL	GOBP_RESPONSE_TO_STEROL		20	-0.6007289	-1.5426031	0.035019454	0.13190378	1.0	2716	tags=55%, list=26%, signal=74%	
GOBP_REGULATION_OF_PATTERN_RECOGNITION_RECEPTOR_SIGNALING_PATHWAY	GOBP_REGULATION_OF_PATTERN_RECOGNITION_RECEPTOR_SIGNALING_PATHWAY		69	-0.4677707	-1.5417013	0.011494253	0.13257399	1.0	1050	tags=22%, list=10%, signal=24%	
HP_AGNOSIA	HP_AGNOSIA		26	-0.55966455	-1.541574	0.024439918	0.13243385	1.0	976	tags=31%, list=9%, signal=34%	
GOBP_ION_HOMEOSTASIS	GOBP_ION_HOMEOSTASIS		337	-0.37903893	-1.540904	0.0	0.13286228	1.0	2046	tags=30%, list=19%, signal=36%	
GOCC_EXTERNAL_ENCAPSULATING_STRUCTURE	GOCC_EXTERNAL_ENCAPSULATING_STRUCTURE		109	-0.4289849	-1.540409	0.0019157088	0.13312887	1.0	910	tags=21%, list=9%, signal=23%	
GOBP_SCHWANN_CELL_DEVELOPMENT	GOBP_SCHWANN_CELL_DEVELOPMENT		16	-0.63597596	-1.5399966	0.042510122	0.13330752	1.0	1529	tags=50%, list=15%, signal=58%	
HP_AORTIC_DISSECTION	HP_AORTIC_DISSECTION		17	-0.6307936	-1.5394709	0.030303031	0.13355073	1.0	760	tags=41%, list=7%, signal=44%	
GOCC_CAVEOLA	GOCC_CAVEOLA		36	-0.5117079	-1.538992	0.020325202	0.13381293	1.0	859	tags=22%, list=8%, signal=24%	
GOBP_NEGATIVE_REGULATION_OF_DEFENSE_RESPONSE	GOBP_NEGATIVE_REGULATION_OF_DEFENSE_RESPONSE		124	-0.42549682	-1.5386684	0.003992016	0.1339061	1.0	1311	tags=27%, list=12%, signal=30%	
GOBP_BEHAVIOR	GOBP_BEHAVIOR		221	-0.38996217	-1.538566	0.001984127	0.13369334	1.0	1212	tags=17%, list=12%, signal=19%	
GOBP_INTEGRIN_MEDIATED_SIGNALING_PATHWAY	GOBP_INTEGRIN_MEDIATED_SIGNALING_PATHWAY		53	-0.47364563	-1.5378835	0.0062111802	0.13418764	1.0	1547	tags=40%, list=15%, signal=46%	
GOBP_REGULATION_OF_CELL_ADHESION	GOBP_REGULATION_OF_CELL_ADHESION		366	-0.3775	-1.5375352	0.0	0.13426936	1.0	1402	tags=25%, list=13%, signal=28%	
GOMF_K63_LINKED_POLYUBIQUITIN_MODIFICATION_DEPENDENT_PROTEIN_BINDING	GOMF_K63_LINKED_POLYUBIQUITIN_MODIFICATION_DEPENDENT_PROTEIN_BINDING		23	-0.5811906	-1.536026	0.023622047	0.13564739	1.0	3005	tags=52%, list=29%, signal=73%	
GOMF_ION_TRANSMEMBRANE_TRANSPORTER_ACTIVITY	GOMF_ION_TRANSMEMBRANE_TRANSPORTER_ACTIVITY		310	-0.38094345	-1.5354495	0.0	0.13600893	1.0	1216	tags=20%, list=12%, signal=22%	
GOBP_REGULATION_OF_CYCLASE_ACTIVITY	GOBP_REGULATION_OF_CYCLASE_ACTIVITY		19	-0.6055824	-1.5349869	0.030364372	0.13620108	1.0	2327	tags=37%, list=22%, signal=47%	
GOBP_CELL_SUBSTRATE_ADHESION	GOBP_CELL_SUBSTRATE_ADHESION		162	-0.40871784	-1.5335866	0.001814882	0.13754131	1.0	1363	tags=27%, list=13%, signal=30%	
GOBP_VESICLE_CYTOSKELETAL_TRAFFICKING	GOBP_VESICLE_CYTOSKELETAL_TRAFFICKING		47	-0.4945522	-1.5331068	0.011976048	0.13778704	1.0	2055	tags=32%, list=20%, signal=39%	
GOBP_PLATELET_DERIVED_GROWTH_FACTOR_RECEPTOR_SIGNALING_PATHWAY	GOBP_PLATELET_DERIVED_GROWTH_FACTOR_RECEPTOR_SIGNALING_PATHWAY		30	-0.5412668	-1.5320891	0.02096436	0.13865025	1.0	736	tags=30%, list=7%, signal=32%	
GOBP_ION_TRANSMEMBRANE_TRANSPORT	GOBP_ION_TRANSMEMBRANE_TRANSPORT		435	-0.36783987	-1.5317706	0.0	0.13873017	1.0	2046	tags=28%, list=19%, signal=33%	
GOBP_REGULATION_OF_OSSIFICATION	GOBP_REGULATION_OF_OSSIFICATION		48	-0.4948416	-1.5316935	0.019193858	0.13849571	1.0	1029	tags=31%, list=10%, signal=34%	
GOBP_VESICLE_LOCALIZATION	GOBP_VESICLE_LOCALIZATION		127	-0.41753632	-1.5310643	0.0	0.13895188	1.0	1852	tags=26%, list=18%, signal=31%	
GOCC_NEURON_SPINE	GOCC_NEURON_SPINE		75	-0.4605894	-1.5310585	0.001953125	0.13865085	1.0	904	tags=20%, list=9%, signal=22%	
GOBP_ORGANELLE_TRANSPORT_ALONG_MICROTUBULE	GOBP_ORGANELLE_TRANSPORT_ALONG_MICROTUBULE		61	-0.47220576	-1.5308337	0.017077798	0.13859892	1.0	2055	tags=26%, list=20%, signal=32%	
HP_DISPROPORTIONATE_SHORT_TRUNK_SHORT_STATURE	HP_DISPROPORTIONATE_SHORT_TRUNK_SHORT_STATURE		16	-0.63598883	-1.5304043	0.032520324	0.13883372	1.0	1903	tags=38%, list=18%, signal=46%	
GOBP_PROTEIN_LOCALIZATION_TO_LYSOSOME	GOBP_PROTEIN_LOCALIZATION_TO_LYSOSOME		31	-0.53468287	-1.5300527	0.027196653	0.1388693	1.0	1317	tags=35%, list=13%, signal=40%	
GOBP_NEUROBLAST_PROLIFERATION	GOBP_NEUROBLAST_PROLIFERATION		21	-0.5830277	-1.5297892	0.036144577	0.13889107	1.0	2797	tags=52%, list=27%, signal=71%	
GOBP_CELLULAR_ION_HOMEOSTASIS	GOBP_CELLULAR_ION_HOMEOSTASIS		281	-0.38176093	-1.5296284	0.0	0.1387882	1.0	2046	tags=30%, list=19%, signal=36%	
GOBP_REGULATION_OF_CYTOSKELETON_ORGANIZATION	GOBP_REGULATION_OF_CYTOSKELETON_ORGANIZATION		312	-0.37867594	-1.5292389	0.0	0.13891552	1.0	2473	tags=30%, list=24%, signal=39%	
GOBP_RECEPTOR_SIGNALING_PATHWAY_VIA_STAT	GOBP_RECEPTOR_SIGNALING_PATHWAY_VIA_STAT		86	-0.44439626	-1.52902	0.0076481835	0.13887951	1.0	1754	tags=34%, list=17%, signal=40%	
GOBP_INORGANIC_ANION_TRANSPORT	GOBP_INORGANIC_ANION_TRANSPORT		67	-0.4646772	-1.5290142	0.002057613	0.13858388	1.0	1216	tags=25%, list=12%, signal=29%	
GOBP_POSITIVE_REGULATION_OF_CELL_SUBSTRATE_ADHESION	GOBP_POSITIVE_REGULATION_OF_CELL_SUBSTRATE_ADHESION		59	-0.47080538	-1.5287467	0.007677543	0.13859352	1.0	1175	tags=29%, list=11%, signal=32%	
HP_SYSTEMIC_LUPUS_ERYTHEMATOSUS	HP_SYSTEMIC_LUPUS_ERYTHEMATOSUS		19	-0.60015637	-1.5285642	0.040899795	0.13852242	1.0	1290	tags=32%, list=12%, signal=36%	
GOBP_REGULATION_OF_EPITHELIAL_CELL_MIGRATION	GOBP_REGULATION_OF_EPITHELIAL_CELL_MIGRATION		117	-0.4210704	-1.5277913	0.0019455253	0.13912775	1.0	1175	tags=23%, list=11%, signal=26%	
GOCC_ACTIN_FILAMENT_BUNDLE	GOCC_ACTIN_FILAMENT_BUNDLE		39	-0.5106793	-1.5276103	0.011811024	0.13902606	1.0	3101	tags=59%, list=30%, signal=83%	
GOBP_POSITIVE_REGULATION_OF_ION_TRANSPORT	GOBP_POSITIVE_REGULATION_OF_ION_TRANSPORT		99	-0.42814842	-1.5269014	0.0	0.1395617	1.0	2148	tags=35%, list=20%, signal=44%	
GOBP_PLASMA_MEMBRANE_TUBULATION	GOBP_PLASMA_MEMBRANE_TUBULATION		15	-0.6273297	-1.5267575	0.04208417	0.13942403	1.0	2274	tags=53%, list=22%, signal=68%	
GOBP_POSITIVE_REGULATION_OF_RESPONSE_TO_CYTOKINE_STIMULUS	GOBP_POSITIVE_REGULATION_OF_RESPONSE_TO_CYTOKINE_STIMULUS		46	-0.499972	-1.5257572	0.01980198	0.14030115	1.0	722	tags=22%, list=7%, signal=23%	
GOMF_VOLTAGE_GATED_CHANNEL_ACTIVITY	GOMF_VOLTAGE_GATED_CHANNEL_ACTIVITY		37	-0.51737106	-1.5253948	0.016032064	0.1403898	1.0	2016	tags=49%, list=19%, signal=60%	
GOBP_RESPONSE_TO_VIRUS	GOBP_RESPONSE_TO_VIRUS		240	-0.38921583	-1.5253178	0.0	0.14019398	1.0	1460	tags=29%, list=14%, signal=33%	
GOBP_REGULATION_OF_CARDIAC_MUSCLE_CELL_PROLIFERATION	GOBP_REGULATION_OF_CARDIAC_MUSCLE_CELL_PROLIFERATION		16	-0.62874883	-1.5252154	0.033464566	0.13998653	1.0	1308	tags=50%, list=12%, signal=57%	
GOMF_MICROTUBULE_MOTOR_ACTIVITY	GOMF_MICROTUBULE_MOTOR_ACTIVITY		34	-0.532107	-1.5249249	0.013307985	0.14002834	1.0	2039	tags=24%, list=19%, signal=29%	
GOBP_PROTEIN_DEGLYCOSYLATION	GOBP_PROTEIN_DEGLYCOSYLATION		21	-0.57961243	-1.5244057	0.027083334	0.14032201	1.0	2399	tags=52%, list=23%, signal=68%	
GOBP_MAINTENANCE_OF_PROTEIN_LOCATION	GOBP_MAINTENANCE_OF_PROTEIN_LOCATION		68	-0.4617375	-1.5237486	0.00589391	0.14078204	1.0	1434	tags=29%, list=14%, signal=34%	
GOBP_MYELOID_LEUKOCYTE_ACTIVATION	GOBP_MYELOID_LEUKOCYTE_ACTIVATION		121	-0.4199749	-1.5237269	0.004115226	0.14051832	1.0	1364	tags=32%, list=13%, signal=37%	
HP_ABNORMALITY_OF_THE_LYMPH_NODES	HP_ABNORMALITY_OF_THE_LYMPH_NODES		154	-0.40727133	-1.5224543	0.0018018018	0.1416575	1.0	1290	tags=29%, list=12%, signal=33%	
HP_ABNORMAL_IRIS_PIGMENTATION	HP_ABNORMAL_IRIS_PIGMENTATION		73	-0.45072886	-1.5222502	0.00996016	0.14162211	1.0	2108	tags=34%, list=20%, signal=43%	
HP_SUBCUTANEOUS_HEMORRHAGE	HP_SUBCUTANEOUS_HEMORRHAGE		135	-0.41455537	-1.5219176	0.0	0.14171326	1.0	1489	tags=30%, list=14%, signal=34%	
GOBP_NEGATIVE_REGULATION_OF_CELL_SUBSTRATE_ADHESION	GOBP_NEGATIVE_REGULATION_OF_CELL_SUBSTRATE_ADHESION		25	-0.55841327	-1.5201842	0.026768642	0.14348507	1.0	1315	tags=36%, list=13%, signal=41%	
HP_ABNORMAL_ARTERIAL_PHYSIOLOGY	HP_ABNORMAL_ARTERIAL_PHYSIOLOGY		75	-0.44679773	-1.5198833	0.0076190475	0.14353801	1.0	1378	tags=29%, list=13%, signal=34%	
GOBP_MULTIVESICULAR_BODY_ORGANIZATION	GOBP_MULTIVESICULAR_BODY_ORGANIZATION		28	-0.5370281	-1.5191647	0.035643563	0.14405397	1.0	1859	tags=29%, list=18%, signal=35%	
GOBP_CELLULAR_RESPONSE_TO_VIRUS	GOBP_CELLULAR_RESPONSE_TO_VIRUS		56	-0.4723134	-1.5185857	0.013358778	0.14444368	1.0	673	tags=25%, list=6%, signal=27%	
GOBP_SMAD_PROTEIN_SIGNAL_TRANSDUCTION	GOBP_SMAD_PROTEIN_SIGNAL_TRANSDUCTION		32	-0.5332013	-1.5182703	0.02131783	0.14452429	1.0	1855	tags=38%, list=18%, signal=45%	
GOBP_AMYLOID_BETA_CLEARANCE	GOBP_AMYLOID_BETA_CLEARANCE		22	-0.57651716	-1.518002	0.036217302	0.14458208	1.0	2750	tags=64%, list=26%, signal=86%	
GOBP_AMEBOIDAL_TYPE_CELL_MIGRATION	GOBP_AMEBOIDAL_TYPE_CELL_MIGRATION		198	-0.38993293	-1.5177559	0.0	0.14454556	1.0	1452	tags=23%, list=14%, signal=26%	
HP_SKIN_RASH	HP_SKIN_RASH		75	-0.4503373	-1.5172085	0.013487476	0.14487289	1.0	1364	tags=29%, list=13%, signal=33%	
GOMF_KINASE_ACTIVATOR_ACTIVITY	GOMF_KINASE_ACTIVATOR_ACTIVITY		72	-0.44557354	-1.5166361	0.005905512	0.14530312	1.0	2140	tags=36%, list=20%, signal=45%	
GOBP_POSITIVE_REGULATION_OF_CELL_MATRIX_ADHESION	GOBP_POSITIVE_REGULATION_OF_CELL_MATRIX_ADHESION		28	-0.5433951	-1.515948	0.024	0.14578673	1.0	1134	tags=32%, list=11%, signal=36%	
GOMF_PROTEIN_SERINE_KINASE_ACTIVITY	GOMF_PROTEIN_SERINE_KINASE_ACTIVITY		251	-0.3854539	-1.5158353	0.0	0.1456325	1.0	2284	tags=29%, list=22%, signal=36%	
GOCC_ENDOLYSOSOME	GOCC_ENDOLYSOSOME		20	-0.5858012	-1.5142124	0.043209877	0.14725484	1.0	3229	tags=55%, list=31%, signal=79%	
GOBP_NEGATIVE_REGULATION_OF_TOR_SIGNALING	GOBP_NEGATIVE_REGULATION_OF_TOR_SIGNALING		31	-0.52301407	-1.5137364	0.02952756	0.14754719	1.0	1249	tags=23%, list=12%, signal=26%	
GOBP_ENDOCARDIAL_CUSHION_DEVELOPMENT	GOBP_ENDOCARDIAL_CUSHION_DEVELOPMENT		16	-0.61738425	-1.5123138	0.044573642	0.14895198	1.0	794	tags=31%, list=8%, signal=34%	
HP_ABNORMAL_SPUTUM	HP_ABNORMAL_SPUTUM		32	-0.5146683	-1.5122371	0.031007752	0.14873348	1.0	2157	tags=53%, list=21%, signal=67%	
HP_OCULOMOTOR_APRAXIA	HP_OCULOMOTOR_APRAXIA		74	-0.4437911	-1.5119191	0.005964215	0.14882433	1.0	1279	tags=23%, list=12%, signal=26%	
HP_ABNORMAL_TISSUE_METABOLITE_CONCENTRATION	HP_ABNORMAL_TISSUE_METABOLITE_CONCENTRATION		30	-0.53755444	-1.5111313	0.022680413	0.14952065	1.0	1478	tags=33%, list=14%, signal=39%	
GOBP_POSITIVE_REGULATION_OF_T_CELL_MIGRATION	GOBP_POSITIVE_REGULATION_OF_T_CELL_MIGRATION		19	-0.5970944	-1.5110757	0.036821704	0.14927644	1.0	1943	tags=47%, list=18%, signal=58%	
GOBP_MONONUCLEAR_CELL_DIFFERENTIATION	GOBP_MONONUCLEAR_CELL_DIFFERENTIATION		268	-0.3798173	-1.5110642	0.0018621974	0.14899537	1.0	1322	tags=26%, list=13%, signal=29%	
GOBP_CELL_ADHESION_MEDIATED_BY_INTEGRIN	GOBP_CELL_ADHESION_MEDIATED_BY_INTEGRIN		41	-0.49050337	-1.5109766	0.022088353	0.14879556	1.0	2030	tags=37%, list=19%, signal=45%	
GOBP_REGULATION_OF_CILIUM_ASSEMBLY	GOBP_REGULATION_OF_CILIUM_ASSEMBLY		67	-0.45670176	-1.5103455	0.019193858	0.14923486	1.0	1795	tags=34%, list=17%, signal=41%	
GOBP_T_HELPER_17_TYPE_IMMUNE_RESPONSE	GOBP_T_HELPER_17_TYPE_IMMUNE_RESPONSE		28	-0.53972983	-1.5101316	0.01984127	0.14916177	1.0	1412	tags=50%, list=13%, signal=58%	
GOBP_PROTEIN_POLYMERIZATION	GOBP_PROTEIN_POLYMERIZATION		160	-0.40333545	-1.5093243	0.003960396	0.1499074	1.0	2499	tags=35%, list=24%, signal=45%	
HP_EASY_FATIGABILITY	HP_EASY_FATIGABILITY		50	-0.47458285	-1.5088549	0.0057471264	0.1501743	1.0	625	tags=18%, list=6%, signal=19%	
GOBP_RESPONSE_TO_DOPAMINE	GOBP_RESPONSE_TO_DOPAMINE		34	-0.5134065	-1.5087663	0.028	0.14998816	1.0	1185	tags=26%, list=11%, signal=30%	
GOBP_CIRCULATORY_SYSTEM_PROCESS	GOBP_CIRCULATORY_SYSTEM_PROCESS		213	-0.38367748	-1.5085437	0.0	0.14997466	1.0	1223	tags=22%, list=12%, signal=24%	
GOMF_STEROL_BINDING	GOMF_STEROL_BINDING		41	-0.48684418	-1.5078809	0.020952381	0.15052064	1.0	1512	tags=29%, list=14%, signal=34%	
GOBP_MACROPHAGE_ACTIVATION	GOBP_MACROPHAGE_ACTIVATION		50	-0.47803608	-1.5078375	0.023346303	0.15027463	1.0	1311	tags=32%, list=12%, signal=36%	
GOBP_ACTIN_FILAMENT_DEPOLYMERIZATION	GOBP_ACTIN_FILAMENT_DEPOLYMERIZATION		32	-0.5296265	-1.5075929	0.022	0.15032752	1.0	920	tags=25%, list=9%, signal=27%	
HP_TISSUE_ISCHEMIA	HP_TISSUE_ISCHEMIA		56	-0.46409482	-1.5072672	0.015594542	0.15042423	1.0	931	tags=25%, list=9%, signal=27%	
GOBP_REGULATION_OF_VACUOLE_ORGANIZATION	GOBP_REGULATION_OF_VACUOLE_ORGANIZATION		41	-0.50451696	-1.5065354	0.020618556	0.1509803	1.0	2045	tags=39%, list=19%, signal=48%	
GOMF_SYMPORTER_ACTIVITY	GOMF_SYMPORTER_ACTIVITY		46	-0.48262683	-1.5056067	0.018939395	0.15187317	1.0	1216	tags=26%, list=12%, signal=29%	
HP_HORIZONTAL_EYEBROW	HP_HORIZONTAL_EYEBROW		19	-0.5849985	-1.5056053	0.038387716	0.15157647	1.0	1468	tags=37%, list=14%, signal=43%	
GOCC_MYELIN_SHEATH	GOCC_MYELIN_SHEATH		25	-0.55314445	-1.5051622	0.046	0.15181614	1.0	1134	tags=40%, list=11%, signal=45%	
GOBP_PHOSPHATIDYLINOSITOL_BIOSYNTHETIC_PROCESS	GOBP_PHOSPHATIDYLINOSITOL_BIOSYNTHETIC_PROCESS		104	-0.42751902	-1.5040542	0.007905139	0.15301439	1.0	2045	tags=33%, list=19%, signal=40%	
GOBP_REGULATION_OF_CELL_SIZE	GOBP_REGULATION_OF_CELL_SIZE		96	-0.4234391	-1.5038712	0.0038986355	0.15294047	1.0	1506	tags=30%, list=14%, signal=35%	
GOBP_REGULATION_OF_NITRIC_OXIDE_METABOLIC_PROCESS	GOBP_REGULATION_OF_NITRIC_OXIDE_METABOLIC_PROCESS		27	-0.54101187	-1.5036902	0.040229887	0.15285544	1.0	925	tags=37%, list=9%, signal=41%	
GOBP_POSITIVE_REGULATION_OF_POTASSIUM_ION_TRANSPORT	GOBP_POSITIVE_REGULATION_OF_POTASSIUM_ION_TRANSPORT		15	-0.6273747	-1.5036432	0.04040404	0.15262322	1.0	2148	tags=47%, list=20%, signal=59%	
GOBP_REGULATION_OF_GLYCOGEN_METABOLIC_PROCESS	GOBP_REGULATION_OF_GLYCOGEN_METABOLIC_PROCESS		19	-0.58221227	-1.5028852	0.034	0.1533299	1.0	2765	tags=42%, list=26%, signal=57%	
GOBP_REGULATION_OF_ENDOTHELIAL_CELL_MIGRATION	GOBP_REGULATION_OF_ENDOTHELIAL_CELL_MIGRATION		83	-0.43624678	-1.5028057	0.0	0.15312709	1.0	1079	tags=24%, list=10%, signal=27%	
GOBP_N_GLYCAN_PROCESSING	GOBP_N_GLYCAN_PROCESSING		15	-0.6276742	-1.5012963	0.03671706	0.15478131	1.0	661	tags=33%, list=6%, signal=36%	
GOBP_REGULATION_OF_RECEPTOR_INTERNALIZATION	GOBP_REGULATION_OF_RECEPTOR_INTERNALIZATION		29	-0.5332448	-1.5012933	0.031512607	0.15448414	1.0	2369	tags=38%, list=23%, signal=49%	
GOBP_HOMEOSTASIS_OF_NUMBER_OF_CELLS	GOBP_HOMEOSTASIS_OF_NUMBER_OF_CELLS		189	-0.3895197	-1.5012721	0.0	0.15421289	1.0	1258	tags=23%, list=12%, signal=25%	
GOMF_CALCIUM_DEPENDENT_PHOSPHOLIPID_BINDING	GOMF_CALCIUM_DEPENDENT_PHOSPHOLIPID_BINDING		21	-0.5902655	-1.5008653	0.043010753	0.15443836	1.0	2197	tags=52%, list=21%, signal=66%	
GOBP_ALCOHOL_CATABOLIC_PROCESS	GOBP_ALCOHOL_CATABOLIC_PROCESS		28	-0.5442217	-1.5007898	0.039215688	0.15422429	1.0	1641	tags=36%, list=16%, signal=42%	
GOBP_REGULATION_OF_FAT_CELL_DIFFERENTIATION	GOBP_REGULATION_OF_FAT_CELL_DIFFERENTIATION		65	-0.4617338	-1.5007179	0.01663586	0.15404242	1.0	1348	tags=26%, list=13%, signal=30%	
GOBP_POSITIVE_REGULATION_OF_UBIQUITIN_DEPENDENT_PROTEIN_CATABOLIC_PROCESS	GOBP_POSITIVE_REGULATION_OF_UBIQUITIN_DEPENDENT_PROTEIN_CATABOLIC_PROCESS		85	-0.4378295	-1.5007094	0.0058027077	0.15375401	1.0	1299	tags=21%, list=12%, signal=24%	
GOMF_CELL_ADHESION_MEDIATOR_ACTIVITY	GOMF_CELL_ADHESION_MEDIATOR_ACTIVITY		23	-0.5623289	-1.5001557	0.032323234	0.15408845	1.0	1311	tags=39%, list=12%, signal=45%	
GOBP_RESPONSE_TO_WOUNDING	GOBP_RESPONSE_TO_WOUNDING		240	-0.37904397	-1.5000964	0.0	0.15386318	1.0	1062	tags=19%, list=10%, signal=20%	
GOBP_NEGATIVE_REGULATION_OF_VIRAL_PROCESS	GOBP_NEGATIVE_REGULATION_OF_VIRAL_PROCESS		52	-0.47284395	-1.4990103	0.009469697	0.15494633	1.0	795	tags=27%, list=8%, signal=29%	
HP_AUTOIMMUNE_THROMBOCYTOPENIA	HP_AUTOIMMUNE_THROMBOCYTOPENIA		32	-0.52248126	-1.4988812	0.029469548	0.15481545	1.0	1290	tags=31%, list=12%, signal=36%	
GOBP_NEGATIVE_REGULATION_OF_CYTOSKELETON_ORGANIZATION	GOBP_NEGATIVE_REGULATION_OF_CYTOSKELETON_ORGANIZATION		88	-0.42781624	-1.4984515	0.0056074765	0.15507592	1.0	1315	tags=19%, list=13%, signal=22%	
GOBP_MEMBRANE_DEPOLARIZATION	GOBP_MEMBRANE_DEPOLARIZATION		27	-0.5347235	-1.4983	0.028	0.15496029	1.0	1885	tags=37%, list=18%, signal=45%	
GOBP_REGULATION_OF_RECEPTOR_RECYCLING	GOBP_REGULATION_OF_RECEPTOR_RECYCLING		17	-0.59295326	-1.4980888	0.044444446	0.15493208	1.0	1499	tags=35%, list=14%, signal=41%	
GOCC_SIDE_OF_MEMBRANE	GOCC_SIDE_OF_MEMBRANE		251	-0.3785034	-1.4972767	0.0	0.15568615	1.0	1780	tags=31%, list=17%, signal=37%	
GOBP_STRIATED_MUSCLE_CELL_APOPTOTIC_PROCESS	GOBP_STRIATED_MUSCLE_CELL_APOPTOTIC_PROCESS		20	-0.5769276	-1.4971293	0.041501977	0.15561053	1.0	1706	tags=35%, list=16%, signal=42%	
GOBP_POSITIVE_REGULATION_OF_MACROAUTOPHAGY	GOBP_POSITIVE_REGULATION_OF_MACROAUTOPHAGY		55	-0.4658811	-1.4967436	0.019880716	0.15580603	1.0	2012	tags=36%, list=19%, signal=45%	
GOBP_DEFENSE_RESPONSE_TO_OTHER_ORGANISM	GOBP_DEFENSE_RESPONSE_TO_OTHER_ORGANISM		483	-0.35757864	-1.4954604	0.0	0.15724374	1.0	1300	tags=24%, list=12%, signal=27%	
GOBP_NEGATIVE_REGULATION_OF_AXONOGENESIS	GOBP_NEGATIVE_REGULATION_OF_AXONOGENESIS		25	-0.54177827	-1.4950782	0.034343433	0.1574113	1.0	1402	tags=44%, list=13%, signal=51%	
GOBP_REGULATION_OF_DNA_TEMPLATED_TRANSCRIPTION_IN_RESPONSE_TO_STRESS	GOBP_REGULATION_OF_DNA_TEMPLATED_TRANSCRIPTION_IN_RESPONSE_TO_STRESS		43	-0.47818604	-1.4942006	0.022944551	0.15823199	1.0	1573	tags=33%, list=15%, signal=38%	
GOBP_LEUKOCYTE_DEGRANULATION	GOBP_LEUKOCYTE_DEGRANULATION		43	-0.49275082	-1.4940058	0.022312373	0.15814967	1.0	1754	tags=51%, list=17%, signal=61%	
HP_HEPATOSPLENOMEGALY	HP_HEPATOSPLENOMEGALY		104	-0.42434916	-1.4937352	0.004008016	0.15821344	1.0	1643	tags=34%, list=16%, signal=39%	
GOBP_CELL_CHEMOTAXIS	GOBP_CELL_CHEMOTAXIS		121	-0.40774822	-1.4935783	0.005791506	0.15810534	1.0	1407	tags=26%, list=13%, signal=30%	
HP_ABNORMAL_PUPIL_MORPHOLOGY	HP_ABNORMAL_PUPIL_MORPHOLOGY		21	-0.554262	-1.4929227	0.031067962	0.15870829	1.0	1805	tags=33%, list=17%, signal=40%	
GOMF_HYDROLASE_ACTIVITY_HYDROLYZING_O_GLYCOSYL_COMPOUNDS	GOMF_HYDROLASE_ACTIVITY_HYDROLYZING_O_GLYCOSYL_COMPOUNDS		45	-0.48020947	-1.4929127	0.011583012	0.15842298	1.0	1765	tags=31%, list=17%, signal=37%	
GOCC_GTPASE_COMPLEX	GOCC_GTPASE_COMPLEX		21	-0.5714877	-1.4929069	0.037549406	0.15813448	1.0	1726	tags=33%, list=16%, signal=40%	
GOBP_REGULATION_OF_CYTOSOLIC_CALCIUM_ION_CONCENTRATION	GOBP_REGULATION_OF_CYTOSOLIC_CALCIUM_ION_CONCENTRATION		121	-0.41484585	-1.4927056	0.005859375	0.15810683	1.0	1344	tags=26%, list=13%, signal=30%	
GOBP_POSITIVE_REGULATION_OF_INTERLEUKIN_2_PRODUCTION	GOBP_POSITIVE_REGULATION_OF_INTERLEUKIN_2_PRODUCTION		28	-0.52624255	-1.49267	0.03868472	0.15785846	1.0	801	tags=39%, list=8%, signal=42%	
GOBP_VACUOLAR_LOCALIZATION	GOBP_VACUOLAR_LOCALIZATION		53	-0.46495116	-1.4926378	0.011029412	0.15761124	1.0	1744	tags=36%, list=17%, signal=43%	
GOBP_CARDIAC_MUSCLE_CELL_CONTRACTION	GOBP_CARDIAC_MUSCLE_CELL_CONTRACTION		24	-0.56223935	-1.4923062	0.03868472	0.15776646	1.0	1344	tags=38%, list=13%, signal=43%	
GOBP_RESPONSE_TO_PROGESTERONE	GOBP_RESPONSE_TO_PROGESTERONE		20	-0.56461954	-1.4920534	0.039215688	0.15781029	1.0	1212	tags=35%, list=12%, signal=39%	
GOBP_ACTOMYOSIN_STRUCTURE_ORGANIZATION	GOBP_ACTOMYOSIN_STRUCTURE_ORGANIZATION		97	-0.423715	-1.4917824	0.009803922	0.15788151	1.0	886	tags=19%, list=8%, signal=20%	
GOBP_INTERLEUKIN_1_PRODUCTION	GOBP_INTERLEUKIN_1_PRODUCTION		50	-0.46955028	-1.4909229	0.020332716	0.1587476	1.0	1248	tags=38%, list=12%, signal=43%	
GOMF_SIGNALING_ADAPTOR_ACTIVITY	GOMF_SIGNALING_ADAPTOR_ACTIVITY		54	-0.46361062	-1.4908777	0.020408163	0.15850523	1.0	2152	tags=37%, list=20%, signal=46%	
GOMF_LIPID_TRANSPORTER_ACTIVITY	GOMF_LIPID_TRANSPORTER_ACTIVITY		77	-0.43478352	-1.4903746	0.013307985	0.15881415	1.0	1098	tags=22%, list=10%, signal=24%	
GOBP_SUBSTRATE_ADHESION_DEPENDENT_CELL_SPREADING	GOBP_SUBSTRATE_ADHESION_DEPENDENT_CELL_SPREADING		54	-0.4683957	-1.4900922	0.018789144	0.15888745	1.0	737	tags=22%, list=7%, signal=24%	
GOBP_EMBRYONIC_HEMOPOIESIS	GOBP_EMBRYONIC_HEMOPOIESIS		15	-0.6124319	-1.4888475	0.05357143	0.16010824	1.0	324	tags=27%, list=3%, signal=27%	
GOBP_MYELOID_LEUKOCYTE_MEDIATED_IMMUNITY	GOBP_MYELOID_LEUKOCYTE_MEDIATED_IMMUNITY		58	-0.46068308	-1.4886658	0.013671875	0.16003372	1.0	1754	tags=40%, list=17%, signal=47%	
GOBP_RESPONSE_TO_CATECHOLAMINE	GOBP_RESPONSE_TO_CATECHOLAMINE		45	-0.47346237	-1.4873452	0.028409092	0.16144915	1.0	1185	tags=29%, list=11%, signal=32%	
GOBP_NEGATIVE_REGULATION_OF_MAPK_CASCADE	GOBP_NEGATIVE_REGULATION_OF_MAPK_CASCADE		97	-0.42586467	-1.4872861	0.003960396	0.16124444	1.0	1204	tags=24%, list=11%, signal=27%	
GOBP_MEMBRANE_FUSION	GOBP_MEMBRANE_FUSION		94	-0.42838997	-1.4870262	0.020746889	0.16130038	1.0	2467	tags=34%, list=23%, signal=44%	
GOBP_MICROTUBULE_ORGANIZING_CENTER_LOCALIZATION	GOBP_MICROTUBULE_ORGANIZING_CENTER_LOCALIZATION		26	-0.53804135	-1.486758	0.04174573	0.16133232	1.0	1204	tags=23%, list=11%, signal=26%	
GOBP_PHOSPHOLIPID_DEPHOSPHORYLATION	GOBP_PHOSPHOLIPID_DEPHOSPHORYLATION		26	-0.5465702	-1.4866841	0.022869023	0.16111608	1.0	2316	tags=50%, list=22%, signal=64%	
GOBP_MICROVILLUS_ASSEMBLY	GOBP_MICROVILLUS_ASSEMBLY		15	-0.626064	-1.4859587	0.04233871	0.16173853	1.0	2283	tags=47%, list=22%, signal=60%	
GOBP_REGULATION_OF_ION_TRANSMEMBRANE_TRANSPORT	GOBP_REGULATION_OF_ION_TRANSMEMBRANE_TRANSPORT		168	-0.39418182	-1.4856502	0.0018832391	0.1618107	1.0	2016	tags=32%, list=19%, signal=39%	
GOBP_NEGATIVE_REGULATION_OF_CANONICAL_WNT_SIGNALING_PATHWAY	GOBP_NEGATIVE_REGULATION_OF_CANONICAL_WNT_SIGNALING_PATHWAY		61	-0.448569	-1.4854279	0.015625	0.16180916	1.0	2489	tags=39%, list=24%, signal=51%	
GOBP_CORTICAL_CYTOSKELETON_ORGANIZATION	GOBP_CORTICAL_CYTOSKELETON_ORGANIZATION		38	-0.5020728	-1.4851828	0.03265306	0.16181329	1.0	2720	tags=47%, list=26%, signal=64%	
GOBP_REGULATION_OF_ACTOMYOSIN_STRUCTURE_ORGANIZATION	GOBP_REGULATION_OF_ACTOMYOSIN_STRUCTURE_ORGANIZATION		57	-0.46362534	-1.4849123	0.020325202	0.16187547	1.0	886	tags=19%, list=8%, signal=21%	
GOBP_RESPONSE_TO_MECHANICAL_STIMULUS	GOBP_RESPONSE_TO_MECHANICAL_STIMULUS		90	-0.42547917	-1.4846377	0.007677543	0.16193755	1.0	1467	tags=27%, list=14%, signal=31%	
GOBP_NEGATIVE_REGULATION_OF_NERVOUS_SYSTEM_DEVELOPMENT	GOBP_NEGATIVE_REGULATION_OF_NERVOUS_SYSTEM_DEVELOPMENT		56	-0.46247265	-1.4843436	0.014869888	0.16209605	1.0	1468	tags=30%, list=14%, signal=35%	
GOBP_LYMPHOCYTE_CHEMOTAXIS	GOBP_LYMPHOCYTE_CHEMOTAXIS		21	-0.5855113	-1.4843023	0.045454547	0.16186914	1.0	2121	tags=48%, list=20%, signal=60%	
GOBP_SPROUTING_ANGIOGENESIS	GOBP_SPROUTING_ANGIOGENESIS		53	-0.46838734	-1.4840113	0.02443609	0.16195525	1.0	1079	tags=21%, list=10%, signal=23%	
GOBP_LATE_ENDOSOME_TO_VACUOLE_TRANSPORT_VIA_MULTIVESICULAR_BODY_SORTING_PATHWAY	GOBP_LATE_ENDOSOME_TO_VACUOLE_TRANSPORT_VIA_MULTIVESICULAR_BODY_SORTING_PATHWAY		15	-0.61457664	-1.48395	0.050301813	0.16173357	1.0	1736	tags=40%, list=17%, signal=48%	
GOBP_PHOSPHATIDYLINOSITOL_METABOLIC_PROCESS	GOBP_PHOSPHATIDYLINOSITOL_METABOLIC_PROCESS		117	-0.40958408	-1.4825715	0.0058139535	0.16326594	1.0	2149	tags=33%, list=20%, signal=41%	
GOBP_ACTIN_MEDIATED_CELL_CONTRACTION	GOBP_ACTIN_MEDIATED_CELL_CONTRACTION		33	-0.523078	-1.4821068	0.030364372	0.16359816	1.0	1344	tags=36%, list=13%, signal=42%	
GOBP_MAINTENANCE_OF_PROTEIN_LOCATION_IN_CELL	GOBP_MAINTENANCE_OF_PROTEIN_LOCATION_IN_CELL		49	-0.4728649	-1.4818776	0.01734104	0.16358869	1.0	1241	tags=33%, list=12%, signal=37%	
HP_VASCULAR_SKIN_ABNORMALITY	HP_VASCULAR_SKIN_ABNORMALITY		322	-0.36380818	-1.4799243	0.0	0.1658049	1.0	1687	tags=28%, list=16%, signal=32%	
GOBP_REGULATION_OF_ACTIN_NUCLEATION	GOBP_REGULATION_OF_ACTIN_NUCLEATION		20	-0.56590235	-1.4792687	0.04828974	0.16633832	1.0	2119	tags=30%, list=20%, signal=38%	
GOBP_PROTEIN_TARGETING_TO_VACUOLE	GOBP_PROTEIN_TARGETING_TO_VACUOLE		32	-0.50826323	-1.4788433	0.029473685	0.16662848	1.0	2090	tags=38%, list=20%, signal=47%	
GOBP_ACTION_POTENTIAL	GOBP_ACTION_POTENTIAL		44	-0.4819917	-1.4786668	0.028957529	0.16655539	1.0	1991	tags=36%, list=19%, signal=45%	
GOBP_REGULATION_OF_PROTEIN_POLYMERIZATION	GOBP_REGULATION_OF_PROTEIN_POLYMERIZATION		117	-0.40619996	-1.4784404	0.0076923077	0.16658363	1.0	2473	tags=37%, list=24%, signal=48%	
GOCC_MICROBODY_LUMEN	GOCC_MICROBODY_LUMEN		34	-0.5056255	-1.4782666	0.028462999	0.1665249	1.0	3182	tags=59%, list=30%, signal=84%	
GOCC_CALCIUM_CHANNEL_COMPLEX	GOCC_CALCIUM_CHANNEL_COMPLEX		25	-0.5329354	-1.4780469	0.032629557	0.16655608	1.0	2327	tags=44%, list=22%, signal=56%	
GOBP_REGULATION_OF_ERYTHROCYTE_DIFFERENTIATION	GOBP_REGULATION_OF_ERYTHROCYTE_DIFFERENTIATION		36	-0.5042767	-1.4777727	0.024691358	0.16662228	1.0	1214	tags=28%, list=12%, signal=31%	
GOBP_STRIATED_MUSCLE_ADAPTATION	GOBP_STRIATED_MUSCLE_ADAPTATION		19	-0.58417886	-1.4773166	0.05376344	0.16697638	1.0	1499	tags=32%, list=14%, signal=37%	
GOBP_REGULATION_OF_IMMUNE_RESPONSE	GOBP_REGULATION_OF_IMMUNE_RESPONSE		457	-0.35421205	-1.4772382	0.0	0.16678305	1.0	1460	tags=25%, list=14%, signal=28%	
GOBP_REGULATION_OF_HEART_GROWTH	GOBP_REGULATION_OF_HEART_GROWTH		22	-0.5532801	-1.4771302	0.049212597	0.16666642	1.0	1308	tags=36%, list=12%, signal=41%	
HP_ERECTILE_DYSFUNCTION	HP_ERECTILE_DYSFUNCTION		31	-0.5139449	-1.4771056	0.034416825	0.16641064	1.0	1898	tags=32%, list=18%, signal=39%	
HP_IMPOTENCE	HP_IMPOTENCE		29	-0.5211545	-1.4770122	0.034816246	0.1662213	1.0	1898	tags=34%, list=18%, signal=42%	
GOCC_ESCRT_COMPLEX	GOCC_ESCRT_COMPLEX		23	-0.5470725	-1.4765619	0.037117902	0.16658224	1.0	1859	tags=30%, list=18%, signal=37%	
GOBP_MYELOID_CELL_HOMEOSTASIS	GOBP_MYELOID_CELL_HOMEOSTASIS		112	-0.41179612	-1.4764616	0.0076481835	0.166431	1.0	1214	tags=23%, list=12%, signal=26%	
GOBP_ERYTHROCYTE_HOMEOSTASIS	GOBP_ERYTHROCYTE_HOMEOSTASIS		93	-0.42529398	-1.4760939	0.0116731515	0.16662994	1.0	1214	tags=24%, list=12%, signal=27%	
GOBP_REGULATION_OF_NEUROTRANSMITTER_LEVELS	GOBP_REGULATION_OF_NEUROTRANSMITTER_LEVELS		84	-0.4293104	-1.4758396	0.009242144	0.16667126	1.0	1527	tags=21%, list=15%, signal=25%	
GOBP_NEURON_DEVELOPMENT	GOBP_NEURON_DEVELOPMENT		484	-0.35004658	-1.4756358	0.0	0.16666712	1.0	1610	tags=21%, list=15%, signal=24%	
GOBP_NEGATIVE_REGULATION_OF_MUSCLE_CELL_APOPTOTIC_PROCESS	GOBP_NEGATIVE_REGULATION_OF_MUSCLE_CELL_APOPTOTIC_PROCESS		19	-0.5872622	-1.4752979	0.062370062	0.16681205	1.0	1459	tags=37%, list=14%, signal=43%	
GOBP_NEGATIVE_REGULATION_OF_INNATE_IMMUNE_RESPONSE	GOBP_NEGATIVE_REGULATION_OF_INNATE_IMMUNE_RESPONSE		41	-0.49068528	-1.4747044	0.02	0.16729257	1.0	1286	tags=32%, list=12%, signal=36%	
GOBP_DETECTION_OF_STIMULUS_INVOLVED_IN_SENSORY_PERCEPTION	GOBP_DETECTION_OF_STIMULUS_INVOLVED_IN_SENSORY_PERCEPTION		18	-0.579823	-1.4743531	0.045725647	0.16746871	1.0	1130	tags=28%, list=11%, signal=31%	
GOBP_RESPONSE_TO_ELECTRICAL_STIMULUS	GOBP_RESPONSE_TO_ELECTRICAL_STIMULUS		16	-0.605799	-1.4739517	0.06358381	0.16771442	1.0	930	tags=31%, list=9%, signal=34%	
GOBP_REGULATION_OF_CELL_MATRIX_ADHESION	GOBP_REGULATION_OF_CELL_MATRIX_ADHESION		61	-0.4486342	-1.4738969	0.01904762	0.16752034	1.0	1134	tags=23%, list=11%, signal=26%	
GOBP_REGULATION_OF_MONONUCLEAR_CELL_MIGRATION	GOBP_REGULATION_OF_MONONUCLEAR_CELL_MIGRATION		59	-0.45398065	-1.4734406	0.01509434	0.1678257	1.0	2454	tags=46%, list=23%, signal=59%	
HP_ABNORMAL_LEVELS_OF_ALPHA_FETOPROTEIN	HP_ABNORMAL_LEVELS_OF_ALPHA_FETOPROTEIN		22	-0.5655768	-1.4732351	0.04494382	0.16785248	1.0	2110	tags=55%, list=20%, signal=68%	
GOBP_NEGATIVE_REGULATION_OF_SYNAPTIC_TRANSMISSION	GOBP_NEGATIVE_REGULATION_OF_SYNAPTIC_TRANSMISSION		28	-0.52755827	-1.4732289	0.036734693	0.16757718	1.0	1672	tags=32%, list=16%, signal=38%	
GOCC_AZUROPHIL_GRANULE_MEMBRANE	GOCC_AZUROPHIL_GRANULE_MEMBRANE		39	-0.4924566	-1.4725913	0.015625	0.16810133	1.0	1896	tags=33%, list=18%, signal=41%	
GOBP_REGULATION_OF_REACTIVE_OXYGEN_SPECIES_METABOLIC_PROCESS	GOBP_REGULATION_OF_REACTIVE_OXYGEN_SPECIES_METABOLIC_PROCESS		84	-0.42434978	-1.47228	0.015655577	0.16821754	1.0	1236	tags=26%, list=12%, signal=29%	
GOBP_PHOSPHATIDYLINOSITOL_DEPHOSPHORYLATION	GOBP_PHOSPHATIDYLINOSITOL_DEPHOSPHORYLATION		24	-0.5505251	-1.4721075	0.046558704	0.1681528	1.0	2316	tags=50%, list=22%, signal=64%	
GOBP_NEGATIVE_REGULATION_OF_SUPRAMOLECULAR_FIBER_ORGANIZATION	GOBP_NEGATIVE_REGULATION_OF_SUPRAMOLECULAR_FIBER_ORGANIZATION		87	-0.4280417	-1.4720254	0.013257576	0.16799705	1.0	1315	tags=20%, list=13%, signal=22%	
GOBP_CELL_CELL_JUNCTION_ORGANIZATION	GOBP_CELL_CELL_JUNCTION_ORGANIZATION		80	-0.43203247	-1.4714992	0.007843138	0.16842829	1.0	1863	tags=31%, list=18%, signal=38%	
GOBP_RENAL_SYSTEM_PROCESS	GOBP_RENAL_SYSTEM_PROCESS		39	-0.49032882	-1.471365	0.03345725	0.16833246	1.0	1182	tags=33%, list=11%, signal=37%	
GOBP_REGULATION_OF_SECRETION	GOBP_REGULATION_OF_SECRETION		263	-0.3677411	-1.4713229	0.0	0.16811727	1.0	1673	tags=26%, list=16%, signal=30%	
GOCC_EXTRINSIC_COMPONENT_OF_CYTOPLASMIC_SIDE_OF_PLASMA_MEMBRANE	GOCC_EXTRINSIC_COMPONENT_OF_CYTOPLASMIC_SIDE_OF_PLASMA_MEMBRANE		53	-0.46601406	-1.4706873	0.03065134	0.16866353	1.0	1738	tags=40%, list=17%, signal=47%	
GOBP_NEGATIVE_REGULATION_OF_OSTEOBLAST_DIFFERENTIATION	GOBP_NEGATIVE_REGULATION_OF_OSTEOBLAST_DIFFERENTIATION		20	-0.5661606	-1.4704341	0.041749503	0.16872555	1.0	1468	tags=40%, list=14%, signal=46%	
GOBP_PROTEIN_ADP_RIBOSYLATION	GOBP_PROTEIN_ADP_RIBOSYLATION		28	-0.5224688	-1.4696342	0.031007752	0.16952342	1.0	2747	tags=46%, list=26%, signal=63%	
GOBP_CYTOKINE_PRODUCTION_INVOLVED_IN_INFLAMMATORY_RESPONSE	GOBP_CYTOKINE_PRODUCTION_INVOLVED_IN_INFLAMMATORY_RESPONSE		27	-0.5290426	-1.4695832	0.048543688	0.16931012	1.0	1248	tags=33%, list=12%, signal=38%	
GOMF_KINASE_BINDING	GOMF_KINASE_BINDING		497	-0.35062823	-1.4692483	0.0	0.16944684	1.0	1952	tags=29%, list=19%, signal=34%	
HP_RECURRENT_BACTERIAL_INFECTIONS	HP_RECURRENT_BACTERIAL_INFECTIONS		90	-0.4192997	-1.4689515	0.011583012	0.16959035	1.0	1650	tags=33%, list=16%, signal=39%	
GOBP_ENDOCYTIC_RECYCLING	GOBP_ENDOCYTIC_RECYCLING		52	-0.4720601	-1.4689398	0.017928287	0.16934125	1.0	1775	tags=31%, list=17%, signal=37%	
GOBP_REGULATION_OF_RHO_PROTEIN_SIGNAL_TRANSDUCTION	GOBP_REGULATION_OF_RHO_PROTEIN_SIGNAL_TRANSDUCTION		47	-0.46582013	-1.4687098	0.020242915	0.16940314	1.0	891	tags=23%, list=8%, signal=25%	
GOBP_NEGATIVE_REGULATION_OF_CELL_GROWTH	GOBP_NEGATIVE_REGULATION_OF_CELL_GROWTH		90	-0.41891053	-1.4669986	0.005976096	0.17136756	1.0	1718	tags=29%, list=16%, signal=34%	
GOBP_WOUND_HEALING	GOBP_WOUND_HEALING		186	-0.38067344	-1.4668206	0.0036764706	0.17135197	1.0	1129	tags=19%, list=11%, signal=21%	
GOBP_T_CELL_RECEPTOR_SIGNALING_PATHWAY	GOBP_T_CELL_RECEPTOR_SIGNALING_PATHWAY		86	-0.42054862	-1.4656509	0.0149532715	0.17267333	1.0	1644	tags=33%, list=16%, signal=38%	
HP_LYMPHOPENIA	HP_LYMPHOPENIA		98	-0.41563842	-1.4646394	0.01183432	0.17367823	1.0	1380	tags=29%, list=13%, signal=33%	
HP_ABNORMALITY_OF_HUMORAL_IMMUNITY	HP_ABNORMALITY_OF_HUMORAL_IMMUNITY		180	-0.38249344	-1.4640303	0.0058027077	0.1741269	1.0	1528	tags=28%, list=15%, signal=32%	
GOBP_POSITIVE_REGULATION_OF_IMMUNE_SYSTEM_PROCESS	GOBP_POSITIVE_REGULATION_OF_IMMUNE_SYSTEM_PROCESS		442	-0.350124	-1.4640002	0.0	0.17388302	1.0	1412	tags=25%, list=13%, signal=28%	
GOBP_SPHINGOLIPID_BIOSYNTHETIC_PROCESS	GOBP_SPHINGOLIPID_BIOSYNTHETIC_PROCESS		64	-0.44679344	-1.4636084	0.010526316	0.17410634	1.0	2080	tags=36%, list=20%, signal=45%	
GOBP_POSITIVE_REGULATION_OF_INTERLEUKIN_6_PRODUCTION	GOBP_POSITIVE_REGULATION_OF_INTERLEUKIN_6_PRODUCTION		49	-0.4693679	-1.463563	0.019723866	0.17389147	1.0	1036	tags=29%, list=10%, signal=32%	
HP_ABNORMALITY_OF_THE_SHOULDER_GIRDLE_MUSCULATURE	HP_ABNORMALITY_OF_THE_SHOULDER_GIRDLE_MUSCULATURE		60	-0.44982588	-1.4631681	0.019569471	0.17410041	1.0	536	tags=15%, list=5%, signal=16%	
GOBP_CELLULAR_HORMONE_METABOLIC_PROCESS	GOBP_CELLULAR_HORMONE_METABOLIC_PROCESS		41	-0.47293648	-1.4630079	0.023206752	0.17401673	1.0	746	tags=24%, list=7%, signal=26%	
HP_PROLONGED_BLEEDING_TIME	HP_PROLONGED_BLEEDING_TIME		22	-0.5445526	-1.4627022	0.05	0.1741337	1.0	719	tags=27%, list=7%, signal=29%	
GOCC_TERTIARY_GRANULE_LUMEN	GOCC_TERTIARY_GRANULE_LUMEN		33	-0.4968525	-1.4625478	0.037698414	0.17405427	1.0	1262	tags=24%, list=12%, signal=27%	
GOBP_ENDOMEMBRANE_SYSTEM_ORGANIZATION	GOBP_ENDOMEMBRANE_SYSTEM_ORGANIZATION		356	-0.35914358	-1.4623109	0.0	0.17414114	1.0	2020	tags=24%, list=19%, signal=29%	
GOBP_NEGATIVE_REGULATION_OF_PROTEIN_SERINE_THREONINE_KINASE_ACTIVITY	GOBP_NEGATIVE_REGULATION_OF_PROTEIN_SERINE_THREONINE_KINASE_ACTIVITY		70	-0.43813598	-1.4621009	0.014519056	0.17413478	1.0	1323	tags=23%, list=13%, signal=26%	
GOBP_REGULATION_OF_CATION_CHANNEL_ACTIVITY	GOBP_REGULATION_OF_CATION_CHANNEL_ACTIVITY		52	-0.4620121	-1.4616492	0.018072288	0.17445706	1.0	2327	tags=40%, list=22%, signal=52%	
GOBP_NEGATIVE_REGULATION_OF_PROTEIN_POLYMERIZATION	GOBP_NEGATIVE_REGULATION_OF_PROTEIN_POLYMERIZATION		42	-0.48176205	-1.4615848	0.042592593	0.17424601	1.0	1494	tags=26%, list=14%, signal=30%	
GOBP_REGULATION_OF_SUPRAMOLECULAR_FIBER_ORGANIZATION	GOBP_REGULATION_OF_SUPRAMOLECULAR_FIBER_ORGANIZATION		215	-0.37158787	-1.4614525	0.0	0.17416145	1.0	2489	tags=32%, list=24%, signal=41%	
HP_ABNORMAL_BLEEDING	HP_ABNORMAL_BLEEDING		295	-0.3647443	-1.4611686	0.0	0.17421599	1.0	1522	tags=24%, list=14%, signal=28%	
GOBP_REGULATION_OF_LEUKOCYTE_DEGRANULATION	GOBP_REGULATION_OF_LEUKOCYTE_DEGRANULATION		24	-0.54361844	-1.460809	0.046242774	0.17446367	1.0	1754	tags=54%, list=17%, signal=65%	
GOCC_CELL_LEADING_EDGE	GOCC_CELL_LEADING_EDGE		241	-0.3690716	-1.4604874	0.005524862	0.17460208	1.0	2122	tags=30%, list=20%, signal=37%	
HP_STRIDOR	HP_STRIDOR		17	-0.58353317	-1.4603724	0.06616257	0.17447172	1.0	1061	tags=24%, list=10%, signal=26%	
GOBP_HOMOPHILIC_CELL_ADHESION_VIA_PLASMA_MEMBRANE_ADHESION_MOLECULES	GOBP_HOMOPHILIC_CELL_ADHESION_VIA_PLASMA_MEMBRANE_ADHESION_MOLECULES		18	-0.57605827	-1.4603697	0.054924242	0.17419651	1.0	922	tags=33%, list=9%, signal=36%	
HP_TRUNCAL_OBESITY	HP_TRUNCAL_OBESITY		39	-0.4869953	-1.4602252	0.054545455	0.17410745	1.0	2542	tags=46%, list=24%, signal=61%	
GOBP_LEUKOCYTE_CELL_CELL_ADHESION	GOBP_LEUKOCYTE_CELL_CELL_ADHESION		209	-0.37535244	-1.4601867	0.0	0.17387754	1.0	1402	tags=27%, list=13%, signal=31%	
GOCC_CELL_PROJECTION_MEMBRANE	GOCC_CELL_PROJECTION_MEMBRANE		147	-0.39085674	-1.4601694	0.0036764706	0.17363018	1.0	2473	tags=35%, list=24%, signal=46%	
GOBP_GLYCEROPHOSPHOLIPID_BIOSYNTHETIC_PROCESS	GOBP_GLYCEROPHOSPHOLIPID_BIOSYNTHETIC_PROCESS		156	-0.39429235	-1.4600066	0.0019762847	0.17358784	1.0	2045	tags=31%, list=19%, signal=38%	
GOBP_MYELOID_CELL_DIFFERENTIATION	GOBP_MYELOID_CELL_DIFFERENTIATION		235	-0.36756596	-1.4591086	0.0	0.17461278	1.0	1285	tags=23%, list=12%, signal=26%	
GOMF_ACTIN_FILAMENT_BINDING	GOMF_ACTIN_FILAMENT_BINDING		115	-0.40274057	-1.4586351	0.0018975332	0.17498034	1.0	2119	tags=34%, list=20%, signal=42%	
GOBP_B_CELL_DIFFERENTIATION	GOBP_B_CELL_DIFFERENTIATION		85	-0.42469883	-1.4576	0.0139442235	0.17614518	1.0	994	tags=22%, list=9%, signal=24%	
GOBP_INNATE_IMMUNE_RESPONSE	GOBP_INNATE_IMMUNE_RESPONSE		380	-0.3531241	-1.457419	0.0	0.17610131	1.0	1322	tags=25%, list=13%, signal=28%	
GOBP_LEUKOCYTE_DIFFERENTIATION	GOBP_LEUKOCYTE_DIFFERENTIATION		337	-0.35735756	-1.4566003	0.0018796993	0.17691872	1.0	1290	tags=23%, list=12%, signal=26%	
GOBP_POLYOL_CATABOLIC_PROCESS	GOBP_POLYOL_CATABOLIC_PROCESS		20	-0.5552446	-1.4565883	0.049407113	0.17666575	1.0	1641	tags=40%, list=16%, signal=47%	
GOBP_PROTEIN_LOCALIZATION_TO_VACUOLE	GOBP_PROTEIN_LOCALIZATION_TO_VACUOLE		51	-0.46329305	-1.4563154	0.034951456	0.17676906	1.0	2090	tags=33%, list=20%, signal=41%	
GOBP_SPECIFICATION_OF_SYMMETRY	GOBP_SPECIFICATION_OF_SYMMETRY		52	-0.45428768	-1.455646	0.033464566	0.1773733	1.0	1954	tags=31%, list=19%, signal=38%	
GOBP_GRANULOCYTE_MIGRATION	GOBP_GRANULOCYTE_MIGRATION		58	-0.44366795	-1.4553652	0.015065913	0.17744638	1.0	1322	tags=28%, list=13%, signal=31%	
GOBP_NEGATIVE_REGULATION_OF_RESPONSE_TO_BIOTIC_STIMULUS	GOBP_NEGATIVE_REGULATION_OF_RESPONSE_TO_BIOTIC_STIMULUS		66	-0.4298951	-1.4552889	0.019417476	0.17726763	1.0	1029	tags=27%, list=10%, signal=30%	
GOBP_PHOSPHATIDYLINOSITOL_PHOSPHATE_BIOSYNTHETIC_PROCESS	GOBP_PHOSPHATIDYLINOSITOL_PHOSPHATE_BIOSYNTHETIC_PROCESS		54	-0.4542394	-1.4547721	0.021653544	0.17770496	1.0	2037	tags=31%, list=19%, signal=39%	
HP_URINARY_INCONTINENCE	HP_URINARY_INCONTINENCE		92	-0.41412523	-1.4544556	0.018255578	0.17787446	1.0	976	tags=20%, list=9%, signal=21%	
HP_B_CELL_LYMPHOMA	HP_B_CELL_LYMPHOMA		15	-0.59933877	-1.4544438	0.06786427	0.17761365	1.0	1290	tags=40%, list=12%, signal=46%	
GOBP_REGULATION_OF_AMINO_ACID_TRANSPORT	GOBP_REGULATION_OF_AMINO_ACID_TRANSPORT		18	-0.5747856	-1.4536315	0.04048583	0.17842495	1.0	1256	tags=39%, list=12%, signal=44%	
GOBP_POSITIVE_REGULATION_OF_ORGANELLE_ASSEMBLY	GOBP_POSITIVE_REGULATION_OF_ORGANELLE_ASSEMBLY		63	-0.4501236	-1.453451	0.02173913	0.17837776	1.0	1791	tags=30%, list=17%, signal=36%	
GOBP_LYMPHOCYTE_APOPTOTIC_PROCESS	GOBP_LYMPHOCYTE_APOPTOTIC_PROCESS		55	-0.4531509	-1.4523953	0.034548946	0.17953403	1.0	1036	tags=31%, list=10%, signal=34%	
GOBP_HOMEOSTASIS_OF_NUMBER_OF_CELLS_WITHIN_A_TISSUE	GOBP_HOMEOSTASIS_OF_NUMBER_OF_CELLS_WITHIN_A_TISSUE		17	-0.5831579	-1.4511507	0.053045187	0.18102722	1.0	1754	tags=41%, list=17%, signal=49%	
GOMF_PHOSPHATIDYLINOSITOL_KINASE_ACTIVITY	GOMF_PHOSPHATIDYLINOSITOL_KINASE_ACTIVITY		15	-0.5945208	-1.4509565	0.069767445	0.18101573	1.0	3313	tags=67%, list=32%, signal=97%	
GOMF_TRANSFORMING_GROWTH_FACTOR_BETA_RECEPTOR_BINDING	GOMF_TRANSFORMING_GROWTH_FACTOR_BETA_RECEPTOR_BINDING		15	-0.59708625	-1.4509135	0.06	0.18079683	1.0	760	tags=27%, list=7%, signal=29%	
GOBP_STRESS_FIBER_ASSEMBLY	GOBP_STRESS_FIBER_ASSEMBLY		66	-0.43639547	-1.450705	0.012244898	0.18079264	1.0	886	tags=21%, list=8%, signal=23%	
GOBP_POSITIVE_REGULATION_OF_INTERLEUKIN_1_PRODUCTION	GOBP_POSITIVE_REGULATION_OF_INTERLEUKIN_1_PRODUCTION		34	-0.50053024	-1.4505186	0.04330709	0.18078989	1.0	941	tags=41%, list=9%, signal=45%	
GOBP_ALPHA_BETA_T_CELL_ACTIVATION	GOBP_ALPHA_BETA_T_CELL_ACTIVATION		110	-0.4044455	-1.4504526	0.013409962	0.18061301	1.0	1261	tags=32%, list=12%, signal=36%	
HP_HYPERLORDOSIS	HP_HYPERLORDOSIS		116	-0.40310007	-1.4502436	0.009727626	0.1806495	1.0	1683	tags=22%, list=16%, signal=26%	
GOBP_HEART_MORPHOGENESIS	GOBP_HEART_MORPHOGENESIS		91	-0.41897464	-1.4497938	0.023210831	0.18098877	1.0	794	tags=19%, list=8%, signal=20%	
GOBP_REGULATION_OF_MEMBRANE_DEPOLARIZATION	GOBP_REGULATION_OF_MEMBRANE_DEPOLARIZATION		18	-0.56730205	-1.449493	0.058	0.18109359	1.0	1344	tags=33%, list=13%, signal=38%	
GOCC_NEURON_PROJECTION_TERMINUS	GOCC_NEURON_PROJECTION_TERMINUS		42	-0.47516635	-1.4494236	0.035433073	0.18090306	1.0	1079	tags=24%, list=10%, signal=26%	
HP_ONION_BULB_FORMATION	HP_ONION_BULB_FORMATION		19	-0.55796134	-1.4491247	0.06395349	0.18108279	1.0	1013	tags=37%, list=10%, signal=41%	
GOBP_REGULATION_OF_TRANSMEMBRANE_TRANSPORT	GOBP_REGULATION_OF_TRANSMEMBRANE_TRANSPORT		213	-0.37138218	-1.4488323	0.0	0.1811934	1.0	2148	tags=32%, list=20%, signal=39%	
GOMF_PHOSPHATIDYLINOSITOL_BISPHOSPHATE_BINDING	GOMF_PHOSPHATIDYLINOSITOL_BISPHOSPHATE_BINDING		53	-0.45410275	-1.4487929	0.04183267	0.18097594	1.0	2242	tags=40%, list=21%, signal=50%	
HP_CHRONIC_MUCOCUTANEOUS_CANDIDIASIS	HP_CHRONIC_MUCOCUTANEOUS_CANDIDIASIS		25	-0.53842235	-1.4486965	0.040899795	0.18082517	1.0	1252	tags=40%, list=12%, signal=45%	
GOBP_VASCULATURE_DEVELOPMENT	GOBP_VASCULATURE_DEVELOPMENT		310	-0.35817474	-1.4480585	0.0	0.18139046	1.0	1079	tags=18%, list=10%, signal=20%	
GOBP_REGULATION_OF_SODIUM_ION_TRANSPORT	GOBP_REGULATION_OF_SODIUM_ION_TRANSPORT		41	-0.47640893	-1.4479305	0.041420117	0.18128666	1.0	1801	tags=34%, list=17%, signal=41%	
HP_BRUISING_SUSCEPTIBILITY	HP_BRUISING_SUSCEPTIBILITY		93	-0.41384172	-1.4478481	0.0037523452	0.18112051	1.0	1290	tags=28%, list=12%, signal=32%	
GOMF_MICROTUBULE_BINDING	GOMF_MICROTUBULE_BINDING		178	-0.3801689	-1.4474716	0.0057361377	0.18136254	1.0	2269	tags=26%, list=22%, signal=33%	
GOBP_LOCALIZATION_WITHIN_MEMBRANE	GOBP_LOCALIZATION_WITHIN_MEMBRANE		417	-0.3486774	-1.4471828	0.0	0.18147565	1.0	1859	tags=25%, list=18%, signal=29%	
GOBP_PHOSPHOLIPID_METABOLIC_PROCESS	GOBP_PHOSPHOLIPID_METABOLIC_PROCESS		246	-0.36566013	-1.4454535	0.0	0.1835971	1.0	2149	tags=31%, list=20%, signal=38%	
GOBP_REGULATION_OF_CELLULAR_AMINE_METABOLIC_PROCESS	GOBP_REGULATION_OF_CELLULAR_AMINE_METABOLIC_PROCESS		15	-0.59439945	-1.4451387	0.07385229	0.18377873	1.0	1236	tags=33%, list=12%, signal=38%	
HP_PRURITUS	HP_PRURITUS		64	-0.4388136	-1.4446936	0.026156941	0.18415985	1.0	1643	tags=28%, list=16%, signal=33%	
GOBP_ANIMAL_ORGAN_FORMATION	GOBP_ANIMAL_ORGAN_FORMATION		18	-0.57407874	-1.4442376	0.06903353	0.18454537	1.0	794	tags=28%, list=8%, signal=30%	
HP_CENTRALLY_NUCLEATED_SKELETAL_MUSCLE_FIBERS	HP_CENTRALLY_NUCLEATED_SKELETAL_MUSCLE_FIBERS		19	-0.5691486	-1.4435745	0.044921875	0.1851883	1.0	856	tags=32%, list=8%, signal=34%	
HP_APHTHOUS_ULCER	HP_APHTHOUS_ULCER		15	-0.5959438	-1.4433142	0.07254902	0.18524471	1.0	1378	tags=47%, list=13%, signal=54%	
GOBP_EXPORT_FROM_CELL	GOBP_EXPORT_FROM_CELL		391	-0.35159102	-1.4432615	0.0	0.18505995	1.0	1822	tags=26%, list=17%, signal=30%	
GOBP_MAPK_CASCADE	GOBP_MAPK_CASCADE		370	-0.35613814	-1.4428306	0.0	0.18538328	1.0	1333	tags=22%, list=13%, signal=24%	
GOBP_T_CELL_APOPTOTIC_PROCESS	GOBP_T_CELL_APOPTOTIC_PROCESS		34	-0.48933792	-1.4427795	0.036750484	0.18518123	1.0	1322	tags=35%, list=13%, signal=40%	
HP_CHRONIC_ORAL_CANDIDIASIS	HP_CHRONIC_ORAL_CANDIDIASIS		15	-0.592854	-1.4425654	0.07066381	0.18519656	1.0	1252	tags=53%, list=12%, signal=60%	
GOBP_POLYOL_METABOLIC_PROCESS	GOBP_POLYOL_METABOLIC_PROCESS		63	-0.44444737	-1.4425	0.023210831	0.18500908	1.0	1661	tags=33%, list=16%, signal=39%	
HP_SPINAL_CANAL_STENOSIS	HP_SPINAL_CANAL_STENOSIS		24	-0.52933383	-1.4424655	0.044088177	0.18479511	1.0	1468	tags=33%, list=14%, signal=39%	
GOBP_DIVALENT_INORGANIC_CATION_HOMEOSTASIS	GOBP_DIVALENT_INORGANIC_CATION_HOMEOSTASIS		202	-0.37182865	-1.4415222	0.0037037036	0.18579993	1.0	2031	tags=31%, list=19%, signal=37%	
GOCC_CYTOPLASMIC_REGION	GOCC_CYTOPLASMIC_REGION		119	-0.4006177	-1.4402981	0.0058139535	0.18714896	1.0	1908	tags=23%, list=18%, signal=27%	
GOBP_ORGANOPHOSPHATE_ESTER_TRANSPORT	GOBP_ORGANOPHOSPHATE_ESTER_TRANSPORT		87	-0.41198057	-1.4402615	0.01968504	0.18692109	1.0	1734	tags=29%, list=17%, signal=34%	
HP_PAPULE	HP_PAPULE		52	-0.4493363	-1.440226	0.02745098	0.18671227	1.0	1378	tags=29%, list=13%, signal=33%	
GOBP_MUSCLE_ORGAN_DEVELOPMENT	GOBP_MUSCLE_ORGAN_DEVELOPMENT		130	-0.39118296	-1.440186	0.010638298	0.18650737	1.0	1920	tags=29%, list=18%, signal=35%	
GOBP_ESTABLISHMENT_OF_PROTEIN_LOCALIZATION_TO_VACUOLE	GOBP_ESTABLISHMENT_OF_PROTEIN_LOCALIZATION_TO_VACUOLE		39	-0.47549167	-1.4395323	0.041237112	0.18714905	1.0	2090	tags=33%, list=20%, signal=41%	
GOBP_SUPRAMOLECULAR_FIBER_ORGANIZATION	GOBP_SUPRAMOLECULAR_FIBER_ORGANIZATION		389	-0.349338	-1.4391786	0.0	0.18734983	1.0	2141	tags=27%, list=20%, signal=32%	
HP_ABNORMAL_EOSINOPHIL_MORPHOLOGY	HP_ABNORMAL_EOSINOPHIL_MORPHOLOGY		37	-0.48610488	-1.439141	0.043209877	0.18712638	1.0	2144	tags=46%, list=20%, signal=58%	
GOCC_RUFFLE_MEMBRANE	GOCC_RUFFLE_MEMBRANE		61	-0.44117972	-1.4390417	0.025878003	0.18699762	1.0	2454	tags=36%, list=23%, signal=47%	
GOCC_SARCOPLASMIC_RETICULUM_MEMBRANE	GOCC_SARCOPLASMIC_RETICULUM_MEMBRANE		17	-0.58076084	-1.4388313	0.061895553	0.1870129	1.0	1223	tags=41%, list=12%, signal=47%	
GOBP_CONNECTIVE_TISSUE_DEVELOPMENT	GOBP_CONNECTIVE_TISSUE_DEVELOPMENT		92	-0.41237155	-1.4386718	0.014760148	0.18697178	1.0	820	tags=21%, list=8%, signal=22%	
HP_DECREASED_CIRCULATING_ANTIBODY_LEVEL	HP_DECREASED_CIRCULATING_ANTIBODY_LEVEL		126	-0.393179	-1.4384784	0.0114068445	0.18698151	1.0	1522	tags=28%, list=14%, signal=32%	
GOBP_TISSUE_MIGRATION	GOBP_TISSUE_MIGRATION		152	-0.3829336	-1.4382321	0.009596929	0.18705381	1.0	1079	tags=19%, list=10%, signal=21%	
GOCC_SARCOLEMMA	GOCC_SARCOLEMMA		48	-0.45887387	-1.4379879	0.03168317	0.18717301	1.0	1237	tags=25%, list=12%, signal=28%	
GOBP_NEGATIVE_REGULATION_OF_TYPE_I_INTERFERON_MEDIATED_SIGNALING_PATHWAY	GOBP_NEGATIVE_REGULATION_OF_TYPE_I_INTERFERON_MEDIATED_SIGNALING_PATHWAY		16	-0.5943719	-1.4377769	0.057471264	0.18718353	1.0	1029	tags=38%, list=10%, signal=42%	
GOBP_IMMUNE_RESPONSE_REGULATING_SIGNALING_PATHWAY	GOBP_IMMUNE_RESPONSE_REGULATING_SIGNALING_PATHWAY		250	-0.36229068	-1.4374559	0.0019723866	0.18732473	1.0	1252	tags=22%, list=12%, signal=24%	
GOBP_MEMBRANE_LIPID_BIOSYNTHETIC_PROCESS	GOBP_MEMBRANE_LIPID_BIOSYNTHETIC_PROCESS		94	-0.40994877	-1.436929	0.019607844	0.18778656	1.0	2080	tags=34%, list=20%, signal=42%	
GOBP_REGULATION_OF_PHAGOCYTOSIS	GOBP_REGULATION_OF_PHAGOCYTOSIS		42	-0.4694578	-1.4367477	0.04032258	0.18778577	1.0	775	tags=29%, list=7%, signal=31%	
GOBP_POSITIVE_REGULATION_OF_CATION_CHANNEL_ACTIVITY	GOBP_POSITIVE_REGULATION_OF_CATION_CHANNEL_ACTIVITY		21	-0.53870714	-1.4363457	0.055214725	0.18810622	1.0	2327	tags=48%, list=22%, signal=61%	
GOBP_REGULATION_OF_DEFENSE_RESPONSE_TO_VIRUS	GOBP_REGULATION_OF_DEFENSE_RESPONSE_TO_VIRUS		47	-0.4702694	-1.4363258	0.029354207	0.18787403	1.0	1129	tags=28%, list=11%, signal=31%	
GOBP_DORSAL_VENTRAL_PATTERN_FORMATION	GOBP_DORSAL_VENTRAL_PATTERN_FORMATION		30	-0.50982165	-1.4359211	0.036538463	0.1881372	1.0	621	tags=17%, list=6%, signal=18%	
GOBP_ENDOTHELIAL_CELL_MIGRATION	GOBP_ENDOTHELIAL_CELL_MIGRATION		106	-0.40468708	-1.4358138	0.016791046	0.18800606	1.0	1079	tags=21%, list=10%, signal=23%	
HP_MALE_SEXUAL_DYSFUNCTION	HP_MALE_SEXUAL_DYSFUNCTION		38	-0.48577037	-1.4357287	0.044210527	0.18785575	1.0	1898	tags=32%, list=18%, signal=38%	
GOBP_NEUTROPHIL_MIGRATION	GOBP_NEUTROPHIL_MIGRATION		49	-0.45975965	-1.4357125	0.04563492	0.18761547	1.0	1322	tags=29%, list=13%, signal=33%	
GOMF_HYDROLASE_ACTIVITY_HYDROLYZING_N_GLYCOSYL_COMPOUNDS	GOMF_HYDROLASE_ACTIVITY_HYDROLYZING_N_GLYCOSYL_COMPOUNDS		34	-0.49468747	-1.4349737	0.04225352	0.18846825	1.0	1248	tags=26%, list=12%, signal=30%	
GOBP_PHOSPHOLIPID_TRANSPORT	GOBP_PHOSPHOLIPID_TRANSPORT		56	-0.44664294	-1.4344841	0.028282829	0.18888022	1.0	1734	tags=30%, list=17%, signal=36%	
GOMF_SODIUM_ION_TRANSMEMBRANE_TRANSPORTER_ACTIVITY	GOMF_SODIUM_ION_TRANSMEMBRANE_TRANSPORTER_ACTIVITY		33	-0.49588105	-1.4343495	0.047058824	0.18879318	1.0	2121	tags=42%, list=20%, signal=53%	
GOBP_NEGATIVE_REGULATION_OF_WNT_SIGNALING_PATHWAY	GOBP_NEGATIVE_REGULATION_OF_WNT_SIGNALING_PATHWAY		72	-0.42535183	-1.4342278	0.025641026	0.18871108	1.0	2541	tags=38%, list=24%, signal=49%	
GOBP_LEUKOCYTE_CHEMOTAXIS	GOBP_LEUKOCYTE_CHEMOTAXIS		93	-0.4086401	-1.4335337	0.022304833	0.18949246	1.0	1407	tags=27%, list=13%, signal=31%	
GOBP_HORMONE_BIOSYNTHETIC_PROCESS	GOBP_HORMONE_BIOSYNTHETIC_PROCESS		24	-0.5216889	-1.4330386	0.05894309	0.18991147	1.0	859	tags=25%, list=8%, signal=27%	
GOBP_SEQUESTERING_OF_CALCIUM_ION	GOBP_SEQUESTERING_OF_CALCIUM_ION		54	-0.44910806	-1.4323084	0.017857144	0.19064786	1.0	2121	tags=39%, list=20%, signal=48%	
GOMF_PHOSPHATIDYLINOSITOL_PHOSPHATE_PHOSPHATASE_ACTIVITY	GOMF_PHOSPHATIDYLINOSITOL_PHOSPHATE_PHOSPHATASE_ACTIVITY		28	-0.5078703	-1.4308968	0.04918033	0.19232106	1.0	2316	tags=46%, list=22%, signal=59%	
GOMF_CALMODULIN_BINDING	GOMF_CALMODULIN_BINDING		95	-0.40942323	-1.4299195	0.017578125	0.19339348	1.0	2148	tags=37%, list=20%, signal=46%	
GOCC_EXTRINSIC_COMPONENT_OF_PLASMA_MEMBRANE	GOCC_EXTRINSIC_COMPONENT_OF_PLASMA_MEMBRANE		82	-0.41878077	-1.4297465	0.021484375	0.19339456	1.0	1845	tags=35%, list=18%, signal=43%	
GOBP_PROTEIN_DEPOLYMERIZATION	GOBP_PROTEIN_DEPOLYMERIZATION		68	-0.43039167	-1.4292433	0.026052104	0.19385463	1.0	2383	tags=32%, list=23%, signal=42%	
GOBP_RESPONSE_TO_INTERFERON_ALPHA	GOBP_RESPONSE_TO_INTERFERON_ALPHA		16	-0.57505214	-1.4280689	0.09369025	0.1953104	1.0	870	tags=44%, list=8%, signal=48%	
GOBP_REGULATION_OF_SUPEROXIDE_METABOLIC_PROCESS	GOBP_REGULATION_OF_SUPEROXIDE_METABOLIC_PROCESS		19	-0.55106527	-1.4280257	0.049407113	0.1950961	1.0	1236	tags=37%, list=12%, signal=42%	
GOMF_UBIQUITIN_CONJUGATING_ENZYME_BINDING	GOMF_UBIQUITIN_CONJUGATING_ENZYME_BINDING		20	-0.5523117	-1.4277923	0.061895553	0.1951482	1.0	1760	tags=30%, list=17%, signal=36%	
GOMF_ATPASE_COUPLED_TRANSMEMBRANE_TRANSPORTER_ACTIVITY	GOMF_ATPASE_COUPLED_TRANSMEMBRANE_TRANSPORTER_ACTIVITY		54	-0.44616973	-1.4277723	0.027944112	0.19490439	1.0	1884	tags=33%, list=18%, signal=40%	
GOBP_EXTRACELLULAR_MATRIX_DISASSEMBLY	GOBP_EXTRACELLULAR_MATRIX_DISASSEMBLY		21	-0.54622984	-1.4274987	0.08024691	0.195	1.0	1322	tags=24%, list=13%, signal=27%	
GOBP_NEGATIVE_REGULATION_OF_BLOOD_VESSEL_ENDOTHELIAL_CELL_MIGRATION	GOBP_NEGATIVE_REGULATION_OF_BLOOD_VESSEL_ENDOTHELIAL_CELL_MIGRATION		19	-0.5541847	-1.427269	0.06333973	0.19502965	1.0	1019	tags=26%, list=10%, signal=29%	
GOMF_G_PROTEIN_COUPLED_RECEPTOR_ACTIVITY	GOMF_G_PROTEIN_COUPLED_RECEPTOR_ACTIVITY		77	-0.41876248	-1.4271195	0.029357798	0.19496673	1.0	1761	tags=35%, list=17%, signal=42%	
GOBP_RESPONSE_TO_AXON_INJURY	GOBP_RESPONSE_TO_AXON_INJURY		38	-0.47261614	-1.4269047	0.030120483	0.19503129	1.0	1033	tags=26%, list=10%, signal=29%	
GOCC_COLLAGEN_CONTAINING_EXTRACELLULAR_MATRIX	GOCC_COLLAGEN_CONTAINING_EXTRACELLULAR_MATRIX		90	-0.41169026	-1.4268136	0.01372549	0.19491565	1.0	910	tags=21%, list=9%, signal=23%	
GOBP_REGULATION_OF_SPINDLE_ASSEMBLY	GOBP_REGULATION_OF_SPINDLE_ASSEMBLY		27	-0.51254356	-1.4267683	0.04225352	0.19471568	1.0	1788	tags=33%, list=17%, signal=40%	
HP_ABNORMAL_PLATELET_AGGREGATION	HP_ABNORMAL_PLATELET_AGGREGATION		19	-0.5583393	-1.4264314	0.062626265	0.19491139	1.0	1364	tags=32%, list=13%, signal=36%	
GOBP_TISSUE_REMODELING	GOBP_TISSUE_REMODELING		71	-0.42982495	-1.4263626	0.03305785	0.19478372	1.0	968	tags=23%, list=9%, signal=25%	
HP_DECREASED_CIRCULATING_LEVEL_OF_SPECIFIC_ANTIBODY	HP_DECREASED_CIRCULATING_LEVEL_OF_SPECIFIC_ANTIBODY		23	-0.5134229	-1.4260175	0.070063695	0.19496153	1.0	1290	tags=35%, list=12%, signal=40%	
GOBP_REGULATION_OF_LEUKOCYTE_MEDIATED_CYTOTOXICITY	GOBP_REGULATION_OF_LEUKOCYTE_MEDIATED_CYTOTOXICITY		38	-0.47922865	-1.4258288	0.042307694	0.19495761	1.0	1528	tags=34%, list=15%, signal=40%	
GOBP_NUCLEUS_LOCALIZATION	GOBP_NUCLEUS_LOCALIZATION		19	-0.5624377	-1.4257333	0.0583501	0.19480152	1.0	1279	tags=32%, list=12%, signal=36%	
HP_MOLAR_TOOTH_SIGN_ON_MRI	HP_MOLAR_TOOTH_SIGN_ON_MRI		27	-0.5233585	-1.425109	0.06734694	0.19550158	1.0	1954	tags=30%, list=19%, signal=36%	
GOBP_CYTOKINETIC_PROCESS	GOBP_CYTOKINETIC_PROCESS		34	-0.4888492	-1.4251009	0.047709923	0.19524743	1.0	2916	tags=44%, list=28%, signal=61%	
GOBP_ESTABLISHMENT_OR_MAINTENANCE_OF_CELL_POLARITY	GOBP_ESTABLISHMENT_OR_MAINTENANCE_OF_CELL_POLARITY		132	-0.3885959	-1.4234191	0.0077220076	0.19741783	1.0	2546	tags=35%, list=24%, signal=45%	
GOCC_TERMINAL_BOUTON	GOCC_TERMINAL_BOUTON		17	-0.5645925	-1.423355	0.075789474	0.19726403	1.0	774	tags=29%, list=7%, signal=32%	
GOBP_NEGATIVE_REGULATION_OF_ACTIN_FILAMENT_DEPOLYMERIZATION	GOBP_NEGATIVE_REGULATION_OF_ACTIN_FILAMENT_DEPOLYMERIZATION		21	-0.5417596	-1.4230776	0.06981132	0.19741751	1.0	920	tags=29%, list=9%, signal=31%	
GOCC_INTRINSIC_COMPONENT_OF_PRESYNAPTIC_MEMBRANE	GOCC_INTRINSIC_COMPONENT_OF_PRESYNAPTIC_MEMBRANE		16	-0.5675264	-1.4218441	0.0787234	0.19892617	1.0	904	tags=31%, list=9%, signal=34%	
GOMF_STRUCTURAL_CONSTITUENT_OF_CYTOSKELETON	GOMF_STRUCTURAL_CONSTITUENT_OF_CYTOSKELETON		45	-0.45724934	-1.4215338	0.036608864	0.1990946	1.0	1506	tags=27%, list=14%, signal=31%	
GOCC_TRANS_GOLGI_NETWORK	GOCC_TRANS_GOLGI_NETWORK		162	-0.37705618	-1.4214919	0.0057581575	0.19888479	1.0	1822	tags=27%, list=17%, signal=32%	
GOBP_POSITIVE_REGULATION_OF_PHAGOCYTOSIS	GOBP_POSITIVE_REGULATION_OF_PHAGOCYTOSIS		28	-0.5033907	-1.4213666	0.04592902	0.1988114	1.0	775	tags=36%, list=7%, signal=38%	
GOBP_POSITIVE_REGULATION_OF_CELL_ADHESION	GOBP_POSITIVE_REGULATION_OF_CELL_ADHESION		228	-0.3616401	-1.4211453	0.0039525693	0.1988575	1.0	1398	tags=27%, list=13%, signal=30%	
GOBP_STEROID_METABOLIC_PROCESS	GOBP_STEROID_METABOLIC_PROCESS		138	-0.38173583	-1.4210687	0.0057034222	0.19868928	1.0	1336	tags=20%, list=13%, signal=22%	
GOBP_CELLULAR_RESPONSE_TO_INORGANIC_SUBSTANCE	GOBP_CELLULAR_RESPONSE_TO_INORGANIC_SUBSTANCE		104	-0.40197852	-1.4207771	0.01775148	0.1988552	1.0	1223	tags=21%, list=12%, signal=24%	
GOCC_GOLGI_APPARATUS_SUBCOMPARTMENT	GOCC_GOLGI_APPARATUS_SUBCOMPARTMENT		231	-0.36411148	-1.4204572	0.0019267823	0.19902728	1.0	1841	tags=26%, list=18%, signal=31%	
GOBP_POSITIVE_REGULATION_OF_TRANSMEMBRANE_TRANSPORT	GOBP_POSITIVE_REGULATION_OF_TRANSMEMBRANE_TRANSPORT		87	-0.40937427	-1.4196178	0.024048096	0.2000786	1.0	2148	tags=34%, list=20%, signal=43%	
GOBP_POSITIVE_REGULATION_OF_CALCIUM_ION_TRANSPORT	GOBP_POSITIVE_REGULATION_OF_CALCIUM_ION_TRANSPORT		45	-0.45163062	-1.4191701	0.046421662	0.20046964	1.0	1052	tags=22%, list=10%, signal=25%	
GOMF_PHOSPHATIDYLINOSITOL_BINDING	GOMF_PHOSPHATIDYLINOSITOL_BINDING		174	-0.3760712	-1.4190851	0.0037664783	0.2003409	1.0	2577	tags=36%, list=25%, signal=47%	
GOBP_PLATELET_ACTIVATION	GOBP_PLATELET_ACTIVATION		67	-0.42863715	-1.4186037	0.031128405	0.20073088	1.0	2489	tags=37%, list=24%, signal=49%	
GOBP_AXONAL_TRANSPORT	GOBP_AXONAL_TRANSPORT		44	-0.45847154	-1.4181736	0.048076924	0.2010519	1.0	3023	tags=34%, list=29%, signal=48%	
GOBP_POSITIVE_REGULATION_OF_PROTEIN_SECRETION	GOBP_POSITIVE_REGULATION_OF_PROTEIN_SECRETION		66	-0.4260795	-1.4180954	0.034671534	0.20089336	1.0	1344	tags=23%, list=13%, signal=26%	
GOBP_POSITIVE_REGULATION_OF_CELL_KILLING	GOBP_POSITIVE_REGULATION_OF_CELL_KILLING		25	-0.5201579	-1.4177952	0.05858586	0.20103617	1.0	1412	tags=40%, list=13%, signal=46%	
GOCC_AZUROPHIL_GRANULE	GOCC_AZUROPHIL_GRANULE		105	-0.39270517	-1.4171168	0.011516315	0.20175792	1.0	1943	tags=30%, list=18%, signal=37%	
HP_HYPOTENSION	HP_HYPOTENSION		50	-0.45173767	-1.4170787	0.043137256	0.20154516	1.0	860	tags=24%, list=8%, signal=26%	
GOBP_SPHINGOMYELIN_METABOLIC_PROCESS	GOBP_SPHINGOMYELIN_METABOLIC_PROCESS		15	-0.59479713	-1.4168979	0.08086785	0.20155068	1.0	1904	tags=47%, list=18%, signal=57%	
GOBP_INTERLEUKIN_10_PRODUCTION	GOBP_INTERLEUKIN_10_PRODUCTION		30	-0.4988888	-1.4168379	0.053149607	0.20137393	1.0	1134	tags=37%, list=11%, signal=41%	
HP_INCREASED_CIRCULATING_ANTIBODY_LEVEL	HP_INCREASED_CIRCULATING_ANTIBODY_LEVEL		62	-0.43281406	-1.4167256	0.019193858	0.20132338	1.0	1643	tags=35%, list=16%, signal=42%	
GOBP_RESPONSE_TO_HORMONE	GOBP_RESPONSE_TO_HORMONE		443	-0.34269613	-1.4165442	0.0	0.2013112	1.0	1348	tags=21%, list=13%, signal=23%	
GOBP_POSITIVE_REGULATION_OF_TOLL_LIKE_RECEPTOR_SIGNALING_PATHWAY	GOBP_POSITIVE_REGULATION_OF_TOLL_LIKE_RECEPTOR_SIGNALING_PATHWAY		21	-0.5410228	-1.415959	0.0704501	0.20190138	1.0	644	tags=24%, list=6%, signal=25%	
HP_ABNORMAL_PHARYNX_MORPHOLOGY	HP_ABNORMAL_PHARYNX_MORPHOLOGY		111	-0.39637777	-1.4156027	0.018975332	0.20219536	1.0	2094	tags=31%, list=20%, signal=38%	
GOBP_CELL_PART_MORPHOGENESIS	GOBP_CELL_PART_MORPHOGENESIS		284	-0.35163024	-1.4146202	0.001908397	0.20337452	1.0	1477	tags=21%, list=14%, signal=24%	
GOBP_REGULATION_OF_RECEPTOR_SIGNALING_PATHWAY_VIA_STAT	GOBP_REGULATION_OF_RECEPTOR_SIGNALING_PATHWAY_VIA_STAT		50	-0.4516526	-1.4144069	0.03305785	0.2034451	1.0	1860	tags=36%, list=18%, signal=44%	
GOCC_AXON_CYTOPLASM	GOCC_AXON_CYTOPLASM		45	-0.46217638	-1.4132453	0.044145875	0.20493348	1.0	1690	tags=18%, list=16%, signal=21%	
GOCC_SOMATODENDRITIC_COMPARTMENT	GOCC_SOMATODENDRITIC_COMPARTMENT		358	-0.3443583	-1.4131259	0.0018726592	0.2048436	1.0	1372	tags=20%, list=13%, signal=22%	
HP_ABNORMALITY_OF_DENTAL_COLOR	HP_ABNORMALITY_OF_DENTAL_COLOR		17	-0.56511515	-1.4128044	0.07751938	0.20508005	1.0	248	tags=12%, list=2%, signal=12%	
HP_ABNORMALITY_OF_LIPOPROTEIN_CHOLESTEROL_CONCENTRATION	HP_ABNORMALITY_OF_LIPOPROTEIN_CHOLESTEROL_CONCENTRATION		28	-0.5155352	-1.412579	0.0627451	0.2051516	1.0	420	tags=21%, list=4%, signal=22%	
GOBP_NEGATIVE_REGULATION_OF_PROTEIN_CONTAINING_COMPLEX_ASSEMBLY	GOBP_NEGATIVE_REGULATION_OF_PROTEIN_CONTAINING_COMPLEX_ASSEMBLY		83	-0.40865353	-1.4118749	0.033834588	0.2058986	1.0	1549	tags=28%, list=15%, signal=32%	
HP_NON_HODGKIN_LYMPHOMA	HP_NON_HODGKIN_LYMPHOMA		30	-0.4982055	-1.4116176	0.04048583	0.20602874	1.0	1290	tags=30%, list=12%, signal=34%	
GOBP_REGULATION_OF_EPITHELIAL_CELL_APOPTOTIC_PROCESS	GOBP_REGULATION_OF_EPITHELIAL_CELL_APOPTOTIC_PROCESS		41	-0.4653621	-1.4115362	0.037401576	0.20587079	1.0	1024	tags=27%, list=10%, signal=30%	
GOBP_REGULATION_OF_MEMBRANE_POTENTIAL	GOBP_REGULATION_OF_MEMBRANE_POTENTIAL		140	-0.38244724	-1.4112194	0.0059288535	0.20605521	1.0	1582	tags=28%, list=15%, signal=32%	
GOMF_LIPASE_ACTIVITY	GOMF_LIPASE_ACTIVITY		52	-0.44736436	-1.4111137	0.058479533	0.20593189	1.0	2135	tags=33%, list=20%, signal=41%	
GOBP_POSITIVE_REGULATION_OF_EPITHELIAL_CELL_APOPTOTIC_PROCESS	GOBP_POSITIVE_REGULATION_OF_EPITHELIAL_CELL_APOPTOTIC_PROCESS		16	-0.57731515	-1.4108853	0.09677419	0.20600882	1.0	542	tags=31%, list=5%, signal=33%	
GOCC_NUCLEAR_INNER_MEMBRANE	GOCC_NUCLEAR_INNER_MEMBRANE		41	-0.46476436	-1.4103333	0.05179283	0.20654601	1.0	1333	tags=29%, list=13%, signal=33%	
HP_GASTROINTESTINAL_INFLAMMATION	HP_GASTROINTESTINAL_INFLAMMATION		64	-0.4333621	-1.410161	0.0295858	0.20655477	1.0	1643	tags=39%, list=16%, signal=46%	
GOBP_POSITIVE_REGULATION_OF_MAPK_CASCADE	GOBP_POSITIVE_REGULATION_OF_MAPK_CASCADE		200	-0.36662143	-1.4099327	0.0018975332	0.2066176	1.0	1370	tags=24%, list=13%, signal=27%	
GOMF_HISTONE_ACETYLTRANSFERASE_BINDING	GOMF_HISTONE_ACETYLTRANSFERASE_BINDING		18	-0.5521374	-1.409612	0.062030077	0.20681398	1.0	821	tags=28%, list=8%, signal=30%	
GOBP_GLYCEROPHOSPHOLIPID_METABOLIC_PROCESS	GOBP_GLYCEROPHOSPHOLIPID_METABOLIC_PROCESS		204	-0.36435777	-1.4094837	0.0017857143	0.2067341	1.0	2149	tags=32%, list=20%, signal=40%	
GOBP_NEGATIVE_REGULATION_OF_INFLAMMATORY_RESPONSE	GOBP_NEGATIVE_REGULATION_OF_INFLAMMATORY_RESPONSE		73	-0.42520383	-1.4091537	0.023809524	0.2069405	1.0	1311	tags=23%, list=12%, signal=26%	
HP_SEVERE_INFECTION	HP_SEVERE_INFECTION		27	-0.50991803	-1.408982	0.055670105	0.20693183	1.0	1080	tags=33%, list=10%, signal=37%	
GOCC_NEURON_PROJECTION_CYTOPLASM	GOCC_NEURON_PROJECTION_CYTOPLASM		61	-0.43241578	-1.4089023	0.019762846	0.20676848	1.0	1690	tags=20%, list=16%, signal=23%	
GOBP_REACTIVE_NITROGEN_SPECIES_METABOLIC_PROCESS	GOBP_REACTIVE_NITROGEN_SPECIES_METABOLIC_PROCESS		36	-0.47931144	-1.4088778	0.05168986	0.20653887	1.0	925	tags=31%, list=9%, signal=33%	
GOMF_CARBOXYLIC_ESTER_HYDROLASE_ACTIVITY	GOMF_CARBOXYLIC_ESTER_HYDROLASE_ACTIVITY		63	-0.42392045	-1.4085217	0.022140222	0.20682773	1.0	1568	tags=22%, list=15%, signal=26%	
GOBP_CELLULAR_RESPONSE_TO_HORMONE_STIMULUS	GOBP_CELLULAR_RESPONSE_TO_HORMONE_STIMULUS		328	-0.34507525	-1.4079314	0.0	0.20740633	1.0	1736	tags=25%, list=17%, signal=29%	
HP_AUTOIMMUNE_HEMOLYTIC_ANEMIA	HP_AUTOIMMUNE_HEMOLYTIC_ANEMIA		26	-0.510392	-1.4077488	0.076	0.20739423	1.0	1364	tags=35%, list=13%, signal=40%	
GOMF_MYOSIN_BINDING	GOMF_MYOSIN_BINDING		40	-0.46384555	-1.4074365	0.0501002	0.20760936	1.0	2248	tags=43%, list=21%, signal=54%	
GOBP_REGULATION_OF_STEM_CELL_PROLIFERATION	GOBP_REGULATION_OF_STEM_CELL_PROLIFERATION		17	-0.56634223	-1.4073	0.077568136	0.20755	1.0	795	tags=18%, list=8%, signal=19%	
HP_LYMPHOCYTOSIS	HP_LYMPHOCYTOSIS		15	-0.5847444	-1.4071711	0.09328358	0.2074907	1.0	1528	tags=47%, list=15%, signal=55%	
GOBP_ROOF_OF_MOUTH_DEVELOPMENT	GOBP_ROOF_OF_MOUTH_DEVELOPMENT		35	-0.48591992	-1.4068624	0.05928854	0.20769204	1.0	1898	tags=29%, list=18%, signal=35%	
GOBP_REGULATION_OF_RESPONSE_TO_BIOTIC_STIMULUS	GOBP_REGULATION_OF_RESPONSE_TO_BIOTIC_STIMULUS		204	-0.36235842	-1.4066703	0.0038314175	0.20768581	1.0	1322	tags=24%, list=13%, signal=27%	
GOCC_GOLGI_STACK	GOCC_GOLGI_STACK		91	-0.4022293	-1.4065655	0.022088353	0.20757087	1.0	2285	tags=37%, list=22%, signal=47%	
GOBP_CELLULAR_COMPONENT_MORPHOGENESIS	GOBP_CELLULAR_COMPONENT_MORPHOGENESIS		319	-0.34810808	-1.4063988	0.0	0.20759542	1.0	1528	tags=21%, list=15%, signal=24%	
HP_LARGE_FOR_GESTATIONAL_AGE	HP_LARGE_FOR_GESTATIONAL_AGE		29	-0.49743792	-1.4062561	0.06693712	0.20755818	1.0	1663	tags=31%, list=16%, signal=37%	
HP_ANGINA_PECTORIS	HP_ANGINA_PECTORIS		18	-0.5583921	-1.4059982	0.06832298	0.20766847	1.0	2536	tags=44%, list=24%, signal=58%	
GOMF_CARGO_RECEPTOR_ACTIVITY	GOMF_CARGO_RECEPTOR_ACTIVITY		30	-0.49438345	-1.4059963	0.049603175	0.2074079	1.0	1304	tags=30%, list=12%, signal=34%	
GOBP_POSITIVE_REGULATION_OF_CELL_CELL_ADHESION	GOBP_POSITIVE_REGULATION_OF_CELL_CELL_ADHESION		155	-0.37384558	-1.4058281	0.0056390977	0.20742393	1.0	1398	tags=30%, list=13%, signal=34%	
GOBP_DORSAL_VENTRAL_NEURAL_TUBE_PATTERNING	GOBP_DORSAL_VENTRAL_NEURAL_TUBE_PATTERNING		15	-0.57597476	-1.404859	0.08571429	0.20860861	1.0	1842	tags=33%, list=18%, signal=40%	
HP_RECURRENT_BRONCHITIS	HP_RECURRENT_BRONCHITIS		22	-0.5292178	-1.4048234	0.08846154	0.20840465	1.0	1576	tags=36%, list=15%, signal=43%	
GOBP_NEGATIVE_REGULATION_OF_LYMPHOCYTE_APOPTOTIC_PROCESS	GOBP_NEGATIVE_REGULATION_OF_LYMPHOCYTE_APOPTOTIC_PROCESS		25	-0.5189431	-1.4046005	0.07471264	0.208463	1.0	1269	tags=40%, list=12%, signal=45%	
GOCC_GOLGI_CISTERNA	GOCC_GOLGI_CISTERNA		69	-0.4251195	-1.4045974	0.03888889	0.20820597	1.0	2285	tags=39%, list=22%, signal=50%	
GOBP_MAST_CELL_ACTIVATION_INVOLVED_IN_IMMUNE_RESPONSE	GOBP_MAST_CELL_ACTIVATION_INVOLVED_IN_IMMUNE_RESPONSE		31	-0.49862427	-1.4041945	0.041257367	0.20851927	1.0	1744	tags=45%, list=17%, signal=54%	
GOBP_REGULATION_OF_T_CELL_ACTIVATION	GOBP_REGULATION_OF_T_CELL_ACTIVATION		193	-0.36718884	-1.4041278	0.007751938	0.20833658	1.0	1341	tags=26%, list=13%, signal=29%	
GOBP_RECEPTOR_MEDIATED_ENDOCYTOSIS	GOBP_RECEPTOR_MEDIATED_ENDOCYTOSIS		129	-0.38110346	-1.4037806	0.017175572	0.20857228	1.0	2508	tags=39%, list=24%, signal=50%	
GOBP_CELLULAR_HOMEOSTASIS	GOBP_CELLULAR_HOMEOSTASIS		417	-0.33878097	-1.4036967	0.0017699115	0.208429	1.0	2065	tags=27%, list=20%, signal=32%	
GOMF_PHOSPHORIC_ESTER_HYDROLASE_ACTIVITY	GOMF_PHOSPHORIC_ESTER_HYDROLASE_ACTIVITY		228	-0.35828274	-1.4036652	0.0036101083	0.2082226	1.0	1644	tags=21%, list=16%, signal=24%	
HP_PROGRESSIVE_SPASTICITY	HP_PROGRESSIVE_SPASTICITY		21	-0.5340718	-1.4036621	0.07170542	0.20797634	1.0	670	tags=24%, list=6%, signal=25%	
GOBP_REGENERATION	GOBP_REGENERATION		90	-0.40514788	-1.4035361	0.01934236	0.20792465	1.0	1218	tags=23%, list=12%, signal=26%	
GOBP_REGULATION_OF_CATION_TRANSMEMBRANE_TRANSPORT	GOBP_REGULATION_OF_CATION_TRANSMEMBRANE_TRANSPORT		136	-0.3837959	-1.4035066	0.006012024	0.20770258	1.0	1801	tags=29%, list=17%, signal=34%	
GOBP_EPITHELIAL_CELL_APOPTOTIC_PROCESS	GOBP_EPITHELIAL_CELL_APOPTOTIC_PROCESS		57	-0.43704897	-1.4026952	0.04509804	0.20866497	1.0	1058	tags=30%, list=10%, signal=33%	
GOBP_LEUKOCYTE_MEDIATED_IMMUNITY	GOBP_LEUKOCYTE_MEDIATED_IMMUNITY		196	-0.3632607	-1.4026829	0.0019157088	0.20843953	1.0	1290	tags=26%, list=12%, signal=29%	
HP_IMPAIRED_ANTIGEN_SPECIFIC_RESPONSE	HP_IMPAIRED_ANTIGEN_SPECIFIC_RESPONSE		26	-0.5097345	-1.4022518	0.05697446	0.20883484	1.0	1364	tags=35%, list=13%, signal=40%	
HP_ABNORMAL_B_CELL_MORPHOLOGY	HP_ABNORMAL_B_CELL_MORPHOLOGY		42	-0.46737242	-1.401602	0.055009823	0.20955971	1.0	1729	tags=43%, list=16%, signal=51%	
GOBP_CYTOPLASMIC_PATTERN_RECOGNITION_RECEPTOR_SIGNALING_PATHWAY	GOBP_CYTOPLASMIC_PATTERN_RECOGNITION_RECEPTOR_SIGNALING_PATHWAY		46	-0.44304433	-1.4015243	0.032629557	0.20942973	1.0	1460	tags=28%, list=14%, signal=33%	
GOMF_STEROL_TRANSFER_ACTIVITY	GOMF_STEROL_TRANSFER_ACTIVITY		15	-0.57196	-1.4012365	0.09917355	0.20958646	1.0	2611	tags=47%, list=25%, signal=62%	
HP_ABNORMAL_LEUKOCYTE_PHYSIOLOGY	HP_ABNORMAL_LEUKOCYTE_PHYSIOLOGY		187	-0.36646503	-1.401199	0.0018621974	0.20938973	1.0	1528	tags=28%, list=15%, signal=32%	
HP_OCULOMOTOR_NERVE_PALSY	HP_OCULOMOTOR_NERVE_PALSY		18	-0.5471746	-1.4011858	0.06918239	0.20915511	1.0	760	tags=22%, list=7%, signal=24%	
GOBP_PROTEIN_AUTOPHOSPHORYLATION	GOBP_PROTEIN_AUTOPHOSPHORYLATION		146	-0.37705097	-1.4011151	0.017142856	0.20901065	1.0	2327	tags=36%, list=22%, signal=46%	
GOBP_NEGATIVE_REGULATION_OF_PHOSPHORYLATION	GOBP_NEGATIVE_REGULATION_OF_PHOSPHORYLATION		227	-0.3580735	-1.40087	0.0074766357	0.2091155	1.0	1435	tags=20%, list=14%, signal=23%	
HP_HEMIPLEGIA_HEMIPARESIS	HP_HEMIPLEGIA_HEMIPARESIS		120	-0.38586816	-1.4002755	0.0125	0.20972508	1.0	1522	tags=24%, list=14%, signal=28%	
GOBP_PEPTIDYL_SERINE_MODIFICATION	GOBP_PEPTIDYL_SERINE_MODIFICATION		208	-0.35984594	-1.4001112	0.0038461538	0.20975095	1.0	1870	tags=25%, list=18%, signal=29%	
GOBP_LENS_DEVELOPMENT_IN_CAMERA_TYPE_EYE	GOBP_LENS_DEVELOPMENT_IN_CAMERA_TYPE_EYE		30	-0.50584614	-1.4001093	0.070103094	0.2095003	1.0	1468	tags=27%, list=14%, signal=31%	
GOBP_POSITIVE_REGULATION_OF_PROTEIN_CATABOLIC_PROCESS	GOBP_POSITIVE_REGULATION_OF_PROTEIN_CATABOLIC_PROCESS		167	-0.36717796	-1.399635	0.009689922	0.20996946	1.0	1322	tags=20%, list=13%, signal=22%	
HP_SUDDEN_DEATH	HP_SUDDEN_DEATH		55	-0.43690732	-1.3995353	0.034026466	0.2098631	1.0	1310	tags=27%, list=12%, signal=31%	
GOBP_LYMPHOCYTE_ACTIVATION	GOBP_LYMPHOCYTE_ACTIVATION		437	-0.33719313	-1.3995268	0.0	0.20961185	1.0	1290	tags=24%, list=12%, signal=26%	
HP_LUMBAR_HYPERLORDOSIS	HP_LUMBAR_HYPERLORDOSIS		44	-0.4490303	-1.3990272	0.05070994	0.2101185	1.0	2253	tags=27%, list=21%, signal=35%	
GOBP_LONG_CHAIN_FATTY_ACID_METABOLIC_PROCESS	GOBP_LONG_CHAIN_FATTY_ACID_METABOLIC_PROCESS		40	-0.45636114	-1.3981856	0.048543688	0.21117812	1.0	1543	tags=38%, list=15%, signal=44%	
GOCC_SNARE_COMPLEX	GOCC_SNARE_COMPLEX		33	-0.47855422	-1.3979852	0.06175299	0.21125881	1.0	2215	tags=30%, list=21%, signal=38%	
GOBP_STRESS_ACTIVATED_PROTEIN_KINASE_SIGNALING_CASCADE	GOBP_STRESS_ACTIVATED_PROTEIN_KINASE_SIGNALING_CASCADE		153	-0.37380797	-1.3979713	0.014981274	0.2110281	1.0	1370	tags=23%, list=13%, signal=26%	
GOBP_CELL_SURFACE_RECEPTOR_SIGNALING_PATHWAY_INVOLVED_IN_CELL_CELL_SIGNALING	GOBP_CELL_SURFACE_RECEPTOR_SIGNALING_PATHWAY_INVOLVED_IN_CELL_CELL_SIGNALING		243	-0.35011202	-1.3979636	0.005725191	0.2107853	1.0	1929	tags=26%, list=18%, signal=31%	
GOBP_POSITIVE_REGULATION_OF_INTERLEUKIN_8_PRODUCTION	GOBP_POSITIVE_REGULATION_OF_INTERLEUKIN_8_PRODUCTION		28	-0.49400422	-1.3977494	0.064150944	0.21086374	1.0	1398	tags=36%, list=13%, signal=41%	
GOBP_POSITIVE_REGULATION_OF_HISTONE_DEACETYLATION	GOBP_POSITIVE_REGULATION_OF_HISTONE_DEACETYLATION		15	-0.59245825	-1.3976306	0.066019416	0.21078944	1.0	1148	tags=27%, list=11%, signal=30%	
GOBP_MESENCHYMAL_CELL_DIFFERENTIATION	GOBP_MESENCHYMAL_CELL_DIFFERENTIATION		100	-0.3998123	-1.3974781	0.0137795275	0.210763	1.0	953	tags=22%, list=9%, signal=24%	
GOBP_SYNAPTIC_VESICLE_MEMBRANE_ORGANIZATION	GOBP_SYNAPTIC_VESICLE_MEMBRANE_ORGANIZATION		16	-0.5782621	-1.3972443	0.09398496	0.21086039	1.0	1242	tags=38%, list=12%, signal=42%	
GOBP_IMMUNE_RESPONSE_REGULATING_CELL_SURFACE_RECEPTOR_SIGNALING_PATHWAY	GOBP_IMMUNE_RESPONSE_REGULATING_CELL_SURFACE_RECEPTOR_SIGNALING_PATHWAY		143	-0.37638035	-1.3972424	0.003787879	0.21061096	1.0	1658	tags=28%, list=16%, signal=33%	
HP_ORTHOSTATIC_HYPOTENSION	HP_ORTHOSTATIC_HYPOTENSION		22	-0.5256495	-1.3971194	0.08196721	0.21052939	1.0	670	tags=27%, list=6%, signal=29%	
GOBP_REGULATION_OF_EXTRACELLULAR_MATRIX_ORGANIZATION	GOBP_REGULATION_OF_EXTRACELLULAR_MATRIX_ORGANIZATION		22	-0.52612317	-1.3970101	0.08203125	0.21044783	1.0	906	tags=23%, list=9%, signal=25%	
GOMF_POTASSIUM_CHANNEL_REGULATOR_ACTIVITY	GOMF_POTASSIUM_CHANNEL_REGULATOR_ACTIVITY		22	-0.52877927	-1.3969183	0.0704501	0.21032739	1.0	1156	tags=32%, list=11%, signal=36%	
GOCC_RECYCLING_ENDOSOME	GOCC_RECYCLING_ENDOSOME		128	-0.379754	-1.3968531	0.013888889	0.2101602	1.0	2242	tags=30%, list=21%, signal=38%	
GOBP_PHOSPHATIDIC_ACID_METABOLIC_PROCESS	GOBP_PHOSPHATIDIC_ACID_METABOLIC_PROCESS		24	-0.521426	-1.39667	0.06844106	0.21022631	1.0	1869	tags=33%, list=18%, signal=40%	
HP_ASCITES	HP_ASCITES		75	-0.41379294	-1.3965409	0.03797468	0.21013825	1.0	1663	tags=31%, list=16%, signal=36%	
GOBP_REGULATION_OF_TOLL_LIKE_RECEPTOR_4_SIGNALING_PATHWAY	GOBP_REGULATION_OF_TOLL_LIKE_RECEPTOR_4_SIGNALING_PATHWAY		15	-0.57554764	-1.3964757	0.07692308	0.20998122	1.0	2507	tags=53%, list=24%, signal=70%	
GOBP_REGULATION_OF_NERVOUS_SYSTEM_PROCESS	GOBP_REGULATION_OF_NERVOUS_SYSTEM_PROCESS		40	-0.46211898	-1.3963671	0.056530215	0.20989403	1.0	1649	tags=38%, list=16%, signal=44%	
HP_COMBINED_IMMUNODEFICIENCY	HP_COMBINED_IMMUNODEFICIENCY		28	-0.50697446	-1.3955239	0.06477733	0.21086769	1.0	1253	tags=32%, list=12%, signal=36%	
GOCC_CILIARY_PLASM	GOCC_CILIARY_PLASM		41	-0.45516226	-1.3951366	0.047325104	0.21124497	1.0	1908	tags=29%, list=18%, signal=36%	
GOBP_BLOOD_VESSEL_MORPHOGENESIS	GOBP_BLOOD_VESSEL_MORPHOGENESIS		249	-0.3513902	-1.3946018	0.003717472	0.21174912	1.0	1079	tags=19%, list=10%, signal=21%	
HP_RECURRENT_OTITIS_MEDIA	HP_RECURRENT_OTITIS_MEDIA		82	-0.4092125	-1.3941748	0.02457467	0.21211225	1.0	2174	tags=38%, list=21%, signal=47%	
GOBP_REGULATION_OF_CELL_PROJECTION_ASSEMBLY	GOBP_REGULATION_OF_CELL_PROJECTION_ASSEMBLY		137	-0.37918097	-1.3941157	0.009727626	0.21194367	1.0	2776	tags=39%, list=26%, signal=52%	
GOCC_SUPRAMOLECULAR_POLYMER	GOCC_SUPRAMOLECULAR_POLYMER		449	-0.33281836	-1.3935485	0.0	0.21252115	1.0	1687	tags=21%, list=16%, signal=24%	
GOBP_PLATELET_AGGREGATION	GOBP_PLATELET_AGGREGATION		40	-0.46374518	-1.393356	0.055888224	0.21256794	1.0	2478	tags=48%, list=24%, signal=62%	
GOBP_POSITIVE_REGULATION_OF_INTERLEUKIN_1_BETA_PRODUCTION	GOBP_POSITIVE_REGULATION_OF_INTERLEUKIN_1_BETA_PRODUCTION		28	-0.49622703	-1.3933365	0.06560636	0.2123595	1.0	917	tags=43%, list=9%, signal=47%	
GOBP_REGULATION_OF_B_CELL_DIFFERENTIATION	GOBP_REGULATION_OF_B_CELL_DIFFERENTIATION		19	-0.54709345	-1.3930584	0.075630255	0.21251465	1.0	713	tags=26%, list=7%, signal=28%	
HP_APLASIA_HYPOPLASIA_OF_THE_RETINA	HP_APLASIA_HYPOPLASIA_OF_THE_RETINA		15	-0.5739873	-1.3925756	0.08902691	0.21300997	1.0	1852	tags=40%, list=18%, signal=48%	
GOBP_MICROVILLUS_ORGANIZATION	GOBP_MICROVILLUS_ORGANIZATION		17	-0.5644546	-1.3923568	0.09143969	0.21306156	1.0	2283	tags=47%, list=22%, signal=60%	
GOBP_ACTIN_FILAMENT_BUNDLE_ORGANIZATION	GOBP_ACTIN_FILAMENT_BUNDLE_ORGANIZATION		86	-0.4065617	-1.3919362	0.02385686	0.21345924	1.0	920	tags=22%, list=9%, signal=24%	
GOBP_ANTIGEN_PROCESSING_AND_PRESENTATION_OF_EXOGENOUS_ANTIGEN	GOBP_ANTIGEN_PROCESSING_AND_PRESENTATION_OF_EXOGENOUS_ANTIGEN		19	-0.54686207	-1.3917915	0.09861933	0.21340682	1.0	956	tags=37%, list=9%, signal=40%	
GOBP_NEGATIVE_REGULATION_OF_VIRAL_GENOME_REPLICATION	GOBP_NEGATIVE_REGULATION_OF_VIRAL_GENOME_REPLICATION		32	-0.47833338	-1.3909819	0.06903765	0.21433152	1.0	1029	tags=34%, list=10%, signal=38%	
GOBP_ADAPTIVE_IMMUNE_RESPONSE_BASED_ON_SOMATIC_RECOMBINATION_OF_IMMUNE_RECEPTORS_BUILT_FROM_IMMUNOGLOBULIN_SUPERFAMILY_DOMAINS	GOBP_ADAPTIVE_IMMUNE_RESPONSE_BASED_ON_SOMATIC_RECOMBINATION_OF_IMMUNE_RECEPTORS_BUILT_FROM_IMMUNOGLOBULIN_SUPERFAMILY_DOMAINS		156	-0.37283835	-1.3905568	0.0073260074	0.2147268	1.0	1261	tags=26%, list=12%, signal=29%	
GOBP_SENSORY_PERCEPTION	GOBP_SENSORY_PERCEPTION		144	-0.3751932	-1.3904333	0.0056603774	0.21467067	1.0	1471	tags=24%, list=14%, signal=27%	
GOBP_RESPONSE_TO_INTERLEUKIN_6	GOBP_RESPONSE_TO_INTERLEUKIN_6		18	-0.5482709	-1.3898	0.073267326	0.21546434	1.0	1537	tags=50%, list=15%, signal=58%	
GOBP_MYELOID_LEUKOCYTE_MIGRATION	GOBP_MYELOID_LEUKOCYTE_MIGRATION		89	-0.40067792	-1.3897684	0.03137255	0.21525744	1.0	1322	tags=26%, list=13%, signal=29%	
GOBP_METAL_ION_EXPORT	GOBP_METAL_ION_EXPORT		22	-0.523996	-1.3897121	0.08366534	0.21509008	1.0	2327	tags=55%, list=22%, signal=70%	
GOMF_ABC_TYPE_TRANSPORTER_ACTIVITY	GOMF_ABC_TYPE_TRANSPORTER_ACTIVITY		25	-0.50416213	-1.3895421	0.06963249	0.2151324	1.0	1613	tags=36%, list=15%, signal=42%	
GOBP_CYTOSKELETON_DEPENDENT_INTRACELLULAR_TRANSPORT	GOBP_CYTOSKELETON_DEPENDENT_INTRACELLULAR_TRANSPORT		130	-0.38248402	-1.3893837	0.014869888	0.2151123	1.0	2055	tags=25%, list=20%, signal=30%	
GOBP_ALPHA_BETA_T_CELL_DIFFERENTIATION	GOBP_ALPHA_BETA_T_CELL_DIFFERENTIATION		84	-0.40521932	-1.3890513	0.031189084	0.21535398	1.0	1261	tags=33%, list=12%, signal=38%	
GOBP_GOLGI_TO_PLASMA_MEMBRANE_PROTEIN_TRANSPORT	GOBP_GOLGI_TO_PLASMA_MEMBRANE_PROTEIN_TRANSPORT		33	-0.48425868	-1.3889112	0.06827309	0.21531911	1.0	1822	tags=30%, list=17%, signal=37%	
GOBP_POSITIVE_REGULATION_OF_SECRETION	GOBP_POSITIVE_REGULATION_OF_SECRETION		127	-0.37936488	-1.3888792	0.02131783	0.2151112	1.0	1822	tags=31%, list=17%, signal=37%	
GOBP_IMMUNE_EFFECTOR_PROCESS	GOBP_IMMUNE_EFFECTOR_PROCESS		305	-0.3462205	-1.388814	0.0035650623	0.21495618	1.0	1290	tags=26%, list=12%, signal=28%	
GOBP_POSITIVE_REGULATION_OF_DEPHOSPHORYLATION	GOBP_POSITIVE_REGULATION_OF_DEPHOSPHORYLATION		41	-0.45927888	-1.3880601	0.055555556	0.21585083	1.0	645	tags=22%, list=6%, signal=23%	
GOMF_CYTOSKELETAL_MOTOR_ACTIVITY	GOMF_CYTOSKELETAL_MOTOR_ACTIVITY		51	-0.4407164	-1.3880322	0.043824703	0.21564977	1.0	2039	tags=31%, list=19%, signal=39%	
GOBP_ANTEROGRADE_AXONAL_TRANSPORT	GOBP_ANTEROGRADE_AXONAL_TRANSPORT		32	-0.49162737	-1.3876584	0.06374502	0.21594335	1.0	1690	tags=22%, list=16%, signal=26%	
GOBP_CARDIAC_CELL_DEVELOPMENT	GOBP_CARDIAC_CELL_DEVELOPMENT		27	-0.50364554	-1.3862525	0.06995885	0.2178398	1.0	1186	tags=22%, list=11%, signal=25%	
GOBP_REGULATION_OF_CALCIUM_ION_TRANSMEMBRANE_TRANSPORTER_ACTIVITY	GOBP_REGULATION_OF_CALCIUM_ION_TRANSMEMBRANE_TRANSPORTER_ACTIVITY		33	-0.46989274	-1.3861963	0.06666667	0.21768214	1.0	2574	tags=45%, list=24%, signal=60%	
GOBP_PROTEIN_TARGETING_TO_LYSOSOME	GOBP_PROTEIN_TARGETING_TO_LYSOSOME		19	-0.5466166	-1.3861734	0.091451295	0.21746662	1.0	1317	tags=37%, list=13%, signal=42%	
HP_NEUROFIBRILLARY_TANGLES	HP_NEUROFIBRILLARY_TANGLES		15	-0.57837605	-1.3859961	0.08932039	0.21749346	1.0	724	tags=33%, list=7%, signal=36%	
GOCC_NEUROMUSCULAR_JUNCTION	GOCC_NEUROMUSCULAR_JUNCTION		33	-0.48211902	-1.385861	0.06995885	0.21742375	1.0	1649	tags=30%, list=16%, signal=36%	
HP_EEG_WITH_GENERALIZED_SLOW_ACTIVITY	HP_EEG_WITH_GENERALIZED_SLOW_ACTIVITY		16	-0.56605303	-1.3857187	0.097426474	0.21741351	1.0	2165	tags=44%, list=21%, signal=55%	
GOBP_POSITIVE_REGULATION_OF_MAP_KINASE_ACTIVITY	GOBP_POSITIVE_REGULATION_OF_MAP_KINASE_ACTIVITY		51	-0.43693092	-1.3853503	0.057312254	0.21772113	1.0	1370	tags=29%, list=13%, signal=34%	
GOBP_CHONDROCYTE_DIFFERENTIATION	GOBP_CHONDROCYTE_DIFFERENTIATION		38	-0.4693749	-1.3847091	0.056640625	0.21848129	1.0	820	tags=29%, list=8%, signal=31%	
GOBP_MULTICELLULAR_ORGANISMAL_HOMEOSTASIS	GOBP_MULTICELLULAR_ORGANISMAL_HOMEOSTASIS		225	-0.35545734	-1.3845216	0.0057803467	0.21853301	1.0	1776	tags=24%, list=17%, signal=29%	
GOMF_NON_MEMBRANE_SPANNING_PROTEIN_TYROSINE_KINASE_ACTIVITY	GOMF_NON_MEMBRANE_SPANNING_PROTEIN_TYROSINE_KINASE_ACTIVITY		29	-0.4833204	-1.3844993	0.08074534	0.2183394	1.0	1738	tags=38%, list=17%, signal=45%	
HP_ABNORMALITY_OF_THE_LYMPHATIC_SYSTEM	HP_ABNORMALITY_OF_THE_LYMPHATIC_SYSTEM		423	-0.33411443	-1.3837149	0.0036101083	0.2192579	1.0	1673	tags=25%, list=16%, signal=28%	
GOBP_PROTEIN_LOCALIZATION_TO_CELL_CELL_JUNCTION	GOBP_PROTEIN_LOCALIZATION_TO_CELL_CELL_JUNCTION		15	-0.57567173	-1.3831351	0.08190476	0.2199359	1.0	837	tags=27%, list=8%, signal=29%	
GOCC_ENDOSOME_LUMEN	GOCC_ENDOSOME_LUMEN		17	-0.5535639	-1.3829342	0.07952286	0.21997449	1.0	1655	tags=35%, list=16%, signal=42%	
GOBP_EXTERNAL_ENCAPSULATING_STRUCTURE_ORGANIZATION	GOBP_EXTERNAL_ENCAPSULATING_STRUCTURE_ORGANIZATION		84	-0.40559694	-1.3828291	0.04174573	0.21990515	1.0	1326	tags=20%, list=13%, signal=23%	
GOBP_REGULATION_OF_GOLGI_ORGANIZATION	GOBP_REGULATION_OF_GOLGI_ORGANIZATION		15	-0.5774661	-1.3825617	0.0967118	0.22007714	1.0	2017	tags=33%, list=19%, signal=41%	
GOBP_GANGLIOSIDE_METABOLIC_PROCESS	GOBP_GANGLIOSIDE_METABOLIC_PROCESS		19	-0.53657377	-1.3824518	0.10556622	0.2199972	1.0	884	tags=32%, list=8%, signal=34%	
GOBP_REGULATION_OF_ORGANELLE_ASSEMBLY	GOBP_REGULATION_OF_ORGANELLE_ASSEMBLY		171	-0.36688355	-1.3822452	0.011583012	0.22006594	1.0	1795	tags=27%, list=17%, signal=32%	
GOBP_AXO_DENDRITIC_TRANSPORT	GOBP_AXO_DENDRITIC_TRANSPORT		52	-0.433244	-1.3820816	0.052734375	0.22005536	1.0	1003	tags=15%, list=10%, signal=17%	
GOBP_ADENYLATE_CYCLASE_INHIBITING_G_PROTEIN_COUPLED_RECEPTOR_SIGNALING_PATHWAY	GOBP_ADENYLATE_CYCLASE_INHIBITING_G_PROTEIN_COUPLED_RECEPTOR_SIGNALING_PATHWAY		18	-0.5465441	-1.3819633	0.08183633	0.21997957	1.0	690	tags=39%, list=7%, signal=42%	
HP_ABNORMAL_PUPILLARY_FUNCTION	HP_ABNORMAL_PUPILLARY_FUNCTION		22	-0.5162344	-1.3814912	0.07936508	0.22043964	1.0	573	tags=23%, list=5%, signal=24%	
GOCC_ACTIN_BASED_CELL_PROJECTION	GOCC_ACTIN_BASED_CELL_PROJECTION		101	-0.38649416	-1.3811886	0.01984127	0.22065166	1.0	2002	tags=30%, list=19%, signal=36%	
GOBP_REGULATION_OF_ORGAN_GROWTH	GOBP_REGULATION_OF_ORGAN_GROWTH		34	-0.47172838	-1.3811754	0.059961315	0.2204298	1.0	1323	tags=32%, list=13%, signal=37%	
HP_BRONCHITIS	HP_BRONCHITIS		30	-0.47524282	-1.3810711	0.06958251	0.2203446	1.0	1576	tags=30%, list=15%, signal=35%	
HP_ABNORMAL_LDL_CHOLESTEROL_CONCENTRATION	HP_ABNORMAL_LDL_CHOLESTEROL_CONCENTRATION		23	-0.507584	-1.3807234	0.105882354	0.22063941	1.0	420	tags=22%, list=4%, signal=23%	
GOBP_HISTONE_PHOSPHORYLATION	GOBP_HISTONE_PHOSPHORYLATION		33	-0.47603258	-1.3806275	0.04809619	0.22051932	1.0	1825	tags=33%, list=17%, signal=40%	
GOBP_ARP2_3_COMPLEX_MEDIATED_ACTIN_NUCLEATION	GOBP_ARP2_3_COMPLEX_MEDIATED_ACTIN_NUCLEATION		29	-0.49218172	-1.3805312	0.08092485	0.22043042	1.0	3058	tags=41%, list=29%, signal=58%	
GOBP_METAL_ION_HOMEOSTASIS	GOBP_METAL_ION_HOMEOSTASIS		282	-0.3475403	-1.3800888	0.0018181818	0.22091049	1.0	2031	tags=29%, list=19%, signal=35%	
HP_ESOPHAGEAL_VARIX	HP_ESOPHAGEAL_VARIX		18	-0.5412997	-1.3797493	0.1124498	0.22119144	1.0	595	tags=28%, list=6%, signal=29%	
GOCC_T_TUBULE	GOCC_T_TUBULE		16	-0.57497907	-1.379185	0.094	0.221826	1.0	859	tags=31%, list=8%, signal=34%	
GOBP_INTERMEMBRANE_LIPID_TRANSFER	GOBP_INTERMEMBRANE_LIPID_TRANSFER		33	-0.46933603	-1.3791779	0.062015504	0.22158398	1.0	1055	tags=24%, list=10%, signal=27%	
GOBP_REGULATION_OF_BODY_FLUID_LEVELS	GOBP_REGULATION_OF_BODY_FLUID_LEVELS		167	-0.36509645	-1.378768	0.003960396	0.22194049	1.0	2185	tags=32%, list=21%, signal=40%	
HP_PELVIC_GIRDLE_MUSCLE_WEAKNESS	HP_PELVIC_GIRDLE_MUSCLE_WEAKNESS		21	-0.53724575	-1.3783522	0.084745765	0.2222891	1.0	363	tags=14%, list=3%, signal=15%	
GOBP_POSITIVE_REGULATION_OF_CELL_JUNCTION_ASSEMBLY	GOBP_POSITIVE_REGULATION_OF_CELL_JUNCTION_ASSEMBLY		23	-0.5077348	-1.3773552	0.082	0.22361292	1.0	1402	tags=30%, list=13%, signal=35%	
GOBP_REGULATION_OF_LEUKOCYTE_MEDIATED_IMMUNITY	GOBP_REGULATION_OF_LEUKOCYTE_MEDIATED_IMMUNITY		126	-0.37891063	-1.3771826	0.009652509	0.22363348	1.0	1344	tags=28%, list=13%, signal=31%	
GOBP_REGULATION_OF_ACTION_POTENTIAL	GOBP_REGULATION_OF_ACTION_POTENTIAL		21	-0.5351796	-1.3770795	0.07311828	0.22357306	1.0	1991	tags=52%, list=19%, signal=64%	
GOBP_REGULATION_OF_MACROAUTOPHAGY	GOBP_REGULATION_OF_MACROAUTOPHAGY		123	-0.37898123	-1.3768175	0.01734104	0.22370128	1.0	2019	tags=31%, list=19%, signal=38%	
GOBP_LIPID_MODIFICATION	GOBP_LIPID_MODIFICATION		122	-0.37435824	-1.3762449	0.022514071	0.2243312	1.0	2354	tags=35%, list=22%, signal=45%	
GOBP_POSITIVE_REGULATION_OF_HYDROLASE_ACTIVITY	GOBP_POSITIVE_REGULATION_OF_HYDROLASE_ACTIVITY		323	-0.33951092	-1.3760879	0.0018214936	0.22431514	1.0	1463	tags=23%, list=14%, signal=25%	
GOBP_REGULATION_OF_EXTENT_OF_CELL_GROWTH	GOBP_REGULATION_OF_EXTENT_OF_CELL_GROWTH		47	-0.4391317	-1.3760505	0.053359684	0.22411622	1.0	1471	tags=32%, list=14%, signal=37%	
HP_INFLAMMATION_OF_THE_LARGE_INTESTINE	HP_INFLAMMATION_OF_THE_LARGE_INTESTINE		44	-0.44671193	-1.375148	0.049212597	0.22524352	1.0	1643	tags=41%, list=16%, signal=48%	
GOMF_KINASE_REGULATOR_ACTIVITY	GOMF_KINASE_REGULATOR_ACTIVITY		160	-0.36435187	-1.3747054	0.0057471264	0.22565638	1.0	2076	tags=29%, list=20%, signal=35%	
GOBP_HISTONE_LYSINE_DEMETHYLATION	GOBP_HISTONE_LYSINE_DEMETHYLATION		22	-0.5091032	-1.3746059	0.0872093	0.2255738	1.0	1953	tags=45%, list=19%, signal=56%	
HP_KINETIC_TREMOR	HP_KINETIC_TREMOR		62	-0.4225577	-1.3741465	0.04789272	0.2260144	1.0	1467	tags=23%, list=14%, signal=26%	
GOBP_NEURON_MIGRATION	GOBP_NEURON_MIGRATION		65	-0.41292834	-1.3741207	0.057692308	0.22580072	1.0	1393	tags=26%, list=13%, signal=30%	
HP_LOWER_LIMB_ASYMMETRY	HP_LOWER_LIMB_ASYMMETRY		26	-0.49597093	-1.3738124	0.08431373	0.22604942	1.0	1523	tags=27%, list=14%, signal=31%	
HP_MALE_HYPOGONADISM	HP_MALE_HYPOGONADISM		19	-0.53061706	-1.3737687	0.09475806	0.22587538	1.0	2255	tags=37%, list=21%, signal=47%	
HP_HYPERLIPIDEMIA	HP_HYPERLIPIDEMIA		66	-0.41769984	-1.3732444	0.04109589	0.22647953	1.0	2536	tags=42%, list=24%, signal=56%	
GOCC_POLYMERIC_CYTOSKELETAL_FIBER	GOCC_POLYMERIC_CYTOSKELETAL_FIBER		364	-0.33579987	-1.372703	0.009487666	0.2271224	1.0	1957	tags=24%, list=19%, signal=28%	
GOBP_SKELETAL_SYSTEM_DEVELOPMENT	GOBP_SKELETAL_SYSTEM_DEVELOPMENT		196	-0.3552927	-1.3723841	0.00929368	0.22735003	1.0	903	tags=17%, list=9%, signal=18%	
GOBP_REGULATION_OF_PROTEIN_SERINE_THREONINE_KINASE_ACTIVITY	GOBP_REGULATION_OF_PROTEIN_SERINE_THREONINE_KINASE_ACTIVITY		221	-0.3496396	-1.3718802	0.012433393	0.22787517	1.0	1370	tags=20%, list=13%, signal=22%	
HP_MENINGITIS	HP_MENINGITIS		39	-0.46313888	-1.3716425	0.062135924	0.22800466	1.0	931	tags=26%, list=9%, signal=28%	
HP_ABNORMAL_RIGHT_VENTRICLE_MORPHOLOGY	HP_ABNORMAL_RIGHT_VENTRICLE_MORPHOLOGY		23	-0.51700926	-1.3715361	0.068136275	0.2279226	1.0	1683	tags=35%, list=16%, signal=41%	
GOBP_REGULATION_OF_SUPEROXIDE_ANION_GENERATION	GOBP_REGULATION_OF_SUPEROXIDE_ANION_GENERATION		15	-0.5784932	-1.3710154	0.09108527	0.2284895	1.0	1236	tags=40%, list=12%, signal=45%	
GOCC_SARCOPLASM	GOCC_SARCOPLASM		36	-0.46231413	-1.3707039	0.065737054	0.22870351	1.0	1223	tags=28%, list=12%, signal=31%	
HP_ABNORMAL_RETINAL_ARTERY_MORPHOLOGY	HP_ABNORMAL_RETINAL_ARTERY_MORPHOLOGY		32	-0.47109005	-1.3704888	0.073319755	0.22880706	1.0	706	tags=25%, list=7%, signal=27%	
GOBP_INOSITOL_LIPID_MEDIATED_SIGNALING	GOBP_INOSITOL_LIPID_MEDIATED_SIGNALING		87	-0.39280906	-1.3704431	0.036679536	0.2286393	1.0	2147	tags=40%, list=20%, signal=50%	
GOCC_PRESYNAPTIC_ACTIVE_ZONE	GOCC_PRESYNAPTIC_ACTIVE_ZONE		29	-0.48670498	-1.3698864	0.07100592	0.22920159	1.0	1256	tags=34%, list=12%, signal=39%	
HP_ABNORMALITY_OF_THE_SPLEEN	HP_ABNORMALITY_OF_THE_SPLEEN		342	-0.33295414	-1.3688694	0.001858736	0.23048887	1.0	1673	tags=25%, list=16%, signal=29%	
GOBP_POSITIVE_REGULATION_OF_JUN_KINASE_ACTIVITY	GOBP_POSITIVE_REGULATION_OF_JUN_KINASE_ACTIVITY		24	-0.5059157	-1.3686454	0.08118081	0.23055805	1.0	1370	tags=29%, list=13%, signal=33%	
GOBP_REGULATION_OF_MITOTIC_SPINDLE_ASSEMBLY	GOBP_REGULATION_OF_MITOTIC_SPINDLE_ASSEMBLY		21	-0.5255866	-1.3680276	0.09677419	0.23126909	1.0	952	tags=29%, list=9%, signal=31%	
HP_ABNORMAL_MIDBRAIN_MORPHOLOGY	HP_ABNORMAL_MIDBRAIN_MORPHOLOGY		44	-0.44359636	-1.3668804	0.06130268	0.23283339	1.0	1531	tags=23%, list=15%, signal=26%	
HP_PROGRESSIVE_GAIT_ATAXIA	HP_PROGRESSIVE_GAIT_ATAXIA		17	-0.54334384	-1.3666538	0.1003861	0.23294619	1.0	1272	tags=35%, list=12%, signal=40%	
GOBP_NEGATIVE_REGULATION_OF_PEPTIDYL_SERINE_PHOSPHORYLATION	GOBP_NEGATIVE_REGULATION_OF_PEPTIDYL_SERINE_PHOSPHORYLATION		17	-0.5443716	-1.3666463	0.10351967	0.2327033	1.0	1860	tags=35%, list=18%, signal=43%	
HP_YOUNG_ADULT_ONSET	HP_YOUNG_ADULT_ONSET		32	-0.46593192	-1.3664359	0.06962025	0.23283905	1.0	1729	tags=31%, list=16%, signal=37%	
HP_GENERALIZED_HYPOPIGMENTATION	HP_GENERALIZED_HYPOPIGMENTATION		19	-0.53408563	-1.3661841	0.104950495	0.23295484	1.0	1677	tags=37%, list=16%, signal=44%	
GOBP_GLIAL_CELL_MIGRATION	GOBP_GLIAL_CELL_MIGRATION		25	-0.4988363	-1.3661278	0.08232932	0.23279226	1.0	1052	tags=24%, list=10%, signal=27%	
GOCC_RUFFLE	GOCC_RUFFLE		114	-0.3782766	-1.3656145	0.028901733	0.23334655	1.0	2122	tags=30%, list=20%, signal=37%	
GOBP_RESPONSE_TO_INTERLEUKIN_1	GOBP_RESPONSE_TO_INTERLEUKIN_1		59	-0.41688672	-1.3654747	0.033398822	0.23331527	1.0	1398	tags=29%, list=13%, signal=33%	
HP_LARGE_FOREHEAD	HP_LARGE_FOREHEAD		16	-0.5553098	-1.365397	0.10650887	0.2331949	1.0	1826	tags=31%, list=17%, signal=38%	
GOBP_TIGHT_JUNCTION_ORGANIZATION	GOBP_TIGHT_JUNCTION_ORGANIZATION		30	-0.48440546	-1.3652841	0.07480315	0.23311785	1.0	1992	tags=33%, list=19%, signal=41%	
GOBP_CYTOKINE_PRODUCTION_INVOLVED_IN_IMMUNE_RESPONSE	GOBP_CYTOKINE_PRODUCTION_INVOLVED_IN_IMMUNE_RESPONSE		58	-0.4209767	-1.3649487	0.04563492	0.23339169	1.0	1225	tags=34%, list=12%, signal=39%	
GOCC_GLUTAMATERGIC_SYNAPSE	GOCC_GLUTAMATERGIC_SYNAPSE		130	-0.37148154	-1.3643088	0.02366864	0.2341237	1.0	1258	tags=21%, list=12%, signal=23%	
GOCC_PLATELET_ALPHA_GRANULE	GOCC_PLATELET_ALPHA_GRANULE		35	-0.46704915	-1.364147	0.08171206	0.23414926	1.0	2124	tags=37%, list=20%, signal=46%	
GOBP_POSITIVE_REGULATION_OF_PROTEIN_LOCALIZATION_TO_MEMBRANE	GOBP_POSITIVE_REGULATION_OF_PROTEIN_LOCALIZATION_TO_MEMBRANE		67	-0.41669333	-1.364002	0.044401545	0.23415026	1.0	1849	tags=30%, list=18%, signal=36%	
GOBP_HEMOSTASIS	GOBP_HEMOSTASIS		104	-0.38235313	-1.3633609	0.04528302	0.23493971	1.0	2489	tags=38%, list=24%, signal=49%	
GOBP_FAT_CELL_DIFFERENTIATION	GOBP_FAT_CELL_DIFFERENTIATION		115	-0.37908608	-1.3627157	0.026717557	0.2357842	1.0	1348	tags=21%, list=13%, signal=24%	
GOBP_POSITIVE_REGULATION_OF_LEUKOCYTE_CELL_CELL_ADHESION	GOBP_POSITIVE_REGULATION_OF_LEUKOCYTE_CELL_CELL_ADHESION		144	-0.36838856	-1.3626602	0.02096436	0.23562163	1.0	1398	tags=30%, list=13%, signal=34%	
GOBP_POSITIVE_REGULATION_OF_PROTEOLYSIS_INVOLVED_IN_CELLULAR_PROTEIN_CATABOLIC_PROCESS	GOBP_POSITIVE_REGULATION_OF_PROTEOLYSIS_INVOLVED_IN_CELLULAR_PROTEIN_CATABOLIC_PROCESS		101	-0.3808558	-1.3615685	0.04330709	0.23712227	1.0	1299	tags=18%, list=12%, signal=20%	
GOMF_RETINOIC_ACID_RECEPTOR_BINDING	GOMF_RETINOIC_ACID_RECEPTOR_BINDING		18	-0.5279782	-1.3614621	0.09719223	0.23702997	1.0	2386	tags=39%, list=23%, signal=50%	
GOCC_ACTIN_FILAMENT	GOCC_ACTIN_FILAMENT		54	-0.4274465	-1.3613269	0.05719921	0.23700573	1.0	1852	tags=35%, list=18%, signal=42%	
GOMF_CHANNEL_REGULATOR_ACTIVITY	GOMF_CHANNEL_REGULATOR_ACTIVITY		57	-0.40960944	-1.3612212	0.04699248	0.23695725	1.0	1223	tags=23%, list=12%, signal=26%	
GOBP_MYOTUBE_DIFFERENTIATION	GOBP_MYOTUBE_DIFFERENTIATION		51	-0.42522833	-1.3603623	0.060037524	0.23806651	1.0	1756	tags=31%, list=17%, signal=37%	
HP_COLON_CANCER	HP_COLON_CANCER		33	-0.47734833	-1.3595308	0.087548636	0.23913871	1.0	441	tags=12%, list=4%, signal=13%	
GOBP_REGULATION_OF_T_CELL_RECEPTOR_SIGNALING_PATHWAY	GOBP_REGULATION_OF_T_CELL_RECEPTOR_SIGNALING_PATHWAY		34	-0.46267694	-1.3593674	0.10714286	0.23915195	1.0	1644	tags=41%, list=16%, signal=49%	
GOBP_CORTICAL_ACTIN_CYTOSKELETON_ORGANIZATION	GOBP_CORTICAL_ACTIN_CYTOSKELETON_ORGANIZATION		27	-0.4900656	-1.3589355	0.078393884	0.23963667	1.0	2720	tags=52%, list=26%, signal=70%	
GOMF_PHOSPHATIDYLINOSITOL_PHOSPHATE_BINDING	GOMF_PHOSPHATIDYLINOSITOL_PHOSPHATE_BINDING		103	-0.38541996	-1.3588219	0.024528302	0.23957251	1.0	2761	tags=44%, list=26%, signal=59%	
GOBP_HEART_PROCESS	GOBP_HEART_PROCESS		89	-0.39032137	-1.35871	0.049484536	0.23950484	1.0	1991	tags=29%, list=19%, signal=36%	
HP_HYPERTRIGLYCERIDEMIA	HP_HYPERTRIGLYCERIDEMIA		51	-0.43588504	-1.3586761	0.064638786	0.23931351	1.0	1310	tags=25%, list=12%, signal=29%	
GOBP_NEGATIVE_REGULATION_OF_ENDOCYTOSIS	GOBP_NEGATIVE_REGULATION_OF_ENDOCYTOSIS		30	-0.47298935	-1.3585055	0.061099797	0.2393489	1.0	873	tags=17%, list=8%, signal=18%	
GOBP_HEAD_MORPHOGENESIS	GOBP_HEAD_MORPHOGENESIS		16	-0.54745674	-1.3583966	0.09775967	0.23928265	1.0	664	tags=31%, list=6%, signal=33%	
GOBP_FIBROBLAST_MIGRATION	GOBP_FIBROBLAST_MIGRATION		33	-0.4663603	-1.3583633	0.08932039	0.23909475	1.0	664	tags=18%, list=6%, signal=19%	
GOBP_CYTOPLASMIC_PATTERN_RECOGNITION_RECEPTOR_SIGNALING_PATHWAY_IN_RESPONSE_TO_VIRUS	GOBP_CYTOPLASMIC_PATTERN_RECOGNITION_RECEPTOR_SIGNALING_PATHWAY_IN_RESPONSE_TO_VIRUS		29	-0.48605394	-1.3577957	0.07949791	0.23976636	1.0	1460	tags=38%, list=14%, signal=44%	
GOBP_POSITIVE_REGULATION_OF_CYTOSKELETON_ORGANIZATION	GOBP_POSITIVE_REGULATION_OF_CYTOSKELETON_ORGANIZATION		119	-0.37589744	-1.3565493	0.026070764	0.24155836	1.0	2473	tags=34%, list=24%, signal=45%	
GOBP_MUSCLE_STRUCTURE_DEVELOPMENT	GOBP_MUSCLE_STRUCTURE_DEVELOPMENT		269	-0.34480327	-1.3562819	0.010676157	0.2417511	1.0	1920	tags=25%, list=18%, signal=30%	
HP_CARDIAC_ARREST	HP_CARDIAC_ARREST		65	-0.41024977	-1.3552501	0.0498155	0.2432234	1.0	1935	tags=37%, list=18%, signal=45%	
GOBP_APOPTOTIC_CELL_CLEARANCE	GOBP_APOPTOTIC_CELL_CLEARANCE		28	-0.4858252	-1.3548155	0.10891089	0.2436534	1.0	1754	tags=29%, list=17%, signal=34%	
GOBP_CIRCULATORY_SYSTEM_DEVELOPMENT	GOBP_CIRCULATORY_SYSTEM_DEVELOPMENT		481	-0.32297572	-1.3547784	0.0	0.24347161	1.0	2074	tags=27%, list=20%, signal=32%	
GOCC_EXOCYTIC_VESICLE	GOCC_EXOCYTIC_VESICLE		99	-0.38656327	-1.3542415	0.037698414	0.24413905	1.0	1951	tags=29%, list=19%, signal=36%	
GOBP_GLYCEROLIPID_METABOLIC_PROCESS	GOBP_GLYCEROLIPID_METABOLIC_PROCESS		240	-0.34309888	-1.3539424	0.0071813287	0.24440017	1.0	2149	tags=30%, list=20%, signal=37%	
HP_DIARRHEA	HP_DIARRHEA		201	-0.34993038	-1.3534505	0.012939001	0.24491711	1.0	2178	tags=31%, list=21%, signal=39%	
GOCC_CYTOPLASMIC_MICROTUBULE	GOCC_CYTOPLASMIC_MICROTUBULE		46	-0.43404326	-1.3530123	0.057581574	0.24536426	1.0	1957	tags=28%, list=19%, signal=35%	
GOBP_MEMBRANE_BIOGENESIS	GOBP_MEMBRANE_BIOGENESIS		39	-0.4613189	-1.3528469	0.068897635	0.24539453	1.0	952	tags=31%, list=9%, signal=34%	
GOBP_JNK_CASCADE	GOBP_JNK_CASCADE		107	-0.3770673	-1.3528186	0.027881041	0.24519041	1.0	1370	tags=24%, list=13%, signal=28%	
GOBP_REGULATION_OF_INNATE_IMMUNE_RESPONSE	GOBP_REGULATION_OF_INNATE_IMMUNE_RESPONSE		138	-0.3666644	-1.3525763	0.025974026	0.2453618	1.0	1460	tags=27%, list=14%, signal=31%	
GOCC_ANCHORING_JUNCTION	GOCC_ANCHORING_JUNCTION		445	-0.32592246	-1.3524537	0.0	0.24532169	1.0	1547	tags=22%, list=15%, signal=24%	
GOBP_REGULATION_OF_BLOOD_PRESSURE	GOBP_REGULATION_OF_BLOOD_PRESSURE		56	-0.42140335	-1.3522747	0.07692308	0.24535279	1.0	1717	tags=32%, list=16%, signal=38%	
HP_ABNORMAL_PLATELET_MORPHOLOGY	HP_ABNORMAL_PLATELET_MORPHOLOGY		20	-0.51722276	-1.352123	0.11546392	0.24534361	1.0	1181	tags=30%, list=11%, signal=34%	
GOBP_MACROAUTOPHAGY	GOBP_MACROAUTOPHAGY		246	-0.34196618	-1.3520818	0.011257036	0.24516556	1.0	2548	tags=33%, list=24%, signal=42%	
HP_SYNCOPE	HP_SYNCOPE		42	-0.43834233	-1.3516204	0.08221798	0.24571306	1.0	1344	tags=24%, list=13%, signal=27%	
GOCC_SPECIFIC_GRANULE_LUMEN	GOCC_SPECIFIC_GRANULE_LUMEN		35	-0.45391223	-1.3511087	0.08829569	0.24629529	1.0	1014	tags=26%, list=10%, signal=28%	
HP_BROAD_FACE	HP_BROAD_FACE		15	-0.5714385	-1.3510697	0.11372549	0.24611342	1.0	1356	tags=33%, list=13%, signal=38%	
GOBP_REGULATION_OF_CELL_ACTIVATION	GOBP_REGULATION_OF_CELL_ACTIVATION		325	-0.33293092	-1.3507401	0.0037383179	0.24641818	1.0	1341	tags=24%, list=13%, signal=27%	
GOBP_POSITIVE_REGULATION_OF_ACTIN_FILAMENT_POLYMERIZATION	GOBP_POSITIVE_REGULATION_OF_ACTIN_FILAMENT_POLYMERIZATION		28	-0.4776791	-1.3505365	0.08853119	0.24651757	1.0	2743	tags=54%, list=26%, signal=72%	
GOCC_SECRETORY_GRANULE	GOCC_SECRETORY_GRANULE		448	-0.32395127	-1.3505268	0.0	0.24627933	1.0	2080	tags=27%, list=20%, signal=33%	
GOCC_DENDRITIC_TREE	GOCC_DENDRITIC_TREE		264	-0.34057474	-1.3501116	0.005769231	0.24668814	1.0	1777	tags=22%, list=17%, signal=26%	
GOBP_PHOSPHOLIPASE_C_ACTIVATING_G_PROTEIN_COUPLED_RECEPTOR_SIGNALING_PATHWAY	GOBP_PHOSPHOLIPASE_C_ACTIVATING_G_PROTEIN_COUPLED_RECEPTOR_SIGNALING_PATHWAY		22	-0.51625264	-1.3500925	0.09437387	0.24646549	1.0	644	tags=23%, list=6%, signal=24%	
GOBP_INTERLEUKIN_2_PRODUCTION	GOBP_INTERLEUKIN_2_PRODUCTION		42	-0.44317445	-1.3500469	0.08024691	0.2462871	1.0	801	tags=31%, list=8%, signal=33%	
GOBP_POSITIVE_REGULATION_OF_PEPTIDE_SECRETION	GOBP_POSITIVE_REGULATION_OF_PEPTIDE_SECRETION		40	-0.44841	-1.3500338	0.08264463	0.24606074	1.0	1344	tags=25%, list=13%, signal=29%	
GOBP_REGULATION_OF_PROTEIN_EXPORT_FROM_NUCLEUS	GOBP_REGULATION_OF_PROTEIN_EXPORT_FROM_NUCLEUS		24	-0.5136534	-1.3496261	0.08447937	0.24648096	1.0	1052	tags=21%, list=10%, signal=23%	
GOBP_POSTSYNAPTIC_SIGNAL_TRANSDUCTION	GOBP_POSTSYNAPTIC_SIGNAL_TRANSDUCTION		18	-0.54117775	-1.3496256	0.12525667	0.24623366	1.0	1672	tags=28%, list=16%, signal=33%	
GOBP_CARBOHYDRATE_TRANSPORT	GOBP_CARBOHYDRATE_TRANSPORT		74	-0.4039251	-1.3495805	0.052529182	0.246056	1.0	1204	tags=24%, list=11%, signal=27%	
GOBP_POSITIVE_REGULATION_OF_EPITHELIAL_CELL_MIGRATION	GOBP_POSITIVE_REGULATION_OF_EPITHELIAL_CELL_MIGRATION		79	-0.39795467	-1.3495699	0.053435113	0.24582371	1.0	1175	tags=22%, list=11%, signal=24%	
GOBP_ANATOMICAL_STRUCTURE_FORMATION_INVOLVED_IN_MORPHOGENESIS	GOBP_ANATOMICAL_STRUCTURE_FORMATION_INVOLVED_IN_MORPHOGENESIS		477	-0.32359815	-1.3494741	0.0036036037	0.24573834	1.0	1523	tags=20%, list=14%, signal=23%	
GOCC_ENDOCYTIC_VESICLE_MEMBRANE	GOCC_ENDOCYTIC_VESICLE_MEMBRANE		90	-0.38578784	-1.3493623	0.038314175	0.24565661	1.0	2489	tags=46%, list=24%, signal=59%	
GOBP_POSITIVE_REGULATION_OF_PROTEIN_CONTAINING_COMPLEX_DISASSEMBLY	GOBP_POSITIVE_REGULATION_OF_PROTEIN_CONTAINING_COMPLEX_DISASSEMBLY		21	-0.5113747	-1.3485452	0.094827585	0.24673736	1.0	2120	tags=43%, list=20%, signal=54%	
GOBP_PROTEIN_DESTABILIZATION	GOBP_PROTEIN_DESTABILIZATION		36	-0.46030885	-1.3479071	0.09019608	0.24754657	1.0	1214	tags=19%, list=12%, signal=22%	
GOMF_GROWTH_FACTOR_BINDING	GOMF_GROWTH_FACTOR_BINDING		51	-0.42344892	-1.3476015	0.05859375	0.24778974	1.0	2144	tags=43%, list=20%, signal=54%	
GOBP_REGULATION_OF_DEVELOPMENTAL_GROWTH	GOBP_REGULATION_OF_DEVELOPMENTAL_GROWTH		137	-0.36832824	-1.3469434	0.025291828	0.24862689	1.0	1471	tags=24%, list=14%, signal=28%	
HP_SCAPULAR_WINGING	HP_SCAPULAR_WINGING		40	-0.4588048	-1.3463231	0.08858268	0.24938743	1.0	536	tags=18%, list=5%, signal=18%	
GOMF_MODIFIED_AMINO_ACID_BINDING	GOMF_MODIFIED_AMINO_ACID_BINDING		40	-0.44678605	-1.3459315	0.068136275	0.24975316	1.0	500	tags=20%, list=5%, signal=21%	
GOBP_REGULATION_OF_ANTIGEN_RECEPTOR_MEDIATED_SIGNALING_PATHWAY	GOBP_REGULATION_OF_ANTIGEN_RECEPTOR_MEDIATED_SIGNALING_PATHWAY		45	-0.4362831	-1.3459283	0.07862903	0.24950999	1.0	1644	tags=38%, list=16%, signal=45%	
GOBP_AORTA_DEVELOPMENT	GOBP_AORTA_DEVELOPMENT		23	-0.5017748	-1.3454235	0.10515873	0.2500769	1.0	1456	tags=26%, list=14%, signal=30%	
HP_OLIGOMENORRHEA	HP_OLIGOMENORRHEA		21	-0.5089671	-1.3453861	0.09803922	0.24988961	1.0	2460	tags=43%, list=23%, signal=56%	
GOBP_STEM_CELL_PROLIFERATION	GOBP_STEM_CELL_PROLIFERATION		27	-0.48498845	-1.3444883	0.0875	0.25118533	1.0	795	tags=19%, list=8%, signal=20%	
GOBP_REGULATION_OF_NEUROGENESIS	GOBP_REGULATION_OF_NEUROGENESIS		161	-0.3530454	-1.3442755	0.020833334	0.25128397	1.0	1199	tags=19%, list=11%, signal=21%	
GOBP_TOLL_LIKE_RECEPTOR_4_SIGNALING_PATHWAY	GOBP_TOLL_LIKE_RECEPTOR_4_SIGNALING_PATHWAY		24	-0.4975196	-1.3439162	0.0996016	0.251618	1.0	2507	tags=50%, list=24%, signal=66%	
GOBP_ANTIGEN_RECEPTOR_MEDIATED_SIGNALING_PATHWAY	GOBP_ANTIGEN_RECEPTOR_MEDIATED_SIGNALING_PATHWAY		111	-0.3782846	-1.3434021	0.03256705	0.25222212	1.0	1658	tags=30%, list=16%, signal=35%	
HP_EXCESSIVE_SALIVATION	HP_EXCESSIVE_SALIVATION		64	-0.4067811	-1.3430779	0.05532787	0.2525186	1.0	715	tags=16%, list=7%, signal=17%	
GOBP_POSITIVE_REGULATION_OF_CELL_DIFFERENTIATION	GOBP_POSITIVE_REGULATION_OF_CELL_DIFFERENTIATION		393	-0.32748362	-1.3428512	0.005357143	0.2526404	1.0	1348	tags=20%, list=13%, signal=22%	
GOMF_CYTOKINE_BINDING	GOMF_CYTOKINE_BINDING		65	-0.39987722	-1.342703	0.053784862	0.25265926	1.0	1022	tags=26%, list=10%, signal=29%	
GOCC_LAMELLIPODIUM	GOCC_LAMELLIPODIUM		121	-0.36676112	-1.3422666	0.037109375	0.2531092	1.0	1991	tags=28%, list=19%, signal=34%	
HP_ABNORMAL_MORPHOLOGY_OF_THE_LIMBIC_SYSTEM	HP_ABNORMAL_MORPHOLOGY_OF_THE_LIMBIC_SYSTEM		36	-0.448875	-1.3421044	0.08704062	0.25312227	1.0	1269	tags=25%, list=12%, signal=28%	
GOBP_NEGATIVE_REGULATION_OF_CELL_MATRIX_ADHESION	GOBP_NEGATIVE_REGULATION_OF_CELL_MATRIX_ADHESION		17	-0.5293127	-1.3417513	0.1007752	0.25348708	1.0	930	tags=29%, list=9%, signal=32%	
GOBP_CRANIAL_NERVE_DEVELOPMENT	GOBP_CRANIAL_NERVE_DEVELOPMENT		16	-0.5469685	-1.3417451	0.11764706	0.25325128	1.0	794	tags=25%, list=8%, signal=27%	
GOBP_POSITIVE_REGULATION_OF_AUTOPHAGY	GOBP_POSITIVE_REGULATION_OF_AUTOPHAGY		99	-0.37654272	-1.3414043	0.04660194	0.25362587	1.0	2031	tags=32%, list=19%, signal=40%	
GOBP_REGULATION_OF_HEMOPOIESIS	GOBP_REGULATION_OF_HEMOPOIESIS		220	-0.34388512	-1.3411212	0.00998004	0.25385845	1.0	1322	tags=22%, list=13%, signal=25%	
HP_CARDIOMEGALY	HP_CARDIOMEGALY		81	-0.39000276	-1.3400465	0.04809619	0.25542456	1.0	1285	tags=26%, list=12%, signal=29%	
GOBP_MUSCLE_CELL_PROLIFERATION	GOBP_MUSCLE_CELL_PROLIFERATION		89	-0.38426813	-1.3399692	0.042990655	0.25530314	1.0	1333	tags=28%, list=13%, signal=32%	
GOBP_BONE_MORPHOGENESIS	GOBP_BONE_MORPHOGENESIS		36	-0.45474178	-1.3398155	0.09195402	0.25530067	1.0	1523	tags=33%, list=14%, signal=39%	
GOBP_GLYCEROLIPID_BIOSYNTHETIC_PROCESS	GOBP_GLYCEROLIPID_BIOSYNTHETIC_PROCESS		174	-0.35159534	-1.3397211	0.011450382	0.25520787	1.0	2045	tags=28%, list=19%, signal=34%	
GOCC_PML_BODY	GOCC_PML_BODY		82	-0.3906788	-1.3395039	0.04054054	0.255293	1.0	1259	tags=20%, list=12%, signal=22%	
GOBP_REGULATION_OF_LYASE_ACTIVITY	GOBP_REGULATION_OF_LYASE_ACTIVITY		16	-0.55250823	-1.3394061	0.12145749	0.25520182	1.0	1754	tags=31%, list=17%, signal=37%	
GOBP_NEGATIVE_REGULATION_OF_INTRACELLULAR_TRANSPORT	GOBP_NEGATIVE_REGULATION_OF_INTRACELLULAR_TRANSPORT		37	-0.44767198	-1.3394002	0.0702403	0.25495964	1.0	1378	tags=27%, list=13%, signal=31%	
GOBP_CARDIAC_MUSCLE_CELL_ACTION_POTENTIAL	GOBP_CARDIAC_MUSCLE_CELL_ACTION_POTENTIAL		23	-0.4980333	-1.3392754	0.099415205	0.25493684	1.0	1344	tags=35%, list=13%, signal=40%	
HP_AORTIC_REGURGITATION	HP_AORTIC_REGURGITATION		51	-0.41953504	-1.338641	0.06066536	0.25571024	1.0	2013	tags=33%, list=19%, signal=41%	
GOBP_RECEPTOR_INTERNALIZATION	GOBP_RECEPTOR_INTERNALIZATION		51	-0.41902912	-1.3383949	0.078277886	0.25588948	1.0	2369	tags=41%, list=23%, signal=53%	
GOBP_PROTEIN_DEMETHYLATION	GOBP_PROTEIN_DEMETHYLATION		28	-0.47133124	-1.3382783	0.08969466	0.25581706	1.0	1953	tags=39%, list=19%, signal=48%	
GOBP_RESPONSE_TO_CYTOKINE	GOBP_RESPONSE_TO_CYTOKINE		495	-0.32057935	-1.3367977	0.0017182131	0.25805345	1.0	1286	tags=21%, list=12%, signal=23%	
GOBP_OSTEOBLAST_PROLIFERATION	GOBP_OSTEOBLAST_PROLIFERATION		16	-0.5366664	-1.3365971	0.12804878	0.2581219	1.0	2454	tags=44%, list=23%, signal=57%	
GOBP_OLIGOSACCHARIDE_METABOLIC_PROCESS	GOBP_OLIGOSACCHARIDE_METABOLIC_PROCESS		32	-0.46596447	-1.33654	0.08856089	0.25796193	1.0	1332	tags=28%, list=13%, signal=32%	
GOMF_LIPID_TRANSFER_ACTIVITY	GOMF_LIPID_TRANSFER_ACTIVITY		33	-0.46933603	-1.3365295	0.08365019	0.25772673	1.0	1055	tags=24%, list=10%, signal=27%	
GOBP_EXIT_FROM_MITOSIS	GOBP_EXIT_FROM_MITOSIS		25	-0.49122685	-1.3363172	0.10958904	0.25781557	1.0	1218	tags=24%, list=12%, signal=27%	
GOMF_SH3_DOMAIN_BINDING	GOMF_SH3_DOMAIN_BINDING		80	-0.39241308	-1.3361721	0.051136363	0.25780115	1.0	2485	tags=43%, list=24%, signal=55%	
GOBP_POSITIVE_REGULATION_OF_NUCLEOTIDE_METABOLIC_PROCESS	GOBP_POSITIVE_REGULATION_OF_NUCLEOTIDE_METABOLIC_PROCESS		17	-0.5299407	-1.3358401	0.105367795	0.2580691	1.0	645	tags=24%, list=6%, signal=25%	
HP_SPINAL_RIGIDITY	HP_SPINAL_RIGIDITY		25	-0.47935045	-1.3357645	0.112840466	0.25793803	1.0	1683	tags=28%, list=16%, signal=33%	
GOBP_POSITIVE_REGULATION_OF_ENDOTHELIAL_CELL_MIGRATION	GOBP_POSITIVE_REGULATION_OF_ENDOTHELIAL_CELL_MIGRATION		55	-0.41370544	-1.335689	0.0704501	0.25781512	1.0	1024	tags=22%, list=10%, signal=24%	
GOBP_VACUOLAR_ACIDIFICATION	GOBP_VACUOLAR_ACIDIFICATION		18	-0.5328487	-1.3355081	0.11022044	0.25786307	1.0	2335	tags=44%, list=22%, signal=57%	
GOBP_POSITIVE_REGULATION_OF_RESPONSE_TO_EXTERNAL_STIMULUS	GOBP_POSITIVE_REGULATION_OF_RESPONSE_TO_EXTERNAL_STIMULUS		207	-0.34530362	-1.3353004	0.014925373	0.2580024	1.0	1460	tags=27%, list=14%, signal=30%	
GOBP_REGULATION_OF_STEROID_METABOLIC_PROCESS	GOBP_REGULATION_OF_STEROID_METABOLIC_PROCESS		50	-0.4213457	-1.3351213	0.079303674	0.25807238	1.0	859	tags=20%, list=8%, signal=22%	
GOBP_SIGNAL_RELEASE	GOBP_SIGNAL_RELEASE		183	-0.3499748	-1.3350939	0.02189781	0.2578716	1.0	1579	tags=21%, list=15%, signal=24%	
GOCC_BASEMENT_MEMBRANE	GOCC_BASEMENT_MEMBRANE		18	-0.5182867	-1.3344945	0.13061224	0.25865057	1.0	873	tags=28%, list=8%, signal=30%	
GOBP_NEURAL_PRECURSOR_CELL_PROLIFERATION	GOBP_NEURAL_PRECURSOR_CELL_PROLIFERATION		54	-0.4178116	-1.3344722	0.07265774	0.2584441	1.0	2576	tags=41%, list=25%, signal=54%	
HP_STOMATITIS	HP_STOMATITIS		35	-0.45533046	-1.3343785	0.079245284	0.2583771	1.0	1378	tags=43%, list=13%, signal=49%	
HP_JOINT_STIFFNESS	HP_JOINT_STIFFNESS		118	-0.37084928	-1.334308	0.048169557	0.25824922	1.0	1503	tags=25%, list=14%, signal=28%	
GOBP_NEGATIVE_REGULATION_OF_DEVELOPMENTAL_PROCESS	GOBP_NEGATIVE_REGULATION_OF_DEVELOPMENTAL_PROCESS		377	-0.32097262	-1.3341328	0.0018018018	0.25829738	1.0	1261	tags=19%, list=12%, signal=21%	
GOBP_REGULATION_OF_CELL_CELL_ADHESION	GOBP_REGULATION_OF_CELL_CELL_ADHESION		225	-0.34244588	-1.3336006	0.014705882	0.25897524	1.0	1398	tags=26%, list=13%, signal=29%	
HP_FATIGUE	HP_FATIGUE		207	-0.3481814	-1.3334138	0.009208103	0.25904572	1.0	1520	tags=24%, list=14%, signal=28%	
HP_TOE_WALKING	HP_TOE_WALKING		37	-0.45331362	-1.3328782	0.083333336	0.25974643	1.0	809	tags=22%, list=8%, signal=23%	
GOBP_NEGATIVE_REGULATION_OF_CYCLIN_DEPENDENT_PROTEIN_SERINE_THREONINE_KINASE_ACTIVITY	GOBP_NEGATIVE_REGULATION_OF_CYCLIN_DEPENDENT_PROTEIN_SERINE_THREONINE_KINASE_ACTIVITY		22	-0.4971886	-1.3325039	0.10805501	0.26017666	1.0	1323	tags=27%, list=13%, signal=31%	
HP_ABNORMAL_PERICARDIUM_MORPHOLOGY	HP_ABNORMAL_PERICARDIUM_MORPHOLOGY		33	-0.46281958	-1.3319777	0.08921933	0.26084426	1.0	1378	tags=33%, list=13%, signal=38%	
GOBP_POSITIVE_REGULATION_OF_LAMELLIPODIUM_ASSEMBLY	GOBP_POSITIVE_REGULATION_OF_LAMELLIPODIUM_ASSEMBLY		18	-0.52897865	-1.3316741	0.11787819	0.2611055	1.0	2473	tags=39%, list=24%, signal=51%	
GOBP_REGULATION_OF_ADAPTIVE_IMMUNE_RESPONSE	GOBP_REGULATION_OF_ADAPTIVE_IMMUNE_RESPONSE		107	-0.3716777	-1.3315164	0.026156941	0.2611186	1.0	801	tags=19%, list=8%, signal=20%	
GOBP_REGULATION_OF_MYELOID_CELL_DIFFERENTIATION	GOBP_REGULATION_OF_MYELOID_CELL_DIFFERENTIATION		116	-0.3679468	-1.3315151	0.043071162	0.26087335	1.0	1214	tags=22%, list=12%, signal=24%	
GOBP_POSITIVE_REGULATION_OF_CYTOKINESIS	GOBP_POSITIVE_REGULATION_OF_CYTOKINESIS		26	-0.4891138	-1.3311623	0.11553785	0.261239	1.0	859	tags=19%, list=8%, signal=21%	
GOCC_FLEMMING_BODY	GOCC_FLEMMING_BODY		30	-0.46093595	-1.3309383	0.078431375	0.26136217	1.0	2786	tags=47%, list=27%, signal=63%	
GOBP_REGULATION_OF_PROTEIN_DEPOLYMERIZATION	GOBP_REGULATION_OF_PROTEIN_DEPOLYMERIZATION		47	-0.4351191	-1.3301325	0.086444005	0.26251364	1.0	1094	tags=17%, list=10%, signal=19%	
HP_CHRONIC_LEUKEMIA	HP_CHRONIC_LEUKEMIA		17	-0.52744114	-1.3293138	0.123364486	0.26366934	1.0	1209	tags=29%, list=12%, signal=33%	
HP_SPLENOMEGALY	HP_SPLENOMEGALY		238	-0.34161785	-1.329222	0.009940358	0.26357114	1.0	1479	tags=24%, list=14%, signal=28%	
GOBP_EXPORT_ACROSS_PLASMA_MEMBRANE	GOBP_EXPORT_ACROSS_PLASMA_MEMBRANE		30	-0.46350145	-1.3289812	0.08918406	0.26373973	1.0	2381	tags=47%, list=23%, signal=60%	
GOBP_LEUKOCYTE_HOMEOSTASIS	GOBP_LEUKOCYTE_HOMEOSTASIS		66	-0.40066114	-1.3285115	0.06175299	0.26430038	1.0	826	tags=21%, list=8%, signal=23%	
GOBP_PHOSPHATIDYLINOSITOL_3_KINASE_SIGNALING	GOBP_PHOSPHATIDYLINOSITOL_3_KINASE_SIGNALING		70	-0.39929327	-1.3283561	0.070866145	0.26433328	1.0	1459	tags=30%, list=14%, signal=35%	
GOBP_MYELOID_LEUKOCYTE_CYTOKINE_PRODUCTION	GOBP_MYELOID_LEUKOCYTE_CYTOKINE_PRODUCTION		20	-0.510873	-1.3281025	0.12546816	0.26448432	1.0	1225	tags=45%, list=12%, signal=51%	
HP_DECREASED_CIRCULATING_IGG_LEVEL	HP_DECREASED_CIRCULATING_IGG_LEVEL		49	-0.4220214	-1.3278894	0.07495069	0.2646201	1.0	1290	tags=24%, list=12%, signal=28%	
GOBP_ANTIGEN_PROCESSING_AND_PRESENTATION_OF_EXOGENOUS_PEPTIDE_ANTIGEN	GOBP_ANTIGEN_PROCESSING_AND_PRESENTATION_OF_EXOGENOUS_PEPTIDE_ANTIGEN		15	-0.55340564	-1.3275343	0.1446281	0.26498324	1.0	956	tags=33%, list=9%, signal=37%	
GOBP_POSITIVE_REGULATION_OF_PATTERN_RECOGNITION_RECEPTOR_SIGNALING_PATHWAY	GOBP_POSITIVE_REGULATION_OF_PATTERN_RECOGNITION_RECEPTOR_SIGNALING_PATHWAY		31	-0.46995056	-1.3271557	0.10139165	0.26540515	1.0	1050	tags=23%, list=10%, signal=25%	
GOBP_REGULATION_OF_DNA_BINDING_TRANSCRIPTION_FACTOR_ACTIVITY	GOBP_REGULATION_OF_DNA_BINDING_TRANSCRIPTION_FACTOR_ACTIVITY		262	-0.33165887	-1.32704	0.011235955	0.26531166	1.0	1322	tags=19%, list=13%, signal=21%	
GOCC_CONTRACTILE_FIBER	GOCC_CONTRACTILE_FIBER		101	-0.37565073	-1.3269997	0.044660196	0.2651308	1.0	1206	tags=19%, list=11%, signal=21%	
HP_GASTROINTESTINAL_HEMORRHAGE	HP_GASTROINTESTINAL_HEMORRHAGE		86	-0.3814953	-1.3267323	0.059369203	0.2653396	1.0	1378	tags=27%, list=13%, signal=31%	
GOBP_NEGATIVE_REGULATION_OF_CELL_CYCLE_G1_S_PHASE_TRANSITION	GOBP_NEGATIVE_REGULATION_OF_CELL_CYCLE_G1_S_PHASE_TRANSITION		49	-0.42294258	-1.3266368	0.08301158	0.26525426	1.0	1718	tags=22%, list=16%, signal=27%	
GOBP_ESTABLISHMENT_OF_ORGANELLE_LOCALIZATION	GOBP_ESTABLISHMENT_OF_ORGANELLE_LOCALIZATION		282	-0.33138338	-1.3263717	0.014787431	0.26548177	1.0	1852	tags=25%, list=18%, signal=30%	
HP_DYSGRAPHIA	HP_DYSGRAPHIA		38	-0.4451742	-1.3261578	0.08086785	0.26562208	1.0	1195	tags=26%, list=11%, signal=30%	
GOBP_PRODUCTION_OF_MOLECULAR_MEDIATOR_INVOLVED_IN_INFLAMMATORY_RESPONSE	GOBP_PRODUCTION_OF_MOLECULAR_MEDIATOR_INVOLVED_IN_INFLAMMATORY_RESPONSE		41	-0.43016914	-1.3261139	0.104672894	0.2654529	1.0	976	tags=24%, list=9%, signal=27%	
HP_ABNORMALITY_OF_THE_ALVEOLAR_RIDGES	HP_ABNORMALITY_OF_THE_ALVEOLAR_RIDGES		22	-0.50430346	-1.3260052	0.11923077	0.2653881	1.0	1954	tags=36%, list=19%, signal=45%	
GOBP_POSITIVE_REGULATION_OF_CATABOLIC_PROCESS	GOBP_POSITIVE_REGULATION_OF_CATABOLIC_PROCESS		363	-0.32562584	-1.3259163	0.0054347827	0.2652886	1.0	1752	tags=23%, list=17%, signal=26%	
HP_DECREASED_CIRCULATING_TOTAL_IGM	HP_DECREASED_CIRCULATING_TOTAL_IGM		29	-0.4661408	-1.3252589	0.09919028	0.26615104	1.0	1638	tags=34%, list=16%, signal=41%	
GOMF_RECEPTOR_TYROSINE_KINASE_BINDING	GOMF_RECEPTOR_TYROSINE_KINASE_BINDING		40	-0.4378689	-1.3252375	0.08232932	0.26593545	1.0	1861	tags=35%, list=18%, signal=42%	
GOCC_NEURON_TO_NEURON_SYNAPSE	GOCC_NEURON_TO_NEURON_SYNAPSE		155	-0.3514547	-1.3248477	0.030947777	0.26635838	1.0	1134	tags=18%, list=11%, signal=20%	
GOMF_CALCIUM_CHANNEL_REGULATOR_ACTIVITY	GOMF_CALCIUM_CHANNEL_REGULATOR_ACTIVITY		17	-0.5312467	-1.3243841	0.13502109	0.2668726	1.0	706	tags=24%, list=7%, signal=25%	
GOBP_ANION_TRANSPORT	GOBP_ANION_TRANSPORT		201	-0.34350225	-1.3242908	0.025179856	0.2667862	1.0	1256	tags=18%, list=12%, signal=21%	
HP_BILIARY_TRACT_ABNORMALITY	HP_BILIARY_TRACT_ABNORMALITY		56	-0.41188812	-1.3241882	0.08888889	0.2667149	1.0	2178	tags=38%, list=21%, signal=47%	
HP_CONGENITAL_CONTRACTURE	HP_CONGENITAL_CONTRACTURE		88	-0.38030505	-1.3237696	0.06420233	0.267236	1.0	1549	tags=24%, list=15%, signal=28%	
GOMF_L_ASCORBIC_ACID_BINDING	GOMF_L_ASCORBIC_ACID_BINDING		16	-0.5369304	-1.3234859	0.12670565	0.267457	1.0	800	tags=25%, list=8%, signal=27%	
HP_PURPURA	HP_PURPURA		66	-0.4050518	-1.3233904	0.05882353	0.26737493	1.0	1489	tags=30%, list=14%, signal=35%	
GOBP_TRANSPORT_ALONG_MICROTUBULE	GOBP_TRANSPORT_ALONG_MICROTUBULE		106	-0.36896843	-1.3228141	0.03874539	0.26813668	1.0	1907	tags=20%, list=18%, signal=24%	
GOBP_MUSCLE_TISSUE_DEVELOPMENT	GOBP_MUSCLE_TISSUE_DEVELOPMENT		157	-0.3558504	-1.3226801	0.015533981	0.26811635	1.0	1308	tags=21%, list=12%, signal=24%	
GOMF_UBIQUITIN_LIKE_PROTEIN_LIGASE_ACTIVITY	GOMF_UBIQUITIN_LIKE_PROTEIN_LIGASE_ACTIVITY		208	-0.33800122	-1.3225229	0.0038610038	0.26816082	1.0	2683	tags=32%, list=26%, signal=42%	
GOBP_REGULATION_OF_CALCIUM_ION_TRANSMEMBRANE_TRANSPORT	GOBP_REGULATION_OF_CALCIUM_ION_TRANSMEMBRANE_TRANSPORT		61	-0.40794215	-1.3222836	0.07561437	0.26832828	1.0	1258	tags=25%, list=12%, signal=28%	
GOBP_NUCLEAR_MIGRATION	GOBP_NUCLEAR_MIGRATION		17	-0.51732856	-1.3214945	0.137577	0.269472	1.0	1279	tags=29%, list=12%, signal=33%	
GOBP_GLYCEROLIPID_CATABOLIC_PROCESS	GOBP_GLYCEROLIPID_CATABOLIC_PROCESS		29	-0.46412745	-1.3212652	0.11890838	0.2696307	1.0	1499	tags=28%, list=14%, signal=32%	
HP_RESTRICTIVE_VENTILATORY_DEFECT	HP_RESTRICTIVE_VENTILATORY_DEFECT		44	-0.42701855	-1.3209317	0.08057851	0.2699451	1.0	631	tags=18%, list=6%, signal=19%	
HP_PAPILLOMA	HP_PAPILLOMA		35	-0.44935644	-1.3206095	0.086065575	0.27026176	1.0	1522	tags=29%, list=14%, signal=33%	
GOBP_REGULATION_OF_SPINDLE_ORGANIZATION	GOBP_REGULATION_OF_SPINDLE_ORGANIZATION		37	-0.44673386	-1.3204958	0.092979126	0.27021897	1.0	1788	tags=27%, list=17%, signal=32%	
HP_ABNORMAL_ORAL_MUCOSA_MORPHOLOGY	HP_ABNORMAL_ORAL_MUCOSA_MORPHOLOGY		187	-0.34475693	-1.3194226	0.021956088	0.27181345	1.0	1414	tags=25%, list=13%, signal=28%	
GOBP_REGULATION_OF_RECEPTOR_MEDIATED_ENDOCYTOSIS	GOBP_REGULATION_OF_RECEPTOR_MEDIATED_ENDOCYTOSIS		59	-0.40788978	-1.3194132	0.072434604	0.27158138	1.0	2750	tags=42%, list=26%, signal=57%	
GOBP_T_HELPER_1_TYPE_IMMUNE_RESPONSE	GOBP_T_HELPER_1_TYPE_IMMUNE_RESPONSE		28	-0.4679837	-1.3186691	0.10453649	0.2726691	1.0	1022	tags=32%, list=10%, signal=36%	
HP_ABNORMAL_CIRCULATING_IGM_LEVEL	HP_ABNORMAL_CIRCULATING_IGM_LEVEL		50	-0.4245232	-1.3185838	0.07170542	0.27256253	1.0	1643	tags=34%, list=16%, signal=40%	
GOBP_REGULATION_OF_PROTEIN_LOCALIZATION_TO_MEMBRANE	GOBP_REGULATION_OF_PROTEIN_LOCALIZATION_TO_MEMBRANE		106	-0.36852467	-1.3185766	0.033771105	0.2723261	1.0	1849	tags=26%, list=18%, signal=32%	
GOBP_RESPONSE_TO_CHOLESTEROL	GOBP_RESPONSE_TO_CHOLESTEROL		16	-0.5269976	-1.3181276	0.11065574	0.27286637	1.0	2716	tags=50%, list=26%, signal=67%	
GOBP_SENSORY_PERCEPTION_OF_PAIN	GOBP_SENSORY_PERCEPTION_OF_PAIN		25	-0.47976518	-1.3181145	0.12138728	0.27264813	1.0	1991	tags=40%, list=19%, signal=49%	
HP_UNUSUAL_INFECTION_BY_ANATOMICAL_SITE	HP_UNUSUAL_INFECTION_BY_ANATOMICAL_SITE		62	-0.40693814	-1.31775	0.08282828	0.27307764	1.0	1528	tags=32%, list=15%, signal=38%	
GOBP_T_CELL_PROLIFERATION	GOBP_T_CELL_PROLIFERATION		114	-0.37016127	-1.3173369	0.038610037	0.27356255	1.0	1341	tags=26%, list=13%, signal=30%	
HP_ABNORMAL_VISUAL_FIXATION	HP_ABNORMAL_VISUAL_FIXATION		16	-0.52900475	-1.3173096	0.15028901	0.2733548	1.0	2080	tags=44%, list=20%, signal=54%	
GOBP_POSITIVE_REGULATION_OF_PHOSPHORUS_METABOLIC_PROCESS	GOBP_POSITIVE_REGULATION_OF_PHOSPHORUS_METABOLIC_PROCESS		423	-0.3185513	-1.3163929	0.0073260074	0.27466053	1.0	1549	tags=21%, list=15%, signal=24%	
GOBP_REGULATION_OF_SYSTEM_PROCESS	GOBP_REGULATION_OF_SYSTEM_PROCESS		187	-0.345789	-1.3162884	0.026871402	0.274586	1.0	1361	tags=24%, list=13%, signal=27%	
GOBP_NEGATIVE_REGULATION_OF_EPITHELIAL_CELL_MIGRATION	GOBP_NEGATIVE_REGULATION_OF_EPITHELIAL_CELL_MIGRATION		32	-0.4622914	-1.3158007	0.092	0.27521795	1.0	2489	tags=41%, list=24%, signal=53%	
GOBP_LIPOPROTEIN_METABOLIC_PROCESS	GOBP_LIPOPROTEIN_METABOLIC_PROCESS		94	-0.36864367	-1.3157382	0.055028465	0.27507263	1.0	2937	tags=39%, list=28%, signal=54%	
HP_RAPIDLY_PROGRESSIVE	HP_RAPIDLY_PROGRESSIVE		23	-0.4874633	-1.3155911	0.109126985	0.27506748	1.0	2489	tags=43%, list=24%, signal=57%	
GOBP_REGULATION_OF_LYMPHOCYTE_DIFFERENTIATION	GOBP_REGULATION_OF_LYMPHOCYTE_DIFFERENTIATION		117	-0.36148944	-1.3155813	0.05162524	0.27483335	1.0	862	tags=21%, list=8%, signal=23%	
GOBP_REGULATION_OF_PROTEIN_EXIT_FROM_ENDOPLASMIC_RETICULUM	GOBP_REGULATION_OF_PROTEIN_EXIT_FROM_ENDOPLASMIC_RETICULUM		19	-0.50635225	-1.3153305	0.122047246	0.27504486	1.0	2589	tags=42%, list=25%, signal=56%	
GOBP_PROCESS_UTILIZING_AUTOPHAGIC_MECHANISM	GOBP_PROCESS_UTILIZING_AUTOPHAGIC_MECHANISM		403	-0.31947386	-1.3150123	0.012867647	0.27537107	1.0	2045	tags=26%, list=19%, signal=31%	
GOBP_REGULATION_OF_JUN_KINASE_ACTIVITY	GOBP_REGULATION_OF_JUN_KINASE_ACTIVITY		33	-0.44427133	-1.3144165	0.101960786	0.27618566	1.0	1370	tags=24%, list=13%, signal=28%	
GOBP_VASCULAR_PROCESS_IN_CIRCULATORY_SYSTEM	GOBP_VASCULAR_PROCESS_IN_CIRCULATORY_SYSTEM		96	-0.3759551	-1.3143406	0.045009784	0.27605608	1.0	1523	tags=25%, list=14%, signal=29%	
HP_DILATATION_OF_THE_CEREBRAL_ARTERY	HP_DILATATION_OF_THE_CEREBRAL_ARTERY		24	-0.48011905	-1.3142661	0.12426036	0.27595353	1.0	760	tags=25%, list=7%, signal=27%	
GOMF_MICROTUBULE_PLUS_END_BINDING	GOMF_MICROTUBULE_PLUS_END_BINDING		19	-0.51970524	-1.3134618	0.14604463	0.27711615	1.0	3339	tags=53%, list=32%, signal=77%	
GOBP_SKELETAL_MUSCLE_ORGAN_DEVELOPMENT	GOBP_SKELETAL_MUSCLE_ORGAN_DEVELOPMENT		72	-0.39104673	-1.313151	0.08316832	0.2773861	1.0	1274	tags=24%, list=12%, signal=27%	
GOBP_OLEFINIC_COMPOUND_METABOLIC_PROCESS	GOBP_OLEFINIC_COMPOUND_METABOLIC_PROCESS		46	-0.43050018	-1.3131282	0.094412334	0.27716824	1.0	2000	tags=39%, list=19%, signal=48%	
GOBP_SECRETION	GOBP_SECRETION		418	-0.31694004	-1.3128741	0.0	0.27737203	1.0	1788	tags=24%, list=17%, signal=28%	
GOMF_ACTIVE_ION_TRANSMEMBRANE_TRANSPORTER_ACTIVITY	GOMF_ACTIVE_ION_TRANSMEMBRANE_TRANSPORTER_ACTIVITY		111	-0.36388096	-1.3124167	0.040384617	0.27795756	1.0	1216	tags=19%, list=12%, signal=21%	
GOBP_CD4_POSITIVE_ALPHA_BETA_T_CELL_ACTIVATION	GOBP_CD4_POSITIVE_ALPHA_BETA_T_CELL_ACTIVATION		75	-0.39021644	-1.3116425	0.06716418	0.27915657	1.0	1022	tags=29%, list=10%, signal=32%	
GOMF_CYTOKINE_RECEPTOR_ACTIVITY	GOMF_CYTOKINE_RECEPTOR_ACTIVITY		44	-0.42865226	-1.3114907	0.09163347	0.27920356	1.0	1022	tags=30%, list=10%, signal=33%	
HP_ABNORMAL_BILIARY_TRACT_MORPHOLOGY	HP_ABNORMAL_BILIARY_TRACT_MORPHOLOGY		49	-0.41257828	-1.3112676	0.07471264	0.27933416	1.0	2178	tags=41%, list=21%, signal=51%	
GOBP_POSITIVE_REGULATION_OF_ATP_METABOLIC_PROCESS	GOBP_POSITIVE_REGULATION_OF_ATP_METABOLIC_PROCESS		18	-0.5130628	-1.3109359	0.1409002	0.2796721	1.0	645	tags=22%, list=6%, signal=24%	
GOBP_POSITIVE_REGULATION_OF_CELLULAR_PROTEIN_CATABOLIC_PROCESS	GOBP_POSITIVE_REGULATION_OF_CELLULAR_PROTEIN_CATABOLIC_PROCESS		117	-0.36021927	-1.3109305	0.037109375	0.2794349	1.0	1517	tags=19%, list=14%, signal=22%	
GOBP_REGULATION_OF_JNK_CASCADE	GOBP_REGULATION_OF_JNK_CASCADE		85	-0.38492846	-1.310826	0.055009823	0.27937603	1.0	1370	tags=25%, list=13%, signal=28%	
GOBP_MEIOTIC_CHROMOSOME_SEGREGATION	GOBP_MEIOTIC_CHROMOSOME_SEGREGATION		49	-0.4164751	-1.3104115	0.07322176	0.27980322	1.0	2825	tags=31%, list=27%, signal=42%	
GOBP_REGULATION_OF_CHEMOTAXIS	GOBP_REGULATION_OF_CHEMOTAXIS		84	-0.3803642	-1.3101009	0.05108055	0.28008106	1.0	1080	tags=23%, list=10%, signal=25%	
GOBP_PATTERN_RECOGNITION_RECEPTOR_SIGNALING_PATHWAY	GOBP_PATTERN_RECOGNITION_RECEPTOR_SIGNALING_PATHWAY		117	-0.36380866	-1.3099068	0.04323308	0.28018653	1.0	1050	tags=21%, list=10%, signal=23%	
GOCC_RECYCLING_ENDOSOME_MEMBRANE	GOCC_RECYCLING_ENDOSOME_MEMBRANE		68	-0.39204523	-1.3098719	0.07495069	0.27999723	1.0	1652	tags=26%, list=16%, signal=31%	
GOBP_EPITHELIAL_CELL_DIFFERENTIATION	GOBP_EPITHELIAL_CELL_DIFFERENTIATION		261	-0.32849267	-1.3096422	0.013539651	0.28016967	1.0	1510	tags=20%, list=14%, signal=23%	
GOBP_POSITIVE_REGULATION_OF_DEFENSE_RESPONSE	GOBP_POSITIVE_REGULATION_OF_DEFENSE_RESPONSE		146	-0.35039642	-1.3095447	0.034671534	0.28009817	1.0	1460	tags=27%, list=14%, signal=31%	
GOBP_REGULATION_OF_BLOOD_CIRCULATION	GOBP_REGULATION_OF_BLOOD_CIRCULATION		82	-0.37978685	-1.3094803	0.059880238	0.27998343	1.0	1344	tags=23%, list=13%, signal=26%	
GOBP_CELL_MATRIX_ADHESION	GOBP_CELL_MATRIX_ADHESION		113	-0.3659681	-1.3089889	0.03809524	0.2805428	1.0	1236	tags=23%, list=12%, signal=26%	
HP_ARTHRITIS	HP_ARTHRITIS		104	-0.36327642	-1.3086323	0.05168986	0.28095162	1.0	1414	tags=23%, list=13%, signal=26%	
HP_BLOODY_DIARRHEA	HP_BLOODY_DIARRHEA		21	-0.4922591	-1.3086302	0.124756336	0.2807074	1.0	1380	tags=33%, list=13%, signal=38%	
GOBP_REACTIVE_OXYGEN_SPECIES_METABOLIC_PROCESS	GOBP_REACTIVE_OXYGEN_SPECIES_METABOLIC_PROCESS		117	-0.36251727	-1.308309	0.04595588	0.28098887	1.0	1130	tags=21%, list=11%, signal=23%	
GOBP_NEGATIVE_REGULATION_OF_CELL_AGING	GOBP_NEGATIVE_REGULATION_OF_CELL_AGING		17	-0.5196122	-1.3078454	0.13872832	0.28156647	1.0	1178	tags=18%, list=11%, signal=20%	
HP_PROGRESSIVE_NEUROLOGIC_DETERIORATION	HP_PROGRESSIVE_NEUROLOGIC_DETERIORATION		39	-0.4375645	-1.3075777	0.09867173	0.28178722	1.0	982	tags=28%, list=9%, signal=31%	
GOBP_ESTABLISHMENT_OF_CELL_POLARITY	GOBP_ESTABLISHMENT_OF_CELL_POLARITY		90	-0.37365204	-1.3068539	0.055555556	0.2828463	1.0	2546	tags=37%, list=24%, signal=48%	
GOBP_AUTOPHAGY_OF_NUCLEUS	GOBP_AUTOPHAGY_OF_NUCLEUS		15	-0.54848707	-1.3067318	0.14989734	0.28281692	1.0	2879	tags=60%, list=27%, signal=83%	
GOBP_ORGANIC_HYDROXY_COMPOUND_CATABOLIC_PROCESS	GOBP_ORGANIC_HYDROXY_COMPOUND_CATABOLIC_PROCESS		33	-0.44850308	-1.3066481	0.10223048	0.28270894	1.0	1641	tags=30%, list=16%, signal=36%	
GOBP_POSITIVE_REGULATION_OF_JNK_CASCADE	GOBP_POSITIVE_REGULATION_OF_JNK_CASCADE		58	-0.4053409	-1.3064986	0.06822612	0.28275096	1.0	1370	tags=28%, list=13%, signal=32%	
GOBP_HOMOTYPIC_CELL_CELL_ADHESION	GOBP_HOMOTYPIC_CELL_CELL_ADHESION		46	-0.41719034	-1.3063877	0.079395086	0.28270707	1.0	2478	tags=46%, list=24%, signal=59%	
HP_MUSCLE_STIFFNESS	HP_MUSCLE_STIFFNESS		44	-0.4212865	-1.3058469	0.098076925	0.2833848	1.0	1852	tags=32%, list=18%, signal=38%	
GOBP_BODY_MORPHOGENESIS	GOBP_BODY_MORPHOGENESIS		22	-0.49052987	-1.3056339	0.11967546	0.28353474	1.0	664	tags=23%, list=6%, signal=24%	
GOBP_MESENCHYME_DEVELOPMENT	GOBP_MESENCHYME_DEVELOPMENT		114	-0.37025863	-1.3053128	0.043737575	0.28381166	1.0	953	tags=19%, list=9%, signal=21%	
GOBP_CD4_POSITIVE_ALPHA_BETA_T_CELL_DIFFERENTIATION	GOBP_CD4_POSITIVE_ALPHA_BETA_T_CELL_DIFFERENTIATION		64	-0.39754647	-1.3051718	0.086792454	0.28381592	1.0	1134	tags=33%, list=11%, signal=37%	
GOBP_VIRION_ASSEMBLY	GOBP_VIRION_ASSEMBLY		31	-0.46352	-1.3047218	0.08316008	0.2844215	1.0	2810	tags=48%, list=27%, signal=66%	
GOBP_REGULATION_OF_LIPID_CATABOLIC_PROCESS	GOBP_REGULATION_OF_LIPID_CATABOLIC_PROCESS		27	-0.4732086	-1.3044953	0.12678936	0.28458053	1.0	2536	tags=48%, list=24%, signal=63%	
HP_INCREASED_INTRACRANIAL_PRESSURE	HP_INCREASED_INTRACRANIAL_PRESSURE		48	-0.418267	-1.3033177	0.091836736	0.28639078	1.0	953	tags=23%, list=9%, signal=25%	
HP_HYPEREXTENSIBILITY_OF_THE_KNEE	HP_HYPEREXTENSIBILITY_OF_THE_KNEE		17	-0.5207049	-1.3031155	0.13655463	0.2865639	1.0	2131	tags=35%, list=20%, signal=44%	
HP_ASYMMETRIC_GROWTH	HP_ASYMMETRIC_GROWTH		37	-0.43411183	-1.3029337	0.110887095	0.28667295	1.0	1523	tags=27%, list=14%, signal=31%	
GOBP_REGULATION_OF_ACTIN_FILAMENT_BUNDLE_ASSEMBLY	GOBP_REGULATION_OF_ACTIN_FILAMENT_BUNDLE_ASSEMBLY		60	-0.3999845	-1.3024894	0.08235294	0.28728414	1.0	886	tags=18%, list=8%, signal=20%	
GOBP_ORGANELLE_LOCALIZATION	GOBP_ORGANELLE_LOCALIZATION		368	-0.3167032	-1.3024534	0.0037453184	0.287118	1.0	1852	tags=24%, list=18%, signal=28%	
GOBP_POSITIVE_REGULATION_OF_LEUKOCYTE_MEDIATED_IMMUNITY	GOBP_POSITIVE_REGULATION_OF_LEUKOCYTE_MEDIATED_IMMUNITY		73	-0.39142844	-1.3021715	0.07874016	0.28737146	1.0	1290	tags=29%, list=12%, signal=33%	
GOBP_REGULATION_OF_NERVOUS_SYSTEM_DEVELOPMENT	GOBP_REGULATION_OF_NERVOUS_SYSTEM_DEVELOPMENT		183	-0.34061468	-1.3020571	0.027027028	0.28732452	1.0	1199	tags=18%, list=11%, signal=20%	
GOBP_POSITIVE_REGULATION_OF_TRANSPORT	GOBP_POSITIVE_REGULATION_OF_TRANSPORT		436	-0.31543547	-1.3020048	0.007079646	0.28718796	1.0	1822	tags=24%, list=17%, signal=28%	
GOBP_RESPONSE_TO_BACTERIUM	GOBP_RESPONSE_TO_BACTERIUM		245	-0.32435963	-1.3018355	0.009276438	0.28725573	1.0	1038	tags=19%, list=10%, signal=21%	
GOMF_PHOSPHOLIPID_TRANSPORTER_ACTIVITY	GOMF_PHOSPHOLIPID_TRANSPORTER_ACTIVITY		38	-0.43631613	-1.3015561	0.0995935	0.28750473	1.0	1734	tags=32%, list=17%, signal=38%	
HP_PITUITARY_ADENOMA	HP_PITUITARY_ADENOMA		31	-0.45266765	-1.3014504	0.11753372	0.28745148	1.0	1218	tags=19%, list=12%, signal=22%	
HP_EMG_MYOPATHIC_ABNORMALITIES	HP_EMG_MYOPATHIC_ABNORMALITIES		59	-0.40115893	-1.3007629	0.08490566	0.288449	1.0	625	tags=17%, list=6%, signal=18%	
GOBP_SYNAPSE_ASSEMBLY	GOBP_SYNAPSE_ASSEMBLY		38	-0.4311648	-1.300443	0.10040161	0.2887936	1.0	1402	tags=26%, list=13%, signal=30%	
HP_RECURRENT_RESPIRATORY_INFECTIONS	HP_RECURRENT_RESPIRATORY_INFECTIONS		334	-0.31790143	-1.3002143	0.010909091	0.2889213	1.0	2148	tags=31%, list=20%, signal=38%	
HP_NATAL_TOOTH	HP_NATAL_TOOTH		18	-0.51453906	-1.3001636	0.13688213	0.28875655	1.0	1279	tags=28%, list=12%, signal=32%	
HP_ABNORMAL_THROMBOSIS	HP_ABNORMAL_THROMBOSIS		65	-0.39306295	-1.2998718	0.07100592	0.28901348	1.0	1502	tags=29%, list=14%, signal=34%	
GOCC_POSTSYNAPTIC_MEMBRANE	GOCC_POSTSYNAPTIC_MEMBRANE		72	-0.38340145	-1.2993995	0.07442748	0.28962195	1.0	1126	tags=18%, list=11%, signal=20%	
HP_PROXIMAL_AMYOTROPHY	HP_PROXIMAL_AMYOTROPHY		22	-0.4952372	-1.2993846	0.14428858	0.28939986	1.0	363	tags=18%, list=3%, signal=19%	
HP_FEMALE_SEXUAL_DYSFUNCTION	HP_FEMALE_SEXUAL_DYSFUNCTION		23	-0.486184	-1.2988701	0.10953347	0.29011664	1.0	976	tags=30%, list=9%, signal=33%	
GOBP_REGULATION_OF_ACTIN_FILAMENT_BASED_MOVEMENT	GOBP_REGULATION_OF_ACTIN_FILAMENT_BASED_MOVEMENT		15	-0.5431696	-1.2988286	0.1628866	0.28994828	1.0	1344	tags=40%, list=13%, signal=46%	
GOBP_NEURAL_TUBE_PATTERNING	GOBP_NEURAL_TUBE_PATTERNING		21	-0.49321747	-1.2982478	0.12579957	0.29071635	1.0	1842	tags=33%, list=18%, signal=40%	
GOBP_MEMBRANE_ORGANIZATION	GOBP_MEMBRANE_ORGANIZATION		480	-0.30979896	-1.2980736	0.0018867925	0.2907819	1.0	1734	tags=22%, list=17%, signal=25%	
HP_ELEVATED_CIRCULATING_ALANINE_AMINOTRANSFERASE_CONCENTRATION	HP_ELEVATED_CIRCULATING_ALANINE_AMINOTRANSFERASE_CONCENTRATION		15	-0.54596204	-1.2980658	0.16170213	0.29054883	1.0	1414	tags=27%, list=13%, signal=31%	
GOBP_CARBOHYDRATE_TRANSMEMBRANE_TRANSPORT	GOBP_CARBOHYDRATE_TRANSMEMBRANE_TRANSPORT		53	-0.40292308	-1.2978089	0.09124767	0.29075944	1.0	1120	tags=25%, list=11%, signal=27%	
HP_ABNORMAL_CIRCULATING_IGE_LEVEL	HP_ABNORMAL_CIRCULATING_IGE_LEVEL		24	-0.47796032	-1.2970439	0.13813229	0.29188675	1.0	2144	tags=50%, list=20%, signal=63%	
GOBP_MICROTUBULE_BUNDLE_FORMATION	GOBP_MICROTUBULE_BUNDLE_FORMATION		34	-0.4477669	-1.2967461	0.12987013	0.29224044	1.0	1988	tags=38%, list=19%, signal=47%	
HP_LEUKOCYTOSIS	HP_LEUKOCYTOSIS		87	-0.3775927	-1.2959515	0.06903353	0.29342806	1.0	1290	tags=30%, list=12%, signal=34%	
HP_APLASIA_HYPOPLASIA_OF_THE_TONGUE	HP_APLASIA_HYPOPLASIA_OF_THE_TONGUE		27	-0.46273732	-1.295869	0.11819887	0.29334125	1.0	1961	tags=26%, list=19%, signal=32%	
HP_HEADACHE	HP_HEADACHE		169	-0.34386426	-1.2958195	0.025096525	0.29318807	1.0	1398	tags=21%, list=13%, signal=24%	
HP_BACK_PAIN	HP_BACK_PAIN		46	-0.4190618	-1.2957947	0.108411215	0.2929869	1.0	1743	tags=28%, list=17%, signal=34%	
GOBP_NEGATIVE_REGULATION_OF_KINASE_ACTIVITY	GOBP_NEGATIVE_REGULATION_OF_KINASE_ACTIVITY		144	-0.3457473	-1.2957728	0.03960396	0.29276833	1.0	1435	tags=21%, list=14%, signal=24%	
GOBP_RESPONSE_TO_AMYLOID_BETA	GOBP_RESPONSE_TO_AMYLOID_BETA		27	-0.46785468	-1.2956394	0.11472275	0.29276776	1.0	1363	tags=37%, list=13%, signal=42%	
GOBP_ANATOMICAL_STRUCTURE_HOMEOSTASIS	GOBP_ANATOMICAL_STRUCTURE_HOMEOSTASIS		131	-0.35294774	-1.2956258	0.041257367	0.2925479	1.0	1754	tags=22%, list=17%, signal=26%	
HP_RECURRENT_LOWER_RESPIRATORY_TRACT_INFECTIONS	HP_RECURRENT_LOWER_RESPIRATORY_TRACT_INFECTIONS		87	-0.3721978	-1.2954459	0.060491495	0.2926648	1.0	1315	tags=23%, list=13%, signal=26%	
GOBP_REGULATORY_T_CELL_DIFFERENTIATION	GOBP_REGULATORY_T_CELL_DIFFERENTIATION		21	-0.49085817	-1.2953786	0.14314929	0.29253176	1.0	362	tags=14%, list=3%, signal=15%	
GOBP_REGULATION_OF_CELL_DEVELOPMENT	GOBP_REGULATION_OF_CELL_DEVELOPMENT		230	-0.33064786	-1.2944977	0.021818181	0.2939148	1.0	1214	tags=20%, list=12%, signal=22%	
GOBP_SARCOMERE_ORGANIZATION	GOBP_SARCOMERE_ORGANIZATION		15	-0.5279709	-1.2942238	0.15060242	0.29418308	1.0	375	tags=20%, list=4%, signal=21%	
GOBP_POSITIVE_REGULATION_OF_DEFENSE_RESPONSE_TO_VIRUS_BY_HOST	GOBP_POSITIVE_REGULATION_OF_DEFENSE_RESPONSE_TO_VIRUS_BY_HOST		18	-0.5162464	-1.2940835	0.14968815	0.29418656	1.0	826	tags=28%, list=8%, signal=30%	
HP_GRAY_MATTER_HETEROTOPIA	HP_GRAY_MATTER_HETEROTOPIA		83	-0.37385976	-1.2939574	0.07984032	0.29418314	1.0	2233	tags=27%, list=21%, signal=33%	
GOBP_ADHERENS_JUNCTION_ORGANIZATION	GOBP_ADHERENS_JUNCTION_ORGANIZATION		19	-0.5095939	-1.2938551	0.13821138	0.29412603	1.0	1443	tags=32%, list=14%, signal=37%	
GOMF_TUBULIN_BINDING	GOMF_TUBULIN_BINDING		237	-0.33119148	-1.2937663	0.02247191	0.29405716	1.0	2113	tags=24%, list=20%, signal=29%	
GOBP_POSITIVE_REGULATION_OF_INTERFERON_BETA_PRODUCTION	GOBP_POSITIVE_REGULATION_OF_INTERFERON_BETA_PRODUCTION		31	-0.44548535	-1.2936106	0.1564482	0.2941067	1.0	1029	tags=26%, list=10%, signal=29%	
GOBP_NEGATIVE_REGULATION_OF_ERK1_AND_ERK2_CASCADE	GOBP_NEGATIVE_REGULATION_OF_ERK1_AND_ERK2_CASCADE		36	-0.43385	-1.2931402	0.0951417	0.29476202	1.0	1435	tags=28%, list=14%, signal=32%	
GOBP_NEGATIVE_REGULATION_OF_CILIUM_ASSEMBLY	GOBP_NEGATIVE_REGULATION_OF_CILIUM_ASSEMBLY		15	-0.53538686	-1.2930003	0.14872798	0.29478619	1.0	1570	tags=40%, list=15%, signal=47%	
GOBP_TRABECULA_MORPHOGENESIS	GOBP_TRABECULA_MORPHOGENESIS		19	-0.50101745	-1.2924949	0.14980544	0.29546675	1.0	1898	tags=37%, list=18%, signal=45%	
HP_ARTERIOSCLEROSIS	HP_ARTERIOSCLEROSIS		44	-0.4170684	-1.2924708	0.08534323	0.29526636	1.0	760	tags=16%, list=7%, signal=17%	
GOBP_PIGMENTATION	GOBP_PIGMENTATION		55	-0.40200463	-1.2923495	0.0859375	0.2952598	1.0	1852	tags=29%, list=18%, signal=35%	
HP_STROKE	HP_STROKE		82	-0.37802464	-1.2923008	0.08219178	0.2950989	1.0	1855	tags=28%, list=18%, signal=34%	
GOBP_NEGATIVE_REGULATION_OF_CELL_DEVELOPMENT	GOBP_NEGATIVE_REGULATION_OF_CELL_DEVELOPMENT		68	-0.38898948	-1.2922319	0.091451295	0.29499334	1.0	1937	tags=32%, list=18%, signal=39%	
HP_INCREASED_CIRCULATING_IGM_LEVEL	HP_INCREASED_CIRCULATING_IGM_LEVEL		24	-0.46729258	-1.2915139	0.14604463	0.29602715	1.0	1643	tags=46%, list=16%, signal=54%	
GOBP_BILE_ACID_METABOLIC_PROCESS	GOBP_BILE_ACID_METABOLIC_PROCESS		19	-0.49712288	-1.2914174	0.15257733	0.2959773	1.0	2611	tags=32%, list=25%, signal=42%	
HP_IMPAIRMENT_OF_ACTIVITIES_OF_DAILY_LIVING	HP_IMPAIRMENT_OF_ACTIVITIES_OF_DAILY_LIVING		113	-0.3586469	-1.2910208	0.056818184	0.29649463	1.0	1397	tags=22%, list=13%, signal=25%	
GOMF_PROTEIN_TYROSINE_KINASE_ACTIVITY	GOMF_PROTEIN_TYROSINE_KINASE_ACTIVITY		70	-0.38872594	-1.2909417	0.08367347	0.29639527	1.0	2383	tags=34%, list=23%, signal=44%	
GOBP_I_KAPPAB_KINASE_NF_KAPPAB_SIGNALING	GOBP_I_KAPPAB_KINASE_NF_KAPPAB_SIGNALING		201	-0.33305275	-1.2909347	0.028625954	0.29616073	1.0	1261	tags=20%, list=12%, signal=22%	
HP_IMPAIRED_MASTICATION	HP_IMPAIRED_MASTICATION		20	-0.49084482	-1.2907228	0.13601533	0.29627863	1.0	821	tags=30%, list=8%, signal=32%	
GOBP_MIDBODY_ABSCISSION	GOBP_MIDBODY_ABSCISSION		15	-0.53304327	-1.2906874	0.13508065	0.29609483	1.0	1788	tags=33%, list=17%, signal=40%	
GOBP_LIPID_BIOSYNTHETIC_PROCESS	GOBP_LIPID_BIOSYNTHETIC_PROCESS		399	-0.31028756	-1.290073	0.015209125	0.29706225	1.0	2045	tags=26%, list=19%, signal=31%	
GOBP_RETINA_HOMEOSTASIS	GOBP_RETINA_HOMEOSTASIS		26	-0.46107724	-1.2897257	0.14285715	0.29746518	1.0	519	tags=12%, list=5%, signal=12%	
HP_ABNORMALITY_OF_HEAD_BLOOD_VESSEL	HP_ABNORMALITY_OF_HEAD_BLOOD_VESSEL		38	-0.43605393	-1.2896419	0.11627907	0.29737103	1.0	706	tags=21%, list=7%, signal=22%	
GOMF_IMMUNE_RECEPTOR_ACTIVITY	GOMF_IMMUNE_RECEPTOR_ACTIVITY		48	-0.41098034	-1.289505	0.10964083	0.29739344	1.0	1022	tags=27%, list=10%, signal=30%	
GOBP_LIPID_TRANSLOCATION	GOBP_LIPID_TRANSLOCATION		31	-0.45243198	-1.2894505	0.12738854	0.29724577	1.0	1734	tags=29%, list=17%, signal=35%	
HP_ANTINUCLEAR_ANTIBODY_POSITIVITY	HP_ANTINUCLEAR_ANTIBODY_POSITIVITY		23	-0.47249445	-1.2892722	0.15944882	0.29734144	1.0	1290	tags=30%, list=12%, signal=35%	
GOBP_REGULATION_OF_T_CELL_DIFFERENTIATION	GOBP_REGULATION_OF_T_CELL_DIFFERENTIATION		96	-0.3697324	-1.2891431	0.07293666	0.29734412	1.0	801	tags=22%, list=8%, signal=23%	
HP_GOWERS_SIGN	HP_GOWERS_SIGN		36	-0.43316624	-1.2886919	0.11596958	0.2979055	1.0	1704	tags=28%, list=16%, signal=33%	
GOBP_NEGATIVE_REGULATION_OF_TRANSPORT	GOBP_NEGATIVE_REGULATION_OF_TRANSPORT		210	-0.33307618	-1.2886044	0.018083183	0.29782617	1.0	1754	tags=26%, list=17%, signal=30%	
HP_PALPEBRAL_EDEMA	HP_PALPEBRAL_EDEMA		23	-0.4832642	-1.2884636	0.13711151	0.29785407	1.0	2357	tags=48%, list=22%, signal=62%	
GOMF_TAU_PROTEIN_KINASE_ACTIVITY	GOMF_TAU_PROTEIN_KINASE_ACTIVITY		17	-0.5217262	-1.2881156	0.14314516	0.2982731	1.0	3669	tags=71%, list=35%, signal=108%	
GOBP_POSITIVE_REGULATION_OF_DNA_BINDING_TRANSCRIPTION_FACTOR_ACTIVITY	GOBP_POSITIVE_REGULATION_OF_DNA_BINDING_TRANSCRIPTION_FACTOR_ACTIVITY		159	-0.34048283	-1.2880943	0.04536862	0.29806077	1.0	1322	tags=21%, list=13%, signal=24%	
HP_ABNORMAL_LEUKOCYTE_COUNT	HP_ABNORMAL_LEUKOCYTE_COUNT		300	-0.31797788	-1.2874024	0.016453382	0.2990853	1.0	1290	tags=21%, list=12%, signal=24%	
GOBP_ANTIGEN_PROCESSING_AND_PRESENTATION_OF_PEPTIDE_ANTIGEN	GOBP_ANTIGEN_PROCESSING_AND_PRESENTATION_OF_PEPTIDE_ANTIGEN		26	-0.46878904	-1.2873228	0.13772455	0.29897857	1.0	1648	tags=35%, list=16%, signal=41%	
GOBP_NEGATIVE_REGULATION_OF_CATALYTIC_ACTIVITY	GOBP_NEGATIVE_REGULATION_OF_CATALYTIC_ACTIVITY		391	-0.31378764	-1.2872068	0.011173184	0.29897583	1.0	1466	tags=18%, list=14%, signal=20%	
GOBP_CARTILAGE_DEVELOPMENT	GOBP_CARTILAGE_DEVELOPMENT		60	-0.4014976	-1.2870361	0.10642202	0.2990499	1.0	820	tags=22%, list=8%, signal=23%	
GOBP_REGULATION_OF_STRESS_ACTIVATED_PROTEIN_KINASE_SIGNALING_CASCADE	GOBP_REGULATION_OF_STRESS_ACTIVATED_PROTEIN_KINASE_SIGNALING_CASCADE		119	-0.3540644	-1.2860115	0.062626265	0.30071044	1.0	1370	tags=22%, list=13%, signal=25%	
GOMF_PROTEIN_DEMETHYLASE_ACTIVITY	GOMF_PROTEIN_DEMETHYLASE_ACTIVITY		25	-0.46721792	-1.2858765	0.13163064	0.30070773	1.0	1953	tags=40%, list=19%, signal=49%	
HP_ABNORMAL_DRINKING_BEHAVIOR	HP_ABNORMAL_DRINKING_BEHAVIOR		15	-0.53586024	-1.2858353	0.15370019	0.30054012	1.0	2294	tags=40%, list=22%, signal=51%	
GOBP_DEVELOPMENTAL_MATURATION	GOBP_DEVELOPMENTAL_MATURATION		120	-0.35235375	-1.2853177	0.041366905	0.30119276	1.0	1604	tags=24%, list=15%, signal=28%	
GOBP_LIPID_LOCALIZATION	GOBP_LIPID_LOCALIZATION		206	-0.33375782	-1.2850765	0.03683241	0.30142704	1.0	1336	tags=20%, list=13%, signal=23%	
GOCC_INTERMEDIATE_FILAMENT_CYTOSKELETON	GOCC_INTERMEDIATE_FILAMENT_CYTOSKELETON		62	-0.3915877	-1.2848345	0.104761906	0.30162445	1.0	1445	tags=26%, list=14%, signal=30%	
GOCC_MIDBODY	GOCC_MIDBODY		161	-0.3413686	-1.2845895	0.037037037	0.30182064	1.0	2113	tags=29%, list=20%, signal=35%	
GOBP_NEGATIVE_REGULATION_OF_RESPONSE_TO_WOUNDING	GOBP_NEGATIVE_REGULATION_OF_RESPONSE_TO_WOUNDING		27	-0.46949062	-1.2843492	0.13752456	0.30203614	1.0	1499	tags=26%, list=14%, signal=30%	
GOMF_OXIDOREDUCTASE_ACTIVITY_ACTING_ON_PAIRED_DONORS_WITH_INCORPORATION_OR_REDUCTION_OF_MOLECULAR_OXYGEN	GOMF_OXIDOREDUCTASE_ACTIVITY_ACTING_ON_PAIRED_DONORS_WITH_INCORPORATION_OR_REDUCTION_OF_MOLECULAR_OXYGEN		73	-0.378461	-1.2843384	0.09108527	0.30180502	1.0	2009	tags=32%, list=19%, signal=39%	
GOBP_POSITIVE_REGULATION_OF_CELL_DEVELOPMENT	GOBP_POSITIVE_REGULATION_OF_CELL_DEVELOPMENT		147	-0.34752795	-1.2842851	0.045454547	0.3016574	1.0	969	tags=18%, list=9%, signal=19%	
GOBP_CELL_COMMUNICATION_INVOLVED_IN_CARDIAC_CONDUCTION	GOBP_CELL_COMMUNICATION_INVOLVED_IN_CARDIAC_CONDUCTION		16	-0.5263664	-1.2840105	0.16041666	0.30191612	1.0	1344	tags=38%, list=13%, signal=43%	
GOMF_SNAP_RECEPTOR_ACTIVITY	GOMF_SNAP_RECEPTOR_ACTIVITY		28	-0.4512607	-1.2834319	0.1392405	0.30275935	1.0	2215	tags=25%, list=21%, signal=32%	
HP_EMG_IMPAIRED_NEUROMUSCULAR_TRANSMISSION	HP_EMG_IMPAIRED_NEUROMUSCULAR_TRANSMISSION		17	-0.51700544	-1.2833954	0.15384616	0.302582	1.0	625	tags=18%, list=6%, signal=19%	
GOBP_MUSCLE_CONTRACTION	GOBP_MUSCLE_CONTRACTION		105	-0.36133686	-1.2831745	0.047058824	0.30272183	1.0	1344	tags=22%, list=13%, signal=25%	
GOBP_PATHWAY_RESTRICTED_SMAD_PROTEIN_PHOSPHORYLATION	GOBP_PATHWAY_RESTRICTED_SMAD_PROTEIN_PHOSPHORYLATION		21	-0.4902991	-1.283089	0.14531548	0.30263346	1.0	760	tags=24%, list=7%, signal=26%	
GOBP_SECRETORY_GRANULE_ORGANIZATION	GOBP_SECRETORY_GRANULE_ORGANIZATION		24	-0.46974614	-1.2829232	0.13043478	0.3027049	1.0	1498	tags=25%, list=14%, signal=29%	
GOBP_OUTFLOW_TRACT_MORPHOGENESIS	GOBP_OUTFLOW_TRACT_MORPHOGENESIS		25	-0.4614248	-1.282918	0.13195877	0.3024691	1.0	794	tags=28%, list=8%, signal=30%	
GOBP_ORGANELLE_FUSION	GOBP_ORGANELLE_FUSION		97	-0.36376426	-1.2826815	0.054820415	0.30268198	1.0	1771	tags=24%, list=17%, signal=28%	
GOBP_NECROTIC_CELL_DEATH	GOBP_NECROTIC_CELL_DEATH		39	-0.4361813	-1.2821959	0.10153256	0.303312	1.0	1687	tags=28%, list=16%, signal=33%	
GOCC_EARLY_ENDOSOME	GOCC_EARLY_ENDOSOME		249	-0.32547694	-1.2820904	0.026768642	0.30326468	1.0	2187	tags=29%, list=21%, signal=36%	
GOBP_REGULATION_OF_AUTOPHAGY	GOBP_REGULATION_OF_AUTOPHAGY		245	-0.32423198	-1.2820286	0.032380953	0.30312657	1.0	2045	tags=28%, list=19%, signal=34%	
GOBP_MAST_CELL_ACTIVATION	GOBP_MAST_CELL_ACTIVATION		39	-0.4260091	-1.2807205	0.115311906	0.30527237	1.0	1744	tags=46%, list=17%, signal=55%	
GOBP_POSITIVE_REGULATION_OF_MIRNA_TRANSCRIPTION	GOBP_POSITIVE_REGULATION_OF_MIRNA_TRANSCRIPTION		24	-0.47045356	-1.2804155	0.12770137	0.30558947	1.0	1398	tags=38%, list=13%, signal=43%	
HP_REDUCED_SUBCUTANEOUS_ADIPOSE_TISSUE	HP_REDUCED_SUBCUTANEOUS_ADIPOSE_TISSUE		18	-0.49975187	-1.2802783	0.15271966	0.30561608	1.0	859	tags=22%, list=8%, signal=24%	
HP_SOMATIC_SENSORY_DYSFUNCTION	HP_SOMATIC_SENSORY_DYSFUNCTION		213	-0.3288067	-1.279401	0.04283054	0.30700696	1.0	1577	tags=22%, list=15%, signal=25%	
HP_INCREASED_BODY_WEIGHT	HP_INCREASED_BODY_WEIGHT		275	-0.31718123	-1.2790569	0.019193858	0.30741307	1.0	2000	tags=25%, list=19%, signal=30%	
GOBP_IMPORT_INTO_CELL	GOBP_IMPORT_INTO_CELL		89	-0.36779574	-1.2787669	0.07722772	0.3077281	1.0	2034	tags=35%, list=19%, signal=43%	
HP_THORACIC_KYPHOSIS	HP_THORACIC_KYPHOSIS		30	-0.44680938	-1.277912	0.12974052	0.30909503	1.0	1479	tags=27%, list=14%, signal=31%	
GOBP_NUCLEOTIDE_TRANSPORT	GOBP_NUCLEOTIDE_TRANSPORT		27	-0.45788354	-1.2777863	0.13247864	0.3090974	1.0	976	tags=26%, list=9%, signal=29%	
GOCC_PHAGOCYTIC_VESICLE	GOCC_PHAGOCYTIC_VESICLE		95	-0.36436495	-1.2774996	0.059590317	0.30935714	1.0	2413	tags=38%, list=23%, signal=49%	
HP_ORAL_ULCER	HP_ORAL_ULCER		22	-0.4937456	-1.2773869	0.14677104	0.30934286	1.0	1398	tags=32%, list=13%, signal=37%	
GOMF_TRANSMEMBRANE_RECEPTOR_PROTEIN_TYROSINE_KINASE_ACTIVITY	GOMF_TRANSMEMBRANE_RECEPTOR_PROTEIN_TYROSINE_KINASE_ACTIVITY		15	-0.5161752	-1.2768815	0.16962525	0.31002596	1.0	2187	tags=53%, list=21%, signal=67%	
GOBP_REGULATION_OF_CELL_DIVISION	GOBP_REGULATION_OF_CELL_DIVISION		104	-0.3629048	-1.2768761	0.07238095	0.30979192	1.0	859	tags=13%, list=8%, signal=13%	
GOBP_POSITIVE_REGULATION_OF_PROTEIN_PHOSPHORYLATION	GOBP_POSITIVE_REGULATION_OF_PROTEIN_PHOSPHORYLATION		351	-0.3120169	-1.2762829	0.018248174	0.3106236	1.0	1402	tags=21%, list=13%, signal=23%	
GOBP_T_CELL_MEDIATED_CYTOTOXICITY	GOBP_T_CELL_MEDIATED_CYTOTOXICITY		17	-0.50895095	-1.2751898	0.1459854	0.31245098	1.0	711	tags=24%, list=7%, signal=25%	
GOBP_POSITIVE_REGULATION_OF_PROTEASOMAL_UBIQUITIN_DEPENDENT_PROTEIN_CATABOLIC_PROCESS	GOBP_POSITIVE_REGULATION_OF_PROTEASOMAL_UBIQUITIN_DEPENDENT_PROTEIN_CATABOLIC_PROCESS		74	-0.3723539	-1.2747637	0.08634538	0.31300175	1.0	1299	tags=16%, list=12%, signal=18%	
HP_ABNORMAL_T_CELL_SUBSET_DISTRIBUTION	HP_ABNORMAL_T_CELL_SUBSET_DISTRIBUTION		44	-0.41556174	-1.2745882	0.11064718	0.31310326	1.0	1644	tags=34%, list=16%, signal=40%	
HP_MUSCULAR_DYSTROPHY	HP_MUSCULAR_DYSTROPHY		48	-0.41590095	-1.2741985	0.11153846	0.3135551	1.0	363	tags=15%, list=3%, signal=15%	
GOCC_CELL_SURFACE	GOCC_CELL_SURFACE		281	-0.31765607	-1.274152	0.020676691	0.31339705	1.0	1363	tags=22%, list=13%, signal=25%	
GOBP_V_D_J_RECOMBINATION	GOBP_V_D_J_RECOMBINATION		16	-0.52566063	-1.2740991	0.17671518	0.31326425	1.0	1253	tags=31%, list=12%, signal=35%	
HP_ADULT_ONSET	HP_ADULT_ONSET		146	-0.3422288	-1.2740073	0.04710145	0.31318113	1.0	1729	tags=22%, list=16%, signal=26%	
GOBP_CARDIAC_MUSCLE_CONTRACTION	GOBP_CARDIAC_MUSCLE_CONTRACTION		48	-0.40918708	-1.273884	0.111801244	0.3131776	1.0	1344	tags=25%, list=13%, signal=29%	
GOBP_T_CELL_DIFFERENTIATION_IN_THYMUS	GOBP_T_CELL_DIFFERENTIATION_IN_THYMUS		53	-0.40126118	-1.2736468	0.12452107	0.31337813	1.0	1322	tags=30%, list=13%, signal=34%	
GOCC_EXTERNAL_SIDE_OF_PLASMA_MEMBRANE	GOCC_EXTERNAL_SIDE_OF_PLASMA_MEMBRANE		131	-0.34673566	-1.2734469	0.06746032	0.31350958	1.0	1237	tags=24%, list=12%, signal=26%	
GOBP_REGULATION_OF_ARP2_3_COMPLEX_MEDIATED_ACTIN_NUCLEATION	GOBP_REGULATION_OF_ARP2_3_COMPLEX_MEDIATED_ACTIN_NUCLEATION		16	-0.52022207	-1.2733499	0.16907217	0.31344596	1.0	2119	tags=25%, list=20%, signal=31%	
GOMF_WW_DOMAIN_BINDING	GOMF_WW_DOMAIN_BINDING		16	-0.51065236	-1.2731602	0.17082533	0.31357458	1.0	2271	tags=50%, list=22%, signal=64%	
HP_URTICARIA	HP_URTICARIA		33	-0.4354164	-1.2719481	0.14889336	0.3157032	1.0	1290	tags=30%, list=12%, signal=34%	
GOBP_REGULATION_OF_CARDIAC_MUSCLE_CONTRACTION	GOBP_REGULATION_OF_CARDIAC_MUSCLE_CONTRACTION		29	-0.4444346	-1.2712264	0.13253012	0.31683847	1.0	1344	tags=31%, list=13%, signal=35%	
GOBP_PATTERN_SPECIFICATION_PROCESS	GOBP_PATTERN_SPECIFICATION_PROCESS		149	-0.3429781	-1.2711704	0.054054055	0.31669632	1.0	1956	tags=28%, list=19%, signal=33%	
GOBP_NEGATIVE_REGULATION_OF_NF_KAPPAB_TRANSCRIPTION_FACTOR_ACTIVITY	GOBP_NEGATIVE_REGULATION_OF_NF_KAPPAB_TRANSCRIPTION_FACTOR_ACTIVITY		59	-0.3918133	-1.2706553	0.1023166	0.3174114	1.0	2384	tags=29%, list=23%, signal=37%	
GOBP_TRANSFORMING_GROWTH_FACTOR_BETA_PRODUCTION	GOBP_TRANSFORMING_GROWTH_FACTOR_BETA_PRODUCTION		15	-0.51850885	-1.2705071	0.1663286	0.31744686	1.0	1311	tags=33%, list=12%, signal=38%	
GOMF_SPHINGOLIPID_BINDING	GOMF_SPHINGOLIPID_BINDING		18	-0.50344545	-1.2702621	0.154	0.31767994	1.0	1113	tags=44%, list=11%, signal=50%	
GOBP_REGULATION_OF_ORGANIC_ACID_TRANSPORT	GOBP_REGULATION_OF_ORGANIC_ACID_TRANSPORT		29	-0.45819318	-1.2702254	0.14112903	0.31749108	1.0	1256	tags=31%, list=12%, signal=35%	
GOMF_ENZYME_INHIBITOR_ACTIVITY	GOMF_ENZYME_INHIBITOR_ACTIVITY		173	-0.3342381	-1.2701184	0.044198897	0.31744668	1.0	1756	tags=23%, list=17%, signal=27%	
GOBP_ANTIGEN_PROCESSING_AND_PRESENTATION	GOBP_ANTIGEN_PROCESSING_AND_PRESENTATION		53	-0.3984212	-1.270021	0.10097087	0.31738958	1.0	1648	tags=30%, list=16%, signal=36%	
GOMF_ATPASE_COUPLED_INTRAMEMBRANE_LIPID_TRANSPORTER_ACTIVITY	GOMF_ATPASE_COUPLED_INTRAMEMBRANE_LIPID_TRANSPORTER_ACTIVITY		18	-0.49868113	-1.2699231	0.16532259	0.31732804	1.0	1734	tags=33%, list=17%, signal=40%	
HP_RECURRENT_SKIN_INFECTIONS	HP_RECURRENT_SKIN_INFECTIONS		70	-0.37600368	-1.2692834	0.09108911	0.31828508	1.0	1364	tags=27%, list=13%, signal=31%	
GOBP_INTERMEDIATE_FILAMENT_BASED_PROCESS	GOBP_INTERMEDIATE_FILAMENT_BASED_PROCESS		20	-0.50289965	-1.269216	0.16463415	0.3181645	1.0	512	tags=15%, list=5%, signal=16%	
HP_AUTOIMMUNITY	HP_AUTOIMMUNITY		109	-0.3542039	-1.2690005	0.065055765	0.31834507	1.0	2178	tags=34%, list=21%, signal=42%	
GOBP_POSITIVE_REGULATION_OF_T_CELL_CYTOKINE_PRODUCTION	GOBP_POSITIVE_REGULATION_OF_T_CELL_CYTOKINE_PRODUCTION		20	-0.4884633	-1.2689552	0.15882353	0.31818575	1.0	1134	tags=35%, list=11%, signal=39%	
HP_AREFLEXIA_OF_LOWER_LIMBS	HP_AREFLEXIA_OF_LOWER_LIMBS		36	-0.42541972	-1.2688938	0.11619048	0.31806287	1.0	568	tags=17%, list=5%, signal=18%	
GOCC_POSTSYNAPSE	GOCC_POSTSYNAPSE		262	-0.32011536	-1.2688162	0.031128405	0.31794798	1.0	1134	tags=16%, list=11%, signal=18%	
GOCC_STEREOCILIUM_BUNDLE	GOCC_STEREOCILIUM_BUNDLE		22	-0.4738563	-1.2688031	0.14171657	0.31772047	1.0	3058	tags=50%, list=29%, signal=70%	
GOBP_EPIDERMAL_CELL_DIFFERENTIATION	GOBP_EPIDERMAL_CELL_DIFFERENTIATION		72	-0.37470308	-1.2687186	0.0872093	0.3176156	1.0	804	tags=14%, list=8%, signal=15%	
GOBP_POSITIVE_REGULATION_OF_T_CELL_MEDIATED_IMMUNITY	GOBP_POSITIVE_REGULATION_OF_T_CELL_MEDIATED_IMMUNITY		31	-0.4413172	-1.2687081	0.14455445	0.31738237	1.0	1134	tags=29%, list=11%, signal=32%	
GOBP_ANIMAL_ORGAN_MORPHOGENESIS	GOBP_ANIMAL_ORGAN_MORPHOGENESIS		355	-0.3109694	-1.2679408	0.019713262	0.31868887	1.0	1927	tags=25%, list=18%, signal=29%	
GOBP_NEGATIVE_REGULATION_OF_CELL_ADHESION	GOBP_NEGATIVE_REGULATION_OF_CELL_ADHESION		132	-0.3468466	-1.2678387	0.0501002	0.3186248	1.0	930	tags=19%, list=9%, signal=21%	
HP_ABNORMAL_VASCULAR_PHYSIOLOGY	HP_ABNORMAL_VASCULAR_PHYSIOLOGY		142	-0.342072	-1.2677015	0.04597701	0.31865484	1.0	932	tags=18%, list=9%, signal=19%	
GOMF_NAD_DEPENDENT_PROTEIN_DEACETYLASE_ACTIVITY	GOMF_NAD_DEPENDENT_PROTEIN_DEACETYLASE_ACTIVITY		16	-0.5073025	-1.2672402	0.18461539	0.31932378	1.0	526	tags=13%, list=5%, signal=13%	
GOBP_MUSCLE_CELL_APOPTOTIC_PROCESS	GOBP_MUSCLE_CELL_APOPTOTIC_PROCESS		36	-0.429037	-1.2670059	0.1252485	0.3195246	1.0	1706	tags=31%, list=16%, signal=36%	
GOBP_PROTEIN_LOCALIZATION_TO_CELL_JUNCTION	GOBP_PROTEIN_LOCALIZATION_TO_CELL_JUNCTION		45	-0.40992337	-1.2669884	0.11	0.31930986	1.0	1134	tags=18%, list=11%, signal=20%	
GOBP_REGULATION_OF_SPROUTING_ANGIOGENESIS	GOBP_REGULATION_OF_SPROUTING_ANGIOGENESIS		16	-0.507632	-1.2668653	0.17073171	0.31930283	1.0	1079	tags=25%, list=10%, signal=28%	
GOCC_EXTRINSIC_COMPONENT_OF_MEMBRANE	GOCC_EXTRINSIC_COMPONENT_OF_MEMBRANE		176	-0.3323336	-1.2665453	0.046468403	0.31968746	1.0	2059	tags=33%, list=20%, signal=40%	
GOMF_AMIDE_TRANSMEMBRANE_TRANSPORTER_ACTIVITY	GOMF_AMIDE_TRANSMEMBRANE_TRANSPORTER_ACTIVITY		22	-0.4794576	-1.2665331	0.14579055	0.3194634	1.0	1554	tags=36%, list=15%, signal=43%	
GOBP_NEGATIVE_REGULATION_OF_PHOSPHORUS_METABOLIC_PROCESS	GOBP_NEGATIVE_REGULATION_OF_PHOSPHORUS_METABOLIC_PROCESS		264	-0.3178771	-1.265915	0.028571429	0.32039532	1.0	1435	tags=18%, list=14%, signal=21%	
GOBP_GLIOGENESIS	GOBP_GLIOGENESIS		136	-0.34058952	-1.2657801	0.06517691	0.32040536	1.0	1052	tags=19%, list=10%, signal=21%	
GOBP_POSITIVE_REGULATION_OF_SUPRAMOLECULAR_FIBER_ORGANIZATION	GOBP_POSITIVE_REGULATION_OF_SUPRAMOLECULAR_FIBER_ORGANIZATION		102	-0.36254787	-1.2651807	0.07884616	0.32128766	1.0	2779	tags=39%, list=26%, signal=53%	
HP_ABNORMAL_CIRCULATING_CHOLESTEROL_CONCENTRATION	HP_ABNORMAL_CIRCULATING_CHOLESTEROL_CONCENTRATION		68	-0.37916532	-1.2650896	0.06930693	0.3212242	1.0	1587	tags=25%, list=15%, signal=29%	
GOMF_GTP_DEPENDENT_PROTEIN_BINDING	GOMF_GTP_DEPENDENT_PROTEIN_BINDING		16	-0.50837415	-1.2650512	0.1695279	0.32105342	1.0	3291	tags=69%, list=31%, signal=100%	
HP_ABNORMALITY_OF_BONE_MARROW_CELL_MORPHOLOGY	HP_ABNORMALITY_OF_BONE_MARROW_CELL_MORPHOLOGY		147	-0.340293	-1.2645975	0.05210421	0.3216725	1.0	1290	tags=22%, list=12%, signal=24%	
HP_INAPPROPRIATE_BEHAVIOR	HP_INAPPROPRIATE_BEHAVIOR		35	-0.4350727	-1.2644788	0.121276595	0.32166612	1.0	1456	tags=29%, list=14%, signal=33%	
GOCC_PRESYNAPSE	GOCC_PRESYNAPSE		201	-0.3239519	-1.2641246	0.038961038	0.3221237	1.0	1951	tags=25%, list=19%, signal=31%	
GOBP_REGULATION_OF_LYMPHOCYTE_ACTIVATION	GOBP_REGULATION_OF_LYMPHOCYTE_ACTIVATION		265	-0.3216322	-1.2633673	0.031007752	0.3233654	1.0	1341	tags=23%, list=13%, signal=26%	
HP_ABNORMAL_FULL_FIELD_ELECTRORETINOGRAM	HP_ABNORMAL_FULL_FIELD_ELECTRORETINOGRAM		21	-0.47555932	-1.2631565	0.18864097	0.32354146	1.0	1113	tags=29%, list=11%, signal=32%	
GOBP_TYROSINE_PHOSPHORYLATION_OF_STAT_PROTEIN	GOBP_TYROSINE_PHOSPHORYLATION_OF_STAT_PROTEIN		37	-0.42089546	-1.2624006	0.12851405	0.32471257	1.0	2147	tags=41%, list=20%, signal=51%	
GOBP_MUSCLE_SYSTEM_PROCESS	GOBP_MUSCLE_SYSTEM_PROCESS		149	-0.33734706	-1.261981	0.053333335	0.32529575	1.0	1499	tags=23%, list=14%, signal=26%	
HP_RESPIRATORY_TRACT_INFECTION	HP_RESPIRATORY_TRACT_INFECTION		411	-0.30095	-1.2618085	0.010830325	0.3253902	1.0	2148	tags=29%, list=20%, signal=35%	
GOBP_INTRACELLULAR_RECEPTOR_SIGNALING_PATHWAY	GOBP_INTRACELLULAR_RECEPTOR_SIGNALING_PATHWAY		165	-0.3325019	-1.2618052	0.04029304	0.3251499	1.0	1527	tags=22%, list=15%, signal=26%	
GOBP_BLOOD_VESSEL_ENDOTHELIAL_CELL_MIGRATION	GOBP_BLOOD_VESSEL_ENDOTHELIAL_CELL_MIGRATION		63	-0.38670725	-1.2610475	0.12209302	0.32643238	1.0	1024	tags=19%, list=10%, signal=21%	
GOBP_MEMBRANE_PROTEIN_ECTODOMAIN_PROTEOLYSIS	GOBP_MEMBRANE_PROTEIN_ECTODOMAIN_PROTEOLYSIS		34	-0.43391213	-1.2610301	0.14723927	0.32621902	1.0	1452	tags=24%, list=14%, signal=27%	
GOCC_I_BAND	GOCC_I_BAND		59	-0.3877656	-1.2602406	0.09208103	0.32755864	1.0	1206	tags=22%, list=11%, signal=25%	
GOBP_VASOCONSTRICTION	GOBP_VASOCONSTRICTION		22	-0.47839433	-1.2598917	0.14663951	0.32803306	1.0	1344	tags=27%, list=13%, signal=31%	
HP_ABNORMALITY_OF_CIRCULATING_ADRENOCORTICOTROPIN_LEVEL	HP_ABNORMALITY_OF_CIRCULATING_ADRENOCORTICOTROPIN_LEVEL		27	-0.45435223	-1.2597728	0.16917293	0.32801044	1.0	820	tags=22%, list=8%, signal=24%	
GOBP_REGULATION_OF_HEART_CONTRACTION	GOBP_REGULATION_OF_HEART_CONTRACTION		65	-0.3816955	-1.2596396	0.106090374	0.32802242	1.0	1344	tags=25%, list=13%, signal=28%	
HP_PULMONARY_INFILTRATES	HP_PULMONARY_INFILTRATES		27	-0.4519688	-1.2595948	0.14913958	0.32785916	1.0	1378	tags=44%, list=13%, signal=51%	
HP_TURRICEPHALY	HP_TURRICEPHALY		21	-0.481037	-1.2592846	0.17813765	0.32824033	1.0	1468	tags=33%, list=14%, signal=39%	
GOBP_RESPONSE_TO_METAL_ION	GOBP_RESPONSE_TO_METAL_ION		171	-0.33330253	-1.2586225	0.055238094	0.32939234	1.0	1223	tags=18%, list=12%, signal=20%	
HP_BILATERAL_PTOSIS	HP_BILATERAL_PTOSIS		26	-0.45716554	-1.258579	0.16412213	0.32921243	1.0	1472	tags=27%, list=14%, signal=31%	
GOBP_TRANSFORMING_GROWTH_FACTOR_BETA_RECEPTOR_SIGNALING_PATHWAY	GOBP_TRANSFORMING_GROWTH_FACTOR_BETA_RECEPTOR_SIGNALING_PATHWAY		98	-0.35778463	-1.2584531	0.08067542	0.32920456	1.0	1468	tags=22%, list=14%, signal=26%	
GOBP_CELL_JUNCTION_ORGANIZATION	GOBP_CELL_JUNCTION_ORGANIZATION		275	-0.31687233	-1.25842	0.021072797	0.32900935	1.0	1463	tags=20%, list=14%, signal=22%	
GOMF_2_OXOGLUTARATE_DEPENDENT_DIOXYGENASE_ACTIVITY	GOMF_2_OXOGLUTARATE_DEPENDENT_DIOXYGENASE_ACTIVITY		49	-0.4003094	-1.2580441	0.1311787	0.3294605	1.0	2009	tags=33%, list=19%, signal=40%	
GOBP_MICROTUBULE_BASED_TRANSPORT	GOBP_MICROTUBULE_BASED_TRANSPORT		114	-0.35712668	-1.2579327	0.069767445	0.3294168	1.0	2055	tags=21%, list=20%, signal=26%	
GOBP_REGULATION_OF_SYNAPTIC_VESICLE_EXOCYTOSIS	GOBP_REGULATION_OF_SYNAPTIC_VESICLE_EXOCYTOSIS		26	-0.46435863	-1.2578467	0.1680162	0.32933003	1.0	1527	tags=23%, list=15%, signal=27%	
GOBP_IMPORT_ACROSS_PLASMA_MEMBRANE	GOBP_IMPORT_ACROSS_PLASMA_MEMBRANE		69	-0.3723601	-1.2577597	0.09038462	0.32924235	1.0	1471	tags=29%, list=14%, signal=33%	
GOBP_POSITIVE_REGULATION_OF_PHOSPHATASE_ACTIVITY	GOBP_POSITIVE_REGULATION_OF_PHOSPHATASE_ACTIVITY		21	-0.48022616	-1.2576318	0.15060242	0.32926196	1.0	583	tags=24%, list=6%, signal=25%	
GOBP_NEGATIVE_REGULATION_OF_MITOTIC_CELL_CYCLE_PHASE_TRANSITION	GOBP_NEGATIVE_REGULATION_OF_MITOTIC_CELL_CYCLE_PHASE_TRANSITION		125	-0.34581938	-1.2574978	0.06481481	0.32926834	1.0	1317	tags=15%, list=13%, signal=17%	
GOBP_POSITIVE_REGULATION_OF_STRESS_FIBER_ASSEMBLY	GOBP_POSITIVE_REGULATION_OF_STRESS_FIBER_ASSEMBLY		31	-0.44979686	-1.2574865	0.15983607	0.3290469	1.0	775	tags=19%, list=7%, signal=21%	
GOBP_REGULATION_OF_PLATELET_ACTIVATION	GOBP_REGULATION_OF_PLATELET_ACTIVATION		16	-0.49826697	-1.2573416	0.16666667	0.32906815	1.0	830	tags=25%, list=8%, signal=27%	
GOBP_ANION_TRANSMEMBRANE_TRANSPORT	GOBP_ANION_TRANSMEMBRANE_TRANSPORT		109	-0.35045668	-1.2571826	0.0729783	0.32912	1.0	829	tags=17%, list=8%, signal=18%	
GOBP_LATE_ENDOSOME_TO_LYSOSOME_TRANSPORT	GOBP_LATE_ENDOSOME_TO_LYSOSOME_TRANSPORT		15	-0.5163874	-1.2563719	0.19477911	0.33043465	1.0	1607	tags=33%, list=15%, signal=39%	
GOBP_HORMONE_METABOLIC_PROCESS	GOBP_HORMONE_METABOLIC_PROCESS		75	-0.37125027	-1.2562063	0.100409836	0.3305194	1.0	859	tags=19%, list=8%, signal=20%	
HP_HIRSUTISM	HP_HIRSUTISM		139	-0.34006003	-1.2551486	0.051693406	0.33229816	1.0	2312	tags=28%, list=22%, signal=35%	
GOBP_REGULATION_OF_SUBSTRATE_ADHESION_DEPENDENT_CELL_SPREADING	GOBP_REGULATION_OF_SUBSTRATE_ADHESION_DEPENDENT_CELL_SPREADING		34	-0.43137276	-1.2550907	0.14949495	0.3321645	1.0	737	tags=26%, list=7%, signal=28%	
GOBP_ESTABLISHMENT_OF_PROTEIN_LOCALIZATION_TO_PLASMA_MEMBRANE	GOBP_ESTABLISHMENT_OF_PROTEIN_LOCALIZATION_TO_PLASMA_MEMBRANE		45	-0.40830037	-1.2546225	0.12795275	0.3328507	1.0	1822	tags=24%, list=17%, signal=29%	
GOCC_INTERMEDIATE_FILAMENT	GOCC_INTERMEDIATE_FILAMENT		34	-0.43238544	-1.2542807	0.14119923	0.33327925	1.0	1445	tags=29%, list=14%, signal=34%	
GOBP_XENOBIOTIC_METABOLIC_PROCESS	GOBP_XENOBIOTIC_METABOLIC_PROCESS		28	-0.44762638	-1.2542564	0.15778689	0.3330808	1.0	1568	tags=32%, list=15%, signal=38%	
GOBP_POSITIVE_REGULATION_OF_INFLAMMATORY_RESPONSE	GOBP_POSITIVE_REGULATION_OF_INFLAMMATORY_RESPONSE		68	-0.37998128	-1.2540205	0.115234375	0.33332938	1.0	941	tags=26%, list=9%, signal=29%	
HP_RIB_FUSION	HP_RIB_FUSION		25	-0.45627546	-1.2537733	0.15966387	0.3335544	1.0	1854	tags=32%, list=18%, signal=39%	
HP_ABNORMAL_BREATH_SOUND	HP_ABNORMAL_BREATH_SOUND		35	-0.42523012	-1.253669	0.14570858	0.33352008	1.0	2053	tags=34%, list=20%, signal=42%	
HP_AORTIC_ANEURYSM	HP_AORTIC_ANEURYSM		124	-0.34441185	-1.2536285	0.062615104	0.3333533	1.0	1195	tags=19%, list=11%, signal=22%	
HP_T_LYMPHOCYTOPENIA	HP_T_LYMPHOCYTOPENIA		40	-0.4212489	-1.2535548	0.15185185	0.33326808	1.0	1290	tags=30%, list=12%, signal=34%	
HP_AORTIC_ARCH_ANEURYSM	HP_AORTIC_ARCH_ANEURYSM		26	-0.4490123	-1.2533933	0.15310077	0.33335277	1.0	1898	tags=42%, list=18%, signal=52%	
GOBP_NEGATIVE_REGULATION_OF_TOLL_LIKE_RECEPTOR_SIGNALING_PATHWAY	GOBP_NEGATIVE_REGULATION_OF_TOLL_LIKE_RECEPTOR_SIGNALING_PATHWAY		20	-0.47826424	-1.2525634	0.17898832	0.33482277	1.0	887	tags=20%, list=8%, signal=22%	
HP_SUPRAVENTRICULAR_ARRHYTHMIA	HP_SUPRAVENTRICULAR_ARRHYTHMIA		37	-0.41866094	-1.2523915	0.15261044	0.33488467	1.0	1344	tags=27%, list=13%, signal=31%	
GOBP_POSITIVE_REGULATION_OF_PROTEIN_KINASE_ACTIVITY	GOBP_POSITIVE_REGULATION_OF_PROTEIN_KINASE_ACTIVITY		212	-0.32250407	-1.2523504	0.04595588	0.3346992	1.0	1549	tags=25%, list=15%, signal=28%	
GOBP_NEGATIVE_REGULATION_OF_IMMUNE_RESPONSE	GOBP_NEGATIVE_REGULATION_OF_IMMUNE_RESPONSE		97	-0.3596327	-1.2523079	0.08806262	0.3345242	1.0	1286	tags=24%, list=12%, signal=27%	
GOBP_LEUKOCYTE_ADHESION_TO_VASCULAR_ENDOTHELIAL_CELL	GOBP_LEUKOCYTE_ADHESION_TO_VASCULAR_ENDOTHELIAL_CELL		29	-0.4515873	-1.2520497	0.18421052	0.3348116	1.0	1800	tags=38%, list=17%, signal=46%	
GOBP_POSITIVE_REGULATION_OF_TRANSPORTER_ACTIVITY	GOBP_POSITIVE_REGULATION_OF_TRANSPORTER_ACTIVITY		46	-0.403177	-1.2518905	0.14285715	0.3348871	1.0	2429	tags=43%, list=23%, signal=56%	
GOBP_REGIONALIZATION	GOBP_REGIONALIZATION		113	-0.34626612	-1.2511432	0.06949807	0.33612707	1.0	1956	tags=28%, list=19%, signal=34%	
HP_DERMAL_ATROPHY	HP_DERMAL_ATROPHY		52	-0.39212322	-1.2507776	0.12450593	0.33658051	1.0	512	tags=12%, list=5%, signal=12%	
GOBP_MYELOID_LEUKOCYTE_DIFFERENTIATION	GOBP_MYELOID_LEUKOCYTE_DIFFERENTIATION		119	-0.34663922	-1.2507066	0.072897196	0.33646083	1.0	1285	tags=22%, list=12%, signal=25%	
GOBP_POSITIVE_REGULATION_OF_PROTEIN_LOCALIZATION	GOBP_POSITIVE_REGULATION_OF_PROTEIN_LOCALIZATION		294	-0.3110742	-1.2507051	0.02631579	0.33621496	1.0	1849	tags=25%, list=18%, signal=30%	
GOBP_BONE_REMODELING	GOBP_BONE_REMODELING		39	-0.41803315	-1.2506086	0.13806707	0.3361605	1.0	853	tags=21%, list=8%, signal=22%	
GOMF_UBIQUITIN_LIGASE_SUBSTRATE_ADAPTOR_ACTIVITY	GOMF_UBIQUITIN_LIGASE_SUBSTRATE_ADAPTOR_ACTIVITY		24	-0.45876846	-1.2499709	0.1746988	0.33715895	1.0	1602	tags=21%, list=15%, signal=25%	
GOBP_THYMIC_T_CELL_SELECTION	GOBP_THYMIC_T_CELL_SELECTION		17	-0.5004821	-1.2499021	0.16888046	0.33704442	1.0	1252	tags=41%, list=12%, signal=47%	
GOBP_BONE_DEVELOPMENT	GOBP_BONE_DEVELOPMENT		99	-0.35411638	-1.2497722	0.09823183	0.337062	1.0	1523	tags=24%, list=14%, signal=28%	
GOBP_ADENYLATE_CYCLASE_ACTIVATING_G_PROTEIN_COUPLED_RECEPTOR_SIGNALING_PATHWAY	GOBP_ADENYLATE_CYCLASE_ACTIVATING_G_PROTEIN_COUPLED_RECEPTOR_SIGNALING_PATHWAY		46	-0.40334263	-1.2495915	0.14223194	0.33716744	1.0	1019	tags=22%, list=10%, signal=24%	
GOBP_FILOPODIUM_ASSEMBLY	GOBP_FILOPODIUM_ASSEMBLY		32	-0.42478827	-1.2493521	0.14933838	0.33739087	1.0	1995	tags=25%, list=19%, signal=31%	
GOBP_POSITIVE_REGULATION_OF_AXONOGENESIS	GOBP_POSITIVE_REGULATION_OF_AXONOGENESIS		34	-0.42945728	-1.2492512	0.14430894	0.3373608	1.0	1680	tags=26%, list=16%, signal=31%	
GOCC_MULTIVESICULAR_BODY	GOCC_MULTIVESICULAR_BODY		37	-0.41653425	-1.2492425	0.13241106	0.33713186	1.0	1648	tags=32%, list=16%, signal=38%	
GOCC_ENDOCYTIC_VESICLE	GOCC_ENDOCYTIC_VESICLE		188	-0.3240372	-1.2488906	0.035916824	0.33762842	1.0	2352	tags=35%, list=22%, signal=44%	
GOBP_REGULATION_OF_LIPID_METABOLIC_PROCESS	GOBP_REGULATION_OF_LIPID_METABOLIC_PROCESS		172	-0.3273107	-1.2488893	0.063097514	0.33738342	1.0	2611	tags=38%, list=25%, signal=50%	
GOBP_REGULATION_OF_NOTCH_SIGNALING_PATHWAY	GOBP_REGULATION_OF_NOTCH_SIGNALING_PATHWAY		48	-0.40035823	-1.2487892	0.13011153	0.33732557	1.0	1602	tags=25%, list=15%, signal=29%	
HP_SPASTIC_DIPLEGIA	HP_SPASTIC_DIPLEGIA		29	-0.43107113	-1.248699	0.14872798	0.33725232	1.0	539	tags=17%, list=5%, signal=18%	
GOBP_NEGATIVE_REGULATION_OF_COLD_INDUCED_THERMOGENESIS	GOBP_NEGATIVE_REGULATION_OF_COLD_INDUCED_THERMOGENESIS		25	-0.4564021	-1.2483984	0.16833667	0.33757254	1.0	1022	tags=20%, list=10%, signal=22%	
HP_SHOULDER_GIRDLE_MUSCLE_WEAKNESS	HP_SHOULDER_GIRDLE_MUSCLE_WEAKNESS		25	-0.4529583	-1.2483974	0.16565657	0.3373283	1.0	397	tags=12%, list=4%, signal=12%	
GOBP_INTERFERON_BETA_PRODUCTION	GOBP_INTERFERON_BETA_PRODUCTION		45	-0.40092188	-1.2483248	0.125	0.33724552	1.0	722	tags=18%, list=7%, signal=19%	
GOBP_MOTILE_CILIUM_ASSEMBLY	GOBP_MOTILE_CILIUM_ASSEMBLY		15	-0.50412357	-1.2482052	0.16363636	0.33726192	1.0	1251	tags=27%, list=12%, signal=30%	
GOBP_REGULATION_OF_T_CELL_PROLIFERATION	GOBP_REGULATION_OF_T_CELL_PROLIFERATION		91	-0.35643905	-1.2481328	0.09467456	0.33715078	1.0	765	tags=19%, list=7%, signal=20%	
GOBP_REGULATION_OF_PROTEIN_KINASE_ACTIVITY	GOBP_REGULATION_OF_PROTEIN_KINASE_ACTIVITY		374	-0.30235738	-1.248075	0.020183487	0.3370093	1.0	1370	tags=19%, list=13%, signal=21%	
HP_LIMITATION_OF_JOINT_MOBILITY	HP_LIMITATION_OF_JOINT_MOBILITY		226	-0.31703588	-1.2477163	0.05142857	0.33753756	1.0	1575	tags=20%, list=15%, signal=23%	
GOBP_DIGESTIVE_SYSTEM_DEVELOPMENT	GOBP_DIGESTIVE_SYSTEM_DEVELOPMENT		39	-0.41912106	-1.2473518	0.12631579	0.33798924	1.0	802	tags=18%, list=8%, signal=19%	
HP_ASTROCYTOSIS	HP_ASTROCYTOSIS		16	-0.5182161	-1.2473229	0.19379845	0.33780864	1.0	916	tags=25%, list=9%, signal=27%	
HP_ABNORMAL_EXTEROCEPTIVE_SENSATION	HP_ABNORMAL_EXTEROCEPTIVE_SENSATION		112	-0.35280547	-1.2471496	0.09280303	0.33787754	1.0	1398	tags=22%, list=13%, signal=25%	
GOBP_AMIDE_TRANSPORT	GOBP_AMIDE_TRANSPORT		127	-0.3404975	-1.2470505	0.08366534	0.33782166	1.0	1579	tags=24%, list=15%, signal=28%	
GOBP_REGULATION_OF_ALPHA_BETA_T_CELL_ACTIVATION	GOBP_REGULATION_OF_ALPHA_BETA_T_CELL_ACTIVATION		69	-0.37024587	-1.24696	0.10978044	0.33773965	1.0	801	tags=23%, list=8%, signal=25%	
GOBP_MESODERM_DEVELOPMENT	GOBP_MESODERM_DEVELOPMENT		47	-0.40094316	-1.246955	0.125	0.33750567	1.0	1743	tags=30%, list=17%, signal=36%	
HP_DECREASED_CIRCULATING_IGA_LEVEL	HP_DECREASED_CIRCULATING_IGA_LEVEL		34	-0.42847842	-1.2468807	0.14145383	0.33740616	1.0	994	tags=24%, list=9%, signal=26%	
GOBP_POSITIVE_CHEMOTAXIS	GOBP_POSITIVE_CHEMOTAXIS		21	-0.47727442	-1.2468367	0.1734104	0.33725038	1.0	1258	tags=29%, list=12%, signal=32%	
HP_HEPATITIS	HP_HEPATITIS		54	-0.39542916	-1.2463659	0.11960784	0.33793482	1.0	1710	tags=28%, list=16%, signal=33%	
GOBP_POSITIVE_REGULATION_OF_CALCIUM_ION_TRANSMEMBRANE_TRANSPORTER_ACTIVITY	GOBP_POSITIVE_REGULATION_OF_CALCIUM_ION_TRANSMEMBRANE_TRANSPORTER_ACTIVITY		17	-0.50662935	-1.2462192	0.167002	0.3379843	1.0	2429	tags=53%, list=23%, signal=69%	
GOBP_REGULATION_OF_CELL_MORPHOGENESIS_INVOLVED_IN_DIFFERENTIATION	GOBP_REGULATION_OF_CELL_MORPHOGENESIS_INVOLVED_IN_DIFFERENTIATION		56	-0.3860466	-1.2455612	0.12031558	0.33904257	1.0	969	tags=21%, list=9%, signal=23%	
HP_POLYPHAGIA	HP_POLYPHAGIA		35	-0.4322952	-1.2453278	0.13842975	0.33929244	1.0	2476	tags=43%, list=24%, signal=56%	
GOBP_REGULATION_OF_TUBE_SIZE	GOBP_REGULATION_OF_TUBE_SIZE		48	-0.39912602	-1.2441064	0.13267326	0.34151983	1.0	1523	tags=25%, list=14%, signal=29%	
GOBP_ACTIVIN_RECEPTOR_SIGNALING_PATHWAY	GOBP_ACTIVIN_RECEPTOR_SIGNALING_PATHWAY		19	-0.48496446	-1.2439593	0.18540435	0.34158027	1.0	1855	tags=42%, list=18%, signal=51%	
GOBP_NEUTROPHIL_MEDIATED_IMMUNITY	GOBP_NEUTROPHIL_MEDIATED_IMMUNITY		18	-0.48665997	-1.2437124	0.17943548	0.3417767	1.0	2448	tags=56%, list=23%, signal=72%	
GOBP_REGULATION_OF_PROTEIN_CONTAINING_COMPLEX_DISASSEMBLY	GOBP_REGULATION_OF_PROTEIN_CONTAINING_COMPLEX_DISASSEMBLY		78	-0.37115875	-1.2435915	0.09533074	0.34179375	1.0	1094	tags=18%, list=10%, signal=20%	
HP_B_LYMPHOCYTOPENIA	HP_B_LYMPHOCYTOPENIA		29	-0.4425013	-1.2433225	0.15537849	0.34208882	1.0	1269	tags=34%, list=12%, signal=39%	
GOBP_REGULATION_OF_CELLULAR_CARBOHYDRATE_METABOLIC_PROCESS	GOBP_REGULATION_OF_CELLULAR_CARBOHYDRATE_METABOLIC_PROCESS		84	-0.35929835	-1.243287	0.10978044	0.34192568	1.0	1261	tags=20%, list=12%, signal=23%	
HP_PERIAURICULAR_SKIN_PITS	HP_PERIAURICULAR_SKIN_PITS		19	-0.48586106	-1.2432112	0.16564417	0.3418223	1.0	2086	tags=37%, list=20%, signal=46%	
GOBP_CELLULAR_COMPONENT_ASSEMBLY_INVOLVED_IN_MORPHOGENESIS	GOBP_CELLULAR_COMPONENT_ASSEMBLY_INVOLVED_IN_MORPHOGENESIS		43	-0.39817953	-1.2430255	0.13957936	0.34194842	1.0	413	tags=12%, list=4%, signal=12%	
GOBP_NEGATIVE_REGULATION_OF_MUSCLE_HYPERTROPHY	GOBP_NEGATIVE_REGULATION_OF_MUSCLE_HYPERTROPHY		16	-0.51193434	-1.2423524	0.1733871	0.3430627	1.0	1435	tags=38%, list=14%, signal=43%	
HP_ABNORMAL_CIRCULATING_IGG_LEVEL	HP_ABNORMAL_CIRCULATING_IGG_LEVEL		58	-0.38684228	-1.2420658	0.11368421	0.3433897	1.0	1638	tags=28%, list=16%, signal=32%	
GOBP_NEGATIVE_REGULATION_OF_AXON_EXTENSION	GOBP_NEGATIVE_REGULATION_OF_AXON_EXTENSION		16	-0.50828665	-1.2418412	0.19076306	0.34358254	1.0	1402	tags=44%, list=13%, signal=50%	
GOBP_TUBE_MORPHOGENESIS	GOBP_TUBE_MORPHOGENESIS		358	-0.3021032	-1.2415904	0.025044722	0.34386328	1.0	1114	tags=16%, list=11%, signal=18%	
GOBP_VESICLE_DOCKING	GOBP_VESICLE_DOCKING		36	-0.4117995	-1.2411996	0.13779527	0.3444664	1.0	1733	tags=31%, list=16%, signal=36%	
GOBP_REGULATION_OF_CELL_JUNCTION_ASSEMBLY	GOBP_REGULATION_OF_CELL_JUNCTION_ASSEMBLY		67	-0.37689853	-1.2410499	0.110887095	0.34453	1.0	1033	tags=19%, list=10%, signal=21%	
HP_ABNORMALITY_OF_BLOOD_CIRCULATION	HP_ABNORMALITY_OF_BLOOD_CIRCULATION		189	-0.32112283	-1.2408597	0.05017301	0.34469247	1.0	1312	tags=22%, list=12%, signal=24%	
GOMF_DNA_BINDING_TRANSCRIPTION_FACTOR_ACTIVITY	GOMF_DNA_BINDING_TRANSCRIPTION_FACTOR_ACTIVITY		374	-0.30128905	-1.2408065	0.02862254	0.3445727	1.0	1808	tags=22%, list=17%, signal=26%	
HP_ABNORMALITY_OF_THE_ANKLES	HP_ABNORMALITY_OF_THE_ANKLES		84	-0.3541589	-1.2406777	0.105065666	0.34460053	1.0	1195	tags=21%, list=11%, signal=24%	
HP_RIGIDITY	HP_RIGIDITY		108	-0.3465293	-1.2406656	0.0776699	0.34437904	1.0	1272	tags=20%, list=12%, signal=23%	
GOBP_MYELOID_DENDRITIC_CELL_ACTIVATION	GOBP_MYELOID_DENDRITIC_CELL_ACTIVATION		17	-0.49325332	-1.2402836	0.18467583	0.3448912	1.0	1129	tags=35%, list=11%, signal=39%	
GOBP_STRIATED_MUSCLE_CELL_DEVELOPMENT	GOBP_STRIATED_MUSCLE_CELL_DEVELOPMENT		21	-0.47021964	-1.2398567	0.17255718	0.34547332	1.0	375	tags=14%, list=4%, signal=15%	
GOBP_POSITIVE_REGULATION_OF_ALPHA_BETA_T_CELL_ACTIVATION	GOBP_POSITIVE_REGULATION_OF_ALPHA_BETA_T_CELL_ACTIVATION		47	-0.39512357	-1.2398564	0.1403162	0.3452284	1.0	801	tags=28%, list=8%, signal=30%	
HP_ABNORMAL_UVEA_MORPHOLOGY	HP_ABNORMAL_UVEA_MORPHOLOGY		302	-0.30691501	-1.2398282	0.02909091	0.34504765	1.0	2065	tags=25%, list=20%, signal=30%	
GOBP_POSITIVE_REGULATION_OF_INTERLEUKIN_10_PRODUCTION	GOBP_POSITIVE_REGULATION_OF_INTERLEUKIN_10_PRODUCTION		22	-0.47415176	-1.239589	0.17938145	0.34528372	1.0	1134	tags=36%, list=11%, signal=41%	
HP_POLYNEUROPATHY	HP_POLYNEUROPATHY		37	-0.41932425	-1.2391703	0.14486921	0.3459015	1.0	1972	tags=35%, list=19%, signal=43%	
GOBP_DEFENSE_RESPONSE_TO_GRAM_NEGATIVE_BACTERIUM	GOBP_DEFENSE_RESPONSE_TO_GRAM_NEGATIVE_BACTERIUM		16	-0.500887	-1.2386637	0.19961612	0.34670103	1.0	2507	tags=44%, list=24%, signal=57%	
HP_AGITATION	HP_AGITATION		73	-0.3647779	-1.2386578	0.11439114	0.3464644	1.0	1519	tags=23%, list=14%, signal=27%	
HP_PNEUMONIA	HP_PNEUMONIA		157	-0.33183408	-1.238319	0.07789855	0.34693035	1.0	1315	tags=18%, list=13%, signal=21%	
GOBP_SENSORY_PERCEPTION_OF_MECHANICAL_STIMULUS	GOBP_SENSORY_PERCEPTION_OF_MECHANICAL_STIMULUS		60	-0.38334018	-1.2382447	0.12398374	0.34683475	1.0	1218	tags=22%, list=12%, signal=24%	
GOMF_SECONDARY_ACTIVE_TRANSMEMBRANE_TRANSPORTER_ACTIVITY	GOMF_SECONDARY_ACTIVE_TRANSMEMBRANE_TRANSPORTER_ACTIVITY		95	-0.3517335	-1.237509	0.09056604	0.34808594	1.0	1216	tags=19%, list=12%, signal=21%	
HP_PANCYTOPENIA	HP_PANCYTOPENIA		94	-0.35760137	-1.237424	0.09638554	0.3480171	1.0	1241	tags=24%, list=12%, signal=27%	
HP_PETECHIAE	HP_PETECHIAE		35	-0.4184879	-1.2369677	0.16824196	0.34870312	1.0	1809	tags=43%, list=17%, signal=52%	
GOBP_LYMPHOCYTE_MEDIATED_IMMUNITY	GOBP_LYMPHOCYTE_MEDIATED_IMMUNITY		146	-0.32990527	-1.2368407	0.07539683	0.34872478	1.0	1344	tags=25%, list=13%, signal=28%	
GOBP_NON_CANONICAL_WNT_SIGNALING_PATHWAY	GOBP_NON_CANONICAL_WNT_SIGNALING_PATHWAY		24	-0.45492083	-1.236696	0.16865079	0.34877113	1.0	3291	tags=63%, list=31%, signal=91%	
GOBP_MUSCLE_ORGAN_MORPHOGENESIS	GOBP_MUSCLE_ORGAN_MORPHOGENESIS		22	-0.4647324	-1.2359412	0.1748401	0.35001796	1.0	760	tags=18%, list=7%, signal=20%	
HP_SPASTIC_TETRAPLEGIA	HP_SPASTIC_TETRAPLEGIA		77	-0.36046788	-1.2353702	0.104477614	0.35096797	1.0	1647	tags=23%, list=16%, signal=28%	
GOBP_REGULATION_OF_PRODUCTION_OF_MOLECULAR_MEDIATOR_OF_IMMUNE_RESPONSE	GOBP_REGULATION_OF_PRODUCTION_OF_MOLECULAR_MEDIATOR_OF_IMMUNE_RESPONSE		94	-0.35712034	-1.2353141	0.10018904	0.3508324	1.0	1036	tags=27%, list=10%, signal=29%	
HP_UNUSUAL_FUNGAL_INFECTION	HP_UNUSUAL_FUNGAL_INFECTION		46	-0.39931914	-1.2350256	0.15151516	0.35115117	1.0	1269	tags=33%, list=12%, signal=37%	
GOBP_RESPONSE_TO_INORGANIC_SUBSTANCE	GOBP_RESPONSE_TO_INORGANIC_SUBSTANCE		266	-0.3104397	-1.2349124	0.04275093	0.35117766	1.0	1223	tags=16%, list=12%, signal=18%	
HP_MIGRAINE	HP_MIGRAINE		56	-0.38491252	-1.2348965	0.13168724	0.35096943	1.0	1398	tags=23%, list=13%, signal=27%	
GOBP_REGULATION_OF_MIRNA_TRANSCRIPTION	GOBP_REGULATION_OF_MIRNA_TRANSCRIPTION		31	-0.42925057	-1.2342476	0.16699411	0.35214072	1.0	1398	tags=32%, list=13%, signal=37%	
GOBP_REGULATION_OF_LEUKOCYTE_DIFFERENTIATION	GOBP_REGULATION_OF_LEUKOCYTE_DIFFERENTIATION		172	-0.32431585	-1.2341604	0.04519774	0.35208687	1.0	1322	tags=22%, list=13%, signal=25%	
HP_RESPIRATORY_ARREST	HP_RESPIRATORY_ARREST		15	-0.5152417	-1.2332875	0.18503937	0.35360733	1.0	1093	tags=33%, list=10%, signal=37%	
HP_VASCULAR_NEOPLASM	HP_VASCULAR_NEOPLASM		98	-0.35098824	-1.2323598	0.1054614	0.35533282	1.0	1209	tags=17%, list=12%, signal=19%	
HP_ECHOLALIA	HP_ECHOLALIA		27	-0.44049695	-1.2321908	0.16574585	0.3554449	1.0	916	tags=22%, list=9%, signal=24%	
GOBP_TUBE_DEVELOPMENT	GOBP_TUBE_DEVELOPMENT		446	-0.2973374	-1.2321692	0.03195489	0.35524443	1.0	1952	tags=24%, list=19%, signal=28%	
GOBP_ANTERIOR_POSTERIOR_PATTERN_SPECIFICATION	GOBP_ANTERIOR_POSTERIOR_PATTERN_SPECIFICATION		64	-0.37587604	-1.232151	0.12765957	0.35502866	1.0	1956	tags=36%, list=19%, signal=44%	
HP_ELEVATED_CIRCULATING_ASPARTATE_AMINOTRANSFERASE_CONCENTRATION	HP_ELEVATED_CIRCULATING_ASPARTATE_AMINOTRANSFERASE_CONCENTRATION		17	-0.4925966	-1.2320498	0.1920792	0.3549937	1.0	1414	tags=24%, list=13%, signal=27%	
GOMF_PHOSPHATASE_ACTIVITY	GOMF_PHOSPHATASE_ACTIVITY		183	-0.32221863	-1.2319186	0.07269503	0.35501876	1.0	1644	tags=19%, list=16%, signal=22%	
GOBP_POSITIVE_REGULATION_OF_CELL_DEATH	GOBP_POSITIVE_REGULATION_OF_CELL_DEATH		331	-0.30273604	-1.2311344	0.03963964	0.35636014	1.0	1943	tags=28%, list=18%, signal=34%	
GOBP_RESPONSE_TO_LIPID	GOBP_RESPONSE_TO_LIPID		423	-0.29569578	-1.2310098	0.030303031	0.35636604	1.0	1261	tags=18%, list=12%, signal=20%	
GOBP_CHEMOKINE_PRODUCTION	GOBP_CHEMOKINE_PRODUCTION		39	-0.40306735	-1.2309546	0.16068053	0.35624093	1.0	795	tags=23%, list=8%, signal=25%	
HP_ABNORMAL_PLEURA_MORPHOLOGY	HP_ABNORMAL_PLEURA_MORPHOLOGY		69	-0.36730593	-1.2303646	0.11645102	0.35718793	1.0	1523	tags=29%, list=14%, signal=34%	
GOBP_DEVELOPMENTAL_GROWTH	GOBP_DEVELOPMENTAL_GROWTH		290	-0.30668432	-1.2302247	0.048824593	0.35721815	1.0	1218	tags=17%, list=12%, signal=18%	
GOBP_REGULATION_OF_DEFENSE_RESPONSE_TO_VIRUS_BY_HOST	GOBP_REGULATION_OF_DEFENSE_RESPONSE_TO_VIRUS_BY_HOST		23	-0.46326473	-1.2297636	0.20309478	0.35793754	1.0	826	tags=22%, list=8%, signal=24%	
GOBP_CELLULAR_COMPONENT_DISASSEMBLY	GOBP_CELLULAR_COMPONENT_DISASSEMBLY		308	-0.30463678	-1.2294174	0.02550091	0.35838458	1.0	1354	tags=17%, list=13%, signal=19%	
HP_ELBOW_FLEXION_CONTRACTURE	HP_ELBOW_FLEXION_CONTRACTURE		49	-0.3896656	-1.2288427	0.14457831	0.3593548	1.0	820	tags=16%, list=8%, signal=18%	
HP_ABNORMAL_CEREBRAL_VASCULAR_MORPHOLOGY	HP_ABNORMAL_CEREBRAL_VASCULAR_MORPHOLOGY		168	-0.3240688	-1.2288102	0.07509881	0.35917106	1.0	1269	tags=19%, list=12%, signal=21%	
HP_SHORT_PHALANX_OF_THE_THUMB	HP_SHORT_PHALANX_OF_THE_THUMB		16	-0.50046414	-1.2286984	0.21149898	0.35914144	1.0	776	tags=19%, list=7%, signal=20%	
GOBP_POSITIVE_REGULATION_OF_CYTOKINE_PRODUCTION_INVOLVED_IN_IMMUNE_RESPONSE	GOBP_POSITIVE_REGULATION_OF_CYTOKINE_PRODUCTION_INVOLVED_IN_IMMUNE_RESPONSE		42	-0.40191987	-1.2284364	0.14990138	0.35943037	1.0	1225	tags=36%, list=12%, signal=40%	
GOBP_POSITIVE_REGULATION_OF_ANTIGEN_RECEPTOR_MEDIATED_SIGNALING_PATHWAY	GOBP_POSITIVE_REGULATION_OF_ANTIGEN_RECEPTOR_MEDIATED_SIGNALING_PATHWAY		22	-0.46906003	-1.2282941	0.17682926	0.35948828	1.0	1849	tags=50%, list=18%, signal=61%	
GOBP_VIRAL_BUDDING	GOBP_VIRAL_BUDDING		24	-0.45712268	-1.2282078	0.19881889	0.3594277	1.0	1859	tags=33%, list=18%, signal=40%	
HP_FAT_MALABSORPTION	HP_FAT_MALABSORPTION		15	-0.50415635	-1.2278796	0.21471173	0.35984582	1.0	1285	tags=20%, list=12%, signal=23%	
HP_NEOPLASM_OF_THE_MALE_EXTERNAL_GENITALIA	HP_NEOPLASM_OF_THE_MALE_EXTERNAL_GENITALIA		20	-0.47182608	-1.2275834	0.20118344	0.36019012	1.0	1218	tags=30%, list=12%, signal=34%	
GOBP_MAINTENANCE_OF_PROTEIN_LOCATION_IN_NUCLEUS	GOBP_MAINTENANCE_OF_PROTEIN_LOCATION_IN_NUCLEUS		20	-0.4708853	-1.2273164	0.1893617	0.3604737	1.0	1241	tags=40%, list=12%, signal=45%	
GOBP_PHOSPHATIDYLSERINE_METABOLIC_PROCESS	GOBP_PHOSPHATIDYLSERINE_METABOLIC_PROCESS		17	-0.49587518	-1.2267996	0.2020202	0.36126426	1.0	1702	tags=47%, list=16%, signal=56%	
GOBP_POSITIVE_REGULATION_OF_CILIUM_ASSEMBLY	GOBP_POSITIVE_REGULATION_OF_CILIUM_ASSEMBLY		19	-0.47854358	-1.2267903	0.20124482	0.3610321	1.0	3088	tags=47%, list=29%, signal=67%	
GOBP_GRANULOCYTE_DIFFERENTIATION	GOBP_GRANULOCYTE_DIFFERENTIATION		23	-0.45157334	-1.2266052	0.17864476	0.36117575	1.0	1285	tags=30%, list=12%, signal=35%	
GOMF_ANTIPORTER_ACTIVITY	GOMF_ANTIPORTER_ACTIVITY		44	-0.39527175	-1.2265601	0.14822134	0.3610256	1.0	2171	tags=34%, list=21%, signal=43%	
GOBP_MICROTUBULE_BASED_MOVEMENT	GOBP_MICROTUBULE_BASED_MOVEMENT		174	-0.32225016	-1.2265515	0.07720588	0.36079895	1.0	2113	tags=21%, list=20%, signal=25%	
HP_ABNORMALITIES_OF_PLACENTA_OR_UMBILICAL_CORD	HP_ABNORMALITIES_OF_PLACENTA_OR_UMBILICAL_CORD		38	-0.40698624	-1.2264831	0.1541502	0.3606928	1.0	1636	tags=32%, list=16%, signal=37%	
GOMF_PROTEIN_KINASE_C_BINDING	GOMF_PROTEIN_KINASE_C_BINDING		29	-0.43332008	-1.2264335	0.19254659	0.36055368	1.0	793	tags=24%, list=8%, signal=26%	
GOBP_POSITIVE_REGULATION_OF_RECEPTOR_MEDIATED_ENDOCYTOSIS	GOBP_POSITIVE_REGULATION_OF_RECEPTOR_MEDIATED_ENDOCYTOSIS		24	-0.4539824	-1.2258409	0.17721519	0.36152115	1.0	2481	tags=42%, list=24%, signal=54%	
GOBP_REGULATION_OF_INSULIN_SECRETION	GOBP_REGULATION_OF_INSULIN_SECRETION		69	-0.36624336	-1.2257314	0.12452107	0.3615093	1.0	1579	tags=23%, list=15%, signal=27%	
HP_ACTION_TREMOR	HP_ACTION_TREMOR		104	-0.34506604	-1.2256064	0.104166664	0.3614931	1.0	2029	tags=29%, list=19%, signal=35%	
GOBP_POSITIVE_REGULATION_OF_CELL_SUBSTRATE_JUNCTION_ORGANIZATION	GOBP_POSITIVE_REGULATION_OF_CELL_SUBSTRATE_JUNCTION_ORGANIZATION		17	-0.48663396	-1.2255578	0.20196079	0.36135066	1.0	737	tags=24%, list=7%, signal=25%	
GOBP_LAMELLIPODIUM_ASSEMBLY	GOBP_LAMELLIPODIUM_ASSEMBLY		45	-0.3950129	-1.2254654	0.14754099	0.36131787	1.0	2473	tags=36%, list=24%, signal=46%	
HP_PRENATAL_MATERNAL_ABNORMALITY	HP_PRENATAL_MATERNAL_ABNORMALITY		40	-0.40583247	-1.2254375	0.15226337	0.3611298	1.0	2053	tags=43%, list=20%, signal=53%	
GOBP_CELLULAR_RESPONSE_TO_AMYLOID_BETA	GOBP_CELLULAR_RESPONSE_TO_AMYLOID_BETA		26	-0.4490905	-1.2253771	0.16730769	0.36100644	1.0	1363	tags=35%, list=13%, signal=40%	
GOBP_PROTEIN_PROCESSING	GOBP_PROTEIN_PROCESSING		129	-0.33540425	-1.2252018	0.078947365	0.36110756	1.0	1732	tags=22%, list=16%, signal=27%	
HP_NEOPLASM_OF_THE_TONGUE	HP_NEOPLASM_OF_THE_TONGUE		28	-0.43256432	-1.2250575	0.16568047	0.36119175	1.0	2233	tags=32%, list=21%, signal=41%	
GOBP_POSITIVE_REGULATION_OF_PROTEIN_DEACETYLATION	GOBP_POSITIVE_REGULATION_OF_PROTEIN_DEACETYLATION		19	-0.47191498	-1.2248896	0.18019801	0.36132306	1.0	1148	tags=21%, list=11%, signal=24%	
HP_VENOUS_THROMBOSIS	HP_VENOUS_THROMBOSIS		41	-0.4052378	-1.2248414	0.14604463	0.3611714	1.0	931	tags=22%, list=9%, signal=24%	
GOBP_REGULATION_OF_INSULIN_SECRETION_INVOLVED_IN_CELLULAR_RESPONSE_TO_GLUCOSE_STIMULUS	GOBP_REGULATION_OF_INSULIN_SECRETION_INVOLVED_IN_CELLULAR_RESPONSE_TO_GLUCOSE_STIMULUS		26	-0.44307953	-1.22451	0.17892644	0.361665	1.0	1510	tags=23%, list=14%, signal=27%	
GOBP_POSITIVE_REGULATION_OF_IMMUNE_RESPONSE	GOBP_POSITIVE_REGULATION_OF_IMMUNE_RESPONSE		272	-0.3056004	-1.2240866	0.050092764	0.36234027	1.0	1813	tags=27%, list=17%, signal=32%	
GOBP_NEGATIVE_REGULATION_OF_PROTEIN_BINDING	GOBP_NEGATIVE_REGULATION_OF_PROTEIN_BINDING		56	-0.3797138	-1.2238075	0.124282986	0.3626994	1.0	1882	tags=25%, list=18%, signal=30%	
GOCC_MICROTUBULE	GOCC_MICROTUBULE		281	-0.30684283	-1.2237506	0.05586592	0.36255324	1.0	2059	tags=22%, list=20%, signal=26%	
HP_GINGIVAL_BLEEDING	HP_GINGIVAL_BLEEDING		33	-0.43248203	-1.2235494	0.18019801	0.36272502	1.0	1248	tags=33%, list=12%, signal=38%	
GOBP_CARBOHYDRATE_DERIVATIVE_CATABOLIC_PROCESS	GOBP_CARBOHYDRATE_DERIVATIVE_CATABOLIC_PROCESS		99	-0.34332713	-1.2234932	0.09090909	0.36260438	1.0	1967	tags=26%, list=19%, signal=32%	
GOBP_REGULATION_OF_G_PROTEIN_COUPLED_RECEPTOR_SIGNALING_PATHWAY	GOBP_REGULATION_OF_G_PROTEIN_COUPLED_RECEPTOR_SIGNALING_PATHWAY		62	-0.37296543	-1.2234422	0.11798839	0.3624737	1.0	1009	tags=24%, list=10%, signal=27%	
GOBP_UNSATURATED_FATTY_ACID_METABOLIC_PROCESS	GOBP_UNSATURATED_FATTY_ACID_METABOLIC_PROCESS		38	-0.40547448	-1.2233938	0.1627907	0.36233532	1.0	1467	tags=32%, list=14%, signal=37%	
HP_ABNORMALITY_OF_SKIN_PHYSIOLOGY	HP_ABNORMALITY_OF_SKIN_PHYSIOLOGY		268	-0.3069495	-1.2233932	0.04409171	0.36208984	1.0	1577	tags=23%, list=15%, signal=26%	
HP_DECREASED_CIRCULATING_ACTH_LEVEL	HP_DECREASED_CIRCULATING_ACTH_LEVEL		19	-0.47577637	-1.2231361	0.19685039	0.36240104	1.0	606	tags=21%, list=6%, signal=22%	
GOBP_REGULATION_OF_WNT_SIGNALING_PATHWAY	GOBP_REGULATION_OF_WNT_SIGNALING_PATHWAY		161	-0.3209512	-1.2230524	0.075848304	0.36233768	1.0	1764	tags=21%, list=17%, signal=25%	
GOBP_NEGATIVE_REGULATION_OF_DNA_BINDING	GOBP_NEGATIVE_REGULATION_OF_DNA_BINDING		33	-0.42399347	-1.2230136	0.1835206	0.36219347	1.0	692	tags=15%, list=7%, signal=16%	
GOBP_RESPONSE_TO_INTERFERON_BETA	GOBP_RESPONSE_TO_INTERFERON_BETA		20	-0.46907657	-1.222806	0.18618043	0.3623813	1.0	154	tags=25%, list=1%, signal=25%	
GOBP_TRANSMEMBRANE_RECEPTOR_PROTEIN_SERINE_THREONINE_KINASE_SIGNALING_PATHWAY	GOBP_TRANSMEMBRANE_RECEPTOR_PROTEIN_SERINE_THREONINE_KINASE_SIGNALING_PATHWAY		149	-0.32834104	-1.2220652	0.09665427	0.36365065	1.0	1468	tags=21%, list=14%, signal=24%	
GOMF_QUATERNARY_AMMONIUM_GROUP_BINDING	GOMF_QUATERNARY_AMMONIUM_GROUP_BINDING		23	-0.46227354	-1.2219578	0.19103314	0.36363396	1.0	1727	tags=35%, list=16%, signal=42%	
GOBP_SKELETAL_MUSCLE_CELL_DIFFERENTIATION	GOBP_SKELETAL_MUSCLE_CELL_DIFFERENTIATION		30	-0.4298839	-1.2218543	0.17730497	0.36361405	1.0	1274	tags=30%, list=12%, signal=34%	
HP_JOINT_SWELLING	HP_JOINT_SWELLING		20	-0.47113016	-1.2217107	0.2004008	0.36370715	1.0	931	tags=25%, list=9%, signal=27%	
GOBP_REGULATION_OF_SMALL_MOLECULE_METABOLIC_PROCESS	GOBP_REGULATION_OF_SMALL_MOLECULE_METABOLIC_PROCESS		176	-0.3192839	-1.2216278	0.06994329	0.3636561	1.0	1261	tags=18%, list=12%, signal=20%	
GOBP_CELLULAR_SENESCENCE	GOBP_CELLULAR_SENESCENCE		54	-0.3798069	-1.2215569	0.14035088	0.3635634	1.0	1259	tags=20%, list=12%, signal=23%	
GOBP_POSITIVE_REGULATION_OF_NERVOUS_SYSTEM_DEVELOPMENT	GOBP_POSITIVE_REGULATION_OF_NERVOUS_SYSTEM_DEVELOPMENT		113	-0.34250927	-1.2215216	0.10583942	0.36338985	1.0	969	tags=15%, list=9%, signal=16%	
GOMF_UBIQUITIN_LIKE_PROTEIN_CONJUGATING_ENZYME_BINDING	GOMF_UBIQUITIN_LIKE_PROTEIN_CONJUGATING_ENZYME_BINDING		26	-0.4484438	-1.2214473	0.18055555	0.36330226	1.0	1760	tags=23%, list=17%, signal=28%	
GOBP_NEGATIVE_REGULATION_OF_INTRACELLULAR_SIGNAL_TRANSDUCTION	GOBP_NEGATIVE_REGULATION_OF_INTRACELLULAR_SIGNAL_TRANSDUCTION		318	-0.30086768	-1.2212516	0.045289855	0.3634719	1.0	1460	tags=18%, list=14%, signal=20%	
GOBP_NEGATIVE_REGULATION_OF_INTRACELLULAR_PROTEIN_TRANSPORT	GOBP_NEGATIVE_REGULATION_OF_INTRACELLULAR_PROTEIN_TRANSPORT		29	-0.43174848	-1.2211761	0.19216418	0.36336905	1.0	1712	tags=31%, list=16%, signal=37%	
GOBP_ALPHA_BETA_T_CELL_PROLIFERATION	GOBP_ALPHA_BETA_T_CELL_PROLIFERATION		27	-0.43809217	-1.2210345	0.19001919	0.36341652	1.0	1341	tags=33%, list=13%, signal=38%	
GOBP_NEGATIVE_REGULATION_OF_CELLULAR_COMPONENT_ORGANIZATION	GOBP_NEGATIVE_REGULATION_OF_CELLULAR_COMPONENT_ORGANIZATION		415	-0.29416376	-1.2209433	0.02389706	0.36336496	1.0	1604	tags=18%, list=15%, signal=21%	
HP_KERATITIS	HP_KERATITIS		36	-0.41059595	-1.2208543	0.16283925	0.3633072	1.0	2270	tags=36%, list=22%, signal=46%	
HP_ABSCESS	HP_ABSCESS		34	-0.41260967	-1.2206149	0.1597633	0.36352617	1.0	1364	tags=26%, list=13%, signal=30%	
GOBP_CELL_JUNCTION_ASSEMBLY	GOBP_CELL_JUNCTION_ASSEMBLY		146	-0.32631263	-1.2205087	0.07272727	0.36351013	1.0	1094	tags=18%, list=10%, signal=20%	
GOBP_HEAD_DEVELOPMENT	GOBP_HEAD_DEVELOPMENT		366	-0.29635644	-1.2200016	0.04029304	0.364325	1.0	2109	tags=25%, list=20%, signal=30%	
HP_OTITIS_MEDIA	HP_OTITIS_MEDIA		161	-0.32498094	-1.2199844	0.09338521	0.3641174	1.0	2174	tags=32%, list=21%, signal=39%	
GOBP_REGULATION_OF_TRANSPORTER_ACTIVITY	GOBP_REGULATION_OF_TRANSPORTER_ACTIVITY		109	-0.3416552	-1.2194222	0.10074627	0.36499017	1.0	1801	tags=28%, list=17%, signal=33%	
GOBP_CELL_ACTIVATION_INVOLVED_IN_IMMUNE_RESPONSE	GOBP_CELL_ACTIVATION_INVOLVED_IN_IMMUNE_RESPONSE		175	-0.3184043	-1.2193048	0.07017544	0.36501694	1.0	1290	tags=26%, list=12%, signal=29%	
GOMF_CYCLIC_NUCLEOTIDE_BINDING	GOMF_CYCLIC_NUCLEOTIDE_BINDING		15	-0.51285225	-1.2190005	0.22653061	0.3654372	1.0	1937	tags=47%, list=18%, signal=57%	
GOBP_POLYOL_BIOSYNTHETIC_PROCESS	GOBP_POLYOL_BIOSYNTHETIC_PROCESS		32	-0.42406166	-1.2187607	0.1880998	0.36569583	1.0	1544	tags=25%, list=15%, signal=29%	
GOMF_SOLUTE_SODIUM_SYMPORTER_ACTIVITY	GOMF_SOLUTE_SODIUM_SYMPORTER_ACTIVITY		15	-0.50676036	-1.2186457	0.21298175	0.36570835	1.0	757	tags=20%, list=7%, signal=22%	
HP_ABNORMAL_CIRCULATING_LIPID_CONCENTRATION	HP_ABNORMAL_CIRCULATING_LIPID_CONCENTRATION		169	-0.31991062	-1.2186211	0.07678245	0.36551073	1.0	1505	tags=21%, list=14%, signal=24%	
GOBP_REGULATION_OF_CARBOHYDRATE_METABOLIC_PROCESS	GOBP_REGULATION_OF_CARBOHYDRATE_METABOLIC_PROCESS		107	-0.3409405	-1.2185401	0.10150376	0.36542973	1.0	977	tags=17%, list=9%, signal=18%	
GOBP_POSITIVE_REGULATION_OF_CELL_ACTIVATION	GOBP_POSITIVE_REGULATION_OF_CELL_ACTIVATION		200	-0.31795776	-1.2175256	0.075329565	0.3673034	1.0	1341	tags=26%, list=13%, signal=29%	
GOBP_RESPONSE_TO_FUNGUS	GOBP_RESPONSE_TO_FUNGUS		19	-0.47592065	-1.2169218	0.2159533	0.36835712	1.0	1248	tags=26%, list=12%, signal=30%	
GOBP_LEUKOCYTE_TETHERING_OR_ROLLING	GOBP_LEUKOCYTE_TETHERING_OR_ROLLING		19	-0.47461528	-1.2164925	0.20408164	0.36898848	1.0	605	tags=26%, list=6%, signal=28%	
GOBP_CELLULAR_DEFENSE_RESPONSE	GOBP_CELLULAR_DEFENSE_RESPONSE		25	-0.4405549	-1.2163811	0.20196079	0.3689783	1.0	1754	tags=48%, list=17%, signal=57%	
HP_DECREASED_FERTILITY_IN_FEMALES	HP_DECREASED_FERTILITY_IN_FEMALES		22	-0.4545405	-1.2149847	0.20758483	0.37166792	1.0	2202	tags=55%, list=21%, signal=69%	
GOBP_TOLL_LIKE_RECEPTOR_SIGNALING_PATHWAY	GOBP_TOLL_LIKE_RECEPTOR_SIGNALING_PATHWAY		80	-0.35579857	-1.2149793	0.12825279	0.3714318	1.0	1038	tags=19%, list=10%, signal=21%	
GOBP_LIPID_STORAGE	GOBP_LIPID_STORAGE		50	-0.38924262	-1.2148172	0.16698292	0.3715592	1.0	984	tags=18%, list=9%, signal=20%	
HP_COLITIS	HP_COLITIS		37	-0.4084866	-1.2139881	0.18972331	0.37309915	1.0	1643	tags=41%, list=16%, signal=48%	
GOBP_REGULATION_OF_MYELOID_LEUKOCYTE_MEDIATED_IMMUNITY	GOBP_REGULATION_OF_MYELOID_LEUKOCYTE_MEDIATED_IMMUNITY		34	-0.4235057	-1.213952	0.18108653	0.37293112	1.0	1754	tags=38%, list=17%, signal=46%	
GOBP_AUTOPHAGOSOME_MATURATION	GOBP_AUTOPHAGOSOME_MATURATION		49	-0.3876652	-1.2136042	0.14257425	0.3733922	1.0	2506	tags=35%, list=24%, signal=45%	
GOBP_REGULATION_OF_NEUTROPHIL_MIGRATION	GOBP_REGULATION_OF_NEUTROPHIL_MIGRATION		23	-0.450666	-1.2133193	0.19493178	0.37379703	1.0	1528	tags=35%, list=15%, signal=41%	
GOBP_POSITIVE_REGULATION_OF_PROTEIN_DEPHOSPHORYLATION	GOBP_POSITIVE_REGULATION_OF_PROTEIN_DEPHOSPHORYLATION		33	-0.4266748	-1.2132977	0.17964073	0.37360126	1.0	645	tags=21%, list=6%, signal=23%	
GOBP_POSITIVE_REGULATION_OF_TRANSMEMBRANE_RECEPTOR_PROTEIN_SERINE_THREONINE_KINASE_SIGNALING_PATHWAY	GOBP_POSITIVE_REGULATION_OF_TRANSMEMBRANE_RECEPTOR_PROTEIN_SERINE_THREONINE_KINASE_SIGNALING_PATHWAY		45	-0.39199382	-1.2130167	0.16067654	0.37393746	1.0	1078	tags=20%, list=10%, signal=22%	
GOBP_REGULATION_OF_LEUKOCYTE_MIGRATION	GOBP_REGULATION_OF_LEUKOCYTE_MIGRATION		104	-0.34108484	-1.2128432	0.108481266	0.37408134	1.0	1528	tags=26%, list=15%, signal=30%	
GOBP_POSITIVE_REGULATION_OF_FILOPODIUM_ASSEMBLY	GOBP_POSITIVE_REGULATION_OF_FILOPODIUM_ASSEMBLY		15	-0.4990143	-1.2127141	0.20547946	0.37412107	1.0	379	tags=13%, list=4%, signal=14%	
GOBP_REGULATION_OF_CELL_ADHESION_MEDIATED_BY_INTEGRIN	GOBP_REGULATION_OF_CELL_ADHESION_MEDIATED_BY_INTEGRIN		25	-0.4432008	-1.2122239	0.19842829	0.37490556	1.0	111	tags=12%, list=1%, signal=12%	
GOBP_REGULATION_OF_CELL_SUBSTRATE_JUNCTION_ORGANIZATION	GOBP_REGULATION_OF_CELL_SUBSTRATE_JUNCTION_ORGANIZATION		40	-0.4005789	-1.211713	0.16570328	0.37573934	1.0	930	tags=20%, list=9%, signal=22%	
HP_ABNORMALITY_OF_THE_UMBILICAL_CORD	HP_ABNORMALITY_OF_THE_UMBILICAL_CORD		24	-0.4492299	-1.2116277	0.2019802	0.3756811	1.0	1636	tags=38%, list=16%, signal=44%	
GOCC_CELL_BODY	GOCC_CELL_BODY		241	-0.30436713	-1.2115173	0.07052441	0.3756534	1.0	1363	tags=20%, list=13%, signal=23%	
HP_ABNORMAL_HEAD_MOVEMENTS	HP_ABNORMAL_HEAD_MOVEMENTS		21	-0.46126705	-1.2113996	0.19183673	0.37564367	1.0	1272	tags=29%, list=12%, signal=32%	
GOMF_G_PROTEIN_ACTIVITY	GOMF_G_PROTEIN_ACTIVITY		26	-0.43542436	-1.2109125	0.19038077	0.37647867	1.0	1418	tags=23%, list=13%, signal=27%	
GOBP_OOGENESIS	GOBP_OOGENESIS		37	-0.39841887	-1.2108085	0.16367266	0.3764591	1.0	876	tags=22%, list=8%, signal=24%	
GOMF_INTRAMEMBRANE_LIPID_TRANSPORTER_ACTIVITY	GOMF_INTRAMEMBRANE_LIPID_TRANSPORTER_ACTIVITY		26	-0.44018048	-1.2107964	0.17561984	0.37623242	1.0	1734	tags=31%, list=17%, signal=37%	
HP_ABNORMAL_BRONCHUS_MORPHOLOGY	HP_ABNORMAL_BRONCHUS_MORPHOLOGY		80	-0.3540149	-1.2106639	0.13611615	0.37627575	1.0	2053	tags=31%, list=20%, signal=39%	
GOBP_POSITIVE_REGULATION_OF_INNATE_IMMUNE_RESPONSE	GOBP_POSITIVE_REGULATION_OF_INNATE_IMMUNE_RESPONSE		78	-0.3585947	-1.2101144	0.1362764	0.3771499	1.0	1460	tags=24%, list=14%, signal=28%	
GOBP_ADULT_BEHAVIOR	GOBP_ADULT_BEHAVIOR		43	-0.3953764	-1.2100186	0.17714286	0.37711394	1.0	2358	tags=42%, list=22%, signal=54%	
GOBP_EPHRIN_RECEPTOR_SIGNALING_PATHWAY	GOBP_EPHRIN_RECEPTOR_SIGNALING_PATHWAY		17	-0.47698912	-1.2098761	0.20664206	0.377189	1.0	1463	tags=29%, list=14%, signal=34%	
GOBP_MAINTENANCE_OF_PROTEIN_LOCALIZATION_IN_ORGANELLE	GOBP_MAINTENANCE_OF_PROTEIN_LOCALIZATION_IN_ORGANELLE		36	-0.41163155	-1.2096481	0.1879845	0.3774253	1.0	1434	tags=33%, list=14%, signal=38%	
GOBP_CARBOHYDRATE_DERIVATIVE_TRANSPORT	GOBP_CARBOHYDRATE_DERIVATIVE_TRANSPORT		58	-0.37605676	-1.208943	0.15913557	0.37866074	1.0	1120	tags=22%, list=11%, signal=25%	
HP_ABNORMAL_SUBARACHNOID_SPACE_MORPHOLOGY	HP_ABNORMAL_SUBARACHNOID_SPACE_MORPHOLOGY		68	-0.36021575	-1.2088172	0.14313346	0.3786679	1.0	1433	tags=22%, list=14%, signal=25%	
HP_DILATION_OF_LATERAL_VENTRICLES	HP_DILATION_OF_LATERAL_VENTRICLES		58	-0.3721441	-1.2086729	0.17281553	0.37874538	1.0	1477	tags=21%, list=14%, signal=24%	
GOBP_REGULATION_OF_NEUROTRANSMITTER_RECEPTOR_ACTIVITY	GOBP_REGULATION_OF_NEUROTRANSMITTER_RECEPTOR_ACTIVITY		19	-0.47467726	-1.2085334	0.22900763	0.3788283	1.0	1754	tags=42%, list=17%, signal=50%	
GOCC_INTRINSIC_COMPONENT_OF_SYNAPTIC_MEMBRANE	GOCC_INTRINSIC_COMPONENT_OF_SYNAPTIC_MEMBRANE		32	-0.41821808	-1.2084466	0.184	0.37876257	1.0	1126	tags=25%, list=11%, signal=28%	
HP_NASOGASTRIC_TUBE_FEEDING_IN_INFANCY	HP_NASOGASTRIC_TUBE_FEEDING_IN_INFANCY		18	-0.47182217	-1.208298	0.22107439	0.3788259	1.0	821	tags=17%, list=8%, signal=18%	
HP_FOCAL_NON_MOTOR_SEIZURE	HP_FOCAL_NON_MOTOR_SEIZURE		34	-0.40909073	-1.2082046	0.17635658	0.37877795	1.0	1967	tags=41%, list=19%, signal=50%	
GOBP_NEGATIVE_REGULATION_OF_IMMUNE_SYSTEM_PROCESS	GOBP_NEGATIVE_REGULATION_OF_IMMUNE_SYSTEM_PROCESS		224	-0.30692753	-1.2081982	0.080827065	0.37854412	1.0	1311	tags=20%, list=12%, signal=22%	
GOMF_IRON_ION_BINDING	GOMF_IRON_ION_BINDING		55	-0.37344402	-1.2073839	0.16666667	0.38004574	1.0	1066	tags=16%, list=10%, signal=18%	
HP_HEMIPARESIS	HP_HEMIPARESIS		50	-0.38322258	-1.2069978	0.15134099	0.3806266	1.0	1390	tags=22%, list=13%, signal=25%	
GOMF_PROTEIN_MACROMOLECULE_ADAPTOR_ACTIVITY	GOMF_PROTEIN_MACROMOLECULE_ADAPTOR_ACTIVITY		206	-0.31168717	-1.2069635	0.08785047	0.38046065	1.0	2465	tags=29%, list=23%, signal=37%	
HP_DECREASED_NUMBER_OF_PERIPHERAL_MYELINATED_NERVE_FIBERS	HP_DECREASED_NUMBER_OF_PERIPHERAL_MYELINATED_NERVE_FIBERS		23	-0.44473636	-1.2068143	0.20283976	0.3805357	1.0	2346	tags=30%, list=22%, signal=39%	
GOBP_FORMATION_OF_PRIMARY_GERM_LAYER	GOBP_FORMATION_OF_PRIMARY_GERM_LAYER		45	-0.3907322	-1.2067486	0.16666667	0.38042787	1.0	1604	tags=24%, list=15%, signal=29%	
GOBP_POSITIVE_REGULATION_OF_KINASE_ACTIVITY	GOBP_POSITIVE_REGULATION_OF_KINASE_ACTIVITY		243	-0.30523172	-1.205863	0.08196721	0.3820788	1.0	1370	tags=21%, list=13%, signal=24%	
GOBP_FATTY_ACID_CATABOLIC_PROCESS	GOBP_FATTY_ACID_CATABOLIC_PROCESS		73	-0.3592199	-1.2057956	0.1367347	0.38195968	1.0	1509	tags=22%, list=14%, signal=25%	
GOBP_REGULATION_OF_LYMPHOCYTE_MEDIATED_IMMUNITY	GOBP_REGULATION_OF_LYMPHOCYTE_MEDIATED_IMMUNITY		92	-0.344504	-1.2055827	0.13141684	0.38215724	1.0	1412	tags=26%, list=13%, signal=30%	
HP_ABNORMAL_CORNEAL_EPITHELIUM_MORPHOLOGY	HP_ABNORMAL_CORNEAL_EPITHELIUM_MORPHOLOGY		46	-0.3927228	-1.2055309	0.17611337	0.38200828	1.0	2270	tags=37%, list=22%, signal=47%	
HP_ABNORMAL_IMMUNE_SYSTEM_MORPHOLOGY	HP_ABNORMAL_IMMUNE_SYSTEM_MORPHOLOGY		412	-0.29092786	-1.2047949	0.04456328	0.38334078	1.0	1290	tags=18%, list=12%, signal=20%	
GOBP_REGULATION_OF_MUSCLE_ORGAN_DEVELOPMENT	GOBP_REGULATION_OF_MUSCLE_ORGAN_DEVELOPMENT		18	-0.47753492	-1.2045283	0.21386139	0.38367996	1.0	526	tags=22%, list=5%, signal=23%	
HP_HETEROGENEOUS	HP_HETEROGENEOUS		98	-0.33952397	-1.2042497	0.124304265	0.38402674	1.0	1272	tags=14%, list=12%, signal=16%	
HP_PENDULAR_NYSTAGMUS	HP_PENDULAR_NYSTAGMUS		16	-0.48518318	-1.2041223	0.23694779	0.3840491	1.0	1908	tags=38%, list=18%, signal=46%	
HP_ABNORMAL_BLOOD_GAS_LEVEL	HP_ABNORMAL_BLOOD_GAS_LEVEL		15	-0.49139977	-1.2039726	0.21703854	0.38414392	1.0	1683	tags=40%, list=16%, signal=48%	
HP_ABNORMALITY_ON_PULMONARY_FUNCTION_TESTING	HP_ABNORMALITY_ON_PULMONARY_FUNCTION_TESTING		68	-0.36257374	-1.2039347	0.15369649	0.3839891	1.0	631	tags=15%, list=6%, signal=16%	
GOMF_POLYUBIQUITIN_MODIFICATION_DEPENDENT_PROTEIN_BINDING	GOMF_POLYUBIQUITIN_MODIFICATION_DEPENDENT_PROTEIN_BINDING		44	-0.38793063	-1.2033553	0.14971209	0.38509443	1.0	2590	tags=34%, list=25%, signal=45%	
GOMF_CALMODULIN_DEPENDENT_PROTEIN_KINASE_ACTIVITY	GOMF_CALMODULIN_DEPENDENT_PROTEIN_KINASE_ACTIVITY		16	-0.4903619	-1.2032049	0.21980198	0.38516864	1.0	1223	tags=38%, list=12%, signal=42%	
GOBP_REGULATION_OF_NATURAL_KILLER_CELL_MEDIATED_IMMUNITY	GOBP_REGULATION_OF_NATURAL_KILLER_CELL_MEDIATED_IMMUNITY		19	-0.47315985	-1.2031965	0.22111554	0.3849498	1.0	1735	tags=47%, list=17%, signal=57%	
GOBP_GLIAL_CELL_DIFFERENTIATION	GOBP_GLIAL_CELL_DIFFERENTIATION		97	-0.3458557	-1.2029974	0.12310606	0.38511857	1.0	1052	tags=21%, list=10%, signal=23%	
GOBP_POSITIVE_REGULATION_OF_LEUKOCYTE_MIGRATION	GOBP_POSITIVE_REGULATION_OF_LEUKOCYTE_MIGRATION		66	-0.36450267	-1.2028075	0.16283526	0.38526875	1.0	1756	tags=30%, list=17%, signal=36%	
GOBP_STEM_CELL_DIVISION	GOBP_STEM_CELL_DIVISION		15	-0.49408156	-1.2022207	0.21370968	0.3863047	1.0	595	tags=40%, list=6%, signal=42%	
GOBP_PEPTIDYL_THREONINE_MODIFICATION	GOBP_PEPTIDYL_THREONINE_MODIFICATION		85	-0.34784198	-1.2020727	0.11066398	0.38639367	1.0	1935	tags=28%, list=18%, signal=34%	
HP_ANOSMIA	HP_ANOSMIA		15	-0.5002415	-1.201695	0.24404761	0.38696408	1.0	2411	tags=40%, list=23%, signal=52%	
GOCC_CENTRIOLAR_SATELLITE	GOCC_CENTRIOLAR_SATELLITE		81	-0.35567734	-1.2012899	0.14744802	0.3875837	1.0	1645	tags=20%, list=16%, signal=23%	
GOBP_SENSORY_ORGAN_DEVELOPMENT	GOBP_SENSORY_ORGAN_DEVELOPMENT		188	-0.31036595	-1.2009606	0.09293681	0.38808015	1.0	1304	tags=18%, list=12%, signal=20%	
GOBP_MONOCARBOXYLIC_ACID_TRANSPORT	GOBP_MONOCARBOXYLIC_ACID_TRANSPORT		33	-0.4089496	-1.2006754	0.19379845	0.38844082	1.0	99	tags=9%, list=1%, signal=9%	
GOBP_REGULATION_OF_PHOSPHATIDYLINOSITOL_3_KINASE_SIGNALING	GOBP_REGULATION_OF_PHOSPHATIDYLINOSITOL_3_KINASE_SIGNALING		49	-0.38443556	-1.200482	0.17291667	0.38860747	1.0	1586	tags=35%, list=15%, signal=41%	
HP_ADVANCED_ERUPTION_OF_TEETH	HP_ADVANCED_ERUPTION_OF_TEETH		23	-0.45879567	-1.2004511	0.21621622	0.38842216	1.0	2120	tags=30%, list=20%, signal=38%	
GOBP_REGULATION_OF_PLASMA_LIPOPROTEIN_PARTICLE_LEVELS	GOBP_REGULATION_OF_PLASMA_LIPOPROTEIN_PARTICLE_LEVELS		31	-0.41737258	-1.2002115	0.20484172	0.3886952	1.0	2489	tags=42%, list=24%, signal=55%	
GOBP_ENDOTHELIUM_DEVELOPMENT	GOBP_ENDOTHELIUM_DEVELOPMENT		63	-0.36749196	-1.200147	0.15068494	0.38859653	1.0	1506	tags=25%, list=14%, signal=29%	
HP_ABNORMALITY_OF_METACARPOPHALANGEAL_JOINT	HP_ABNORMALITY_OF_METACARPOPHALANGEAL_JOINT		16	-0.49257246	-1.1997495	0.23284823	0.38927242	1.0	1209	tags=38%, list=12%, signal=42%	
GOMF_SMAD_BINDING	GOMF_SMAD_BINDING		52	-0.3810257	-1.1992327	0.16071428	0.39016515	1.0	1468	tags=23%, list=14%, signal=27%	
HP_ABNORMAL_AORTIC_VALVE_PHYSIOLOGY	HP_ABNORMAL_AORTIC_VALVE_PHYSIOLOGY		91	-0.34269008	-1.1991342	0.12403101	0.39012364	1.0	1479	tags=22%, list=14%, signal=25%	
GOMF_POTASSIUM_CHANNEL_ACTIVITY	GOMF_POTASSIUM_CHANNEL_ACTIVITY		17	-0.47827023	-1.1990455	0.2361111	0.39008555	1.0	2467	tags=41%, list=23%, signal=54%	
GOMF_CHROMATIN_DNA_BINDING	GOMF_CHROMATIN_DNA_BINDING		67	-0.35662493	-1.1986705	0.15127702	0.39066237	1.0	1066	tags=16%, list=10%, signal=18%	
GOBP_INTRACELLULAR_LIPID_TRANSPORT	GOBP_INTRACELLULAR_LIPID_TRANSPORT		33	-0.41329756	-1.1983229	0.18940938	0.3911959	1.0	1327	tags=27%, list=13%, signal=31%	
HP_ABNORMAL_CIRCULATING_IGA_LEVEL	HP_ABNORMAL_CIRCULATING_IGA_LEVEL		49	-0.38003188	-1.1982514	0.1724138	0.39111486	1.0	994	tags=20%, list=9%, signal=22%	
GOMF_PROMOTER_SPECIFIC_CHROMATIN_BINDING	GOMF_PROMOTER_SPECIFIC_CHROMATIN_BINDING		44	-0.392303	-1.1980317	0.1902834	0.39137557	1.0	677	tags=11%, list=6%, signal=12%	
GOBP_POSITIVE_REGULATION_OF_I_KAPPAB_KINASE_NF_KAPPAB_SIGNALING	GOBP_POSITIVE_REGULATION_OF_I_KAPPAB_KINASE_NF_KAPPAB_SIGNALING		134	-0.32390478	-1.1979316	0.09920635	0.39132163	1.0	1248	tags=23%, list=12%, signal=26%	
GOBP_POSITIVE_REGULATION_OF_T_CELL_RECEPTOR_SIGNALING_PATHWAY	GOBP_POSITIVE_REGULATION_OF_T_CELL_RECEPTOR_SIGNALING_PATHWAY		15	-0.49048784	-1.1975523	0.24324325	0.39187977	1.0	1644	tags=53%, list=16%, signal=63%	
HP_ABNORMAL_ORAL_PHYSIOLOGY	HP_ABNORMAL_ORAL_PHYSIOLOGY		132	-0.32721972	-1.1975392	0.11434109	0.3916533	1.0	917	tags=17%, list=9%, signal=18%	
GOBP_LEUKOCYTE_PROLIFERATION	GOBP_LEUKOCYTE_PROLIFERATION		167	-0.3165287	-1.1967489	0.1037037	0.39314964	1.0	1341	tags=25%, list=13%, signal=28%	
GOBP_POSITIVE_REGULATION_OF_NEUROGENESIS	GOBP_POSITIVE_REGULATION_OF_NEUROGENESIS		108	-0.33657065	-1.1967345	0.13293651	0.39293304	1.0	969	tags=15%, list=9%, signal=16%	
HP_ABNORMALITY_OF_PANCREAS_PHYSIOLOGY	HP_ABNORMALITY_OF_PANCREAS_PHYSIOLOGY		79	-0.35513502	-1.1966857	0.15831663	0.3927854	1.0	2255	tags=35%, list=21%, signal=45%	
HP_ABNORMALITY_IRIS_MORPHOLOGY	HP_ABNORMALITY_IRIS_MORPHOLOGY		240	-0.3058501	-1.1957018	0.084745765	0.39477244	1.0	2029	tags=23%, list=19%, signal=28%	
GOBP_TEMPERATURE_HOMEOSTASIS	GOBP_TEMPERATURE_HOMEOSTASIS		89	-0.34396407	-1.1955123	0.147929	0.394932	1.0	1098	tags=21%, list=10%, signal=24%	
GOBP_EMBRYONIC_ORGAN_MORPHOGENESIS	GOBP_EMBRYONIC_ORGAN_MORPHOGENESIS		88	-0.34689492	-1.1954752	0.141527	0.39475715	1.0	1927	tags=26%, list=18%, signal=32%	
HP_SHORT_THORAX	HP_SHORT_THORAX		22	-0.4520849	-1.19489	0.21289062	0.39581874	1.0	2807	tags=41%, list=27%, signal=56%	
HP_LIMB_MUSCLE_WEAKNESS	HP_LIMB_MUSCLE_WEAKNESS		160	-0.3198085	-1.1946827	0.112676054	0.39605382	1.0	1529	tags=21%, list=15%, signal=24%	
GOBP_CERAMIDE_BIOSYNTHETIC_PROCESS	GOBP_CERAMIDE_BIOSYNTHETIC_PROCESS		43	-0.38476744	-1.1945107	0.18055555	0.39620742	1.0	2080	tags=33%, list=20%, signal=40%	
GOMF_SYNTAXIN_BINDING	GOMF_SYNTAXIN_BINDING		43	-0.39556685	-1.1943549	0.18026565	0.3963165	1.0	2448	tags=33%, list=23%, signal=42%	
GOCC_ACROSOMAL_VESICLE	GOCC_ACROSOMAL_VESICLE		47	-0.38291508	-1.194223	0.19381443	0.39637414	1.0	1019	tags=21%, list=10%, signal=23%	
GOBP_SKELETAL_SYSTEM_MORPHOGENESIS	GOBP_SKELETAL_SYSTEM_MORPHOGENESIS		78	-0.35271588	-1.1938044	0.1669903	0.3970923	1.0	1927	tags=32%, list=18%, signal=39%	
GOMF_THIOLESTER_HYDROLASE_ACTIVITY	GOMF_THIOLESTER_HYDROLASE_ACTIVITY		31	-0.41940916	-1.1937532	0.19472617	0.39697462	1.0	1487	tags=26%, list=14%, signal=30%	
GOBP_REGULATION_OF_TELOMERE_CAPPING	GOBP_REGULATION_OF_TELOMERE_CAPPING		24	-0.44292542	-1.1936896	0.22111554	0.396888	1.0	339	tags=8%, list=3%, signal=9%	
GOBP_REGULATION_OF_SYSTEMIC_ARTERIAL_BLOOD_PRESSURE	GOBP_REGULATION_OF_SYSTEMIC_ARTERIAL_BLOOD_PRESSURE		27	-0.42637864	-1.1931156	0.19467214	0.39789695	1.0	886	tags=19%, list=8%, signal=20%	
HP_OVOID_VERTEBRAL_BODIES	HP_OVOID_VERTEBRAL_BODIES		16	-0.47679058	-1.1929804	0.23030303	0.39795056	1.0	1903	tags=38%, list=18%, signal=46%	
GOBP_REGULATION_OF_EXTRINSIC_APOPTOTIC_SIGNALING_PATHWAY_VIA_DEATH_DOMAIN_RECEPTORS	GOBP_REGULATION_OF_EXTRINSIC_APOPTOTIC_SIGNALING_PATHWAY_VIA_DEATH_DOMAIN_RECEPTORS		31	-0.41051155	-1.1927636	0.20825148	0.39819363	1.0	930	tags=19%, list=9%, signal=21%	
GOBP_ORGANOPHOSPHATE_CATABOLIC_PROCESS	GOBP_ORGANOPHOSPHATE_CATABOLIC_PROCESS		95	-0.3392311	-1.1926532	0.123046875	0.398183	1.0	1499	tags=23%, list=14%, signal=27%	
HP_PERICARDIAL_EFFUSION	HP_PERICARDIAL_EFFUSION		22	-0.4423313	-1.192374	0.20892495	0.39853933	1.0	1181	tags=27%, list=11%, signal=31%	
GOBP_INNER_EAR_MORPHOGENESIS	GOBP_INNER_EAR_MORPHOGENESIS		23	-0.44685155	-1.1919518	0.20761904	0.39924103	1.0	804	tags=17%, list=8%, signal=19%	
GOBP_HOMOLOGOUS_CHROMOSOME_PAIRING_AT_MEIOSIS	GOBP_HOMOLOGOUS_CHROMOSOME_PAIRING_AT_MEIOSIS		22	-0.44652176	-1.1917619	0.22884615	0.39938864	1.0	1034	tags=18%, list=10%, signal=20%	
GOBP_T_CELL_SELECTION	GOBP_T_CELL_SELECTION		35	-0.4008308	-1.191743	0.20194174	0.3991823	1.0	1412	tags=37%, list=13%, signal=43%	
GOBP_NEGATIVE_REGULATION_OF_PROTEIN_MODIFICATION_PROCESS	GOBP_NEGATIVE_REGULATION_OF_PROTEIN_MODIFICATION_PROCESS		337	-0.2904423	-1.1914055	0.053475935	0.39968282	1.0	1528	tags=19%, list=15%, signal=21%	
GOBP_RAC_PROTEIN_SIGNAL_TRANSDUCTION	GOBP_RAC_PROTEIN_SIGNAL_TRANSDUCTION		31	-0.41961995	-1.1912074	0.19888476	0.3998776	1.0	2253	tags=32%, list=21%, signal=41%	
GOBP_ENDODERM_DEVELOPMENT	GOBP_ENDODERM_DEVELOPMENT		32	-0.4129117	-1.1911994	0.20445344	0.39964235	1.0	1363	tags=19%, list=13%, signal=21%	
GOBP_NEGATIVE_REGULATION_OF_ANTIGEN_RECEPTOR_MEDIATED_SIGNALING_PATHWAY	GOBP_NEGATIVE_REGULATION_OF_ANTIGEN_RECEPTOR_MEDIATED_SIGNALING_PATHWAY		21	-0.4501877	-1.1908888	0.22736031	0.40009633	1.0	602	tags=24%, list=6%, signal=25%	
HP_ABNORMAL_ENDOCARDIUM_MORPHOLOGY	HP_ABNORMAL_ENDOCARDIUM_MORPHOLOGY		36	-0.40120953	-1.1908268	0.1979798	0.3999832	1.0	1378	tags=28%, list=13%, signal=32%	
GOBP_REGULATION_OF_GROWTH	GOBP_REGULATION_OF_GROWTH		329	-0.29278126	-1.1907792	0.064124785	0.39984855	1.0	1241	tags=16%, list=12%, signal=17%	
GOBP_NEGATIVE_REGULATION_OF_AUTOPHAGY	GOBP_NEGATIVE_REGULATION_OF_AUTOPHAGY		60	-0.3665505	-1.1907701	0.16338582	0.39962554	1.0	963	tags=22%, list=9%, signal=24%	
HP_PATHOLOGIC_FRACTURE	HP_PATHOLOGIC_FRACTURE		32	-0.41361332	-1.190699	0.212	0.39954087	1.0	1414	tags=28%, list=13%, signal=32%	
GOCC_GOLGI_MEMBRANE	GOCC_GOLGI_MEMBRANE		417	-0.28866965	-1.1906353	0.047528517	0.39942947	1.0	1896	tags=23%, list=18%, signal=27%	
GOBP_REGULATION_OF_MEIOTIC_CELL_CYCLE	GOBP_REGULATION_OF_MEIOTIC_CELL_CYCLE		24	-0.44115743	-1.1904548	0.22586873	0.39958847	1.0	2462	tags=38%, list=23%, signal=49%	
HP_MEMORY_IMPAIRMENT	HP_MEMORY_IMPAIRMENT		87	-0.34204075	-1.1899815	0.1575985	0.4003758	1.0	976	tags=18%, list=9%, signal=20%	
GOMF_CHOLESTEROL_BINDING	GOMF_CHOLESTEROL_BINDING		32	-0.41225195	-1.1899261	0.199187	0.4002574	1.0	1512	tags=25%, list=14%, signal=29%	
GOCC_CLATHRIN_COATED_VESICLE	GOCC_CLATHRIN_COATED_VESICLE		105	-0.33835742	-1.1893682	0.14035088	0.4012546	1.0	2369	tags=35%, list=23%, signal=45%	
GOBP_RESPONSE_TO_STEROID_HORMONE	GOBP_RESPONSE_TO_STEROID_HORMONE		172	-0.31415236	-1.18867	0.10925926	0.4026315	1.0	1212	tags=19%, list=12%, signal=21%	
GOCC_EARLY_ENDOSOME_MEMBRANE	GOCC_EARLY_ENDOSOME_MEMBRANE		114	-0.33305755	-1.1886501	0.12781955	0.40242308	1.0	1499	tags=21%, list=14%, signal=24%	
HP_LYMPHOMA	HP_LYMPHOMA		87	-0.3470265	-1.1885931	0.120300755	0.40229502	1.0	1290	tags=23%, list=12%, signal=26%	
HP_ABNORMALITY_OF_THE_DISTAL_PHALANX_OF_THE_THUMB	HP_ABNORMALITY_OF_THE_DISTAL_PHALANX_OF_THE_THUMB		16	-0.47989333	-1.1882926	0.22113504	0.40274754	1.0	776	tags=19%, list=7%, signal=20%	
GOBP_GRANULOCYTE_ACTIVATION	GOBP_GRANULOCYTE_ACTIVATION		24	-0.44318804	-1.1880529	0.23135756	0.40304688	1.0	2448	tags=54%, list=23%, signal=70%	
GOCC_PODOSOME	GOCC_PODOSOME		20	-0.46078396	-1.1879323	0.22789784	0.40308204	1.0	462	tags=20%, list=4%, signal=21%	
GOBP_EPITHELIUM_DEVELOPMENT	GOBP_EPITHELIUM_DEVELOPMENT		472	-0.28404832	-1.1878916	0.038800705	0.40292233	1.0	1937	tags=22%, list=18%, signal=26%	
HP_RECURRENT_SINUSITIS	HP_RECURRENT_SINUSITIS		31	-0.41584074	-1.1878215	0.21183206	0.40283698	1.0	2094	tags=42%, list=20%, signal=52%	
HP_ABNORMALITY_OF_SKELETAL_MUSCLE_FIBER_SIZE	HP_ABNORMALITY_OF_SKELETAL_MUSCLE_FIBER_SIZE		33	-0.40799388	-1.1874748	0.21267894	0.40334395	1.0	1704	tags=24%, list=16%, signal=29%	
GOBP_POSITIVE_REGULATION_OF_INTERFERON_GAMMA_PRODUCTION	GOBP_POSITIVE_REGULATION_OF_INTERFERON_GAMMA_PRODUCTION		44	-0.38731855	-1.1873213	0.21730383	0.40344355	1.0	1029	tags=32%, list=10%, signal=35%	
GOBP_POSITIVE_REGULATION_OF_LEUKOCYTE_APOPTOTIC_PROCESS	GOBP_POSITIVE_REGULATION_OF_LEUKOCYTE_APOPTOTIC_PROCESS		15	-0.4809321	-1.1866887	0.24319066	0.40461877	1.0	2031	tags=33%, list=19%, signal=41%	
GOBP_CARDIAC_MUSCLE_TISSUE_DEVELOPMENT	GOBP_CARDIAC_MUSCLE_TISSUE_DEVELOPMENT		79	-0.35217035	-1.1866876	0.16898608	0.4043738	1.0	930	tags=18%, list=9%, signal=19%	
HP_VENTRICULAR_ARRHYTHMIA	HP_VENTRICULAR_ARRHYTHMIA		76	-0.35361695	-1.1863626	0.16536964	0.4048732	1.0	1726	tags=29%, list=16%, signal=34%	
GOBP_REGULATION_OF_STRIATED_MUSCLE_CONTRACTION	GOBP_REGULATION_OF_STRIATED_MUSCLE_CONTRACTION		31	-0.4230798	-1.1856353	0.20622568	0.40624335	1.0	1344	tags=29%, list=13%, signal=33%	
GOBP_POSITIVE_REGULATION_OF_ALPHA_BETA_T_CELL_PROLIFERATION	GOBP_POSITIVE_REGULATION_OF_ALPHA_BETA_T_CELL_PROLIFERATION		17	-0.4737987	-1.1855847	0.25	0.40610704	1.0	417	tags=29%, list=4%, signal=31%	
HP_UPPER_LIMB_MUSCLE_WEAKNESS	HP_UPPER_LIMB_MUSCLE_WEAKNESS		46	-0.37669224	-1.1854782	0.17598344	0.40610656	1.0	702	tags=20%, list=7%, signal=21%	
GOBP_NEGATIVE_REGULATION_OF_NEURON_APOPTOTIC_PROCESS	GOBP_NEGATIVE_REGULATION_OF_NEURON_APOPTOTIC_PROCESS		74	-0.3576285	-1.185443	0.18304431	0.40593493	1.0	1322	tags=23%, list=13%, signal=26%	
HP_LIMB_ATAXIA	HP_LIMB_ATAXIA		48	-0.37858883	-1.1850595	0.19771864	0.4065194	1.0	976	tags=21%, list=9%, signal=23%	
GOCC_CENTRIOLE	GOCC_CENTRIOLE		107	-0.33246374	-1.1847157	0.15589353	0.40705457	1.0	3770	tags=45%, list=36%, signal=69%	
GOBP_REGULATION_OF_OSTEOBLAST_DIFFERENTIATION	GOBP_REGULATION_OF_OSTEOBLAST_DIFFERENTIATION		49	-0.3804673	-1.1846387	0.18489066	0.40696728	1.0	1563	tags=27%, list=15%, signal=31%	
HP_IRREGULAR_MENSTRUATION	HP_IRREGULAR_MENSTRUATION		19	-0.45932508	-1.1846248	0.22718053	0.40674925	1.0	2460	tags=42%, list=23%, signal=55%	
HP_PNEUMOTHORAX	HP_PNEUMOTHORAX		21	-0.45291835	-1.1842527	0.22777778	0.40736946	1.0	440	tags=19%, list=4%, signal=20%	
GOCC_KINETOCHORE_MICROTUBULE	GOCC_KINETOCHORE_MICROTUBULE		16	-0.484228	-1.1842501	0.22612086	0.4071287	1.0	952	tags=19%, list=9%, signal=21%	
GOBP_RESPONSE_TO_ORGANIC_CYCLIC_COMPOUND	GOBP_RESPONSE_TO_ORGANIC_CYCLIC_COMPOUND		440	-0.2864611	-1.1837847	0.038391225	0.40795153	1.0	1261	tags=19%, list=12%, signal=20%	
GOBP_CELL_CELL_SIGNALING_BY_WNT	GOBP_CELL_CELL_SIGNALING_BY_WNT		218	-0.30279884	-1.1835988	0.0942029	0.40811753	1.0	1929	tags=23%, list=18%, signal=28%	
GOBP_REGULATION_OF_MACROPHAGE_MIGRATION	GOBP_REGULATION_OF_MACROPHAGE_MIGRATION		20	-0.45611587	-1.1830456	0.23287672	0.40907902	1.0	2797	tags=50%, list=27%, signal=68%	
GOBP_REGULATION_OF_LIPID_KINASE_ACTIVITY	GOBP_REGULATION_OF_LIPID_KINASE_ACTIVITY		40	-0.39213374	-1.1826085	0.20041323	0.4098373	1.0	1425	tags=23%, list=14%, signal=26%	
GOBP_REGULATION_OF_IMMUNE_EFFECTOR_PROCESS	GOBP_REGULATION_OF_IMMUNE_EFFECTOR_PROCESS		182	-0.31055692	-1.182457	0.092519686	0.4099224	1.0	1242	tags=25%, list=12%, signal=28%	
GOBP_POSITIVE_REGULATION_OF_TRANSCRIPTION_FROM_RNA_POLYMERASE_II_PROMOTER_IN_RESPONSE_TO_STRESS	GOBP_POSITIVE_REGULATION_OF_TRANSCRIPTION_FROM_RNA_POLYMERASE_II_PROMOTER_IN_RESPONSE_TO_STRESS		17	-0.48364332	-1.1820809	0.228	0.41052735	1.0	1024	tags=29%, list=10%, signal=33%	
GOBP_DEVELOPMENTAL_GROWTH_INVOLVED_IN_MORPHOGENESIS	GOBP_DEVELOPMENTAL_GROWTH_INVOLVED_IN_MORPHOGENESIS		101	-0.33486384	-1.1817335	0.17206478	0.4110613	1.0	1471	tags=23%, list=14%, signal=26%	
GOBP_PROTEIN_LOCALIZATION_TO_ENDOSOME	GOBP_PROTEIN_LOCALIZATION_TO_ENDOSOME		20	-0.45505875	-1.1816012	0.23754789	0.41110328	1.0	1760	tags=35%, list=17%, signal=42%	
GOBP_CANONICAL_WNT_SIGNALING_PATHWAY	GOBP_CANONICAL_WNT_SIGNALING_PATHWAY		143	-0.3167717	-1.1813173	0.12151395	0.41149753	1.0	1764	tags=24%, list=17%, signal=28%	
HP_OBSTRUCTIVE_SLEEP_APNEA	HP_OBSTRUCTIVE_SLEEP_APNEA		30	-0.41497692	-1.1809105	0.22699386	0.41215006	1.0	1531	tags=23%, list=15%, signal=27%	
GOBP_NEGATIVE_REGULATION_OF_SMALL_GTPASE_MEDIATED_SIGNAL_TRANSDUCTION	GOBP_NEGATIVE_REGULATION_OF_SMALL_GTPASE_MEDIATED_SIGNAL_TRANSDUCTION		34	-0.40793195	-1.180816	0.22693726	0.41213396	1.0	90	tags=9%, list=1%, signal=9%	
GOCC_CILIARY_BASE	GOCC_CILIARY_BASE		17	-0.46259812	-1.1806276	0.24590164	0.41231233	1.0	1842	tags=29%, list=18%, signal=36%	
GOBP_PROTEIN_CONTAINING_COMPLEX_DISASSEMBLY	GOBP_PROTEIN_CONTAINING_COMPLEX_DISASSEMBLY		168	-0.3123973	-1.1805633	0.13060428	0.41221502	1.0	1622	tags=20%, list=15%, signal=23%	
GOBP_POSITIVE_REGULATION_OF_PROTEIN_SERINE_THREONINE_KINASE_ACTIVITY	GOBP_POSITIVE_REGULATION_OF_PROTEIN_SERINE_THREONINE_KINASE_ACTIVITY		115	-0.33195832	-1.1803939	0.11960784	0.41238916	1.0	1370	tags=22%, list=13%, signal=25%	
HP_EPISODIC_TACHYPNEA	HP_EPISODIC_TACHYPNEA		29	-0.41282254	-1.180271	0.21541502	0.41244903	1.0	1279	tags=21%, list=12%, signal=23%	
HP_LONG_FOOT	HP_LONG_FOOT		21	-0.442804	-1.1792278	0.225	0.41460535	1.0	2202	tags=43%, list=21%, signal=54%	
HP_UVEITIS	HP_UVEITIS		32	-0.40789276	-1.1791196	0.21611002	0.41459668	1.0	1643	tags=38%, list=16%, signal=44%	
GOBP_REGULATION_OF_VASOCONSTRICTION	GOBP_REGULATION_OF_VASOCONSTRICTION		18	-0.46257755	-1.1786298	0.24007936	0.4154837	1.0	1344	tags=28%, list=13%, signal=32%	
GOBP_POSITIVE_REGULATION_OF_B_CELL_ACTIVATION	GOBP_POSITIVE_REGULATION_OF_B_CELL_ACTIVATION		53	-0.36718607	-1.1784462	0.17025441	0.41565728	1.0	981	tags=23%, list=9%, signal=25%	
GOBP_REGULATION_OF_INTRACELLULAR_PROTEIN_TRANSPORT	GOBP_REGULATION_OF_INTRACELLULAR_PROTEIN_TRANSPORT		163	-0.31266809	-1.1783959	0.11960784	0.41553316	1.0	1812	tags=25%, list=17%, signal=29%	
HP_PERIVENTRICULAR_HETEROTOPIA	HP_PERIVENTRICULAR_HETEROTOPIA		24	-0.43007782	-1.1778336	0.21893491	0.4166083	1.0	2233	tags=38%, list=21%, signal=48%	
GOBP_CELLULAR_RESPONSE_TO_OXYGEN_LEVELS	GOBP_CELLULAR_RESPONSE_TO_OXYGEN_LEVELS		104	-0.33357772	-1.177804	0.13980582	0.41642278	1.0	1581	tags=25%, list=15%, signal=29%	
GOBP_REGULATION_OF_B_CELL_ACTIVATION	GOBP_REGULATION_OF_B_CELL_ACTIVATION		83	-0.3377998	-1.1777496	0.15238096	0.41628298	1.0	981	tags=23%, list=9%, signal=25%	
GOBP_NEGATIVE_REGULATION_OF_TRANSFERASE_ACTIVITY	GOBP_NEGATIVE_REGULATION_OF_TRANSFERASE_ACTIVITY		174	-0.3101558	-1.1773058	0.1194853	0.417047	1.0	1435	tags=18%, list=14%, signal=21%	
GOBP_B_CELL_RECEPTOR_SIGNALING_PATHWAY	GOBP_B_CELL_RECEPTOR_SIGNALING_PATHWAY		36	-0.39823753	-1.1769515	0.22896282	0.4176212	1.0	776	tags=19%, list=7%, signal=21%	
GOBP_REGULATION_OF_MACROPHAGE_ACTIVATION	GOBP_REGULATION_OF_MACROPHAGE_ACTIVATION		26	-0.43093237	-1.1764997	0.25095785	0.41842318	1.0	1311	tags=31%, list=12%, signal=35%	
GOCC_APICAL_JUNCTION_COMPLEX	GOCC_APICAL_JUNCTION_COMPLEX		60	-0.36353844	-1.1762412	0.19526628	0.41874123	1.0	1937	tags=27%, list=18%, signal=33%	
GOBP_POSITIVE_REGULATION_OF_TRANSFERASE_ACTIVITY	GOBP_POSITIVE_REGULATION_OF_TRANSFERASE_ACTIVITY		315	-0.2897009	-1.1760608	0.0707457	0.41889048	1.0	1370	tags=19%, list=13%, signal=22%	
GOCC_PERINUCLEAR_REGION_OF_CYTOPLASM	GOCC_PERINUCLEAR_REGION_OF_CYTOPLASM		442	-0.2839362	-1.175994	0.055452865	0.4187892	1.0	1769	tags=21%, list=17%, signal=24%	
HP_GENERALIZED_TONIC_SEIZURE	HP_GENERALIZED_TONIC_SEIZURE		40	-0.38401973	-1.1753979	0.21181263	0.4198853	1.0	1315	tags=28%, list=13%, signal=31%	
HP_DIFFICULTY_RUNNING	HP_DIFFICULTY_RUNNING		22	-0.45183387	-1.1752703	0.2462406	0.41993487	1.0	856	tags=18%, list=8%, signal=20%	
GOBP_DEVELOPMENT_OF_PRIMARY_FEMALE_SEXUAL_CHARACTERISTICS	GOBP_DEVELOPMENT_OF_PRIMARY_FEMALE_SEXUAL_CHARACTERISTICS		41	-0.38532254	-1.1750634	0.21240601	0.42014584	1.0	1854	tags=34%, list=18%, signal=41%	
HP_VISUAL_LOSS	HP_VISUAL_LOSS		128	-0.32215986	-1.1743373	0.1388889	0.42156345	1.0	1548	tags=21%, list=15%, signal=24%	
GOBP_MATURE_B_CELL_DIFFERENTIATION	GOBP_MATURE_B_CELL_DIFFERENTIATION		21	-0.45704737	-1.1742907	0.2543021	0.42142206	1.0	884	tags=33%, list=8%, signal=36%	
HP_PANHYPOGAMMAGLOBULINEMIA	HP_PANHYPOGAMMAGLOBULINEMIA		16	-0.47532642	-1.1742532	0.24752475	0.42126274	1.0	1710	tags=38%, list=16%, signal=45%	
GOBP_ERK1_AND_ERK2_CASCADE	GOBP_ERK1_AND_ERK2_CASCADE		134	-0.31945258	-1.1739557	0.14619882	0.4216991	1.0	1204	tags=22%, list=11%, signal=24%	
GOCC_MICROTUBULE_PLUS_END	GOCC_MICROTUBULE_PLUS_END		19	-0.45937917	-1.1737771	0.25409836	0.42189285	1.0	3161	tags=53%, list=30%, signal=75%	
GOBP_PRODUCTION_OF_MOLECULAR_MEDIATOR_OF_IMMUNE_RESPONSE	GOBP_PRODUCTION_OF_MOLECULAR_MEDIATOR_OF_IMMUNE_RESPONSE		120	-0.32452208	-1.173684	0.13549618	0.42188954	1.0	1225	tags=26%, list=12%, signal=29%	
GOBP_POSITIVE_REGULATION_OF_PROTEOLYSIS	GOBP_POSITIVE_REGULATION_OF_PROTEOLYSIS		239	-0.2983464	-1.1731926	0.1101083	0.4227948	1.0	1355	tags=19%, list=13%, signal=22%	
GOBP_ZYMOGEN_ACTIVATION	GOBP_ZYMOGEN_ACTIVATION		27	-0.43066984	-1.1728977	0.24288425	0.42320824	1.0	1943	tags=33%, list=18%, signal=41%	
GOMF_DNA_BINDING_TRANSCRIPTION_ACTIVATOR_ACTIVITY	GOMF_DNA_BINDING_TRANSCRIPTION_ACTIVATOR_ACTIVITY		162	-0.31098494	-1.1728795	0.10826772	0.4230076	1.0	1422	tags=20%, list=14%, signal=23%	
GOCC_CLUSTER_OF_ACTIN_BASED_CELL_PROJECTIONS	GOCC_CLUSTER_OF_ACTIN_BASED_CELL_PROJECTIONS		65	-0.36167315	-1.172707	0.18100359	0.42313176	1.0	2016	tags=29%, list=19%, signal=36%	
GOBP_PROGRAMMED_NECROTIC_CELL_DEATH	GOBP_PROGRAMMED_NECROTIC_CELL_DEATH		32	-0.40682533	-1.1718156	0.22307692	0.42499813	1.0	1687	tags=28%, list=16%, signal=33%	
GOBP_POSITIVE_REGULATION_OF_PROTEIN_LOCALIZATION_TO_CELL_PERIPHERY	GOBP_POSITIVE_REGULATION_OF_PROTEIN_LOCALIZATION_TO_CELL_PERIPHERY		42	-0.38774365	-1.171749	0.20158103	0.42490128	1.0	1849	tags=29%, list=18%, signal=35%	
GOBP_NERVE_DEVELOPMENT	GOBP_NERVE_DEVELOPMENT		27	-0.42316166	-1.1717182	0.23837209	0.42471832	1.0	794	tags=19%, list=8%, signal=20%	
HP_HEMOLYTIC_ANEMIA	HP_HEMOLYTIC_ANEMIA		79	-0.34327587	-1.171631	0.18110237	0.42467216	1.0	1364	tags=19%, list=13%, signal=22%	
GOBP_RECEPTOR_CLUSTERING	GOBP_RECEPTOR_CLUSTERING		30	-0.41854668	-1.1715674	0.21289062	0.42455792	1.0	1363	tags=20%, list=13%, signal=23%	
GOBP_KERATINOCYTE_DIFFERENTIATION	GOBP_KERATINOCYTE_DIFFERENTIATION		46	-0.38362408	-1.1715262	0.21730383	0.42440373	1.0	767	tags=15%, list=7%, signal=16%	
GOBP_FC_RECEPTOR_SIGNALING_PATHWAY	GOBP_FC_RECEPTOR_SIGNALING_PATHWAY		32	-0.4054328	-1.1714591	0.22157995	0.42430323	1.0	2510	tags=41%, list=24%, signal=53%	
HP_PERIPHERAL_NEUROPATHY	HP_PERIPHERAL_NEUROPATHY		311	-0.29015106	-1.1712791	0.076512456	0.42446008	1.0	1647	tags=20%, list=16%, signal=23%	
GOBP_REGULATION_OF_PROTEIN_TARGETING	GOBP_REGULATION_OF_PROTEIN_TARGETING		56	-0.36171022	-1.1712087	0.19847329	0.42436528	1.0	1812	tags=34%, list=17%, signal=41%	
GOBP_T_CELL_MEDIATED_IMMUNITY	GOBP_T_CELL_MEDIATED_IMMUNITY		56	-0.3635675	-1.1709809	0.17726398	0.42465788	1.0	1344	tags=27%, list=13%, signal=31%	
GOBP_POSITIVE_REGULATION_OF_NOTCH_SIGNALING_PATHWAY	GOBP_POSITIVE_REGULATION_OF_NOTCH_SIGNALING_PATHWAY		20	-0.44844836	-1.1709388	0.23865877	0.42450675	1.0	1375	tags=30%, list=13%, signal=34%	
HP_GENU_RECURVATUM	HP_GENU_RECURVATUM		16	-0.4684685	-1.1708235	0.25941423	0.42453647	1.0	2131	tags=31%, list=20%, signal=39%	
GOBP_LEUKOCYTE_MEDIATED_CYTOTOXICITY	GOBP_LEUKOCYTE_MEDIATED_CYTOTOXICITY		62	-0.3584819	-1.1706682	0.19223301	0.42463413	1.0	1528	tags=31%, list=15%, signal=36%	
HP_ECTOPIA_LENTIS	HP_ECTOPIA_LENTIS		16	-0.4787048	-1.170333	0.26679462	0.4251956	1.0	1554	tags=31%, list=15%, signal=37%	
HP_MUSCLE_FIBER_ATROPHY	HP_MUSCLE_FIBER_ATROPHY		37	-0.40168756	-1.1701703	0.23155738	0.42532042	1.0	625	tags=16%, list=6%, signal=17%	
HP_HIP_CONTRACTURE	HP_HIP_CONTRACTURE		26	-0.41946787	-1.1701504	0.23895583	0.42511714	1.0	402	tags=15%, list=4%, signal=16%	
HP_AUTOIMMUNE_ANTIBODY_POSITIVITY	HP_AUTOIMMUNE_ANTIBODY_POSITIVITY		37	-0.39359963	-1.1698011	0.222	0.4256601	1.0	931	tags=19%, list=9%, signal=21%	
GOBP_NEGATIVE_REGULATION_OF_SMOOTHENED_SIGNALING_PATHWAY	GOBP_NEGATIVE_REGULATION_OF_SMOOTHENED_SIGNALING_PATHWAY		20	-0.45146376	-1.1695895	0.26572007	0.42589387	1.0	606	tags=20%, list=6%, signal=21%	
HP_ABNORMAL_CONJUNCTIVA_MORPHOLOGY	HP_ABNORMAL_CONJUNCTIVA_MORPHOLOGY		87	-0.33320513	-1.1695865	0.18076923	0.42564943	1.0	1597	tags=23%, list=15%, signal=27%	
GOBP_INTERFERON_GAMMA_PRODUCTION	GOBP_INTERFERON_GAMMA_PRODUCTION		63	-0.35772046	-1.1693048	0.17938145	0.42605254	1.0	1029	tags=29%, list=10%, signal=31%	
GOBP_VASCULAR_ASSOCIATED_SMOOTH_MUSCLE_CELL_PROLIFERATION	GOBP_VASCULAR_ASSOCIATED_SMOOTH_MUSCLE_CELL_PROLIFERATION		29	-0.41274655	-1.169209	0.24649298	0.42602336	1.0	1717	tags=38%, list=16%, signal=45%	
GOBP_POSITIVE_REGULATION_OF_ERK1_AND_ERK2_CASCADE	GOBP_POSITIVE_REGULATION_OF_ERK1_AND_ERK2_CASCADE		78	-0.345431	-1.1690692	0.18446602	0.4260817	1.0	1134	tags=26%, list=11%, signal=29%	
HP_HEART_BLOCK	HP_HEART_BLOCK		45	-0.37789446	-1.168979	0.20858896	0.42602915	1.0	1726	tags=27%, list=16%, signal=32%	
GOBP_REGULATION_OF_MUSCLE_CONTRACTION	GOBP_REGULATION_OF_MUSCLE_CONTRACTION		54	-0.36843023	-1.1689681	0.17466411	0.42581326	1.0	1991	tags=33%, list=19%, signal=41%	
GOMF_PHOSPHATASE_BINDING	GOMF_PHOSPHATASE_BINDING		127	-0.32359588	-1.1684653	0.15429688	0.42678317	1.0	1035	tags=13%, list=10%, signal=15%	
GOMF_PROTEIN_TYROSINE_KINASE_BINDING	GOMF_PROTEIN_TYROSINE_KINASE_BINDING		51	-0.36978263	-1.1680828	0.21252371	0.42743716	1.0	928	tags=22%, list=9%, signal=24%	
GOBP_ENDODERMAL_CELL_DIFFERENTIATION	GOBP_ENDODERMAL_CELL_DIFFERENTIATION		15	-0.48321792	-1.1680443	0.25450903	0.42727488	1.0	1927	tags=27%, list=18%, signal=33%	
GOBP_GROWTH	GOBP_GROWTH		474	-0.27877632	-1.1674045	0.06890459	0.42854348	1.0	1241	tags=15%, list=12%, signal=16%	
GOBP_REGULATION_OF_VIRAL_INDUCED_CYTOPLASMIC_PATTERN_RECOGNITION_RECEPTOR_SIGNALING_PATHWAY	GOBP_REGULATION_OF_VIRAL_INDUCED_CYTOPLASMIC_PATTERN_RECOGNITION_RECEPTOR_SIGNALING_PATHWAY		18	-0.46113044	-1.16691	0.25746268	0.42948043	1.0	1460	tags=39%, list=14%, signal=45%	
GOBP_LYMPHOCYTE_HOMEOSTASIS	GOBP_LYMPHOCYTE_HOMEOSTASIS		52	-0.36306897	-1.166285	0.1988417	0.43071014	1.0	1036	tags=21%, list=10%, signal=23%	
GOBP_ENSHEATHMENT_OF_NEURONS	GOBP_ENSHEATHMENT_OF_NEURONS		72	-0.34762916	-1.1653632	0.19493178	0.4326799	1.0	1114	tags=19%, list=11%, signal=22%	
GOBP_CELLULAR_RESPONSE_TO_DSRNA	GOBP_CELLULAR_RESPONSE_TO_DSRNA		16	-0.4825228	-1.1652075	0.25447315	0.43277386	1.0	877	tags=31%, list=8%, signal=34%	
HP_SOFT_TISSUE_SARCOMA	HP_SOFT_TISSUE_SARCOMA		74	-0.34763986	-1.1647892	0.18897638	0.43349567	1.0	1290	tags=20%, list=12%, signal=23%	
GOBP_POSITIVE_REGULATION_OF_STRESS_ACTIVATED_PROTEIN_KINASE_SIGNALING_CASCADE	GOBP_POSITIVE_REGULATION_OF_STRESS_ACTIVATED_PROTEIN_KINASE_SIGNALING_CASCADE		74	-0.3458546	-1.1641536	0.18007663	0.43469933	1.0	1370	tags=23%, list=13%, signal=26%	
GOMF_UBIQUITIN_LIKE_PROTEIN_LIGASE_BINDING	GOMF_UBIQUITIN_LIKE_PROTEIN_LIGASE_BINDING		247	-0.2940346	-1.1640046	0.10294118	0.43478906	1.0	1111	tags=17%, list=11%, signal=18%	
GOBP_RESPONSE_TO_OXYGEN_LEVELS	GOBP_RESPONSE_TO_OXYGEN_LEVELS		189	-0.30134448	-1.1638027	0.12801485	0.43499407	1.0	1586	tags=24%, list=15%, signal=28%	
GOBP_REGULATION_OF_CANONICAL_WNT_SIGNALING_PATHWAY	GOBP_REGULATION_OF_CANONICAL_WNT_SIGNALING_PATHWAY		126	-0.3191795	-1.1635718	0.14	0.43530136	1.0	1924	tags=25%, list=18%, signal=30%	
GOBP_SECOND_MESSENGER_MEDIATED_SIGNALING	GOBP_SECOND_MESSENGER_MEDIATED_SIGNALING		110	-0.32580292	-1.1635559	0.14800759	0.43508545	1.0	2214	tags=35%, list=21%, signal=43%	
HP_SPARSE_BODY_HAIR	HP_SPARSE_BODY_HAIR		21	-0.44132015	-1.1635168	0.25918368	0.43491778	1.0	1898	tags=43%, list=18%, signal=52%	
HP_ABNORMAL_LATERAL_VENTRICLE_MORPHOLOGY	HP_ABNORMAL_LATERAL_VENTRICLE_MORPHOLOGY		77	-0.33948973	-1.1633068	0.1969112	0.43513376	1.0	1269	tags=16%, list=12%, signal=18%	
GOBP_REGULATION_OF_LONG_TERM_SYNAPTIC_POTENTIATION	GOBP_REGULATION_OF_LONG_TERM_SYNAPTIC_POTENTIATION		22	-0.43475765	-1.1625919	0.23772103	0.4365615	1.0	843	tags=14%, list=8%, signal=15%	
GOBP_PROTEIN_TARGETING_TO_MEMBRANE	GOBP_PROTEIN_TARGETING_TO_MEMBRANE		85	-0.33330986	-1.162332	0.17748092	0.43691552	1.0	2001	tags=27%, list=19%, signal=33%	
GOMF_CALCIUM_DEPENDENT_PROTEIN_KINASE_ACTIVITY	GOMF_CALCIUM_DEPENDENT_PROTEIN_KINASE_ACTIVITY		20	-0.4504487	-1.1622162	0.25490198	0.43695188	1.0	1134	tags=35%, list=11%, signal=39%	
GOBP_CYTOSOLIC_TRANSPORT	GOBP_CYTOSOLIC_TRANSPORT		128	-0.31607053	-1.162202	0.15873016	0.43673354	1.0	2187	tags=24%, list=21%, signal=30%	
HP_HYPERGLYCEMIA	HP_HYPERGLYCEMIA		16	-0.48134094	-1.1618024	0.26611227	0.43742123	1.0	917	tags=25%, list=9%, signal=27%	
GOMF_PROTEIN_KINASE_A_BINDING	GOMF_PROTEIN_KINASE_A_BINDING		28	-0.41304284	-1.1614286	0.23540856	0.438033	1.0	375	tags=11%, list=4%, signal=11%	
GOCC_VESICLE_TETHERING_COMPLEX	GOCC_VESICLE_TETHERING_COMPLEX		49	-0.37238705	-1.1606618	0.22586873	0.43960804	1.0	1753	tags=22%, list=17%, signal=27%	
HP_ABNORMALITY_OF_THE_MUSCULATURE_OF_THE_LOWER_LIMBS	HP_ABNORMALITY_OF_THE_MUSCULATURE_OF_THE_LOWER_LIMBS		52	-0.36474758	-1.1602061	0.20272905	0.4404299	1.0	1704	tags=25%, list=16%, signal=30%	
GOMF_ALCOHOL_BINDING	GOMF_ALCOHOL_BINDING		47	-0.37398812	-1.1601609	0.22067595	0.44029716	1.0	2611	tags=40%, list=25%, signal=54%	
GOBP_MEGAKARYOCYTE_DIFFERENTIATION	GOBP_MEGAKARYOCYTE_DIFFERENTIATION		27	-0.4185617	-1.1600041	0.22537878	0.44040343	1.0	398	tags=15%, list=4%, signal=15%	
GOBP_INSULIN_SECRETION	GOBP_INSULIN_SECRETION		82	-0.34028274	-1.1599833	0.20114942	0.44020376	1.0	1579	tags=22%, list=15%, signal=26%	
GOBP_RESPONSE_TO_HYDROGEN_PEROXIDE	GOBP_RESPONSE_TO_HYDROGEN_PEROXIDE		73	-0.33897218	-1.1581981	0.18343195	0.44421455	1.0	1680	tags=23%, list=16%, signal=28%	
GOCC_PROTON_TRANSPORTING_V_TYPE_ATPASE_COMPLEX	GOCC_PROTON_TRANSPORTING_V_TYPE_ATPASE_COMPLEX		20	-0.4403229	-1.1577185	0.2690678	0.44514313	1.0	3245	tags=55%, list=31%, signal=79%	
GOBP_POSITIVE_REGULATION_OF_IMMUNE_EFFECTOR_PROCESS	GOBP_POSITIVE_REGULATION_OF_IMMUNE_EFFECTOR_PROCESS		123	-0.31542102	-1.1575332	0.14785992	0.4453284	1.0	1290	tags=28%, list=12%, signal=31%	
HP_APLASIA_HYPOPLASIA_OF_THE_DISTAL_PHALANGES_OF_THE_HAND	HP_APLASIA_HYPOPLASIA_OF_THE_DISTAL_PHALANGES_OF_THE_HAND		84	-0.33616653	-1.1567333	0.17315175	0.44698355	1.0	820	tags=12%, list=8%, signal=13%	
GOCC_GOLGI_CISTERNA_MEMBRANE	GOCC_GOLGI_CISTERNA_MEMBRANE		50	-0.36799586	-1.156154	0.22393823	0.44811317	1.0	884	tags=18%, list=8%, signal=20%	
HP_ABNORMALITY_OF_IMMUNE_SERUM_PROTEIN_PHYSIOLOGY	HP_ABNORMALITY_OF_IMMUNE_SERUM_PROTEIN_PHYSIOLOGY		27	-0.41967422	-1.1560285	0.2372549	0.4481919	1.0	1290	tags=33%, list=12%, signal=38%	
HP_VERTIGO	HP_VERTIGO		62	-0.35345653	-1.1558142	0.19132149	0.44845042	1.0	1502	tags=34%, list=14%, signal=39%	
HP_METAPHYSEAL_IRREGULARITY	HP_METAPHYSEAL_IRREGULARITY		26	-0.42089525	-1.1556158	0.25779626	0.44867	1.0	438	tags=8%, list=4%, signal=8%	
GOBP_POSITIVE_REGULATION_OF_CHEMOTAXIS	GOBP_POSITIVE_REGULATION_OF_CHEMOTAXIS		59	-0.35874885	-1.1552588	0.20507812	0.44925538	1.0	1080	tags=22%, list=10%, signal=24%	
GOBP_LOW_DENSITY_LIPOPROTEIN_PARTICLE_CLEARANCE	GOBP_LOW_DENSITY_LIPOPROTEIN_PARTICLE_CLEARANCE		15	-0.47595945	-1.1547724	0.27906978	0.45017892	1.0	873	tags=27%, list=8%, signal=29%	
GOBP_ADULT_LOCOMOTORY_BEHAVIOR	GOBP_ADULT_LOCOMOTORY_BEHAVIOR		28	-0.41430563	-1.154727	0.26181102	0.45003492	1.0	2358	tags=39%, list=22%, signal=51%	
GOMF_PALMITOYLTRANSFERASE_ACTIVITY	GOMF_PALMITOYLTRANSFERASE_ACTIVITY		26	-0.42075732	-1.1541736	0.2601156	0.45112604	1.0	2933	tags=46%, list=28%, signal=64%	
GOBP_LOCOMOTORY_BEHAVIOR	GOBP_LOCOMOTORY_BEHAVIOR		77	-0.3413648	-1.1541144	0.19311664	0.450997	1.0	1041	tags=14%, list=10%, signal=16%	
GOBP_MESODERM_MORPHOGENESIS	GOBP_MESODERM_MORPHOGENESIS		26	-0.42136145	-1.153951	0.25048545	0.45113608	1.0	1604	tags=31%, list=15%, signal=36%	
GOBP_B_CELL_ACTIVATION	GOBP_B_CELL_ACTIVATION		168	-0.30383655	-1.1538899	0.12903225	0.45103496	1.0	994	tags=21%, list=9%, signal=23%	
HP_EEG_WITH_ABNORMALLY_SLOW_FREQUENCIES	HP_EEG_WITH_ABNORMALLY_SLOW_FREQUENCIES		43	-0.37348363	-1.1531985	0.20542635	0.45246968	1.0	1579	tags=26%, list=15%, signal=30%	
GOBP_PEPTIDYL_TYROSINE_DEPHOSPHORYLATION	GOBP_PEPTIDYL_TYROSINE_DEPHOSPHORYLATION		67	-0.34508374	-1.1522479	0.22070312	0.45446163	1.0	1149	tags=18%, list=11%, signal=20%	
HP_ABNORMALITY_OF_THE_VASCULATURE_OF_THE_EYE	HP_ABNORMALITY_OF_THE_VASCULATURE_OF_THE_EYE		191	-0.30069578	-1.1518866	0.15768462	0.45507857	1.0	1522	tags=22%, list=14%, signal=25%	
GOBP_REGULATION_OF_T_HELPER_17_TYPE_IMMUNE_RESPONSE	GOBP_REGULATION_OF_T_HELPER_17_TYPE_IMMUNE_RESPONSE		16	-0.476115	-1.1518031	0.27929688	0.45502	1.0	801	tags=31%, list=8%, signal=34%	
GOBP_REGULATION_OF_NEURAL_PRECURSOR_CELL_PROLIFERATION	GOBP_REGULATION_OF_NEURAL_PRECURSOR_CELL_PROLIFERATION		28	-0.41123673	-1.151493	0.25651303	0.45551437	1.0	2478	tags=39%, list=24%, signal=51%	
HP_PROXIMAL_MUSCLE_WEAKNESS_IN_UPPER_LIMBS	HP_PROXIMAL_MUSCLE_WEAKNESS_IN_UPPER_LIMBS		23	-0.42966494	-1.1513838	0.25098816	0.45552328	1.0	568	tags=22%, list=5%, signal=23%	
HP_MACULAR_PURPURA	HP_MACULAR_PURPURA		44	-0.37876487	-1.1511034	0.22690763	0.45593688	1.0	2202	tags=43%, list=21%, signal=54%	
GOMF_PROTEIN_PHOSPHATASE_BINDING	GOMF_PROTEIN_PHOSPHATASE_BINDING		95	-0.32806718	-1.1507993	0.20112781	0.45644072	1.0	1014	tags=14%, list=10%, signal=15%	
GOBP_NEGATIVE_REGULATION_OF_BINDING	GOBP_NEGATIVE_REGULATION_OF_BINDING		95	-0.33105612	-1.1507959	0.20925553	0.45618677	1.0	1020	tags=15%, list=10%, signal=16%	
GOCC_MEMBRANE_COAT	GOCC_MEMBRANE_COAT		72	-0.33987215	-1.1507386	0.197318	0.4560718	1.0	3229	tags=33%, list=31%, signal=48%	
GOBP_RHYTHMIC_BEHAVIOR	GOBP_RHYTHMIC_BEHAVIOR		18	-0.44339308	-1.1503862	0.26923078	0.45672575	1.0	1274	tags=28%, list=12%, signal=32%	
GOBP_PROTEIN_LOCALIZATION_TO_CILIARY_MEMBRANE	GOBP_PROTEIN_LOCALIZATION_TO_CILIARY_MEMBRANE		16	-0.4635596	-1.1503258	0.2806236	0.45662615	1.0	2807	tags=38%, list=27%, signal=51%	
GOCC_PROTON_TRANSPORTING_TWO_SECTOR_ATPASE_COMPLEX	GOCC_PROTON_TRANSPORTING_TWO_SECTOR_ATPASE_COMPLEX		20	-0.4403229	-1.1500419	0.26680672	0.45702794	1.0	3245	tags=55%, list=31%, signal=79%	
HP_FEVER	HP_FEVER		211	-0.29744294	-1.1493791	0.13359529	0.4583889	1.0	1402	tags=21%, list=13%, signal=24%	
GOBP_HEART_DEVELOPMENT	GOBP_HEART_DEVELOPMENT		257	-0.29138774	-1.1491886	0.124756336	0.4585825	1.0	1218	tags=18%, list=12%, signal=19%	
GOBP_NEGATIVE_REGULATION_OF_OSSIFICATION	GOBP_NEGATIVE_REGULATION_OF_OSSIFICATION		16	-0.4695535	-1.1491276	0.27732792	0.4584624	1.0	779	tags=31%, list=7%, signal=34%	
HP_INFANTILE_AXIAL_HYPOTONIA	HP_INFANTILE_AXIAL_HYPOTONIA		24	-0.42390287	-1.1489937	0.26069248	0.45852318	1.0	397	tags=13%, list=4%, signal=13%	
GOBP_NEGATIVE_REGULATION_OF_REACTIVE_OXYGEN_SPECIES_METABOLIC_PROCESS	GOBP_NEGATIVE_REGULATION_OF_REACTIVE_OXYGEN_SPECIES_METABOLIC_PROCESS		25	-0.41780806	-1.1487525	0.2701613	0.4588567	1.0	1130	tags=24%, list=11%, signal=27%	
GOBP_NEGATIVE_REGULATION_OF_CELL_DIFFERENTIATION	GOBP_NEGATIVE_REGULATION_OF_CELL_DIFFERENTIATION		280	-0.28623003	-1.1483011	0.10351201	0.45967302	1.0	1209	tags=18%, list=12%, signal=19%	
GOBP_REGULATION_OF_LAMELLIPODIUM_ASSEMBLY	GOBP_REGULATION_OF_LAMELLIPODIUM_ASSEMBLY		23	-0.42774338	-1.1480423	0.26766595	0.4600647	1.0	2473	tags=39%, list=24%, signal=51%	
HP_APRAXIA	HP_APRAXIA		163	-0.3050117	-1.1478736	0.15157117	0.46023628	1.0	1308	tags=19%, list=12%, signal=21%	
HP_GANGRENE	HP_GANGRENE		27	-0.41824916	-1.1475146	0.24804688	0.46085858	1.0	1378	tags=37%, list=13%, signal=43%	
HP_ABNORMAL_PLATELET_FUNCTION	HP_ABNORMAL_PLATELET_FUNCTION		37	-0.38860992	-1.14736	0.2235529	0.4609996	1.0	1381	tags=24%, list=13%, signal=28%	
HP_ABNORMAL_MALE_REPRODUCTIVE_SYSTEM_PHYSIOLOGY	HP_ABNORMAL_MALE_REPRODUCTIVE_SYSTEM_PHYSIOLOGY		130	-0.31330726	-1.1472064	0.1692607	0.46112144	1.0	2053	tags=25%, list=20%, signal=30%	
HP_CEREBRAL_INCLUSION_BODIES	HP_CEREBRAL_INCLUSION_BODIES		28	-0.41447717	-1.1470165	0.2510204	0.46133232	1.0	724	tags=21%, list=7%, signal=23%	
GOBP_CELLULAR_RESPONSE_TO_MOLECULE_OF_BACTERIAL_ORIGIN	GOBP_CELLULAR_RESPONSE_TO_MOLECULE_OF_BACTERIAL_ORIGIN		107	-0.32397875	-1.1469488	0.18145162	0.46123773	1.0	1038	tags=18%, list=10%, signal=20%	
GOBP_MUSCLE_CELL_DIFFERENTIATION	GOBP_MUSCLE_CELL_DIFFERENTIATION		149	-0.30635145	-1.146832	0.15984406	0.4612585	1.0	595	tags=11%, list=6%, signal=11%	
GOBP_SEGMENTATION	GOBP_SEGMENTATION		35	-0.39001042	-1.1468127	0.23800384	0.46104255	1.0	681	tags=20%, list=6%, signal=21%	
GOBP_CENTRAL_NERVOUS_SYSTEM_DEVELOPMENT	GOBP_CENTRAL_NERVOUS_SYSTEM_DEVELOPMENT		450	-0.27415854	-1.146254	0.1	0.46217316	1.0	1308	tags=16%, list=12%, signal=18%	
GOBP_GOLGI_VESICLE_TRANSPORT	GOBP_GOLGI_VESICLE_TRANSPORT		243	-0.29169005	-1.1460676	0.13296904	0.46236926	1.0	1852	tags=20%, list=18%, signal=23%	
HP_ABNORMAL_ABDOMEN_MORPHOLOGY	HP_ABNORMAL_ABDOMEN_MORPHOLOGY		490	-0.273555	-1.1457688	0.07890223	0.46283728	1.0	1402	tags=19%, list=13%, signal=21%	
HP_PARKINSONISM	HP_PARKINSONISM		73	-0.34002152	-1.1457131	0.20650096	0.46272227	1.0	1267	tags=22%, list=12%, signal=25%	
HP_IMMUNODEFICIENCY	HP_IMMUNODEFICIENCY		172	-0.30161878	-1.1457067	0.1614786	0.46247795	1.0	1522	tags=25%, list=14%, signal=29%	
HP_ABNORMALITY_OF_SALIVATION	HP_ABNORMALITY_OF_SALIVATION		99	-0.32394847	-1.1455398	0.20039682	0.46264306	1.0	715	tags=13%, list=7%, signal=14%	
GOBP_REGULATION_OF_HISTONE_DEACETYLATION	GOBP_REGULATION_OF_HISTONE_DEACETYLATION		31	-0.3986955	-1.1454196	0.2689394	0.46266806	1.0	1468	tags=23%, list=14%, signal=26%	
GOBP_RESPIRATORY_SYSTEM_DEVELOPMENT	GOBP_RESPIRATORY_SYSTEM_DEVELOPMENT		85	-0.32953107	-1.1451397	0.20111732	0.4630752	1.0	1468	tags=21%, list=14%, signal=24%	
GOBP_STRIATED_MUSCLE_CONTRACTION	GOBP_STRIATED_MUSCLE_CONTRACTION		58	-0.3557107	-1.1450332	0.2375	0.46307606	1.0	1344	tags=22%, list=13%, signal=26%	
GOBP_LAMELLIPODIUM_ORGANIZATION	GOBP_LAMELLIPODIUM_ORGANIZATION		56	-0.35368228	-1.1445754	0.22862823	0.46391803	1.0	2473	tags=34%, list=24%, signal=44%	
GOBP_PROTEIN_CATABOLIC_PROCESS_IN_THE_VACUOLE	GOBP_PROTEIN_CATABOLIC_PROCESS_IN_THE_VACUOLE		17	-0.45597368	-1.1444211	0.30343512	0.46404365	1.0	1093	tags=24%, list=10%, signal=26%	
GOBP_DEFENSE_RESPONSE_TO_BACTERIUM	GOBP_DEFENSE_RESPONSE_TO_BACTERIUM		76	-0.33660522	-1.1443318	0.20675944	0.46398643	1.0	1248	tags=25%, list=12%, signal=28%	
HP_RECURRENT_PNEUMONIA	HP_RECURRENT_PNEUMONIA		62	-0.35221595	-1.144287	0.23091976	0.46381858	1.0	1315	tags=23%, list=13%, signal=26%	
HP_STILLBIRTH	HP_STILLBIRTH		19	-0.445984	-1.1440799	0.28512397	0.46406445	1.0	1724	tags=32%, list=16%, signal=38%	
HP_ABNORMAL_CEREBRAL_ARTERY_MORPHOLOGY	HP_ABNORMAL_CEREBRAL_ARTERY_MORPHOLOGY		39	-0.37801078	-1.1440762	0.25851703	0.46381575	1.0	932	tags=21%, list=9%, signal=22%	
GOCC_CLATHRIN_COATED_VESICLE_MEMBRANE	GOCC_CLATHRIN_COATED_VESICLE_MEMBRANE		52	-0.35551593	-1.143658	0.22554891	0.4646201	1.0	2564	tags=42%, list=24%, signal=56%	
GOBP_HOMOLOGOUS_CHROMOSOME_SEGREGATION	GOBP_HOMOLOGOUS_CHROMOSOME_SEGREGATION		27	-0.40608573	-1.143476	0.25195312	0.46483457	1.0	2825	tags=37%, list=27%, signal=51%	
GOCC_MICROTUBULE_ASSOCIATED_COMPLEX	GOCC_MICROTUBULE_ASSOCIATED_COMPLEX		87	-0.33513135	-1.1431928	0.21713148	0.46525764	1.0	2368	tags=20%, list=23%, signal=25%	
GOBP_AUTOPHAGOSOME_ORGANIZATION	GOBP_AUTOPHAGOSOME_ORGANIZATION		88	-0.32914937	-1.1430906	0.21386139	0.46526036	1.0	2490	tags=31%, list=24%, signal=40%	
GOCC_TRANSPORT_VESICLE	GOCC_TRANSPORT_VESICLE		198	-0.29294285	-1.1428553	0.14257812	0.46556312	1.0	1771	tags=20%, list=17%, signal=24%	
HP_CHRONIC_LUNG_DISEASE	HP_CHRONIC_LUNG_DISEASE		18	-0.4460093	-1.1426255	0.29376256	0.46586463	1.0	3680	tags=61%, list=35%, signal=94%	
HP_APLASIA_HYPOPLASIA_OF_THE_PHALANGES_OF_THE_THUMB	HP_APLASIA_HYPOPLASIA_OF_THE_PHALANGES_OF_THE_THUMB		22	-0.4358275	-1.1421481	0.28542095	0.46681532	1.0	776	tags=14%, list=7%, signal=15%	
GOBP_PEPTIDYL_TYROSINE_MODIFICATION	GOBP_PEPTIDYL_TYROSINE_MODIFICATION		178	-0.30103865	-1.142134	0.16157989	0.46658626	1.0	2174	tags=29%, list=21%, signal=36%	
GOBP_T_HELPER_1_CELL_DIFFERENTIATION	GOBP_T_HELPER_1_CELL_DIFFERENTIATION		15	-0.47493082	-1.1421316	0.29549903	0.4663328	1.0	1022	tags=33%, list=10%, signal=37%	
GOBP_POSITIVE_REGULATION_OF_NEURON_DEATH	GOBP_POSITIVE_REGULATION_OF_NEURON_DEATH		55	-0.3574777	-1.1420711	0.20114942	0.46621507	1.0	1370	tags=24%, list=13%, signal=27%	
HP_PSYCHOSIS	HP_PSYCHOSIS		64	-0.34405705	-1.1412506	0.2231405	0.46792868	1.0	1319	tags=20%, list=13%, signal=23%	
GOBP_BONE_RESORPTION	GOBP_BONE_RESORPTION		33	-0.39064008	-1.1409241	0.25773194	0.4684723	1.0	853	tags=18%, list=8%, signal=20%	
GOBP_INTERFERON_GAMMA_MEDIATED_SIGNALING_PATHWAY	GOBP_INTERFERON_GAMMA_MEDIATED_SIGNALING_PATHWAY		17	-0.4604852	-1.1407799	0.28830644	0.4685734	1.0	1286	tags=35%, list=12%, signal=40%	
GOBP_CELLULAR_RESPONSE_TO_ORGANIC_CYCLIC_COMPOUND	GOBP_CELLULAR_RESPONSE_TO_ORGANIC_CYCLIC_COMPOUND		306	-0.28331083	-1.1407733	0.110497236	0.46832594	1.0	1218	tags=17%, list=12%, signal=19%	
GOBP_POSITIVE_REGULATION_OF_RESPONSE_TO_BIOTIC_STIMULUS	GOBP_POSITIVE_REGULATION_OF_RESPONSE_TO_BIOTIC_STIMULUS		95	-0.32161486	-1.1406702	0.18198875	0.46831685	1.0	1460	tags=24%, list=14%, signal=28%	
GOBP_POSITIVE_REGULATION_OF_MONONUCLEAR_CELL_MIGRATION	GOBP_POSITIVE_REGULATION_OF_MONONUCLEAR_CELL_MIGRATION		38	-0.38673538	-1.1406089	0.23382045	0.4681975	1.0	1943	tags=34%, list=18%, signal=42%	
GOBP_POSITIVE_REGULATION_OF_LYMPHOCYTE_DIFFERENTIATION	GOBP_POSITIVE_REGULATION_OF_LYMPHOCYTE_DIFFERENTIATION		71	-0.33813486	-1.1405318	0.22287968	0.46813932	1.0	1322	tags=28%, list=13%, signal=32%	
GOBP_POSITIVE_REGULATION_OF_CELL_MORPHOGENESIS_INVOLVED_IN_DIFFERENTIATION	GOBP_POSITIVE_REGULATION_OF_CELL_MORPHOGENESIS_INVOLVED_IN_DIFFERENTIATION		49	-0.36092702	-1.1403946	0.21499014	0.46820816	1.0	1214	tags=22%, list=12%, signal=25%	
HP_PARESTHESIA	HP_PARESTHESIA		66	-0.34151918	-1.1399726	0.23148148	0.46900246	1.0	1378	tags=20%, list=13%, signal=23%	
GOBP_REGULATION_OF_POLYSACCHARIDE_METABOLIC_PROCESS	GOBP_REGULATION_OF_POLYSACCHARIDE_METABOLIC_PROCESS		24	-0.42303705	-1.1397641	0.24752475	0.46925578	1.0	977	tags=17%, list=9%, signal=18%	
GOBP_POSITIVE_REGULATION_OF_CARBOHYDRATE_METABOLIC_PROCESS	GOBP_POSITIVE_REGULATION_OF_CARBOHYDRATE_METABOLIC_PROCESS		36	-0.38675693	-1.139708	0.256654	0.46912342	1.0	1132	tags=22%, list=11%, signal=25%	
HP_EXERCISE_INDUCED_MYALGIA	HP_EXERCISE_INDUCED_MYALGIA		19	-0.44397426	-1.13963	0.27613413	0.469079	1.0	568	tags=21%, list=5%, signal=22%	
HP_INTRACRANIAL_HEMORRHAGE	HP_INTRACRANIAL_HEMORRHAGE		83	-0.333118	-1.1393957	0.20750988	0.4693835	1.0	930	tags=17%, list=9%, signal=18%	
HP_MUSCLE_FIBER_INCLUSION_BODIES	HP_MUSCLE_FIBER_INCLUSION_BODIES		15	-0.48066625	-1.1392436	0.3010101	0.4695136	1.0	363	tags=13%, list=3%, signal=14%	
GOBP_ACTIVATION_OF_IMMUNE_RESPONSE	GOBP_ACTIVATION_OF_IMMUNE_RESPONSE		168	-0.30101034	-1.1392336	0.14959016	0.46928117	1.0	1658	tags=25%, list=16%, signal=29%	
HP_ABNORMALITY_OF_CORNEAL_STROMA	HP_ABNORMALITY_OF_CORNEAL_STROMA		54	-0.36266336	-1.1386118	0.248	0.4705716	1.0	2295	tags=37%, list=22%, signal=47%	
HP_GLOMERULOPATHY	HP_GLOMERULOPATHY		20	-0.43953854	-1.138247	0.29757085	0.47122017	1.0	1414	tags=30%, list=13%, signal=35%	
GOBP_REGULATION_OF_NECROTIC_CELL_DEATH	GOBP_REGULATION_OF_NECROTIC_CELL_DEATH		24	-0.42264542	-1.1381769	0.26680243	0.4711449	1.0	1687	tags=29%, list=16%, signal=35%	
HP_CLUMSINESS	HP_CLUMSINESS		39	-0.38662097	-1.1377589	0.24848485	0.47192812	1.0	670	tags=18%, list=6%, signal=19%	
GOBP_NEGATIVE_REGULATION_OF_MITOTIC_CELL_CYCLE	GOBP_NEGATIVE_REGULATION_OF_MITOTIC_CELL_CYCLE		157	-0.30029136	-1.1377538	0.16701461	0.47168094	1.0	1317	tags=13%, list=13%, signal=15%	
GOBP_REGULATION_OF_CELL_MIGRATION_INVOLVED_IN_SPROUTING_ANGIOGENESIS	GOBP_REGULATION_OF_CELL_MIGRATION_INVOLVED_IN_SPROUTING_ANGIOGENESIS		19	-0.44345784	-1.1377413	0.27676767	0.47145665	1.0	1019	tags=21%, list=10%, signal=23%	
HP_COGNITIVE_IMPAIRMENT	HP_COGNITIVE_IMPAIRMENT		392	-0.27566543	-1.137537	0.108208954	0.47170654	1.0	1548	tags=18%, list=15%, signal=20%	
HP_HEREDITARY_NONPOLYPOSIS_COLORECTAL_CARCINOMA	HP_HEREDITARY_NONPOLYPOSIS_COLORECTAL_CARCINOMA		21	-0.42892444	-1.1375196	0.26719058	0.4714924	1.0	441	tags=10%, list=4%, signal=10%	
GOBP_POSITIVE_REGULATION_OF_ADAPTIVE_IMMUNE_RESPONSE	GOBP_POSITIVE_REGULATION_OF_ADAPTIVE_IMMUNE_RESPONSE		65	-0.3447092	-1.1373327	0.2102161	0.4716987	1.0	417	tags=15%, list=4%, signal=16%	
GOBP_T_CELL_CYTOKINE_PRODUCTION	GOBP_T_CELL_CYTOKINE_PRODUCTION		25	-0.41634497	-1.1371386	0.2784091	0.47189164	1.0	1344	tags=32%, list=13%, signal=37%	
HP_BIPARIETAL_NARROWING	HP_BIPARIETAL_NARROWING		45	-0.37442362	-1.1370771	0.2667984	0.4717906	1.0	1279	tags=20%, list=12%, signal=23%	
GOBP_CELLULAR_RESPONSE_TO_LIPID	GOBP_CELLULAR_RESPONSE_TO_LIPID		294	-0.28239325	-1.1367786	0.11956522	0.47229636	1.0	1118	tags=16%, list=11%, signal=17%	
GOBP_EPITHELIAL_CELL_DEVELOPMENT	GOBP_EPITHELIAL_CELL_DEVELOPMENT		101	-0.32332355	-1.1365885	0.20669292	0.4725197	1.0	1510	tags=23%, list=14%, signal=26%	
HP_ABNORMAL_GRANULOCYTE_COUNT	HP_ABNORMAL_GRANULOCYTE_COUNT		181	-0.29933578	-1.1362066	0.16330275	0.47320247	1.0	1290	tags=21%, list=12%, signal=24%	
GOBP_REGULATION_OF_MEMBRANE_LIPID_DISTRIBUTION	GOBP_REGULATION_OF_MEMBRANE_LIPID_DISTRIBUTION		37	-0.3841279	-1.1359248	0.24900399	0.4736514	1.0	1734	tags=24%, list=17%, signal=29%	
GOMF_COA_HYDROLASE_ACTIVITY	GOMF_COA_HYDROLASE_ACTIVITY		15	-0.46991548	-1.1358002	0.28460038	0.47369817	1.0	1487	tags=33%, list=14%, signal=39%	
GOMF_ACID_THIOL_LIGASE_ACTIVITY	GOMF_ACID_THIOL_LIGASE_ACTIVITY		17	-0.45103782	-1.1356269	0.2813765	0.47386542	1.0	846	tags=18%, list=8%, signal=19%	
HP_MENTAL_DETERIORATION	HP_MENTAL_DETERIORATION		208	-0.29157856	-1.1355087	0.14727272	0.47391072	1.0	1272	tags=17%, list=12%, signal=19%	
GOBP_REGULATION_OF_T_CELL_MEDIATED_IMMUNITY	GOBP_REGULATION_OF_T_CELL_MEDIATED_IMMUNITY		46	-0.36864924	-1.1354334	0.24571429	0.47384593	1.0	417	tags=17%, list=4%, signal=18%	
HP_ABNORMAL_THROMBOCYTE_MORPHOLOGY	HP_ABNORMAL_THROMBOCYTE_MORPHOLOGY		307	-0.2818399	-1.1353495	0.13799623	0.473792	1.0	1414	tags=19%, list=13%, signal=22%	
HP_DEPRESSED_NASAL_TIP	HP_DEPRESSED_NASAL_TIP		17	-0.44915748	-1.1348796	0.31588784	0.47471777	1.0	1953	tags=29%, list=19%, signal=36%	
HP_LIMB_GIRDLE_MUSCLE_WEAKNESS	HP_LIMB_GIRDLE_MUSCLE_WEAKNESS		46	-0.3612826	-1.1347563	0.2591171	0.47475398	1.0	625	tags=11%, list=6%, signal=12%	
GOBP_POSITIVE_REGULATION_OF_T_CELL_PROLIFERATION	GOBP_POSITIVE_REGULATION_OF_T_CELL_PROLIFERATION		60	-0.3474739	-1.1346887	0.23388582	0.4746648	1.0	765	tags=20%, list=7%, signal=21%	
HP_ABDOMINAL_PAIN	HP_ABDOMINAL_PAIN		180	-0.29982525	-1.1343957	0.17148362	0.47515073	1.0	1402	tags=22%, list=13%, signal=25%	
GOBP_FACE_DEVELOPMENT	GOBP_FACE_DEVELOPMENT		26	-0.4178396	-1.1343393	0.28404668	0.47504193	1.0	1898	tags=35%, list=18%, signal=42%	
GOBP_REGULATION_OF_PROTEIN_CONTAINING_COMPLEX_ASSEMBLY	GOBP_REGULATION_OF_PROTEIN_CONTAINING_COMPLEX_ASSEMBLY		240	-0.28657195	-1.1340379	0.11797753	0.47555327	1.0	1613	tags=22%, list=15%, signal=25%	
GOBP_TISSUE_REGENERATION	GOBP_TISSUE_REGENERATION		32	-0.39826226	-1.1340201	0.24390244	0.47534195	1.0	1218	tags=19%, list=12%, signal=21%	
HP_ZONULAR_CATARACT	HP_ZONULAR_CATARACT		17	-0.46943688	-1.1338068	0.31368822	0.4756005	1.0	1414	tags=24%, list=13%, signal=27%	
GOMF_ACETYLGALACTOSAMINYLTRANSFERASE_ACTIVITY	GOMF_ACETYLGALACTOSAMINYLTRANSFERASE_ACTIVITY		17	-0.4583295	-1.1338035	0.2644135	0.4753521	1.0	1374	tags=29%, list=13%, signal=34%	
HP_ABNORMAL_CONSUMPTION_BEHAVIOR	HP_ABNORMAL_CONSUMPTION_BEHAVIOR		69	-0.33690915	-1.1334872	0.20973782	0.47588027	1.0	2294	tags=30%, list=22%, signal=39%	
GOBP_MONOCARBOXYLIC_ACID_CATABOLIC_PROCESS	GOBP_MONOCARBOXYLIC_ACID_CATABOLIC_PROCESS		80	-0.33152524	-1.133176	0.232	0.47634757	1.0	1509	tags=20%, list=14%, signal=23%	
GOBP_NATURAL_KILLER_CELL_DIFFERENTIATION	GOBP_NATURAL_KILLER_CELL_DIFFERENTIATION		18	-0.4484399	-1.133041	0.28174603	0.4764172	1.0	1290	tags=28%, list=12%, signal=32%	
HP_INFECTIOUS_ENCEPHALITIS	HP_INFECTIOUS_ENCEPHALITIS		29	-0.4009983	-1.1326253	0.26984128	0.47721136	1.0	1528	tags=41%, list=15%, signal=48%	
GOCC_CLATHRIN_ADAPTOR_COMPLEX	GOCC_CLATHRIN_ADAPTOR_COMPLEX		15	-0.47423318	-1.1321365	0.30204082	0.47815675	1.0	1690	tags=20%, list=16%, signal=24%	
HP_BREAST_HYPOPLASIA	HP_BREAST_HYPOPLASIA		18	-0.445051	-1.1320107	0.29149798	0.4782007	1.0	1898	tags=33%, list=18%, signal=41%	
HP_DIPLOPIA	HP_DIPLOPIA		47	-0.36943182	-1.1312934	0.25306123	0.47974843	1.0	753	tags=17%, list=7%, signal=18%	
GOBP_NEGATIVE_REGULATION_OF_T_CELL_RECEPTOR_SIGNALING_PATHWAY	GOBP_NEGATIVE_REGULATION_OF_T_CELL_RECEPTOR_SIGNALING_PATHWAY		17	-0.45722517	-1.130872	0.30831644	0.48053542	1.0	1204	tags=29%, list=11%, signal=33%	
GOBP_RESPONSE_TO_TUMOR_NECROSIS_FACTOR	GOBP_RESPONSE_TO_TUMOR_NECROSIS_FACTOR		132	-0.308542	-1.1306581	0.18511796	0.48081505	1.0	1044	tags=16%, list=10%, signal=17%	
HP_PEPTIC_ULCER	HP_PEPTIC_ULCER		29	-0.40182823	-1.1306127	0.28402367	0.48068058	1.0	1808	tags=34%, list=17%, signal=42%	
GOBP_CELLULAR_RESPONSE_TO_BIOTIC_STIMULUS	GOBP_CELLULAR_RESPONSE_TO_BIOTIC_STIMULUS		128	-0.30735418	-1.1303538	0.17624521	0.4810912	1.0	1124	tags=17%, list=11%, signal=19%	
HP_EXERTIONAL_DYSPNEA	HP_EXERTIONAL_DYSPNEA		51	-0.35990202	-1.1300169	0.23366337	0.48168597	1.0	917	tags=20%, list=9%, signal=21%	
GOBP_T_CELL_DIFFERENTIATION_INVOLVED_IN_IMMUNE_RESPONSE	GOBP_T_CELL_DIFFERENTIATION_INVOLVED_IN_IMMUNE_RESPONSE		53	-0.35673022	-1.1298203	0.24806201	0.48192275	1.0	1261	tags=32%, list=12%, signal=36%	
GOMF_PHOSPHATIDYLINOSITOL_3_4_5_TRISPHOSPHATE_BINDING	GOMF_PHOSPHATIDYLINOSITOL_3_4_5_TRISPHOSPHATE_BINDING		27	-0.40370318	-1.1296335	0.2865275	0.4821478	1.0	2577	tags=48%, list=25%, signal=64%	
GOBP_NEGATIVE_REGULATION_OF_SMOOTH_MUSCLE_CELL_PROLIFERATION	GOBP_NEGATIVE_REGULATION_OF_SMOOTH_MUSCLE_CELL_PROLIFERATION		25	-0.4135761	-1.1294266	0.27204502	0.48239842	1.0	1717	tags=32%, list=16%, signal=38%	
GOBP_REGULATION_OF_HORMONE_LEVELS	GOBP_REGULATION_OF_HORMONE_LEVELS		188	-0.29546407	-1.1294237	0.17592593	0.48214528	1.0	2018	tags=26%, list=19%, signal=31%	
GOBP_GLYCOPROTEIN_METABOLIC_PROCESS	GOBP_GLYCOPROTEIN_METABOLIC_PROCESS		230	-0.2894217	-1.1293972	0.15243903	0.48194695	1.0	2190	tags=25%, list=21%, signal=31%	
GOBP_MUSCLE_CELL_DEVELOPMENT	GOBP_MUSCLE_CELL_DEVELOPMENT		60	-0.34913704	-1.1292089	0.2398374	0.48215798	1.0	1850	tags=22%, list=18%, signal=26%	
GOBP_POSITIVE_REGULATION_OF_HORMONE_SECRETION	GOBP_POSITIVE_REGULATION_OF_HORMONE_SECRETION		47	-0.3670377	-1.129044	0.25494072	0.482334	1.0	1344	tags=21%, list=13%, signal=24%	
GOCC_CILIARY_TRANSITION_ZONE	GOCC_CILIARY_TRANSITION_ZONE		41	-0.3757396	-1.1285505	0.26171875	0.48334324	1.0	3385	tags=34%, list=32%, signal=50%	
GOBP_SMOOTH_MUSCLE_CONTRACTION	GOBP_SMOOTH_MUSCLE_CONTRACTION		33	-0.38588306	-1.1284357	0.2718254	0.48336455	1.0	1019	tags=21%, list=10%, signal=23%	
HP_ABNORMAL_SYSTEMIC_BLOOD_PRESSURE	HP_ABNORMAL_SYSTEMIC_BLOOD_PRESSURE		250	-0.28690368	-1.1283369	0.15594542	0.483352	1.0	1523	tags=20%, list=14%, signal=22%	
GOBP_EXTRINSIC_APOPTOTIC_SIGNALING_PATHWAY_VIA_DEATH_DOMAIN_RECEPTORS	GOBP_EXTRINSIC_APOPTOTIC_SIGNALING_PATHWAY_VIA_DEATH_DOMAIN_RECEPTORS		55	-0.34525976	-1.1279962	0.23287672	0.4839329	1.0	930	tags=16%, list=9%, signal=18%	
GOBP_CELL_DIFFERENTIATION_INVOLVED_IN_EMBRYONIC_PLACENTA_DEVELOPMENT	GOBP_CELL_DIFFERENTIATION_INVOLVED_IN_EMBRYONIC_PLACENTA_DEVELOPMENT		16	-0.46251613	-1.1274303	0.30645162	0.48511377	1.0	1063	tags=19%, list=10%, signal=21%	
GOBP_POSITIVE_REGULATION_OF_NF_KAPPAB_TRANSCRIPTION_FACTOR_ACTIVITY	GOBP_POSITIVE_REGULATION_OF_NF_KAPPAB_TRANSCRIPTION_FACTOR_ACTIVITY		99	-0.3215496	-1.1267912	0.22200772	0.48650444	1.0	1398	tags=22%, list=13%, signal=25%	
HP_TYPICAL_ABSENCE_SEIZURE	HP_TYPICAL_ABSENCE_SEIZURE		33	-0.38740548	-1.1265842	0.27539062	0.48675832	1.0	1433	tags=27%, list=14%, signal=31%	
GOBP_GRANULOCYTE_CHEMOTAXIS	GOBP_GRANULOCYTE_CHEMOTAXIS		45	-0.3622063	-1.1265516	0.2534113	0.48656732	1.0	1236	tags=20%, list=12%, signal=23%	
GOBP_RIG_I_SIGNALING_PATHWAY	GOBP_RIG_I_SIGNALING_PATHWAY		23	-0.42000097	-1.1265213	0.29268292	0.48639134	1.0	560	tags=26%, list=5%, signal=27%	
GOBP_INOSITOL_PHOSPHATE_MEDIATED_SIGNALING	GOBP_INOSITOL_PHOSPHATE_MEDIATED_SIGNALING		29	-0.40521201	-1.1263944	0.29150578	0.4864628	1.0	2109	tags=34%, list=20%, signal=43%	
HP_ABNORMAL_PULMONARY_THORACIC_IMAGING_FINDING	HP_ABNORMAL_PULMONARY_THORACIC_IMAGING_FINDING		58	-0.34520668	-1.1263001	0.23597679	0.4864339	1.0	2080	tags=41%, list=20%, signal=51%	
HP_ABNORMAL_SERUM_INTERLEUKIN_LEVEL	HP_ABNORMAL_SERUM_INTERLEUKIN_LEVEL		18	-0.4455796	-1.1260297	0.30876493	0.48683238	1.0	1290	tags=39%, list=12%, signal=44%	
GOBP_LYSOSOMAL_PROTEIN_CATABOLIC_PROCESS	GOBP_LYSOSOMAL_PROTEIN_CATABOLIC_PROCESS		15	-0.4665558	-1.1260282	0.29766536	0.48657474	1.0	1093	tags=27%, list=10%, signal=30%	
HP_ABNORMALITY_OF_TEMPERATURE_REGULATION	HP_ABNORMALITY_OF_TEMPERATURE_REGULATION		271	-0.28102535	-1.1257787	0.15213358	0.48695102	1.0	1402	tags=20%, list=13%, signal=22%	
GOBP_ADIPOSE_TISSUE_DEVELOPMENT	GOBP_ADIPOSE_TISSUE_DEVELOPMENT		26	-0.40636805	-1.1253405	0.29449153	0.48780355	1.0	1824	tags=27%, list=17%, signal=32%	
GOBP_NEGATIVE_REGULATION_OF_CD4_POSITIVE_ALPHA_BETA_T_CELL_DIFFERENTIATION	GOBP_NEGATIVE_REGULATION_OF_CD4_POSITIVE_ALPHA_BETA_T_CELL_DIFFERENTIATION		18	-0.45030522	-1.1251438	0.3	0.48808417	1.0	335	tags=17%, list=3%, signal=17%	
HP_RESTING_TREMOR	HP_RESTING_TREMOR		35	-0.3919538	-1.1251369	0.268	0.48783633	1.0	1458	tags=23%, list=14%, signal=26%	
HP_STEREOTYPY	HP_STEREOTYPY		159	-0.29725808	-1.125068	0.19659735	0.48774752	1.0	1579	tags=22%, list=15%, signal=26%	
GOBP_VASCULAR_ENDOTHELIAL_GROWTH_FACTOR_RECEPTOR_SIGNALING_PATHWAY	GOBP_VASCULAR_ENDOTHELIAL_GROWTH_FACTOR_RECEPTOR_SIGNALING_PATHWAY		23	-0.42238542	-1.1248878	0.29820627	0.4879391	1.0	1130	tags=26%, list=11%, signal=29%	
GOBP_REGULATION_OF_ESTABLISHMENT_OF_PROTEIN_LOCALIZATION	GOBP_REGULATION_OF_ESTABLISHMENT_OF_PROTEIN_LOCALIZATION		322	-0.2768269	-1.1247672	0.12316176	0.4879861	1.0	1822	tags=24%, list=17%, signal=28%	
HP_FIBROUS_TISSUE_NEOPLASM	HP_FIBROUS_TISSUE_NEOPLASM		51	-0.351827	-1.1247376	0.2519685	0.48780748	1.0	1290	tags=24%, list=12%, signal=27%	
GOBP_INSULIN_SECRETION_INVOLVED_IN_CELLULAR_RESPONSE_TO_GLUCOSE_STIMULUS	GOBP_INSULIN_SECRETION_INVOLVED_IN_CELLULAR_RESPONSE_TO_GLUCOSE_STIMULUS		31	-0.39273664	-1.1245215	0.2721519	0.4881038	1.0	1569	tags=26%, list=15%, signal=30%	
HP_ABNORMAL_EATING_BEHAVIOR	HP_ABNORMAL_EATING_BEHAVIOR		57	-0.35131535	-1.1243674	0.26908398	0.48821905	1.0	1734	tags=26%, list=17%, signal=31%	
GOBP_SULFUR_COMPOUND_TRANSPORT	GOBP_SULFUR_COMPOUND_TRANSPORT		32	-0.38710237	-1.1242764	0.28190476	0.48817292	1.0	976	tags=16%, list=9%, signal=17%	
HP_ABNORMAL_NERVE_CONDUCTION_VELOCITY	HP_ABNORMAL_NERVE_CONDUCTION_VELOCITY		69	-0.3358159	-1.1239307	0.24084778	0.48877454	1.0	799	tags=19%, list=8%, signal=20%	
HP_ABNORMALITY_OF_THE_SENSE_OF_SMELL	HP_ABNORMALITY_OF_THE_SENSE_OF_SMELL		52	-0.35409918	-1.1238216	0.25933203	0.48877323	1.0	645	tags=13%, list=6%, signal=14%	
HP_DISPROPORTIONATE_SHORT_STATURE	HP_DISPROPORTIONATE_SHORT_STATURE		74	-0.33602232	-1.1237282	0.23984526	0.48876527	1.0	1955	tags=18%, list=19%, signal=21%	
HP_ABNORMAL_BRAIN_POSITRON_EMISSION_TOMOGRAPHY	HP_ABNORMAL_BRAIN_POSITRON_EMISSION_TOMOGRAPHY		20	-0.43776777	-1.1234571	0.29447854	0.48918125	1.0	916	tags=20%, list=9%, signal=22%	
GOBP_POSITIVE_REGULATION_OF_LYMPHOCYTE_MEDIATED_IMMUNITY	GOBP_POSITIVE_REGULATION_OF_LYMPHOCYTE_MEDIATED_IMMUNITY		60	-0.34687766	-1.1233348	0.2556391	0.48922533	1.0	1412	tags=27%, list=13%, signal=31%	
GOBP_FATTY_ACID_METABOLIC_PROCESS	GOBP_FATTY_ACID_METABOLIC_PROCESS		191	-0.2934364	-1.1232105	0.17992425	0.48928025	1.0	1585	tags=21%, list=15%, signal=24%	
GOBP_RESPONSE_TO_KETONE	GOBP_RESPONSE_TO_KETONE		97	-0.31860855	-1.1230782	0.20881227	0.48937038	1.0	1074	tags=21%, list=10%, signal=23%	
GOBP_RESPONSE_TO_DEXAMETHASONE	GOBP_RESPONSE_TO_DEXAMETHASONE		22	-0.4184232	-1.1228824	0.29918033	0.48963955	1.0	1435	tags=32%, list=14%, signal=37%	
GOCC_ANCHORED_COMPONENT_OF_MEMBRANE	GOCC_ANCHORED_COMPONENT_OF_MEMBRANE		40	-0.36767393	-1.1228272	0.268	0.48953006	1.0	1021	tags=18%, list=10%, signal=19%	
GOBP_RESPONSE_TO_TRANSFORMING_GROWTH_FACTOR_BETA	GOBP_RESPONSE_TO_TRANSFORMING_GROWTH_FACTOR_BETA		124	-0.30817777	-1.1228187	0.21247563	0.48928735	1.0	1468	tags=22%, list=14%, signal=25%	
GOBP_MEMBRANE_PROTEIN_PROTEOLYSIS	GOBP_MEMBRANE_PROTEIN_PROTEOLYSIS		42	-0.36756757	-1.1227725	0.28654972	0.4891394	1.0	1452	tags=21%, list=14%, signal=25%	
GOBP_REGULATION_OF_KERATINOCYTE_DIFFERENTIATION	GOBP_REGULATION_OF_KERATINOCYTE_DIFFERENTIATION		17	-0.45117646	-1.1226746	0.2874016	0.48912016	1.0	1849	tags=41%, list=18%, signal=50%	
GOBP_CELLULAR_RESPONSE_TO_CORTICOSTEROID_STIMULUS	GOBP_CELLULAR_RESPONSE_TO_CORTICOSTEROID_STIMULUS		30	-0.3942777	-1.122531	0.28125	0.48920962	1.0	1074	tags=27%, list=10%, signal=30%	
GOBP_SELECTIVE_AUTOPHAGY	GOBP_SELECTIVE_AUTOPHAGY		60	-0.34419477	-1.1221008	0.24746451	0.49009952	1.0	2541	tags=40%, list=24%, signal=52%	
HP_POSTAXIAL_HAND_POLYDACTYLY	HP_POSTAXIAL_HAND_POLYDACTYLY		66	-0.3389638	-1.1218534	0.23449612	0.49042174	1.0	2312	tags=29%, list=22%, signal=37%	
GOBP_RESPONSE_TO_ZINC_ION	GOBP_RESPONSE_TO_ZINC_ION		22	-0.4238682	-1.1215553	0.27992278	0.49094445	1.0	589	tags=18%, list=6%, signal=19%	
HP_COUGH	HP_COUGH		63	-0.3390621	-1.1210405	0.25098816	0.49202147	1.0	2222	tags=40%, list=21%, signal=50%	
GOMF_ATPASE_COUPLED_CATION_TRANSMEMBRANE_TRANSPORTER_ACTIVITY	GOMF_ATPASE_COUPLED_CATION_TRANSMEMBRANE_TRANSPORTER_ACTIVITY		24	-0.41392106	-1.1208867	0.27416173	0.4921467	1.0	2040	tags=33%, list=19%, signal=41%	
GOBP_REGULATION_OF_CELL_KILLING	GOBP_REGULATION_OF_CELL_KILLING		45	-0.36641008	-1.1205705	0.26294822	0.49267483	1.0	1528	tags=29%, list=15%, signal=34%	
GOBP_INTRA_GOLGI_VESICLE_MEDIATED_TRANSPORT	GOBP_INTRA_GOLGI_VESICLE_MEDIATED_TRANSPORT		29	-0.39454532	-1.1205134	0.25576922	0.49256104	1.0	3497	tags=38%, list=33%, signal=57%	
GOBP_REGULATION_OF_PROTEOLYSIS	GOBP_REGULATION_OF_PROTEOLYSIS		407	-0.26936144	-1.1198744	0.120567374	0.49388096	1.0	1355	tags=17%, list=13%, signal=19%	
GOBP_REGULATION_OF_INTRACELLULAR_TRANSPORT	GOBP_REGULATION_OF_INTRACELLULAR_TRANSPORT		233	-0.28299087	-1.1196295	0.19633028	0.494281	1.0	1812	tags=23%, list=17%, signal=27%	
GOMF_PROTEIN_HOMODIMERIZATION_ACTIVITY	GOMF_PROTEIN_HOMODIMERIZATION_ACTIVITY		382	-0.27295858	-1.1195884	0.14285715	0.49413684	1.0	1523	tags=20%, list=14%, signal=22%	
GOBP_STRIATED_MUSCLE_CELL_DIFFERENTIATION	GOBP_STRIATED_MUSCLE_CELL_DIFFERENTIATION		108	-0.31627363	-1.1190889	0.225	0.49516824	1.0	595	tags=11%, list=6%, signal=12%	
HP_ALLERGY	HP_ALLERGY		16	-0.45280662	-1.1190538	0.28716904	0.49499556	1.0	1026	tags=25%, list=10%, signal=28%	
HP_ACHILLES_TENDON_CONTRACTURE	HP_ACHILLES_TENDON_CONTRACTURE		22	-0.41770205	-1.1188494	0.3049505	0.49526948	1.0	1467	tags=27%, list=14%, signal=32%	
HP_SKIN_PIT	HP_SKIN_PIT		29	-0.3995138	-1.1185637	0.28857717	0.49575502	1.0	3105	tags=48%, list=30%, signal=68%	
HP_VERTEBRAL_FUSION	HP_VERTEBRAL_FUSION		23	-0.41434622	-1.1183459	0.28803244	0.49603856	1.0	1833	tags=26%, list=17%, signal=32%	
GOCC_DENDRITE_CYTOPLASM	GOCC_DENDRITE_CYTOPLASM		18	-0.44412005	-1.1181067	0.316	0.4963973	1.0	672	tags=17%, list=6%, signal=18%	
GOMF_PROTEIN_TYROSINE_PHOSPHATASE_ACTIVITY	GOMF_PROTEIN_TYROSINE_PHOSPHATASE_ACTIVITY		68	-0.3333326	-1.1178869	0.24701196	0.496676	1.0	1149	tags=18%, list=11%, signal=20%	
GOBP_POSITIVE_REGULATION_OF_CHEMOKINE_PRODUCTION	GOBP_POSITIVE_REGULATION_OF_CHEMOKINE_PRODUCTION		32	-0.3885154	-1.1176916	0.2777778	0.49693236	1.0	795	tags=25%, list=8%, signal=27%	
GOBP_REGULATION_OF_CARTILAGE_DEVELOPMENT	GOBP_REGULATION_OF_CARTILAGE_DEVELOPMENT		19	-0.43358186	-1.1176728	0.28489482	0.49673045	1.0	1434	tags=42%, list=14%, signal=49%	
HP_ABNORMALITY_OF_CIRCULATING_GLUCOCORTICOID_LEVEL	HP_ABNORMALITY_OF_CIRCULATING_GLUCOCORTICOID_LEVEL		32	-0.38373664	-1.1174935	0.27238095	0.4969232	1.0	1218	tags=25%, list=12%, signal=28%	
GOBP_DIOL_METABOLIC_PROCESS	GOBP_DIOL_METABOLIC_PROCESS		19	-0.43814483	-1.1171153	0.3072519	0.49760506	1.0	2080	tags=42%, list=20%, signal=52%	
HP_FOOT_DORSIFLEXOR_WEAKNESS	HP_FOOT_DORSIFLEXOR_WEAKNESS		45	-0.36001915	-1.116546	0.26035503	0.49884483	1.0	2668	tags=38%, list=25%, signal=50%	
GOBP_VERY_LONG_CHAIN_FATTY_ACID_METABOLIC_PROCESS	GOBP_VERY_LONG_CHAIN_FATTY_ACID_METABOLIC_PROCESS		18	-0.4451186	-1.1165025	0.3211382	0.49868885	1.0	2354	tags=44%, list=22%, signal=57%	
GOBP_TOLERANCE_INDUCTION	GOBP_TOLERANCE_INDUCTION		16	-0.4601739	-1.1164359	0.2994012	0.4986089	1.0	283	tags=13%, list=3%, signal=13%	
HP_DUPLICATION_INVOLVING_BONES_OF_THE_FEET	HP_DUPLICATION_INVOLVING_BONES_OF_THE_FEET		80	-0.32748282	-1.1159047	0.25631067	0.49973434	1.0	1954	tags=25%, list=19%, signal=30%	
GOBP_REGULATION_OF_AMYLOID_PRECURSOR_PROTEIN_CATABOLIC_PROCESS	GOBP_REGULATION_OF_AMYLOID_PRECURSOR_PROTEIN_CATABOLIC_PROCESS		28	-0.39676765	-1.1158445	0.30635837	0.4996268	1.0	582	tags=21%, list=6%, signal=23%	
HP_ABNORMAL_CSF_PROTEIN_LEVEL	HP_ABNORMAL_CSF_PROTEIN_LEVEL		25	-0.40158248	-1.1157063	0.29489604	0.49972326	1.0	1319	tags=28%, list=13%, signal=32%	
GOCC_ENDOPLASMIC_RETICULUM_QUALITY_CONTROL_COMPARTMENT	GOCC_ENDOPLASMIC_RETICULUM_QUALITY_CONTROL_COMPARTMENT		20	-0.43559673	-1.1154468	0.3109756	0.5001183	1.0	2399	tags=50%, list=23%, signal=65%	
GOBP_REGULATION_OF_CYSTEINE_TYPE_ENDOPEPTIDASE_ACTIVITY	GOBP_REGULATION_OF_CYSTEINE_TYPE_ENDOPEPTIDASE_ACTIVITY		135	-0.30016187	-1.1154282	0.21923077	0.49990505	1.0	1130	tags=17%, list=11%, signal=19%	
HP_INCREASED_BONE_MINERAL_DENSITY	HP_INCREASED_BONE_MINERAL_DENSITY		67	-0.33760902	-1.1153076	0.25581396	0.49995494	1.0	1967	tags=27%, list=19%, signal=33%	
GOBP_MICROTUBULE_DEPOLYMERIZATION	GOBP_MICROTUBULE_DEPOLYMERIZATION		29	-0.39835712	-1.1151327	0.28857717	0.50015414	1.0	3610	tags=52%, list=34%, signal=79%	
GOMF_DEACETYLASE_ACTIVITY	GOMF_DEACETYLASE_ACTIVITY		30	-0.39181823	-1.1151168	0.30367506	0.49993327	1.0	526	tags=10%, list=5%, signal=10%	
HP_AORTIC_VALVE_STENOSIS	HP_AORTIC_VALVE_STENOSIS		32	-0.39004084	-1.1149118	0.2962264	0.50022143	1.0	595	tags=16%, list=6%, signal=17%	
GOBP_REGULATION_OF_ANION_TRANSPORT	GOBP_REGULATION_OF_ANION_TRANSPORT		32	-0.3834002	-1.1148956	0.2815534	0.5000027	1.0	1418	tags=25%, list=13%, signal=29%	
HP_COARSE_FACIAL_FEATURES	HP_COARSE_FACIAL_FEATURES		163	-0.29617316	-1.1147217	0.20188679	0.50016147	1.0	1954	tags=22%, list=19%, signal=27%	
GOBP_POSITIVE_REGULATION_OF_PROTEIN_ACETYLATION	GOBP_POSITIVE_REGULATION_OF_PROTEIN_ACETYLATION		34	-0.3874897	-1.1144553	0.26506025	0.500582	1.0	1241	tags=21%, list=12%, signal=23%	
GOBP_MECHANORECEPTOR_DIFFERENTIATION	GOBP_MECHANORECEPTOR_DIFFERENTIATION		23	-0.40887526	-1.1142669	0.29032257	0.5008258	1.0	804	tags=17%, list=8%, signal=19%	
HP_VASCULAR_DILATATION	HP_VASCULAR_DILATATION		156	-0.29508257	-1.1142098	0.21172023	0.5007164	1.0	1195	tags=17%, list=11%, signal=19%	
GOBP_RESPONSE_TO_CORTICOSTEROID	GOBP_RESPONSE_TO_CORTICOSTEROID		63	-0.3360297	-1.114202	0.27447218	0.50048107	1.0	1212	tags=22%, list=12%, signal=25%	
HP_PERIPHERAL_AXONAL_NEUROPATHY	HP_PERIPHERAL_AXONAL_NEUROPATHY		98	-0.3140641	-1.1137863	0.23960397	0.5012709	1.0	1447	tags=21%, list=14%, signal=25%	
HP_HYPERINTENSITY_OF_CEREBRAL_WHITE_MATTER_ON_MRI	HP_HYPERINTENSITY_OF_CEREBRAL_WHITE_MATTER_ON_MRI		36	-0.3731757	-1.1133662	0.28654972	0.50211656	1.0	670	tags=14%, list=6%, signal=15%	
GOBP_EXTRINSIC_APOPTOTIC_SIGNALING_PATHWAY	GOBP_EXTRINSIC_APOPTOTIC_SIGNALING_PATHWAY		140	-0.30322617	-1.1132252	0.20683111	0.50220627	1.0	1141	tags=16%, list=11%, signal=18%	
HP_DERMATOLOGICAL_MANIFESTATIONS_OF_SYSTEMIC_DISORDERS	HP_DERMATOLOGICAL_MANIFESTATIONS_OF_SYSTEMIC_DISORDERS		154	-0.2963696	-1.1130956	0.20879121	0.50227785	1.0	1643	tags=21%, list=16%, signal=24%	
GOMF_ANION_TRANSMEMBRANE_TRANSPORTER_ACTIVITY	GOMF_ANION_TRANSMEMBRANE_TRANSPORTER_ACTIVITY		127	-0.29922712	-1.1129588	0.19886364	0.5023783	1.0	1216	tags=17%, list=12%, signal=18%	
HP_MYALGIA	HP_MYALGIA		101	-0.31562346	-1.1126013	0.20961538	0.5030413	1.0	1391	tags=23%, list=13%, signal=26%	
HP_VISUAL_FIELD_DEFECT	HP_VISUAL_FIELD_DEFECT		114	-0.30694503	-1.1123631	0.22264875	0.50340044	1.0	1339	tags=16%, list=13%, signal=18%	
GOBP_REGULATION_OF_MICROTUBULE_CYTOSKELETON_ORGANIZATION	GOBP_REGULATION_OF_MICROTUBULE_CYTOSKELETON_ORGANIZATION		105	-0.3110887	-1.1123552	0.23551401	0.50315857	1.0	1886	tags=20%, list=18%, signal=24%	
HP_RESTLESSNESS	HP_RESTLESSNESS		86	-0.32096493	-1.1122872	0.23968565	0.50308955	1.0	1575	tags=23%, list=15%, signal=27%	
GOMF_GROWTH_FACTOR_RECEPTOR_BINDING	GOMF_GROWTH_FACTOR_RECEPTOR_BINDING		53	-0.35100365	-1.112188	0.2618596	0.5030769	1.0	1943	tags=32%, list=18%, signal=39%	
GOBP_CYCLIC_NUCLEOTIDE_MEDIATED_SIGNALING	GOBP_CYCLIC_NUCLEOTIDE_MEDIATED_SIGNALING		20	-0.42386913	-1.1116344	0.29435483	0.50425416	1.0	2489	tags=55%, list=24%, signal=72%	
HP_CHEST_PAIN	HP_CHEST_PAIN		54	-0.3530929	-1.111367	0.27944112	0.50468105	1.0	1855	tags=30%, list=18%, signal=36%	
GOBP_EMBRYONIC_ORGAN_DEVELOPMENT	GOBP_EMBRYONIC_ORGAN_DEVELOPMENT		168	-0.29275027	-1.1113003	0.21631879	0.5045742	1.0	804	tags=11%, list=8%, signal=12%	
HP_LACK_OF_SKIN_ELASTICITY	HP_LACK_OF_SKIN_ELASTICITY		23	-0.41557613	-1.1107391	0.31578946	0.50575036	1.0	414	tags=13%, list=4%, signal=14%	
GOBP_EAR_MORPHOGENESIS	GOBP_EAR_MORPHOGENESIS		31	-0.37851438	-1.1105437	0.2977099	0.50600255	1.0	1898	tags=23%, list=18%, signal=27%	
HP_INSOMNIA	HP_INSOMNIA		35	-0.38545448	-1.1102433	0.2868526	0.50652385	1.0	1458	tags=26%, list=14%, signal=30%	
HP_ABNORMAL_AORTIC_VALVE_CUSP_MORPHOLOGY	HP_ABNORMAL_AORTIC_VALVE_CUSP_MORPHOLOGY		62	-0.33855182	-1.1100658	0.25148514	0.50670046	1.0	1934	tags=27%, list=18%, signal=33%	
HP_ABNORMAL_ELECTRORETINOGRAM	HP_ABNORMAL_ELECTRORETINOGRAM		99	-0.31499866	-1.109753	0.23431735	0.5072426	1.0	2354	tags=31%, list=22%, signal=40%	
HP_TOE_CLINODACTYLY	HP_TOE_CLINODACTYLY		58	-0.3420209	-1.1096748	0.27539062	0.5071732	1.0	844	tags=16%, list=8%, signal=17%	
HP_ABNORMAL_SYNAPTIC_TRANSMISSION_AT_THE_NEUROMUSCULAR_JUNCTION	HP_ABNORMAL_SYNAPTIC_TRANSMISSION_AT_THE_NEUROMUSCULAR_JUNCTION		62	-0.3399214	-1.1096123	0.2693032	0.50706816	1.0	625	tags=11%, list=6%, signal=12%	
HP_ABNORMAL_THORACIC_SPINE_MORPHOLOGY	HP_ABNORMAL_THORACIC_SPINE_MORPHOLOGY		52	-0.34849736	-1.1095202	0.27659574	0.50703835	1.0	2071	tags=27%, list=20%, signal=33%	
GOMF_RNA_POLYMERASE_II_SPECIFIC_DNA_BINDING_TRANSCRIPTION_FACTOR_BINDING	GOMF_RNA_POLYMERASE_II_SPECIFIC_DNA_BINDING_TRANSCRIPTION_FACTOR_BINDING		244	-0.282739	-1.1092582	0.1849711	0.5074223	1.0	1259	tags=16%, list=12%, signal=18%	
GOBP_REGULATION_OF_LIPID_TRANSPORT	GOBP_REGULATION_OF_LIPID_TRANSPORT		55	-0.35039452	-1.1092491	0.27005872	0.5071857	1.0	1336	tags=24%, list=13%, signal=27%	
GOBP_REGULATION_OF_CARBOHYDRATE_CATABOLIC_PROCESS	GOBP_REGULATION_OF_CARBOHYDRATE_CATABOLIC_PROCESS		37	-0.38011536	-1.1092467	0.28769842	0.50693274	1.0	917	tags=16%, list=9%, signal=18%	
HP_AREFLEXIA	HP_AREFLEXIA		173	-0.2921663	-1.1091017	0.20848708	0.50702804	1.0	1529	tags=18%, list=15%, signal=21%	
HP_ABNORMAL_DELIVERY	HP_ABNORMAL_DELIVERY		38	-0.37916738	-1.1086073	0.26899385	0.50803816	1.0	723	tags=21%, list=7%, signal=23%	
HP_LONG_TOE	HP_LONG_TOE		15	-0.45709786	-1.1086053	0.32071713	0.5077857	1.0	1396	tags=33%, list=13%, signal=38%	
GOBP_REGULATION_OF_MUSCLE_SYSTEM_PROCESS	GOBP_REGULATION_OF_MUSCLE_SYSTEM_PROCESS		90	-0.31663486	-1.1086009	0.26195028	0.50753456	1.0	1435	tags=24%, list=14%, signal=28%	
GOBP_REGULATION_OF_NUCLEOTIDE_METABOLIC_PROCESS	GOBP_REGULATION_OF_NUCLEOTIDE_METABOLIC_PROCESS		42	-0.36595017	-1.10779	0.30152673	0.50929874	1.0	917	tags=17%, list=9%, signal=18%	
HP_RETINOPATHY	HP_RETINOPATHY		68	-0.33067974	-1.1073388	0.24850895	0.51015633	1.0	1378	tags=15%, list=13%, signal=17%	
GOBP_PURINE_NUCLEOTIDE_TRANSPORT	GOBP_PURINE_NUCLEOTIDE_TRANSPORT		20	-0.43539482	-1.1067888	0.32748538	0.5113541	1.0	976	tags=30%, list=9%, signal=33%	
GOBP_REGULATION_OF_PROTEIN_SECRETION	GOBP_REGULATION_OF_PROTEIN_SECRETION		124	-0.30661336	-1.1066035	0.22941177	0.5115898	1.0	1344	tags=19%, list=13%, signal=21%	
HP_MULTIFOCAL_EPILEPTIFORM_DISCHARGES	HP_MULTIFOCAL_EPILEPTIFORM_DISCHARGES		60	-0.33482432	-1.1060028	0.2660194	0.5128942	1.0	2336	tags=37%, list=22%, signal=47%	
HP_ABNORMAL_SERUM_INTERFERON_LEVEL	HP_ABNORMAL_SERUM_INTERFERON_LEVEL		21	-0.41206428	-1.1059601	0.3109405	0.5127469	1.0	932	tags=33%, list=9%, signal=37%	
GOBP_SEMAPHORIN_PLEXIN_SIGNALING_PATHWAY	GOBP_SEMAPHORIN_PLEXIN_SIGNALING_PATHWAY		18	-0.43298906	-1.1059042	0.33549783	0.5126254	1.0	1402	tags=22%, list=13%, signal=26%	
HP_ABNORMAL_PROPORTION_OF_CD4_POSITIVE_T_CELLS	HP_ABNORMAL_PROPORTION_OF_CD4_POSITIVE_T_CELLS		29	-0.3949127	-1.105887	0.31698114	0.51241064	1.0	1644	tags=28%, list=16%, signal=33%	
HP_STATUS_EPILEPTICUS	HP_STATUS_EPILEPTICUS		118	-0.30624855	-1.1056277	0.23584905	0.5128383	1.0	1663	tags=23%, list=16%, signal=27%	
HP_BONE_MARROW_HYPERCELLULARITY	HP_BONE_MARROW_HYPERCELLULARITY		23	-0.4106743	-1.1055056	0.31075698	0.5129046	1.0	1290	tags=39%, list=12%, signal=45%	
HP_RENAL_INSUFFICIENCY	HP_RENAL_INSUFFICIENCY		213	-0.28448585	-1.1046625	0.20992367	0.51479465	1.0	1808	tags=20%, list=17%, signal=23%	
HP_ABNORMAL_ODONTOID_TISSUE_MORPHOLOGY	HP_ABNORMAL_ODONTOID_TISSUE_MORPHOLOGY		127	-0.30396187	-1.1045011	0.24517375	0.51498014	1.0	1955	tags=24%, list=19%, signal=29%	
GOBP_ENDOCRINE_SYSTEM_DEVELOPMENT	GOBP_ENDOCRINE_SYSTEM_DEVELOPMENT		43	-0.35878128	-1.1044903	0.27490774	0.51474696	1.0	794	tags=14%, list=8%, signal=15%	
HP_HEAD_TREMOR	HP_HEAD_TREMOR		24	-0.40837988	-1.1043288	0.3245283	0.5149061	1.0	863	tags=25%, list=8%, signal=27%	
GOBP_NEGATIVE_REGULATION_OF_CELL_ACTIVATION	GOBP_NEGATIVE_REGULATION_OF_CELL_ACTIVATION		111	-0.30978563	-1.1041183	0.24150944	0.515188	1.0	871	tags=17%, list=8%, signal=18%	
GOBP_NEGATIVE_REGULATION_OF_ALPHA_BETA_T_CELL_DIFFERENTIATION	GOBP_NEGATIVE_REGULATION_OF_ALPHA_BETA_T_CELL_DIFFERENTIATION		19	-0.43135336	-1.1038538	0.3275194	0.5156416	1.0	335	tags=16%, list=3%, signal=16%	
GOBP_RESPONSE_TO_GROWTH_FACTOR	GOBP_RESPONSE_TO_GROWTH_FACTOR		304	-0.27575302	-1.1037471	0.18882467	0.5156509	1.0	1477	tags=18%, list=14%, signal=21%	
GOBP_NEGATIVE_REGULATION_OF_SECRETION	GOBP_NEGATIVE_REGULATION_OF_SECRETION		69	-0.33104226	-1.103699	0.25757575	0.51551664	1.0	1754	tags=25%, list=17%, signal=29%	
GOBP_PROTEIN_LOCALIZATION_TO_EXTRACELLULAR_REGION	GOBP_PROTEIN_LOCALIZATION_TO_EXTRACELLULAR_REGION		171	-0.29541555	-1.1034341	0.22332016	0.51595	1.0	1654	tags=20%, list=16%, signal=24%	
GOBP_INTERLEUKIN_12_PRODUCTION	GOBP_INTERLEUKIN_12_PRODUCTION		33	-0.37369308	-1.1027901	0.3131313	0.51738054	1.0	993	tags=27%, list=9%, signal=30%	
GOBP_NEGATIVE_REGULATION_OF_CELL_POPULATION_PROLIFERATION	GOBP_NEGATIVE_REGULATION_OF_CELL_POPULATION_PROLIFERATION		334	-0.2724955	-1.1020243	0.18324608	0.5191584	1.0	1896	tags=24%, list=18%, signal=29%	
GOBP_DEPHOSPHORYLATION	GOBP_DEPHOSPHORYLATION		283	-0.2752241	-1.1015556	0.19378428	0.52010417	1.0	1672	tags=17%, list=16%, signal=20%	
GOMF_CIS_REGULATORY_REGION_SEQUENCE_SPECIFIC_DNA_BINDING	GOMF_CIS_REGULATORY_REGION_SEQUENCE_SPECIFIC_DNA_BINDING		371	-0.26800916	-1.1015553	0.18426104	0.5198434	1.0	1838	tags=21%, list=17%, signal=24%	
GOBP_POSITIVE_REGULATION_OF_PROTEIN_POLYMERIZATION	GOBP_POSITIVE_REGULATION_OF_PROTEIN_POLYMERIZATION		55	-0.35195926	-1.101417	0.29693487	0.5199228	1.0	2779	tags=42%, list=26%, signal=57%	
HP_NEPHRONOPHTHISIS	HP_NEPHRONOPHTHISIS		27	-0.39693126	-1.101394	0.3233533	0.5197238	1.0	3100	tags=44%, list=29%, signal=63%	
HP_ABNORMALITY_OF_THE_VERTEBRAL_ENDPLATES	HP_ABNORMALITY_OF_THE_VERTEBRAL_ENDPLATES		20	-0.42633116	-1.1011558	0.32163742	0.5200655	1.0	12	tags=5%, list=0%, signal=5%	
GOBP_NEGATIVE_REGULATION_OF_CELL_CELL_ADHESION	GOBP_NEGATIVE_REGULATION_OF_CELL_CELL_ADHESION		92	-0.3171098	-1.1009191	0.24497992	0.52045286	1.0	646	tags=17%, list=6%, signal=18%	
GOBP_INTRACELLULAR_STEROL_TRANSPORT	GOBP_INTRACELLULAR_STEROL_TRANSPORT		24	-0.40103775	-1.1008406	0.318	0.5203969	1.0	2611	tags=46%, list=25%, signal=61%	
GOBP_REGULATION_OF_STEROID_BIOSYNTHETIC_PROCESS	GOBP_REGULATION_OF_STEROID_BIOSYNTHETIC_PROCESS		36	-0.37372696	-1.1003962	0.3015564	0.5213444	1.0	859	tags=17%, list=8%, signal=18%	
GOMF_DIOXYGENASE_ACTIVITY	GOMF_DIOXYGENASE_ACTIVITY		62	-0.33319378	-1.0999019	0.27889907	0.5223905	1.0	2009	tags=29%, list=19%, signal=36%	
GOBP_NEGATIVE_REGULATION_OF_ION_TRANSPORT	GOBP_NEGATIVE_REGULATION_OF_ION_TRANSPORT		51	-0.3487663	-1.0998812	0.2765073	0.5221778	1.0	1935	tags=29%, list=18%, signal=36%	
HP_RECURRENT_FEVER	HP_RECURRENT_FEVER		37	-0.3731267	-1.0997052	0.29038855	0.5223718	1.0	906	tags=16%, list=9%, signal=18%	
GOBP_OSSIFICATION	GOBP_OSSIFICATION		175	-0.28818616	-1.0993956	0.21606119	0.52290237	1.0	1563	tags=22%, list=15%, signal=25%	
GOBP_CARDIAC_MUSCLE_TISSUE_MORPHOGENESIS	GOBP_CARDIAC_MUSCLE_TISSUE_MORPHOGENESIS		17	-0.44054395	-1.0992328	0.33531746	0.52307236	1.0	1898	tags=35%, list=18%, signal=43%	
HP_IRREGULAR_VERTEBRAL_ENDPLATES	HP_IRREGULAR_VERTEBRAL_ENDPLATES		16	-0.44910192	-1.0989985	0.33476394	0.5234372	1.0	12	tags=6%, list=0%, signal=6%	
HP_GENERALIZED_HIRSUTISM	HP_GENERALIZED_HIRSUTISM		68	-0.33480337	-1.098717	0.2816092	0.52389383	1.0	2312	tags=28%, list=22%, signal=36%	
HP_SENSORY_NEUROPATHY	HP_SENSORY_NEUROPATHY		65	-0.3346775	-1.0980167	0.2791587	0.5254646	1.0	1397	tags=22%, list=13%, signal=25%	
HP_ACUTE_HEPATIC_FAILURE	HP_ACUTE_HEPATIC_FAILURE		23	-0.40830988	-1.0978315	0.30846775	0.5256692	1.0	535	tags=22%, list=5%, signal=23%	
HP_CHRONIC_FATIGUE	HP_CHRONIC_FATIGUE		16	-0.45209584	-1.0978272	0.31931165	0.5254158	1.0	1319	tags=25%, list=13%, signal=29%	
GOBP_POSITIVE_REGULATION_OF_MYELOID_CELL_DIFFERENTIATION	GOBP_POSITIVE_REGULATION_OF_MYELOID_CELL_DIFFERENTIATION		63	-0.3400146	-1.0977108	0.29554656	0.52548075	1.0	1214	tags=22%, list=12%, signal=25%	
GOMF_UBIQUITIN_LIKE_PROTEIN_TRANSFERASE_ACTIVITY	GOMF_UBIQUITIN_LIKE_PROTEIN_TRANSFERASE_ACTIVITY		313	-0.27234662	-1.0976493	0.17550275	0.5253741	1.0	2683	tags=28%, list=26%, signal=37%	
HP_ABNORMAL_MYELOID_LEUKOCYTE_MORPHOLOGY	HP_ABNORMAL_MYELOID_LEUKOCYTE_MORPHOLOGY		243	-0.27855507	-1.0974643	0.21157685	0.525573	1.0	1290	tags=19%, list=12%, signal=22%	
HP_WEIGHT_LOSS	HP_WEIGHT_LOSS		194	-0.28655097	-1.0971558	0.21240601	0.52609104	1.0	1241	tags=17%, list=12%, signal=19%	
GOCC_CILIARY_TIP	GOCC_CILIARY_TIP		32	-0.38423514	-1.0968283	0.27906978	0.5267199	1.0	1907	tags=28%, list=18%, signal=34%	
HP_DISTAL_SENSORY_IMPAIRMENT	HP_DISTAL_SENSORY_IMPAIRMENT		77	-0.32240227	-1.0966163	0.2868687	0.52701277	1.0	1529	tags=25%, list=15%, signal=29%	
GOMF_GLYCOSAMINOGLYCAN_BINDING	GOMF_GLYCOSAMINOGLYCAN_BINDING		53	-0.34704357	-1.09656	0.2992126	0.52688396	1.0	850	tags=17%, list=8%, signal=18%	
GOBP_REGULATION_OF_POTASSIUM_ION_TRANSPORT	GOBP_REGULATION_OF_POTASSIUM_ION_TRANSPORT		33	-0.3820708	-1.0964448	0.3151751	0.526932	1.0	1500	tags=33%, list=14%, signal=39%	
GOBP_POSITIVE_T_CELL_SELECTION	GOBP_POSITIVE_T_CELL_SELECTION		28	-0.39138913	-1.0963714	0.325	0.5268687	1.0	1648	tags=43%, list=16%, signal=51%	
GOBP_REGULATION_OF_LEUKOCYTE_PROLIFERATION	GOBP_REGULATION_OF_LEUKOCYTE_PROLIFERATION		129	-0.2987071	-1.0962905	0.25387597	0.52681875	1.0	822	tags=17%, list=8%, signal=18%	
HP_OVARIAN_CYST	HP_OVARIAN_CYST		49	-0.34930307	-1.0959212	0.29614604	0.5275138	1.0	1215	tags=27%, list=12%, signal=30%	
GOMF_TRANSMEMBRANE_TRANSPORTER_BINDING	GOMF_TRANSMEMBRANE_TRANSPORTER_BINDING		60	-0.3356236	-1.0957377	0.29387754	0.52776337	1.0	1943	tags=30%, list=18%, signal=37%	
GOCC_MICROBODY	GOCC_MICROBODY		100	-0.3090071	-1.0952685	0.2673077	0.5287633	1.0	2535	tags=31%, list=24%, signal=40%	
HP_WADDLING_GAIT	HP_WADDLING_GAIT		58	-0.33643737	-1.0951877	0.28031808	0.5287103	1.0	1815	tags=19%, list=17%, signal=23%	
GOBP_REGULATION_OF_PROTEIN_LOCALIZATION_TO_CELL_SURFACE	GOBP_REGULATION_OF_PROTEIN_LOCALIZATION_TO_CELL_SURFACE		27	-0.39945883	-1.095084	0.32364342	0.5287189	1.0	1418	tags=30%, list=13%, signal=34%	
GOBP_ORGANIC_ANION_TRANSPORT	GOBP_ORGANIC_ANION_TRANSPORT		145	-0.2907225	-1.0949732	0.21564886	0.5287327	1.0	1256	tags=17%, list=12%, signal=19%	
GOBP_REGULATION_OF_FILOPODIUM_ASSEMBLY	GOBP_REGULATION_OF_FILOPODIUM_ASSEMBLY		25	-0.40023872	-1.0948328	0.30425963	0.52884656	1.0	379	tags=8%, list=4%, signal=8%	
GOBP_POSITIVE_REGULATION_OF_CELLULAR_COMPONENT_BIOGENESIS	GOBP_POSITIVE_REGULATION_OF_CELLULAR_COMPONENT_BIOGENESIS		268	-0.27671123	-1.0947729	0.18773946	0.5287374	1.0	1791	tags=23%, list=17%, signal=27%	
GOBP_PLASMA_LIPOPROTEIN_PARTICLE_CLEARANCE	GOBP_PLASMA_LIPOPROTEIN_PARTICLE_CLEARANCE		18	-0.4282634	-1.0940709	0.35140187	0.53034794	1.0	873	tags=22%, list=8%, signal=24%	
HP_PRIMITIVE_NEUROECTODERMAL_TUMOR	HP_PRIMITIVE_NEUROECTODERMAL_TUMOR		40	-0.3600167	-1.0936625	0.3049505	0.5311719	1.0	1468	tags=20%, list=14%, signal=23%	
GOBP_NUCLEAR_ENVELOPE_ORGANIZATION	GOBP_NUCLEAR_ENVELOPE_ORGANIZATION		48	-0.35023698	-1.0930495	0.30321285	0.5325018	1.0	1317	tags=25%, list=13%, signal=28%	
HP_ABNORMAL_RIB_CAGE_MORPHOLOGY	HP_ABNORMAL_RIB_CAGE_MORPHOLOGY		213	-0.28132907	-1.0930384	0.20527308	0.53226346	1.0	1955	tags=23%, list=19%, signal=28%	
GOBP_SMOOTH_MUSCLE_CELL_PROLIFERATION	GOBP_SMOOTH_MUSCLE_CELL_PROLIFERATION		68	-0.32724836	-1.093028	0.29571983	0.53202814	1.0	1333	tags=25%, list=13%, signal=28%	
GOCC_SYNAPTIC_VESICLE_MEMBRANE	GOCC_SYNAPTIC_VESICLE_MEMBRANE		39	-0.36152282	-1.0929887	0.2862823	0.5318656	1.0	1500	tags=28%, list=14%, signal=33%	
HP_THORACIC_AORTIC_ANEURYSM	HP_THORACIC_AORTIC_ANEURYSM		92	-0.3132836	-1.0926219	0.3003876	0.5326198	1.0	1308	tags=18%, list=12%, signal=21%	
HP_ARTERIAL_THROMBOSIS	HP_ARTERIAL_THROMBOSIS		15	-0.44503948	-1.0924212	0.34607646	0.5328835	1.0	1378	tags=47%, list=13%, signal=54%	
GOBP_RESPONSE_TO_MONOSACCHARIDE	GOBP_RESPONSE_TO_MONOSACCHARIDE		93	-0.31561428	-1.0923605	0.26824456	0.5327875	1.0	1579	tags=22%, list=15%, signal=25%	
GOBP_NEGATIVE_REGULATION_OF_IMMUNE_EFFECTOR_PROCESS	GOBP_NEGATIVE_REGULATION_OF_IMMUNE_EFFECTOR_PROCESS		58	-0.33190545	-1.0920558	0.28174603	0.53334266	1.0	983	tags=19%, list=9%, signal=21%	
GOBP_CYTOPLASMIC_SEQUESTERING_OF_PROTEIN	GOBP_CYTOPLASMIC_SEQUESTERING_OF_PROTEIN		18	-0.42881235	-1.091906	0.35173824	0.5334727	1.0	3131	tags=39%, list=30%, signal=55%	
GOMF_PROTEIN_DEACETYLASE_ACTIVITY	GOMF_PROTEIN_DEACETYLASE_ACTIVITY		22	-0.40896767	-1.091855	0.34313726	0.53333247	1.0	526	tags=9%, list=5%, signal=10%	
HP_HYPOLIPOPROTEINEMIA	HP_HYPOLIPOPROTEINEMIA		18	-0.43451315	-1.0917447	0.34063745	0.5333535	1.0	420	tags=17%, list=4%, signal=17%	
GOCC_AZUROPHIL_GRANULE_LUMEN	GOCC_AZUROPHIL_GRANULE_LUMEN		60	-0.34135875	-1.0915537	0.30134356	0.53362113	1.0	2211	tags=33%, list=21%, signal=42%	
HP_CONSTIPATION	HP_CONSTIPATION		227	-0.27887043	-1.0911971	0.2195572	0.5343027	1.0	1587	tags=20%, list=15%, signal=23%	
GOBP_CARBOXYLIC_ACID_TRANSPORT	GOBP_CARBOXYLIC_ACID_TRANSPORT		104	-0.30451548	-1.0908887	0.26857144	0.5348386	1.0	830	tags=13%, list=8%, signal=14%	
HP_HOARSE_VOICE	HP_HOARSE_VOICE		59	-0.3351434	-1.0908127	0.268714	0.53476787	1.0	932	tags=15%, list=9%, signal=17%	
GOBP_PROTEIN_LIPID_COMPLEX_ASSEMBLY	GOBP_PROTEIN_LIPID_COMPLEX_ASSEMBLY		17	-0.43783256	-1.0906754	0.3522505	0.5348661	1.0	475	tags=18%, list=5%, signal=18%	
HP_NEOPLASM_OF_THE_NERVOUS_SYSTEM	HP_NEOPLASM_OF_THE_NERVOUS_SYSTEM		124	-0.30135432	-1.0905807	0.27	0.5348578	1.0	1502	tags=20%, list=14%, signal=23%	
HP_ABNORMALITY_OF_THE_BILIARY_SYSTEM	HP_ABNORMALITY_OF_THE_BILIARY_SYSTEM		223	-0.28017938	-1.0902318	0.22988506	0.53550166	1.0	1339	tags=17%, list=13%, signal=20%	
HP_NEOPLASM_OF_THE_LIVER	HP_NEOPLASM_OF_THE_LIVER		73	-0.32093567	-1.089867	0.27032137	0.53619355	1.0	1663	tags=22%, list=16%, signal=26%	
GOBP_POSITIVE_REGULATION_OF_AXON_EXTENSION	GOBP_POSITIVE_REGULATION_OF_AXON_EXTENSION		20	-0.41720557	-1.0897986	0.3378119	0.53612536	1.0	840	tags=20%, list=8%, signal=22%	
GOBP_LIPOPROTEIN_BIOSYNTHETIC_PROCESS	GOBP_LIPOPROTEIN_BIOSYNTHETIC_PROCESS		78	-0.32035315	-1.0897294	0.26254827	0.5360363	1.0	2937	tags=38%, list=28%, signal=53%	
HP_LIMITED_HIP_MOVEMENT	HP_LIMITED_HIP_MOVEMENT		31	-0.3838724	-1.0895972	0.3084886	0.53611994	1.0	402	tags=13%, list=4%, signal=13%	
HP_TONIC_SEIZURE	HP_TONIC_SEIZURE		51	-0.34520385	-1.0894283	0.31736526	0.536316	1.0	1315	tags=25%, list=13%, signal=29%	
HP_VESTIBULAR_DYSFUNCTION	HP_VESTIBULAR_DYSFUNCTION		74	-0.32319915	-1.0892899	0.28149608	0.5364264	1.0	1502	tags=30%, list=14%, signal=34%	
HP_PES_CAVUS	HP_PES_CAVUS		191	-0.28442103	-1.0892669	0.23551401	0.53622186	1.0	1712	tags=21%, list=16%, signal=25%	
GOBP_NEGATIVE_REGULATION_OF_PRODUCTION_OF_MOLECULAR_MEDIATOR_OF_IMMUNE_RESPONSE	GOBP_NEGATIVE_REGULATION_OF_PRODUCTION_OF_MOLECULAR_MEDIATOR_OF_IMMUNE_RESPONSE		19	-0.42961243	-1.0888481	0.34639177	0.5370807	1.0	983	tags=32%, list=9%, signal=35%	
HP_KERATOCONJUNCTIVITIS	HP_KERATOCONJUNCTIVITIS		22	-0.40858254	-1.0885946	0.31620553	0.5374854	1.0	1378	tags=27%, list=13%, signal=31%	
HP_THICKENED_SKIN	HP_THICKENED_SKIN		234	-0.2754455	-1.0884819	0.22407408	0.53753847	1.0	1397	tags=18%, list=13%, signal=20%	
HP_NEPHROLITHIASIS	HP_NEPHROLITHIASIS		61	-0.3347335	-1.0881641	0.29482073	0.5381131	1.0	1414	tags=20%, list=13%, signal=23%	
GOBP_POSITIVE_REGULATION_OF_SUBSTRATE_ADHESION_DEPENDENT_CELL_SPREADING	GOBP_POSITIVE_REGULATION_OF_SUBSTRATE_ADHESION_DEPENDENT_CELL_SPREADING		27	-0.39726406	-1.0880108	0.32692307	0.5382699	1.0	737	tags=26%, list=7%, signal=28%	
GOBP_REGULATION_OF_EPIDERMIS_DEVELOPMENT	GOBP_REGULATION_OF_EPIDERMIS_DEVELOPMENT		31	-0.3783205	-1.0877782	0.3188119	0.53861743	1.0	767	tags=16%, list=7%, signal=17%	
HP_DEPRESSION	HP_DEPRESSION		231	-0.27459922	-1.0877168	0.22924188	0.53851634	1.0	1939	tags=22%, list=18%, signal=26%	
GOBP_REGULATION_OF_MEMBRANE_PROTEIN_ECTODOMAIN_PROTEOLYSIS	GOBP_REGULATION_OF_MEMBRANE_PROTEIN_ECTODOMAIN_PROTEOLYSIS		16	-0.43580317	-1.0870348	0.3394683	0.5400338	1.0	1322	tags=31%, list=13%, signal=36%	
GOBP_POSITIVE_REGULATION_OF_VASCULAR_ASSOCIATED_SMOOTH_MUSCLE_CELL_PROLIFERATION	GOBP_POSITIVE_REGULATION_OF_VASCULAR_ASSOCIATED_SMOOTH_MUSCLE_CELL_PROLIFERATION		16	-0.44204342	-1.086413	0.34126985	0.5414259	1.0	2152	tags=50%, list=20%, signal=63%	
HP_ABNORMAL_ANTERIOR_CHAMBER_MORPHOLOGY	HP_ABNORMAL_ANTERIOR_CHAMBER_MORPHOLOGY		22	-0.40903905	-1.0863129	0.3394683	0.54143584	1.0	1805	tags=32%, list=17%, signal=38%	
GOMF_PHOSPHATASE_INHIBITOR_ACTIVITY	GOMF_PHOSPHATASE_INHIBITOR_ACTIVITY		23	-0.4008868	-1.0858859	0.33606556	0.54232466	1.0	116	tags=9%, list=1%, signal=9%	
GOCC_MICROTUBULE_END	GOCC_MICROTUBULE_END		24	-0.39953557	-1.0858462	0.3104126	0.54217005	1.0	3161	tags=42%, list=30%, signal=59%	
HP_INAPPROPRIATE_LAUGHTER	HP_INAPPROPRIATE_LAUGHTER		19	-0.41826656	-1.0853462	0.34055117	0.54323	1.0	1944	tags=37%, list=18%, signal=45%	
GOBP_NIK_NF_KAPPAB_SIGNALING	GOBP_NIK_NF_KAPPAB_SIGNALING		85	-0.31235656	-1.0852734	0.2944664	0.5431806	1.0	1022	tags=18%, list=10%, signal=19%	
HP_ABNORMALITY_OF_THE_FETAL_CARDIOVASCULAR_SYSTEM	HP_ABNORMALITY_OF_THE_FETAL_CARDIOVASCULAR_SYSTEM		18	-0.42351082	-1.0851454	0.3627451	0.5432476	1.0	1636	tags=33%, list=16%, signal=39%	
HP_ABNORMALITY_OF_PERIPHERAL_NERVES	HP_ABNORMALITY_OF_PERIPHERAL_NERVES		82	-0.31254074	-1.0850116	0.28884462	0.5433372	1.0	1529	tags=23%, list=15%, signal=27%	
GOBP_CELLULAR_RESPONSE_TO_RETINOIC_ACID	GOBP_CELLULAR_RESPONSE_TO_RETINOIC_ACID		21	-0.42539725	-1.0849497	0.34184676	0.5432223	1.0	1114	tags=29%, list=11%, signal=32%	
GOBP_CELLULAR_RESPONSE_TO_ACID_CHEMICAL	GOBP_CELLULAR_RESPONSE_TO_ACID_CHEMICAL		45	-0.36044306	-1.0847012	0.27586207	0.54360926	1.0	817	tags=16%, list=8%, signal=17%	
GOBP_REGULATION_OF_GLUCOSE_TRANSMEMBRANE_TRANSPORT	GOBP_REGULATION_OF_GLUCOSE_TRANSMEMBRANE_TRANSPORT		38	-0.36288044	-1.0845064	0.3167702	0.5438547	1.0	1098	tags=24%, list=10%, signal=26%	
GOBP_T_CELL_ACTIVATION_INVOLVED_IN_IMMUNE_RESPONSE	GOBP_T_CELL_ACTIVATION_INVOLVED_IN_IMMUNE_RESPONSE		68	-0.32538426	-1.0841262	0.30285713	0.5446097	1.0	1134	tags=26%, list=11%, signal=29%	
HP_ORAL_PHARYNGEAL_DYSPHAGIA	HP_ORAL_PHARYNGEAL_DYSPHAGIA		46	-0.34601086	-1.0836967	0.30688936	0.5455011	1.0	2255	tags=35%, list=21%, signal=44%	
GOMF_DNA_BINDING_TRANSCRIPTION_REPRESSOR_ACTIVITY	GOMF_DNA_BINDING_TRANSCRIPTION_REPRESSOR_ACTIVITY		124	-0.29627946	-1.0833595	0.26984128	0.54611915	1.0	1805	tags=24%, list=17%, signal=29%	
HP_AORTIC_ROOT_ANEURYSM	HP_AORTIC_ROOT_ANEURYSM		63	-0.32662618	-1.0833566	0.29601517	0.54586244	1.0	844	tags=14%, list=8%, signal=15%	
HP_ABNORMAL_NEUTROPHIL_COUNT	HP_ABNORMAL_NEUTROPHIL_COUNT		158	-0.28692046	-1.0825355	0.2843691	0.54786056	1.0	1290	tags=19%, list=12%, signal=21%	
GOBP_REGULATION_OF_PHOSPHATASE_ACTIVITY	GOBP_REGULATION_OF_PHOSPHATASE_ACTIVITY		52	-0.3409372	-1.0818884	0.30353817	0.5493258	1.0	1935	tags=27%, list=18%, signal=33%	
GOBP_ADAPTIVE_THERMOGENESIS	GOBP_ADAPTIVE_THERMOGENESIS		82	-0.3171642	-1.0814552	0.29615384	0.5502699	1.0	1098	tags=18%, list=10%, signal=20%	
HP_STEPPAGE_GAIT	HP_STEPPAGE_GAIT		29	-0.38835287	-1.0814363	0.3156863	0.5500504	1.0	1397	tags=21%, list=13%, signal=24%	
HP_NYCTALOPIA	HP_NYCTALOPIA		96	-0.3036667	-1.0813085	0.2781955	0.55011344	1.0	2181	tags=28%, list=21%, signal=35%	
GOBP_REGULATION_OF_ESTABLISHMENT_OF_PLANAR_POLARITY	GOBP_REGULATION_OF_ESTABLISHMENT_OF_PLANAR_POLARITY		21	-0.41662583	-1.0810436	0.33992094	0.55053425	1.0	3291	tags=57%, list=31%, signal=83%	
GOBP_POSITIVE_REGULATION_OF_CALCIUM_ION_TRANSMEMBRANE_TRANSPORT	GOBP_POSITIVE_REGULATION_OF_CALCIUM_ION_TRANSMEMBRANE_TRANSPORT		28	-0.3836966	-1.0810418	0.34393638	0.55027354	1.0	2429	tags=39%, list=23%, signal=51%	
GOBP_NEGATIVE_REGULATION_OF_PROTEIN_CONTAINING_COMPLEX_DISASSEMBLY	GOBP_NEGATIVE_REGULATION_OF_PROTEIN_CONTAINING_COMPLEX_DISASSEMBLY		45	-0.3487465	-1.0806928	0.32071713	0.5509244	1.0	1094	tags=16%, list=10%, signal=17%	
HP_AZOOSPERMIA	HP_AZOOSPERMIA		51	-0.34514734	-1.0806754	0.33901516	0.55071205	1.0	1898	tags=24%, list=18%, signal=29%	
GOBP_NEGATIVE_REGULATION_OF_ALPHA_BETA_T_CELL_ACTIVATION	GOBP_NEGATIVE_REGULATION_OF_ALPHA_BETA_T_CELL_ACTIVATION		26	-0.3955078	-1.0806674	0.3486974	0.5504668	1.0	515	tags=15%, list=5%, signal=16%	
GOBP_NEGATIVE_REGULATION_OF_CD4_POSITIVE_ALPHA_BETA_T_CELL_ACTIVATION	GOBP_NEGATIVE_REGULATION_OF_CD4_POSITIVE_ALPHA_BETA_T_CELL_ACTIVATION		21	-0.41462412	-1.0804608	0.3592233	0.55077237	1.0	335	tags=14%, list=3%, signal=15%	
GOBP_STEROL_TRANSPORT	GOBP_STEROL_TRANSPORT		58	-0.33806482	-1.0804477	0.32258064	0.55055106	1.0	1336	tags=21%, list=13%, signal=24%	
GOBP_REGULATION_OF_GLUCOSE_METABOLIC_PROCESS	GOBP_REGULATION_OF_GLUCOSE_METABOLIC_PROCESS		71	-0.321843	-1.0803252	0.29549903	0.55060494	1.0	1261	tags=18%, list=12%, signal=21%	
GOBP_NEGATIVE_REGULATION_OF_CELL_CYCLE_PHASE_TRANSITION	GOBP_NEGATIVE_REGULATION_OF_CELL_CYCLE_PHASE_TRANSITION		178	-0.28491157	-1.0801755	0.28330207	0.5507306	1.0	1317	tags=13%, list=13%, signal=15%	
GOBP_TISSUE_MORPHOGENESIS	GOBP_TISSUE_MORPHOGENESIS		251	-0.27336654	-1.0801363	0.23506744	0.55056405	1.0	1523	tags=17%, list=14%, signal=20%	
HP_RECURRENT_VIRAL_INFECTIONS	HP_RECURRENT_VIRAL_INFECTIONS		47	-0.3458277	-1.0798928	0.32222223	0.5509361	1.0	1269	tags=28%, list=12%, signal=31%	
GOBP_PH_REDUCTION	GOBP_PH_REDUCTION		24	-0.3981479	-1.079547	0.3614931	0.5515643	1.0	1924	tags=29%, list=18%, signal=36%	
GOBP_REGULATION_OF_CALCIUM_ION_TRANSPORT_INTO_CYTOSOL	GOBP_REGULATION_OF_CALCIUM_ION_TRANSPORT_INTO_CYTOSOL		39	-0.3599373	-1.079028	0.32194245	0.5526695	1.0	1935	tags=31%, list=18%, signal=38%	
HP_MYOPATHIC_FACIES	HP_MYOPATHIC_FACIES		24	-0.3998316	-1.07855	0.36105478	0.553672	1.0	1268	tags=25%, list=12%, signal=28%	
HP_FLUSHING	HP_FLUSHING		31	-0.37385863	-1.078154	0.32416502	0.55448765	1.0	1939	tags=39%, list=18%, signal=47%	
GOBP_POSITIVE_REGULATION_OF_BLOOD_VESSEL_ENDOTHELIAL_CELL_MIGRATION	GOBP_POSITIVE_REGULATION_OF_BLOOD_VESSEL_ENDOTHELIAL_CELL_MIGRATION		30	-0.37977746	-1.0779722	0.32703215	0.5547187	1.0	607	tags=17%, list=6%, signal=18%	
HP_ERYTHEMA	HP_ERYTHEMA		60	-0.3312921	-1.0775659	0.30113637	0.5555115	1.0	1577	tags=27%, list=15%, signal=31%	
GOBP_CELLULAR_RESPONSE_TO_MECHANICAL_STIMULUS	GOBP_CELLULAR_RESPONSE_TO_MECHANICAL_STIMULUS		41	-0.359748	-1.0773253	0.3398058	0.5559088	1.0	1456	tags=27%, list=14%, signal=31%	
GOBP_POSITIVE_REGULATION_OF_TYPE_I_INTERFERON_PRODUCTION	GOBP_POSITIVE_REGULATION_OF_TYPE_I_INTERFERON_PRODUCTION		44	-0.3501804	-1.07712	0.32827324	0.5561999	1.0	722	tags=18%, list=7%, signal=19%	
GOBP_REGULATION_OF_VIRAL_PROCESS	GOBP_REGULATION_OF_VIRAL_PROCESS		99	-0.3035504	-1.076722	0.30952382	0.55703247	1.0	1029	tags=19%, list=10%, signal=21%	
HP_BULBAR_SIGNS	HP_BULBAR_SIGNS		20	-0.4107903	-1.0766134	0.35699373	0.5570494	1.0	670	tags=30%, list=6%, signal=32%	
GOMF_GROWTH_FACTOR_ACTIVITY	GOMF_GROWTH_FACTOR_ACTIVITY		26	-0.38854495	-1.0765607	0.3468992	0.55693376	1.0	1094	tags=15%, list=10%, signal=17%	
GOBP_MAMMARY_GLAND_MORPHOGENESIS	GOBP_MAMMARY_GLAND_MORPHOGENESIS		17	-0.4334456	-1.0763843	0.36742425	0.5571297	1.0	1241	tags=29%, list=12%, signal=33%	
GOMF_PHOSPHATIDYLCHOLINE_BINDING	GOMF_PHOSPHATIDYLCHOLINE_BINDING		18	-0.41774708	-1.0763133	0.35232067	0.55705404	1.0	1727	tags=33%, list=16%, signal=40%	
GOBP_NEGATIVE_REGULATION_OF_LEUKOCYTE_CELL_CELL_ADHESION	GOBP_NEGATIVE_REGULATION_OF_LEUKOCYTE_CELL_CELL_ADHESION		66	-0.31982705	-1.0761664	0.3	0.5571824	1.0	602	tags=17%, list=6%, signal=18%	
GOMF_HORMONE_BINDING	GOMF_HORMONE_BINDING		26	-0.3868286	-1.0759456	0.34243697	0.5575143	1.0	859	tags=15%, list=8%, signal=17%	
GOBP_SENSORY_SYSTEM_DEVELOPMENT	GOBP_SENSORY_SYSTEM_DEVELOPMENT		135	-0.29223877	-1.0757294	0.30095237	0.5578154	1.0	1908	tags=22%, list=18%, signal=27%	
GOBP_ICOSANOID_METABOLIC_PROCESS	GOBP_ICOSANOID_METABOLIC_PROCESS		40	-0.36062655	-1.0755482	0.33537832	0.5580481	1.0	1467	tags=25%, list=14%, signal=29%	
HP_ABNORMALITY_OF_THE_PHARYNX	HP_ABNORMALITY_OF_THE_PHARYNX		129	-0.29514635	-1.0755233	0.29980657	0.55784935	1.0	2094	tags=27%, list=20%, signal=33%	
GOBP_CYTOKINESIS	GOBP_CYTOKINESIS		118	-0.2989384	-1.075427	0.27906978	0.5578572	1.0	2990	tags=34%, list=28%, signal=47%	
GOBP_POSITIVE_REGULATION_OF_RECEPTOR_SIGNALING_PATHWAY_VIA_STAT	GOBP_POSITIVE_REGULATION_OF_RECEPTOR_SIGNALING_PATHWAY_VIA_STAT		22	-0.40494698	-1.0749313	0.3508772	0.5589093	1.0	779	tags=23%, list=7%, signal=24%	
GOMF_PROTEIN_DOMAIN_SPECIFIC_BINDING	GOMF_PROTEIN_DOMAIN_SPECIFIC_BINDING		433	-0.25973406	-1.0749269	0.23049001	0.5586545	1.0	2141	tags=26%, list=20%, signal=31%	
HP_GAIT_ATAXIA	HP_GAIT_ATAXIA		133	-0.2947568	-1.0749259	0.2886406	0.5583927	1.0	1560	tags=20%, list=15%, signal=23%	
HP_TENTED_UPPER_LIP_VERMILION	HP_TENTED_UPPER_LIP_VERMILION		54	-0.3335032	-1.0748988	0.31739962	0.5581976	1.0	606	tags=9%, list=6%, signal=10%	
GOMF_ANION_CHANNEL_ACTIVITY	GOMF_ANION_CHANNEL_ACTIVITY		24	-0.4069367	-1.0748115	0.34749034	0.5581616	1.0	999	tags=21%, list=10%, signal=23%	
GOBP_REGULATION_OF_CELLULAR_EXTRAVASATION	GOBP_REGULATION_OF_CELLULAR_EXTRAVASATION		20	-0.42204997	-1.0744407	0.3611111	0.55888003	1.0	1363	tags=35%, list=13%, signal=40%	
GOBP_EMBRYONIC_PLACENTA_DEVELOPMENT	GOBP_EMBRYONIC_PLACENTA_DEVELOPMENT		46	-0.34773764	-1.0738882	0.31853282	0.56012905	1.0	1205	tags=15%, list=11%, signal=17%	
GOCC_CILIUM	GOCC_CILIUM		285	-0.26611134	-1.0738618	0.23861566	0.5599305	1.0	1973	tags=20%, list=19%, signal=24%	
HP_ABNORMALITY_OF_THE_GASTRIC_MUCOSA	HP_ABNORMALITY_OF_THE_GASTRIC_MUCOSA		30	-0.37725523	-1.0734698	0.3717694	0.56072336	1.0	2049	tags=40%, list=19%, signal=50%	
HP_ABNORMALITY_OF_THE_HUMERORADIAL_JOINT	HP_ABNORMALITY_OF_THE_HUMERORADIAL_JOINT		27	-0.38984418	-1.073468	0.36438924	0.56046206	1.0	1560	tags=26%, list=15%, signal=30%	
HP_PROMINENT_METOPIC_RIDGE	HP_PROMINENT_METOPIC_RIDGE		32	-0.3790919	-1.0734222	0.34406438	0.56032276	1.0	1242	tags=25%, list=12%, signal=28%	
GOBP_MACROPHAGE_MIGRATION	GOBP_MACROPHAGE_MIGRATION		24	-0.39635554	-1.0730772	0.36153847	0.5609639	1.0	2797	tags=46%, list=27%, signal=62%	
GOBP_DETECTION_OF_ABIOTIC_STIMULUS	GOBP_DETECTION_OF_ABIOTIC_STIMULUS		34	-0.36054403	-1.0730178	0.35104364	0.56086487	1.0	1130	tags=18%, list=11%, signal=20%	
GOBP_T_HELPER_17_CELL_DIFFERENTIATION	GOBP_T_HELPER_17_CELL_DIFFERENTIATION		21	-0.41371217	-1.0724475	0.36206895	0.56215847	1.0	1412	tags=38%, list=13%, signal=44%	
GOBP_ORGANIC_HYDROXY_COMPOUND_METABOLIC_PROCESS	GOBP_ORGANIC_HYDROXY_COMPOUND_METABOLIC_PROCESS		249	-0.27128202	-1.0720623	0.25831702	0.56292623	1.0	1414	tags=18%, list=13%, signal=20%	
HP_PAIN	HP_PAIN		417	-0.25883603	-1.071972	0.21338156	0.5628922	1.0	1862	tags=22%, list=18%, signal=26%	
GOBP_PIGMENT_CELL_DIFFERENTIATION	GOBP_PIGMENT_CELL_DIFFERENTIATION		17	-0.42913154	-1.0716822	0.3548387	0.56340104	1.0	711	tags=18%, list=7%, signal=19%	
GOBP_T_CELL_HOMEOSTASIS	GOBP_T_CELL_HOMEOSTASIS		33	-0.36865935	-1.0715986	0.35912699	0.5633592	1.0	771	tags=18%, list=7%, signal=20%	
GOBP_REGULATION_OF_CELLULAR_RESPONSE_TO_GROWTH_FACTOR_STIMULUS	GOBP_REGULATION_OF_CELLULAR_RESPONSE_TO_GROWTH_FACTOR_STIMULUS		119	-0.29870838	-1.0715976	0.3095685	0.5630989	1.0	794	tags=13%, list=8%, signal=13%	
GOBP_CELL_GROWTH	GOBP_CELL_GROWTH		255	-0.26894295	-1.0715896	0.2589928	0.5628541	1.0	1610	tags=18%, list=15%, signal=21%	
GOBP_REGULATION_OF_LIPID_LOCALIZATION	GOBP_REGULATION_OF_LIPID_LOCALIZATION		70	-0.3202476	-1.0715137	0.32258064	0.56279016	1.0	1336	tags=21%, list=13%, signal=24%	
GOMF_TRANSCRIPTION_COACTIVATOR_ACTIVITY	GOMF_TRANSCRIPTION_COACTIVATOR_ACTIVITY		215	-0.2754508	-1.0711659	0.2693032	0.56349933	1.0	1560	tags=18%, list=15%, signal=21%	
GOBP_REGULATION_OF_TRANSMEMBRANE_RECEPTOR_PROTEIN_SERINE_THREONINE_KINASE_SIGNALING_PATHWAY	GOBP_REGULATION_OF_TRANSMEMBRANE_RECEPTOR_PROTEIN_SERINE_THREONINE_KINASE_SIGNALING_PATHWAY		101	-0.30019665	-1.0710434	0.30478087	0.56356466	1.0	1855	tags=22%, list=18%, signal=26%	
HP_ABNORMAL_PYRAMIDAL_SIGN	HP_ABNORMAL_PYRAMIDAL_SIGN		248	-0.2687316	-1.0708894	0.261343	0.56372017	1.0	1272	tags=15%, list=12%, signal=17%	
GOBP_POSITIVE_REGULATION_OF_NITRIC_OXIDE_METABOLIC_PROCESS	GOBP_POSITIVE_REGULATION_OF_NITRIC_OXIDE_METABOLIC_PROCESS		17	-0.43540248	-1.070258	0.34268537	0.5651316	1.0	925	tags=41%, list=9%, signal=45%	
GOBP_PROTEIN_LIPID_COMPLEX_SUBUNIT_ORGANIZATION	GOBP_PROTEIN_LIPID_COMPLEX_SUBUNIT_ORGANIZATION		19	-0.40882874	-1.0701908	0.36078432	0.5650565	1.0	475	tags=16%, list=5%, signal=17%	
HP_ABNORMALITY_OF_THE_ACHILLES_TENDON	HP_ABNORMALITY_OF_THE_ACHILLES_TENDON		25	-0.38676926	-1.0700326	0.34637964	0.565228	1.0	1972	tags=32%, list=19%, signal=39%	
GOBP_CELL_SUBSTRATE_JUNCTION_ORGANIZATION	GOBP_CELL_SUBSTRATE_JUNCTION_ORGANIZATION		61	-0.33225727	-1.0699908	0.3102767	0.5650718	1.0	930	tags=20%, list=9%, signal=21%	
GOBP_ALCOHOL_METABOLIC_PROCESS	GOBP_ALCOHOL_METABOLIC_PROCESS		180	-0.27947924	-1.0699154	0.27969348	0.5650281	1.0	1414	tags=19%, list=13%, signal=21%	
GOBP_ACTIVATION_OF_PROTEIN_KINASE_ACTIVITY	GOBP_ACTIVATION_OF_PROTEIN_KINASE_ACTIVITY		78	-0.3139034	-1.0697324	0.30879346	0.56524765	1.0	1549	tags=27%, list=15%, signal=31%	
HP_ABNORMALITY_OF_THE_ODONTOID_PROCESS	HP_ABNORMALITY_OF_THE_ODONTOID_PROCESS		20	-0.4101874	-1.0697067	0.36935166	0.5650444	1.0	536	tags=15%, list=5%, signal=16%	
GOBP_PEPTIDE_TRANSPORT	GOBP_PEPTIDE_TRANSPORT		107	-0.3012711	-1.0694538	0.30402932	0.56548136	1.0	1579	tags=22%, list=15%, signal=26%	
GOMF_SODIUM_CHANNEL_REGULATOR_ACTIVITY	GOMF_SODIUM_CHANNEL_REGULATOR_ACTIVITY		17	-0.42204237	-1.0692301	0.36885247	0.56579906	1.0	1223	tags=24%, list=12%, signal=27%	
GOBP_POSITIVE_REGULATION_OF_SMALL_MOLECULE_METABOLIC_PROCESS	GOBP_POSITIVE_REGULATION_OF_SMALL_MOLECULE_METABOLIC_PROCESS		60	-0.32426143	-1.0687522	0.3269962	0.5667841	1.0	1132	tags=20%, list=11%, signal=22%	
HP_ABNORMALITY_OF_RENAL_EXCRETION	HP_ABNORMALITY_OF_RENAL_EXCRETION		20	-0.40734965	-1.0685235	0.3429158	0.56714576	1.0	860	tags=25%, list=8%, signal=27%	
HP_EYELID_MYOCLONUS	HP_EYELID_MYOCLONUS		25	-0.38504103	-1.0684091	0.35834897	0.56719404	1.0	1269	tags=28%, list=12%, signal=32%	
GOMF_PHOSPHOLIPASE_ACTIVITY	GOMF_PHOSPHOLIPASE_ACTIVITY		42	-0.35381538	-1.0682094	0.33193278	0.5675058	1.0	2135	tags=31%, list=20%, signal=39%	
GOBP_ESTABLISHMENT_OF_ENDOTHELIAL_BARRIER	GOBP_ESTABLISHMENT_OF_ENDOTHELIAL_BARRIER		35	-0.35637194	-1.0680468	0.34637964	0.5676813	1.0	1506	tags=29%, list=14%, signal=33%	
HP_EEG_WITH_POLYSPIKE_WAVE_COMPLEXES	HP_EEG_WITH_POLYSPIKE_WAVE_COMPLEXES		23	-0.39214775	-1.0678238	0.36489153	0.5679892	1.0	2165	tags=22%, list=21%, signal=27%	
HP_ACCELERATED_SKELETAL_MATURATION	HP_ACCELERATED_SKELETAL_MATURATION		38	-0.35677987	-1.0677623	0.3539326	0.56787544	1.0	2202	tags=26%, list=21%, signal=33%	
HP_CONFUSION	HP_CONFUSION		43	-0.35276264	-1.0673813	0.3286004	0.5686218	1.0	1479	tags=28%, list=14%, signal=32%	
GOBP_ENDOTHELIAL_CELL_DEVELOPMENT	GOBP_ENDOTHELIAL_CELL_DEVELOPMENT		41	-0.35099283	-1.067106	0.32945737	0.5690985	1.0	1506	tags=27%, list=14%, signal=31%	
HP_ABNORMALITY_OF_CARDIOVASCULAR_SYSTEM_ELECTROPHYSIOLOGY	HP_ABNORMALITY_OF_CARDIOVASCULAR_SYSTEM_ELECTROPHYSIOLOGY		259	-0.26704577	-1.0670921	0.276	0.56886953	1.0	1381	tags=17%, list=13%, signal=20%	
GOBP_REGULATION_OF_PROTEIN_CATABOLIC_PROCESS	GOBP_REGULATION_OF_PROTEIN_CATABOLIC_PROCESS		282	-0.26750213	-1.0669818	0.2569316	0.56891334	1.0	1322	tags=16%, list=13%, signal=18%	
GOBP_NEGATIVE_REGULATION_OF_CYSTEINE_TYPE_ENDOPEPTIDASE_ACTIVITY	GOBP_NEGATIVE_REGULATION_OF_CYSTEINE_TYPE_ENDOPEPTIDASE_ACTIVITY		49	-0.33931944	-1.0669677	0.34917733	0.56869423	1.0	820	tags=12%, list=8%, signal=13%	
GOBP_GLAND_DEVELOPMENT	GOBP_GLAND_DEVELOPMENT		198	-0.27833924	-1.0665421	0.25714287	0.5695515	1.0	1308	tags=20%, list=12%, signal=23%	
HP_PROXIMAL_MUSCLE_WEAKNESS_IN_LOWER_LIMBS	HP_PROXIMAL_MUSCLE_WEAKNESS_IN_LOWER_LIMBS		27	-0.37952468	-1.066407	0.334004	0.5696642	1.0	568	tags=19%, list=5%, signal=20%	
GOMF_INTEGRIN_BINDING	GOMF_INTEGRIN_BINDING		58	-0.32825145	-1.0663948	0.3448276	0.5694367	1.0	1547	tags=26%, list=15%, signal=30%	
GOBP_EXTRACELLULAR_VESICLE_BIOGENESIS	GOBP_EXTRACELLULAR_VESICLE_BIOGENESIS		19	-0.4132393	-1.0659779	0.34412956	0.57030225	1.0	1788	tags=32%, list=17%, signal=38%	
GOBP_REGULATION_OF_PEPTIDASE_ACTIVITY	GOBP_REGULATION_OF_PEPTIDASE_ACTIVITY		204	-0.27475688	-1.0659432	0.29174665	0.570128	1.0	1130	tags=17%, list=11%, signal=18%	
GOBP_POSITIVE_REGULATION_OF_ACTIN_FILAMENT_BUNDLE_ASSEMBLY	GOBP_POSITIVE_REGULATION_OF_ACTIN_FILAMENT_BUNDLE_ASSEMBLY		36	-0.3627928	-1.0658964	0.35404897	0.5699833	1.0	1855	tags=28%, list=18%, signal=34%	
HP_CACHEXIA	HP_CACHEXIA		40	-0.3505411	-1.0656214	0.3449692	0.5704758	1.0	930	tags=13%, list=9%, signal=14%	
GOCC_PHOSPHATIDYLINOSITOL_3_KINASE_COMPLEX	GOCC_PHOSPHATIDYLINOSITOL_3_KINASE_COMPLEX		25	-0.3890345	-1.0645801	0.34647304	0.5730513	1.0	2031	tags=32%, list=19%, signal=40%	
GOBP_NEUTRAL_LIPID_METABOLIC_PROCESS	GOBP_NEUTRAL_LIPID_METABOLIC_PROCESS		60	-0.32564992	-1.0645282	0.33522728	0.57292247	1.0	2597	tags=37%, list=25%, signal=48%	
GOBP_INTEGRATED_STRESS_RESPONSE_SIGNALING	GOBP_INTEGRATED_STRESS_RESPONSE_SIGNALING		20	-0.40335795	-1.0641038	0.3800813	0.5737973	1.0	1064	tags=20%, list=10%, signal=22%	
GOBP_SPLEEN_DEVELOPMENT	GOBP_SPLEEN_DEVELOPMENT		19	-0.41497397	-1.0639049	0.3858586	0.5740684	1.0	1308	tags=32%, list=12%, signal=36%	
GOMF_TETRAPYRROLE_BINDING	GOMF_TETRAPYRROLE_BINDING		38	-0.36010003	-1.0637946	0.342	0.57411784	1.0	1184	tags=24%, list=11%, signal=27%	
HP_POLYHYDRAMNIOS	HP_POLYHYDRAMNIOS		139	-0.2839101	-1.0635198	0.320442	0.57458	1.0	1724	tags=22%, list=16%, signal=26%	
HP_BROAD_PALM	HP_BROAD_PALM		18	-0.41784444	-1.0633651	0.375	0.57472557	1.0	3145	tags=61%, list=30%, signal=87%	
GOBP_REGULATION_OF_SYNAPSE_STRUCTURE_OR_ACTIVITY	GOBP_REGULATION_OF_SYNAPSE_STRUCTURE_OR_ACTIVITY		73	-0.3154364	-1.0633379	0.3007663	0.5745282	1.0	1463	tags=21%, list=14%, signal=24%	
HP_TELANGIECTASIA	HP_TELANGIECTASIA		104	-0.3003901	-1.0631181	0.31021196	0.5748537	1.0	1687	tags=26%, list=16%, signal=31%	
GOMF_PROTEIN_SERINE_THREONINE_KINASE_INHIBITOR_ACTIVITY	GOMF_PROTEIN_SERINE_THREONINE_KINASE_INHIBITOR_ACTIVITY		20	-0.40612498	-1.0629754	0.372	0.57496566	1.0	1218	tags=20%, list=12%, signal=23%	
GOBP_FOCAL_ADHESION_ASSEMBLY	GOBP_FOCAL_ADHESION_ASSEMBLY		50	-0.33252648	-1.0628506	0.33908045	0.57504714	1.0	930	tags=22%, list=9%, signal=24%	
GOBP_REGULATION_OF_MAST_CELL_ACTIVATION_INVOLVED_IN_IMMUNE_RESPONSE	GOBP_REGULATION_OF_MAST_CELL_ACTIVATION_INVOLVED_IN_IMMUNE_RESPONSE		17	-0.42446548	-1.0627433	0.38252428	0.57507694	1.0	1744	tags=41%, list=17%, signal=49%	
GOBP_SOMITOGENESIS	GOBP_SOMITOGENESIS		23	-0.39518625	-1.0625652	0.35714287	0.5753093	1.0	1854	tags=35%, list=18%, signal=42%	
HP_CORONARY_ARTERY_ATHEROSCLEROSIS	HP_CORONARY_ARTERY_ATHEROSCLEROSIS		22	-0.40893504	-1.062541	0.37398374	0.57511246	1.0	420	tags=18%, list=4%, signal=19%	
HP_DEVELOPMENTAL_REGRESSION	HP_DEVELOPMENTAL_REGRESSION		243	-0.2685941	-1.0625175	0.2907662	0.57492197	1.0	1611	tags=20%, list=15%, signal=23%	
HP_RETINAL_DETACHMENT	HP_RETINAL_DETACHMENT		41	-0.35140556	-1.0621941	0.3497053	0.5755736	1.0	1522	tags=22%, list=14%, signal=26%	
GOMF_UDP_GLYCOSYLTRANSFERASE_ACTIVITY	GOMF_UDP_GLYCOSYLTRANSFERASE_ACTIVITY		64	-0.3220374	-1.0621462	0.3345725	0.57545096	1.0	1896	tags=28%, list=18%, signal=34%	
HP_RECURRENT_ASPIRATION_PNEUMONIA	HP_RECURRENT_ASPIRATION_PNEUMONIA		15	-0.442251	-1.0619948	0.3846154	0.575599	1.0	2248	tags=40%, list=21%, signal=51%	
GOCC_INTERCELLULAR_BRIDGE	GOCC_INTERCELLULAR_BRIDGE		53	-0.33695063	-1.0619715	0.35339805	0.5753926	1.0	1520	tags=19%, list=14%, signal=22%	
HP_BRONCHIECTASIS	HP_BRONCHIECTASIS		61	-0.3217464	-1.0619239	0.33969465	0.5752658	1.0	2144	tags=36%, list=20%, signal=45%	
GOBP_NEGATIVE_REGULATION_OF_ORGANELLE_ASSEMBLY	GOBP_NEGATIVE_REGULATION_OF_ORGANELLE_ASSEMBLY		34	-0.35839695	-1.0613239	0.36078432	0.57664675	1.0	2019	tags=32%, list=19%, signal=40%	
GOBP_POSITIVE_REGULATION_OF_ENDOTHELIAL_CELL_PROLIFERATION	GOBP_POSITIVE_REGULATION_OF_ENDOTHELIAL_CELL_PROLIFERATION		43	-0.3496557	-1.059598	0.35306123	0.5811326	1.0	917	tags=19%, list=9%, signal=20%	
GOBP_NEGATIVE_REGULATION_OF_POSTTRANSCRIPTIONAL_GENE_SILENCING	GOBP_NEGATIVE_REGULATION_OF_POSTTRANSCRIPTIONAL_GENE_SILENCING		15	-0.4221182	-1.0591228	0.36570248	0.58217055	1.0	673	tags=13%, list=6%, signal=14%	
GOBP_REGULATION_OF_DENDRITE_DEVELOPMENT	GOBP_REGULATION_OF_DENDRITE_DEVELOPMENT		54	-0.32839212	-1.0588496	0.36022514	0.58264	1.0	2209	tags=22%, list=21%, signal=28%	
HP_LIMB_PAIN	HP_LIMB_PAIN		23	-0.39689752	-1.0585788	0.36078432	0.58315164	1.0	1502	tags=26%, list=14%, signal=30%	
HP_FLAT_ACETABULAR_ROOF	HP_FLAT_ACETABULAR_ROOF		17	-0.4242668	-1.057727	0.38866398	0.58522946	1.0	1724	tags=24%, list=16%, signal=28%	
GOBP_DEVELOPMENTAL_CELL_GROWTH	GOBP_DEVELOPMENTAL_CELL_GROWTH		102	-0.29942128	-1.0573393	0.3120155	0.58605486	1.0	1471	tags=21%, list=14%, signal=24%	
HP_ABNORMAL_CRANIAL_NERVE_PHYSIOLOGY	HP_ABNORMAL_CRANIAL_NERVE_PHYSIOLOGY		187	-0.2765374	-1.0573201	0.32407406	0.5858403	1.0	1378	tags=16%, list=13%, signal=18%	
HP_CEREBRAL_PALSY	HP_CEREBRAL_PALSY		23	-0.39279622	-1.0570205	0.4076923	0.5864084	1.0	545	tags=17%, list=5%, signal=18%	
GOBP_MITOTIC_CYTOKINETIC_PROCESS	GOBP_MITOTIC_CYTOKINETIC_PROCESS		21	-0.40602604	-1.0569708	0.35918367	0.586268	1.0	2916	tags=38%, list=28%, signal=53%	
GOBP_NEGATIVE_REGULATION_OF_ATP_METABOLIC_PROCESS	GOBP_NEGATIVE_REGULATION_OF_ATP_METABOLIC_PROCESS		18	-0.41146335	-1.0568817	0.35645473	0.58622664	1.0	917	tags=17%, list=9%, signal=18%	
GOMF_R_SMAD_BINDING	GOMF_R_SMAD_BINDING		18	-0.42194438	-1.0566182	0.3859649	0.58664	1.0	1212	tags=22%, list=12%, signal=25%	
HP_CARDIAC_CONDUCTION_ABNORMALITY	HP_CARDIAC_CONDUCTION_ABNORMALITY		57	-0.33054274	-1.0565203	0.36157024	0.58663887	1.0	1344	tags=21%, list=13%, signal=24%	
GOBP_REGULATION_OF_POSTSYNAPTIC_MEMBRANE_NEUROTRANSMITTER_RECEPTOR_LEVELS	GOBP_REGULATION_OF_POSTSYNAPTIC_MEMBRANE_NEUROTRANSMITTER_RECEPTOR_LEVELS		21	-0.40544033	-1.0564524	0.3802521	0.58655506	1.0	1652	tags=19%, list=16%, signal=23%	
GOBP_PRIMARY_ALCOHOL_METABOLIC_PROCESS	GOBP_PRIMARY_ALCOHOL_METABOLIC_PROCESS		34	-0.36402798	-1.0564432	0.35328186	0.5863101	1.0	2000	tags=29%, list=19%, signal=36%	
HP_CLONUS	HP_CLONUS		61	-0.33011273	-1.0562307	0.37425742	0.58662385	1.0	1094	tags=16%, list=10%, signal=18%	
GOBP_MUSCLE_ADAPTATION	GOBP_MUSCLE_ADAPTATION		50	-0.3292619	-1.0562193	0.3444227	0.58638704	1.0	1586	tags=26%, list=15%, signal=30%	
GOBP_REGULATION_OF_VIRAL_GENOME_REPLICATION	GOBP_REGULATION_OF_VIRAL_GENOME_REPLICATION		57	-0.32678416	-1.0561515	0.35477582	0.5863018	1.0	795	tags=23%, list=8%, signal=25%	
HP_ABNORMAL_PERIPHERAL_MYELINATION	HP_ABNORMAL_PERIPHERAL_MYELINATION		62	-0.31987816	-1.0559764	0.34410647	0.5865236	1.0	1209	tags=21%, list=12%, signal=24%	
GOBP_ODONTOGENESIS	GOBP_ODONTOGENESIS		36	-0.35739493	-1.0557215	0.3524416	0.58695	1.0	441	tags=17%, list=4%, signal=17%	
GOBP_CARBOHYDRATE_HOMEOSTASIS	GOBP_CARBOHYDRATE_HOMEOSTASIS		115	-0.294511	-1.0554751	0.32447818	0.58737034	1.0	1579	tags=21%, list=15%, signal=24%	
GOBP_NEGATIVE_REGULATION_OF_ESTABLISHMENT_OF_PROTEIN_LOCALIZATION	GOBP_NEGATIVE_REGULATION_OF_ESTABLISHMENT_OF_PROTEIN_LOCALIZATION		70	-0.3137618	-1.0552894	0.3514563	0.58761936	1.0	1766	tags=26%, list=17%, signal=31%	
GOBP_RESPONSE_TO_CARBOHYDRATE	GOBP_RESPONSE_TO_CARBOHYDRATE		105	-0.29616135	-1.0552188	0.32149902	0.5875399	1.0	1579	tags=20%, list=15%, signal=23%	
HP_EXODEVIATION	HP_EXODEVIATION		57	-0.32727197	-1.0550122	0.34042552	0.58786434	1.0	1967	tags=23%, list=19%, signal=28%	
HP_POOR_APPETITE	HP_POOR_APPETITE		30	-0.37135088	-1.0542324	0.37274548	0.58971053	1.0	563	tags=10%, list=5%, signal=11%	
HP_HYPOCHROMIC_ANEMIA	HP_HYPOCHROMIC_ANEMIA		25	-0.3833341	-1.0537798	0.39805827	0.59067404	1.0	674	tags=16%, list=6%, signal=17%	
HP_ABNORMAL_RETINAL_VASCULAR_MORPHOLOGY	HP_ABNORMAL_RETINAL_VASCULAR_MORPHOLOGY		122	-0.29029018	-1.0533557	0.33205375	0.59160936	1.0	1312	tags=20%, list=12%, signal=22%	
GOBP_AXON_EXTENSION	GOBP_AXON_EXTENSION		57	-0.32715198	-1.0531782	0.34141415	0.5918262	1.0	1471	tags=25%, list=14%, signal=28%	
GOMF_MRNA_3_UTR_AU_RICH_REGION_BINDING	GOMF_MRNA_3_UTR_AU_RICH_REGION_BINDING		21	-0.39728385	-1.0529381	0.3915547	0.59222823	1.0	443	tags=14%, list=4%, signal=15%	
GOBP_EXOCYTIC_PROCESS	GOBP_EXOCYTIC_PROCESS		43	-0.34594664	-1.0529017	0.36272544	0.5920688	1.0	1744	tags=28%, list=17%, signal=33%	
GOMF_DEMETHYLASE_ACTIVITY	GOMF_DEMETHYLASE_ACTIVITY		32	-0.3620563	-1.0527806	0.36594912	0.5921492	1.0	1953	tags=31%, list=19%, signal=38%	
HP_CHORIORETINAL_COLOBOMA	HP_CHORIORETINAL_COLOBOMA		21	-0.39556634	-1.051533	0.38252428	0.59527457	1.0	1157	tags=24%, list=11%, signal=27%	
GOBP_ACIDIC_AMINO_ACID_TRANSPORT	GOBP_ACIDIC_AMINO_ACID_TRANSPORT		28	-0.3799269	-1.0513641	0.37695312	0.59547794	1.0	1242	tags=21%, list=12%, signal=24%	
GOBP_POSITIVE_REGULATION_OF_SMOOTH_MUSCLE_CELL_PROLIFERATION	GOBP_POSITIVE_REGULATION_OF_SMOOTH_MUSCLE_CELL_PROLIFERATION		39	-0.3526209	-1.0511051	0.36726546	0.59592956	1.0	1333	tags=28%, list=13%, signal=32%	
GOMF_CYSTEINE_TYPE_ENDOPEPTIDASE_INHIBITOR_ACTIVITY	GOMF_CYSTEINE_TYPE_ENDOPEPTIDASE_INHIBITOR_ACTIVITY		22	-0.3956633	-1.0507712	0.39250493	0.5965863	1.0	3492	tags=64%, list=33%, signal=95%	
HP_CONGENITAL_MALFORMATION_OF_THE_RIGHT_HEART	HP_CONGENITAL_MALFORMATION_OF_THE_RIGHT_HEART		28	-0.37211838	-1.0506978	0.39271256	0.59652317	1.0	2053	tags=32%, list=20%, signal=40%	
HP_ABNORMALITY_OF_BLADDER_MORPHOLOGY	HP_ABNORMALITY_OF_BLADDER_MORPHOLOGY		32	-0.36084202	-1.0506831	0.3776908	0.59629685	1.0	1195	tags=25%, list=11%, signal=28%	
HP_CYANOSIS	HP_CYANOSIS		44	-0.34180364	-1.0504819	0.3754717	0.5966236	1.0	1613	tags=27%, list=15%, signal=32%	
GOBP_NEGATIVE_REGULATION_OF_CELL_CYCLE_G2_M_PHASE_TRANSITION	GOBP_NEGATIVE_REGULATION_OF_CELL_CYCLE_G2_M_PHASE_TRANSITION		47	-0.34040824	-1.0502114	0.33333334	0.5971145	1.0	1317	tags=17%, list=13%, signal=19%	
HP_CHILDHOOD_ONSET	HP_CHILDHOOD_ONSET		88	-0.299992	-1.0500956	0.34749034	0.59716976	1.0	1729	tags=22%, list=16%, signal=26%	
GOBP_PROTEIN_MATURATION	GOBP_PROTEIN_MATURATION		184	-0.27607605	-1.0498592	0.32358673	0.5975538	1.0	624	tags=11%, list=6%, signal=11%	
HP_WEAKNESS_OF_MUSCLES_OF_RESPIRATION	HP_WEAKNESS_OF_MUSCLES_OF_RESPIRATION		60	-0.32295132	-1.0497161	0.34489796	0.59767926	1.0	625	tags=12%, list=6%, signal=12%	
GOBP_REGULATION_OF_NITRIC_OXIDE_SYNTHASE_ACTIVITY	GOBP_REGULATION_OF_NITRIC_OXIDE_SYNTHASE_ACTIVITY		22	-0.39399815	-1.0490284	0.38323355	0.59935224	1.0	2675	tags=45%, list=25%, signal=61%	
HP_GONADAL_NEOPLASM	HP_GONADAL_NEOPLASM		61	-0.32218173	-1.0489613	0.36483932	0.5992509	1.0	1682	tags=21%, list=16%, signal=25%	
GOBP_NEURON_DEATH	GOBP_NEURON_DEATH		206	-0.27246442	-1.048666	0.32909092	0.5997772	1.0	1370	tags=19%, list=13%, signal=21%	
HP_ABNORMAL_ATRIOVENTRICULAR_VALVE_PHYSIOLOGY	HP_ABNORMAL_ATRIOVENTRICULAR_VALVE_PHYSIOLOGY		106	-0.29213125	-1.0486463	0.34697855	0.5995641	1.0	1479	tags=21%, list=14%, signal=24%	
HP_CUTIS_MARMORATA	HP_CUTIS_MARMORATA		46	-0.3351239	-1.0480263	0.37037036	0.60105634	1.0	1560	tags=22%, list=15%, signal=25%	
HP_FACIAL_DIPLEGIA	HP_FACIAL_DIPLEGIA		23	-0.39699695	-1.0474849	0.38367346	0.6023469	1.0	1683	tags=26%, list=16%, signal=31%	
GOBP_VENTRICULAR_SEPTUM_MORPHOGENESIS	GOBP_VENTRICULAR_SEPTUM_MORPHOGENESIS		15	-0.42648587	-1.0472659	0.41787943	0.6027081	1.0	794	tags=27%, list=8%, signal=29%	
GOBP_REGULATION_OF_BINDING	GOBP_REGULATION_OF_BINDING		233	-0.2660051	-1.0471826	0.31934306	0.602658	1.0	1052	tags=14%, list=10%, signal=15%	
HP_ABNORMAL_ERYTHROCYTE_SEDIMENTATION_RATE	HP_ABNORMAL_ERYTHROCYTE_SEDIMENTATION_RATE		30	-0.3665211	-1.0471518	0.38336715	0.60246515	1.0	1248	tags=27%, list=12%, signal=30%	
HP_DISINHIBITION	HP_DISINHIBITION		122	-0.28708637	-1.0468806	0.34150943	0.6029414	1.0	1622	tags=21%, list=15%, signal=25%	
HP_POSTAXIAL_POLYDACTYLY	HP_POSTAXIAL_POLYDACTYLY		87	-0.30470723	-1.0467306	0.346	0.60306543	1.0	2312	tags=25%, list=22%, signal=32%	
HP_ABNORMALITY_OF_THE_GALLBLADDER	HP_ABNORMALITY_OF_THE_GALLBLADDER		66	-0.30937475	-1.0467248	0.34716982	0.6028123	1.0	1643	tags=23%, list=16%, signal=27%	
GOBP_ORGANOPHOSPHATE_BIOSYNTHETIC_PROCESS	GOBP_ORGANOPHOSPHATE_BIOSYNTHETIC_PROCESS		348	-0.25711748	-1.046695	0.28782287	0.60262406	1.0	2045	tags=25%, list=19%, signal=30%	
HP_ABNORMAL_METATARSAL_MORPHOLOGY	HP_ABNORMAL_METATARSAL_MORPHOLOGY		84	-0.3057838	-1.0459703	0.3785851	0.60438526	1.0	931	tags=17%, list=9%, signal=18%	
HP_LARGE_FACE	HP_LARGE_FACE		193	-0.2728271	-1.0459625	0.32600734	0.6041369	1.0	1414	tags=16%, list=13%, signal=18%	
HP_ABNORMAL_PONS_MORPHOLOGY	HP_ABNORMAL_PONS_MORPHOLOGY		62	-0.3162631	-1.0458491	0.3604651	0.60419685	1.0	1317	tags=18%, list=13%, signal=20%	
HP_ABNORMAL_DISTAL_PHALANX_MORPHOLOGY_OF_FINGER	HP_ABNORMAL_DISTAL_PHALANX_MORPHOLOGY_OF_FINGER		105	-0.2928606	-1.0458484	0.3403042	0.60392916	1.0	820	tags=10%, list=8%, signal=11%	
HP_LOWER_LIMB_PAIN	HP_LOWER_LIMB_PAIN		15	-0.42758873	-1.0456176	0.375	0.6043183	1.0	702	tags=13%, list=7%, signal=14%	
HP_FUNCTIONAL_ABNORMALITY_OF_MALE_INTERNAL_GENITALIA	HP_FUNCTIONAL_ABNORMALITY_OF_MALE_INTERNAL_GENITALIA		102	-0.29361546	-1.0454464	0.34319526	0.6045407	1.0	2053	tags=25%, list=20%, signal=30%	
GOBP_DOUBLE_STRAND_BREAK_REPAIR_VIA_NONHOMOLOGOUS_END_JOINING	GOBP_DOUBLE_STRAND_BREAK_REPAIR_VIA_NONHOMOLOGOUS_END_JOINING		54	-0.32428354	-1.0448515	0.36742425	0.6059069	1.0	437	tags=9%, list=4%, signal=10%	
HP_DISTAL_MUSCLE_WEAKNESS	HP_DISTAL_MUSCLE_WEAKNESS		112	-0.2869323	-1.044624	0.37881875	0.60625666	1.0	1712	tags=21%, list=16%, signal=25%	
GOBP_REGULATION_OF_PROTEIN_LOCALIZATION_TO_CELL_PERIPHERY	GOBP_REGULATION_OF_PROTEIN_LOCALIZATION_TO_CELL_PERIPHERY		79	-0.30578044	-1.0446124	0.3713733	0.6060189	1.0	1849	tags=24%, list=18%, signal=29%	
HP_NEURONAL_LOSS_IN_CENTRAL_NERVOUS_SYSTEM	HP_NEURONAL_LOSS_IN_CENTRAL_NERVOUS_SYSTEM		28	-0.3719098	-1.0444393	0.38535646	0.606222	1.0	1315	tags=25%, list=13%, signal=28%	
GOMF_PHOSPHATIDYLINOSITOL_MONOPHOSPHATE_PHOSPHATASE_ACTIVITY	GOMF_PHOSPHATIDYLINOSITOL_MONOPHOSPHATE_PHOSPHATASE_ACTIVITY		18	-0.41441748	-1.0444217	0.39271256	0.60600066	1.0	2149	tags=33%, list=20%, signal=42%	
GOBP_REGULATION_OF_EPITHELIAL_CELL_DIFFERENTIATION	GOBP_REGULATION_OF_EPITHELIAL_CELL_DIFFERENTIATION		57	-0.3210135	-1.0443083	0.3699422	0.60605353	1.0	1849	tags=30%, list=18%, signal=36%	
HP_HYPOSMIA	HP_HYPOSMIA		30	-0.36482105	-1.044287	0.3984064	0.605846	1.0	1898	tags=27%, list=18%, signal=32%	
HP_NEONATAL_HYPOGLYCEMIA	HP_NEONATAL_HYPOGLYCEMIA		19	-0.40565598	-1.0441713	0.38784066	0.6058725	1.0	1953	tags=32%, list=19%, signal=39%	
HP_POSTURAL_TREMOR	HP_POSTURAL_TREMOR		30	-0.3709215	-1.0440361	0.3709981	0.60601056	1.0	2029	tags=27%, list=19%, signal=33%	
GOBP_REGULATION_OF_PROGRAMMED_NECROTIC_CELL_DEATH	GOBP_REGULATION_OF_PROGRAMMED_NECROTIC_CELL_DEATH		18	-0.40966687	-1.044013	0.40262172	0.6057907	1.0	2272	tags=39%, list=22%, signal=50%	
GOBP_ANTIGEN_PROCESSING_AND_PRESENTATION_OF_PEPTIDE_ANTIGEN_VIA_MHC_CLASS_I	GOBP_ANTIGEN_PROCESSING_AND_PRESENTATION_OF_PEPTIDE_ANTIGEN_VIA_MHC_CLASS_I		16	-0.42154816	-1.0438584	0.4144869	0.60595024	1.0	2629	tags=44%, list=25%, signal=58%	
GOBP_AXONEME_ASSEMBLY	GOBP_AXONEME_ASSEMBLY		16	-0.42677322	-1.04364	0.40292275	0.6062855	1.0	2269	tags=44%, list=22%, signal=56%	
HP_ABNORMAL_CAUDATE_NUCLEUS_MORPHOLOGY	HP_ABNORMAL_CAUDATE_NUCLEUS_MORPHOLOGY		16	-0.4289753	-1.04301	0.39457202	0.60779566	1.0	702	tags=19%, list=7%, signal=20%	
GOBP_NEGATIVE_REGULATION_OF_LEUKOCYTE_MEDIATED_IMMUNITY	GOBP_NEGATIVE_REGULATION_OF_LEUKOCYTE_MEDIATED_IMMUNITY		34	-0.3517407	-1.042704	0.3593156	0.6084005	1.0	607	tags=21%, list=6%, signal=22%	
GOBP_POSITIVE_REGULATION_OF_PEPTIDYL_LYSINE_ACETYLATION	GOBP_POSITIVE_REGULATION_OF_PEPTIDYL_LYSINE_ACETYLATION		28	-0.37357032	-1.0424776	0.410101	0.60875005	1.0	1241	tags=21%, list=12%, signal=24%	
HP_ATONIC_SEIZURE	HP_ATONIC_SEIZURE		52	-0.33087096	-1.0421623	0.3946281	0.60934585	1.0	2165	tags=35%, list=21%, signal=43%	
HP_ABNORMALITY_OF_ADRENAL_MORPHOLOGY	HP_ABNORMALITY_OF_ADRENAL_MORPHOLOGY		60	-0.319333	-1.0421515	0.34774438	0.6091109	1.0	1218	tags=18%, list=12%, signal=21%	
HP_ABNORMALITY_OF_THE_METOPIC_SUTURE	HP_ABNORMALITY_OF_THE_METOPIC_SUTURE		39	-0.3477985	-1.0418155	0.3816047	0.60979426	1.0	1242	tags=21%, list=12%, signal=23%	
GOBP_REGULATION_OF_HORMONE_SECRETION	GOBP_REGULATION_OF_HORMONE_SECRETION		97	-0.29525274	-1.0413222	0.3553875	0.6109071	1.0	1579	tags=21%, list=15%, signal=24%	
GOCC_PLATELET_ALPHA_GRANULE_LUMEN	GOCC_PLATELET_ALPHA_GRANULE_LUMEN		24	-0.38272697	-1.0411264	0.3847619	0.61120105	1.0	2124	tags=38%, list=20%, signal=47%	
GOBP_REGULATION_OF_T_HELPER_1_TYPE_IMMUNE_RESPONSE	GOBP_REGULATION_OF_T_HELPER_1_TYPE_IMMUNE_RESPONSE		15	-0.4196262	-1.0408969	0.39655173	0.6115915	1.0	1022	tags=33%, list=10%, signal=37%	
HP_DEATH_IN_CHILDHOOD	HP_DEATH_IN_CHILDHOOD		42	-0.33718216	-1.0407311	0.39803922	0.6117772	1.0	960	tags=17%, list=9%, signal=18%	
GOBP_NEGATIVE_REGULATION_OF_CATABOLIC_PROCESS	GOBP_NEGATIVE_REGULATION_OF_CATABOLIC_PROCESS		210	-0.2671545	-1.040373	0.31284916	0.61248004	1.0	1281	tags=19%, list=12%, signal=21%	
GOCC_MYOSIN_COMPLEX	GOCC_MYOSIN_COMPLEX		23	-0.38588494	-1.0401636	0.41497976	0.61285	1.0	2002	tags=43%, list=19%, signal=54%	
HP_RECURRENT_MYCOBACTERIAL_INFECTIONS	HP_RECURRENT_MYCOBACTERIAL_INFECTIONS		18	-0.41021118	-1.0398208	0.41747573	0.61357915	1.0	2053	tags=50%, list=20%, signal=62%	
GOBP_POSITIVE_REGULATION_OF_HISTONE_ACETYLATION	GOBP_POSITIVE_REGULATION_OF_HISTONE_ACETYLATION		23	-0.38995555	-1.0398127	0.4019608	0.61333376	1.0	819	tags=17%, list=8%, signal=19%	
HP_SKIN_PLAQUE	HP_SKIN_PLAQUE		20	-0.39392492	-1.0393132	0.38649157	0.6144501	1.0	268	tags=15%, list=3%, signal=15%	
HP_MIDDLE_AGE_ONSET	HP_MIDDLE_AGE_ONSET		19	-0.41021776	-1.0389793	0.39175257	0.6150785	1.0	1729	tags=32%, list=16%, signal=38%	
GOBP_RESPONSE_TO_ALCOHOL	GOBP_RESPONSE_TO_ALCOHOL		121	-0.28784156	-1.0388877	0.3575526	0.61509216	1.0	1212	tags=19%, list=12%, signal=21%	
GOBP_NATURAL_KILLER_CELL_ACTIVATION	GOBP_NATURAL_KILLER_CELL_ACTIVATION		50	-0.33012983	-1.0388777	0.41304347	0.61485463	1.0	1290	tags=26%, list=12%, signal=29%	
HP_INCREASED_BLOOD_PRESSURE	HP_INCREASED_BLOOD_PRESSURE		217	-0.26648483	-1.0388252	0.3576923	0.6147277	1.0	1523	tags=19%, list=14%, signal=22%	
GOCC_INTRINSIC_COMPONENT_OF_ENDOPLASMIC_RETICULUM_MEMBRANE	GOCC_INTRINSIC_COMPONENT_OF_ENDOPLASMIC_RETICULUM_MEMBRANE		117	-0.28706676	-1.038679	0.3649374	0.61487	1.0	2470	tags=32%, list=24%, signal=42%	
GOBP_EPITHELIAL_TUBE_MORPHOGENESIS	GOBP_EPITHELIAL_TUBE_MORPHOGENESIS		142	-0.28274453	-1.0384665	0.35867447	0.61525965	1.0	1114	tags=15%, list=11%, signal=17%	
HP_OVERWEIGHT	HP_OVERWEIGHT		15	-0.43104327	-1.0381088	0.41716567	0.6159704	1.0	539	tags=13%, list=5%, signal=14%	
HP_KYPHOSCOLIOSIS	HP_KYPHOSCOLIOSIS		114	-0.28729913	-1.0380808	0.3708087	0.61577344	1.0	661	tags=10%, list=6%, signal=10%	
GOBP_ENDOPLASMIC_RETICULUM_UNFOLDED_PROTEIN_RESPONSE	GOBP_ENDOPLASMIC_RETICULUM_UNFOLDED_PROTEIN_RESPONSE		59	-0.3173937	-1.0380771	0.3682243	0.6155132	1.0	1333	tags=19%, list=13%, signal=21%	
GOBP_NEGATIVE_REGULATION_OF_NEURON_DEATH	GOBP_NEGATIVE_REGULATION_OF_NEURON_DEATH		110	-0.2903416	-1.0380651	0.37984496	0.6152767	1.0	1322	tags=19%, list=13%, signal=22%	
GOBP_NUCLEOTIDE_BINDING_DOMAIN_LEUCINE_RICH_REPEAT_CONTAINING_RECEPTOR_SIGNALING_PATHWAY	GOBP_NUCLEOTIDE_BINDING_DOMAIN_LEUCINE_RICH_REPEAT_CONTAINING_RECEPTOR_SIGNALING_PATHWAY		18	-0.41219097	-1.038057	0.40392157	0.61502254	1.0	2071	tags=28%, list=20%, signal=35%	
GOBP_RESPONSE_TO_BMP	GOBP_RESPONSE_TO_BMP		59	-0.3192004	-1.037961	0.39219332	0.6150261	1.0	760	tags=14%, list=7%, signal=15%	
HP_ABNORMALITY_OF_THE_VOICE	HP_ABNORMALITY_OF_THE_VOICE		299	-0.25851282	-1.0379258	0.32467532	0.61485416	1.0	1898	tags=20%, list=18%, signal=23%	
GOBP_VIRAL_PROTEIN_PROCESSING	GOBP_VIRAL_PROTEIN_PROCESSING		30	-0.3658348	-1.0378612	0.3960396	0.6147611	1.0	1281	tags=27%, list=12%, signal=30%	
HP_EEG_WITH_MULTIFOCAL_SLOW_ACTIVITY	HP_EEG_WITH_MULTIFOCAL_SLOW_ACTIVITY		23	-0.38912064	-1.0374868	0.38123754	0.61557174	1.0	1579	tags=26%, list=15%, signal=31%	
HP_ABNORMALITY_OF_THE_UPPER_ARM	HP_ABNORMALITY_OF_THE_UPPER_ARM		36	-0.34914213	-1.0372889	0.42454728	0.61587936	1.0	820	tags=14%, list=8%, signal=15%	
GOBP_EPIDERMIS_DEVELOPMENT	GOBP_EPIDERMIS_DEVELOPMENT		118	-0.2881368	-1.0370802	0.38432837	0.6161881	1.0	1435	tags=16%, list=14%, signal=18%	
HP_WEAKNESS_OF_FACIAL_MUSCULATURE	HP_WEAKNESS_OF_FACIAL_MUSCULATURE		133	-0.28406438	-1.0370702	0.36520076	0.61595595	1.0	715	tags=11%, list=7%, signal=11%	
HP_HYPERMETROPIA	HP_HYPERMETROPIA		146	-0.28056982	-1.0370641	0.3668033	0.6157049	1.0	2240	tags=24%, list=21%, signal=30%	
HP_ECTRODACTYLY	HP_ECTRODACTYLY		31	-0.358574	-1.0370127	0.39484128	0.6155828	1.0	702	tags=16%, list=7%, signal=17%	
GOBP_REGULATION_OF_PROTEIN_DEACETYLATION	GOBP_REGULATION_OF_PROTEIN_DEACETYLATION		42	-0.3358772	-1.0361726	0.39112905	0.61766475	1.0	1468	tags=19%, list=14%, signal=22%	
GOBP_POSITIVE_REGULATION_OF_LEUKOCYTE_PROLIFERATION	GOBP_POSITIVE_REGULATION_OF_LEUKOCYTE_PROLIFERATION		86	-0.29864237	-1.0360638	0.38257575	0.61770254	1.0	1341	tags=23%, list=13%, signal=26%	
GOBP_REGULATION_OF_UBIQUITIN_DEPENDENT_PROTEIN_CATABOLIC_PROCESS	GOBP_REGULATION_OF_UBIQUITIN_DEPENDENT_PROTEIN_CATABOLIC_PROCESS		132	-0.28461674	-1.0354512	0.35892513	0.6191393	1.0	1299	tags=17%, list=12%, signal=19%	
GOBP_REGULATION_OF_GLYCOPROTEIN_METABOLIC_PROCESS	GOBP_REGULATION_OF_GLYCOPROTEIN_METABOLIC_PROCESS		29	-0.36465198	-1.0354044	0.37632135	0.6190072	1.0	923	tags=17%, list=9%, signal=19%	
HP_GYNECOMASTIA	HP_GYNECOMASTIA		44	-0.334377	-1.034736	0.39181286	0.6205899	1.0	2357	tags=32%, list=22%, signal=41%	
GOBP_NEGATIVE_REGULATION_OF_VASCULATURE_DEVELOPMENT	GOBP_NEGATIVE_REGULATION_OF_VASCULATURE_DEVELOPMENT		36	-0.3561579	-1.0346344	0.37894738	0.6205985	1.0	2065	tags=28%, list=20%, signal=34%	
HP_NEOPLASM_OF_THE_PITUITARY_GLAND	HP_NEOPLASM_OF_THE_PITUITARY_GLAND		43	-0.3456714	-1.0342811	0.3954918	0.6213057	1.0	1218	tags=16%, list=12%, signal=18%	
GOBP_ORGANIC_ACID_TRANSPORT	GOBP_ORGANIC_ACID_TRANSPORT		126	-0.28412634	-1.0341095	0.37692308	0.62150544	1.0	1256	tags=17%, list=12%, signal=20%	
GOBP_ENDOTHELIAL_CELL_APOPTOTIC_PROCESS	GOBP_ENDOTHELIAL_CELL_APOPTOTIC_PROCESS		26	-0.37425336	-1.0337012	0.39263803	0.62238187	1.0	2074	tags=35%, list=20%, signal=43%	
HP_SLOWLY_PROGRESSIVE	HP_SLOWLY_PROGRESSIVE		97	-0.29052955	-1.0336334	0.38372093	0.622313	1.0	1467	tags=16%, list=14%, signal=19%	
GOBP_ANATOMICAL_STRUCTURE_MATURATION	GOBP_ANATOMICAL_STRUCTURE_MATURATION		91	-0.2948413	-1.0334448	0.37832698	0.6225502	1.0	1604	tags=22%, list=15%, signal=26%	
GOBP_REGULATION_OF_DEPHOSPHORYLATION	GOBP_REGULATION_OF_DEPHOSPHORYLATION		91	-0.2952314	-1.0334356	0.3864542	0.6223083	1.0	645	tags=12%, list=6%, signal=13%	
HP_ABNORMAL_URINE_CYTOLOGY	HP_ABNORMAL_URINE_CYTOLOGY		88	-0.29874015	-1.0331936	0.37721023	0.62271744	1.0	931	tags=17%, list=9%, signal=19%	
HP_LOWER_LIMB_MUSCLE_WEAKNESS	HP_LOWER_LIMB_MUSCLE_WEAKNESS		80	-0.3001047	-1.0325947	0.3899614	0.6241598	1.0	976	tags=16%, list=9%, signal=18%	
GOBP_AUTOPHAGY_OF_MITOCHONDRION	GOBP_AUTOPHAGY_OF_MITOCHONDRION		74	-0.3059134	-1.0325017	0.39285713	0.6241676	1.0	1354	tags=20%, list=13%, signal=23%	
GOBP_NEURON_APOPTOTIC_PROCESS	GOBP_NEURON_APOPTOTIC_PROCESS		142	-0.27729756	-1.0324839	0.34839925	0.62394154	1.0	1370	tags=19%, list=13%, signal=22%	
HP_IMPAIRED_PROPRIOCEPTION	HP_IMPAIRED_PROPRIOCEPTION		71	-0.3061285	-1.0324445	0.38039216	0.62377566	1.0	976	tags=15%, list=9%, signal=17%	
GOBP_CARDIAC_VENTRICLE_DEVELOPMENT	GOBP_CARDIAC_VENTRICLE_DEVELOPMENT		45	-0.3310358	-1.0316696	0.38554215	0.62571007	1.0	1898	tags=29%, list=18%, signal=35%	
GOMF_TRANSCRIPTION_COREPRESSOR_BINDING	GOMF_TRANSCRIPTION_COREPRESSOR_BINDING		32	-0.36146408	-1.0315017	0.40376568	0.62592435	1.0	244	tags=9%, list=2%, signal=10%	
HP_PROGRESSIVE_MUSCLE_WEAKNESS	HP_PROGRESSIVE_MUSCLE_WEAKNESS		41	-0.34255302	-1.0314758	0.39655173	0.6257243	1.0	2536	tags=37%, list=24%, signal=48%	
GOMF_NEUTRAL_AMINO_ACID_TRANSMEMBRANE_TRANSPORTER_ACTIVITY	GOMF_NEUTRAL_AMINO_ACID_TRANSMEMBRANE_TRANSPORTER_ACTIVITY		21	-0.39023355	-1.031453	0.39451477	0.6255179	1.0	727	tags=19%, list=7%, signal=20%	
GOBP_INTERFERON_ALPHA_PRODUCTION	GOBP_INTERFERON_ALPHA_PRODUCTION		19	-0.3997841	-1.0311052	0.3964497	0.6262578	1.0	404	tags=16%, list=4%, signal=16%	
GOMF_PHOSPHOPROTEIN_PHOSPHATASE_ACTIVITY	GOMF_PHOSPHOPROTEIN_PHOSPHATASE_ACTIVITY		122	-0.28536236	-1.0310415	0.3719626	0.62616944	1.0	1644	tags=16%, list=16%, signal=19%	
HP_ECCHYMOSIS	HP_ECCHYMOSIS		29	-0.35989207	-1.0309486	0.40239045	0.62615496	1.0	1241	tags=31%, list=12%, signal=35%	
GOBP_REGULATION_OF_TOR_SIGNALING	GOBP_REGULATION_OF_TOR_SIGNALING		74	-0.30797625	-1.0309201	0.39591077	0.6259651	1.0	3522	tags=45%, list=34%, signal=67%	
GOBP_INTERLEUKIN_17_PRODUCTION	GOBP_INTERLEUKIN_17_PRODUCTION		22	-0.3871699	-1.0309095	0.41941747	0.62572485	1.0	1528	tags=36%, list=15%, signal=42%	
GOMF_ACTIVE_TRANSMEMBRANE_TRANSPORTER_ACTIVITY	GOMF_ACTIVE_TRANSMEMBRANE_TRANSPORTER_ACTIVITY		196	-0.26706243	-1.0306872	0.36346516	0.6261165	1.0	1216	tags=15%, list=12%, signal=17%	
GOMF_HEPARIN_BINDING	GOMF_HEPARIN_BINDING		35	-0.35409948	-1.0305413	0.3816631	0.6262464	1.0	850	tags=17%, list=8%, signal=19%	
GOCC_TIGHT_JUNCTION	GOCC_TIGHT_JUNCTION		54	-0.31942943	-1.0304931	0.40650406	0.6261102	1.0	1992	tags=24%, list=19%, signal=30%	
GOBP_FEMALE_GAMETE_GENERATION	GOBP_FEMALE_GAMETE_GENERATION		64	-0.31212953	-1.0299093	0.40037593	0.6274805	1.0	876	tags=14%, list=8%, signal=15%	
HP_SKELETAL_MUSCLE_HYPERTROPHY	HP_SKELETAL_MUSCLE_HYPERTROPHY		114	-0.28640798	-1.0296292	0.36627907	0.62798953	1.0	1212	tags=18%, list=12%, signal=21%	
GOBP_AMYLOID_PRECURSOR_PROTEIN_CATABOLIC_PROCESS	GOBP_AMYLOID_PRECURSOR_PROTEIN_CATABOLIC_PROCESS		41	-0.33990505	-1.0294957	0.42083332	0.6281115	1.0	582	tags=15%, list=6%, signal=15%	
HP_NON_MOTOR_SEIZURE	HP_NON_MOTOR_SEIZURE		101	-0.29543835	-1.0294907	0.3844697	0.62785596	1.0	2080	tags=30%, list=20%, signal=37%	
HP_SHORT_FOOT	HP_SHORT_FOOT		79	-0.30137795	-1.0292231	0.4068441	0.6283172	1.0	1967	tags=23%, list=19%, signal=28%	
GOBP_SOMATIC_STEM_CELL_POPULATION_MAINTENANCE	GOBP_SOMATIC_STEM_CELL_POPULATION_MAINTENANCE		19	-0.39950585	-1.0291849	0.41359222	0.62815547	1.0	1806	tags=32%, list=17%, signal=38%	
HP_ABNORMALITY_OF_HAIR_PIGMENTATION	HP_ABNORMALITY_OF_HAIR_PIGMENTATION		67	-0.31428477	-1.0289998	0.38217822	0.6283828	1.0	855	tags=19%, list=8%, signal=21%	
GOBP_NEGATIVE_REGULATION_OF_PEPTIDASE_ACTIVITY	GOBP_NEGATIVE_REGULATION_OF_PEPTIDASE_ACTIVITY		90	-0.2966303	-1.0285735	0.38389513	0.62930346	1.0	873	tags=13%, list=8%, signal=14%	
GOCC_NUCLEAR_OUTER_MEMBRANE	GOCC_NUCLEAR_OUTER_MEMBRANE		15	-0.42248917	-1.0285428	0.42772278	0.6291092	1.0	293	tags=20%, list=3%, signal=21%	
GOCC_CELL_SUBSTRATE_JUNCTION	GOCC_CELL_SUBSTRATE_JUNCTION		285	-0.25759575	-1.028317	0.36221838	0.62943923	1.0	1236	tags=16%, list=12%, signal=18%	
GOBP_REGULATION_OF_REPRODUCTIVE_PROCESS	GOBP_REGULATION_OF_REPRODUCTIVE_PROCESS		56	-0.3176189	-1.0281802	0.37909836	0.6295629	1.0	1452	tags=23%, list=14%, signal=27%	
GOMF_ZINC_ION_BINDING	GOMF_ZINC_ION_BINDING		445	-0.24793744	-1.0278728	0.3509434	0.63017476	1.0	2116	tags=22%, list=20%, signal=27%	
HP_DIFFICULTY_WALKING	HP_DIFFICULTY_WALKING		169	-0.26979065	-1.0277886	0.39889705	0.63015527	1.0	2602	tags=30%, list=25%, signal=39%	
HP_DELAYED_CNS_MYELINATION	HP_DELAYED_CNS_MYELINATION		61	-0.3164681	-1.0277098	0.38653848	0.6301044	1.0	1560	tags=26%, list=15%, signal=31%	
HP_ABNORMAL_LACTATE_DEHYDROGENASE_LEVEL	HP_ABNORMAL_LACTATE_DEHYDROGENASE_LEVEL		43	-0.33259276	-1.0274193	0.42337164	0.6306262	1.0	1414	tags=21%, list=13%, signal=24%	
GOMF_ACETYLGLUCOSAMINYLTRANSFERASE_ACTIVITY	GOMF_ACETYLGLUCOSAMINYLTRANSFERASE_ACTIVITY		29	-0.3620568	-1.0273772	0.41130605	0.63048124	1.0	1854	tags=28%, list=18%, signal=33%	
HP_DISTAL_LOWER_LIMB_MUSCLE_WEAKNESS	HP_DISTAL_LOWER_LIMB_MUSCLE_WEAKNESS		29	-0.36022434	-1.0271491	0.40655106	0.63088125	1.0	1683	tags=28%, list=16%, signal=33%	
GOMF_LYSOPHOSPHOLIPID_ACYLTRANSFERASE_ACTIVITY	GOMF_LYSOPHOSPHOLIPID_ACYLTRANSFERASE_ACTIVITY		16	-0.42356905	-1.0270357	0.42857143	0.6309401	1.0	1869	tags=31%, list=18%, signal=38%	
GOMF_GLUTAMATE_RECEPTOR_BINDING	GOMF_GLUTAMATE_RECEPTOR_BINDING		18	-0.41009414	-1.027034	0.41501975	0.6306762	1.0	1130	tags=22%, list=11%, signal=25%	
HP_HYPOREFLEXIA	HP_HYPOREFLEXIA		218	-0.2644958	-1.0268455	0.36711282	0.63096106	1.0	1611	tags=19%, list=15%, signal=22%	
GOCC_BRUSH_BORDER	GOCC_BRUSH_BORDER		46	-0.33370396	-1.02661	0.41095892	0.63137555	1.0	2016	tags=30%, list=19%, signal=37%	
HP_DENTAL_MALOCCLUSION	HP_DENTAL_MALOCCLUSION		74	-0.30286172	-1.0264745	0.3988658	0.6314981	1.0	706	tags=14%, list=7%, signal=14%	
GOMF_HYDROLASE_ACTIVITY_ACTING_ON_ESTER_BONDS	GOMF_HYDROLASE_ACTIVITY_ACTING_ON_ESTER_BONDS		476	-0.245674	-1.0260196	0.3364486	0.632532	1.0	1682	tags=17%, list=16%, signal=19%	
GOBP_REGULATION_OF_RESPONSE_TO_WOUNDING	GOBP_REGULATION_OF_RESPONSE_TO_WOUNDING		59	-0.31880933	-1.0259885	0.39539346	0.6323527	1.0	1591	tags=27%, list=15%, signal=32%	
GOBP_REGULATION_OF_CELLULAR_RESPONSE_TO_TRANSFORMING_GROWTH_FACTOR_BETA_STIMULUS	GOBP_REGULATION_OF_CELLULAR_RESPONSE_TO_TRANSFORMING_GROWTH_FACTOR_BETA_STIMULUS		68	-0.30893087	-1.0254349	0.41735536	0.63363075	1.0	1468	tags=18%, list=14%, signal=20%	
GOBP_PROTEIN_EXPORT_FROM_NUCLEUS	GOBP_PROTEIN_EXPORT_FROM_NUCLEUS		48	-0.32252795	-1.0252882	0.40392157	0.63378376	1.0	548	tags=10%, list=5%, signal=11%	
GOBP_REGULATION_OF_HEART_RATE	GOBP_REGULATION_OF_HEART_RATE		27	-0.36983284	-1.0249761	0.4208494	0.63441306	1.0	1935	tags=33%, list=18%, signal=41%	
GOBP_REGULATION_OF_PEPTIDE_TRANSPORT	GOBP_REGULATION_OF_PEPTIDE_TRANSPORT		80	-0.29787308	-1.0243629	0.37103173	0.6358599	1.0	1079	tags=18%, list=10%, signal=19%	
HP_ABNORMAL_SYSTEMIC_ARTERIAL_MORPHOLOGY	HP_ABNORMAL_SYSTEMIC_ARTERIAL_MORPHOLOGY		314	-0.2527065	-1.0243573	0.35714287	0.63560146	1.0	1211	tags=14%, list=12%, signal=15%	
HP_BILATERAL_POLYMICROGYRIA	HP_BILATERAL_POLYMICROGYRIA		23	-0.3753559	-1.0241375	0.40650406	0.6359431	1.0	1269	tags=26%, list=12%, signal=30%	
GOBP_PROSTATE_GLAND_DEVELOPMENT	GOBP_PROSTATE_GLAND_DEVELOPMENT		18	-0.4036695	-1.0239685	0.4205021	0.6361655	1.0	1218	tags=33%, list=12%, signal=38%	
HP_INSULIN_RESISTANT_DIABETES_MELLITUS	HP_INSULIN_RESISTANT_DIABETES_MELLITUS		18	-0.4034404	-1.0235685	0.45596868	0.63702536	1.0	2474	tags=33%, list=24%, signal=44%	
GOMF_G_PROTEIN_COUPLED_RECEPTOR_BINDING	GOMF_G_PROTEIN_COUPLED_RECEPTOR_BINDING		89	-0.2963786	-1.0234188	0.40494296	0.6371766	1.0	1937	tags=28%, list=18%, signal=34%	
GOBP_REGULATION_OF_ISOTYPE_SWITCHING	GOBP_REGULATION_OF_ISOTYPE_SWITCHING		27	-0.36941078	-1.0230937	0.41941747	0.6378225	1.0	765	tags=19%, list=7%, signal=20%	
HP_DISSEMINATED_INTRAVASCULAR_COAGULATION	HP_DISSEMINATED_INTRAVASCULAR_COAGULATION		17	-0.41382974	-1.0230575	0.40078586	0.63766015	1.0	1241	tags=35%, list=12%, signal=40%	
HP_BROAD_PHALANX_OF_THE_TOES	HP_BROAD_PHALANX_OF_THE_TOES		16	-0.41382587	-1.0227504	0.4165067	0.63829345	1.0	1242	tags=31%, list=12%, signal=35%	
HP_ARTHRALGIA	HP_ARTHRALGIA		91	-0.29464516	-1.0225111	0.3957935	0.6386938	1.0	1378	tags=19%, list=13%, signal=21%	
HP_CORTICAL_DYSPLASIA	HP_CORTICAL_DYSPLASIA		67	-0.30840492	-1.0218897	0.3874046	0.6402192	1.0	2336	tags=30%, list=22%, signal=38%	
GOMF_PHOSPHOLIPID_TRANSFER_ACTIVITY	GOMF_PHOSPHOLIPID_TRANSFER_ACTIVITY		16	-0.41600746	-1.0216157	0.3962264	0.64072895	1.0	1727	tags=38%, list=16%, signal=45%	
HP_IMMUNOLOGIC_HYPERSENSITIVITY	HP_IMMUNOLOGIC_HYPERSENSITIVITY		86	-0.29965577	-1.0215212	0.36920223	0.64071417	1.0	1402	tags=24%, list=13%, signal=28%	
GOBP_CELLULAR_GLUCOSE_HOMEOSTASIS	GOBP_CELLULAR_GLUCOSE_HOMEOSTASIS		76	-0.30089694	-1.0212632	0.407767	0.64115536	1.0	1579	tags=21%, list=15%, signal=25%	
GOBP_INNER_EAR_AUDITORY_RECEPTOR_CELL_DIFFERENTIATION	GOBP_INNER_EAR_AUDITORY_RECEPTOR_CELL_DIFFERENTIATION		16	-0.41668266	-1.0212352	0.43661973	0.6409613	1.0	804	tags=19%, list=8%, signal=20%	
GOBP_FATTY_ACID_TRANSPORT	GOBP_FATTY_ACID_TRANSPORT		36	-0.3481198	-1.0207916	0.3984064	0.64194405	1.0	1203	tags=22%, list=11%, signal=25%	
HP_SCARRING	HP_SCARRING		83	-0.29820395	-1.0207425	0.40377358	0.6418232	1.0	2654	tags=35%, list=25%, signal=46%	
GOBP_DICARBOXYLIC_ACID_TRANSPORT	GOBP_DICARBOXYLIC_ACID_TRANSPORT		39	-0.33628383	-1.0206572	0.40839696	0.6418008	1.0	830	tags=15%, list=8%, signal=17%	
GOBP_CEREBELLAR_CORTEX_MORPHOGENESIS	GOBP_CEREBELLAR_CORTEX_MORPHOGENESIS		16	-0.4221617	-1.0206457	0.4265873	0.641559	1.0	1743	tags=38%, list=17%, signal=45%	
GOBP_CYTOSKELETON_DEPENDENT_CYTOKINESIS	GOBP_CYTOSKELETON_DEPENDENT_CYTOKINESIS		65	-0.30857617	-1.0203834	0.39591837	0.64203256	1.0	2990	tags=35%, list=28%, signal=49%	
GOMF_PEPTIDE_RECEPTOR_ACTIVITY	GOMF_PEPTIDE_RECEPTOR_ACTIVITY		28	-0.36817828	-1.0194649	0.44379845	0.6443149	1.0	1754	tags=32%, list=17%, signal=38%	
HP_HEMANGIOMATOSIS	HP_HEMANGIOMATOSIS		15	-0.4188729	-1.0191828	0.4351145	0.6448317	1.0	1502	tags=20%, list=14%, signal=23%	
GOBP_REGULATION_OF_ACTIN_CYTOSKELETON_REORGANIZATION	GOBP_REGULATION_OF_ACTIN_CYTOSKELETON_REORGANIZATION		24	-0.3825708	-1.0191321	0.44040403	0.6447093	1.0	1052	tags=25%, list=10%, signal=28%	
HP_ARNOLD_CHIARI_MALFORMATION	HP_ARNOLD_CHIARI_MALFORMATION		59	-0.31396943	-1.0190413	0.4004065	0.64472	1.0	1927	tags=29%, list=18%, signal=35%	
HP_RED_EYE	HP_RED_EYE		60	-0.30934227	-1.0186287	0.41883767	0.6456442	1.0	1520	tags=23%, list=14%, signal=27%	
GOCC_AGGRESOME	GOCC_AGGRESOME		26	-0.36831102	-1.0182197	0.44558522	0.6465473	1.0	698	tags=12%, list=7%, signal=12%	
GOBP_LABYRINTHINE_LAYER_DEVELOPMENT	GOBP_LABYRINTHINE_LAYER_DEVELOPMENT		23	-0.37540424	-1.0181049	0.4330097	0.6466204	1.0	244	tags=9%, list=2%, signal=9%	
GOBP_MEMBRANE_DOCKING	GOBP_MEMBRANE_DOCKING		60	-0.31180292	-1.0179309	0.4389313	0.6468187	1.0	2546	tags=35%, list=24%, signal=46%	
HP_MUCOSAL_TELANGIECTASIAE	HP_MUCOSAL_TELANGIECTASIAE		28	-0.3595748	-1.0178043	0.3996139	0.6469003	1.0	1520	tags=25%, list=14%, signal=29%	
HP_NEOPLASM_OF_THE_RECTUM	HP_NEOPLASM_OF_THE_RECTUM		33	-0.35609248	-1.0172027	0.4291498	0.64836735	1.0	953	tags=15%, list=9%, signal=17%	
GOBP_NEGATIVE_REGULATION_OF_ORGANELLE_ORGANIZATION	GOBP_NEGATIVE_REGULATION_OF_ORGANELLE_ORGANIZATION		232	-0.25920522	-1.0169481	0.3805825	0.64882106	1.0	945	tags=10%, list=9%, signal=11%	
GOBP_REGULATION_OF_SMOOTHENED_SIGNALING_PATHWAY	GOBP_REGULATION_OF_SMOOTHENED_SIGNALING_PATHWAY		45	-0.33221546	-1.0169238	0.40582526	0.64861465	1.0	1902	tags=29%, list=18%, signal=35%	
HP_VASCULAR_CALCIFICATION	HP_VASCULAR_CALCIFICATION		18	-0.40010712	-1.016786	0.4308617	0.64873224	1.0	932	tags=22%, list=9%, signal=24%	
GOBP_NUCLEOSIDE_BISPHOSPHATE_METABOLIC_PROCESS	GOBP_NUCLEOSIDE_BISPHOSPHATE_METABOLIC_PROCESS		80	-0.29855445	-1.01675	0.41458732	0.64856553	1.0	1543	tags=20%, list=15%, signal=23%	
GOMF_GLYCOSYLTRANSFERASE_ACTIVITY	GOMF_GLYCOSYLTRANSFERASE_ACTIVITY		156	-0.27083367	-1.0164034	0.4049904	0.6493207	1.0	1896	tags=22%, list=18%, signal=27%	
GOBP_NEGATIVE_REGULATION_OF_CHEMOTAXIS	GOBP_NEGATIVE_REGULATION_OF_CHEMOTAXIS		19	-0.39671823	-1.016256	0.4486166	0.6494306	1.0	1402	tags=26%, list=13%, signal=30%	
GOBP_NEURON_PROJECTION_ORGANIZATION	GOBP_NEURON_PROJECTION_ORGANIZATION		52	-0.32782876	-1.016204	0.41393444	0.6493098	1.0	1175	tags=21%, list=11%, signal=24%	
GOBP_UBIQUITIN_DEPENDENT_PROTEIN_CATABOLIC_PROCESS_VIA_THE_MULTIVESICULAR_BODY_SORTING_PATHWAY	GOBP_UBIQUITIN_DEPENDENT_PROTEIN_CATABOLIC_PROCESS_VIA_THE_MULTIVESICULAR_BODY_SORTING_PATHWAY		29	-0.36227626	-1.0161813	0.42916667	0.649107	1.0	1317	tags=21%, list=13%, signal=24%	
GOBP_POSITIVE_REGULATION_OF_OXIDOREDUCTASE_ACTIVITY	GOBP_POSITIVE_REGULATION_OF_OXIDOREDUCTASE_ACTIVITY		36	-0.3437845	-1.0160037	0.42168674	0.64934224	1.0	820	tags=17%, list=8%, signal=18%	
HP_ABNORMALITY_OF_HEPATOBILIARY_SYSTEM_PHYSIOLOGY	HP_ABNORMALITY_OF_HEPATOBILIARY_SYSTEM_PHYSIOLOGY		147	-0.2698497	-1.0155987	0.40980393	0.6502015	1.0	1209	tags=18%, list=12%, signal=20%	
HP_INCREASED_CIRCULATING_LACTATE_DEHYDROGENASE_CONCENTRATION	HP_INCREASED_CIRCULATING_LACTATE_DEHYDROGENASE_CONCENTRATION		29	-0.3559204	-1.0153221	0.44106463	0.6507254	1.0	1414	tags=24%, list=13%, signal=28%	
GOMF_HYDROLASE_ACTIVITY_ACTING_ON_CARBON_NITROGEN_BUT_NOT_PEPTIDE_BONDS_IN_LINEAR_AMIDES	GOMF_HYDROLASE_ACTIVITY_ACTING_ON_CARBON_NITROGEN_BUT_NOT_PEPTIDE_BONDS_IN_LINEAR_AMIDES		51	-0.32241607	-1.0151451	0.43052837	0.6509676	1.0	526	tags=8%, list=5%, signal=8%	
HP_METAPHYSEAL_WIDENING	HP_METAPHYSEAL_WIDENING		57	-0.31005383	-1.0142727	0.43609023	0.65320265	1.0	2255	tags=26%, list=21%, signal=33%	
HP_ABNORMALITY_OF_THE_RIBS	HP_ABNORMALITY_OF_THE_RIBS		169	-0.2652886	-1.0142176	0.40882918	0.65307695	1.0	1955	tags=23%, list=19%, signal=28%	
HP_MYOSITIS	HP_MYOSITIS		20	-0.3928111	-1.0141405	0.43558282	0.65304255	1.0	1378	tags=35%, list=13%, signal=40%	
GOBP_REGULATION_OF_PROTEIN_BINDING	GOBP_REGULATION_OF_PROTEIN_BINDING		126	-0.27593297	-1.0139775	0.38674033	0.6532467	1.0	1052	tags=15%, list=10%, signal=17%	
GOBP_GLAND_MORPHOGENESIS	GOBP_GLAND_MORPHOGENESIS		48	-0.3232392	-1.0139047	0.43737575	0.6531875	1.0	1241	tags=21%, list=12%, signal=24%	
GOBP_RETROGRADE_TRANSPORT_ENDOSOME_TO_GOLGI	GOBP_RETROGRADE_TRANSPORT_ENDOSOME_TO_GOLGI		69	-0.30767766	-1.0138668	0.42094457	0.653032	1.0	1876	tags=22%, list=18%, signal=26%	
GOBP_SKIN_DEVELOPMENT	GOBP_SKIN_DEVELOPMENT		96	-0.2933089	-1.0138656	0.42382812	0.65276563	1.0	1849	tags=25%, list=18%, signal=30%	
GOBP_SUBSTANTIA_NIGRA_DEVELOPMENT	GOBP_SUBSTANTIA_NIGRA_DEVELOPMENT		27	-0.36025622	-1.013582	0.41064638	0.6533386	1.0	1013	tags=19%, list=10%, signal=20%	
GOCC_PHOTORECEPTOR_INNER_SEGMENT	GOCC_PHOTORECEPTOR_INNER_SEGMENT		20	-0.38909662	-1.0133727	0.42635658	0.6536494	1.0	1113	tags=20%, list=11%, signal=22%	
GOBP_FEMALE_SEX_DIFFERENTIATION	GOBP_FEMALE_SEX_DIFFERENTIATION		47	-0.3304306	-1.0132746	0.42626262	0.65365607	1.0	1898	tags=32%, list=18%, signal=39%	
HP_HYPOTELORISM	HP_HYPOTELORISM		73	-0.3045375	-1.0128928	0.42300195	0.6544721	1.0	1560	tags=19%, list=15%, signal=22%	
HP_ABNORMAL_PERIPHERAL_NERVOUS_SYSTEM_PHYSIOLOGY	HP_ABNORMAL_PERIPHERAL_NERVOUS_SYSTEM_PHYSIOLOGY		87	-0.2923193	-1.0128148	0.42510122	0.6544314	1.0	1529	tags=22%, list=15%, signal=25%	
GOBP_NUCLEAR_MEMBRANE_ORGANIZATION	GOBP_NUCLEAR_MEMBRANE_ORGANIZATION		38	-0.340797	-1.0127299	0.4040404	0.6544226	1.0	1317	tags=26%, list=13%, signal=30%	
GOBP_C4_DICARBOXYLATE_TRANSPORT	GOBP_C4_DICARBOXYLATE_TRANSPORT		15	-0.425729	-1.0127285	0.4491018	0.6541547	1.0	2899	tags=47%, list=28%, signal=64%	
GOBP_POSITIVE_REGULATION_OF_ESTABLISHMENT_OF_PROTEIN_LOCALIZATION	GOBP_POSITIVE_REGULATION_OF_ESTABLISHMENT_OF_PROTEIN_LOCALIZATION		208	-0.26164046	-1.0125589	0.40801457	0.65436393	1.0	1822	tags=24%, list=17%, signal=29%	
GOBP_VIRAL_TRANSCRIPTION	GOBP_VIRAL_TRANSCRIPTION		44	-0.33368543	-1.012429	0.4484127	0.6544575	1.0	710	tags=11%, list=7%, signal=12%	
GOBP_POSITIVE_REGULATION_OF_NITRIC_OXIDE_SYNTHASE_ACTIVITY	GOBP_POSITIVE_REGULATION_OF_NITRIC_OXIDE_SYNTHASE_ACTIVITY		15	-0.41015044	-1.0120091	0.4359504	0.65538806	1.0	779	tags=20%, list=7%, signal=22%	
HP_EMG_ABNORMALITY	HP_EMG_ABNORMALITY		136	-0.27312428	-1.0119514	0.39664805	0.65529567	1.0	799	tags=13%, list=8%, signal=14%	
GOBP_PERK_MEDIATED_UNFOLDED_PROTEIN_RESPONSE	GOBP_PERK_MEDIATED_UNFOLDED_PROTEIN_RESPONSE		16	-0.4092836	-1.0115529	0.46530613	0.6561812	1.0	175	tags=13%, list=2%, signal=13%	
HP_ARTHROGRYPOSIS_MULTIPLEX_CONGENITA	HP_ARTHROGRYPOSIS_MULTIPLEX_CONGENITA		69	-0.30653235	-1.0114483	0.4097363	0.6562071	1.0	1683	tags=20%, list=16%, signal=24%	
HP_SEROSITIS	HP_SEROSITIS		35	-0.34788814	-1.0111724	0.4576613	0.65672493	1.0	931	tags=20%, list=9%, signal=22%	
GOBP_FC_GAMMA_RECEPTOR_SIGNALING_PATHWAY	GOBP_FC_GAMMA_RECEPTOR_SIGNALING_PATHWAY		17	-0.4070595	-1.010955	0.4460285	0.65708435	1.0	1451	tags=29%, list=14%, signal=34%	
HP_MALIGNANT_NEOPLASM_OF_THE_CENTRAL_NERVOUS_SYSTEM	HP_MALIGNANT_NEOPLASM_OF_THE_CENTRAL_NERVOUS_SYSTEM		60	-0.31212667	-1.0106663	0.45841393	0.6576456	1.0	1468	tags=20%, list=14%, signal=23%	
GOBP_SENSORY_PERCEPTION_OF_LIGHT_STIMULUS	GOBP_SENSORY_PERCEPTION_OF_LIGHT_STIMULUS		51	-0.3156681	-1.0101825	0.41923076	0.65880704	1.0	1388	tags=24%, list=13%, signal=27%	
GOBP_NEGATIVE_REGULATION_OF_PEPTIDYL_TYROSINE_PHOSPHORYLATION	GOBP_NEGATIVE_REGULATION_OF_PEPTIDYL_TYROSINE_PHOSPHORYLATION		37	-0.33896488	-1.0094664	0.42714572	0.6605589	1.0	2050	tags=32%, list=20%, signal=40%	
GOBP_EAR_DEVELOPMENT	GOBP_EAR_DEVELOPMENT		68	-0.3035768	-1.0093218	0.43975905	0.6606992	1.0	1304	tags=19%, list=12%, signal=22%	
GOBP_ACETYL_COA_BIOSYNTHETIC_PROCESS	GOBP_ACETYL_COA_BIOSYNTHETIC_PROCESS		16	-0.4080815	-1.0092086	0.43486974	0.6607506	1.0	714	tags=13%, list=7%, signal=13%	
GOBP_POSITIVE_REGULATION_OF_CELLULAR_RESPONSE_TO_TRANSFORMING_GROWTH_FACTOR_BETA_STIMULUS	GOBP_POSITIVE_REGULATION_OF_CELLULAR_RESPONSE_TO_TRANSFORMING_GROWTH_FACTOR_BETA_STIMULUS		17	-0.3955172	-1.0087173	0.43786982	0.66187227	1.0	794	tags=18%, list=8%, signal=19%	
GOBP_VESICLE_BUDDING_FROM_MEMBRANE	GOBP_VESICLE_BUDDING_FROM_MEMBRANE		50	-0.3214022	-1.0085607	0.45738044	0.6620791	1.0	1317	tags=16%, list=13%, signal=18%	
GOBP_NEGATIVE_REGULATION_OF_TRANSMEMBRANE_RECEPTOR_PROTEIN_SERINE_THREONINE_KINASE_SIGNALING_PATHWAY	GOBP_NEGATIVE_REGULATION_OF_TRANSMEMBRANE_RECEPTOR_PROTEIN_SERINE_THREONINE_KINASE_SIGNALING_PATHWAY		54	-0.31789207	-1.0084598	0.422	0.66206896	1.0	760	tags=13%, list=7%, signal=14%	
HP_BONE_PAIN	HP_BONE_PAIN		52	-0.32133922	-1.0080789	0.42857143	0.66290486	1.0	1241	tags=23%, list=12%, signal=26%	
GOBP_NEUTRAL_AMINO_ACID_TRANSPORT	GOBP_NEUTRAL_AMINO_ACID_TRANSPORT		24	-0.37072673	-1.0079582	0.41941747	0.662992	1.0	727	tags=17%, list=7%, signal=18%	
HP_ABNORMALITY_OF_THE_AXILLARY_HAIR	HP_ABNORMALITY_OF_THE_AXILLARY_HAIR		19	-0.39354914	-1.007877	0.4417178	0.6629584	1.0	1698	tags=32%, list=16%, signal=38%	
GOBP_REGULATION_OF_PEPTIDYL_TYROSINE_PHOSPHORYLATION	GOBP_REGULATION_OF_PEPTIDYL_TYROSINE_PHOSPHORYLATION		119	-0.27621463	-1.0074881	0.4361905	0.6638204	1.0	2174	tags=30%, list=21%, signal=38%	
HP_PANCREATITIS	HP_PANCREATITIS		42	-0.33207217	-1.0073137	0.41598362	0.6640335	1.0	2536	tags=38%, list=24%, signal=50%	
HP_ABNORMAL_CALCIUM_PHOSPHATE_REGULATING_HORMONE_LEVEL	HP_ABNORMAL_CALCIUM_PHOSPHATE_REGULATING_HORMONE_LEVEL		27	-0.357732	-1.0072095	0.4520548	0.6640383	1.0	1733	tags=33%, list=16%, signal=40%	
HP_ABNORMAL_GROWTH_HORMONE_LEVEL	HP_ABNORMAL_GROWTH_HORMONE_LEVEL		74	-0.2987324	-1.0069225	0.44249514	0.6646036	1.0	1961	tags=23%, list=19%, signal=28%	
HP_KYPHOSIS	HP_KYPHOSIS		309	-0.2500134	-1.0069103	0.4344569	0.6643681	1.0	1597	tags=17%, list=15%, signal=19%	
HP_EEG_WITH_SPIKE_WAVE_COMPLEXES	HP_EEG_WITH_SPIKE_WAVE_COMPLEXES		35	-0.3383259	-1.0067723	0.43392506	0.6644941	1.0	1751	tags=23%, list=17%, signal=27%	
HP_ABNORMALITY_OF_THE_INTERVERTEBRAL_DISK	HP_ABNORMALITY_OF_THE_INTERVERTEBRAL_DISK		19	-0.3897308	-1.0066278	0.44767442	0.6646444	1.0	414	tags=11%, list=4%, signal=11%	
GOBP_POSITIVE_REGULATION_OF_TRANSCRIPTION_FROM_RNA_POLYMERASE_II_PROMOTER_INVOLVED_IN_CELLULAR_RESPONSE_TO_CHEMICAL_STIMULUS	GOBP_POSITIVE_REGULATION_OF_TRANSCRIPTION_FROM_RNA_POLYMERASE_II_PROMOTER_INVOLVED_IN_CELLULAR_RESPONSE_TO_CHEMICAL_STIMULUS		18	-0.39863136	-1.0064737	0.4777563	0.6648119	1.0	1398	tags=28%, list=13%, signal=32%	
GOBP_REGULATION_OF_MYELOID_LEUKOCYTE_DIFFERENTIATION	GOBP_REGULATION_OF_MYELOID_LEUKOCYTE_DIFFERENTIATION		62	-0.31038874	-1.0064471	0.4301676	0.6646082	1.0	581	tags=13%, list=6%, signal=14%	
HP_ABNORMAL_AUTONOMIC_NERVOUS_SYSTEM_PHYSIOLOGY	HP_ABNORMAL_AUTONOMIC_NERVOUS_SYSTEM_PHYSIOLOGY		65	-0.3023956	-1.0063629	0.40650406	0.66457534	1.0	1577	tags=22%, list=15%, signal=25%	
HP_PROPTOSIS	HP_PROPTOSIS		158	-0.26876956	-1.0059592	0.45951036	0.6654335	1.0	1479	tags=15%, list=14%, signal=17%	
HP_OPHTHALMOPARESIS	HP_OPHTHALMOPARESIS		165	-0.26590046	-1.0056025	0.42479676	0.6661592	1.0	1319	tags=15%, list=13%, signal=17%	
HP_POLYDACTYLY	HP_POLYDACTYLY		154	-0.26951393	-1.0051335	0.4208494	0.6672249	1.0	2354	tags=25%, list=22%, signal=31%	
GOMF_SULFOTRANSFERASE_ACTIVITY	GOMF_SULFOTRANSFERASE_ACTIVITY		16	-0.4134142	-1.0051323	0.4442231	0.66695505	1.0	304	tags=13%, list=3%, signal=13%	
HP_ABNORMAL_CORONARY_ARTERY_MORPHOLOGY	HP_ABNORMAL_CORONARY_ARTERY_MORPHOLOGY		31	-0.35066548	-1.0050752	0.44871795	0.6668588	1.0	1505	tags=23%, list=14%, signal=26%	
HP_TREMOR_BY_ANATOMICAL_SITE	HP_TREMOR_BY_ANATOMICAL_SITE		42	-0.32293165	-1.0048423	0.46028513	0.66726875	1.0	1327	tags=21%, list=13%, signal=24%	
HP_ABNORMAL_CARDIAC_TEST	HP_ABNORMAL_CARDIAC_TEST		51	-0.32275593	-1.0047203	0.44980696	0.6673321	1.0	1935	tags=27%, list=18%, signal=33%	
HP_HEPATIC_FAILURE	HP_HEPATIC_FAILURE		100	-0.286334	-1.0043849	0.42610365	0.6680303	1.0	970	tags=16%, list=9%, signal=17%	
HP_HAND_POLYDACTYLY	HP_HAND_POLYDACTYLY		109	-0.28000915	-1.0043743	0.4396887	0.6677827	1.0	2354	tags=25%, list=22%, signal=32%	
HP_LIPODYSTROPHY	HP_LIPODYSTROPHY		70	-0.30248627	-1.0038241	0.42524272	0.6691384	1.0	1317	tags=19%, list=13%, signal=21%	
GOMF_NAD_BINDING	GOMF_NAD_BINDING		41	-0.33773613	-1.0035181	0.46341464	0.6697735	1.0	1006	tags=15%, list=10%, signal=16%	
GOCC_ANCHORED_COMPONENT_OF_PLASMA_MEMBRANE	GOCC_ANCHORED_COMPONENT_OF_PLASMA_MEMBRANE		17	-0.40102297	-1.0034745	0.44558522	0.6696288	1.0	555	tags=24%, list=5%, signal=25%	
GOBP_VASCULOGENESIS	GOBP_VASCULOGENESIS		35	-0.34009817	-1.0033497	0.45381525	0.6697027	1.0	794	tags=17%, list=8%, signal=18%	
GOBP_FOREBRAIN_CELL_MIGRATION	GOBP_FOREBRAIN_CELL_MIGRATION		26	-0.3671198	-1.0033236	0.44050103	0.6695048	1.0	2793	tags=50%, list=27%, signal=68%	
GOBP_INTERLEUKIN_4_PRODUCTION	GOBP_INTERLEUKIN_4_PRODUCTION		22	-0.3836187	-1.0032752	0.4469697	0.66936433	1.0	484	tags=23%, list=5%, signal=24%	
HP_MYOCLONUS	HP_MYOCLONUS		212	-0.25977543	-1.0029931	0.43186182	0.6698733	1.0	1763	tags=21%, list=17%, signal=25%	
GOBP_POSITIVE_REGULATION_OF_DEVELOPMENTAL_GROWTH	GOBP_POSITIVE_REGULATION_OF_DEVELOPMENTAL_GROWTH		65	-0.30588403	-1.0028855	0.4389313	0.66990435	1.0	2793	tags=40%, list=27%, signal=54%	
GOBP_CHROMOSOME_ORGANIZATION_INVOLVED_IN_MEIOTIC_CELL_CYCLE	GOBP_CHROMOSOME_ORGANIZATION_INVOLVED_IN_MEIOTIC_CELL_CYCLE		37	-0.33778083	-1.0028099	0.46464646	0.669849	1.0	2913	tags=32%, list=28%, signal=45%	
GOMF_14_3_3_PROTEIN_BINDING	GOMF_14_3_3_PROTEIN_BINDING		24	-0.3721377	-1.0027139	0.4556701	0.6698519	1.0	1358	tags=29%, list=13%, signal=33%	
GOBP_CALCIUM_MEDIATED_SIGNALING	GOBP_CALCIUM_MEDIATED_SIGNALING		88	-0.28664386	-1.0026059	0.46360153	0.6699008	1.0	2214	tags=32%, list=21%, signal=40%	
GOMF_NUCLEAR_RECEPTOR_BINDING	GOMF_NUCLEAR_RECEPTOR_BINDING		107	-0.28001148	-1.0025876	0.47887325	0.669674	1.0	1226	tags=18%, list=12%, signal=20%	
GOCC_CLEAVAGE_FURROW	GOCC_CLEAVAGE_FURROW		37	-0.3328794	-1.0022484	0.44878957	0.67039245	1.0	2720	tags=27%, list=26%, signal=36%	
HP_ERYTHRODERMA	HP_ERYTHRODERMA		35	-0.3401327	-1.002009	0.45109782	0.6708478	1.0	1077	tags=23%, list=10%, signal=25%	
GOBP_RESPONSE_TO_ISCHEMIA	GOBP_RESPONSE_TO_ISCHEMIA		32	-0.34850731	-1.0012244	0.45785442	0.6728408	1.0	1006	tags=22%, list=10%, signal=24%	
GOCC_APICAL_PLASMA_MEMBRANE	GOCC_APICAL_PLASMA_MEMBRANE		117	-0.27733785	-1.0009156	0.43977055	0.6734413	1.0	1991	tags=28%, list=19%, signal=34%	
HP_GLIOBLASTOMA_MULTIFORME	HP_GLIOBLASTOMA_MULTIFORME		17	-0.4009925	-1.0008476	0.46015936	0.67335784	1.0	953	tags=12%, list=9%, signal=13%	
HP_MORTALITY_AGING	HP_MORTALITY_AGING		210	-0.25974184	-1.0007267	0.47126436	0.6734372	1.0	1339	tags=15%, list=13%, signal=17%	
GOBP_POSITIVE_REGULATION_OF_GLUCOSE_IMPORT	GOBP_POSITIVE_REGULATION_OF_GLUCOSE_IMPORT		19	-0.39456993	-1.0005634	0.4515464	0.6736384	1.0	1024	tags=21%, list=10%, signal=23%	
HP_CEREBRAL_HEMORRHAGE	HP_CEREBRAL_HEMORRHAGE		44	-0.32616943	-1.0004469	0.45119706	0.67369515	1.0	606	tags=14%, list=6%, signal=14%	
GOBP_COLUMNAR_CUBOIDAL_EPITHELIAL_CELL_DEVELOPMENT	GOBP_COLUMNAR_CUBOIDAL_EPITHELIAL_CELL_DEVELOPMENT		22	-0.3783832	-1.0002178	0.45114344	0.67411774	1.0	2144	tags=32%, list=20%, signal=40%	
GOBP_REGULATION_OF_GLYCOLYTIC_PROCESS	GOBP_REGULATION_OF_GLYCOLYTIC_PROCESS		30	-0.34795916	-1.0000733	0.42578125	0.67425144	1.0	917	tags=17%, list=9%, signal=18%	
HP_HALLUCINATIONS	HP_HALLUCINATIONS		91	-0.28509766	-1.0000284	0.44401544	0.67410374	1.0	1548	tags=21%, list=15%, signal=24%	
HP_ABNORMAL_MITRAL_VALVE_PHYSIOLOGY	HP_ABNORMAL_MITRAL_VALVE_PHYSIOLOGY		86	-0.29027805	-1.0000172	0.4446565	0.6738584	1.0	1479	tags=22%, list=14%, signal=26%	
GOBP_NEGATIVE_REGULATION_OF_CARBOHYDRATE_METABOLIC_PROCESS	GOBP_NEGATIVE_REGULATION_OF_CARBOHYDRATE_METABOLIC_PROCESS		28	-0.36243463	-1.0000018	0.43887776	0.67362833	1.0	917	tags=18%, list=9%, signal=20%	
HP_ABNORMAL_BLISTERING_OF_THE_SKIN	HP_ABNORMAL_BLISTERING_OF_THE_SKIN		58	-0.3096634	-0.9997305	0.45652175	0.6741238	1.0	1547	tags=29%, list=15%, signal=34%	
GOBP_SYNAPSE_ORGANIZATION	GOBP_SYNAPSE_ORGANIZATION		152	-0.26703867	-0.9990554	0.45142856	0.6758174	1.0	1175	tags=16%, list=11%, signal=18%	
HP_NEOPLASM_OF_THE_ORAL_CAVITY	HP_NEOPLASM_OF_THE_ORAL_CAVITY		37	-0.3428668	-0.9986219	0.4529058	0.6768193	1.0	1954	tags=24%, list=19%, signal=30%	
GOBP_POSITIVE_REGULATION_OF_CYSTEINE_TYPE_ENDOPEPTIDASE_ACTIVITY	GOBP_POSITIVE_REGULATION_OF_CYSTEINE_TYPE_ENDOPEPTIDASE_ACTIVITY		86	-0.2897992	-0.99841696	0.46753246	0.6771503	1.0	1241	tags=21%, list=12%, signal=24%	
GOBP_SOMATIC_DIVERSIFICATION_OF_IMMUNE_RECEPTORS	GOBP_SOMATIC_DIVERSIFICATION_OF_IMMUNE_RECEPTORS		63	-0.30773625	-0.99802643	0.46015936	0.67803067	1.0	1253	tags=21%, list=12%, signal=23%	
HP_ABNORMALITY_OF_THE_THORACIC_CAVITY	HP_ABNORMALITY_OF_THE_THORACIC_CAVITY		38	-0.33508277	-0.99777895	0.44990176	0.6784379	1.0	1290	tags=21%, list=12%, signal=24%	
HP_MOTOR_SEIZURE	HP_MOTOR_SEIZURE		221	-0.2569937	-0.99769646	0.44444445	0.6783925	1.0	1319	tags=17%, list=13%, signal=19%	
HP_TALL_STATURE	HP_TALL_STATURE		125	-0.27483124	-0.9975177	0.43418467	0.67864263	1.0	959	tags=14%, list=9%, signal=16%	
HP_PERIPHERAL_AXONAL_DEGENERATION	HP_PERIPHERAL_AXONAL_DEGENERATION		119	-0.27483955	-0.9970739	0.45105568	0.67961705	1.0	1611	tags=20%, list=15%, signal=24%	
GOBP_FOREBRAIN_DEVELOPMENT	GOBP_FOREBRAIN_DEVELOPMENT		157	-0.26451728	-0.9970651	0.45070422	0.67937636	1.0	2197	tags=26%, list=21%, signal=33%	
GOBP_POSITIVE_REGULATION_OF_WNT_SIGNALING_PATHWAY	GOBP_POSITIVE_REGULATION_OF_WNT_SIGNALING_PATHWAY		74	-0.29384226	-0.99683076	0.47128713	0.6798012	1.0	1468	tags=19%, list=14%, signal=22%	
HP_SPECIFIC_LEARNING_DISABILITY	HP_SPECIFIC_LEARNING_DISABILITY		158	-0.26325852	-0.9968307	0.45945945	0.67952716	1.0	1026	tags=14%, list=10%, signal=15%	
GOBP_CAMERA_TYPE_EYE_DEVELOPMENT	GOBP_CAMERA_TYPE_EYE_DEVELOPMENT		115	-0.2761052	-0.9967382	0.43984962	0.6795203	1.0	1908	tags=22%, list=18%, signal=26%	
GOBP_NEGATIVE_REGULATION_OF_WOUND_HEALING	GOBP_NEGATIVE_REGULATION_OF_WOUND_HEALING		18	-0.39429504	-0.9964165	0.4717742	0.68014795	1.0	1303	tags=22%, list=12%, signal=25%	
GOBP_CARBOHYDRATE_CATABOLIC_PROCESS	GOBP_CARBOHYDRATE_CATABOLIC_PROCESS		96	-0.28199476	-0.9961524	0.4765625	0.6806629	1.0	1262	tags=17%, list=12%, signal=19%	
GOBP_AMINO_ACID_TRANSPORT	GOBP_AMINO_ACID_TRANSPORT		64	-0.30510524	-0.9959614	0.4393638	0.6809438	1.0	830	tags=16%, list=8%, signal=17%	
HP_ACNE	HP_ACNE		33	-0.34797367	-0.99583215	0.45542637	0.6810279	1.0	1378	tags=21%, list=13%, signal=24%	
HP_MACROGLOSSIA	HP_MACROGLOSSIA		91	-0.28266707	-0.995707	0.44594595	0.68114257	1.0	1212	tags=18%, list=12%, signal=20%	
GOBP_DENDRITE_MORPHOGENESIS	GOBP_DENDRITE_MORPHOGENESIS		71	-0.29765362	-0.99568003	0.44726562	0.6809473	1.0	1477	tags=21%, list=14%, signal=24%	
GOBP_REGULATION_OF_SYNAPSE_ASSEMBLY	GOBP_REGULATION_OF_SYNAPSE_ASSEMBLY		21	-0.38288733	-0.9950735	0.45703125	0.68242425	1.0	1402	tags=24%, list=13%, signal=27%	
GOBP_MULTICELLULAR_ORGANISMAL_RESPONSE_TO_STRESS	GOBP_MULTICELLULAR_ORGANISMAL_RESPONSE_TO_STRESS		23	-0.36733356	-0.99505335	0.45686275	0.6822046	1.0	77	tags=9%, list=1%, signal=9%	
HP_ECTROPION	HP_ECTROPION		34	-0.3433154	-0.99497056	0.45525292	0.6821686	1.0	549	tags=12%, list=5%, signal=12%	
HP_CAPILLARY_HEMANGIOMA	HP_CAPILLARY_HEMANGIOMA		27	-0.36046714	-0.99484676	0.45182014	0.6822631	1.0	1954	tags=26%, list=19%, signal=32%	
HP_ABNORMAL_STOMACH_MORPHOLOGY	HP_ABNORMAL_STOMACH_MORPHOLOGY		177	-0.26189968	-0.99455905	0.4906015	0.68282443	1.0	1560	tags=18%, list=15%, signal=20%	
HP_OCCIPITAL_ENCEPHALOCELE	HP_OCCIPITAL_ENCEPHALOCELE		20	-0.3801647	-0.99429435	0.45849803	0.6833235	1.0	2927	tags=35%, list=28%, signal=48%	
HP_THICK_NASAL_ALAE	HP_THICK_NASAL_ALAE		27	-0.35320944	-0.99414766	0.45306122	0.68348956	1.0	1560	tags=19%, list=15%, signal=22%	
HP_DECREASED_ADIPOSE_TISSUE	HP_DECREASED_ADIPOSE_TISSUE		30	-0.3499122	-0.9940469	0.45773196	0.6835034	1.0	1468	tags=20%, list=14%, signal=23%	
GOBP_RESPONSE_TO_OSMOTIC_STRESS	GOBP_RESPONSE_TO_OSMOTIC_STRESS		41	-0.33359724	-0.99374413	0.46978557	0.6841023	1.0	1485	tags=29%, list=14%, signal=34%	
HP_ABNORMALITY_OF_THE_AUTONOMIC_NERVOUS_SYSTEM	HP_ABNORMALITY_OF_THE_AUTONOMIC_NERVOUS_SYSTEM		159	-0.26400125	-0.99354696	0.46679688	0.68442667	1.0	1982	tags=21%, list=19%, signal=26%	
GOBP_CLATHRIN_DEPENDENT_ENDOCYTOSIS	GOBP_CLATHRIN_DEPENDENT_ENDOCYTOSIS		37	-0.33614436	-0.9935164	0.4632653	0.6842426	1.0	2119	tags=35%, list=20%, signal=44%	
GOBP_NEGATIVE_REGULATION_OF_REPRODUCTIVE_PROCESS	GOBP_NEGATIVE_REGULATION_OF_REPRODUCTIVE_PROCESS		18	-0.39279696	-0.99328095	0.44190475	0.68466914	1.0	1452	tags=22%, list=14%, signal=26%	
GOBP_REGULATION_OF_NIK_NF_KAPPAB_SIGNALING	GOBP_REGULATION_OF_NIK_NF_KAPPAB_SIGNALING		65	-0.29568368	-0.9927939	0.46107784	0.685763	1.0	1756	tags=26%, list=17%, signal=31%	
GOBP_MACROMOLECULE_DEACYLATION	GOBP_MACROMOLECULE_DEACYLATION		106	-0.27517354	-0.99261254	0.4676806	0.6859747	1.0	1468	tags=16%, list=14%, signal=18%	
GOBP_POSITIVE_REGULATION_OF_PEPTIDYL_TYROSINE_PHOSPHORYLATION	GOBP_POSITIVE_REGULATION_OF_PEPTIDYL_TYROSINE_PHOSPHORYLATION		76	-0.2940243	-0.99253285	0.48051947	0.68594027	1.0	1475	tags=24%, list=14%, signal=27%	
HP_ABNORMALITY_OF_URINE_CALCIUM_CONCENTRATION	HP_ABNORMALITY_OF_URINE_CALCIUM_CONCENTRATION		36	-0.33511105	-0.99246705	0.46900827	0.68585247	1.0	1414	tags=25%, list=13%, signal=29%	
HP_RENAL_DUPLICATION	HP_RENAL_DUPLICATION		21	-0.37376913	-0.99229085	0.47254902	0.68609625	1.0	1808	tags=33%, list=17%, signal=40%	
GOBP_REGULATION_OF_HORMONE_METABOLIC_PROCESS	GOBP_REGULATION_OF_HORMONE_METABOLIC_PROCESS		17	-0.39574158	-0.99214095	0.45833334	0.6862608	1.0	859	tags=24%, list=8%, signal=26%	
HP_ABNORMALITY_OF_THE_GINGIVA	HP_ABNORMALITY_OF_THE_GINGIVA		143	-0.2712198	-0.99205744	0.47534516	0.6862289	1.0	1285	tags=18%, list=12%, signal=20%	
HP_ABNORMAL_SACCADIC_EYE_MOVEMENTS	HP_ABNORMAL_SACCADIC_EYE_MOVEMENTS		57	-0.30512646	-0.99200255	0.48295453	0.68610793	1.0	2220	tags=30%, list=21%, signal=38%	
GOBP_REGULATION_OF_SMOOTH_MUSCLE_CONTRACTION	GOBP_REGULATION_OF_SMOOTH_MUSCLE_CONTRACTION		20	-0.38213667	-0.9918873	0.47758284	0.68615294	1.0	1019	tags=25%, list=10%, signal=28%	
GOBP_APICAL_JUNCTION_ASSEMBLY	GOBP_APICAL_JUNCTION_ASSEMBLY		30	-0.34665743	-0.9918044	0.4431599	0.68612444	1.0	2546	tags=33%, list=24%, signal=44%	
HP_BILATERAL_TONIC_CLONIC_SEIZURE	HP_BILATERAL_TONIC_CLONIC_SEIZURE		174	-0.2619574	-0.9915668	0.48084292	0.6865511	1.0	2178	tags=26%, list=21%, signal=32%	
GOBP_REGULATION_OF_RIG_I_SIGNALING_PATHWAY	GOBP_REGULATION_OF_RIG_I_SIGNALING_PATHWAY		15	-0.41756427	-0.9914833	0.47047246	0.68653065	1.0	1442	tags=33%, list=14%, signal=39%	
GOBP_REGULATION_OF_DNA_BINDING	GOBP_REGULATION_OF_DNA_BINDING		77	-0.29063183	-0.98979795	0.46168584	0.69117	1.0	692	tags=10%, list=7%, signal=11%	
GOCC_CENTROSOME	GOCC_CENTROSOME		478	-0.23548424	-0.9897002	0.5055762	0.69117415	1.0	1687	tags=15%, list=16%, signal=18%	
HP_HETEROTROPIA	HP_HETEROTROPIA		125	-0.27075782	-0.9896609	0.47176686	0.6910133	1.0	2001	tags=22%, list=19%, signal=27%	
GOBP_NEGATIVE_REGULATION_OF_BMP_SIGNALING_PATHWAY	GOBP_NEGATIVE_REGULATION_OF_BMP_SIGNALING_PATHWAY		21	-0.3789467	-0.9896506	0.4831683	0.6907645	1.0	1468	tags=19%, list=14%, signal=22%	
GOBP_POSITIVE_REGULATION_OF_LAMELLIPODIUM_ORGANIZATION	GOBP_POSITIVE_REGULATION_OF_LAMELLIPODIUM_ORGANIZATION		23	-0.37353712	-0.9893556	0.48431373	0.6913479	1.0	1080	tags=17%, list=10%, signal=19%	
GOBP_MICROTUBULE_CYTOSKELETON_ORGANIZATION	GOBP_MICROTUBULE_CYTOSKELETON_ORGANIZATION		393	-0.23853678	-0.9892521	0.5118397	0.6913745	1.0	2072	tags=19%, list=20%, signal=22%	
HP_ABNORMALITY_OF_T_CELL_PHYSIOLOGY	HP_ABNORMALITY_OF_T_CELL_PHYSIOLOGY		36	-0.33676055	-0.98921406	0.469428	0.6912238	1.0	1364	tags=22%, list=13%, signal=25%	
GOMF_MOLECULAR_ADAPTOR_ACTIVITY	GOMF_MOLECULAR_ADAPTOR_ACTIVITY		241	-0.24835828	-0.98907304	0.48473284	0.6913804	1.0	2152	tags=22%, list=20%, signal=28%	
GOBP_DIGESTION	GOBP_DIGESTION		27	-0.34858078	-0.9883566	0.46124032	0.6931966	1.0	2386	tags=37%, list=23%, signal=48%	
GOBP_POSITIVE_REGULATION_OF_LIPID_KINASE_ACTIVITY	GOBP_POSITIVE_REGULATION_OF_LIPID_KINASE_ACTIVITY		16	-0.40036932	-0.98817885	0.48765433	0.69346106	1.0	779	tags=19%, list=7%, signal=20%	
HP_ESOPHAGEAL_NEOPLASM	HP_ESOPHAGEAL_NEOPLASM		15	-0.41067585	-0.9880857	0.4825462	0.6934596	1.0	324	tags=13%, list=3%, signal=14%	
GOCC_CIS_GOLGI_NETWORK	GOCC_CIS_GOLGI_NETWORK		37	-0.3394271	-0.98807496	0.48192772	0.6932129	1.0	1767	tags=24%, list=17%, signal=29%	
GOBP_REGULATION_OF_PHOSPHOLIPID_METABOLIC_PROCESS	GOBP_REGULATION_OF_PHOSPHOLIPID_METABOLIC_PROCESS		22	-0.3727906	-0.9880245	0.48015872	0.6930816	1.0	2455	tags=45%, list=23%, signal=59%	
GOBP_RESPONSE_TO_EPIDERMAL_GROWTH_FACTOR	GOBP_RESPONSE_TO_EPIDERMAL_GROWTH_FACTOR		29	-0.3524872	-0.9877047	0.48125	0.693744	1.0	1758	tags=31%, list=17%, signal=37%	
HP_ABNORMALITY_OF_THE_MIDDLE_EAR	HP_ABNORMALITY_OF_THE_MIDDLE_EAR		333	-0.2430464	-0.98768693	0.4963768	0.69352305	1.0	1988	tags=23%, list=19%, signal=28%	
HP_FREQUENT_FALLS	HP_FREQUENT_FALLS		62	-0.3026789	-0.98741424	0.47924528	0.6940374	1.0	809	tags=15%, list=8%, signal=16%	
HP_LIMITED_ELBOW_MOVEMENT	HP_LIMITED_ELBOW_MOVEMENT		75	-0.29150122	-0.9872341	0.46966732	0.6942494	1.0	1310	tags=15%, list=12%, signal=17%	
GOBP_NEGATIVE_REGULATION_OF_DEFENSE_RESPONSE_TO_VIRUS	GOBP_NEGATIVE_REGULATION_OF_DEFENSE_RESPONSE_TO_VIRUS		20	-0.3772481	-0.9869186	0.4878049	0.6948908	1.0	2071	tags=40%, list=20%, signal=50%	
HP_ABNORMAL_LIGHT_AND_DARK_ADAPTED_ELECTRORETINOGRAM	HP_ABNORMAL_LIGHT_AND_DARK_ADAPTED_ELECTRORETINOGRAM		17	-0.39398742	-0.9868587	0.46723044	0.6947936	1.0	2354	tags=41%, list=22%, signal=53%	
GOBP_THIOESTER_METABOLIC_PROCESS	GOBP_THIOESTER_METABOLIC_PROCESS		60	-0.30447873	-0.98675007	0.47104248	0.69483906	1.0	1543	tags=20%, list=15%, signal=23%	
HP_RIGHT_BUNDLE_BRANCH_BLOCK	HP_RIGHT_BUNDLE_BRANCH_BLOCK		17	-0.4021681	-0.98653245	0.46893787	0.69520617	1.0	1672	tags=29%, list=16%, signal=35%	
HP_OVERGROWTH	HP_OVERGROWTH		21	-0.3790622	-0.9863071	0.46875	0.69558716	1.0	789	tags=14%, list=8%, signal=15%	
HP_APLASIA_HYPOPLASIA_INVOLVING_THE_SKELETAL_MUSCULATURE	HP_APLASIA_HYPOPLASIA_INVOLVING_THE_SKELETAL_MUSCULATURE		24	-0.367152	-0.9862882	0.4765784	0.6953702	1.0	895	tags=17%, list=9%, signal=18%	
GOBP_NEGATIVE_REGULATION_OF_DNA_RECOMBINATION	GOBP_NEGATIVE_REGULATION_OF_DNA_RECOMBINATION		27	-0.35417667	-0.9859349	0.47761193	0.69611466	1.0	599	tags=11%, list=6%, signal=12%	
HP_ABNORMAL_TRICUSPID_VALVE_PHYSIOLOGY	HP_ABNORMAL_TRICUSPID_VALVE_PHYSIOLOGY		33	-0.3397707	-0.9858914	0.4755102	0.6959758	1.0	809	tags=18%, list=8%, signal=20%	
GOBP_B_CELL_APOPTOTIC_PROCESS	GOBP_B_CELL_APOPTOTIC_PROCESS		23	-0.36933878	-0.98583734	0.49414062	0.6958459	1.0	1036	tags=30%, list=10%, signal=34%	
GOMF_CARBOHYDRATE_BINDING	GOMF_CARBOHYDRATE_BINDING		96	-0.2782233	-0.98582304	0.48221344	0.69561625	1.0	1984	tags=24%, list=19%, signal=29%	
HP_NEOPLASM_OF_HEAD_AND_NECK	HP_NEOPLASM_OF_HEAD_AND_NECK		19	-0.38245887	-0.985665	0.4757895	0.6957776	1.0	324	tags=11%, list=3%, signal=11%	
GOBP_NOTCH_SIGNALING_PATHWAY	GOBP_NOTCH_SIGNALING_PATHWAY		91	-0.28116265	-0.98548234	0.49142858	0.69601065	1.0	1438	tags=20%, list=14%, signal=23%	
GOBP_POSITIVE_REGULATION_OF_LIPID_METABOLIC_PROCESS	GOBP_POSITIVE_REGULATION_OF_LIPID_METABOLIC_PROCESS		69	-0.29407072	-0.98532456	0.48618785	0.6962134	1.0	2611	tags=38%, list=25%, signal=50%	
HP_ABNORMAL_SPERMATOGENESIS	HP_ABNORMAL_SPERMATOGENESIS		59	-0.3040104	-0.9850107	0.48197344	0.69684714	1.0	1898	tags=22%, list=18%, signal=27%	
GOBP_AMINO_SUGAR_METABOLIC_PROCESS	GOBP_AMINO_SUGAR_METABOLIC_PROCESS		22	-0.37145317	-0.9843482	0.48418972	0.6984667	1.0	1612	tags=27%, list=15%, signal=32%	
GOBP_EMBRYONIC_SKELETAL_SYSTEM_DEVELOPMENT	GOBP_EMBRYONIC_SKELETAL_SYSTEM_DEVELOPMENT		35	-0.33658606	-0.9841333	0.4507874	0.69881284	1.0	2306	tags=34%, list=22%, signal=44%	
HP_DYSMETRIA	HP_DYSMETRIA		110	-0.2767243	-0.983917	0.4466912	0.6991674	1.0	1548	tags=20%, list=15%, signal=23%	
GOBP_ORGANIC_ACID_CATABOLIC_PROCESS	GOBP_ORGANIC_ACID_CATABOLIC_PROCESS		137	-0.26434445	-0.98327684	0.49312377	0.7007122	1.0	1567	tags=20%, list=15%, signal=23%	
GOBP_MULTICELLULAR_ORGANISM_GROWTH	GOBP_MULTICELLULAR_ORGANISM_GROWTH		80	-0.2844733	-0.98308444	0.47859922	0.7009902	1.0	1204	tags=15%, list=11%, signal=17%	
GOBP_CELLULAR_CARBOHYDRATE_METABOLIC_PROCESS	GOBP_CELLULAR_CARBOHYDRATE_METABOLIC_PROCESS		167	-0.25752217	-0.9829617	0.527881	0.7010983	1.0	1896	tags=22%, list=18%, signal=27%	
GOBP_CEREBRAL_CORTEX_CELL_MIGRATION	GOBP_CEREBRAL_CORTEX_CELL_MIGRATION		20	-0.37378067	-0.9827293	0.47984645	0.7014702	1.0	2745	tags=55%, list=26%, signal=74%	
GOMF_PHOSPHATIDYLINOSITOL_3_KINASE_REGULATOR_ACTIVITY	GOMF_PHOSPHATIDYLINOSITOL_3_KINASE_REGULATOR_ACTIVITY		16	-0.39032087	-0.9826432	0.4857143	0.7014519	1.0	285	tags=13%, list=3%, signal=13%	
GOBP_NEGATIVE_REGULATION_OF_I_KAPPAB_KINASE_NF_KAPPAB_SIGNALING	GOBP_NEGATIVE_REGULATION_OF_I_KAPPAB_KINASE_NF_KAPPAB_SIGNALING		34	-0.33730128	-0.9825497	0.4969697	0.7014583	1.0	1943	tags=21%, list=18%, signal=25%	
GOBP_CARBOHYDRATE_METABOLIC_PROCESS	GOBP_CARBOHYDRATE_METABOLIC_PROCESS		354	-0.2413619	-0.98233515	0.49158877	0.70179933	1.0	1896	tags=21%, list=18%, signal=24%	
HP_ABNORMAL_MENINGEAL_MORPHOLOGY	HP_ABNORMAL_MENINGEAL_MORPHOLOGY		67	-0.2959916	-0.98226815	0.500956	0.7017301	1.0	2055	tags=24%, list=20%, signal=29%	
GOBP_NATURAL_KILLER_CELL_MEDIATED_IMMUNITY	GOBP_NATURAL_KILLER_CELL_MEDIATED_IMMUNITY		37	-0.3236729	-0.98219347	0.47674417	0.7016661	1.0	1500	tags=35%, list=14%, signal=41%	
GOBP_SUPEROXIDE_ANION_GENERATION	GOBP_SUPEROXIDE_ANION_GENERATION		22	-0.37134406	-0.9821189	0.4882353	0.70161676	1.0	1236	tags=27%, list=12%, signal=31%	
GOBP_POSITIVE_REGULATION_OF_NEUTROPHIL_MIGRATION	GOBP_POSITIVE_REGULATION_OF_NEUTROPHIL_MIGRATION		18	-0.3927637	-0.9816011	0.5009862	0.70285076	1.0	1528	tags=33%, list=15%, signal=39%	
GOBP_TELOMERE_CAPPING	GOBP_TELOMERE_CAPPING		35	-0.33213335	-0.9813979	0.4524313	0.70315206	1.0	1214	tags=11%, list=12%, signal=13%	
GOCC_BASOLATERAL_PLASMA_MEMBRANE	GOCC_BASOLATERAL_PLASMA_MEMBRANE		91	-0.27818516	-0.98124063	0.48618785	0.7033325	1.0	1204	tags=21%, list=11%, signal=23%	
HP_FETAL_ULTRASOUND_SOFT_MARKER	HP_FETAL_ULTRASOUND_SOFT_MARKER		66	-0.2947796	-0.98108834	0.47817838	0.7035158	1.0	2001	tags=24%, list=19%, signal=30%	
GOBP_CEREBELLAR_CORTEX_DEVELOPMENT	GOBP_CEREBELLAR_CORTEX_DEVELOPMENT		26	-0.35631457	-0.9801408	0.484	0.7060422	1.0	1743	tags=27%, list=17%, signal=32%	
GOMF_ALPHA_TUBULIN_BINDING	GOMF_ALPHA_TUBULIN_BINDING		21	-0.3697862	-0.9798155	0.4833006	0.70672387	1.0	2576	tags=43%, list=25%, signal=57%	
GOBP_CELLULAR_GLUCAN_METABOLIC_PROCESS	GOBP_CELLULAR_GLUCAN_METABOLIC_PROCESS		38	-0.3303693	-0.97946817	0.4929006	0.70744926	1.0	2518	tags=32%, list=24%, signal=41%	
HP_DEATH_IN_INFANCY	HP_DEATH_IN_INFANCY		128	-0.26831874	-0.97901326	0.49162012	0.7084887	1.0	1743	tags=19%, list=17%, signal=22%	
GOBP_ESTABLISHMENT_OF_TISSUE_POLARITY	GOBP_ESTABLISHMENT_OF_TISSUE_POLARITY		29	-0.35056055	-0.9786291	0.5	0.7093686	1.0	3291	tags=45%, list=31%, signal=65%	
GOBP_POSITIVE_REGULATION_OF_PROTEIN_BINDING	GOBP_POSITIVE_REGULATION_OF_PROTEIN_BINDING		56	-0.3035243	-0.9785583	0.47398844	0.7092983	1.0	1052	tags=18%, list=10%, signal=20%	
GOBP_O_GLYCAN_PROCESSING	GOBP_O_GLYCAN_PROCESSING		27	-0.3521286	-0.97855395	0.5020492	0.70903647	1.0	1374	tags=22%, list=13%, signal=25%	
GOBP_MONOCARBOXYLIC_ACID_METABOLIC_PROCESS	GOBP_MONOCARBOXYLIC_ACID_METABOLIC_PROCESS		292	-0.24424198	-0.9784057	0.53419596	0.7091963	1.0	1585	tags=18%, list=15%, signal=20%	
HP_MALE_REPRODUCTIVE_SYSTEM_NEOPLASM	HP_MALE_REPRODUCTIVE_SYSTEM_NEOPLASM		39	-0.32520053	-0.9783745	0.484556	0.70900875	1.0	1218	tags=15%, list=12%, signal=17%	
HP_INCOORDINATION	HP_INCOORDINATION		136	-0.2637519	-0.97806793	0.5028791	0.7096352	1.0	1272	tags=18%, list=12%, signal=20%	
GOCC_CUL2_RING_UBIQUITIN_LIGASE_COMPLEX	GOCC_CUL2_RING_UBIQUITIN_LIGASE_COMPLEX		16	-0.38683298	-0.97790825	0.48418972	0.7098073	1.0	1495	tags=31%, list=14%, signal=36%	
GOBP_PROTEIN_LOCALIZATION_TO_PHAGOPHORE_ASSEMBLY_SITE	GOBP_PROTEIN_LOCALIZATION_TO_PHAGOPHORE_ASSEMBLY_SITE		16	-0.4027141	-0.9775913	0.49707603	0.710468	1.0	2853	tags=44%, list=27%, signal=60%	
GOBP_DENDRITE_DEVELOPMENT	GOBP_DENDRITE_DEVELOPMENT		115	-0.270595	-0.97747743	0.5009074	0.71053195	1.0	1477	tags=16%, list=14%, signal=18%	
HP_DYSARTHRIA	HP_DYSARTHRIA		360	-0.23812911	-0.97730654	0.50281423	0.710764	1.0	1479	tags=15%, list=14%, signal=17%	
GOBP_CELLULAR_RESPONSE_TO_EXTERNAL_STIMULUS	GOBP_CELLULAR_RESPONSE_TO_EXTERNAL_STIMULUS		190	-0.2552944	-0.97713554	0.5156538	0.71098745	1.0	1591	tags=21%, list=15%, signal=24%	
HP_PREAXIAL_POLYDACTYLY	HP_PREAXIAL_POLYDACTYLY		44	-0.3133097	-0.97701424	0.506	0.71108145	1.0	1954	tags=20%, list=19%, signal=25%	
GOBP_HISTONE_H3_DEACETYLATION	GOBP_HISTONE_H3_DEACETYLATION		16	-0.40221128	-0.97694385	0.488417	0.71100354	1.0	526	tags=13%, list=5%, signal=13%	
GOBP_MORPHOGENESIS_OF_AN_EPITHELIUM	GOBP_MORPHOGENESIS_OF_AN_EPITHELIUM		209	-0.2535911	-0.9765618	0.5214153	0.7118316	1.0	1506	tags=17%, list=14%, signal=19%	
GOBP_RESPONSE_TO_ACID_CHEMICAL	GOBP_RESPONSE_TO_ACID_CHEMICAL		65	-0.29746157	-0.9763866	0.5249042	0.71206117	1.0	1218	tags=15%, list=12%, signal=17%	
GOBP_EMBRYONIC_MORPHOGENESIS	GOBP_EMBRYONIC_MORPHOGENESIS		229	-0.24936968	-0.9761735	0.49808428	0.7123848	1.0	1236	tags=13%, list=12%, signal=14%	
GOMF_EXTRACELLULAR_MATRIX_BINDING	GOMF_EXTRACELLULAR_MATRIX_BINDING		18	-0.38954026	-0.97591174	0.4691849	0.7129038	1.0	1894	tags=28%, list=18%, signal=34%	
GOBP_VESICLE_DOCKING_INVOLVED_IN_EXOCYTOSIS	GOBP_VESICLE_DOCKING_INVOLVED_IN_EXOCYTOSIS		23	-0.3659552	-0.97582424	0.4894068	0.7128829	1.0	1654	tags=35%, list=16%, signal=41%	
GOBP_MALE_MEIOTIC_NUCLEAR_DIVISION	GOBP_MALE_MEIOTIC_NUCLEAR_DIVISION		22	-0.36632794	-0.97560066	0.49042144	0.71323776	1.0	2744	tags=32%, list=26%, signal=43%	
GOBP_TUMOR_NECROSIS_FACTOR_MEDIATED_SIGNALING_PATHWAY	GOBP_TUMOR_NECROSIS_FACTOR_MEDIATED_SIGNALING_PATHWAY		72	-0.288597	-0.9750762	0.49425286	0.7145098	1.0	1044	tags=15%, list=10%, signal=17%	
GOCC_INTRINSIC_COMPONENT_OF_ORGANELLE_MEMBRANE	GOCC_INTRINSIC_COMPONENT_OF_ORGANELLE_MEMBRANE		283	-0.24485183	-0.97505265	0.49239543	0.714301	1.0	1554	tags=20%, list=15%, signal=23%	
HP_NEOPLASM_OF_THE_SKIN	HP_NEOPLASM_OF_THE_SKIN		128	-0.2636195	-0.97414	0.5009597	0.7166743	1.0	1522	tags=17%, list=14%, signal=20%	
HP_MEDIASTINAL_LYMPHADENOPATHY	HP_MEDIASTINAL_LYMPHADENOPATHY		20	-0.37129116	-0.9739263	0.4989899	0.71703154	1.0	1290	tags=30%, list=12%, signal=34%	
GOBP_MONOCYTE_DIFFERENTIATION	GOBP_MONOCYTE_DIFFERENTIATION		19	-0.37569797	-0.9737525	0.506	0.7172656	1.0	1493	tags=26%, list=14%, signal=31%	
HP_GASTROINTESTINAL_OBSTRUCTION	HP_GASTROINTESTINAL_OBSTRUCTION		40	-0.3188723	-0.9735842	0.47115386	0.71747476	1.0	2110	tags=30%, list=20%, signal=37%	
GOBP_CEREBELLAR_PURKINJE_CELL_LAYER_DEVELOPMENT	GOBP_CEREBELLAR_PURKINJE_CELL_LAYER_DEVELOPMENT		15	-0.40565854	-0.9733229	0.50757575	0.7179304	1.0	1549	tags=33%, list=15%, signal=39%	
GOBP_PEROXISOME_ORGANIZATION	GOBP_PEROXISOME_ORGANIZATION		30	-0.34560052	-0.9728827	0.50289017	0.71895266	1.0	2001	tags=30%, list=19%, signal=37%	
HP_ICHTHYOSIS	HP_ICHTHYOSIS		77	-0.28585878	-0.9719996	0.49814126	0.7212851	1.0	1339	tags=16%, list=13%, signal=18%	
HP_VARIABLE_EXPRESSIVITY	HP_VARIABLE_EXPRESSIVITY		166	-0.2570791	-0.97195363	0.5027322	0.72113276	1.0	979	tags=11%, list=9%, signal=12%	
GOBP_PROTEIN_LOCALIZATION_TO_CELL_SURFACE	GOBP_PROTEIN_LOCALIZATION_TO_CELL_SURFACE		41	-0.3193713	-0.97133195	0.48479086	0.7226143	1.0	1418	tags=24%, list=13%, signal=28%	
HP_ABNORMALITY_OF_THE_PERIPHERAL_NERVOUS_SYSTEM	HP_ABNORMALITY_OF_THE_PERIPHERAL_NERVOUS_SYSTEM		235	-0.24929032	-0.9712934	0.5509434	0.7224427	1.0	1982	tags=21%, list=19%, signal=26%	
HP_ABNORMALITY_OF_THE_HEPATIC_VASCULATURE	HP_ABNORMALITY_OF_THE_HEPATIC_VASCULATURE		40	-0.31821817	-0.97116256	0.48210922	0.722534	1.0	595	tags=15%, list=6%, signal=16%	
GOBP_DENDRITIC_CELL_DIFFERENTIATION	GOBP_DENDRITIC_CELL_DIFFERENTIATION		23	-0.36500463	-0.9708646	0.5	0.7231295	1.0	986	tags=26%, list=9%, signal=29%	
GOBP_POSITIVE_REGULATION_OF_B_CELL_PROLIFERATION	GOBP_POSITIVE_REGULATION_OF_B_CELL_PROLIFERATION		29	-0.34062448	-0.97053117	0.51497006	0.72383374	1.0	977	tags=24%, list=9%, signal=27%	
HP_OVERFRIENDLINESS	HP_OVERFRIENDLINESS		18	-0.3838657	-0.97007114	0.5131313	0.7248714	1.0	1808	tags=39%, list=17%, signal=47%	
HP_BENIGN_NEOPLASM_OF_THE_CENTRAL_NERVOUS_SYSTEM	HP_BENIGN_NEOPLASM_OF_THE_CENTRAL_NERVOUS_SYSTEM		66	-0.29030102	-0.9700378	0.49129593	0.72468984	1.0	1743	tags=23%, list=17%, signal=27%	
GOBP_REGULATION_OF_AUTOPHAGY_OF_MITOCHONDRION	GOBP_REGULATION_OF_AUTOPHAGY_OF_MITOCHONDRION		32	-0.3418307	-0.96991014	0.4990366	0.72479856	1.0	862	tags=16%, list=8%, signal=17%	
HP_ABNORMAL_CIRCULATING_HORMONE_CONCENTRATION	HP_ABNORMAL_CIRCULATING_HORMONE_CONCENTRATION		225	-0.24588561	-0.9697102	0.5522388	0.7251018	1.0	2000	tags=24%, list=19%, signal=29%	
GOBP_DEVELOPMENTAL_PIGMENTATION	GOBP_DEVELOPMENTAL_PIGMENTATION		22	-0.36481914	-0.969657	0.49900597	0.7249772	1.0	711	tags=18%, list=7%, signal=19%	
HP_CONTRACTURES_INVOLVING_THE_JOINTS_OF_THE_FEET	HP_CONTRACTURES_INVOLVING_THE_JOINTS_OF_THE_FEET		45	-0.31081772	-0.96964693	0.52380955	0.7247274	1.0	701	tags=13%, list=7%, signal=14%	
HP_ABNORMALITY_OF_THE_METACARPAL_BONES	HP_ABNORMALITY_OF_THE_METACARPAL_BONES		124	-0.26323637	-0.96960163	0.51307845	0.7245718	1.0	1000	tags=14%, list=10%, signal=15%	
HP_NEONATAL_RESPIRATORY_DISTRESS	HP_NEONATAL_RESPIRATORY_DISTRESS		60	-0.2999106	-0.96956915	0.52918285	0.724387	1.0	2053	tags=32%, list=20%, signal=39%	
GOBP_REGULATION_OF_PEPTIDYL_SERINE_PHOSPHORYLATION	GOBP_REGULATION_OF_PEPTIDYL_SERINE_PHOSPHORYLATION		71	-0.28364837	-0.9693313	0.48559672	0.72480094	1.0	1096	tags=17%, list=10%, signal=19%	
HP_ABNORMALITY_OF_THE_CURVATURE_OF_THE_CORNEA	HP_ABNORMALITY_OF_THE_CURVATURE_OF_THE_CORNEA		196	-0.25106853	-0.9687549	0.5228137	0.7262431	1.0	1973	tags=22%, list=19%, signal=27%	
HP_PRENATAL_MOVEMENT_ABNORMALITY	HP_PRENATAL_MOVEMENT_ABNORMALITY		113	-0.2705081	-0.96840256	0.50282484	0.7270223	1.0	625	tags=9%, list=6%, signal=9%	
GOBP_RESPONSE_TO_EXTRACELLULAR_STIMULUS	GOBP_RESPONSE_TO_EXTRACELLULAR_STIMULUS		255	-0.24482505	-0.96797633	0.5559772	0.7279844	1.0	1363	tags=18%, list=13%, signal=20%	
GOBP_CELLULAR_RESPONSE_TO_OSMOTIC_STRESS	GOBP_CELLULAR_RESPONSE_TO_OSMOTIC_STRESS		24	-0.3589441	-0.9677582	0.5	0.7283678	1.0	1485	tags=29%, list=14%, signal=34%	
GOBP_HEPATICOBILIARY_SYSTEM_DEVELOPMENT	GOBP_HEPATICOBILIARY_SYSTEM_DEVELOPMENT		75	-0.29016915	-0.96769077	0.48809522	0.7282937	1.0	1398	tags=21%, list=13%, signal=24%	
GOBP_GLIAL_CELL_DEVELOPMENT	GOBP_GLIAL_CELL_DEVELOPMENT		51	-0.30678853	-0.96766007	0.5080972	0.7281013	1.0	1052	tags=22%, list=10%, signal=24%	
GOBP_CELLULAR_RESPONSE_TO_EXTRACELLULAR_STIMULUS	GOBP_CELLULAR_RESPONSE_TO_EXTRACELLULAR_STIMULUS		155	-0.2543806	-0.9672317	0.5307692	0.72908366	1.0	1591	tags=20%, list=15%, signal=23%	
GOBP_LONG_CHAIN_FATTY_ACID_TRANSPORT	GOBP_LONG_CHAIN_FATTY_ACID_TRANSPORT		27	-0.3501171	-0.96712846	0.52191234	0.7290834	1.0	1543	tags=26%, list=15%, signal=30%	
HP_DELAYED_ABILITY_TO_SIT	HP_DELAYED_ABILITY_TO_SIT		22	-0.3605143	-0.96646553	0.51576996	0.73067605	1.0	2086	tags=32%, list=20%, signal=40%	
GOBP_REGULATION_OF_DENDRITE_MORPHOGENESIS	GOBP_REGULATION_OF_DENDRITE_MORPHOGENESIS		36	-0.3252629	-0.96624714	0.46843177	0.7309936	1.0	1938	tags=22%, list=18%, signal=27%	
HP_PHENOTYPIC_VARIABILITY	HP_PHENOTYPIC_VARIABILITY		218	-0.24711663	-0.96578634	0.5462795	0.73207307	1.0	1272	tags=13%, list=12%, signal=14%	
HP_ABNORMAL_MOTOR_NERVE_CONDUCTION_VELOCITY	HP_ABNORMAL_MOTOR_NERVE_CONDUCTION_VELOCITY		35	-0.3320788	-0.96561956	0.5009488	0.7322698	1.0	788	tags=17%, list=7%, signal=18%	
GOCC_RNA_POLYMERASE_II_TRANSCRIPTION_REGULATOR_COMPLEX	GOCC_RNA_POLYMERASE_II_TRANSCRIPTION_REGULATOR_COMPLEX		177	-0.25307345	-0.9652479	0.54285717	0.73304087	1.0	1024	tags=12%, list=10%, signal=13%	
HP_ABNORMAL_AORTIC_VALVE_MORPHOLOGY	HP_ABNORMAL_AORTIC_VALVE_MORPHOLOGY		106	-0.27223828	-0.9649572	0.5183044	0.7336098	1.0	1934	tags=23%, list=18%, signal=27%	
HP_ABNORMAL_TONGUE_MORPHOLOGY	HP_ABNORMAL_TONGUE_MORPHOLOGY		190	-0.2505159	-0.9648615	0.5628518	0.73360384	1.0	1279	tags=16%, list=12%, signal=18%	
HP_RETINAL_DEGENERATION	HP_RETINAL_DEGENERATION		162	-0.25591505	-0.9648577	0.5288641	0.7333356	1.0	2116	tags=25%, list=20%, signal=30%	
HP_PERIPHERAL_DEMYELINATION	HP_PERIPHERAL_DEMYELINATION		28	-0.34446117	-0.96480286	0.51008064	0.73321867	1.0	670	tags=21%, list=6%, signal=23%	
HP_SHALLOW_ORBITS	HP_SHALLOW_ORBITS		17	-0.38720497	-0.96475405	0.51968503	0.73307604	1.0	594	tags=18%, list=6%, signal=19%	
HP_NEUROFIBROMAS	HP_NEUROFIBROMAS		18	-0.37630355	-0.9647285	0.5214724	0.7328691	1.0	606	tags=17%, list=6%, signal=18%	
HP_MEGALOCORNEA	HP_MEGALOCORNEA		31	-0.3328494	-0.96464515	0.516129	0.73282915	1.0	1195	tags=16%, list=11%, signal=18%	
GOBP_AMYLOID_PRECURSOR_PROTEIN_METABOLIC_PROCESS	GOBP_AMYLOID_PRECURSOR_PROTEIN_METABOLIC_PROCESS		49	-0.30532417	-0.9646151	0.515625	0.7326415	1.0	703	tags=14%, list=7%, signal=15%	
GOBP_NEGATIVE_REGULATION_OF_NIK_NF_KAPPAB_SIGNALING	GOBP_NEGATIVE_REGULATION_OF_NIK_NF_KAPPAB_SIGNALING		18	-0.37673077	-0.96456146	0.50595236	0.7325184	1.0	2396	tags=39%, list=23%, signal=50%	
HP_ANNULAR_PANCREAS	HP_ANNULAR_PANCREAS		16	-0.397007	-0.96419364	0.5126051	0.7333036	1.0	1468	tags=38%, list=14%, signal=44%	
GOBP_CELLULAR_RESPONSE_TO_KETONE	GOBP_CELLULAR_RESPONSE_TO_KETONE		55	-0.29616573	-0.96408224	0.5114504	0.73333114	1.0	1074	tags=20%, list=10%, signal=22%	
GOBP_PROTEIN_POLYUBIQUITINATION	GOBP_PROTEIN_POLYUBIQUITINATION		190	-0.25201768	-0.9640366	0.54043394	0.73316073	1.0	1179	tags=12%, list=11%, signal=13%	
HP_ABNORMALITY_OF_THE_SCROTUM	HP_ABNORMALITY_OF_THE_SCROTUM		92	-0.27192003	-0.9636988	0.55492425	0.7338506	1.0	1308	tags=16%, list=12%, signal=18%	
HP_ABNORMAL_VAGINA_MORPHOLOGY	HP_ABNORMAL_VAGINA_MORPHOLOGY		50	-0.30638364	-0.96368	0.5189621	0.73361725	1.0	1549	tags=20%, list=15%, signal=23%	
GOBP_CARDIAC_VENTRICLE_MORPHOGENESIS	GOBP_CARDIAC_VENTRICLE_MORPHOGENESIS		21	-0.36464608	-0.96347934	0.50384617	0.73391783	1.0	760	tags=19%, list=7%, signal=20%	
GOBP_REGULATION_OF_PHOSPHATIDYLINOSITOL_3_KINASE_ACTIVITY	GOBP_REGULATION_OF_PHOSPHATIDYLINOSITOL_3_KINASE_ACTIVITY		30	-0.3450435	-0.963289	0.50535333	0.7341898	1.0	1232	tags=20%, list=12%, signal=23%	
GOBP_NEGATIVE_REGULATION_OF_PLASMA_MEMBRANE_BOUNDED_CELL_PROJECTION_ASSEMBLY	GOBP_NEGATIVE_REGULATION_OF_PLASMA_MEMBRANE_BOUNDED_CELL_PROJECTION_ASSEMBLY		23	-0.35792774	-0.96296376	0.48096192	0.7348442	1.0	1600	tags=30%, list=15%, signal=36%	
HP_REDUCED_TENDON_REFLEXES	HP_REDUCED_TENDON_REFLEXES		341	-0.23665753	-0.9626188	0.57602865	0.73555404	1.0	1529	tags=16%, list=15%, signal=18%	
GOBP_GLYCOPROTEIN_BIOSYNTHETIC_PROCESS	GOBP_GLYCOPROTEIN_BIOSYNTHETIC_PROCESS		198	-0.2464721	-0.9623122	0.54291046	0.7361595	1.0	923	tags=11%, list=9%, signal=12%	
GOBP_RESPIRATORY_BURST	GOBP_RESPIRATORY_BURST		20	-0.37115052	-0.9618933	0.5252918	0.73710287	1.0	1080	tags=25%, list=10%, signal=28%	
HP_ABNORMALITY_OF_THE_BLADDER	HP_ABNORMALITY_OF_THE_BLADDER		277	-0.23759113	-0.961676	0.56284153	0.737453	1.0	976	tags=12%, list=9%, signal=13%	
HP_PULMONARY_EMBOLISM	HP_PULMONARY_EMBOLISM		18	-0.3823968	-0.961313	0.53373015	0.73823845	1.0	1378	tags=33%, list=13%, signal=38%	
HP_CEREBELLAR_VERMIS_ATROPHY	HP_CEREBELLAR_VERMIS_ATROPHY		20	-0.37473905	-0.9612948	0.501002	0.7380067	1.0	2694	tags=35%, list=26%, signal=47%	
GOBP_PHOSPHOLIPID_CATABOLIC_PROCESS	GOBP_PHOSPHOLIPID_CATABOLIC_PROCESS		27	-0.3462385	-0.9612174	0.5019685	0.737956	1.0	1758	tags=30%, list=17%, signal=35%	
GOMF_PROTEIN_SERINE_THREONINE_KINASE_ACTIVATOR_ACTIVITY	GOMF_PROTEIN_SERINE_THREONINE_KINASE_ACTIVATOR_ACTIVITY		38	-0.3251297	-0.9605779	0.5151515	0.73953056	1.0	2327	tags=26%, list=22%, signal=34%	
HP_ABNORMAL_VERTEBRAL_MORPHOLOGY	HP_ABNORMAL_VERTEBRAL_MORPHOLOGY		247	-0.24399671	-0.9605051	0.56838363	0.7394605	1.0	1955	tags=21%, list=19%, signal=25%	
GOBP_LIPID_OXIDATION	GOBP_LIPID_OXIDATION		69	-0.29234186	-0.96048266	0.51600754	0.73924726	1.0	1509	tags=22%, list=14%, signal=25%	
GOBP_NEUROTROPHIN_SIGNALING_PATHWAY	GOBP_NEUROTROPHIN_SIGNALING_PATHWAY		19	-0.37475738	-0.9604174	0.5120482	0.73915416	1.0	2662	tags=42%, list=25%, signal=56%	
GOBP_POSITIVE_REGULATION_OF_NUCLEAR_DIVISION	GOBP_POSITIVE_REGULATION_OF_NUCLEAR_DIVISION		28	-0.33790728	-0.9598044	0.5235174	0.7406889	1.0	1034	tags=14%, list=10%, signal=16%	
GOBP_POSITIVE_REGULATION_OF_INTRACELLULAR_PROTEIN_TRANSPORT	GOBP_POSITIVE_REGULATION_OF_INTRACELLULAR_PROTEIN_TRANSPORT		119	-0.2658454	-0.95976466	0.5487078	0.7405212	1.0	1812	tags=24%, list=17%, signal=28%	
GOBP_REGULATION_OF_DENDRITIC_SPINE_MORPHOGENESIS	GOBP_REGULATION_OF_DENDRITIC_SPINE_MORPHOGENESIS		23	-0.35708573	-0.9597162	0.5088757	0.74039376	1.0	1463	tags=26%, list=14%, signal=30%	
HP_ABNORMAL_CRY	HP_ABNORMAL_CRY		25	-0.35235906	-0.95968765	0.51450676	0.7401882	1.0	2306	tags=32%, list=22%, signal=41%	
GOBP_NEGATIVE_REGULATION_OF_B_CELL_ACTIVATION	GOBP_NEGATIVE_REGULATION_OF_B_CELL_ACTIVATION		23	-0.3527407	-0.95965123	0.509165	0.7400083	1.0	871	tags=22%, list=8%, signal=24%	
HP_TREMOR	HP_TREMOR		341	-0.23386313	-0.9592875	0.5881326	0.74076396	1.0	1611	tags=18%, list=15%, signal=21%	
HP_ASTIGMATISM	HP_ASTIGMATISM		132	-0.2595594	-0.9592251	0.5547025	0.7406457	1.0	1956	tags=21%, list=19%, signal=26%	
GOBP_GLYCEROPHOSPHOLIPID_CATABOLIC_PROCESS	GOBP_GLYCEROPHOSPHOLIPID_CATABOLIC_PROCESS		17	-0.3828464	-0.95910925	0.5267666	0.74071115	1.0	1499	tags=29%, list=14%, signal=34%	
GOBP_POSITIVE_REGULATION_OF_ORGANIC_ACID_TRANSPORT	GOBP_POSITIVE_REGULATION_OF_ORGANIC_ACID_TRANSPORT		18	-0.3730492	-0.9590219	0.51502144	0.7406964	1.0	1242	tags=22%, list=12%, signal=25%	
GOBP_REGULATION_OF_STEROL_TRANSPORT	GOBP_REGULATION_OF_STEROL_TRANSPORT		27	-0.34857178	-0.958694	0.4888889	0.74136716	1.0	1613	tags=30%, list=15%, signal=35%	
GOCC_APICAL_PART_OF_CELL	GOCC_APICAL_PART_OF_CELL		145	-0.26170108	-0.9583257	0.5780669	0.74215883	1.0	1206	tags=17%, list=11%, signal=19%	
HP_ABNORMALITY_OF_THE_SMALL_INTESTINE	HP_ABNORMALITY_OF_THE_SMALL_INTESTINE		136	-0.2555049	-0.95807385	0.5410156	0.74261	1.0	1948	tags=21%, list=19%, signal=25%	
GOCC_LATERAL_PLASMA_MEMBRANE	GOCC_LATERAL_PLASMA_MEMBRANE		32	-0.33597675	-0.9578527	0.53100777	0.7429455	1.0	2059	tags=41%, list=20%, signal=50%	
GOBP_POSITIVE_REGULATION_OF_INTERFERON_ALPHA_PRODUCTION	GOBP_POSITIVE_REGULATION_OF_INTERFERON_ALPHA_PRODUCTION		15	-0.39474273	-0.95777786	0.5204678	0.74286795	1.0	120	tags=13%, list=1%, signal=13%	
GOBP_NEURAL_CREST_CELL_MIGRATION	GOBP_NEURAL_CREST_CELL_MIGRATION		15	-0.39118168	-0.9576406	0.5058824	0.74299705	1.0	1743	tags=33%, list=17%, signal=40%	
HP_ABNORMAL_PARANASAL_SINUS_MORPHOLOGY	HP_ABNORMAL_PARANASAL_SINUS_MORPHOLOGY		82	-0.2797594	-0.95744264	0.53497165	0.74328846	1.0	2094	tags=30%, list=20%, signal=38%	
HP_ABNORMALITY_OF_EXTRAPYRAMIDAL_MOTOR_FUNCTION	HP_ABNORMALITY_OF_EXTRAPYRAMIDAL_MOTOR_FUNCTION		168	-0.25070858	-0.9573024	0.6085271	0.7434416	1.0	1267	tags=17%, list=12%, signal=19%	
GOBP_SODIUM_ION_HOMEOSTASIS	GOBP_SODIUM_ION_HOMEOSTASIS		15	-0.39782646	-0.9571976	0.51124746	0.74347323	1.0	1991	tags=47%, list=19%, signal=57%	
HP_ABNORMAL_MORPHOLOGY_OF_THE_MUSCULATURE_OF_THE_NECK	HP_ABNORMAL_MORPHOLOGY_OF_THE_MUSCULATURE_OF_THE_NECK		35	-0.32171685	-0.95712173	0.5214844	0.743416	1.0	1862	tags=29%, list=18%, signal=35%	
GOBP_CELL_MIGRATION_INVOLVED_IN_SPROUTING_ANGIOGENESIS	GOBP_CELL_MIGRATION_INVOLVED_IN_SPROUTING_ANGIOGENESIS		27	-0.3399	-0.9570842	0.49382716	0.74323785	1.0	1019	tags=15%, list=10%, signal=16%	
HP_NEPHROCALCINOSIS	HP_NEPHROCALCINOSIS		46	-0.31050754	-0.9560674	0.5256167	0.74592876	1.0	706	tags=13%, list=7%, signal=14%	
HP_DISPROPORTIONATE_TALL_STATURE	HP_DISPROPORTIONATE_TALL_STATURE		56	-0.29439238	-0.9556605	0.52589643	0.7468291	1.0	930	tags=14%, list=9%, signal=16%	
GOMF_GTPASE_ACTIVITY	GOMF_GTPASE_ACTIVITY		195	-0.24720174	-0.9551903	0.6076923	0.74789625	1.0	1726	tags=20%, list=16%, signal=23%	
GOBP_AMYLOID_BETA_FORMATION	GOBP_AMYLOID_BETA_FORMATION		32	-0.3281058	-0.9550493	0.5318725	0.7480364	1.0	582	tags=16%, list=6%, signal=16%	
HP_ALOPECIA_OF_SCALP	HP_ALOPECIA_OF_SCALP		19	-0.3643358	-0.95496696	0.5	0.7480178	1.0	513	tags=16%, list=5%, signal=17%	
GOBP_INTRINSIC_APOPTOTIC_SIGNALING_PATHWAY_IN_RESPONSE_TO_OXIDATIVE_STRESS	GOBP_INTRINSIC_APOPTOTIC_SIGNALING_PATHWAY_IN_RESPONSE_TO_OXIDATIVE_STRESS		35	-0.32605308	-0.95379496	0.54027504	0.75114787	1.0	1680	tags=26%, list=16%, signal=31%	
HP_METAPHYSEAL_DYSPLASIA	HP_METAPHYSEAL_DYSPLASIA		20	-0.37537897	-0.95317054	0.5330739	0.7526494	1.0	141	tags=10%, list=1%, signal=10%	
GOBP_RESPONSE_TO_PROSTAGLANDIN	GOBP_RESPONSE_TO_PROSTAGLANDIN		15	-0.38656166	-0.9530869	0.52671754	0.7526161	1.0	760	tags=20%, list=7%, signal=22%	
GOBP_CAMP_MEDIATED_SIGNALING	GOBP_CAMP_MEDIATED_SIGNALING		16	-0.38165665	-0.952805	0.51626897	0.7531252	1.0	2074	tags=44%, list=20%, signal=54%	
GOBP_REGULATION_OF_MYOBLAST_DIFFERENTIATION	GOBP_REGULATION_OF_MYOBLAST_DIFFERENTIATION		25	-0.3475396	-0.9527115	0.5355731	0.75310886	1.0	1920	tags=32%, list=18%, signal=39%	
HP_ABNORMALITY_OF_THE_RADIAL_HEAD	HP_ABNORMALITY_OF_THE_RADIAL_HEAD		28	-0.34016302	-0.9526872	0.54990214	0.75288785	1.0	1560	tags=21%, list=15%, signal=25%	
GOBP_NEGATIVE_REGULATION_OF_PROTEOLYSIS	GOBP_NEGATIVE_REGULATION_OF_PROTEOLYSIS		142	-0.25583583	-0.9525916	0.55252916	0.7528922	1.0	1281	tags=15%, list=12%, signal=17%	
HP_THORACIC_HYPOPLASIA	HP_THORACIC_HYPOPLASIA		81	-0.28169855	-0.9521791	0.56614786	0.75380677	1.0	1795	tags=25%, list=17%, signal=30%	
HP_ABNORMALITY_OF_THE_PYLORUS	HP_ABNORMALITY_OF_THE_PYLORUS		82	-0.2777138	-0.9521783	0.5482042	0.7535261	1.0	1769	tags=21%, list=17%, signal=25%	
GOBP_REGULATION_OF_FIBROBLAST_MIGRATION	GOBP_REGULATION_OF_FIBROBLAST_MIGRATION		22	-0.35805163	-0.9521304	0.5235294	0.7534106	1.0	392	tags=9%, list=4%, signal=9%	
GOBP_CELL_KILLING	GOBP_CELL_KILLING		75	-0.28427705	-0.95186865	0.55705994	0.75389844	1.0	1528	tags=25%, list=15%, signal=29%	
HP_ABNORMAL_STERNUM_MORPHOLOGY	HP_ABNORMAL_STERNUM_MORPHOLOGY		262	-0.2404554	-0.9518533	0.61048687	0.7536645	1.0	1961	tags=21%, list=19%, signal=25%	
HP_EEG_WITH_FOCAL_EPILEPTIFORM_DISCHARGES	HP_EEG_WITH_FOCAL_EPILEPTIFORM_DISCHARGES		87	-0.2719807	-0.9517438	0.54307115	0.75373113	1.0	1548	tags=21%, list=15%, signal=24%	
HP_ABNORMAL_FEMALE_REPRODUCTIVE_SYSTEM_PHYSIOLOGY	HP_ABNORMAL_FEMALE_REPRODUCTIVE_SYSTEM_PHYSIOLOGY		170	-0.24972586	-0.9511928	0.59332025	0.75507563	1.0	1927	tags=24%, list=18%, signal=28%	
HP_ACUTE_CORONARY_SYNDROME	HP_ACUTE_CORONARY_SYNDROME		44	-0.31115854	-0.9510854	0.5461847	0.75510776	1.0	1505	tags=25%, list=14%, signal=29%	
HP_FALLS	HP_FALLS		18	-0.36762875	-0.9509334	0.5111562	0.75524145	1.0	1472	tags=28%, list=14%, signal=32%	
GOBP_THIOESTER_BIOSYNTHETIC_PROCESS	GOBP_THIOESTER_BIOSYNTHETIC_PROCESS		34	-0.32284433	-0.9508919	0.5495146	0.75508016	1.0	1041	tags=15%, list=10%, signal=16%	
GOBP_DEVELOPMENTAL_PROCESS_INVOLVED_IN_REPRODUCTION	GOBP_DEVELOPMENTAL_PROCESS_INVOLVED_IN_REPRODUCTION		394	-0.22912988	-0.950863	0.6163873	0.7548889	1.0	1969	tags=20%, list=19%, signal=24%	
GOCC_NUCLEAR_MEMBRANE	GOCC_NUCLEAR_MEMBRANE		205	-0.24591433	-0.95059854	0.5951941	0.7553835	1.0	1145	tags=14%, list=11%, signal=16%	
GOBP_REGULATION_OF_CYTOKINESIS	GOBP_REGULATION_OF_CYTOKINESIS		66	-0.28704745	-0.9504209	0.55378485	0.755614	1.0	2576	tags=27%, list=25%, signal=36%	
HP_ABNORMAL_CIRCULATING_LONG_CHAIN_FATTY_ACID_CONCENTRATION	HP_ABNORMAL_CIRCULATING_LONG_CHAIN_FATTY_ACID_CONCENTRATION		17	-0.3831143	-0.95023257	0.55353534	0.7558598	1.0	2001	tags=24%, list=19%, signal=29%	
GOBP_OSTEOCLAST_DIFFERENTIATION	GOBP_OSTEOCLAST_DIFFERENTIATION		51	-0.3026975	-0.9500176	0.55278313	0.7561819	1.0	1212	tags=18%, list=12%, signal=20%	
GOBP_NEGATIVE_REGULATION_OF_JNK_CASCADE	GOBP_NEGATIVE_REGULATION_OF_JNK_CASCADE		22	-0.35602847	-0.94982314	0.5264188	0.7564445	1.0	973	tags=18%, list=9%, signal=20%	
HP_THIN_SKIN	HP_THIN_SKIN		49	-0.3024321	-0.94921696	0.5516569	0.7578874	1.0	2270	tags=27%, list=22%, signal=34%	
HP_CONTRACTURES_OF_THE_JOINTS_OF_THE_LOWER_LIMBS	HP_CONTRACTURES_OF_THE_JOINTS_OF_THE_LOWER_LIMBS		114	-0.2657864	-0.94882303	0.57789856	0.75873977	1.0	1095	tags=15%, list=10%, signal=16%	
HP_LIMB_GIRDLE_MUSCLE_ATROPHY	HP_LIMB_GIRDLE_MUSCLE_ATROPHY		23	-0.35319865	-0.9486926	0.5403846	0.7588563	1.0	1704	tags=26%, list=16%, signal=31%	
HP_MUSCLE_HYPERTROPHY_OF_THE_LOWER_EXTREMITIES	HP_MUSCLE_HYPERTROPHY_OF_THE_LOWER_EXTREMITIES		22	-0.36274505	-0.9483665	0.5337187	0.75951916	1.0	568	tags=18%, list=5%, signal=19%	
GOBP_ISOPRENOID_METABOLIC_PROCESS	GOBP_ISOPRENOID_METABOLIC_PROCESS		47	-0.3054017	-0.9479793	0.5547025	0.76035845	1.0	1268	tags=19%, list=12%, signal=22%	
GOBP_POSITIVE_REGULATION_OF_LEUKOCYTE_CHEMOTAXIS	GOBP_POSITIVE_REGULATION_OF_LEUKOCYTE_CHEMOTAXIS		42	-0.30824736	-0.94749486	0.54851484	0.76149625	1.0	1756	tags=29%, list=17%, signal=34%	
GOBP_MITOTIC_G2_DNA_DAMAGE_CHECKPOINT_SIGNALING	GOBP_MITOTIC_G2_DNA_DAMAGE_CHECKPOINT_SIGNALING		28	-0.33962473	-0.9474874	0.5257937	0.7612388	1.0	1183	tags=14%, list=11%, signal=16%	
GOBP_EMBRYONIC_CRANIAL_SKELETON_MORPHOGENESIS	GOBP_EMBRYONIC_CRANIAL_SKELETON_MORPHOGENESIS		21	-0.36924168	-0.94682276	0.5409836	0.76282555	1.0	414	tags=14%, list=4%, signal=15%	
GOMF_CYSTEINE_TYPE_ENDOPEPTIDASE_ACTIVITY	GOMF_CYSTEINE_TYPE_ENDOPEPTIDASE_ACTIVITY		71	-0.2799784	-0.9467901	0.54423076	0.7626516	1.0	1081	tags=15%, list=10%, signal=17%	
GOBP_NEGATIVE_REGULATION_OF_HISTONE_METHYLATION	GOBP_NEGATIVE_REGULATION_OF_HISTONE_METHYLATION		17	-0.37473655	-0.94672805	0.5267327	0.7625293	1.0	1308	tags=29%, list=12%, signal=34%	
GOMF_TRANSCRIPTION_COREGULATOR_BINDING	GOMF_TRANSCRIPTION_COREGULATOR_BINDING		79	-0.2813565	-0.94662076	0.57389635	0.76252604	1.0	1422	tags=16%, list=14%, signal=19%	
HP_CENTRAL_SCOTOMA	HP_CENTRAL_SCOTOMA		15	-0.3918865	-0.94656235	0.56198347	0.76241404	1.0	703	tags=13%, list=7%, signal=14%	
GOBP_SMALL_MOLECULE_CATABOLIC_PROCESS	GOBP_SMALL_MOLECULE_CATABOLIC_PROCESS		210	-0.24688348	-0.9464626	0.6029144	0.7624155	1.0	1509	tags=19%, list=14%, signal=21%	
GOBP_SMOOTHENED_SIGNALING_PATHWAY	GOBP_SMOOTHENED_SIGNALING_PATHWAY		76	-0.27863672	-0.9462292	0.5625	0.7627995	1.0	2373	tags=25%, list=23%, signal=32%	
GOBP_TYPE_I_INTERFERON_PRODUCTION	GOBP_TYPE_I_INTERFERON_PRODUCTION		74	-0.28345126	-0.9462053	0.5650485	0.762594	1.0	722	tags=14%, list=7%, signal=14%	
GOBP_REGULATION_OF_MITOCHONDRIAL_FISSION	GOBP_REGULATION_OF_MITOCHONDRIAL_FISSION		20	-0.37042803	-0.94597167	0.51958764	0.7630193	1.0	645	tags=10%, list=6%, signal=11%	
HP_ABNORMAL_FACIAL_EXPRESSION	HP_ABNORMAL_FACIAL_EXPRESSION		91	-0.26858965	-0.9459331	0.576779	0.7628514	1.0	1458	tags=19%, list=14%, signal=22%	
HP_ABNORMAL_GALLBLADDER_MORPHOLOGY	HP_ABNORMAL_GALLBLADDER_MORPHOLOGY		56	-0.29673228	-0.94553787	0.55252916	0.7636984	1.0	1402	tags=21%, list=13%, signal=25%	
GOMF_PROTEIN_PHOSPHATASE_2A_BINDING	GOMF_PROTEIN_PHOSPHATASE_2A_BINDING		19	-0.36739922	-0.94490486	0.55578095	0.7652523	1.0	677	tags=11%, list=6%, signal=11%	
GOBP_MYOBLAST_DIFFERENTIATION	GOBP_MYOBLAST_DIFFERENTIATION		40	-0.3092793	-0.94487953	0.5412668	0.76504725	1.0	1920	tags=30%, list=18%, signal=37%	
HP_ABNORMAL_MACULAR_MORPHOLOGY	HP_ABNORMAL_MACULAR_MORPHOLOGY		86	-0.2733256	-0.9448683	0.57	0.7647972	1.0	2181	tags=29%, list=21%, signal=36%	
GOBP_ANIMAL_ORGAN_REGENERATION	GOBP_ANIMAL_ORGAN_REGENERATION		36	-0.32028654	-0.94466215	0.5345529	0.76510173	1.0	970	tags=19%, list=9%, signal=21%	
GOBP_ASTROCYTE_DIFFERENTIATION	GOBP_ASTROCYTE_DIFFERENTIATION		36	-0.31403834	-0.9444613	0.5425743	0.7654209	1.0	1033	tags=19%, list=10%, signal=21%	
GOBP_CELLULAR_RESPONSE_TO_CARBOHYDRATE_STIMULUS	GOBP_CELLULAR_RESPONSE_TO_CARBOHYDRATE_STIMULUS		73	-0.28231394	-0.94434977	0.5544747	0.76545495	1.0	1579	tags=19%, list=15%, signal=22%	
GOMF_BETA_TUBULIN_BINDING	GOMF_BETA_TUBULIN_BINDING		31	-0.33126897	-0.9443271	0.5426945	0.7652394	1.0	1315	tags=13%, list=13%, signal=15%	
GOBP_POSITIVE_REGULATION_OF_GLUCOSE_METABOLIC_PROCESS	GOBP_POSITIVE_REGULATION_OF_GLUCOSE_METABOLIC_PROCESS		21	-0.3585861	-0.9443135	0.55289423	0.76499677	1.0	1132	tags=24%, list=11%, signal=27%	
HP_METRORRHAGIA	HP_METRORRHAGIA		15	-0.38858113	-0.94406915	0.55419225	0.7654188	1.0	1241	tags=40%, list=12%, signal=45%	
GOCC_NON_MOTILE_CILIUM	GOCC_NON_MOTILE_CILIUM		63	-0.2873192	-0.9440281	0.5841393	0.76525563	1.0	2556	tags=29%, list=24%, signal=38%	
HP_FEMALE_REPRODUCTIVE_SYSTEM_NEOPLASM	HP_FEMALE_REPRODUCTIVE_SYSTEM_NEOPLASM		45	-0.30622676	-0.9430658	0.55984557	0.76777583	1.0	1269	tags=16%, list=12%, signal=18%	
GOBP_POSITIVE_REGULATION_OF_DENDRITE_MORPHOGENESIS	GOBP_POSITIVE_REGULATION_OF_DENDRITE_MORPHOGENESIS		21	-0.35612273	-0.94306	0.5436508	0.767513	1.0	969	tags=14%, list=9%, signal=16%	
HP_VENTRICULAR_TACHYCARDIA	HP_VENTRICULAR_TACHYCARDIA		21	-0.3552657	-0.94287574	0.5218254	0.7677558	1.0	1935	tags=38%, list=18%, signal=47%	
GOBP_MITOTIC_SPINDLE_ASSEMBLY	GOBP_MITOTIC_SPINDLE_ASSEMBLY		57	-0.29184425	-0.9425172	0.5612648	0.76850253	1.0	952	tags=14%, list=9%, signal=15%	
GOBP_MORPHOGENESIS_OF_A_POLARIZED_EPITHELIUM	GOBP_MORPHOGENESIS_OF_A_POLARIZED_EPITHELIUM		42	-0.30787665	-0.9425095	0.557652	0.768245	1.0	1506	tags=17%, list=14%, signal=19%	
HP_POSTAXIAL_FOOT_POLYDACTYLY	HP_POSTAXIAL_FOOT_POLYDACTYLY		42	-0.30430123	-0.9424259	0.55125725	0.76820976	1.0	2311	tags=26%, list=22%, signal=33%	
GOBP_VENTRICULAR_SEPTUM_DEVELOPMENT	GOBP_VENTRICULAR_SEPTUM_DEVELOPMENT		34	-0.3183257	-0.9423096	0.558952	0.76825213	1.0	1855	tags=29%, list=18%, signal=36%	
HP_ABNORMAL_PERIVENTRICULAR_WHITE_MATTER_MORPHOLOGY	HP_ABNORMAL_PERIVENTRICULAR_WHITE_MATTER_MORPHOLOGY		81	-0.27833542	-0.94193506	0.57593685	0.76904565	1.0	1548	tags=15%, list=15%, signal=17%	
HP_TALIPES_EQUINOVARUS	HP_TALIPES_EQUINOVARUS		180	-0.24784575	-0.9417514	0.6193078	0.76927567	1.0	2346	tags=25%, list=22%, signal=32%	
HP_HYPOPLASIA_OF_THE_BRAINSTEM	HP_HYPOPLASIA_OF_THE_BRAINSTEM		55	-0.29268563	-0.94127804	0.5568182	0.7703467	1.0	1531	tags=15%, list=15%, signal=17%	
HP_FOCAL_EMOTIONAL_SEIZURE	HP_FOCAL_EMOTIONAL_SEIZURE		25	-0.3477956	-0.9412513	0.53939396	0.77014023	1.0	1967	tags=36%, list=19%, signal=44%	
GOBP_POSITIVE_REGULATION_OF_MYELOID_LEUKOCYTE_CYTOKINE_PRODUCTION_INVOLVED_IN_IMMUNE_RESPONSE	GOBP_POSITIVE_REGULATION_OF_MYELOID_LEUKOCYTE_CYTOKINE_PRODUCTION_INVOLVED_IN_IMMUNE_RESPONSE		15	-0.3921973	-0.9407368	0.5302714	0.77132595	1.0	1225	tags=40%, list=12%, signal=45%	
GOCC_CLATHRIN_COATED_PIT	GOCC_CLATHRIN_COATED_PIT		47	-0.2985557	-0.9406932	0.5433404	0.77117443	1.0	2564	tags=38%, list=24%, signal=50%	
GOBP_POSITIVE_REGULATION_OF_EPITHELIAL_CELL_DIFFERENTIATION	GOBP_POSITIVE_REGULATION_OF_EPITHELIAL_CELL_DIFFERENTIATION		19	-0.3628829	-0.9406787	0.55010223	0.77092934	1.0	2185	tags=32%, list=21%, signal=40%	
HP_ABNORMAL_URINE_PROTEIN_LEVEL	HP_ABNORMAL_URINE_PROTEIN_LEVEL		129	-0.25566456	-0.94061315	0.60076773	0.7708234	1.0	1502	tags=17%, list=14%, signal=20%	
HP_CHRONIC_SINUSITIS	HP_CHRONIC_SINUSITIS		16	-0.38261858	-0.94059247	0.54042554	0.7706035	1.0	2053	tags=50%, list=20%, signal=62%	
HP_WEAKNESS_DUE_TO_UPPER_MOTOR_NEURON_DYSFUNCTION	HP_WEAKNESS_DUE_TO_UPPER_MOTOR_NEURON_DYSFUNCTION		315	-0.2324497	-0.94026643	0.67164177	0.7712538	1.0	1522	tags=17%, list=14%, signal=19%	
GOBP_SUPEROXIDE_METABOLIC_PROCESS	GOBP_SUPEROXIDE_METABOLIC_PROCESS		36	-0.319685	-0.94021475	0.5463511	0.7711177	1.0	1236	tags=22%, list=12%, signal=25%	
GOBP_APOPTOTIC_SIGNALING_PATHWAY	GOBP_APOPTOTIC_SIGNALING_PATHWAY		390	-0.225951	-0.9401255	0.6697588	0.7710856	1.0	1241	tags=13%, list=12%, signal=15%	
HP_DEMENTIA	HP_DEMENTIA		118	-0.2646158	-0.93978745	0.59638554	0.7717764	1.0	1181	tags=15%, list=11%, signal=17%	
GOBP_HIPPOCAMPUS_DEVELOPMENT	GOBP_HIPPOCAMPUS_DEVELOPMENT		45	-0.30589414	-0.9395118	0.5562249	0.77231115	1.0	1895	tags=20%, list=18%, signal=24%	
HP_TYPE_II_DIABETES_MELLITUS	HP_TYPE_II_DIABETES_MELLITUS		85	-0.27083623	-0.9393606	0.6096154	0.7724686	1.0	2474	tags=29%, list=24%, signal=38%	
GOMF_TRANSCRIPTION_COREGULATOR_ACTIVITY	GOMF_TRANSCRIPTION_COREGULATOR_ACTIVITY		376	-0.22718279	-0.93899643	0.6902174	0.77320397	1.0	1565	tags=16%, list=15%, signal=18%	
HP_INTELLECTUAL_DISABILITY_MILD	HP_INTELLECTUAL_DISABILITY_MILD		273	-0.23605962	-0.93897957	0.63685155	0.7729651	1.0	1944	tags=21%, list=18%, signal=25%	
GOBP_NEGATIVE_REGULATION_OF_CELL_CYCLE_PROCESS	GOBP_NEGATIVE_REGULATION_OF_CELL_CYCLE_PROCESS		209	-0.24187626	-0.9389041	0.6517691	0.77290314	1.0	1317	tags=11%, list=13%, signal=13%	
GOBP_AGING	GOBP_AGING		174	-0.24672852	-0.938826	0.61584157	0.7728679	1.0	1259	tags=16%, list=12%, signal=17%	
GOBP_NEURAL_NUCLEUS_DEVELOPMENT	GOBP_NEURAL_NUCLEUS_DEVELOPMENT		32	-0.32561207	-0.9384565	0.54969573	0.77363116	1.0	1013	tags=16%, list=10%, signal=17%	
GOBP_GLYCOLIPID_BIOSYNTHETIC_PROCESS	GOBP_GLYCOLIPID_BIOSYNTHETIC_PROCESS		48	-0.29907566	-0.9384134	0.560396	0.77348065	1.0	1993	tags=29%, list=19%, signal=36%	
GOBP_DIOL_BIOSYNTHETIC_PROCESS	GOBP_DIOL_BIOSYNTHETIC_PROCESS		15	-0.3891829	-0.9383739	0.53815264	0.7733248	1.0	1397	tags=27%, list=13%, signal=31%	
GOBP_NEGATIVE_REGULATION_OF_EPITHELIAL_CELL_APOPTOTIC_PROCESS	GOBP_NEGATIVE_REGULATION_OF_EPITHELIAL_CELL_APOPTOTIC_PROCESS		22	-0.3497328	-0.937837	0.5502846	0.7745777	1.0	1024	tags=23%, list=10%, signal=25%	
GOBP_NEGATIVE_REGULATION_OF_LOCOMOTION	GOBP_NEGATIVE_REGULATION_OF_LOCOMOTION		135	-0.25423762	-0.9376258	0.6072797	0.77491224	1.0	1024	tags=16%, list=10%, signal=17%	
HP_APLASIA_HYPOPLASIA_INVOLVING_THE_VERTEBRAL_COLUMN	HP_APLASIA_HYPOPLASIA_INVOLVING_THE_VERTEBRAL_COLUMN		39	-0.31628817	-0.937566	0.5652174	0.77480084	1.0	1903	tags=23%, list=18%, signal=28%	
GOMF_GTPASE_BINDING	GOMF_GTPASE_BINDING		210	-0.24065897	-0.9375581	0.66179156	0.7745416	1.0	2005	tags=24%, list=19%, signal=29%	
GOBP_RESPONSE_TO_REACTIVE_OXYGEN_SPECIES	GOBP_RESPONSE_TO_REACTIVE_OXYGEN_SPECIES		116	-0.26083905	-0.9354388	0.6269531	0.78023106	1.0	1717	tags=21%, list=16%, signal=24%	
GOBP_NEGATIVE_REGULATION_OF_STRESS_ACTIVATED_PROTEIN_KINASE_SIGNALING_CASCADE	GOBP_NEGATIVE_REGULATION_OF_STRESS_ACTIVATED_PROTEIN_KINASE_SIGNALING_CASCADE		31	-0.3263968	-0.93543285	0.5632184	0.7799618	1.0	1204	tags=19%, list=11%, signal=22%	
HP_SEVERE_COMBINED_IMMUNODEFICIENCY	HP_SEVERE_COMBINED_IMMUNODEFICIENCY		17	-0.37949756	-0.9350689	0.56007755	0.78070575	1.0	1253	tags=29%, list=12%, signal=33%	
GOBP_REGULATION_OF_GENE_SILENCING_BY_RNA	GOBP_REGULATION_OF_GENE_SILENCING_BY_RNA		37	-0.3158806	-0.9349801	0.5551402	0.7806754	1.0	917	tags=14%, list=9%, signal=15%	
GOBP_CARDIAC_CHAMBER_DEVELOPMENT	GOBP_CARDIAC_CHAMBER_DEVELOPMENT		65	-0.28562236	-0.9344011	0.5921569	0.7820255	1.0	1898	tags=28%, list=18%, signal=34%	
HP_INTESTINAL_POLYP	HP_INTESTINAL_POLYP		48	-0.30366015	-0.93431526	0.5614754	0.7819853	1.0	976	tags=13%, list=9%, signal=14%	
GOBP_ACETYL_COA_METABOLIC_PROCESS	GOBP_ACETYL_COA_METABOLIC_PROCESS		25	-0.3429968	-0.93427926	0.582397	0.78181154	1.0	714	tags=12%, list=7%, signal=13%	
HP_ABNORMAL_ILIUM_MORPHOLOGY	HP_ABNORMAL_ILIUM_MORPHOLOGY		61	-0.28570288	-0.93314147	0.5730337	0.7847932	1.0	2001	tags=25%, list=19%, signal=30%	
GOBP_REGULATION_OF_ENDOPLASMIC_RETICULUM_UNFOLDED_PROTEIN_RESPONSE	GOBP_REGULATION_OF_ENDOPLASMIC_RETICULUM_UNFOLDED_PROTEIN_RESPONSE		24	-0.34397742	-0.9329731	0.55236137	0.7849816	1.0	573	tags=13%, list=5%, signal=13%	
GOBP_HAIR_CELL_DIFFERENTIATION	GOBP_HAIR_CELL_DIFFERENTIATION		19	-0.36427003	-0.9326328	0.5546875	0.785647	1.0	804	tags=16%, list=8%, signal=17%	
GOBP_MYD88_DEPENDENT_TOLL_LIKE_RECEPTOR_SIGNALING_PATHWAY	GOBP_MYD88_DEPENDENT_TOLL_LIKE_RECEPTOR_SIGNALING_PATHWAY		16	-0.3743905	-0.932077	0.5351812	0.78696775	1.0	1248	tags=25%, list=12%, signal=28%	
GOBP_MULTICELLULAR_ORGANISM_REPRODUCTION	GOBP_MULTICELLULAR_ORGANISM_REPRODUCTION		345	-0.22914357	-0.9315342	0.73422563	0.7881874	1.0	1347	tags=13%, list=13%, signal=14%	
HP_SENSORIMOTOR_NEUROPATHY	HP_SENSORIMOTOR_NEUROPATHY		52	-0.28982466	-0.9313055	0.5927419	0.7885466	1.0	1478	tags=17%, list=14%, signal=20%	
GOBP_RESPONSE_TO_VITAMIN	GOBP_RESPONSE_TO_VITAMIN		32	-0.32394812	-0.93124485	0.5736434	0.7884318	1.0	904	tags=19%, list=9%, signal=20%	
HP_SHORT_ATTENTION_SPAN	HP_SHORT_ATTENTION_SPAN		286	-0.23187414	-0.9310929	0.67324954	0.7885524	1.0	1939	tags=20%, list=18%, signal=24%	
GOBP_SYNAPTIC_TRANSMISSION_GABAERGIC	GOBP_SYNAPTIC_TRANSMISSION_GABAERGIC		19	-0.36221468	-0.9308998	0.5281553	0.78884083	1.0	1242	tags=16%, list=12%, signal=18%	
GOBP_REGULATION_OF_TISSUE_REMODELING	GOBP_REGULATION_OF_TISSUE_REMODELING		35	-0.3169264	-0.92986125	0.57281554	0.7915584	1.0	335	tags=11%, list=3%, signal=12%	
GOBP_STEROID_BIOSYNTHETIC_PROCESS	GOBP_STEROID_BIOSYNTHETIC_PROCESS		83	-0.26707172	-0.9298017	0.63261294	0.7914226	1.0	2611	tags=27%, list=25%, signal=35%	
HP_ABNORMAL_PERIPHERAL_NERVOUS_SYSTEM_MORPHOLOGY	HP_ABNORMAL_PERIPHERAL_NERVOUS_SYSTEM_MORPHOLOGY		335	-0.22755441	-0.9296324	0.71666664	0.7916321	1.0	1529	tags=17%, list=15%, signal=19%	
HP_PERIORBITAL_EDEMA	HP_PERIORBITAL_EDEMA		64	-0.28331792	-0.9296219	0.5980198	0.79137486	1.0	1259	tags=19%, list=12%, signal=21%	
HP_ABNORMALITY_OF_SKULL_OSSIFICATION	HP_ABNORMALITY_OF_SKULL_OSSIFICATION		31	-0.32356235	-0.9292935	0.582846	0.79201984	1.0	1955	tags=35%, list=19%, signal=43%	
HP_HYPOPLASIA_OF_THE_ODONTOID_PROCESS	HP_HYPOPLASIA_OF_THE_ODONTOID_PROCESS		18	-0.3603905	-0.9282938	0.5652174	0.7945364	1.0	438	tags=11%, list=4%, signal=12%	
HP_ABNORMALITY_OF_SKIN_PIGMENTATION	HP_ABNORMALITY_OF_SKIN_PIGMENTATION		340	-0.22850402	-0.92797625	0.7277677	0.79516244	1.0	1414	tags=15%, list=13%, signal=16%	
GOBP_NEGATIVE_REGULATION_OF_SIGNALING_RECEPTOR_ACTIVITY	GOBP_NEGATIVE_REGULATION_OF_SIGNALING_RECEPTOR_ACTIVITY		22	-0.35234305	-0.9274022	0.5833333	0.796516	1.0	2481	tags=36%, list=24%, signal=48%	
HP_ACUTE_PHASE_RESPONSE	HP_ACUTE_PHASE_RESPONSE		83	-0.27158633	-0.9272015	0.61452514	0.7968082	1.0	1248	tags=22%, list=12%, signal=24%	
HP_ATTENUATION_OF_RETINAL_BLOOD_VESSELS	HP_ATTENUATION_OF_RETINAL_BLOOD_VESSELS		25	-0.34496585	-0.92706	0.57528955	0.7969369	1.0	1113	tags=20%, list=11%, signal=22%	
HP_VARICOSE_VEINS	HP_VARICOSE_VEINS		15	-0.38180858	-0.926979	0.56707317	0.7968671	1.0	1502	tags=33%, list=14%, signal=39%	
GOBP_REGULATION_OF_ATP_METABOLIC_PROCESS	GOBP_REGULATION_OF_ATP_METABOLIC_PROCESS		57	-0.28424126	-0.92689705	0.5833333	0.7968078	1.0	976	tags=14%, list=9%, signal=15%	
GOBP_CHROMOSOME_LOCALIZATION	GOBP_CHROMOSOME_LOCALIZATION		74	-0.27466047	-0.9267637	0.61714286	0.796893	1.0	1788	tags=22%, list=17%, signal=26%	
HP_FATIGABLE_WEAKNESS_OF_SKELETAL_MUSCLES	HP_FATIGABLE_WEAKNESS_OF_SKELETAL_MUSCLES		16	-0.37853682	-0.9266715	0.5419223	0.7968683	1.0	174	tags=6%, list=2%, signal=6%	
GOCC_TRANSPORTER_COMPLEX	GOCC_TRANSPORTER_COMPLEX		142	-0.24979082	-0.92658895	0.619137	0.79682094	1.0	2060	tags=24%, list=20%, signal=29%	
GOBP_POSITIVE_REGULATION_OF_FAT_CELL_DIFFERENTIATION	GOBP_POSITIVE_REGULATION_OF_FAT_CELL_DIFFERENTIATION		30	-0.31813225	-0.9264382	0.598778	0.79698426	1.0	1348	tags=20%, list=13%, signal=23%	
HP_ABNORMAL_MUSCLE_FIBER_TYPE_DISTRIBUTION	HP_ABNORMAL_MUSCLE_FIBER_TYPE_DISTRIBUTION		23	-0.34574953	-0.9264374	0.56935817	0.7967015	1.0	568	tags=13%, list=5%, signal=14%	
HP_RECURRENT_URINARY_TRACT_INFECTIONS	HP_RECURRENT_URINARY_TRACT_INFECTIONS		91	-0.26423386	-0.9263834	0.6289308	0.7965725	1.0	1506	tags=14%, list=14%, signal=17%	
HP_ABNORMALLY_FOLDED_HELIX	HP_ABNORMALLY_FOLDED_HELIX		41	-0.30894184	-0.9259272	0.59807694	0.7976089	1.0	821	tags=12%, list=8%, signal=13%	
GOBP_LYMPHOCYTE_COSTIMULATION	GOBP_LYMPHOCYTE_COSTIMULATION		30	-0.32685024	-0.9256795	0.56584364	0.7980449	1.0	515	tags=13%, list=5%, signal=14%	
GOCC_COATED_VESICLE	GOCC_COATED_VESICLE		176	-0.23916079	-0.9255247	0.6733945	0.79819167	1.0	2369	tags=25%, list=23%, signal=32%	
HP_MOTOR_POLYNEUROPATHY	HP_MOTOR_POLYNEUROPATHY		20	-0.35269916	-0.9253353	0.574	0.7984129	1.0	1181	tags=25%, list=11%, signal=28%	
HP_HAND_MUSCLE_WEAKNESS	HP_HAND_MUSCLE_WEAKNESS		16	-0.37807664	-0.9248699	0.5702306	0.79943657	1.0	2536	tags=38%, list=24%, signal=49%	
HP_ABNORMAL_CIRCULATING_PROTEIN_CONCENTRATION	HP_ABNORMAL_CIRCULATING_PROTEIN_CONCENTRATION		336	-0.22856265	-0.9246832	0.7176259	0.7996904	1.0	1414	tags=17%, list=13%, signal=19%	
GOBP_DIGESTIVE_SYSTEM_PROCESS	GOBP_DIGESTIVE_SYSTEM_PROCESS		25	-0.33393112	-0.9246668	0.5714286	0.7994538	1.0	2386	tags=36%, list=23%, signal=46%	
HP_FOCAL_ONSET_SEIZURE	HP_FOCAL_ONSET_SEIZURE		183	-0.2399071	-0.92465085	0.6826923	0.7992113	1.0	1579	tags=18%, list=15%, signal=21%	
HP_PROMINENT_SUPRAORBITAL_RIDGES	HP_PROMINENT_SUPRAORBITAL_RIDGES		23	-0.34746453	-0.9244413	0.56557375	0.79951155	1.0	1212	tags=17%, list=12%, signal=20%	
HP_SHORT_RIBS	HP_SHORT_RIBS		41	-0.31581134	-0.9241238	0.5714286	0.8001468	1.0	1795	tags=29%, list=17%, signal=35%	
HP_CHRONIC_DIARRHEA	HP_CHRONIC_DIARRHEA		56	-0.2894578	-0.9240187	0.59619045	0.80016136	1.0	2144	tags=36%, list=20%, signal=45%	
HP_MYOGLOBINURIA	HP_MYOGLOBINURIA		21	-0.35292202	-0.92390114	0.56666666	0.80020076	1.0	1215	tags=19%, list=12%, signal=21%	
HP_ABNORMALITY_OF_BONE_MINERAL_DENSITY	HP_ABNORMALITY_OF_BONE_MINERAL_DENSITY		328	-0.22658741	-0.92383695	0.74358976	0.80009544	1.0	1903	tags=20%, list=18%, signal=24%	
HP_HYPERPIGMENTATION_OF_THE_SKIN	HP_HYPERPIGMENTATION_OF_THE_SKIN		249	-0.23430784	-0.923754	0.6902174	0.8000231	1.0	1522	tags=15%, list=14%, signal=17%	
GOBP_MONOCYTE_CHEMOTAXIS	GOBP_MONOCYTE_CHEMOTAXIS		17	-0.37091875	-0.92366827	0.56063616	0.7999871	1.0	473	tags=12%, list=5%, signal=12%	
HP_ABNORMALITY_OF_ADRENAL_PHYSIOLOGY	HP_ABNORMALITY_OF_ADRENAL_PHYSIOLOGY		76	-0.27307376	-0.923647	0.6087824	0.7997577	1.0	1611	tags=22%, list=15%, signal=26%	
GOBP_REGULATION_OF_MULTICELLULAR_ORGANISM_GROWTH	GOBP_REGULATION_OF_MULTICELLULAR_ORGANISM_GROWTH		35	-0.31640625	-0.9235523	0.59363294	0.79972607	1.0	2001	tags=29%, list=19%, signal=35%	
GOBP_GLANDULAR_EPITHELIAL_CELL_DIFFERENTIATION	GOBP_GLANDULAR_EPITHELIAL_CELL_DIFFERENTIATION		19	-0.3599231	-0.9231947	0.5692308	0.8004475	1.0	1743	tags=26%, list=17%, signal=31%	
HP_ARTERIAL_STENOSIS	HP_ARTERIAL_STENOSIS		53	-0.2896309	-0.9229446	0.5964567	0.8008888	1.0	1211	tags=19%, list=12%, signal=21%	
HP_BROAD_PHILTRUM	HP_BROAD_PHILTRUM		29	-0.32505164	-0.9229393	0.56978965	0.80061585	1.0	1636	tags=17%, list=16%, signal=20%	
GOBP_REGULATION_OF_PROTEIN_AUTOPHOSPHORYLATION	GOBP_REGULATION_OF_PROTEIN_AUTOPHOSPHORYLATION		25	-0.3407876	-0.9227944	0.5782609	0.8007363	1.0	2684	tags=40%, list=26%, signal=54%	
GOBP_MORPHOGENESIS_OF_A_BRANCHING_STRUCTURE	GOBP_MORPHOGENESIS_OF_A_BRANCHING_STRUCTURE		65	-0.28190196	-0.9226343	0.6055227	0.800886	1.0	974	tags=12%, list=9%, signal=13%	
GOBP_ENDOCHONDRAL_BONE_MORPHOGENESIS	GOBP_ENDOCHONDRAL_BONE_MORPHOGENESIS		21	-0.35065147	-0.9224081	0.56653225	0.80123335	1.0	2311	tags=43%, list=22%, signal=55%	
GOBP_NEGATIVE_REGULATION_OF_NUCLEOCYTOPLASMIC_TRANSPORT	GOBP_NEGATIVE_REGULATION_OF_NUCLEOCYTOPLASMIC_TRANSPORT		15	-0.37368596	-0.92213976	0.55327106	0.80171174	1.0	1712	tags=27%, list=16%, signal=32%	
GOBP_PHOTORECEPTOR_CELL_MAINTENANCE	GOBP_PHOTORECEPTOR_CELL_MAINTENANCE		17	-0.37169003	-0.9220012	0.57831323	0.8018062	1.0	519	tags=12%, list=5%, signal=12%	
HP_ABNORMALITY_OF_EXOCRINE_PANCREAS_PHYSIOLOGY	HP_ABNORMALITY_OF_EXOCRINE_PANCREAS_PHYSIOLOGY		27	-0.33262485	-0.9216639	0.5875486	0.80246025	1.0	2255	tags=30%, list=21%, signal=38%	
GOBP_RESPONSE_TO_XENOBIOTIC_STIMULUS	GOBP_RESPONSE_TO_XENOBIOTIC_STIMULUS		173	-0.24394616	-0.92156696	0.66972476	0.80245	1.0	1658	tags=20%, list=16%, signal=24%	
GOBP_NEGATIVE_REGULATION_OF_DNA_BINDING_TRANSCRIPTION_FACTOR_ACTIVITY	GOBP_NEGATIVE_REGULATION_OF_DNA_BINDING_TRANSCRIPTION_FACTOR_ACTIVITY		110	-0.25703928	-0.92142695	0.64299065	0.802573	1.0	607	tags=10%, list=6%, signal=11%	
GOBP_REGULATION_OF_SIGNALING_RECEPTOR_ACTIVITY	GOBP_REGULATION_OF_SIGNALING_RECEPTOR_ACTIVITY		62	-0.28319293	-0.9212689	0.61013645	0.80272377	1.0	1861	tags=26%, list=18%, signal=31%	
HP_URETERAL_OBSTRUCTION	HP_URETERAL_OBSTRUCTION		17	-0.3793144	-0.92101586	0.5605469	0.8031538	1.0	1953	tags=24%, list=19%, signal=29%	
HP_THIN_RIBS	HP_THIN_RIBS		25	-0.33552656	-0.9209994	0.5645472	0.802909	1.0	1673	tags=28%, list=16%, signal=33%	
GOMF_SUMO_TRANSFERASE_ACTIVITY	GOMF_SUMO_TRANSFERASE_ACTIVITY		18	-0.35601524	-0.9206883	0.5711382	0.8034968	1.0	2677	tags=39%, list=25%, signal=52%	
HP_ABNORMALITY_OF_THE_MUSCULATURE_OF_THE_UPPER_LIMBS	HP_ABNORMALITY_OF_THE_MUSCULATURE_OF_THE_UPPER_LIMBS		126	-0.25320756	-0.9206638	0.6397638	0.80327964	1.0	821	tags=11%, list=8%, signal=12%	
HP_CRANIOSYNOSTOSIS	HP_CRANIOSYNOSTOSIS		115	-0.2526325	-0.92054594	0.64915574	0.8033206	1.0	2144	tags=23%, list=20%, signal=28%	
GOCC_P_BODY	GOCC_P_BODY		68	-0.2765758	-0.9204372	0.61182994	0.80334306	1.0	604	tags=10%, list=6%, signal=11%	
HP_ABNORMAL_PHALANGEAL_JOINT_MORPHOLOGY_OF_THE_HAND	HP_ABNORMAL_PHALANGEAL_JOINT_MORPHOLOGY_OF_THE_HAND		116	-0.25217587	-0.9204133	0.6293436	0.8031258	1.0	1560	tags=17%, list=15%, signal=20%	
HP_ABNORMALITY_OF_FEMALE_EXTERNAL_GENITALIA	HP_ABNORMALITY_OF_FEMALE_EXTERNAL_GENITALIA		95	-0.25875673	-0.9203022	0.651751	0.80316526	1.0	2875	tags=33%, list=27%, signal=45%	
GOBP_PLACENTA_BLOOD_VESSEL_DEVELOPMENT	GOBP_PLACENTA_BLOOD_VESSEL_DEVELOPMENT		15	-0.3791177	-0.9202767	0.55220884	0.8029463	1.0	8	tags=7%, list=0%, signal=7%	
GOBP_RESPONSE_TO_FIBROBLAST_GROWTH_FACTOR	GOBP_RESPONSE_TO_FIBROBLAST_GROWTH_FACTOR		40	-0.3068935	-0.91984904	0.59879035	0.803852	1.0	974	tags=15%, list=9%, signal=16%	
HP_ACANTHOSIS_NIGRICANS	HP_ACANTHOSIS_NIGRICANS		29	-0.32665437	-0.91973346	0.5761079	0.803897	1.0	2476	tags=34%, list=24%, signal=45%	
HP_HIGH_HYPERMETROPIA	HP_HIGH_HYPERMETROPIA		43	-0.2996485	-0.919719	0.6076923	0.8036567	1.0	2108	tags=28%, list=20%, signal=35%	
GOBP_REGULATION_OF_COAGULATION	GOBP_REGULATION_OF_COAGULATION		23	-0.34109348	-0.91970366	0.58653843	0.8034224	1.0	1303	tags=30%, list=12%, signal=35%	
GOBP_POSITIVE_REGULATION_OF_TYROSINE_PHOSPHORYLATION_OF_STAT_PROTEIN	GOBP_POSITIVE_REGULATION_OF_TYROSINE_PHOSPHORYLATION_OF_STAT_PROTEIN		26	-0.3368306	-0.91961116	0.5917526	0.8034142	1.0	1286	tags=27%, list=12%, signal=31%	
GOBP_REGULATION_OF_CELLULAR_RESPONSE_TO_STRESS	GOBP_REGULATION_OF_CELLULAR_RESPONSE_TO_STRESS		455	-0.22085516	-0.9190661	0.7794677	0.80464184	1.0	1248	tags=13%, list=12%, signal=14%	
HP_COLOR_VISION_DEFECT	HP_COLOR_VISION_DEFECT		40	-0.30582204	-0.9190026	0.59099805	0.80454236	1.0	2181	tags=30%, list=21%, signal=38%	
HP_ABNORMAL_HEART_VALVE_MORPHOLOGY	HP_ABNORMAL_HEART_VALVE_MORPHOLOGY		209	-0.23744509	-0.91894245	0.69384056	0.8044292	1.0	1961	tags=20%, list=19%, signal=24%	
GOBP_RESPONSE_TO_DSRNA	GOBP_RESPONSE_TO_DSRNA		29	-0.3256294	-0.9189131	0.5816733	0.80423766	1.0	877	tags=17%, list=8%, signal=19%	
GOBP_SOMITE_DEVELOPMENT	GOBP_SOMITE_DEVELOPMENT		30	-0.3277288	-0.9183074	0.59960157	0.8056103	1.0	1854	tags=30%, list=18%, signal=36%	
GOCC_CELL_DIVISION_SITE	GOCC_CELL_DIVISION_SITE		44	-0.30089492	-0.9182676	0.630303	0.80544275	1.0	2720	tags=23%, list=26%, signal=31%	
GOBP_RESPONSE_TO_AMINE	GOBP_RESPONSE_TO_AMINE		18	-0.35952282	-0.9182538	0.5939394	0.80519205	1.0	2872	tags=44%, list=27%, signal=61%	
GOBP_PROTEIN_DEPHOSPHORYLATION	GOBP_PROTEIN_DEPHOSPHORYLATION		204	-0.23630273	-0.91801447	0.69343066	0.805567	1.0	662	tags=9%, list=6%, signal=9%	
HP_INCREASED_CIRCULATING_IGA_LEVEL	HP_INCREASED_CIRCULATING_IGA_LEVEL		15	-0.3889119	-0.91769916	0.5954825	0.8061488	1.0	1522	tags=33%, list=14%, signal=39%	
GOBP_ENDOPLASMIC_RETICULUM_TO_CYTOSOL_TRANSPORT	GOBP_ENDOPLASMIC_RETICULUM_TO_CYTOSOL_TRANSPORT		23	-0.34269372	-0.91754645	0.5714286	0.8063074	1.0	1897	tags=30%, list=18%, signal=37%	
GOBP_NEGATIVE_REGULATION_OF_TRANSFORMING_GROWTH_FACTOR_BETA_RECEPTOR_SIGNALING_PATHWAY	GOBP_NEGATIVE_REGULATION_OF_TRANSFORMING_GROWTH_FACTOR_BETA_RECEPTOR_SIGNALING_PATHWAY		41	-0.30215552	-0.9174601	0.6296296	0.80625623	1.0	760	tags=12%, list=7%, signal=13%	
HP_ENCEPHALOCELE	HP_ENCEPHALOCELE		64	-0.2773129	-0.91733575	0.6084453	0.80634767	1.0	1279	tags=16%, list=12%, signal=18%	
HP_ABNORMAL_RENAL_PHYSIOLOGY	HP_ABNORMAL_RENAL_PHYSIOLOGY		379	-0.22180842	-0.9170416	0.7763636	0.8068903	1.0	1502	tags=16%, list=14%, signal=18%	
HP_ABNORMALITY_OF_THE_5TH_TOE	HP_ABNORMALITY_OF_THE_5TH_TOE		52	-0.28419074	-0.916952	0.62015504	0.80686945	1.0	1908	tags=25%, list=18%, signal=30%	
GOBP_PALLIUM_DEVELOPMENT	GOBP_PALLIUM_DEVELOPMENT		85	-0.26343074	-0.91682047	0.6482214	0.8069461	1.0	2055	tags=22%, list=20%, signal=28%	
HP_GLIOMA	HP_GLIOMA		33	-0.31514215	-0.9167357	0.6019608	0.806899	1.0	1927	tags=21%, list=18%, signal=26%	
HP_PULMONARY_ARTERY_DILATATION	HP_PULMONARY_ARTERY_DILATATION		35	-0.31235415	-0.91644245	0.5947581	0.80745333	1.0	844	tags=14%, list=8%, signal=15%	
GOBP_NEGATIVE_REGULATION_OF_ADAPTIVE_IMMUNE_RESPONSE	GOBP_NEGATIVE_REGULATION_OF_ADAPTIVE_IMMUNE_RESPONSE		33	-0.3137287	-0.9162199	0.6073501	0.807793	1.0	765	tags=18%, list=7%, signal=20%	
HP_GENITAL_NEOPLASM	HP_GENITAL_NEOPLASM		94	-0.26028305	-0.9160395	0.6557692	0.8080258	1.0	1502	tags=16%, list=14%, signal=18%	
HP_ANHIDROSIS	HP_ANHIDROSIS		17	-0.3746272	-0.91573703	0.5686654	0.8085694	1.0	3894	tags=65%, list=37%, signal=103%	
HP_ABNORMALITY_OF_THE_SUPRAORBITAL_RIDGES	HP_ABNORMALITY_OF_THE_SUPRAORBITAL_RIDGES		58	-0.28409228	-0.9156601	0.634	0.80849415	1.0	1339	tags=17%, list=13%, signal=20%	
GOBP_CELLULAR_RESPONSE_TO_HYDROGEN_PEROXIDE	GOBP_CELLULAR_RESPONSE_TO_HYDROGEN_PEROXIDE		51	-0.2888331	-0.9156029	0.61328125	0.8083664	1.0	1680	tags=22%, list=16%, signal=26%	
HP_HEPATOMEGALY	HP_HEPATOMEGALY		360	-0.22351737	-0.9153308	0.789272	0.8088187	1.0	1402	tags=17%, list=13%, signal=19%	
GOBP_AMYLOID_BETA_METABOLIC_PROCESS	GOBP_AMYLOID_BETA_METABOLIC_PROCESS		35	-0.3114018	-0.91516465	0.60194176	0.8089954	1.0	582	tags=14%, list=6%, signal=15%	
HP_ABNORMALITY_OF_THE_AMNIOTIC_FLUID	HP_ABNORMALITY_OF_THE_AMNIOTIC_FLUID		236	-0.23444329	-0.9150833	0.7563851	0.8089451	1.0	1724	tags=19%, list=16%, signal=22%	
HP_ABNORMAL_BRAINSTEM_MORPHOLOGY	HP_ABNORMAL_BRAINSTEM_MORPHOLOGY		178	-0.2418643	-0.91406155	0.7067961	0.8114425	1.0	1317	tags=15%, list=13%, signal=16%	
GOBP_CELLULAR_RESPONSE_TO_DEXAMETHASONE_STIMULUS	GOBP_CELLULAR_RESPONSE_TO_DEXAMETHASONE_STIMULUS		17	-0.36366338	-0.91402364	0.58502024	0.8112594	1.0	1435	tags=29%, list=14%, signal=34%	
GOMF_PHOSPHOTYROSINE_RESIDUE_BINDING	GOMF_PHOSPHOTYROSINE_RESIDUE_BINDING		31	-0.32240734	-0.9135853	0.6051188	0.81215644	1.0	2481	tags=39%, list=24%, signal=51%	
HP_GASTROINTESTINAL_ATRESIA	HP_GASTROINTESTINAL_ATRESIA		45	-0.2938583	-0.9135636	0.59879035	0.8119329	1.0	1898	tags=18%, list=18%, signal=22%	
HP_TRUNCAL_ATAXIA	HP_TRUNCAL_ATAXIA		38	-0.30523664	-0.91307867	0.61054766	0.8129518	1.0	2029	tags=29%, list=19%, signal=36%	
HP_MYOCLONIC_SEIZURE	HP_MYOCLONIC_SEIZURE		111	-0.25093514	-0.91274786	0.6541502	0.8135755	1.0	1272	tags=16%, list=12%, signal=18%	
GOBP_POSITIVE_REGULATION_OF_INTRACELLULAR_TRANSPORT	GOBP_POSITIVE_REGULATION_OF_INTRACELLULAR_TRANSPORT		147	-0.24172646	-0.9124026	0.69758815	0.8142595	1.0	1812	tags=23%, list=17%, signal=28%	
HP_IRRITABILITY	HP_IRRITABILITY		129	-0.25011092	-0.9121054	0.6933333	0.8148195	1.0	1433	tags=16%, list=14%, signal=19%	
HP_ABNORMALITY_OF_THE_HYPOTHALAMUS_PITUITARY_AXIS	HP_ABNORMALITY_OF_THE_HYPOTHALAMUS_PITUITARY_AXIS		196	-0.23579027	-0.912044	0.7221172	0.814694	1.0	1743	tags=16%, list=17%, signal=19%	
HP_SCHIZOPHRENIA	HP_SCHIZOPHRENIA		33	-0.3079066	-0.9119389	0.61657035	0.8146843	1.0	670	tags=15%, list=6%, signal=16%	
GOBP_GAMETE_GENERATION	GOBP_GAMETE_GENERATION		293	-0.22791043	-0.911868	0.7581574	0.81460214	1.0	879	tags=10%, list=8%, signal=10%	
GOBP_GASTRULATION	GOBP_GASTRULATION		76	-0.26819822	-0.9117577	0.6284047	0.8146105	1.0	1604	tags=20%, list=15%, signal=23%	
GOMF_TRANSCRIPTION_COACTIVATOR_BINDING	GOMF_TRANSCRIPTION_COACTIVATOR_BINDING		34	-0.3120982	-0.91168696	0.5973025	0.8145256	1.0	1422	tags=18%, list=14%, signal=20%	
GOBP_ACTIVATED_T_CELL_PROLIFERATION	GOBP_ACTIVATED_T_CELL_PROLIFERATION		27	-0.32430708	-0.9116341	0.60365856	0.8143932	1.0	1130	tags=22%, list=11%, signal=25%	
HP_SEVERE_POSTNATAL_GROWTH_RETARDATION	HP_SEVERE_POSTNATAL_GROWTH_RETARDATION		29	-0.32600886	-0.9114242	0.60685486	0.81470644	1.0	1161	tags=21%, list=11%, signal=23%	
HP_DIFFICULTY_CLIMBING_STAIRS	HP_DIFFICULTY_CLIMBING_STAIRS		32	-0.31940156	-0.9112512	0.5974026	0.81489414	1.0	809	tags=13%, list=8%, signal=14%	
HP_VENOUS_INSUFFICIENCY	HP_VENOUS_INSUFFICIENCY		21	-0.35086727	-0.9111222	0.55600816	0.81496745	1.0	1502	tags=29%, list=14%, signal=33%	
HP_ABNORMALITY_OF_THE_TONGUE	HP_ABNORMALITY_OF_THE_TONGUE		239	-0.23297457	-0.9111091	0.72432435	0.8147202	1.0	1339	tags=16%, list=13%, signal=18%	
HP_AGENESIS_OF_CORPUS_CALLOSUM	HP_AGENESIS_OF_CORPUS_CALLOSUM		197	-0.23665754	-0.91094285	0.7297297	0.8149146	1.0	1560	tags=15%, list=15%, signal=18%	
GOBP_HEMATOPOIETIC_PROGENITOR_CELL_DIFFERENTIATION	GOBP_HEMATOPOIETIC_PROGENITOR_CELL_DIFFERENTIATION		73	-0.2661793	-0.91056263	0.6460905	0.8156535	1.0	1024	tags=16%, list=10%, signal=18%	
HP_ABNORMAL_CHOROID_MORPHOLOGY	HP_ABNORMAL_CHOROID_MORPHOLOGY		94	-0.2592185	-0.910155	0.69	0.8164688	1.0	2065	tags=23%, list=20%, signal=29%	
HP_JUVENILE_ONSET	HP_JUVENILE_ONSET		95	-0.25600725	-0.9095981	0.6582031	0.817703	1.0	1751	tags=21%, list=17%, signal=25%	
GOMF_CARBOHYDRATE_DERIVATIVE_TRANSMEMBRANE_TRANSPORTER_ACTIVITY	GOMF_CARBOHYDRATE_DERIVATIVE_TRANSMEMBRANE_TRANSPORTER_ACTIVITY		38	-0.30451167	-0.9092078	0.61100566	0.81848466	1.0	1120	tags=18%, list=11%, signal=21%	
HP_HAMMERTOE	HP_HAMMERTOE		27	-0.3293901	-0.90888005	0.61237115	0.81912965	1.0	1712	tags=33%, list=16%, signal=40%	
GOBP_ENDOTHELIAL_CELL_PROLIFERATION	GOBP_ENDOTHELIAL_CELL_PROLIFERATION		61	-0.27722818	-0.9088787	0.6113281	0.81885034	1.0	917	tags=15%, list=9%, signal=16%	
GOBP_PROTEIN_LOCALIZATION_TO_SYNAPSE	GOBP_PROTEIN_LOCALIZATION_TO_SYNAPSE		27	-0.32507473	-0.90887636	0.5928144	0.8185729	1.0	1652	tags=19%, list=16%, signal=22%	
GOBP_DETECTION_OF_LIGHT_STIMULUS	GOBP_DETECTION_OF_LIGHT_STIMULUS		15	-0.36753967	-0.9088357	0.59356135	0.818394	1.0	396	tags=13%, list=4%, signal=14%	
HP_ABNORMAL_ORAL_FRENULUM_MORPHOLOGY	HP_ABNORMAL_ORAL_FRENULUM_MORPHOLOGY		31	-0.31794816	-0.90860474	0.6033835	0.8187269	1.0	1000	tags=16%, list=10%, signal=18%	
HP_ABNORMAL_NERVOUS_SYSTEM_ELECTROPHYSIOLOGY	HP_ABNORMAL_NERVOUS_SYSTEM_ELECTROPHYSIOLOGY		402	-0.22046885	-0.9085372	0.8071161	0.8186251	1.0	1636	tags=18%, list=16%, signal=20%	
GOBP_CRANIAL_SKELETAL_SYSTEM_DEVELOPMENT	GOBP_CRANIAL_SKELETAL_SYSTEM_DEVELOPMENT		33	-0.31069958	-0.9083626	0.62236285	0.8188025	1.0	414	tags=9%, list=4%, signal=9%	
GOBP_ENDOCRINE_PANCREAS_DEVELOPMENT	GOBP_ENDOCRINE_PANCREAS_DEVELOPMENT		18	-0.35905758	-0.90811116	0.5796813	0.8192163	1.0	3088	tags=39%, list=29%, signal=55%	
GOBP_SENSORY_ORGAN_MORPHOGENESIS	GOBP_SENSORY_ORGAN_MORPHOGENESIS		79	-0.26587188	-0.90747106	0.6641651	0.8206848	1.0	1908	tags=22%, list=18%, signal=26%	
GOBP_CALCINEURIN_MEDIATED_SIGNALING	GOBP_CALCINEURIN_MEDIATED_SIGNALING		26	-0.32491913	-0.90739506	0.58592135	0.82059705	1.0	2426	tags=35%, list=23%, signal=45%	
GOBP_NEGATIVE_REGULATION_OF_STEM_CELL_DIFFERENTIATION	GOBP_NEGATIVE_REGULATION_OF_STEM_CELL_DIFFERENTIATION		16	-0.361831	-0.90723914	0.6048387	0.8207449	1.0	1024	tags=31%, list=10%, signal=35%	
HP_ABNORMAL_HAND_BONE_OSSIFICATION	HP_ABNORMAL_HAND_BONE_OSSIFICATION		20	-0.34977037	-0.9069801	0.5933852	0.82112026	1.0	1927	tags=25%, list=18%, signal=31%	
GOBP_PROTEOGLYCAN_METABOLIC_PROCESS	GOBP_PROTEOGLYCAN_METABOLIC_PROCESS		37	-0.30478662	-0.90691006	0.64128256	0.82103276	1.0	464	tags=8%, list=4%, signal=8%	
GOBP_PYRIMIDINE_CONTAINING_COMPOUND_CATABOLIC_PROCESS	GOBP_PYRIMIDINE_CONTAINING_COMPOUND_CATABOLIC_PROCESS		20	-0.34500656	-0.90661055	0.5967742	0.8215526	1.0	1139	tags=20%, list=11%, signal=22%	
HP_JAUNDICE	HP_JAUNDICE		113	-0.24856034	-0.90639496	0.67115384	0.82185614	1.0	1402	tags=16%, list=13%, signal=18%	
GOBP_POSITIVE_REGULATION_OF_ANION_TRANSPORT	GOBP_POSITIVE_REGULATION_OF_ANION_TRANSPORT		17	-0.36741468	-0.90605384	0.5992063	0.82248634	1.0	1242	tags=24%, list=12%, signal=27%	
HP_ABNORMALITY_OF_ALKALINE_PHOSPHATASE_LEVEL	HP_ABNORMALITY_OF_ALKALINE_PHOSPHATASE_LEVEL		54	-0.28169996	-0.9057031	0.64603484	0.82316667	1.0	1673	tags=22%, list=16%, signal=26%	
HP_BULBAR_PALSY	HP_BULBAR_PALSY		28	-0.32783383	-0.9055979	0.62677485	0.823164	1.0	1683	tags=32%, list=16%, signal=38%	
GOCC_BASAL_PART_OF_CELL	GOCC_BASAL_PART_OF_CELL		105	-0.256433	-0.9054513	0.67286247	0.8232825	1.0	1991	tags=28%, list=19%, signal=34%	
GOBP_REGULATION_OF_SYNAPTIC_TRANSMISSION_GABAERGIC	GOBP_REGULATION_OF_SYNAPTIC_TRANSMISSION_GABAERGIC		17	-0.36803234	-0.9053061	0.62236285	0.8233859	1.0	1242	tags=18%, list=12%, signal=20%	
GOBP_RESPIRATORY_GASEOUS_EXCHANGE_BY_RESPIRATORY_SYSTEM	GOBP_RESPIRATORY_GASEOUS_EXCHANGE_BY_RESPIRATORY_SYSTEM		27	-0.33181962	-0.90515894	0.6007905	0.82350993	1.0	774	tags=19%, list=7%, signal=20%	
HP_ABNORMAL_CORNEA_MORPHOLOGY	HP_ABNORMAL_CORNEA_MORPHOLOGY		403	-0.2190314	-0.904964	0.83063066	0.8237242	1.0	1973	tags=19%, list=19%, signal=23%	
HP_CIRRHOSIS	HP_CIRRHOSIS		88	-0.26302904	-0.90433186	0.6607843	0.8251328	1.0	1483	tags=22%, list=14%, signal=25%	
HP_MICROCYTIC_ANEMIA	HP_MICROCYTIC_ANEMIA		25	-0.32596564	-0.9040142	0.612	0.8257375	1.0	971	tags=20%, list=9%, signal=22%	
GOBP_DETECTION_OF_MECHANICAL_STIMULUS	GOBP_DETECTION_OF_MECHANICAL_STIMULUS		15	-0.37852344	-0.90392894	0.57916665	0.82569504	1.0	1130	tags=20%, list=11%, signal=22%	
HP_HYPERACUSIS	HP_HYPERACUSIS		18	-0.35984683	-0.90381825	0.5750988	0.82571757	1.0	1195	tags=22%, list=11%, signal=25%	
GOBP_IRON_ION_TRANSPORT	GOBP_IRON_ION_TRANSPORT		29	-0.31517026	-0.9037178	0.6201232	0.8256985	1.0	1418	tags=24%, list=13%, signal=28%	
GOBP_RESPONSE_TO_OXIDATIVE_STRESS	GOBP_RESPONSE_TO_OXIDATIVE_STRESS		255	-0.2284733	-0.9036435	0.7439252	0.82561994	1.0	1717	tags=18%, list=16%, signal=21%	
GOBP_NEGATIVE_REGULATION_OF_TRANSMEMBRANE_TRANSPORT	GOBP_NEGATIVE_REGULATION_OF_TRANSMEMBRANE_TRANSPORT		51	-0.28541058	-0.90359336	0.6499033	0.8254645	1.0	1407	tags=22%, list=13%, signal=25%	
HP_ABNORMALITY_OF_THE_UPPER_RESPIRATORY_TRACT	HP_ABNORMALITY_OF_THE_UPPER_RESPIRATORY_TRACT		254	-0.22901249	-0.9034373	0.7714286	0.8255868	1.0	1597	tags=17%, list=15%, signal=20%	
GOBP_CELLULAR_RESPONSE_TO_XENOBIOTIC_STIMULUS	GOBP_CELLULAR_RESPONSE_TO_XENOBIOTIC_STIMULUS		60	-0.27809727	-0.90325433	0.63414633	0.82579243	1.0	1261	tags=18%, list=12%, signal=21%	
GOCC_INTERCALATED_DISC	GOCC_INTERCALATED_DISC		18	-0.3659024	-0.9028051	0.6106557	0.8267078	1.0	1991	tags=39%, list=19%, signal=48%	
HP_VENTRICULOMEGALY	HP_VENTRICULOMEGALY		457	-0.21482421	-0.9026155	0.85507244	0.8269234	1.0	2151	tags=20%, list=20%, signal=24%	
GOBP_NUCLEOSIDE_PHOSPHATE_CATABOLIC_PROCESS	GOBP_NUCLEOSIDE_PHOSPHATE_CATABOLIC_PROCESS		52	-0.2846881	-0.9024556	0.6476378	0.82707363	1.0	1456	tags=19%, list=14%, signal=22%	
HP_ABNORMAL_OVARIAN_MORPHOLOGY	HP_ABNORMAL_OVARIAN_MORPHOLOGY		91	-0.26448175	-0.9023391	0.6858847	0.82708776	1.0	2120	tags=26%, list=20%, signal=33%	
HP_ABNORMAL_FORM_OF_THE_VERTEBRAL_BODIES	HP_ABNORMAL_FORM_OF_THE_VERTEBRAL_BODIES		201	-0.23327155	-0.90221554	0.74603176	0.82714814	1.0	1955	tags=21%, list=19%, signal=26%	
GOBP_CELLULAR_RESPONSE_TO_CHEMICAL_STRESS	GOBP_CELLULAR_RESPONSE_TO_CHEMICAL_STRESS		206	-0.23359519	-0.90205187	0.7418738	0.82729787	1.0	1717	tags=19%, list=16%, signal=23%	
HP_BROAD_BASED_GAIT	HP_BROAD_BASED_GAIT		56	-0.27867752	-0.901655	0.6621094	0.828071	1.0	2106	tags=30%, list=20%, signal=38%	
GOBP_AMYLOID_FIBRIL_FORMATION	GOBP_AMYLOID_FIBRIL_FORMATION		20	-0.34329805	-0.9016184	0.5876494	0.8278886	1.0	150	tags=10%, list=1%, signal=10%	
HP_ABNORMALITY_OF_FACIAL_MUSCULATURE	HP_ABNORMALITY_OF_FACIAL_MUSCULATURE		183	-0.23408392	-0.9014436	0.7495256	0.82804984	1.0	715	tags=9%, list=7%, signal=10%	
GOBP_NEGATIVE_REGULATION_OF_DNA_REPLICATION	GOBP_NEGATIVE_REGULATION_OF_DNA_REPLICATION		22	-0.3421086	-0.90100807	0.6015625	0.8289748	1.0	314	tags=9%, list=3%, signal=9%	
GOMF_PHOSPHATIDYLINOSITOL_4_PHOSPHATE_BINDING	GOMF_PHOSPHATIDYLINOSITOL_4_PHOSPHATE_BINDING		17	-0.35862988	-0.90072525	0.60851926	0.82946855	1.0	1822	tags=29%, list=17%, signal=36%	
GOBP_PROTEIN_AUTOPROCESSING	GOBP_PROTEIN_AUTOPROCESSING		15	-0.36986178	-0.90007126	0.6050096	0.83090967	1.0	103	tags=13%, list=1%, signal=13%	
GOBP_REGULATION_OF_BIOLOGICAL_PROCESS_INVOLVED_IN_SYMBIOTIC_INTERACTION	GOBP_REGULATION_OF_BIOLOGICAL_PROCESS_INVOLVED_IN_SYMBIOTIC_INTERACTION		26	-0.32726783	-0.89988816	0.60365856	0.83113974	1.0	1894	tags=31%, list=18%, signal=37%	
GOBP_NEUTROPHIL_CHEMOTAXIS	GOBP_NEUTROPHIL_CHEMOTAXIS		37	-0.30053824	-0.8997067	0.6112186	0.8313438	1.0	1528	tags=22%, list=15%, signal=25%	
GOBP_INNER_EAR_RECEPTOR_CELL_STEREOCILIUM_ORGANIZATION	GOBP_INNER_EAR_RECEPTOR_CELL_STEREOCILIUM_ORGANIZATION		15	-0.36678007	-0.8996132	0.59090906	0.831314	1.0	621	tags=13%, list=6%, signal=14%	
GOBP_REGULATION_OF_CIRCADIAN_RHYTHM	GOBP_REGULATION_OF_CIRCADIAN_RHYTHM		73	-0.26702935	-0.89960605	0.6569201	0.83105075	1.0	1883	tags=21%, list=18%, signal=25%	
GOMF_CYCLIN_DEPENDENT_PROTEIN_SERINE_THREONINE_KINASE_REGULATOR_ACTIVITY	GOMF_CYCLIN_DEPENDENT_PROTEIN_SERINE_THREONINE_KINASE_REGULATOR_ACTIVITY		34	-0.30827373	-0.89946806	0.63729507	0.831123	1.0	1218	tags=15%, list=12%, signal=17%	
HP_GAIT_IMBALANCE	HP_GAIT_IMBALANCE		50	-0.28225085	-0.8993096	0.64040405	0.83125114	1.0	1458	tags=22%, list=14%, signal=25%	
GOCC_GOLGI_LUMEN	GOCC_GOLGI_LUMEN		18	-0.35643122	-0.8985454	0.61752987	0.83300984	1.0	3702	tags=67%, list=35%, signal=103%	
HP_ABNORMALITY_OF_REPRODUCTIVE_SYSTEM_PHYSIOLOGY	HP_ABNORMALITY_OF_REPRODUCTIVE_SYSTEM_PHYSIOLOGY		389	-0.21794757	-0.89843464	0.8446429	0.83302075	1.0	2000	tags=21%, list=19%, signal=25%	
GOMF_PROTEIN_TYROSINE_SERINE_THREONINE_PHOSPHATASE_ACTIVITY	GOMF_PROTEIN_TYROSINE_SERINE_THREONINE_PHOSPHATASE_ACTIVITY		32	-0.31150323	-0.8983906	0.6214149	0.8328538	1.0	1149	tags=16%, list=11%, signal=17%	
GOMF_HYDROLASE_ACTIVITY_ACTING_ON_CARBON_NITROGEN_BUT_NOT_PEPTIDE_BONDS	GOMF_HYDROLASE_ACTIVITY_ACTING_ON_CARBON_NITROGEN_BUT_NOT_PEPTIDE_BONDS		82	-0.26235682	-0.8983416	0.67741936	0.8326893	1.0	1391	tags=16%, list=13%, signal=18%	
HP_ABNORMALITY_OF_THE_PULMONARY_VEINS	HP_ABNORMALITY_OF_THE_PULMONARY_VEINS		22	-0.33650783	-0.89829504	0.61328125	0.8325297	1.0	2053	tags=36%, list=20%, signal=45%	
HP_ABNORMAL_SHARPEY_FIBER_MORPHOLOGY	HP_ABNORMAL_SHARPEY_FIBER_MORPHOLOGY		16	-0.36410785	-0.8980258	0.6045549	0.83296186	1.0	931	tags=25%, list=9%, signal=27%	
GOBP_ARTERY_DEVELOPMENT	GOBP_ARTERY_DEVELOPMENT		37	-0.29649034	-0.8979617	0.63527054	0.83285904	1.0	1063	tags=16%, list=10%, signal=18%	
GOBP_REGULATION_OF_POSTSYNAPSE_ORGANIZATION	GOBP_REGULATION_OF_POSTSYNAPSE_ORGANIZATION		38	-0.29909903	-0.8977704	0.63492066	0.83307636	1.0	1463	tags=24%, list=14%, signal=27%	
GOBP_NEUROINFLAMMATORY_RESPONSE	GOBP_NEUROINFLAMMATORY_RESPONSE		16	-0.36805725	-0.89776087	0.6197183	0.83282083	1.0	693	tags=19%, list=7%, signal=20%	
HP_ESODEVIATION	HP_ESODEVIATION		89	-0.25617713	-0.897721	0.6857143	0.83265096	1.0	1636	tags=20%, list=16%, signal=24%	
GOBP_REGULATION_OF_CELLULAR_KETONE_METABOLIC_PROCESS	GOBP_REGULATION_OF_CELLULAR_KETONE_METABOLIC_PROCESS		61	-0.2767469	-0.89766395	0.6498994	0.83252597	1.0	1220	tags=18%, list=12%, signal=20%	
HP_LYMPHEDEMA	HP_LYMPHEDEMA		43	-0.2937871	-0.89715767	0.6422764	0.8335919	1.0	1522	tags=21%, list=14%, signal=24%	
HP_NEOPLASM_OF_THE_STOMACH	HP_NEOPLASM_OF_THE_STOMACH		51	-0.28532785	-0.89661807	0.64621675	0.8347136	1.0	1036	tags=12%, list=10%, signal=13%	
HP_ABNORMALITY_OF_MUSCLE_SIZE	HP_ABNORMALITY_OF_MUSCLE_SIZE		415	-0.21630825	-0.896608	0.86090225	0.83445024	1.0	1529	tags=16%, list=15%, signal=18%	
GOBP_MESENCHYMAL_CELL_DEVELOPMENT	GOBP_MESENCHYMAL_CELL_DEVELOPMENT		29	-0.31805184	-0.8962893	0.64908725	0.8350142	1.0	1434	tags=24%, list=14%, signal=28%	
GOBP_NEGATIVE_REGULATION_OF_TYPE_I_INTERFERON_PRODUCTION	GOBP_NEGATIVE_REGULATION_OF_TYPE_I_INTERFERON_PRODUCTION		23	-0.33342162	-0.89562887	0.64315355	0.8364277	1.0	545	tags=13%, list=5%, signal=14%	
HP_ABNORMALITY_OF_OCULAR_SMOOTH_PURSUIT	HP_ABNORMALITY_OF_OCULAR_SMOOTH_PURSUIT		46	-0.290199	-0.8955598	0.65400845	0.83632135	1.0	1479	tags=20%, list=14%, signal=23%	
HP_ABNORMALITY_OF_THE_ANTIHELIX	HP_ABNORMALITY_OF_THE_ANTIHELIX		25	-0.33004248	-0.89493513	0.6455445	0.83766925	1.0	1259	tags=20%, list=12%, signal=23%	
HP_MENINGIOMA	HP_MENINGIOMA		33	-0.30054748	-0.89489985	0.61627907	0.83749276	1.0	1218	tags=18%, list=12%, signal=21%	
GOBP_TELENCEPHALON_DEVELOPMENT	GOBP_TELENCEPHALON_DEVELOPMENT		110	-0.25086603	-0.8948419	0.7192308	0.8373527	1.0	2197	tags=25%, list=21%, signal=32%	
GOBP_CELL_CELL_JUNCTION_ASSEMBLY	GOBP_CELL_CELL_JUNCTION_ASSEMBLY		51	-0.28455204	-0.89463836	0.6469428	0.83760923	1.0	2546	tags=35%, list=24%, signal=46%	
GOBP_MALE_GAMETE_GENERATION	GOBP_MALE_GAMETE_GENERATION		226	-0.22865473	-0.89455163	0.81963927	0.83754224	1.0	1347	tags=12%, list=13%, signal=14%	
HP_POSITIONAL_FOOT_DEFORMITY	HP_POSITIONAL_FOOT_DEFORMITY		237	-0.22913827	-0.8941387	0.7922078	0.83831805	1.0	1529	tags=15%, list=15%, signal=17%	
HP_ABNORMAL_URINE_PHOSPHATE_CONCENTRATION	HP_ABNORMAL_URINE_PHOSPHATE_CONCENTRATION		16	-0.36191612	-0.89405894	0.61165047	0.83823335	1.0	2255	tags=31%, list=21%, signal=40%	
GOBP_ORGANIC_ACID_TRANSMEMBRANE_TRANSPORT	GOBP_ORGANIC_ACID_TRANSMEMBRANE_TRANSPORT		74	-0.26307592	-0.8940085	0.6706587	0.8380748	1.0	1126	tags=18%, list=11%, signal=20%	
GOBP_MEIOTIC_CHROMOSOME_SEPARATION	GOBP_MEIOTIC_CHROMOSOME_SEPARATION		15	-0.36689115	-0.8939743	0.61346155	0.83788586	1.0	1124	tags=13%, list=11%, signal=15%	
GOBP_NEURON_PROJECTION_EXTENSION	GOBP_NEURON_PROJECTION_EXTENSION		82	-0.2596463	-0.8935101	0.7101728	0.83883774	1.0	1471	tags=20%, list=14%, signal=23%	
HP_FATIGABLE_WEAKNESS_OF_BULBAR_MUSCLES	HP_FATIGABLE_WEAKNESS_OF_BULBAR_MUSCLES		33	-0.30790713	-0.8926186	0.64327484	0.84089184	1.0	316	tags=9%, list=3%, signal=9%	
HP_INFANTILE_MUSCULAR_HYPOTONIA	HP_INFANTILE_MUSCULAR_HYPOTONIA		124	-0.24272385	-0.8925691	0.74517375	0.8407407	1.0	730	tags=10%, list=7%, signal=10%	
GOBP_PURINE_CONTAINING_COMPOUND_TRANSMEMBRANE_TRANSPORT	GOBP_PURINE_CONTAINING_COMPOUND_TRANSMEMBRANE_TRANSPORT		15	-0.3748597	-0.8925018	0.6111111	0.84063655	1.0	782	tags=20%, list=7%, signal=22%	
HP_FLEXION_CONTRACTURE_OF_DIGIT	HP_FLEXION_CONTRACTURE_OF_DIGIT		177	-0.23282474	-0.89245665	0.7794971	0.8404739	1.0	2001	tags=19%, list=19%, signal=23%	
HP_HYPERKERATOSIS	HP_HYPERKERATOSIS		129	-0.24440846	-0.8919576	0.75185186	0.8415101	1.0	1611	tags=21%, list=15%, signal=24%	
GOCC_CLATHRIN_COATED_ENDOCYTIC_VESICLE	GOCC_CLATHRIN_COATED_ENDOCYTIC_VESICLE		40	-0.29392484	-0.8913763	0.6633065	0.8427092	1.0	2489	tags=43%, list=24%, signal=55%	
HP_ABNORMAL_INSULIN_LEVEL	HP_ABNORMAL_INSULIN_LEVEL		70	-0.2662424	-0.8905468	0.6761364	0.8445959	1.0	2333	tags=33%, list=22%, signal=42%	
GOBP_NUCLEOSIDE_BISPHOSPHATE_BIOSYNTHETIC_PROCESS	GOBP_NUCLEOSIDE_BISPHOSPHATE_BIOSYNTHETIC_PROCESS		46	-0.2883164	-0.8905349	0.67403316	0.8443402	1.0	1543	tags=17%, list=15%, signal=20%	
GOCC_PROTEIN_KINASE_COMPLEX	GOCC_PROTEIN_KINASE_COMPLEX		85	-0.2587566	-0.890382	0.697026	0.8444481	1.0	1943	tags=25%, list=18%, signal=30%	
GOBP_RHYTHMIC_PROCESS	GOBP_RHYTHMIC_PROCESS		159	-0.2383357	-0.8902785	0.7527881	0.8444406	1.0	1274	tags=15%, list=12%, signal=17%	
GOMF_TRANSCRIPTION_COREPRESSOR_ACTIVITY	GOMF_TRANSCRIPTION_COREPRESSOR_ACTIVITY		138	-0.241773	-0.89008814	0.7383177	0.8446474	1.0	975	tags=12%, list=9%, signal=13%	
HP_MACULAR_DEGENERATION	HP_MACULAR_DEGENERATION		43	-0.29713023	-0.8895964	0.6700201	0.8456035	1.0	2489	tags=40%, list=24%, signal=52%	
GOBP_POSITIVE_REGULATION_OF_RESPONSE_TO_WOUNDING	GOBP_POSITIVE_REGULATION_OF_RESPONSE_TO_WOUNDING		25	-0.3314499	-0.88954127	0.63076925	0.84545964	1.0	1591	tags=32%, list=15%, signal=38%	
GOBP_REGULATION_OF_CELLULAR_PROTEIN_CATABOLIC_PROCESS	GOBP_REGULATION_OF_CELLULAR_PROTEIN_CATABOLIC_PROCESS		192	-0.23208418	-0.8891027	0.7887324	0.8463163	1.0	1299	tags=15%, list=12%, signal=16%	
HP_ABNORMAL_ATRIOVENTRICULAR_VALVE_MORPHOLOGY	HP_ABNORMAL_ATRIOVENTRICULAR_VALVE_MORPHOLOGY		90	-0.2589035	-0.8887816	0.7262136	0.84681803	1.0	1961	tags=23%, list=19%, signal=28%	
GOBP_REGULATION_OF_MYELINATION	GOBP_REGULATION_OF_MYELINATION		30	-0.3136073	-0.88876766	0.6439689	0.84657127	1.0	1114	tags=20%, list=11%, signal=22%	
GOMF_ORGANOPHOSPHATE_ESTER_TRANSMEMBRANE_TRANSPORTER_ACTIVITY	GOMF_ORGANOPHOSPHATE_ESTER_TRANSMEMBRANE_TRANSPORTER_ACTIVITY		27	-0.31241632	-0.8886602	0.6266925	0.8465837	1.0	976	tags=19%, list=9%, signal=20%	
HP_ABNORMAL_CEREBELLAR_VERMIS_MORPHOLOGY	HP_ABNORMAL_CEREBELLAR_VERMIS_MORPHOLOGY		193	-0.23196381	-0.8885826	0.78558224	0.84649044	1.0	1954	tags=20%, list=19%, signal=24%	
GOBP_COLUMNAR_CUBOIDAL_EPITHELIAL_CELL_DIFFERENTIATION	GOBP_COLUMNAR_CUBOIDAL_EPITHELIAL_CELL_DIFFERENTIATION		32	-0.31490374	-0.8885473	0.6155378	0.84629023	1.0	2144	tags=25%, list=20%, signal=31%	
HP_ABNORMAL_LOWER_LIMB_BONE_MORPHOLOGY	HP_ABNORMAL_LOWER_LIMB_BONE_MORPHOLOGY		450	-0.21233505	-0.8883773	0.8794964	0.84643173	1.0	1607	tags=15%, list=15%, signal=17%	
HP_STOMACH_CANCER	HP_STOMACH_CANCER		20	-0.34177834	-0.8881579	0.64705884	0.84668994	1.0	953	tags=10%, list=9%, signal=11%	
HP_HYPOPIGMENTATION_OF_THE_SKIN	HP_HYPOPIGMENTATION_OF_THE_SKIN		144	-0.23970704	-0.88801545	0.7634195	0.8467642	1.0	930	tags=13%, list=9%, signal=14%	
HP_COARSE_HAIR	HP_COARSE_HAIR		38	-0.30170515	-0.8878498	0.6686508	0.84690565	1.0	536	tags=11%, list=5%, signal=11%	
HP_ABNORMALITY_OF_THE_PERIORBITAL_REGION	HP_ABNORMALITY_OF_THE_PERIORBITAL_REGION		152	-0.23872212	-0.8877894	0.76125246	0.84674746	1.0	1339	tags=15%, list=13%, signal=17%	
GOBP_GLOMERULUS_DEVELOPMENT	GOBP_GLOMERULUS_DEVELOPMENT		15	-0.36855367	-0.88698393	0.6264822	0.84849465	1.0	1443	tags=33%, list=14%, signal=39%	
GOBP_RESPONSE_TO_ENDOPLASMIC_RETICULUM_STRESS	GOBP_RESPONSE_TO_ENDOPLASMIC_RETICULUM_STRESS		186	-0.23194408	-0.88697296	0.77861166	0.8482332	1.0	2062	tags=22%, list=20%, signal=26%	
HP_NEOPLASM_OF_THE_GASTROINTESTINAL_TRACT	HP_NEOPLASM_OF_THE_GASTROINTESTINAL_TRACT		187	-0.23013182	-0.88660467	0.8032491	0.8488692	1.0	1402	tags=15%, list=13%, signal=17%	
HP_SCOTOMA	HP_SCOTOMA		28	-0.31858087	-0.8862083	0.609901	0.8496075	1.0	1272	tags=14%, list=12%, signal=16%	
HP_ABNORMAL_MORPHOLOGY_OF_THE_ABDOMINAL_MUSCULATURE	HP_ABNORMAL_MORPHOLOGY_OF_THE_ABDOMINAL_MUSCULATURE		39	-0.29815707	-0.8861555	0.6389961	0.8494707	1.0	1663	tags=23%, list=16%, signal=27%	
HP_FACIAL_EDEMA	HP_FACIAL_EDEMA		70	-0.26457784	-0.8855998	0.71546394	0.8505281	1.0	1259	tags=17%, list=12%, signal=19%	
GOBP_EMBRYONIC_SKELETAL_SYSTEM_MORPHOGENESIS	GOBP_EMBRYONIC_SKELETAL_SYSTEM_MORPHOGENESIS		26	-0.32146007	-0.88550997	0.6019802	0.8504953	1.0	1927	tags=31%, list=18%, signal=38%	
HP_DUODENAL_ATRESIA	HP_DUODENAL_ATRESIA		23	-0.33304453	-0.88528085	0.63178295	0.85079414	1.0	948	tags=13%, list=9%, signal=14%	
GOBP_ENERGY_RESERVE_METABOLIC_PROCESS	GOBP_ENERGY_RESERVE_METABOLIC_PROCESS		41	-0.29145354	-0.88516504	0.6604127	0.8508002	1.0	2518	tags=29%, list=24%, signal=38%	
HP_MOTOR_DELAY	HP_MOTOR_DELAY		452	-0.21266083	-0.88485837	0.8976234	0.85129434	1.0	1734	tags=18%, list=17%, signal=20%	
HP_ABNORMAL_FEAR_ANXIETY_RELATED_BEHAVIOR	HP_ABNORMAL_FEAR_ANXIETY_RELATED_BEHAVIOR		248	-0.22379436	-0.884701	0.84501845	0.8514259	1.0	1575	tags=16%, list=15%, signal=18%	
HP_HYPOPLASTIC_ILIA	HP_HYPOPLASTIC_ILIA		32	-0.30871183	-0.8846475	0.66921604	0.85128015	1.0	536	tags=9%, list=5%, signal=10%	
HP_ABNORMAL_ADIPOSE_TISSUE_MORPHOLOGY	HP_ABNORMAL_ADIPOSE_TISSUE_MORPHOLOGY		131	-0.24287689	-0.8843845	0.76199615	0.8516373	1.0	1317	tags=16%, list=13%, signal=18%	
HP_PHOTOPHOBIA	HP_PHOTOPHOBIA		107	-0.24824847	-0.8843475	0.7188679	0.85144776	1.0	2333	tags=31%, list=22%, signal=39%	
HP_MILD_GLOBAL_DEVELOPMENTAL_DELAY	HP_MILD_GLOBAL_DEVELOPMENTAL_DELAY		31	-0.30807132	-0.88375217	0.66101694	0.8526599	1.0	1414	tags=16%, list=13%, signal=19%	
HP_ABNORMAL_ASTROCYTE_MORPHOLOGY	HP_ABNORMAL_ASTROCYTE_MORPHOLOGY		32	-0.30668378	-0.8828493	0.66868687	0.85459	1.0	916	tags=13%, list=9%, signal=14%	
HP_ABNORMAL_BLOOD_POTASSIUM_CONCENTRATION	HP_ABNORMAL_BLOOD_POTASSIUM_CONCENTRATION		37	-0.30152756	-0.8825403	0.6607843	0.85509574	1.0	2327	tags=35%, list=22%, signal=45%	
GOMF_TRANSFERASE_ACTIVITY_TRANSFERRING_SULPHUR_CONTAINING_GROUPS	GOMF_TRANSFERASE_ACTIVITY_TRANSFERRING_SULPHUR_CONTAINING_GROUPS		29	-0.31701156	-0.88247794	0.6616257	0.8549773	1.0	304	tags=7%, list=3%, signal=7%	
GOBP_REGULATION_OF_NEURON_DIFFERENTIATION	GOBP_REGULATION_OF_NEURON_DIFFERENTIATION		70	-0.26299113	-0.8820641	0.68653846	0.8557458	1.0	1872	tags=24%, list=18%, signal=29%	
GOBP_PROTEIN_LOCALIZATION_TO_CILIUM	GOBP_PROTEIN_LOCALIZATION_TO_CILIUM		48	-0.28107703	-0.8820319	0.6570327	0.85553837	1.0	3100	tags=35%, list=29%, signal=50%	
GOBP_TOR_SIGNALING	GOBP_TOR_SIGNALING		93	-0.25382707	-0.8817332	0.74174756	0.8560314	1.0	1348	tags=13%, list=13%, signal=15%	
GOBP_POSITIVE_REGULATION_OF_CELLULAR_CARBOHYDRATE_METABOLIC_PROCESS	GOBP_POSITIVE_REGULATION_OF_CELLULAR_CARBOHYDRATE_METABOLIC_PROCESS		23	-0.33346292	-0.88154745	0.64316237	0.8561988	1.0	1132	tags=22%, list=11%, signal=24%	
GOBP_NEGATIVE_REGULATION_OF_HYDROLASE_ACTIVITY	GOBP_NEGATIVE_REGULATION_OF_HYDROLASE_ACTIVITY		149	-0.23617166	-0.8815448	0.77372265	0.8559223	1.0	1882	tags=20%, list=18%, signal=24%	
GOBP_ORGANELLE_DISASSEMBLY	GOBP_ORGANELLE_DISASSEMBLY		98	-0.24776861	-0.8810874	0.7572614	0.856793	1.0	1354	tags=16%, list=13%, signal=19%	
GOBP_GLYCOSYLATION	GOBP_GLYCOSYLATION		168	-0.23348038	-0.88105255	0.7980583	0.8565997	1.0	1896	tags=18%, list=18%, signal=22%	
GOBP_POSITIVE_REGULATION_OF_EXTRINSIC_APOPTOTIC_SIGNALING_PATHWAY	GOBP_POSITIVE_REGULATION_OF_EXTRINSIC_APOPTOTIC_SIGNALING_PATHWAY		33	-0.3012929	-0.880713	0.6391129	0.8571498	1.0	1943	tags=30%, list=18%, signal=37%	
GOBP_RESPONSE_TO_CHEMOKINE	GOBP_RESPONSE_TO_CHEMOKINE		31	-0.31016615	-0.880698	0.6625	0.8568995	1.0	1407	tags=19%, list=13%, signal=22%	
HP_PLEURAL_EFFUSION	HP_PLEURAL_EFFUSION		35	-0.30205703	-0.88057643	0.6660305	0.8569279	1.0	1643	tags=31%, list=16%, signal=37%	
GOBP_MODULATION_BY_HOST_OF_SYMBIONT_PROCESS	GOBP_MODULATION_BY_HOST_OF_SYMBIONT_PROCESS		44	-0.2861486	-0.88048023	0.6894531	0.85689044	1.0	692	tags=9%, list=7%, signal=10%	
GOBP_BIOLOGICAL_PROCESS_INVOLVED_IN_INTERACTION_WITH_SYMBIONT	GOBP_BIOLOGICAL_PROCESS_INVOLVED_IN_INTERACTION_WITH_SYMBIONT		54	-0.2839983	-0.880345	0.6875	0.8569366	1.0	692	tags=11%, list=7%, signal=12%	
HP_MODERATE_SENSORINEURAL_HEARING_IMPAIRMENT	HP_MODERATE_SENSORINEURAL_HEARING_IMPAIRMENT		15	-0.3722964	-0.88031864	0.65495867	0.85672265	1.0	715	tags=13%, list=7%, signal=14%	
HP_EMBRYONAL_NEOPLASM	HP_EMBRYONAL_NEOPLASM		47	-0.27754888	-0.8802869	0.671028	0.85651505	1.0	1927	tags=21%, list=18%, signal=26%	
GOBP_NEGATIVE_REGULATION_OF_PROTEIN_KINASE_B_SIGNALING	GOBP_NEGATIVE_REGULATION_OF_PROTEIN_KINASE_B_SIGNALING		24	-0.32216308	-0.88013625	0.6583012	0.85661757	1.0	930	tags=13%, list=9%, signal=14%	
GOBP_POSITIVE_REGULATION_OF_HISTONE_MODIFICATION	GOBP_POSITIVE_REGULATION_OF_HISTONE_MODIFICATION		80	-0.26019683	-0.8800905	0.70554495	0.8564577	1.0	1308	tags=14%, list=12%, signal=16%	
HP_ANONYCHIA	HP_ANONYCHIA		31	-0.30626428	-0.8800587	0.64081633	0.8562532	1.0	1575	tags=35%, list=15%, signal=42%	
HP_INFERTILITY	HP_INFERTILITY		47	-0.28270388	-0.87993586	0.68390805	0.85626423	1.0	2515	tags=34%, list=24%, signal=45%	
HP_APLASIA_HYPOPLASIA_OF_THE_SCAPULAE	HP_APLASIA_HYPOPLASIA_OF_THE_SCAPULAE		16	-0.3603503	-0.87993157	0.6673228	0.85598934	1.0	1112	tags=25%, list=11%, signal=28%	
GOMF_PURINE_NUCLEOTIDE_TRANSMEMBRANE_TRANSPORTER_ACTIVITY	GOMF_PURINE_NUCLEOTIDE_TRANSMEMBRANE_TRANSPORTER_ACTIVITY		17	-0.34398374	-0.8797876	0.6347305	0.85607105	1.0	1485	tags=29%, list=14%, signal=34%	
GOBP_POSITIVE_REGULATION_OF_LEUKOCYTE_ADHESION_TO_VASCULAR_ENDOTHELIAL_CELL	GOBP_POSITIVE_REGULATION_OF_LEUKOCYTE_ADHESION_TO_VASCULAR_ENDOTHELIAL_CELL		15	-0.3635056	-0.8796185	0.6402439	0.85619783	1.0	1754	tags=40%, list=17%, signal=48%	
HP_MICROMELIA	HP_MICROMELIA		54	-0.27548102	-0.87953126	0.71348315	0.8561347	1.0	3329	tags=43%, list=32%, signal=62%	
GOBP_NUCLEUS_ORGANIZATION	GOBP_NUCLEUS_ORGANIZATION		109	-0.24542248	-0.8794955	0.74860334	0.8559367	1.0	1317	tags=17%, list=13%, signal=20%	
GOBP_GLUCAN_BIOSYNTHETIC_PROCESS	GOBP_GLUCAN_BIOSYNTHETIC_PROCESS		24	-0.33455122	-0.87886703	0.63147795	0.8572028	1.0	977	tags=17%, list=9%, signal=18%	
GOBP_MUSCLE_HYPERTROPHY	GOBP_MUSCLE_HYPERTROPHY		43	-0.28530836	-0.8786246	0.67686427	0.8575172	1.0	2661	tags=40%, list=25%, signal=53%	
HP_CENTRAL_APNEA	HP_CENTRAL_APNEA		17	-0.35595357	-0.8780451	0.6474227	0.85869217	1.0	1157	tags=12%, list=11%, signal=13%	
GOBP_ZINC_ION_HOMEOSTASIS	GOBP_ZINC_ION_HOMEOSTASIS		20	-0.3364128	-0.87778485	0.6404959	0.8590442	1.0	719	tags=15%, list=7%, signal=16%	
GOBP_DEMETHYLATION	GOBP_DEMETHYLATION		47	-0.28339967	-0.8774654	0.7	0.85955894	1.0	1953	tags=28%, list=19%, signal=34%	
GOBP_RETINA_DEVELOPMENT_IN_CAMERA_TYPE_EYE	GOBP_RETINA_DEVELOPMENT_IN_CAMERA_TYPE_EYE		50	-0.2742042	-0.87746185	0.7037037	0.8592842	1.0	1908	tags=20%, list=18%, signal=24%	
HP_HEPATOCELLULAR_CARCINOMA	HP_HEPATOCELLULAR_CARCINOMA		38	-0.29413256	-0.87744325	0.6804734	0.8590498	1.0	1643	tags=21%, list=16%, signal=25%	
GOBP_REGULATION_OF_PROTEIN_LOCALIZATION_TO_PLASMA_MEMBRANE	GOBP_REGULATION_OF_PROTEIN_LOCALIZATION_TO_PLASMA_MEMBRANE		67	-0.2665643	-0.8770542	0.71794873	0.8597466	1.0	1849	tags=22%, list=18%, signal=27%	
HP_JOINT_CONTRACTURES_INVOLVING_THE_JOINTS_OF_THE_FEET	HP_JOINT_CONTRACTURES_INVOLVING_THE_JOINTS_OF_THE_FEET		16	-0.36363536	-0.8769393	0.662	0.8597349	1.0	1014	tags=19%, list=10%, signal=21%	
HP_ABNORMAL_SELLA_TURCICA_MORPHOLOGY	HP_ABNORMAL_SELLA_TURCICA_MORPHOLOGY		19	-0.33974573	-0.8765563	0.6546906	0.86036354	1.0	1479	tags=26%, list=14%, signal=31%	
HP_RENAL_DYSPLASIA	HP_RENAL_DYSPLASIA		35	-0.298129	-0.8757989	0.6737864	0.8619417	1.0	1795	tags=29%, list=17%, signal=34%	
GOBP_P38MAPK_CASCADE	GOBP_P38MAPK_CASCADE		36	-0.29739615	-0.8746575	0.6602972	0.86446905	1.0	1290	tags=17%, list=12%, signal=19%	
GOBP_NEGATIVE_REGULATION_OF_LIPID_LOCALIZATION	GOBP_NEGATIVE_REGULATION_OF_LIPID_LOCALIZATION		23	-0.3280919	-0.8740071	0.653211	0.8657679	1.0	1336	tags=22%, list=13%, signal=25%	
HP_ABNORMAL_LUMBAR_SPINE_MORPHOLOGY	HP_ABNORMAL_LUMBAR_SPINE_MORPHOLOGY		18	-0.3474054	-0.8736895	0.6333333	0.8662933	1.0	1479	tags=22%, list=14%, signal=26%	
HP_NEOPLASM_OF_THE_THYROID_GLAND	HP_NEOPLASM_OF_THE_THYROID_GLAND		56	-0.27194098	-0.87325186	0.70974153	0.8670632	1.0	1743	tags=20%, list=17%, signal=23%	
GOBP_PROTEIN_HYDROXYLATION	GOBP_PROTEIN_HYDROXYLATION		20	-0.3368353	-0.8724336	0.6582524	0.8687369	1.0	800	tags=15%, list=8%, signal=16%	
HP_NEOPLASM_BY_HISTOLOGY	HP_NEOPLASM_BY_HISTOLOGY		217	-0.22545452	-0.8719409	0.8664193	0.8696549	1.0	1682	tags=18%, list=16%, signal=21%	
HP_ABNORMAL_UMBILICUS_MORPHOLOGY	HP_ABNORMAL_UMBILICUS_MORPHOLOGY		154	-0.23283333	-0.8717415	0.8	0.86984843	1.0	1956	tags=23%, list=19%, signal=28%	
HP_ENAMEL_HYPOPLASIA	HP_ENAMEL_HYPOPLASIA		47	-0.27867934	-0.8716842	0.718	0.8696946	1.0	1733	tags=19%, list=16%, signal=23%	
GOBP_NEUROMUSCULAR_PROCESS	GOBP_NEUROMUSCULAR_PROCESS		55	-0.273467	-0.8716439	0.7067669	0.86950284	1.0	549	tags=9%, list=5%, signal=10%	
GOBP_PROTEIN_LOCALIZATION_TO_GOLGI_APPARATUS	GOBP_PROTEIN_LOCALIZATION_TO_GOLGI_APPARATUS		25	-0.31669074	-0.87152356	0.647541	0.8695093	1.0	531	tags=8%, list=5%, signal=8%	
GOBP_RESPONSE_TO_PURINE_CONTAINING_COMPOUND	GOBP_RESPONSE_TO_PURINE_CONTAINING_COMPOUND		57	-0.2663226	-0.8713961	0.7043121	0.8695061	1.0	1456	tags=21%, list=14%, signal=24%	
HP_ABNORMALITY_OF_SUBCUTANEOUS_FAT_TISSUE	HP_ABNORMALITY_OF_SUBCUTANEOUS_FAT_TISSUE		34	-0.30437553	-0.871175	0.7090909	0.8697702	1.0	1468	tags=21%, list=14%, signal=24%	
GOBP_PYRIDINE_NUCLEOTIDE_METABOLIC_PROCESS	GOBP_PYRIDINE_NUCLEOTIDE_METABOLIC_PROCESS		16	-0.35939	-0.8708043	0.644	0.87040406	1.0	2384	tags=38%, list=23%, signal=48%	
GOBP_PORE_COMPLEX_ASSEMBLY	GOBP_PORE_COMPLEX_ASSEMBLY		18	-0.3378387	-0.8704845	0.6365462	0.87087214	1.0	473	tags=17%, list=5%, signal=17%	
GOCC_9PLUS0_NON_MOTILE_CILIUM	GOCC_9PLUS0_NON_MOTILE_CILIUM		50	-0.27612555	-0.86972415	0.70736843	0.8724481	1.0	2333	tags=26%, list=22%, signal=33%	
GOBP_T_CELL_LINEAGE_COMMITMENT	GOBP_T_CELL_LINEAGE_COMMITMENT		17	-0.34663576	-0.8695184	0.66159695	0.8726508	1.0	1648	tags=41%, list=16%, signal=49%	
HP_ABNORMAL_RENAL_MEDULLA_MORPHOLOGY	HP_ABNORMAL_RENAL_MEDULLA_MORPHOLOGY		34	-0.30170888	-0.86902064	0.685259	0.8735425	1.0	1795	tags=24%, list=17%, signal=28%	
GOBP_HORMONE_TRANSPORT	GOBP_HORMONE_TRANSPORT		116	-0.24039303	-0.86857927	0.79349905	0.8743262	1.0	1744	tags=21%, list=17%, signal=25%	
GOBP_POSITIVE_REGULATION_OF_MONOOXYGENASE_ACTIVITY	GOBP_POSITIVE_REGULATION_OF_MONOOXYGENASE_ACTIVITY		20	-0.33849356	-0.86844426	0.6739563	0.874356	1.0	820	tags=20%, list=8%, signal=22%	
GOBP_VESICLE_MEDIATED_TRANSPORT_BETWEEN_ENDOSOMAL_COMPARTMENTS	GOBP_VESICLE_MEDIATED_TRANSPORT_BETWEEN_ENDOSOMAL_COMPARTMENTS		37	-0.29596028	-0.86843455	0.6886228	0.87409437	1.0	1586	tags=22%, list=15%, signal=25%	
GOBP_POSITIVE_REGULATION_OF_NATURAL_KILLER_CELL_ACTIVATION	GOBP_POSITIVE_REGULATION_OF_NATURAL_KILLER_CELL_ACTIVATION		15	-0.34815678	-0.8683581	0.6390532	0.87398607	1.0	1290	tags=27%, list=12%, signal=30%	
HP_DECREASED_CIRCULATING_ANDROGEN_CONCENTRATION	HP_DECREASED_CIRCULATING_ANDROGEN_CONCENTRATION		27	-0.3111819	-0.8681355	0.6628788	0.8742209	1.0	1898	tags=30%, list=18%, signal=36%	
HP_OSTEOLYSIS	HP_OSTEOLYSIS		56	-0.27295086	-0.8678911	0.7323136	0.8745015	1.0	1575	tags=23%, list=15%, signal=27%	
HP_VERY_LONG_CHAIN_FATTY_ACID_ACCUMULATION	HP_VERY_LONG_CHAIN_FATTY_ACID_ACCUMULATION		17	-0.35272792	-0.86776096	0.6772388	0.8745234	1.0	2694	tags=41%, list=26%, signal=55%	
HP_ABNORMAL_VISUAL_ELECTROPHYSIOLOGY	HP_ABNORMAL_VISUAL_ELECTROPHYSIOLOGY		133	-0.23913288	-0.86729485	0.76647836	0.87533027	1.0	2354	tags=27%, list=22%, signal=34%	
GOBP_NEGATIVE_REGULATION_OF_PROTEIN_LOCALIZATION	GOBP_NEGATIVE_REGULATION_OF_PROTEIN_LOCALIZATION		118	-0.24047253	-0.86725175	0.802974	0.87514675	1.0	1425	tags=19%, list=14%, signal=21%	
HP_HYPOPITUITARISM	HP_HYPOPITUITARISM		84	-0.2544537	-0.86720717	0.7504762	0.87496054	1.0	1961	tags=21%, list=19%, signal=26%	
HP_CONGENITAL_NYSTAGMUS	HP_CONGENITAL_NYSTAGMUS		42	-0.28930593	-0.8669625	0.6776699	0.8752482	1.0	1308	tags=17%, list=12%, signal=19%	
HP_CONGESTIVE_HEART_FAILURE	HP_CONGESTIVE_HEART_FAILURE		131	-0.23659599	-0.86695844	0.7906067	0.8749717	1.0	1522	tags=20%, list=14%, signal=23%	
GOBP_KINETOCHORE_ORGANIZATION	GOBP_KINETOCHORE_ORGANIZATION		20	-0.33234817	-0.8669237	0.68463075	0.87476784	1.0	7024	tags=100%, list=67%, signal=301%	
HP_GINGIVITIS	HP_GINGIVITIS		19	-0.3424011	-0.86661065	0.64529055	0.87523514	1.0	1607	tags=32%, list=15%, signal=37%	
HP_HYPERCHOLESTEROLEMIA	HP_HYPERCHOLESTEROLEMIA		33	-0.29756	-0.86615	0.6773585	0.87603825	1.0	2489	tags=36%, list=24%, signal=47%	
GOBP_CEREBRAL_CORTEX_RADIALLY_ORIENTED_CELL_MIGRATION	GOBP_CEREBRAL_CORTEX_RADIALLY_ORIENTED_CELL_MIGRATION		15	-0.3578873	-0.8656978	0.65225565	0.87682813	1.0	2745	tags=53%, list=26%, signal=72%	
HP_FUNCTIONAL_MOTOR_DEFICIT	HP_FUNCTIONAL_MOTOR_DEFICIT		294	-0.21581647	-0.865537	0.8870674	0.87691504	1.0	1272	tags=14%, list=12%, signal=15%	
GOBP_NEGATIVE_REGULATION_OF_NOTCH_SIGNALING_PATHWAY	GOBP_NEGATIVE_REGULATION_OF_NOTCH_SIGNALING_PATHWAY		20	-0.34390998	-0.8651736	0.6653226	0.87747556	1.0	1854	tags=20%, list=18%, signal=24%	
HP_DIFFUSE_CEREBRAL_ATROPHY	HP_DIFFUSE_CEREBRAL_ATROPHY		27	-0.31065914	-0.86447185	0.66871166	0.87882906	1.0	1622	tags=26%, list=15%, signal=31%	
HP_ABNORMALITY_OF_THE_TARSAL_BONES	HP_ABNORMALITY_OF_THE_TARSAL_BONES		66	-0.26478404	-0.8635813	0.747495	0.8806705	1.0	1560	tags=20%, list=15%, signal=23%	
HP_ARNOLD_CHIARI_TYPE_I_MALFORMATION	HP_ARNOLD_CHIARI_TYPE_I_MALFORMATION		19	-0.33418554	-0.8633315	0.7025948	0.88098526	1.0	1743	tags=32%, list=17%, signal=38%	
HP_PROGRESSIVE_VISUAL_LOSS	HP_PROGRESSIVE_VISUAL_LOSS		59	-0.26681098	-0.8631672	0.7484909	0.88108087	1.0	1795	tags=20%, list=17%, signal=24%	
HP_OBSESSIVE_COMPULSIVE_BEHAVIOR	HP_OBSESSIVE_COMPULSIVE_BEHAVIOR		75	-0.25723097	-0.8630971	0.7561437	0.8809542	1.0	1936	tags=21%, list=18%, signal=26%	
GOBP_ORGANIC_CATION_TRANSPORT	GOBP_ORGANIC_CATION_TRANSPORT		18	-0.3455308	-0.8630608	0.66799206	0.8807528	1.0	860	tags=17%, list=8%, signal=18%	
HP_SMOOTH_PHILTRUM	HP_SMOOTH_PHILTRUM		137	-0.23387262	-0.86300355	0.7980952	0.88060915	1.0	983	tags=12%, list=9%, signal=13%	
HP_VENTRICULAR_HYPERTROPHY	HP_VENTRICULAR_HYPERTROPHY		74	-0.2565462	-0.86285734	0.74128443	0.8806466	1.0	1190	tags=16%, list=11%, signal=18%	
HP_MYOPATHY	HP_MYOPATHY		187	-0.22289926	-0.86251116	0.8693182	0.8811573	1.0	1717	tags=19%, list=16%, signal=22%	
HP_GASTROESOPHAGEAL_REFLUX	HP_GASTROESOPHAGEAL_REFLUX		264	-0.21758817	-0.8621864	0.90018487	0.8816193	1.0	1808	tags=19%, list=17%, signal=22%	
GOBP_ANTERIOR_POSTERIOR_AXIS_SPECIFICATION	GOBP_ANTERIOR_POSTERIOR_AXIS_SPECIFICATION		16	-0.34930676	-0.8618607	0.65407556	0.88207275	1.0	1956	tags=31%, list=19%, signal=38%	
GOCC_TRANS_GOLGI_NETWORK_MEMBRANE	GOCC_TRANS_GOLGI_NETWORK_MEMBRANE		65	-0.2633738	-0.8618319	0.7413793	0.88185185	1.0	1822	tags=20%, list=17%, signal=24%	
HP_ABNORMAL_SPERM_MOTILITY	HP_ABNORMAL_SPERM_MOTILITY		18	-0.3446473	-0.8614828	0.6902287	0.88235795	1.0	2053	tags=33%, list=20%, signal=41%	
GOBP_REGULATION_OF_ENDOTHELIAL_CELL_DIFFERENTIATION	GOBP_REGULATION_OF_ENDOTHELIAL_CELL_DIFFERENTIATION		20	-0.3313376	-0.86141795	0.6591837	0.8822138	1.0	920	tags=25%, list=9%, signal=27%	
GOBP_REGULATION_OF_LAMELLIPODIUM_ORGANIZATION	GOBP_REGULATION_OF_LAMELLIPODIUM_ORGANIZATION		29	-0.29970482	-0.86135775	0.7053232	0.88206214	1.0	2473	tags=31%, list=24%, signal=40%	
HP_ESOPHAGITIS	HP_ESOPHAGITIS		17	-0.3481414	-0.8613075	0.65436894	0.8818939	1.0	1855	tags=41%, list=18%, signal=50%	
GOMF_HEXOSYLTRANSFERASE_ACTIVITY	GOMF_HEXOSYLTRANSFERASE_ACTIVITY		104	-0.2430701	-0.8605117	0.79923517	0.88340783	1.0	895	tags=12%, list=9%, signal=12%	
GOMF_NUCLEOBASE_CONTAINING_COMPOUND_TRANSMEMBRANE_TRANSPORTER_ACTIVITY	GOMF_NUCLEOBASE_CONTAINING_COMPOUND_TRANSMEMBRANE_TRANSPORTER_ACTIVITY		40	-0.28561983	-0.86039996	0.71747965	0.8833797	1.0	1512	tags=23%, list=14%, signal=26%	
HP_CORNEAL_OPACITY	HP_CORNEAL_OPACITY		163	-0.22733556	-0.8603229	0.8298279	0.8832707	1.0	2001	tags=20%, list=19%, signal=24%	
HP_ABNORMALITY_OF_FACIAL_SOFT_TISSUE	HP_ABNORMALITY_OF_FACIAL_SOFT_TISSUE		283	-0.21382861	-0.86031514	0.91481483	0.8830025	1.0	1272	tags=13%, list=12%, signal=14%	
HP_DEVIATION_OF_TOES	HP_DEVIATION_OF_TOES		103	-0.24444194	-0.8601874	0.79435486	0.8830206	1.0	1308	tags=16%, list=12%, signal=18%	
HP_ABNORMALITY_OF_THE_THYROID_GLAND	HP_ABNORMALITY_OF_THE_THYROID_GLAND		258	-0.21794096	-0.85942227	0.8983364	0.8844796	1.0	1743	tags=20%, list=17%, signal=24%	
HP_ENTROPION	HP_ENTROPION		17	-0.3383337	-0.85941315	0.66871166	0.8842214	1.0	2548	tags=29%, list=24%, signal=39%	
GOBP_RESPONSE_TO_MITOCHONDRIAL_DEPOLARISATION	GOBP_RESPONSE_TO_MITOCHONDRIAL_DEPOLARISATION		17	-0.34189555	-0.8588701	0.6822811	0.8851975	1.0	645	tags=18%, list=6%, signal=19%	
GOCC_ENDOPLASMIC_RETICULUM_LUMEN	GOCC_ENDOPLASMIC_RETICULUM_LUMEN		113	-0.23947538	-0.85881466	0.8173432	0.8850449	1.0	2174	tags=26%, list=21%, signal=32%	
GOMF_CHEMOKINE_BINDING	GOMF_CHEMOKINE_BINDING		18	-0.33996868	-0.8584733	0.6714579	0.8855254	1.0	210	tags=11%, list=2%, signal=11%	
GOBP_ENDODERM_FORMATION	GOBP_ENDODERM_FORMATION		20	-0.33048868	-0.8584191	0.6673511	0.88536114	1.0	2688	tags=35%, list=26%, signal=47%	
GOBP_FC_EPSILON_RECEPTOR_SIGNALING_PATHWAY	GOBP_FC_EPSILON_RECEPTOR_SIGNALING_PATHWAY		16	-0.34518728	-0.85799706	0.66188526	0.8860374	1.0	2510	tags=31%, list=24%, signal=41%	
HP_NEOPLASM_OF_THE_PERIPHERAL_NERVOUS_SYSTEM	HP_NEOPLASM_OF_THE_PERIPHERAL_NERVOUS_SYSTEM		49	-0.2719501	-0.8577162	0.7364341	0.8863909	1.0	1218	tags=18%, list=12%, signal=21%	
GOBP_INNER_EAR_RECEPTOR_CELL_DEVELOPMENT	GOBP_INNER_EAR_RECEPTOR_CELL_DEVELOPMENT		19	-0.3386918	-0.8576198	0.6633065	0.8863228	1.0	621	tags=11%, list=6%, signal=11%	
HP_ABNORMALITY_OF_THE_MUSCULATURE_OF_THE_LIMBS	HP_ABNORMALITY_OF_THE_MUSCULATURE_OF_THE_LIMBS		316	-0.2125317	-0.85710096	0.92543024	0.8872132	1.0	1529	tags=15%, list=15%, signal=17%	
GOMF_LIGASE_ACTIVITY_FORMING_CARBON_SULFUR_BONDS	GOMF_LIGASE_ACTIVITY_FORMING_CARBON_SULFUR_BONDS		27	-0.30790767	-0.85688287	0.70666665	0.88740665	1.0	1543	tags=19%, list=15%, signal=22%	
HP_CHOLESTASIS	HP_CHOLESTASIS		147	-0.22903271	-0.85627335	0.8367347	0.8884783	1.0	1478	tags=16%, list=14%, signal=19%	
HP_HYPERPITUITARISM	HP_HYPERPITUITARISM		53	-0.27070677	-0.8562578	0.7425743	0.8882272	1.0	1743	tags=23%, list=17%, signal=27%	
HP_ABNORMAL_LARGE_INTESTINE_PHYSIOLOGY	HP_ABNORMAL_LARGE_INTESTINE_PHYSIOLOGY		32	-0.29617387	-0.8561969	0.7258687	0.8880789	1.0	1643	tags=31%, list=16%, signal=37%	
GOBP_DENDRITIC_CELL_MIGRATION	GOBP_DENDRITIC_CELL_MIGRATION		19	-0.33370695	-0.8557266	0.648855	0.8888203	1.0	1344	tags=32%, list=13%, signal=36%	
HP_CEREBELLAR_HYPOPLASIA	HP_CEREBELLAR_HYPOPLASIA		282	-0.212159	-0.8549182	0.9044118	0.8903566	1.0	1560	tags=16%, list=15%, signal=18%	
HP_SHORTENING_OF_ALL_DISTAL_PHALANGES_OF_THE_FINGERS	HP_SHORTENING_OF_ALL_DISTAL_PHALANGES_OF_THE_FINGERS		23	-0.3166148	-0.8548689	0.6841046	0.89018476	1.0	820	tags=13%, list=8%, signal=14%	
HP_BROAD_EYEBROW	HP_BROAD_EYEBROW		18	-0.33388454	-0.85449916	0.6829746	0.8907083	1.0	948	tags=17%, list=9%, signal=18%	
HP_TACHYCARDIA	HP_TACHYCARDIA		52	-0.26642066	-0.8543931	0.75581396	0.89065105	1.0	1717	tags=29%, list=16%, signal=34%	
HP_BROAD_FOREHEAD	HP_BROAD_FOREHEAD		94	-0.24113576	-0.8540047	0.8045977	0.89123476	1.0	1934	tags=23%, list=18%, signal=28%	
HP_APLASIA_HYPOPLASIA_INVOLVING_BONES_OF_THE_FEET	HP_APLASIA_HYPOPLASIA_INVOLVING_BONES_OF_THE_FEET		181	-0.22418113	-0.8539539	0.8407767	0.89106196	1.0	1308	tags=14%, list=12%, signal=16%	
HP_EARLY_ONSET_OF_SEXUAL_MATURATION	HP_EARLY_ONSET_OF_SEXUAL_MATURATION		116	-0.23490493	-0.85379946	0.8303393	0.8911075	1.0	1308	tags=14%, list=12%, signal=16%	
HP_HYPOPLASIA_OF_THE_CORPUS_CALLOSUM	HP_HYPOPLASIA_OF_THE_CORPUS_CALLOSUM		358	-0.208661	-0.8536873	0.93927896	0.89105886	1.0	1587	tags=16%, list=15%, signal=18%	
GOBP_POSITIVE_REGULATION_OF_GLIAL_CELL_DIFFERENTIATION	GOBP_POSITIVE_REGULATION_OF_GLIAL_CELL_DIFFERENTIATION		21	-0.32702467	-0.85366017	0.6857143	0.89082813	1.0	595	tags=14%, list=6%, signal=15%	
GOBP_REGULATION_OF_PROTEASOMAL_UBIQUITIN_DEPENDENT_PROTEIN_CATABOLIC_PROCESS	GOBP_REGULATION_OF_PROTEASOMAL_UBIQUITIN_DEPENDENT_PROTEIN_CATABOLIC_PROCESS		110	-0.23813954	-0.8528546	0.8501946	0.89233035	1.0	1299	tags=13%, list=12%, signal=14%	
HP_PECTUS_EXCAVATUM	HP_PECTUS_EXCAVATUM		183	-0.2243445	-0.8525179	0.8757515	0.89283144	1.0	1483	tags=15%, list=14%, signal=18%	
HP_APLASIA_HYPOPLASIA_OF_THE_CEREBELLUM	HP_APLASIA_HYPOPLASIA_OF_THE_CEREBELLUM		317	-0.2112868	-0.8520684	0.95009243	0.8935322	1.0	1560	tags=15%, list=15%, signal=17%	
HP_INTESTINAL_ATRESIA	HP_INTESTINAL_ATRESIA		33	-0.29399493	-0.85189366	0.7311412	0.8936375	1.0	1898	tags=21%, list=18%, signal=26%	
HP_ELEVATED_HEPATIC_TRANSAMINASE	HP_ELEVATED_HEPATIC_TRANSAMINASE		179	-0.22187722	-0.85149705	0.86206895	0.89425594	1.0	1478	tags=16%, list=14%, signal=19%	
HP_ABNORMAL_CHORIORETINAL_MORPHOLOGY	HP_ABNORMAL_CHORIORETINAL_MORPHOLOGY		83	-0.24290071	-0.85117525	0.7865385	0.89468175	1.0	2373	tags=25%, list=23%, signal=32%	
HP_LONG_PALPEBRAL_FISSURE	HP_LONG_PALPEBRAL_FISSURE		52	-0.26556998	-0.85113686	0.73255813	0.89447045	1.0	789	tags=10%, list=8%, signal=10%	
HP_DIALEPTIC_SEIZURE	HP_DIALEPTIC_SEIZURE		124	-0.23398712	-0.851117	0.8207547	0.89422375	1.0	2080	tags=24%, list=20%, signal=30%	
GOBP_PIGMENT_GRANULE_LOCALIZATION	GOBP_PIGMENT_GRANULE_LOCALIZATION		15	-0.35776544	-0.851014	0.7010309	0.89414006	1.0	1852	tags=20%, list=18%, signal=24%	
HP_CHRONIC_OTITIS_MEDIA	HP_CHRONIC_OTITIS_MEDIA		71	-0.2515077	-0.8508709	0.77710843	0.8941654	1.0	2053	tags=30%, list=20%, signal=37%	
GOBP_REGULATION_OF_CARBOHYDRATE_BIOSYNTHETIC_PROCESS	GOBP_REGULATION_OF_CARBOHYDRATE_BIOSYNTHETIC_PROCESS		53	-0.2693147	-0.8506376	0.74169743	0.8943801	1.0	1132	tags=17%, list=11%, signal=19%	
GOBP_PROTEIN_AUTOUBIQUITINATION	GOBP_PROTEIN_AUTOUBIQUITINATION		53	-0.26593786	-0.85045445	0.7392996	0.89449304	1.0	1063	tags=11%, list=10%, signal=13%	
HP_UNSTEADY_GAIT	HP_UNSTEADY_GAIT		108	-0.23745508	-0.8493894	0.8375734	0.89649713	1.0	1579	tags=19%, list=15%, signal=23%	
HP_MUTISM	HP_MUTISM		38	-0.2899732	-0.84933406	0.7248062	0.89634675	1.0	916	tags=16%, list=9%, signal=17%	
GOBP_GERM_CELL_DEVELOPMENT	GOBP_GERM_CELL_DEVELOPMENT		111	-0.23512389	-0.84889114	0.83364487	0.8970456	1.0	1066	tags=13%, list=10%, signal=14%	
GOBP_CALCIUM_ION_IMPORT	GOBP_CALCIUM_ION_IMPORT		31	-0.29082882	-0.84873587	0.72839504	0.89709675	1.0	1673	tags=29%, list=16%, signal=34%	
HP_ABNORMALITY_OF_THE_MENSTRUAL_CYCLE	HP_ABNORMALITY_OF_THE_MENSTRUAL_CYCLE		132	-0.23027521	-0.8479983	0.82217973	0.89840764	1.0	2294	tags=28%, list=22%, signal=35%	
GOBP_RESPONSE_TO_LIGHT_STIMULUS	GOBP_RESPONSE_TO_LIGHT_STIMULUS		176	-0.22280169	-0.8479802	0.8817204	0.89816004	1.0	1303	tags=13%, list=12%, signal=15%	
HP_OLIGODONTIA	HP_OLIGODONTIA		32	-0.2972168	-0.8479395	0.6933868	0.8979633	1.0	536	tags=16%, list=5%, signal=16%	
GOBP_RESPONSE_TO_ETHANOL	GOBP_RESPONSE_TO_ETHANOL		57	-0.26318556	-0.8477013	0.743083	0.89819914	1.0	1130	tags=18%, list=11%, signal=20%	
GOBP_NEGATIVE_REGULATION_OF_CELL_CYCLE	GOBP_NEGATIVE_REGULATION_OF_CELL_CYCLE		254	-0.21129516	-0.84709	0.92141455	0.89925236	1.0	1323	tags=11%, list=13%, signal=13%	
GOBP_HEMATOPOIETIC_STEM_CELL_DIFFERENTIATION	GOBP_HEMATOPOIETIC_STEM_CELL_DIFFERENTIATION		21	-0.330977	-0.8470257	0.6764706	0.89909786	1.0	1214	tags=29%, list=12%, signal=32%	
GOBP_ERAD_PATHWAY	GOBP_ERAD_PATHWAY		85	-0.2463955	-0.84654635	0.80464214	0.89984185	1.0	2130	tags=24%, list=20%, signal=29%	
HP_ABNORMAL_CRANIAL_NERVE_MORPHOLOGY	HP_ABNORMAL_CRANIAL_NERVE_MORPHOLOGY		150	-0.22588463	-0.8463609	0.87242025	0.8999042	1.0	1339	tags=13%, list=13%, signal=15%	
GOBP_POST_EMBRYONIC_DEVELOPMENT	GOBP_POST_EMBRYONIC_DEVELOPMENT		49	-0.26968578	-0.8462094	0.74248123	0.899927	1.0	1253	tags=18%, list=12%, signal=21%	
GOBP_NEGATIVE_REGULATION_OF_MYELOID_CELL_DIFFERENTIATION	GOBP_NEGATIVE_REGULATION_OF_MYELOID_CELL_DIFFERENTIATION		43	-0.27629533	-0.8461195	0.7634195	0.899821	1.0	1044	tags=16%, list=10%, signal=18%	
HP_CARDIOVASCULAR_CALCIFICATION	HP_CARDIOVASCULAR_CALCIFICATION		22	-0.31854647	-0.84585714	0.7209302	0.900077	1.0	932	tags=18%, list=9%, signal=20%	
HP_MYELOID_LEUKEMIA	HP_MYELOID_LEUKEMIA		15	-0.35910097	-0.8447769	0.66796875	0.902077	1.0	1209	tags=27%, list=12%, signal=30%	
HP_WIDE_INTERMAMILLARY_DISTANCE	HP_WIDE_INTERMAMILLARY_DISTANCE		65	-0.2550844	-0.8447694	0.7965451	0.9018069	1.0	1954	tags=22%, list=19%, signal=26%	
HP_ABNORMALITY_OF_THE_OVARY	HP_ABNORMALITY_OF_THE_OVARY		162	-0.22239071	-0.84469783	0.8925781	0.9016804	1.0	2202	tags=23%, list=21%, signal=29%	
HP_MIDFACE_RETRUSION	HP_MIDFACE_RETRUSION		169	-0.22335477	-0.8446862	0.8834244	0.90141433	1.0	1479	tags=14%, list=14%, signal=16%	
HP_EMPHYSEMA	HP_EMPHYSEMA		25	-0.3098235	-0.8446573	0.71789885	0.90119076	1.0	1613	tags=24%, list=15%, signal=28%	
GOBP_HISTONE_DEACETYLATION	GOBP_HISTONE_DEACETYLATION		81	-0.24960579	-0.8446427	0.78268874	0.900932	1.0	1468	tags=15%, list=14%, signal=17%	
GOBP_PEPTIDYL_L_CYSTEINE_S_PALMITOYLATION	GOBP_PEPTIDYL_L_CYSTEINE_S_PALMITOYLATION		16	-0.34558943	-0.8446068	0.67061144	0.90071535	1.0	3460	tags=50%, list=33%, signal=74%	
HP_HYPERACTIVITY	HP_HYPERACTIVITY		326	-0.20679672	-0.84336716	0.9664311	0.9030739	1.0	1939	tags=19%, list=18%, signal=22%	
HP_HAND_CLENCHING	HP_HAND_CLENCHING		15	-0.3517214	-0.8426289	0.6731898	0.90434754	1.0	3080	tags=60%, list=29%, signal=85%	
GOBP_SPINDLE_ORGANIZATION	GOBP_SPINDLE_ORGANIZATION		155	-0.22598614	-0.8425346	0.8464419	0.90426105	1.0	2039	tags=17%, list=19%, signal=21%	
HP_ABNORMAL_CIRCULATING_CREATININE_CONCENTRATION	HP_ABNORMAL_CIRCULATING_CREATININE_CONCENTRATION		15	-0.3374775	-0.8422079	0.6736402	0.9046702	1.0	73	tags=7%, list=1%, signal=7%	
GOBP_NEURAL_TUBE_DEVELOPMENT	GOBP_NEURAL_TUBE_DEVELOPMENT		90	-0.2418991	-0.84206426	0.8067729	0.9046787	1.0	1927	tags=20%, list=18%, signal=24%	
HP_ABNORMALITY_OF_CIRCULATING_ENZYME_LEVEL	HP_ABNORMALITY_OF_CIRCULATING_ENZYME_LEVEL		191	-0.21923827	-0.842031	0.9153543	0.90445435	1.0	1315	tags=15%, list=13%, signal=16%	
GOMF_FAD_BINDING	GOMF_FAD_BINDING		24	-0.3144207	-0.8420199	0.72709554	0.90418375	1.0	2354	tags=33%, list=22%, signal=43%	
HP_INCREASED_HEAD_CIRCUMFERENCE	HP_INCREASED_HEAD_CIRCUMFERENCE		303	-0.20719293	-0.8419159	0.93256265	0.9041254	1.0	2013	tags=20%, list=19%, signal=24%	
HP_DECREASED_ABSENT_ANKLE_REFLEXES	HP_DECREASED_ABSENT_ANKLE_REFLEXES		21	-0.32131755	-0.8417817	0.7047817	0.90411913	1.0	411	tags=10%, list=4%, signal=10%	
HP_ABNORMALITY_OF_CORNEAL_THICKNESS	HP_ABNORMALITY_OF_CORNEAL_THICKNESS		51	-0.2649966	-0.8417805	0.770751	0.9038342	1.0	2333	tags=31%, list=22%, signal=40%	
HP_PROGRESSIVE_NIGHT_BLINDNESS	HP_PROGRESSIVE_NIGHT_BLINDNESS		42	-0.2789264	-0.841778	0.7424547	0.90355337	1.0	2333	tags=33%, list=22%, signal=43%	
HP_GERM_CELL_NEOPLASIA	HP_GERM_CELL_NEOPLASIA		19	-0.32055068	-0.84149003	0.70124483	0.9038548	1.0	1107	tags=16%, list=11%, signal=18%	
HP_NARROW_FOREHEAD	HP_NARROW_FOREHEAD		96	-0.24078146	-0.84117097	0.82341653	0.9042528	1.0	1315	tags=15%, list=13%, signal=17%	
HP_BASAL_CELL_CARCINOMA	HP_BASAL_CELL_CARCINOMA		40	-0.2810334	-0.8398349	0.74647886	0.906741	1.0	1743	tags=20%, list=17%, signal=24%	
HP_LIMB_JOINT_CONTRACTURE	HP_LIMB_JOINT_CONTRACTURE		233	-0.21297221	-0.83981353	0.93968874	0.9064961	1.0	1575	tags=15%, list=15%, signal=18%	
GOBP_GLUCOSE_IMPORT	GOBP_GLUCOSE_IMPORT		38	-0.28481436	-0.8395471	0.7169811	0.90675783	1.0	1070	tags=16%, list=10%, signal=18%	
GOCC_CLATHRIN_COAT	GOCC_CLATHRIN_COAT		31	-0.29167953	-0.83951217	0.74319065	0.90654767	1.0	3229	tags=39%, list=31%, signal=56%	
GOBP_REGULATION_OF_MONOOXYGENASE_ACTIVITY	GOBP_REGULATION_OF_MONOOXYGENASE_ACTIVITY		29	-0.28724012	-0.8394585	0.70816326	0.9063692	1.0	925	tags=17%, list=9%, signal=19%	
HP_HEMIANOPIA	HP_HEMIANOPIA		25	-0.3076305	-0.83918464	0.7001934	0.90663815	1.0	606	tags=12%, list=6%, signal=13%	
GOBP_PROTEIN_PALMITOYLATION	GOBP_PROTEIN_PALMITOYLATION		21	-0.31945354	-0.83918434	0.68267226	0.90635216	1.0	3460	tags=48%, list=33%, signal=71%	
GOMF_CHROMATIN_BINDING	GOMF_CHROMATIN_BINDING		382	-0.20433037	-0.839098	0.9597902	0.9062493	1.0	1308	tags=12%, list=12%, signal=13%	
GOCC_SITE_OF_DNA_DAMAGE	GOCC_SITE_OF_DNA_DAMAGE		75	-0.24629132	-0.83882564	0.78557503	0.90653616	1.0	1219	tags=11%, list=12%, signal=12%	
HP_ABNORMAL_BONE_STRUCTURE	HP_ABNORMAL_BONE_STRUCTURE		444	-0.2018179	-0.8387311	0.9768786	0.9064488	1.0	1967	tags=19%, list=19%, signal=23%	
GOMF_MODIFICATION_DEPENDENT_PROTEIN_BINDING	GOMF_MODIFICATION_DEPENDENT_PROTEIN_BINDING		134	-0.22579046	-0.8387245	0.88582677	0.9061733	1.0	2606	tags=25%, list=25%, signal=33%	
HP_HIGH_FOREHEAD	HP_HIGH_FOREHEAD		210	-0.21661155	-0.838501	0.9001883	0.90634215	1.0	1579	tags=15%, list=15%, signal=18%	
HP_ABNORMALITY_OF_THE_PHALANGES_OF_THE_HALLUX	HP_ABNORMALITY_OF_THE_PHALANGES_OF_THE_HALLUX		17	-0.33733132	-0.8383122	0.6854839	0.9064253	1.0	398	tags=6%, list=4%, signal=6%	
HP_VISUAL_HALLUCINATIONS	HP_VISUAL_HALLUCINATIONS		15	-0.35104522	-0.8382166	0.7027027	0.9063284	1.0	1939	tags=27%, list=18%, signal=33%	
GOBP_POSITIVE_REGULATION_BY_HOST_OF_VIRAL_TRANSCRIPTION	GOBP_POSITIVE_REGULATION_BY_HOST_OF_VIRAL_TRANSCRIPTION		15	-0.3437496	-0.83772844	0.6723809	0.90703225	1.0	692	tags=13%, list=7%, signal=14%	
HP_FACIAL_ASYMMETRY	HP_FACIAL_ASYMMETRY		76	-0.24818052	-0.83713675	0.78723407	0.9079283	1.0	930	tags=12%, list=9%, signal=13%	
GOBP_POSTSYNAPSE_ORGANIZATION	GOBP_POSTSYNAPSE_ORGANIZATION		77	-0.24593954	-0.836782	0.7996183	0.9083586	1.0	1175	tags=16%, list=11%, signal=17%	
GOBP_PROSTANOID_METABOLIC_PROCESS	GOBP_PROSTANOID_METABOLIC_PROCESS		21	-0.31861758	-0.8365088	0.76125246	0.90860337	1.0	1098	tags=24%, list=10%, signal=27%	
HP_DIFFUSE_WHITE_MATTER_ABNORMALITIES	HP_DIFFUSE_WHITE_MATTER_ABNORMALITIES		22	-0.31091896	-0.835466	0.70974153	0.91044015	1.0	1242	tags=18%, list=12%, signal=21%	
HP_TITUBATION	HP_TITUBATION		17	-0.34260324	-0.8349565	0.7093023	0.91117376	1.0	863	tags=24%, list=8%, signal=26%	
HP_SPASTIC_PARAPARESIS	HP_SPASTIC_PARAPARESIS		39	-0.27904457	-0.8349317	0.78	0.91093504	1.0	1447	tags=26%, list=14%, signal=30%	
HP_IRREGULAR_HYPERPIGMENTATION	HP_IRREGULAR_HYPERPIGMENTATION		199	-0.21573189	-0.834581	0.91791046	0.9113636	1.0	1522	tags=14%, list=14%, signal=16%	
HP_ABNORMAL_ACETABULUM_MORPHOLOGY	HP_ABNORMAL_ACETABULUM_MORPHOLOGY		49	-0.26767012	-0.8341994	0.76	0.91185266	1.0	1279	tags=14%, list=12%, signal=16%	
GOMF_HISTONE_DEACETYLASE_BINDING	GOMF_HISTONE_DEACETYLASE_BINDING		83	-0.24417211	-0.8339792	0.84220535	0.91201925	1.0	866	tags=11%, list=8%, signal=12%	
HP_APLASIA_HYPOPLASIA_OF_THE_RIBS	HP_APLASIA_HYPOPLASIA_OF_THE_RIBS		74	-0.24504317	-0.8339278	0.8146789	0.91182655	1.0	1795	tags=24%, list=17%, signal=29%	
GOBP_MITOCHONDRIAL_FISSION	GOBP_MITOCHONDRIAL_FISSION		28	-0.30250385	-0.83365846	0.74902725	0.91207695	1.0	719	tags=11%, list=7%, signal=11%	
HP_FAILURE_TO_THRIVE_IN_INFANCY	HP_FAILURE_TO_THRIVE_IN_INFANCY		81	-0.24640831	-0.8335612	0.80943394	0.9119882	1.0	1267	tags=15%, list=12%, signal=17%	
GOBP_REGULATION_OF_LEUKOCYTE_ADHESION_TO_VASCULAR_ENDOTHELIAL_CELL	GOBP_REGULATION_OF_LEUKOCYTE_ADHESION_TO_VASCULAR_ENDOTHELIAL_CELL		17	-0.33745748	-0.8332591	0.69155204	0.9122962	1.0	1754	tags=35%, list=17%, signal=42%	
HP_ABNORMALITY_OF_THE_ABDOMINAL_WALL	HP_ABNORMALITY_OF_THE_ABDOMINAL_WALL		286	-0.20773926	-0.833064	0.97137743	0.9123827	1.0	1956	tags=20%, list=19%, signal=23%	
GOBP_POSITIVE_REGULATION_OF_APOPTOTIC_SIGNALING_PATHWAY	GOBP_POSITIVE_REGULATION_OF_APOPTOTIC_SIGNALING_PATHWAY		85	-0.24082357	-0.83267766	0.831094	0.91284424	1.0	1943	tags=26%, list=18%, signal=31%	
HP_ABNORMAL_PROSTATE_MORPHOLOGY	HP_ABNORMAL_PROSTATE_MORPHOLOGY		27	-0.3068436	-0.8326301	0.71206224	0.91265696	1.0	3316	tags=37%, list=32%, signal=54%	
HP_DIABETES_INSIPIDUS	HP_DIABETES_INSIPIDUS		29	-0.29585272	-0.8325151	0.71760154	0.9125837	1.0	1698	tags=21%, list=16%, signal=25%	
GOBP_PHOTORECEPTOR_CELL_DIFFERENTIATION	GOBP_PHOTORECEPTOR_CELL_DIFFERENTIATION		24	-0.3094528	-0.8318589	0.73146296	0.9136158	1.0	1908	tags=25%, list=18%, signal=30%	
GOBP_ASTROCYTE_DEVELOPMENT	GOBP_ASTROCYTE_DEVELOPMENT		18	-0.32532024	-0.83177257	0.7217742	0.9135062	1.0	693	tags=17%, list=7%, signal=18%	
GOBP_HETEROCHROMATIN_ORGANIZATION	GOBP_HETEROCHROMATIN_ORGANIZATION		56	-0.25817448	-0.8314256	0.7973485	0.9138742	1.0	1139	tags=13%, list=11%, signal=14%	
GOMF_PROTON_TRANSMEMBRANE_TRANSPORTER_ACTIVITY	GOMF_PROTON_TRANSMEMBRANE_TRANSPORTER_ACTIVITY		59	-0.2563533	-0.8309384	0.8015123	0.9145221	1.0	2347	tags=24%, list=22%, signal=30%	
HP_ABNORMAL_MUSCLE_FIBER_MORPHOLOGY	HP_ABNORMAL_MUSCLE_FIBER_MORPHOLOGY		127	-0.22505239	-0.83044696	0.89097744	0.9152033	1.0	625	tags=9%, list=6%, signal=9%	
GOBP_CILIUM_OR_FLAGELLUM_DEPENDENT_CELL_MOTILITY	GOBP_CILIUM_OR_FLAGELLUM_DEPENDENT_CELL_MOTILITY		35	-0.27831647	-0.83037037	0.7324219	0.9150607	1.0	1347	tags=17%, list=13%, signal=20%	
GOBP_NUCLEAR_TRANSCRIBED_MRNA_POLY_A_TAIL_SHORTENING	GOBP_NUCLEAR_TRANSCRIBED_MRNA_POLY_A_TAIL_SHORTENING		21	-0.31168726	-0.8300284	0.73333335	0.91545993	1.0	1895	tags=19%, list=18%, signal=23%	
HP_ABNORMALITY_OF_CIRCULATING_FIBRINOGEN	HP_ABNORMALITY_OF_CIRCULATING_FIBRINOGEN		23	-0.31253	-0.83001125	0.7229862	0.9152075	1.0	2094	tags=43%, list=20%, signal=54%	
GOBP_POSITIVE_REGULATION_OF_DOUBLE_STRAND_BREAK_REPAIR	GOBP_POSITIVE_REGULATION_OF_DOUBLE_STRAND_BREAK_REPAIR		49	-0.2622442	-0.8300086	0.7732558	0.9149304	1.0	339	tags=6%, list=3%, signal=6%	
GOMF_DEAMINASE_ACTIVITY	GOMF_DEAMINASE_ACTIVITY		17	-0.33927092	-0.8297216	0.6927711	0.9152041	1.0	1391	tags=29%, list=13%, signal=34%	
GOBP_REGULATION_OF_DENDRITIC_SPINE_DEVELOPMENT	GOBP_REGULATION_OF_DENDRITIC_SPINE_DEVELOPMENT		25	-0.30184293	-0.8297085	0.72	0.91493756	1.0	969	tags=16%, list=9%, signal=18%	
GOBP_ALCOHOL_BIOSYNTHETIC_PROCESS	GOBP_ALCOHOL_BIOSYNTHETIC_PROCESS		78	-0.24508516	-0.82944065	0.8234086	0.91519713	1.0	1879	tags=18%, list=18%, signal=22%	
HP_ABNORMAL_RENAL_PELVIS_MORPHOLOGY	HP_ABNORMAL_RENAL_PELVIS_MORPHOLOGY		142	-0.22380263	-0.8291976	0.869403	0.91539973	1.0	2001	tags=20%, list=19%, signal=25%	
GOBP_POSITIVE_REGULATION_OF_PROTEIN_MODIFICATION_BY_SMALL_PROTEIN_CONJUGATION_OR_REMOVAL	GOBP_POSITIVE_REGULATION_OF_PROTEIN_MODIFICATION_BY_SMALL_PROTEIN_CONJUGATION_OR_REMOVAL		112	-0.22779202	-0.82919246	0.87329435	0.915127	1.0	1183	tags=15%, list=11%, signal=17%	
GOBP_NEGATIVE_REGULATION_OF_MACROAUTOPHAGY	GOBP_NEGATIVE_REGULATION_OF_MACROAUTOPHAGY		27	-0.29951823	-0.829067	0.74693877	0.91509557	1.0	862	tags=19%, list=8%, signal=20%	
HP_ABNORMAL_CAROTID_ARTERY_MORPHOLOGY	HP_ABNORMAL_CAROTID_ARTERY_MORPHOLOGY		55	-0.25500765	-0.82902545	0.7893773	0.9148873	1.0	706	tags=9%, list=7%, signal=10%	
GOBP_SALIVARY_GLAND_DEVELOPMENT	GOBP_SALIVARY_GLAND_DEVELOPMENT		15	-0.34727362	-0.82889396	0.72032195	0.91486543	1.0	49	tags=7%, list=0%, signal=7%	
GOBP_PROTEASOME_MEDIATED_UBIQUITIN_DEPENDENT_PROTEIN_CATABOLIC_PROCESS	GOBP_PROTEASOME_MEDIATED_UBIQUITIN_DEPENDENT_PROTEIN_CATABOLIC_PROCESS		343	-0.20160553	-0.8286364	0.9771429	0.91506517	1.0	1299	tags=12%, list=12%, signal=13%	
GOBP_REGULATION_OF_VIRAL_TRANSCRIPTION	GOBP_REGULATION_OF_VIRAL_TRANSCRIPTION		17	-0.33551732	-0.8283929	0.70696723	0.9152316	1.0	710	tags=12%, list=7%, signal=13%	
HP_SOUND_SENSITIVITY	HP_SOUND_SENSITIVITY		23	-0.3066437	-0.8275744	0.7475915	0.9164965	1.0	1195	tags=17%, list=11%, signal=20%	
GOBP_NEGATIVE_REGULATION_OF_LIPID_METABOLIC_PROCESS	GOBP_NEGATIVE_REGULATION_OF_LIPID_METABOLIC_PROCESS		49	-0.25925928	-0.82752806	0.7867647	0.916296	1.0	2589	tags=37%, list=25%, signal=49%	
GOBP_NEURAL_TUBE_FORMATION	GOBP_NEURAL_TUBE_FORMATION		67	-0.24920318	-0.8269599	0.7814815	0.91710037	1.0	1114	tags=13%, list=11%, signal=15%	
HP_AUTISM	HP_AUTISM		119	-0.23023623	-0.8268999	0.8712274	0.916931	1.0	1898	tags=22%, list=18%, signal=26%	
GOBP_EMBRYONIC_PATTERN_SPECIFICATION	GOBP_EMBRYONIC_PATTERN_SPECIFICATION		21	-0.3135015	-0.8267949	0.7483731	0.9168383	1.0	1604	tags=19%, list=15%, signal=22%	
GOBP_PROTEIN_EXIT_FROM_ENDOPLASMIC_RETICULUM	GOBP_PROTEIN_EXIT_FROM_ENDOPLASMIC_RETICULUM		39	-0.2746563	-0.8260625	0.81150794	0.9179477	1.0	1897	tags=23%, list=18%, signal=28%	
HP_DECREASED_FERTILITY	HP_DECREASED_FERTILITY		93	-0.23433253	-0.82587856	0.8647619	0.9180331	1.0	2255	tags=23%, list=21%, signal=28%	
GOBP_MEIOTIC_CELL_CYCLE	GOBP_MEIOTIC_CELL_CYCLE		139	-0.22336449	-0.8255619	0.89017344	0.91837496	1.0	2464	tags=20%, list=23%, signal=26%	
GOBP_POSITIVE_REGULATION_OF_LIPID_BIOSYNTHETIC_PROCESS	GOBP_POSITIVE_REGULATION_OF_LIPID_BIOSYNTHETIC_PROCESS		41	-0.27025318	-0.8252333	0.759542	0.9187298	1.0	2611	tags=37%, list=25%, signal=48%	
HP_APLASIA_HYPOPLASIA_OF_THE_SKIN	HP_APLASIA_HYPOPLASIA_OF_THE_SKIN		113	-0.23141089	-0.82399476	0.8886827	0.9208109	1.0	595	tags=9%, list=6%, signal=9%	
HP_ENCHONDROMA	HP_ENCHONDROMA		15	-0.34100318	-0.8238055	0.7085954	0.9209004	1.0	932	tags=20%, list=9%, signal=22%	
HP_ABNORMALITY_OF_THE_SYNOVIA	HP_ABNORMALITY_OF_THE_SYNOVIA		202	-0.21447095	-0.8231637	0.92745095	0.9217806	1.0	983	tags=10%, list=9%, signal=11%	
GOBP_ESTABLISHMENT_OF_PROTEIN_LOCALIZATION_TO_MEMBRANE	GOBP_ESTABLISHMENT_OF_PROTEIN_LOCALIZATION_TO_MEMBRANE		181	-0.21509732	-0.8230789	0.9057692	0.92165315	1.0	2001	tags=22%, list=19%, signal=26%	
GOBP_POSITIVE_REGULATION_OF_UBIQUITIN_PROTEIN_TRANSFERASE_ACTIVITY	GOBP_POSITIVE_REGULATION_OF_UBIQUITIN_PROTEIN_TRANSFERASE_ACTIVITY		27	-0.29472473	-0.82277876	0.76199615	0.9219555	1.0	930	tags=15%, list=9%, signal=16%	
HP_ABNORMAL_HEART_VALVE_PHYSIOLOGY	HP_ABNORMAL_HEART_VALVE_PHYSIOLOGY		204	-0.21342124	-0.82249564	0.9487666	0.92219234	1.0	1956	tags=21%, list=19%, signal=25%	
HP_PECTUS_CARINATUM	HP_PECTUS_CARINATUM		95	-0.23300841	-0.8220689	0.8603774	0.9227129	1.0	1855	tags=19%, list=18%, signal=23%	
GOMF_PHOSPHATASE_ACTIVATOR_ACTIVITY	GOMF_PHOSPHATASE_ACTIVATOR_ACTIVITY		15	-0.3423718	-0.8220038	0.7195122	0.9225437	1.0	2662	tags=40%, list=25%, signal=53%	
GOMF_CYSTEINE_TYPE_ENDOPEPTIDASE_REGULATOR_ACTIVITY_INVOLVED_IN_APOPTOTIC_PROCESS	GOMF_CYSTEINE_TYPE_ENDOPEPTIDASE_REGULATOR_ACTIVITY_INVOLVED_IN_APOPTOTIC_PROCESS		22	-0.304295	-0.8217355	0.72469634	0.92274505	1.0	1943	tags=32%, list=18%, signal=39%	
HP_DEMYELINATING_PERIPHERAL_NEUROPATHY	HP_DEMYELINATING_PERIPHERAL_NEUROPATHY		27	-0.29317427	-0.82154304	0.7519231	0.9228294	1.0	2668	tags=33%, list=25%, signal=45%	
GOBP_OOCYTE_DIFFERENTIATION	GOBP_OOCYTE_DIFFERENTIATION		20	-0.31368092	-0.8214451	0.7328094	0.9227067	1.0	779	tags=20%, list=7%, signal=22%	
GOBP_CELL_DIVISION	GOBP_CELL_DIVISION		435	-0.19638713	-0.82135344	0.99462366	0.9226006	1.0	1788	tags=14%, list=17%, signal=16%	
HP_BRAIN_IMAGING_ABNORMALITY	HP_BRAIN_IMAGING_ABNORMALITY		80	-0.2407569	-0.8211436	0.84007704	0.9226836	1.0	976	tags=11%, list=9%, signal=12%	
HP_NARROW_PALATE	HP_NARROW_PALATE		107	-0.22975999	-0.82058537	0.8839458	0.92340726	1.0	1683	tags=18%, list=16%, signal=21%	
GOBP_POSITIVE_REGULATION_OF_COLD_INDUCED_THERMOGENESIS	GOBP_POSITIVE_REGULATION_OF_COLD_INDUCED_THERMOGENESIS		50	-0.25806022	-0.82006806	0.791498	0.92406386	1.0	1098	tags=18%, list=10%, signal=20%	
GOCC_COATED_VESICLE_MEMBRANE	GOCC_COATED_VESICLE_MEMBRANE		98	-0.23535943	-0.8193201	0.8624535	0.9251424	1.0	2564	tags=26%, list=24%, signal=33%	
HP_NORMOCYTIC_ANEMIA	HP_NORMOCYTIC_ANEMIA		16	-0.3341613	-0.81917036	0.73306775	0.9251117	1.0	1248	tags=19%, list=12%, signal=21%	
HP_SANDAL_GAP	HP_SANDAL_GAP		66	-0.24629043	-0.8188738	0.82509506	0.9253484	1.0	1560	tags=12%, list=15%, signal=14%	
GOBP_MEIOSIS_I_CELL_CYCLE_PROCESS	GOBP_MEIOSIS_I_CELL_CYCLE_PROCESS		69	-0.2471702	-0.8187272	0.835206	0.92533904	1.0	2834	tags=28%, list=27%, signal=37%	
GOBP_PLATELET_MORPHOGENESIS	GOBP_PLATELET_MORPHOGENESIS		16	-0.33323798	-0.81835455	0.7154471	0.9257313	1.0	1850	tags=25%, list=18%, signal=30%	
HP_ABNORMALITY_OF_SECONDARY_SEXUAL_HAIR	HP_ABNORMALITY_OF_SECONDARY_SEXUAL_HAIR		25	-0.29747486	-0.81833243	0.7490494	0.9254823	1.0	1698	tags=24%, list=16%, signal=29%	
GOMF_MANGANESE_ION_BINDING	GOMF_MANGANESE_ION_BINDING		46	-0.26333773	-0.81827074	0.8055556	0.92530483	1.0	2781	tags=37%, list=26%, signal=50%	
HP_ABNORMAL_URINARY_ELECTROLYTE_CONCENTRATION	HP_ABNORMAL_URINARY_ELECTROLYTE_CONCENTRATION		58	-0.258214	-0.81810397	0.82965934	0.92530465	1.0	1414	tags=17%, list=13%, signal=20%	
HP_ABNORMAL_PANCREAS_MORPHOLOGY	HP_ABNORMAL_PANCREAS_MORPHOLOGY		53	-0.25413218	-0.8179844	0.83558995	0.9252354	1.0	1954	tags=23%, list=19%, signal=28%	
GOBP_INTRINSIC_APOPTOTIC_SIGNALING_PATHWAY_IN_RESPONSE_TO_ENDOPLASMIC_RETICULUM_STRESS	GOBP_INTRINSIC_APOPTOTIC_SIGNALING_PATHWAY_IN_RESPONSE_TO_ENDOPLASMIC_RETICULUM_STRESS		46	-0.25867328	-0.8178997	0.81056464	0.9250987	1.0	2029	tags=28%, list=19%, signal=35%	
GOBP_AXIS_SPECIFICATION	GOBP_AXIS_SPECIFICATION		35	-0.2827325	-0.8172143	0.757874	0.9260362	1.0	1956	tags=29%, list=19%, signal=35%	
HP_IRIS_COLOBOMA	HP_IRIS_COLOBOMA		90	-0.23511167	-0.8166633	0.86372364	0.92676383	1.0	1279	tags=13%, list=12%, signal=15%	
GOBP_NEGATIVE_REGULATION_OF_STRIATED_MUSCLE_CELL_DIFFERENTIATION	GOBP_NEGATIVE_REGULATION_OF_STRIATED_MUSCLE_CELL_DIFFERENTIATION		15	-0.3331415	-0.8160459	0.71543086	0.9275899	1.0	595	tags=7%, list=6%, signal=7%	
HP_LIMB_UNDERGROWTH	HP_LIMB_UNDERGROWTH		144	-0.21843736	-0.81568146	0.93203884	0.92794764	1.0	1967	tags=16%, list=19%, signal=19%	
HP_ABNORMAL_ILIAC_WING_MORPHOLOGY	HP_ABNORMAL_ILIAC_WING_MORPHOLOGY		39	-0.26764512	-0.815476	0.79275656	0.9280357	1.0	2001	tags=26%, list=19%, signal=32%	
HP_ESOPHAGEAL_ATRESIA	HP_ESOPHAGEAL_ATRESIA		16	-0.33330157	-0.81482357	0.74549097	0.9289127	1.0	2311	tags=25%, list=22%, signal=32%	
GOMF_PHOSPHATASE_REGULATOR_ACTIVITY	GOMF_PHOSPHATASE_REGULATOR_ACTIVITY		68	-0.2462661	-0.8146565	0.83587784	0.9289219	1.0	2187	tags=21%, list=21%, signal=26%	
GOBP_FATTY_ACID_BETA_OXIDATION	GOBP_FATTY_ACID_BETA_OXIDATION		54	-0.25513312	-0.8143793	0.8203593	0.92912847	1.0	2354	tags=31%, list=22%, signal=40%	
GOBP_REGULATION_OF_OXIDOREDUCTASE_ACTIVITY	GOBP_REGULATION_OF_OXIDOREDUCTASE_ACTIVITY		53	-0.2566126	-0.8142121	0.82834333	0.9291293	1.0	925	tags=13%, list=9%, signal=14%	
HP_APLASIA_HYPOPLASIA_OF_THE_HALLUX	HP_APLASIA_HYPOPLASIA_OF_THE_HALLUX		44	-0.26429862	-0.8140233	0.7972973	0.92915523	1.0	1308	tags=16%, list=12%, signal=18%	
HP_ABNORMALITY_OF_TOE	HP_ABNORMALITY_OF_TOE		431	-0.1945133	-0.8139996	0.9868421	0.92891455	1.0	1529	tags=14%, list=15%, signal=15%	
GOBP_HINDBRAIN_MORPHOGENESIS	GOBP_HINDBRAIN_MORPHOGENESIS		20	-0.31272754	-0.8137561	0.7252525	0.9290587	1.0	1743	tags=30%, list=17%, signal=36%	
HP_ABNORMAL_ATRIOVENTRICULAR_CONDUCTION	HP_ABNORMAL_ATRIOVENTRICULAR_CONDUCTION		32	-0.2829937	-0.81371117	0.7905544	0.9288551	1.0	1344	tags=22%, list=13%, signal=25%	
GOBP_ERBB_SIGNALING_PATHWAY	GOBP_ERBB_SIGNALING_PATHWAY		61	-0.24809295	-0.8136389	0.84321225	0.9286959	1.0	779	tags=11%, list=7%, signal=12%	
HP_APLASIA_HYPOPLASIA_OF_THE_CEREBELLAR_VERMIS	HP_APLASIA_HYPOPLASIA_OF_THE_CEREBELLAR_VERMIS		169	-0.2139312	-0.81359667	0.9356725	0.9284795	1.0	1954	tags=18%, list=19%, signal=22%	
HP_HYPOMIMIC_FACE	HP_HYPOMIMIC_FACE		23	-0.30317423	-0.81359285	0.757085	0.9282005	1.0	549	tags=13%, list=5%, signal=14%	
GOBP_VIRAL_RELEASE_FROM_HOST_CELL	GOBP_VIRAL_RELEASE_FROM_HOST_CELL		21	-0.30830497	-0.81355405	0.72597134	0.9279822	1.0	1859	tags=33%, list=18%, signal=40%	
GOBP_MITOCHONDRIAL_CALCIUM_ION_HOMEOSTASIS	GOBP_MITOCHONDRIAL_CALCIUM_ION_HOMEOSTASIS		19	-0.31017473	-0.8125661	0.7606491	0.9294259	1.0	2121	tags=21%, list=20%, signal=26%	
GOBP_LYMPHOID_PROGENITOR_CELL_DIFFERENTIATION	GOBP_LYMPHOID_PROGENITOR_CELL_DIFFERENTIATION		17	-0.3240852	-0.81211996	0.7554241	0.9299363	1.0	1214	tags=24%, list=12%, signal=27%	
GOBP_REGULATION_OF_HISTONE_MODIFICATION	GOBP_REGULATION_OF_HISTONE_MODIFICATION		131	-0.22065258	-0.81120384	0.88721806	0.9312573	1.0	1308	tags=13%, list=12%, signal=15%	
HP_SLURRED_SPEECH	HP_SLURRED_SPEECH		21	-0.30853364	-0.811177	0.7589852	0.9310124	1.0	2335	tags=33%, list=22%, signal=43%	
HP_CUTIS_LAXA	HP_CUTIS_LAXA		75	-0.23927283	-0.81110734	0.87184465	0.9308537	1.0	1483	tags=17%, list=14%, signal=20%	
HP_ABNORMALITY_OF_VITAMIN_B_METABOLISM	HP_ABNORMALITY_OF_VITAMIN_B_METABOLISM		25	-0.29517627	-0.8108628	0.7456979	0.9310009	1.0	1319	tags=24%, list=13%, signal=27%	
HP_SCLEROCORNEA	HP_SCLEROCORNEA		27	-0.28545436	-0.8107563	0.769084	0.93091446	1.0	621	tags=7%, list=6%, signal=8%	
GOBP_ERYTHROCYTE_DEVELOPMENT	GOBP_ERYTHROCYTE_DEVELOPMENT		24	-0.29347196	-0.81035393	0.7777778	0.9313457	1.0	1528	tags=21%, list=15%, signal=24%	
HP_APLASIA_HYPOPLASIA_OF_THE_PHALANGES_OF_THE_HAND	HP_APLASIA_HYPOPLASIA_OF_THE_PHALANGES_OF_THE_HAND		138	-0.21989758	-0.8102461	0.9080675	0.9312525	1.0	820	tags=8%, list=8%, signal=9%	
HP_UPPER_LIMB_AMYOTROPHY	HP_UPPER_LIMB_AMYOTROPHY		26	-0.2902417	-0.8100275	0.7788845	0.93132347	1.0	2342	tags=42%, list=22%, signal=54%	
HP_DYSCALCULIA	HP_DYSCALCULIA		17	-0.322363	-0.8099719	0.7553816	0.93112963	1.0	1272	tags=29%, list=12%, signal=33%	
HP_MULTIPLE_JOINT_CONTRACTURES	HP_MULTIPLE_JOINT_CONTRACTURES		41	-0.2719645	-0.80974483	0.7830375	0.9312202	1.0	932	tags=10%, list=9%, signal=11%	
GOCC_TRANSPORT_VESICLE_MEMBRANE	GOCC_TRANSPORT_VESICLE_MEMBRANE		89	-0.23068023	-0.8093747	0.8685259	0.9315441	1.0	1500	tags=18%, list=14%, signal=21%	
HP_THYROIDITIS	HP_THYROIDITIS		31	-0.28934473	-0.80927837	0.77484787	0.93142635	1.0	2178	tags=45%, list=21%, signal=57%	
GOBP_NON_MOTILE_CILIUM_ASSEMBLY	GOBP_NON_MOTILE_CILIUM_ASSEMBLY		44	-0.26471052	-0.80922616	0.82051283	0.931239	1.0	2900	tags=30%, list=28%, signal=41%	
HP_RIMMED_VACUOLES	HP_RIMMED_VACUOLES		24	-0.29986057	-0.8089014	0.7690763	0.93152666	1.0	291	tags=13%, list=3%, signal=13%	
HP_POSTURAL_INSTABILITY	HP_POSTURAL_INSTABILITY		45	-0.26163822	-0.80869883	0.8193277	0.93158084	1.0	1548	tags=18%, list=15%, signal=21%	
GOBP_KINETOCHORE_ASSEMBLY	GOBP_KINETOCHORE_ASSEMBLY		15	-0.33218983	-0.80857295	0.73888886	0.93149966	1.0	7024	tags=100%, list=67%, signal=301%	
HP_ABNORMALITY_OF_THE_HALLUX	HP_ABNORMALITY_OF_THE_HALLUX		120	-0.22293906	-0.80837584	0.92655367	0.93155295	1.0	1396	tags=14%, list=13%, signal=16%	
HP_ABNORMALITY_OF_PELVIC_GIRDLE_BONE_MORPHOLOGY	HP_ABNORMALITY_OF_PELVIC_GIRDLE_BONE_MORPHOLOGY		374	-0.19655584	-0.8078398	0.99463326	0.9321949	1.0	1967	tags=17%, list=19%, signal=21%	
HP_MITRAL_VALVE_PROLAPSE	HP_MITRAL_VALVE_PROLAPSE		66	-0.2424343	-0.80763906	0.84132844	0.9322653	1.0	1961	tags=23%, list=19%, signal=28%	
HP_ABNORMAL_CORPUS_STRIATUM_MORPHOLOGY	HP_ABNORMAL_CORPUS_STRIATUM_MORPHOLOGY		28	-0.29005232	-0.80696154	0.78642714	0.9331388	1.0	932	tags=14%, list=9%, signal=16%	
HP_CAPILLARY_MALFORMATION	HP_CAPILLARY_MALFORMATION		38	-0.2716931	-0.8066015	0.79830146	0.93346906	1.0	1209	tags=16%, list=12%, signal=18%	
HP_ABNORMALITY_OF_THE_PANCREAS	HP_ABNORMALITY_OF_THE_PANCREAS		170	-0.21108119	-0.8058859	0.93869734	0.9344208	1.0	1682	tags=18%, list=16%, signal=21%	
HP_INTERICTAL_EEG_ABNORMALITY	HP_INTERICTAL_EEG_ABNORMALITY		190	-0.21033032	-0.80586106	0.93810445	0.93418175	1.0	1769	tags=19%, list=17%, signal=22%	
GOBP_MITOTIC_CHROMOSOME_CONDENSATION	GOBP_MITOTIC_CHROMOSOME_CONDENSATION		17	-0.32724816	-0.8057176	0.72244096	0.9341389	1.0	3152	tags=41%, list=30%, signal=59%	
HP_ABNORMALITY_OF_CENTRAL_NERVOUS_SYSTEM_ELECTROPHYSIOLOGY	HP_ABNORMALITY_OF_CENTRAL_NERVOUS_SYSTEM_ELECTROPHYSIOLOGY		344	-0.19792667	-0.8050026	0.99065423	0.9350312	1.0	2001	tags=20%, list=19%, signal=24%	
HP_ABNORMALITY_OF_THYROID_PHYSIOLOGY	HP_ABNORMALITY_OF_THYROID_PHYSIOLOGY		189	-0.21088445	-0.8048099	0.9605263	0.9350564	1.0	1953	tags=22%, list=19%, signal=26%	
GOBP_POLYSACCHARIDE_METABOLIC_PROCESS	GOBP_POLYSACCHARIDE_METABOLIC_PROCESS		53	-0.24973446	-0.8041052	0.8486056	0.93596995	1.0	2537	tags=32%, list=24%, signal=42%	
HP_SENSORY_AXONAL_NEUROPATHY	HP_SENSORY_AXONAL_NEUROPATHY		26	-0.2856929	-0.80347323	0.7838346	0.93675125	1.0	1267	tags=19%, list=12%, signal=22%	
HP_WEAK_CRY	HP_WEAK_CRY		21	-0.30508488	-0.8030283	0.73947895	0.93716055	1.0	2306	tags=29%, list=22%, signal=37%	
GOBP_NEGATIVE_REGULATION_OF_CELLULAR_RESPONSE_TO_GROWTH_FACTOR_STIMULUS	GOBP_NEGATIVE_REGULATION_OF_CELLULAR_RESPONSE_TO_GROWTH_FACTOR_STIMULUS		37	-0.27093285	-0.8028482	0.798419	0.93716586	1.0	595	tags=8%, list=6%, signal=9%	
HP_THYROID_CARCINOMA	HP_THYROID_CARCINOMA		37	-0.2727172	-0.8027883	0.7897839	0.93697697	1.0	1560	tags=19%, list=15%, signal=22%	
GOBP_MITOTIC_SPINDLE_ORGANIZATION	GOBP_MITOTIC_SPINDLE_ORGANIZATION		103	-0.22506037	-0.8027048	0.9028571	0.93681765	1.0	2039	tags=17%, list=19%, signal=21%	
HP_CSF_PLEOCYTOSIS	HP_CSF_PLEOCYTOSIS		16	-0.3208469	-0.8026989	0.7642436	0.93653977	1.0	1272	tags=31%, list=12%, signal=35%	
GOBP_RESPONSE_TO_STARVATION	GOBP_RESPONSE_TO_STARVATION		130	-0.2184297	-0.8026704	0.9239332	0.93629616	1.0	2526	tags=32%, list=24%, signal=41%	
HP_FRONTAL_CORTICAL_ATROPHY	HP_FRONTAL_CORTICAL_ATROPHY		41	-0.26742783	-0.80234337	0.832	0.9365346	1.0	882	tags=12%, list=8%, signal=13%	
GOMF_UBIQUITIN_BINDING	GOMF_UBIQUITIN_BINDING		88	-0.2339671	-0.8020839	0.894027	0.93664527	1.0	1946	tags=19%, list=19%, signal=24%	
HP_OMPHALOCELE	HP_OMPHALOCELE		38	-0.27211142	-0.80170214	0.79791665	0.93699354	1.0	1285	tags=13%, list=12%, signal=15%	
GOBP_REGULATION_OF_CYTOPLASMIC_TRANSPORT	GOBP_REGULATION_OF_CYTOPLASMIC_TRANSPORT		20	-0.30384892	-0.8011884	0.77932405	0.93756056	1.0	1616	tags=25%, list=15%, signal=29%	
HP_POLYMICROGYRIA	HP_POLYMICROGYRIA		183	-0.21325032	-0.80114454	0.9570094	0.9373492	1.0	1492	tags=15%, list=14%, signal=18%	
HP_ABNORMALITY_OF_THE_CALF_MUSCULATURE	HP_ABNORMALITY_OF_THE_CALF_MUSCULATURE		33	-0.27979466	-0.80099726	0.79917186	0.937301	1.0	568	tags=12%, list=5%, signal=13%	
GOBP_GLUCOSE_METABOLIC_PROCESS	GOBP_GLUCOSE_METABOLIC_PROCESS		120	-0.22142966	-0.8008088	0.90648854	0.9373236	1.0	1261	tags=13%, list=12%, signal=15%	
HP_ABNORMAL_ELASTICITY_OF_SKIN	HP_ABNORMAL_ELASTICITY_OF_SKIN		133	-0.21605134	-0.8002513	0.9318182	0.9379313	1.0	1483	tags=15%, list=14%, signal=17%	
GOMF_PHOSPHOTRANSFERASE_ACTIVITY_FOR_OTHER_SUBSTITUTED_PHOSPHATE_GROUPS	GOMF_PHOSPHOTRANSFERASE_ACTIVITY_FOR_OTHER_SUBSTITUTED_PHOSPHATE_GROUPS		19	-0.3095373	-0.80021524	0.75889325	0.9377027	1.0	1984	tags=26%, list=19%, signal=32%	
GOBP_MITOTIC_G2_M_TRANSITION_CHECKPOINT	GOBP_MITOTIC_G2_M_TRANSITION_CHECKPOINT		38	-0.26593375	-0.8001442	0.83173996	0.93753713	1.0	1183	tags=13%, list=11%, signal=15%	
GOBP_REGULATION_OF_DOUBLE_STRAND_BREAK_REPAIR	GOBP_REGULATION_OF_DOUBLE_STRAND_BREAK_REPAIR		82	-0.23481719	-0.7997572	0.87184465	0.9378271	1.0	599	tags=6%, list=6%, signal=6%	
HP_EXTERNAL_OPHTHALMOPLEGIA	HP_EXTERNAL_OPHTHALMOPLEGIA		35	-0.273951	-0.7992812	0.79611653	0.9383272	1.0	568	tags=11%, list=5%, signal=12%	
GOBP_GLIAL_CELL_PROLIFERATION	GOBP_GLIAL_CELL_PROLIFERATION		20	-0.31019413	-0.7991359	0.76744187	0.9382893	1.0	779	tags=20%, list=7%, signal=22%	
GOBP_REGULATION_OF_INTRACELLULAR_STEROID_HORMONE_RECEPTOR_SIGNALING_PATHWAY	GOBP_REGULATION_OF_INTRACELLULAR_STEROID_HORMONE_RECEPTOR_SIGNALING_PATHWAY		51	-0.25345886	-0.7981891	0.8306773	0.9394795	1.0	1201	tags=14%, list=11%, signal=15%	
GOBP_REGULATION_OF_MUSCLE_ADAPTATION	GOBP_REGULATION_OF_MUSCLE_ADAPTATION		42	-0.26302195	-0.7977459	0.78571427	0.93989176	1.0	1586	tags=24%, list=15%, signal=28%	
GOBP_PROTON_TRANSMEMBRANE_TRANSPORT	GOBP_PROTON_TRANSMEMBRANE_TRANSPORT		75	-0.23632409	-0.79644895	0.9029126	0.9416514	1.0	918	tags=9%, list=9%, signal=10%	
GOBP_REGULATION_OF_LIPID_BIOSYNTHETIC_PROCESS	GOBP_REGULATION_OF_LIPID_BIOSYNTHETIC_PROCESS		90	-0.23063885	-0.7955443	0.9199255	0.9427874	1.0	1904	tags=22%, list=18%, signal=27%	
HP_ABNORMAL_VENOUS_MORPHOLOGY	HP_ABNORMAL_VENOUS_MORPHOLOGY		69	-0.23616682	-0.79534745	0.8596838	0.9428096	1.0	2065	tags=28%, list=20%, signal=34%	
GOBP_CD4_POSITIVE_OR_CD8_POSITIVE_ALPHA_BETA_T_CELL_LINEAGE_COMMITMENT	GOBP_CD4_POSITIVE_OR_CD8_POSITIVE_ALPHA_BETA_T_CELL_LINEAGE_COMMITMENT		15	-0.32951286	-0.7952964	0.756	0.94261044	1.0	1648	tags=40%, list=16%, signal=47%	
HP_ACCESSORY_SPLEEN	HP_ACCESSORY_SPLEEN		21	-0.30331966	-0.79520273	0.7580645	0.9424832	1.0	3203	tags=33%, list=30%, signal=48%	
HP_EXAGGERATED_CUPID_S_BOW	HP_EXAGGERATED_CUPID_S_BOW		15	-0.32931522	-0.7945774	0.75189394	0.9431651	1.0	1531	tags=20%, list=15%, signal=23%	
GOBP_MITOTIC_CYTOKINESIS	GOBP_MITOTIC_CYTOKINESIS		57	-0.24923383	-0.7943889	0.8487713	0.94315183	1.0	2990	tags=33%, list=28%, signal=46%	
GOBP_NEGATIVE_REGULATION_OF_RECEPTOR_MEDIATED_ENDOCYTOSIS	GOBP_NEGATIVE_REGULATION_OF_RECEPTOR_MEDIATED_ENDOCYTOSIS		22	-0.30469522	-0.79415154	0.78043914	0.94323283	1.0	3279	tags=50%, list=31%, signal=73%	
HP_POOR_SPEECH	HP_POOR_SPEECH		190	-0.20595546	-0.7941449	0.96761906	0.94295835	1.0	1848	tags=20%, list=18%, signal=24%	
HP_BLUE_IRIDES	HP_BLUE_IRIDES		20	-0.3013527	-0.7940438	0.7654321	0.9428259	1.0	1195	tags=20%, list=11%, signal=23%	
GOBP_NEGATIVE_REGULATION_OF_INTERLEUKIN_2_PRODUCTION	GOBP_NEGATIVE_REGULATION_OF_INTERLEUKIN_2_PRODUCTION		15	-0.32061535	-0.7940108	0.7567568	0.9425977	1.0	1204	tags=27%, list=11%, signal=30%	
GOCC_SITE_OF_DOUBLE_STRAND_BREAK	GOCC_SITE_OF_DOUBLE_STRAND_BREAK		57	-0.24605301	-0.7939869	0.86732674	0.94234765	1.0	1448	tags=11%, list=14%, signal=12%	
HP_JUVENILE_ASEPTIC_NECROSIS	HP_JUVENILE_ASEPTIC_NECROSIS		21	-0.30045936	-0.79356766	0.751503	0.9427289	1.0	414	tags=10%, list=4%, signal=10%	
HP_DOLICHOCEPHALY	HP_DOLICHOCEPHALY		119	-0.218887	-0.7932206	0.92236596	0.9429618	1.0	2240	tags=23%, list=21%, signal=29%	
GOMF_ADENYLYLTRANSFERASE_ACTIVITY	GOMF_ADENYLYLTRANSFERASE_ACTIVITY		17	-0.32227474	-0.7921891	0.7598425	0.94424343	1.0	560	tags=12%, list=5%, signal=12%	
HP_MACULE	HP_MACULE		196	-0.20614427	-0.7918224	0.9749518	0.9445061	1.0	1520	tags=13%, list=14%, signal=15%	
HP_THICKENED_CALVARIA	HP_THICKENED_CALVARIA		24	-0.29606384	-0.79171765	0.81598514	0.94436324	1.0	1607	tags=21%, list=15%, signal=25%	
HP_DEATH_IN_ADULTHOOD	HP_DEATH_IN_ADULTHOOD		32	-0.27262858	-0.7914954	0.825	0.9444085	1.0	1317	tags=16%, list=13%, signal=18%	
HP_MICROPENIS	HP_MICROPENIS		140	-0.2134847	-0.79125255	0.958498	0.94448847	1.0	1523	tags=16%, list=14%, signal=19%	
GOBP_STEROL_METABOLIC_PROCESS	GOBP_STEROL_METABOLIC_PROCESS		79	-0.23201287	-0.79102606	0.90457255	0.9445458	1.0	2611	tags=29%, list=25%, signal=38%	
HP_CONGENITAL_HIP_DISLOCATION	HP_CONGENITAL_HIP_DISLOCATION		44	-0.2573175	-0.7907269	0.8721374	0.9447083	1.0	625	tags=11%, list=6%, signal=12%	
HP_HYPOPLASTIC_FEMALE_EXTERNAL_GENITALIA	HP_HYPOPLASTIC_FEMALE_EXTERNAL_GENITALIA		35	-0.26914278	-0.79059	0.8470149	0.9446282	1.0	3329	tags=46%, list=32%, signal=67%	
HP_RETINAL_HEMORRHAGE	HP_RETINAL_HEMORRHAGE		18	-0.31363553	-0.79037046	0.77734375	0.9446968	1.0	2548	tags=39%, list=24%, signal=51%	
GOBP_CORONARY_VASCULATURE_DEVELOPMENT	GOBP_CORONARY_VASCULATURE_DEVELOPMENT		23	-0.29661664	-0.7893118	0.78775513	0.9460428	1.0	760	tags=13%, list=7%, signal=14%	
HP_HORIZONTAL_NYSTAGMUS	HP_HORIZONTAL_NYSTAGMUS		46	-0.2531929	-0.7892076	0.84950495	0.94591284	1.0	2029	tags=26%, list=19%, signal=32%	
HP_2_3_TOE_SYNDACTYLY	HP_2_3_TOE_SYNDACTYLY		58	-0.24423632	-0.7885031	0.85685486	0.94665843	1.0	1000	tags=10%, list=10%, signal=11%	
GOBP_GLANDULAR_EPITHELIAL_CELL_DEVELOPMENT	GOBP_GLANDULAR_EPITHELIAL_CELL_DEVELOPMENT		15	-0.32506752	-0.7885013	0.76617956	0.9463788	1.0	1743	tags=27%, list=17%, signal=32%	
HP_ABNORMALITY_OF_THE_PITUITARY_GLAND	HP_ABNORMALITY_OF_THE_PITUITARY_GLAND		156	-0.21185935	-0.7884058	0.9692029	0.94623584	1.0	1743	tags=17%, list=17%, signal=20%	
GOBP_SMOOTH_MUSCLE_CELL_DIFFERENTIATION	GOBP_SMOOTH_MUSCLE_CELL_DIFFERENTIATION		19	-0.31301004	-0.78835994	0.7842324	0.94601583	1.0	1805	tags=26%, list=17%, signal=32%	
GOBP_ESTABLISHMENT_OF_EPITHELIAL_CELL_POLARITY	GOBP_ESTABLISHMENT_OF_EPITHELIAL_CELL_POLARITY		21	-0.30757558	-0.7877445	0.77380955	0.94662917	1.0	1506	tags=19%, list=14%, signal=22%	
GOBP_REGULATION_OF_CALCIUM_MEDIATED_SIGNALING	GOBP_REGULATION_OF_CALCIUM_MEDIATED_SIGNALING		38	-0.26076686	-0.7876772	0.83992094	0.94644487	1.0	2327	tags=32%, list=22%, signal=40%	
GOBP_POSITIVE_REGULATION_OF_RESPONSE_TO_ENDOPLASMIC_RETICULUM_STRESS	GOBP_POSITIVE_REGULATION_OF_RESPONSE_TO_ENDOPLASMIC_RETICULUM_STRESS		27	-0.28487113	-0.7873453	0.8080808	0.9466291	1.0	1702	tags=19%, list=16%, signal=22%	
GOBP_REGULATION_OF_ALCOHOL_BIOSYNTHETIC_PROCESS	GOBP_REGULATION_OF_ALCOHOL_BIOSYNTHETIC_PROCESS		23	-0.29732293	-0.7871239	0.77096117	0.946684	1.0	1815	tags=22%, list=17%, signal=26%	
HP_SOMATIC_MUTATION	HP_SOMATIC_MUTATION		124	-0.21710622	-0.7868499	0.93939394	0.9467988	1.0	1834	tags=18%, list=17%, signal=21%	
GOBP_REGULATION_OF_SYNAPTIC_TRANSMISSION_GLUTAMATERGIC	GOBP_REGULATION_OF_SYNAPTIC_TRANSMISSION_GLUTAMATERGIC		17	-0.31695274	-0.786489	0.75	0.947052	1.0	1754	tags=29%, list=17%, signal=35%	
GOBP_BRANCHING_MORPHOGENESIS_OF_AN_EPITHELIAL_TUBE	GOBP_BRANCHING_MORPHOGENESIS_OF_AN_EPITHELIAL_TUBE		51	-0.2501002	-0.7861601	0.8373494	0.9472391	1.0	1241	tags=14%, list=12%, signal=15%	
HP_LARGE_HANDS	HP_LARGE_HANDS		28	-0.2762991	-0.7859026	0.7830375	0.9473275	1.0	2202	tags=29%, list=21%, signal=36%	
GOBP_LIMBIC_SYSTEM_DEVELOPMENT	GOBP_LIMBIC_SYSTEM_DEVELOPMENT		54	-0.24515972	-0.7857166	0.8416988	0.94729877	1.0	1895	tags=19%, list=18%, signal=22%	
GOBP_POSITIVE_REGULATION_OF_MITOTIC_NUCLEAR_DIVISION	GOBP_POSITIVE_REGULATION_OF_MITOTIC_NUCLEAR_DIVISION		23	-0.29038867	-0.78437674	0.79133856	0.94895357	1.0	542	tags=9%, list=5%, signal=9%	
HP_DRY_SKIN	HP_DRY_SKIN		98	-0.22115499	-0.78414756	0.92156863	0.9490217	1.0	1954	tags=21%, list=19%, signal=26%	
GOBP_AMINOGLYCAN_CATABOLIC_PROCESS	GOBP_AMINOGLYCAN_CATABOLIC_PROCESS		15	-0.32527104	-0.7840208	0.798	0.94893277	1.0	89	tags=7%, list=1%, signal=7%	
HP_ABNORMALITY_OF_THE_DIENCEPHALON	HP_ABNORMALITY_OF_THE_DIENCEPHALON		70	-0.23660761	-0.7838753	0.8976834	0.9488675	1.0	2178	tags=24%, list=21%, signal=30%	
HP_AMBLYOPIA	HP_AMBLYOPIA		46	-0.2545305	-0.78374994	0.8638132	0.9487742	1.0	2492	tags=30%, list=24%, signal=40%	
HP_RETINAL_DYSTROPHY	HP_RETINAL_DYSTROPHY		178	-0.20649844	-0.7836482	0.9729207	0.94863683	1.0	2354	tags=28%, list=22%, signal=35%	
HP_SYNDACTYLY	HP_SYNDACTYLY		228	-0.20013295	-0.78320295	0.98741007	0.9489877	1.0	1961	tags=17%, list=19%, signal=20%	
HP_HYPOKALEMIA	HP_HYPOKALEMIA		22	-0.29345566	-0.7823455	0.7919075	0.949894	1.0	2327	tags=41%, list=22%, signal=52%	
HP_SELF_INJURIOUS_BEHAVIOR	HP_SELF_INJURIOUS_BEHAVIOR		107	-0.21684697	-0.7810234	0.9514019	0.95149356	1.0	1577	tags=19%, list=15%, signal=22%	
HP_DISTAL_UPPER_LIMB_AMYOTROPHY	HP_DISTAL_UPPER_LIMB_AMYOTROPHY		22	-0.29325473	-0.7808842	0.8	0.9514121	1.0	821	tags=18%, list=8%, signal=20%	
HP_NEURODEGENERATION	HP_NEURODEGENERATION		63	-0.23909831	-0.7807771	0.8786127	0.95128185	1.0	1181	tags=14%, list=11%, signal=16%	
GOCC_INTRACILIARY_TRANSPORT_PARTICLE	GOCC_INTRACILIARY_TRANSPORT_PARTICLE		20	-0.30167738	-0.7805147	0.8031189	0.95138854	1.0	2311	tags=25%, list=22%, signal=32%	
GOMF_DYNEIN_COMPLEX_BINDING	GOMF_DYNEIN_COMPLEX_BINDING		16	-0.31768414	-0.78037745	0.7936508	0.95129925	1.0	2642	tags=31%, list=25%, signal=42%	
HP_MORPHOLOGICAL_ABNORMALITY_OF_THE_CORTICOSPINAL_TRACT	HP_MORPHOLOGICAL_ABNORMALITY_OF_THE_CORTICOSPINAL_TRACT		38	-0.26163194	-0.7797614	0.8540856	0.9519002	1.0	1195	tags=18%, list=11%, signal=21%	
HP_ROUND_FACE	HP_ROUND_FACE		73	-0.23330279	-0.7796343	0.9115385	0.9517989	1.0	1833	tags=21%, list=17%, signal=25%	
GOBP_POSITIVE_REGULATION_OF_CALCIUM_ION_TRANSPORT_INTO_CYTOSOL	GOBP_POSITIVE_REGULATION_OF_CALCIUM_ION_TRANSPORT_INTO_CYTOSOL		20	-0.29702562	-0.77938116	0.8	0.9518803	1.0	2327	tags=25%, list=22%, signal=32%	
HP_MULTIPLE_LIPOMAS	HP_MULTIPLE_LIPOMAS		19	-0.3060015	-0.7792	0.78557116	0.95184803	1.0	1218	tags=21%, list=12%, signal=24%	
GOBP_THYMUS_DEVELOPMENT	GOBP_THYMUS_DEVELOPMENT		28	-0.28039858	-0.778397	0.8055556	0.9526756	1.0	1308	tags=18%, list=12%, signal=20%	
HP_ATELECTASIS	HP_ATELECTASIS		26	-0.27918428	-0.7783089	0.8142857	0.95251226	1.0	2080	tags=42%, list=20%, signal=53%	
GOCC_CULLIN_RING_UBIQUITIN_LIGASE_COMPLEX	GOCC_CULLIN_RING_UBIQUITIN_LIGASE_COMPLEX		139	-0.21262382	-0.77758265	0.9456311	0.95322573	1.0	2319	tags=22%, list=22%, signal=27%	
HP_ABNORMAL_HAIR_WHORL	HP_ABNORMAL_HAIR_WHORL		50	-0.24530031	-0.77683544	0.8814969	0.95394534	1.0	1017	tags=12%, list=10%, signal=13%	
GOBP_GLYCOSPHINGOLIPID_BIOSYNTHETIC_PROCESS	GOBP_GLYCOSPHINGOLIPID_BIOSYNTHETIC_PROCESS		18	-0.30993342	-0.7766368	0.7751371	0.95393133	1.0	1857	tags=28%, list=18%, signal=34%	
HP_INTELLECTUAL_DISABILITY_SEVERE	HP_INTELLECTUAL_DISABILITY_SEVERE		301	-0.19272986	-0.77439725	0.9961014	0.9566872	1.0	1956	tags=18%, list=19%, signal=21%	
HP_ABNORMAL_ANATOMIC_LOCATION_OF_THE_HEART	HP_ABNORMAL_ANATOMIC_LOCATION_OF_THE_HEART		52	-0.24747762	-0.7742404	0.89463603	0.9566057	1.0	2053	tags=23%, list=20%, signal=29%	
HP_INFECTION_RELATED_SEIZURE	HP_INFECTION_RELATED_SEIZURE		56	-0.24246742	-0.7739394	0.89	0.95671767	1.0	1456	tags=18%, list=14%, signal=21%	
HP_HYPOPIGMENTED_MACULE	HP_HYPOPIGMENTED_MACULE		18	-0.30203953	-0.7734644	0.7942857	0.95706475	1.0	1218	tags=17%, list=12%, signal=19%	
HP_NAUSEA	HP_NAUSEA		51	-0.2429803	-0.7730373	0.8754864	0.9573561	1.0	1523	tags=24%, list=14%, signal=27%	
GOBP_PORPHYRIN_CONTAINING_COMPOUND_METABOLIC_PROCESS	GOBP_PORPHYRIN_CONTAINING_COMPOUND_METABOLIC_PROCESS		34	-0.26867834	-0.7727371	0.85549134	0.957464	1.0	1064	tags=9%, list=10%, signal=10%	
GOBP_MUSCLE_CELL_MIGRATION	GOBP_MUSCLE_CELL_MIGRATION		40	-0.2580188	-0.7702721	0.8552381	0.96041673	1.0	1743	tags=20%, list=17%, signal=24%	
HP_LOW_SET_POSTERIORLY_ROTATED_EARS	HP_LOW_SET_POSTERIORLY_ROTATED_EARS		192	-0.19898589	-0.76996475	0.98333335	0.96050316	1.0	1468	tags=14%, list=14%, signal=16%	
GOBP_POSITIVE_REGULATION_OF_CALCIUM_MEDIATED_SIGNALING	GOBP_POSITIVE_REGULATION_OF_CALCIUM_MEDIATED_SIGNALING		16	-0.31275737	-0.7696437	0.77319586	0.96063495	1.0	2174	tags=31%, list=21%, signal=39%	
GOBP_REGULATION_OF_MUSCLE_HYPERTROPHY	GOBP_REGULATION_OF_MUSCLE_HYPERTROPHY		31	-0.2724766	-0.7686306	0.8442623	0.961649	1.0	1586	tags=26%, list=15%, signal=30%	
GOBP_MITOTIC_DNA_INTEGRITY_CHECKPOINT_SIGNALING	GOBP_MITOTIC_DNA_INTEGRITY_CHECKPOINT_SIGNALING		67	-0.2311533	-0.7679171	0.9158513	0.9622751	1.0	1241	tags=13%, list=12%, signal=15%	
GOMF_NUCLEOTIDE_TRANSMEMBRANE_TRANSPORTER_ACTIVITY	GOMF_NUCLEOTIDE_TRANSMEMBRANE_TRANSPORTER_ACTIVITY		22	-0.28754365	-0.7678502	0.8187023	0.962075	1.0	1485	tags=23%, list=14%, signal=26%	
HP_CLUBBING_OF_FINGERS	HP_CLUBBING_OF_FINGERS		19	-0.2930464	-0.7661908	0.8	0.9638835	1.0	1945	tags=32%, list=19%, signal=39%	
GOBP_CELLULAR_RESPONSE_TO_STARVATION	GOBP_CELLULAR_RESPONSE_TO_STARVATION		110	-0.21413988	-0.76590294	0.9720559	0.9639539	1.0	2526	tags=30%, list=24%, signal=39%	
GOMF_MAP_KINASE_KINASE_KINASE_ACTIVITY	GOMF_MAP_KINASE_KINASE_KINASE_ACTIVITY		18	-0.30370933	-0.76584274	0.8	0.9637487	1.0	2284	tags=33%, list=22%, signal=43%	
HP_CAVUM_SEPTUM_PELLUCIDUM	HP_CAVUM_SEPTUM_PELLUCIDUM		17	-0.3064976	-0.7654081	0.79518074	0.9639974	1.0	1927	tags=24%, list=18%, signal=29%	
HP_SUPERNUMERARY_SPLEENS	HP_SUPERNUMERARY_SPLEENS		34	-0.2622465	-0.7645687	0.85333335	0.9647406	1.0	2053	tags=24%, list=20%, signal=29%	
GOMF_SULFUR_COMPOUND_TRANSMEMBRANE_TRANSPORTER_ACTIVITY	GOMF_SULFUR_COMPOUND_TRANSMEMBRANE_TRANSPORTER_ACTIVITY		29	-0.27081624	-0.7645201	0.8276515	0.964519	1.0	976	tags=10%, list=9%, signal=11%	
HP_EMG_CHRONIC_DENERVATION_SIGNS	HP_EMG_CHRONIC_DENERVATION_SIGNS		20	-0.29640138	-0.763076	0.80961925	0.966031	1.0	788	tags=20%, list=7%, signal=22%	
HP_PANNICULITIS	HP_PANNICULITIS		19	-0.29511952	-0.7626419	0.8265107	0.96628493	1.0	1644	tags=26%, list=16%, signal=31%	
HP_RECURRENT_SINOPULMONARY_INFECTIONS	HP_RECURRENT_SINOPULMONARY_INFECTIONS		21	-0.2872395	-0.76235366	0.79324055	0.9663523	1.0	2335	tags=48%, list=22%, signal=61%	
GOBP_REGULATION_OF_REACTIVE_OXYGEN_SPECIES_BIOSYNTHETIC_PROCESS	GOBP_REGULATION_OF_REACTIVE_OXYGEN_SPECIES_BIOSYNTHETIC_PROCESS		19	-0.30050385	-0.76146966	0.8052209	0.9671482	1.0	1130	tags=21%, list=11%, signal=24%	
HP_DELAYED_ERUPTION_OF_TEETH	HP_DELAYED_ERUPTION_OF_TEETH		115	-0.21152009	-0.761408	0.9718574	0.96693766	1.0	715	tags=8%, list=7%, signal=8%	
HP_VERTEBRAL_SEGMENTATION_DEFECT	HP_VERTEBRAL_SEGMENTATION_DEFECT		71	-0.23026244	-0.7608477	0.9393382	0.9673298	1.0	1953	tags=23%, list=19%, signal=27%	
GOBP_SCF_DEPENDENT_PROTEASOMAL_UBIQUITIN_DEPENDENT_PROTEIN_CATABOLIC_PROCESS	GOBP_SCF_DEPENDENT_PROTEASOMAL_UBIQUITIN_DEPENDENT_PROTEIN_CATABOLIC_PROCESS		37	-0.26027614	-0.76077443	0.88721806	0.9671289	1.0	3139	tags=38%, list=30%, signal=54%	
HP_NEOPLASM_OF_THE_ENDOCRINE_SYSTEM	HP_NEOPLASM_OF_THE_ENDOCRINE_SYSTEM		94	-0.22017251	-0.760729	0.9484733	0.9669067	1.0	1560	tags=16%, list=15%, signal=19%	
GOBP_ORGANISM_EMERGENCE_FROM_PROTECTIVE_STRUCTURE	GOBP_ORGANISM_EMERGENCE_FROM_PROTECTIVE_STRUCTURE		17	-0.30349982	-0.7607196	0.8044355	0.96663404	1.0	140	tags=6%, list=1%, signal=6%	
GOBP_CELL_CYCLE_DNA_REPLICATION	GOBP_CELL_CYCLE_DNA_REPLICATION		37	-0.2582809	-0.76070696	0.87626773	0.966365	1.0	90	tags=3%, list=1%, signal=3%	
HP_PROSTATE_NEOPLASM	HP_PROSTATE_NEOPLASM		23	-0.28601927	-0.7604033	0.83264464	0.96645343	1.0	3316	tags=35%, list=32%, signal=51%	
HP_HYPOPLASIA_OF_PENIS	HP_HYPOPLASIA_OF_PENIS		254	-0.19299968	-0.7600321	0.9883041	0.96659964	1.0	1242	tags=14%, list=12%, signal=15%	
HP_NEVUS	HP_NEVUS		90	-0.21859582	-0.7598642	0.9373814	0.96651506	1.0	1209	tags=13%, list=12%, signal=15%	
HP_PROMINENT_NOSE	HP_PROMINENT_NOSE		60	-0.2346886	-0.75966907	0.90135396	0.9664639	1.0	1279	tags=12%, list=12%, signal=13%	
GOCC_UBIQUITIN_LIGASE_COMPLEX	GOCC_UBIQUITIN_LIGASE_COMPLEX		250	-0.19267422	-0.75900394	0.9927798	0.9669565	1.0	2062	tags=16%, list=20%, signal=20%	
HP_DECREASED_FACIAL_EXPRESSION	HP_DECREASED_FACIAL_EXPRESSION		78	-0.22449586	-0.7589023	0.9268775	0.96678793	1.0	1268	tags=14%, list=12%, signal=16%	
GOBP_TUBULIN_DEACETYLATION	GOBP_TUBULIN_DEACETYLATION		16	-0.31091884	-0.75889707	0.8223062	0.96651006	1.0	536	tags=13%, list=5%, signal=13%	
GOBP_REGULATION_OF_TRIGLYCERIDE_METABOLIC_PROCESS	GOBP_REGULATION_OF_TRIGLYCERIDE_METABOLIC_PROCESS		24	-0.28137872	-0.75865877	0.8265107	0.96651024	1.0	2745	tags=46%, list=26%, signal=62%	
HP_APLASIA_HYPOPLASIA_OF_THE_BREASTS	HP_APLASIA_HYPOPLASIA_OF_THE_BREASTS		32	-0.26199508	-0.7585095	0.8517786	0.9663944	1.0	1898	tags=19%, list=18%, signal=23%	
HP_ABNORMALITY_OF_NEURONAL_MIGRATION	HP_ABNORMALITY_OF_NEURONAL_MIGRATION		343	-0.18632202	-0.75665146	1.0	0.9682477	1.0	1339	tags=12%, list=13%, signal=13%	
HP_ABNORMALITY_OF_SKELETAL_MATURATION	HP_ABNORMALITY_OF_SKELETAL_MATURATION		232	-0.19325152	-0.7565756	0.9939516	0.96806157	1.0	2270	tags=20%, list=22%, signal=25%	
HP_ABNORMAL_LABIA_MAJORA_MORPHOLOGY	HP_ABNORMAL_LABIA_MAJORA_MORPHOLOGY		28	-0.2710582	-0.7554633	0.83677685	0.969058	1.0	3444	tags=54%, list=33%, signal=79%	
GOCC_SCF_UBIQUITIN_LIGASE_COMPLEX	GOCC_SCF_UBIQUITIN_LIGASE_COMPLEX		47	-0.23988053	-0.7551707	0.9017094	0.9691036	1.0	3139	tags=38%, list=30%, signal=54%	
GOBP_FATTY_ACID_DERIVATIVE_METABOLIC_PROCESS	GOBP_FATTY_ACID_DERIVATIVE_METABOLIC_PROCESS		38	-0.2533244	-0.7551329	0.88314176	0.96886224	1.0	2220	tags=32%, list=21%, signal=40%	
HP_ABNORMAL_LABIA_MORPHOLOGY	HP_ABNORMAL_LABIA_MORPHOLOGY		45	-0.24369551	-0.7539805	0.884	0.969894	1.0	3329	tags=47%, list=32%, signal=68%	
GOBP_REGULATION_OF_NUCLEAR_TRANSCRIBED_MRNA_CATABOLIC_PROCESS_DEADENYLATION_DEPENDENT_DECAY	GOBP_REGULATION_OF_NUCLEAR_TRANSCRIBED_MRNA_CATABOLIC_PROCESS_DEADENYLATION_DEPENDENT_DECAY		20	-0.29191542	-0.7539569	0.83082706	0.969635	1.0	443	tags=10%, list=4%, signal=10%	
HP_WIDENED_SUBARACHNOID_SPACE	HP_WIDENED_SUBARACHNOID_SPACE		54	-0.23742716	-0.75377077	0.92	0.96955246	1.0	1433	tags=17%, list=14%, signal=19%	
HP_TETRAPLEGIA	HP_TETRAPLEGIA		21	-0.28959107	-0.7531412	0.851272	0.97000617	1.0	670	tags=14%, list=6%, signal=15%	
GOMF_CULLIN_FAMILY_PROTEIN_BINDING	GOMF_CULLIN_FAMILY_PROTEIN_BINDING		22	-0.2905238	-0.75300545	0.82703775	0.9698647	1.0	1976	tags=27%, list=19%, signal=34%	
HP_COLOBOMA	HP_COLOBOMA		132	-0.20448309	-0.75240684	0.986166	0.970245	1.0	1279	tags=13%, list=12%, signal=14%	
HP_LOW_POSTERIOR_HAIRLINE	HP_LOW_POSTERIOR_HAIRLINE		71	-0.22474867	-0.75232947	0.9316888	0.9700434	1.0	1381	tags=13%, list=13%, signal=14%	
GOBP_CD8_POSITIVE_ALPHA_BETA_T_CELL_ACTIVATION	GOBP_CD8_POSITIVE_ALPHA_BETA_T_CELL_ACTIVATION		15	-0.31254905	-0.75228316	0.7961905	0.9698132	1.0	342	tags=13%, list=3%, signal=14%	
HP_DILATED_CARDIOMYOPATHY	HP_DILATED_CARDIOMYOPATHY		84	-0.2196302	-0.7522549	0.9317739	0.9695563	1.0	2233	tags=24%, list=21%, signal=30%	
GOBP_CEREBRAL_CORTEX_DEVELOPMENT	GOBP_CEREBRAL_CORTEX_DEVELOPMENT		58	-0.23207276	-0.7516281	0.91762453	0.96995944	1.0	2055	tags=24%, list=20%, signal=30%	
HP_ATRIAL_ARRHYTHMIA	HP_ATRIAL_ARRHYTHMIA		22	-0.28612646	-0.75129443	0.8368522	0.97005165	1.0	2178	tags=27%, list=21%, signal=34%	
HP_HYPOPLASIA_OF_TEETH	HP_HYPOPLASIA_OF_TEETH		62	-0.23053758	-0.7512536	0.9315589	0.9698125	1.0	1751	tags=18%, list=17%, signal=21%	
HP_LIMB_DYSTONIA	HP_LIMB_DYSTONIA		39	-0.24689387	-0.75000703	0.88667995	0.97093195	1.0	882	tags=10%, list=8%, signal=11%	
GOMF_PRIMARY_ACTIVE_TRANSMEMBRANE_TRANSPORTER_ACTIVITY	GOMF_PRIMARY_ACTIVE_TRANSMEMBRANE_TRANSPORTER_ACTIVITY		107	-0.21154095	-0.74968404	0.95019156	0.97102094	1.0	1619	tags=17%, list=15%, signal=20%	
GOMF_PROTEIN_SERINE_THREONINE_PHOSPHATASE_ACTIVITY	GOMF_PROTEIN_SERINE_THREONINE_PHOSPHATASE_ACTIVITY		73	-0.21966414	-0.7492341	0.9466119	0.97123206	1.0	980	tags=8%, list=9%, signal=9%	
GOBP_NEGATIVE_REGULATION_OF_HISTONE_MODIFICATION	GOBP_NEGATIVE_REGULATION_OF_HISTONE_MODIFICATION		35	-0.25580588	-0.7489345	0.8914729	0.9712721	1.0	1468	tags=23%, list=14%, signal=26%	
GOBP_PURINE_NUCLEOTIDE_CATABOLIC_PROCESS	GOBP_PURINE_NUCLEOTIDE_CATABOLIC_PROCESS		30	-0.26242328	-0.7488801	0.8648649	0.97104174	1.0	1456	tags=20%, list=14%, signal=23%	
HP_UNDERDEVELOPED_SUPRAORBITAL_RIDGES	HP_UNDERDEVELOPED_SUPRAORBITAL_RIDGES		36	-0.2525926	-0.7488467	0.8762279	0.9707885	1.0	874	tags=14%, list=8%, signal=15%	
GOBP_GPI_ANCHOR_METABOLIC_PROCESS	GOBP_GPI_ANCHOR_METABOLIC_PROCESS		28	-0.26920816	-0.74873465	0.88353413	0.9706149	1.0	1810	tags=25%, list=17%, signal=30%	
HP_DECREASED_FERTILITY_IN_MALES	HP_DECREASED_FERTILITY_IN_MALES		53	-0.2369724	-0.7483209	0.9207317	0.97077173	1.0	2255	tags=25%, list=21%, signal=31%	
HP_ABNORMAL_METACARPAL_MORPHOLOGY	HP_ABNORMAL_METACARPAL_MORPHOLOGY		95	-0.21184722	-0.7479235	0.97011954	0.9709313	1.0	1961	tags=19%, list=19%, signal=23%	
GOBP_REGULATION_OF_PROTEIN_ACETYLATION	GOBP_REGULATION_OF_PROTEIN_ACETYLATION		59	-0.23018005	-0.74744064	0.93045115	0.9711796	1.0	1241	tags=12%, list=12%, signal=13%	
GOBP_MEIOTIC_CELL_CYCLE_PROCESS	GOBP_MEIOTIC_CELL_CYCLE_PROCESS		106	-0.21070871	-0.7466365	0.97328246	0.97173554	1.0	2834	tags=24%, list=27%, signal=32%	
HP_CRANIAL_HYPEROSTOSIS	HP_CRANIAL_HYPEROSTOSIS		30	-0.25881746	-0.7459355	0.8868687	0.9722013	1.0	1520	tags=17%, list=14%, signal=19%	
GOBP_SPERM_MOTILITY	GOBP_SPERM_MOTILITY		28	-0.26222572	-0.7453838	0.8851485	0.9724904	1.0	2821	tags=36%, list=27%, signal=49%	
GOMF_ANTIGEN_BINDING	GOMF_ANTIGEN_BINDING		17	-0.30479807	-0.74504215	0.84381336	0.9725683	1.0	1735	tags=41%, list=17%, signal=49%	
HP_ULNAR_DEVIATION_OF_THE_HAND_OR_OF_FINGERS_OF_THE_HAND	HP_ULNAR_DEVIATION_OF_THE_HAND_OR_OF_FINGERS_OF_THE_HAND		19	-0.2916947	-0.74439955	0.86027944	0.9729464	1.0	1285	tags=16%, list=12%, signal=18%	
GOMF_EXODEOXYRIBONUCLEASE_ACTIVITY	GOMF_EXODEOXYRIBONUCLEASE_ACTIVITY		20	-0.2832681	-0.7427425	0.8639053	0.97439986	1.0	1152	tags=20%, list=11%, signal=22%	
GOBP_PANCREAS_DEVELOPMENT	GOBP_PANCREAS_DEVELOPMENT		25	-0.2671404	-0.74237573	0.86717266	0.9744942	1.0	3088	tags=40%, list=29%, signal=57%	
GOBP_TETRAPYRROLE_METABOLIC_PROCESS	GOBP_TETRAPYRROLE_METABOLIC_PROCESS		43	-0.24330066	-0.7422589	0.9210019	0.9743317	1.0	1064	tags=9%, list=10%, signal=10%	
HP_METHYLMALONIC_ACIDURIA	HP_METHYLMALONIC_ACIDURIA		15	-0.30188173	-0.74131316	0.83137256	0.97502905	1.0	659	tags=13%, list=6%, signal=14%	
GOBP_REGULATION_OF_GLUCOSE_IMPORT	GOBP_REGULATION_OF_GLUCOSE_IMPORT		30	-0.26406145	-0.7411848	0.8464567	0.97487456	1.0	1070	tags=17%, list=10%, signal=19%	
GOBP_NEGATIVE_REGULATION_OF_PROTEIN_LOCALIZATION_TO_MEMBRANE	GOBP_NEGATIVE_REGULATION_OF_PROTEIN_LOCALIZATION_TO_MEMBRANE		19	-0.29338136	-0.7404297	0.82441115	0.9753724	1.0	1425	tags=26%, list=14%, signal=30%	
HP_DECREASED_MUSCLE_MASS	HP_DECREASED_MUSCLE_MASS		30	-0.26330492	-0.7403086	0.86885244	0.97520787	1.0	2668	tags=40%, list=25%, signal=53%	
GOBP_HEPARAN_SULFATE_PROTEOGLYCAN_METABOLIC_PROCESS	GOBP_HEPARAN_SULFATE_PROTEOGLYCAN_METABOLIC_PROCESS		20	-0.28692773	-0.7401903	0.8302658	0.9750456	1.0	1523	tags=15%, list=14%, signal=18%	
GOBP_SPINDLE_ASSEMBLY	GOBP_SPINDLE_ASSEMBLY		99	-0.20904218	-0.74006546	0.9764706	0.9748813	1.0	2039	tags=17%, list=19%, signal=21%	
HP_POSTERIORLY_ROTATED_EARS	HP_POSTERIORLY_ROTATED_EARS		281	-0.18512148	-0.73978245	1.0	0.9748858	1.0	1468	tags=13%, list=14%, signal=14%	
HP_PANCREATIC_ADENOCARCINOMA	HP_PANCREATIC_ADENOCARCINOMA		22	-0.272192	-0.738294	0.84362936	0.97610307	1.0	953	tags=9%, list=9%, signal=10%	
HP_ABNORMALLY_LAX_OR_HYPEREXTENSIBLE_SKIN	HP_ABNORMALLY_LAX_OR_HYPEREXTENSIBLE_SKIN		104	-0.2114374	-0.7380443	0.9722736	0.976075	1.0	1483	tags=15%, list=14%, signal=18%	
GOMF_PHOSPHATIDYLINOSITOL_3_PHOSPHATE_BINDING	GOMF_PHOSPHATIDYLINOSITOL_3_PHOSPHATE_BINDING		28	-0.26428995	-0.73758394	0.8971774	0.9762529	1.0	3481	tags=54%, list=33%, signal=80%	
GOBP_FEMALE_MEIOTIC_NUCLEAR_DIVISION	GOBP_FEMALE_MEIOTIC_NUCLEAR_DIVISION		19	-0.28581825	-0.7375208	0.85276073	0.9760319	1.0	3336	tags=37%, list=32%, signal=54%	
HP_PES_PLANUS	HP_PES_PLANUS		195	-0.1926953	-0.7370144	0.9980695	0.9762548	1.0	1961	tags=17%, list=19%, signal=21%	
GOBP_TETRAPYRROLE_BIOSYNTHETIC_PROCESS	GOBP_TETRAPYRROLE_BIOSYNTHETIC_PROCESS		27	-0.26429108	-0.7369771	0.89748955	0.9760142	1.0	77	tags=4%, list=1%, signal=4%	
HP_JOINT_LAXITY	HP_JOINT_LAXITY		147	-0.1974417	-0.7367255	0.98545456	0.9759675	1.0	1953	tags=17%, list=19%, signal=21%	
HP_POINTED_CHIN	HP_POINTED_CHIN		73	-0.22187787	-0.7353852	0.9465649	0.97698706	1.0	1927	tags=21%, list=18%, signal=25%	
GOBP_SPERMATID_DIFFERENTIATION	GOBP_SPERMATID_DIFFERENTIATION		66	-0.22241269	-0.7348499	0.95619047	0.9772192	1.0	1650	tags=15%, list=16%, signal=18%	
HP_PSEUDOBULBAR_SIGNS	HP_PSEUDOBULBAR_SIGNS		20	-0.28245893	-0.73427796	0.85119045	0.9774754	1.0	558	tags=10%, list=5%, signal=11%	
GOBP_CHOLESTEROL_EFFLUX	GOBP_CHOLESTEROL_EFFLUX		23	-0.27403563	-0.7333566	0.8845361	0.9780859	1.0	1613	tags=22%, list=15%, signal=26%	
HP_HYDROCEPHALUS	HP_HYDROCEPHALUS		233	-0.18695818	-0.7322709	1.0	0.9788149	1.0	1988	tags=18%, list=19%, signal=21%	
HP_COXA_VALGA	HP_COXA_VALGA		56	-0.22811392	-0.7314913	0.9345238	0.97925127	1.0	2131	tags=21%, list=20%, signal=27%	
HP_ABNORMALITY_OF_TIBIA_MORPHOLOGY	HP_ABNORMALITY_OF_TIBIA_MORPHOLOGY		44	-0.23781887	-0.7311815	0.9406308	0.9792545	1.0	1523	tags=16%, list=14%, signal=19%	
HP_IMPAIRED_SMOOTH_PURSUIT	HP_IMPAIRED_SMOOTH_PURSUIT		29	-0.25798705	-0.7295468	0.89365673	0.9804817	1.0	1479	tags=24%, list=14%, signal=28%	
GOMF_OXIDOREDUCTASE_ACTIVITY_ACTING_ON_THE_CH_CH_GROUP_OF_DONORS_NAD_OR_NADP_AS_ACCEPTOR	GOMF_OXIDOREDUCTASE_ACTIVITY_ACTING_ON_THE_CH_CH_GROUP_OF_DONORS_NAD_OR_NADP_AS_ACCEPTOR		20	-0.27943063	-0.72815377	0.8566038	0.98150253	1.0	2303	tags=35%, list=22%, signal=45%	
HP_FACIAL_HYPOTONIA	HP_FACIAL_HYPOTONIA		30	-0.2601906	-0.72787064	0.8986355	0.9814747	1.0	1967	tags=27%, list=19%, signal=33%	
HP_NEPHROTIC_SYNDROME	HP_NEPHROTIC_SYNDROME		76	-0.21547501	-0.7277654	0.96511626	0.9812813	1.0	1346	tags=14%, list=13%, signal=16%	
HP_INTELLECTUAL_DISABILITY_MODERATE	HP_INTELLECTUAL_DISABILITY_MODERATE		160	-0.19182563	-0.7275507	0.99423075	0.98119587	1.0	1848	tags=18%, list=18%, signal=22%	
GOBP_REGULATION_OF_T_CELL_DIFFERENTIATION_IN_THYMUS	GOBP_REGULATION_OF_T_CELL_DIFFERENTIATION_IN_THYMUS		15	-0.30375642	-0.7274834	0.8545455	0.9809644	1.0	1805	tags=27%, list=17%, signal=32%	
HP_ENLARGED_THORAX	HP_ENLARGED_THORAX		41	-0.23923726	-0.72744	0.9186508	0.98072505	1.0	1724	tags=20%, list=16%, signal=23%	
GOBP_ACTIVATION_OF_INNATE_IMMUNE_RESPONSE	GOBP_ACTIVATION_OF_INNATE_IMMUNE_RESPONSE		32	-0.25489303	-0.7273792	0.89375	0.9804992	1.0	1214	tags=19%, list=12%, signal=21%	
GOBP_CELL_CYCLE_G2_M_PHASE_TRANSITION	GOBP_CELL_CYCLE_G2_M_PHASE_TRANSITION		113	-0.1997393	-0.72697353	0.9844961	0.9805683	1.0	1935	tags=16%, list=18%, signal=19%	
HP_SCROTAL_HYPOPLASIA	HP_SCROTAL_HYPOPLASIA		30	-0.25716096	-0.726851	0.9048583	0.9803935	1.0	1242	tags=17%, list=12%, signal=19%	
HP_PARKINSONISM_WITH_FAVORABLE_RESPONSE_TO_DOPAMINERGIC_MEDICATION	HP_PARKINSONISM_WITH_FAVORABLE_RESPONSE_TO_DOPAMINERGIC_MEDICATION		16	-0.2963145	-0.7265192	0.8634538	0.9804273	1.0	1267	tags=19%, list=12%, signal=21%	
HP_BUNDLE_BRANCH_BLOCK	HP_BUNDLE_BRANCH_BLOCK		22	-0.27231434	-0.72651196	0.8739496	0.9801521	1.0	1672	tags=23%, list=16%, signal=27%	
HP_SKIN_NODULE	HP_SKIN_NODULE		55	-0.23241073	-0.7262493	0.9309665	0.9800973	1.0	1414	tags=18%, list=13%, signal=21%	
GOMF_GDP_BINDING	GOMF_GDP_BINDING		47	-0.23308218	-0.7260882	0.9244186	0.9799599	1.0	1652	tags=19%, list=16%, signal=23%	
HP_NEPHROPATHY	HP_NEPHROPATHY		44	-0.23146336	-0.72604406	0.93385214	0.97971827	1.0	1452	tags=14%, list=14%, signal=16%	
GOBP_FATTY_ACYL_COA_BIOSYNTHETIC_PROCESS	GOBP_FATTY_ACYL_COA_BIOSYNTHETIC_PROCESS		18	-0.28918335	-0.72540194	0.85831624	0.9799789	1.0	1543	tags=22%, list=15%, signal=26%	
HP_DECREASED_PROPORTION_OF_CD4_POSITIVE_HELPER_T_CELLS	HP_DECREASED_PROPORTION_OF_CD4_POSITIVE_HELPER_T_CELLS		22	-0.2688577	-0.7248168	0.8576998	0.9802162	1.0	1644	tags=23%, list=16%, signal=27%	
GOBP_MICROTUBULE_CYTOSKELETON_ORGANIZATION_INVOLVED_IN_MITOSIS	GOBP_MICROTUBULE_CYTOSKELETON_ORGANIZATION_INVOLVED_IN_MITOSIS		122	-0.19997343	-0.7235514	0.975	0.98104477	1.0	2055	tags=17%, list=20%, signal=21%	
HP_HYPOPLASTIC_LABIA_MAJORA	HP_HYPOPLASTIC_LABIA_MAJORA		25	-0.2573021	-0.7233628	0.896	0.9809317	1.0	3329	tags=52%, list=32%, signal=76%	
GOBP_CELLULAR_CARBOHYDRATE_CATABOLIC_PROCESS	GOBP_CELLULAR_CARBOHYDRATE_CATABOLIC_PROCESS		23	-0.2697698	-0.7230238	0.88314176	0.9809596	1.0	1140	tags=13%, list=11%, signal=15%	
HP_ABNORMAL_SOCIAL_BEHAVIOR	HP_ABNORMAL_SOCIAL_BEHAVIOR		128	-0.20121136	-0.72301686	0.9885496	0.98068553	1.0	2165	tags=21%, list=21%, signal=26%	
HP_ABNORMAL_CIRCULATING_ESTROGEN_LEVEL	HP_ABNORMAL_CIRCULATING_ESTROGEN_LEVEL		27	-0.25750285	-0.72295797	0.8954635	0.9804577	1.0	1107	tags=15%, list=11%, signal=17%	
GOBP_REGULATION_OF_EXTRINSIC_APOPTOTIC_SIGNALING_PATHWAY	GOBP_REGULATION_OF_EXTRINSIC_APOPTOTIC_SIGNALING_PATHWAY		94	-0.2078611	-0.722515	0.97722566	0.98056364	1.0	2076	tags=22%, list=20%, signal=28%	
HP_ABNORMALITY_OF_DENTAL_ERUPTION	HP_ABNORMALITY_OF_DENTAL_ERUPTION		144	-0.19394279	-0.7222639	0.98490566	0.9805061	1.0	1953	tags=17%, list=19%, signal=21%	
HP_MULTICYSTIC_KIDNEY_DYSPLASIA	HP_MULTICYSTIC_KIDNEY_DYSPLASIA		77	-0.21296255	-0.7221515	0.96711797	0.98032403	1.0	2883	tags=29%, list=27%, signal=39%	
GOBP_REGULATION_OF_RELEASE_OF_SEQUESTERED_CALCIUM_ION_INTO_CYTOSOL	GOBP_REGULATION_OF_RELEASE_OF_SEQUESTERED_CALCIUM_ION_INTO_CYTOSOL		30	-0.25175852	-0.72185546	0.874031	0.980282	1.0	1935	tags=23%, list=18%, signal=29%	
HP_ABNORMAL_METABOLIC_BRAIN_IMAGING_BY_MRS	HP_ABNORMAL_METABOLIC_BRAIN_IMAGING_BY_MRS		20	-0.27774104	-0.721359	0.8719397	0.9804201	1.0	397	tags=10%, list=4%, signal=10%	
GOBP_ORGANIC_HYDROXY_COMPOUND_BIOSYNTHETIC_PROCESS	GOBP_ORGANIC_HYDROXY_COMPOUND_BIOSYNTHETIC_PROCESS		115	-0.20074242	-0.72053283	0.98526704	0.9808598	1.0	2611	tags=27%, list=25%, signal=35%	
GOBP_DENDRITIC_SPINE_MORPHOGENESIS	GOBP_DENDRITIC_SPINE_MORPHOGENESIS		31	-0.25378138	-0.7204424	0.9201597	0.98065025	1.0	1463	tags=19%, list=14%, signal=22%	
GOBP_ESTABLISHMENT_OF_MITOCHONDRION_LOCALIZATION	GOBP_ESTABLISHMENT_OF_MITOCHONDRION_LOCALIZATION		18	-0.28105235	-0.72034514	0.8755102	0.98045313	1.0	143	tags=6%, list=1%, signal=6%	
GOBP_PURINE_CONTAINING_COMPOUND_CATABOLIC_PROCESS	GOBP_PURINE_CONTAINING_COMPOUND_CATABOLIC_PROCESS		33	-0.2437412	-0.7197382	0.8986083	0.98066735	1.0	1456	tags=18%, list=14%, signal=21%	
HP_APLASIA_HYPOPLASIA_AFFECTING_THE_EYE	HP_APLASIA_HYPOPLASIA_AFFECTING_THE_EYE		255	-0.18198062	-0.7194094	1.0	0.9806517	1.0	1908	tags=17%, list=18%, signal=20%	
GOBP_NEGATIVE_REGULATION_OF_RESPONSE_TO_ENDOPLASMIC_RETICULUM_STRESS	GOBP_NEGATIVE_REGULATION_OF_RESPONSE_TO_ENDOPLASMIC_RETICULUM_STRESS		32	-0.25076202	-0.7191663	0.90138066	0.9805766	1.0	175	tags=6%, list=2%, signal=6%	
GOBP_PROTEIN_O_LINKED_GLYCOSYLATION	GOBP_PROTEIN_O_LINKED_GLYCOSYLATION		56	-0.2259518	-0.719052	0.9498069	0.98038363	1.0	1374	tags=14%, list=13%, signal=16%	
HP_ABNORMALITY_OF_THALAMUS_MORPHOLOGY	HP_ABNORMALITY_OF_THALAMUS_MORPHOLOGY		37	-0.241317	-0.71903396	0.90873015	0.9801187	1.0	2178	tags=22%, list=21%, signal=27%	
HP_ABNORMAL_QT_INTERVAL	HP_ABNORMAL_QT_INTERVAL		26	-0.25734907	-0.71888	0.8891129	0.979986	1.0	1935	tags=27%, list=18%, signal=33%	
HP_ABNORMAL_SHAPE_OF_THE_FRONTAL_REGION	HP_ABNORMAL_SHAPE_OF_THE_FRONTAL_REGION		247	-0.18069102	-0.7185997	1.0	0.9799297	1.0	2086	tags=17%, list=20%, signal=21%	
HP_RETINAL_DYSPLASIA	HP_RETINAL_DYSPLASIA		16	-0.2931452	-0.718243	0.8548057	0.97994936	1.0	1157	tags=19%, list=11%, signal=21%	
GOBP_UBIQUITIN_DEPENDENT_ERAD_PATHWAY	GOBP_UBIQUITIN_DEPENDENT_ERAD_PATHWAY		70	-0.21598646	-0.716718	0.96498054	0.98094016	1.0	2062	tags=20%, list=20%, signal=25%	
HP_CAFE_AU_LAIT_SPOT	HP_CAFE_AU_LAIT_SPOT		130	-0.19444142	-0.71637976	0.9962963	0.98093385	1.0	948	tags=8%, list=9%, signal=8%	
GOBP_GOLGI_ORGANIZATION	GOBP_GOLGI_ORGANIZATION		117	-0.19727743	-0.71570534	0.9904398	0.98120326	1.0	2429	tags=20%, list=23%, signal=25%	
GOBP_REGULATION_OF_CHOLESTEROL_METABOLIC_PROCESS	GOBP_REGULATION_OF_CHOLESTEROL_METABOLIC_PROCESS		22	-0.269581	-0.71291333	0.8915663	0.9831909	1.0	2489	tags=36%, list=24%, signal=48%	
HP_ABNORMALITY_OF_THE_BREAST	HP_ABNORMALITY_OF_THE_BREAST		252	-0.18187042	-0.7123734	0.9982111	0.9833231	1.0	1698	tags=14%, list=16%, signal=17%	
GOBP_PROTEIN_K48_LINKED_UBIQUITINATION	GOBP_PROTEIN_K48_LINKED_UBIQUITINATION		58	-0.21958199	-0.7111006	0.96414346	0.9840257	1.0	2399	tags=26%, list=23%, signal=33%	
HP_ABNORMAL_SIZE_OF_THE_CLITORIS	HP_ABNORMAL_SIZE_OF_THE_CLITORIS		50	-0.22459455	-0.71022433	0.9412879	0.98445195	1.0	2233	tags=24%, list=21%, signal=30%	
HP_MISSING_RIBS	HP_MISSING_RIBS		33	-0.24382721	-0.70977706	0.91320753	0.9845083	1.0	1604	tags=24%, list=15%, signal=29%	
HP_HYPERKINETIC_MOVEMENTS	HP_HYPERKINETIC_MOVEMENTS		17	-0.28535682	-0.7095377	0.88582677	0.9844098	1.0	1967	tags=18%, list=19%, signal=22%	
HP_HETERONYMOUS_HEMIANOPIA	HP_HETERONYMOUS_HEMIANOPIA		16	-0.29240322	-0.70905966	0.8600823	0.98449653	1.0	606	tags=13%, list=6%, signal=13%	
GOBP_RECEPTOR_LOCALIZATION_TO_SYNAPSE	GOBP_RECEPTOR_LOCALIZATION_TO_SYNAPSE		24	-0.2613762	-0.70763594	0.92175573	0.9853192	1.0	1652	tags=13%, list=16%, signal=15%	
HP_OVERLAPPING_FINGERS	HP_OVERLAPPING_FINGERS		16	-0.29298216	-0.7074953	0.87184465	0.985137	1.0	1214	tags=19%, list=12%, signal=21%	
HP_ABSENT_EYEBROW	HP_ABSENT_EYEBROW		15	-0.2862298	-0.7073936	0.87475914	0.98493224	1.0	1587	tags=20%, list=15%, signal=24%	
GOBP_NEGATIVE_REGULATION_OF_PHOSPHATASE_ACTIVITY	GOBP_NEGATIVE_REGULATION_OF_PHOSPHATASE_ACTIVITY		23	-0.26122472	-0.7070477	0.8888889	0.9849255	1.0	1877	tags=26%, list=18%, signal=32%	
GOBP_REGULATION_OF_DNA_REPAIR	GOBP_REGULATION_OF_DNA_REPAIR		115	-0.19956705	-0.7065597	0.9920319	0.98501384	1.0	599	tags=5%, list=6%, signal=5%	
HP_ABNORMAL_CIRCULATING_ANDROGEN_LEVEL	HP_ABNORMAL_CIRCULATING_ANDROGEN_LEVEL		37	-0.23740865	-0.70499253	0.93306285	0.98586017	1.0	2120	tags=24%, list=20%, signal=30%	
GOMF_NADP_BINDING	GOMF_NADP_BINDING		31	-0.24830563	-0.7044815	0.91093117	0.9859376	1.0	2535	tags=29%, list=24%, signal=38%	
HP_INCOMPLETE_PENETRANCE	HP_INCOMPLETE_PENETRANCE		67	-0.21159747	-0.7034396	0.972549	0.9864079	1.0	1272	tags=12%, list=12%, signal=13%	
GOBP_REGULATION_OF_BMP_SIGNALING_PATHWAY	GOBP_REGULATION_OF_BMP_SIGNALING_PATHWAY		36	-0.2359109	-0.7032602	0.92141455	0.98625135	1.0	1777	tags=19%, list=17%, signal=23%	
GOMF_OXIDOREDUCTASE_ACTIVITY_ACTING_ON_PEROXIDE_AS_ACCEPTOR	GOMF_OXIDOREDUCTASE_ACTIVITY_ACTING_ON_PEROXIDE_AS_ACCEPTOR		20	-0.26779875	-0.7028578	0.87795275	0.98625624	1.0	500	tags=10%, list=5%, signal=10%	
HP_MELANOCYTIC_NEVUS	HP_MELANOCYTIC_NEVUS		39	-0.23608212	-0.7025264	0.92899406	0.9862196	1.0	1520	tags=18%, list=14%, signal=21%	
HP_CONGENITAL_HYPOTHYROIDISM	HP_CONGENITAL_HYPOTHYROIDISM		16	-0.28844407	-0.7017533	0.88521403	0.9865063	1.0	1953	tags=25%, list=19%, signal=31%	
GOBP_CYTOPLASMIC_MICROTUBULE_ORGANIZATION	GOBP_CYTOPLASMIC_MICROTUBULE_ORGANIZATION		43	-0.22951175	-0.7010392	0.9431193	0.9867455	1.0	1777	tags=19%, list=17%, signal=22%	
HP_SEVERELY_REDUCED_VISUAL_ACUITY	HP_SEVERELY_REDUCED_VISUAL_ACUITY		16	-0.28305978	-0.7010258	0.86409736	0.98647463	1.0	519	tags=13%, list=5%, signal=13%	
HP_ABNORMAL_RENAL_INSTERSTITIAL_MORPHOLOGY	HP_ABNORMAL_RENAL_INSTERSTITIAL_MORPHOLOGY		38	-0.23896438	-0.7000024	0.9340426	0.9869124	1.0	706	tags=8%, list=7%, signal=8%	
HP_HIGHLY_ARCHED_EYEBROW	HP_HIGHLY_ARCHED_EYEBROW		148	-0.18719031	-0.69970775	1.0	0.9868259	1.0	1956	tags=17%, list=19%, signal=20%	
HP_BRADYKINESIA	HP_BRADYKINESIA		57	-0.21768485	-0.6994357	0.95428574	0.986735	1.0	2668	tags=30%, list=25%, signal=40%	
HP_VOCAL_CORD_PARALYSIS	HP_VOCAL_CORD_PARALYSIS		30	-0.24837291	-0.6994012	0.9189723	0.9864788	1.0	1502	tags=20%, list=14%, signal=23%	
HP_BONE_CYST	HP_BONE_CYST		18	-0.27293724	-0.69892484	0.8695652	0.9865275	1.0	1575	tags=22%, list=15%, signal=26%	
GOBP_NEURAL_RETINA_DEVELOPMENT	GOBP_NEURAL_RETINA_DEVELOPMENT		21	-0.26885283	-0.6974519	0.8897638	0.98724675	1.0	2333	tags=24%, list=22%, signal=31%	
GOCC_DYNEIN_COMPLEX	GOCC_DYNEIN_COMPLEX		17	-0.28065744	-0.69659907	0.9	0.9875479	1.0	371	tags=6%, list=4%, signal=6%	
HP_ABNORMAL_PELVIS_BONE_MORPHOLOGY	HP_ABNORMAL_PELVIS_BONE_MORPHOLOGY		16	-0.2894603	-0.696348	0.8769841	0.98744	1.0	3549	tags=56%, list=34%, signal=85%	
GOBP_NEGATIVE_REGULATION_OF_ERBB_SIGNALING_PATHWAY	GOBP_NEGATIVE_REGULATION_OF_ERBB_SIGNALING_PATHWAY		22	-0.25976887	-0.6959555	0.89543724	0.9874125	1.0	2481	tags=27%, list=24%, signal=36%	
GOMF_UBIQUITIN_LIKE_PROTEIN_BINDING	GOMF_UBIQUITIN_LIKE_PROTEIN_BINDING		104	-0.19411983	-0.694107	0.9849341	0.98838097	1.0	1946	tags=18%, list=19%, signal=22%	
HP_APLASIA_HYPOPLASIA_AFFECTING_THE_FUNDUS	HP_APLASIA_HYPOPLASIA_AFFECTING_THE_FUNDUS		62	-0.21117553	-0.6935712	0.97551787	0.9884429	1.0	1879	tags=21%, list=18%, signal=25%	
HP_PROMINENT_SUPERFICIAL_BLOOD_VESSELS	HP_PROMINENT_SUPERFICIAL_BLOOD_VESSELS		20	-0.26975656	-0.69356483	0.9305556	0.98816633	1.0	1643	tags=25%, list=16%, signal=30%	
GOBP_NUCLEOTIDE_SUGAR_METABOLIC_PROCESS	GOBP_NUCLEOTIDE_SUGAR_METABOLIC_PROCESS		27	-0.2540596	-0.6934526	0.92	0.9879671	1.0	661	tags=11%, list=6%, signal=12%	
HP_ECTOPIC_ANUS	HP_ECTOPIC_ANUS		40	-0.23014922	-0.6927205	0.9539078	0.9881758	1.0	820	tags=10%, list=8%, signal=11%	
GOCC_INTRINSIC_COMPONENT_OF_POSTSYNAPTIC_MEMBRANE	GOCC_INTRINSIC_COMPONENT_OF_POSTSYNAPTIC_MEMBRANE		19	-0.26672798	-0.69268256	0.90981966	0.9879203	1.0	1126	tags=16%, list=11%, signal=18%	
GOCC_MICROBODY_MEMBRANE	GOCC_MICROBODY_MEMBRANE		50	-0.21845663	-0.6923049	0.9677419	0.9878994	1.0	1543	tags=18%, list=15%, signal=21%	
HP_SUBCUTANEOUS_NODULE	HP_SUBCUTANEOUS_NODULE		48	-0.22260307	-0.69185364	0.9674134	0.987901	1.0	2120	tags=27%, list=20%, signal=34%	
HP_ELEVATED_CALCITONIN	HP_ELEVATED_CALCITONIN		20	-0.26913857	-0.68946743	0.9048583	0.9891383	1.0	1502	tags=25%, list=14%, signal=29%	
HP_CLUBBING	HP_CLUBBING		71	-0.2044819	-0.6888741	0.9867675	0.98920864	1.0	2144	tags=21%, list=20%, signal=26%	
HP_PITUITARY_HYPOTHYROIDISM	HP_PITUITARY_HYPOTHYROIDISM		19	-0.26142853	-0.68768007	0.897541	0.9896697	1.0	606	tags=11%, list=6%, signal=11%	
HP_AMBIGUOUS_GENITALIA	HP_AMBIGUOUS_GENITALIA		58	-0.2097911	-0.68663085	0.9702602	0.99003375	1.0	1279	tags=12%, list=12%, signal=14%	
GOBP_RETINA_MORPHOGENESIS_IN_CAMERA_TYPE_EYE	GOBP_RETINA_MORPHOGENESIS_IN_CAMERA_TYPE_EYE		16	-0.27517575	-0.6857508	0.8899804	0.99027395	1.0	2333	tags=25%, list=22%, signal=32%	
GOBP_CILIUM_MOVEMENT	GOBP_CILIUM_MOVEMENT		38	-0.23006503	-0.68477815	0.9424861	0.99057114	1.0	2821	tags=34%, list=27%, signal=47%	
HP_CONGENITAL_DIAPHRAGMATIC_HERNIA	HP_CONGENITAL_DIAPHRAGMATIC_HERNIA		49	-0.21731256	-0.6839813	0.9708738	0.99075896	1.0	1953	tags=18%, list=19%, signal=22%	
GOMF_UBIQUITIN_SPECIFIC_PROTEASE_BINDING	GOMF_UBIQUITIN_SPECIFIC_PROTEASE_BINDING		17	-0.26691288	-0.68381834	0.8930818	0.990579	1.0	2671	tags=29%, list=25%, signal=39%	
GOBP_PEROXISOMAL_TRANSPORT	GOBP_PEROXISOMAL_TRANSPORT		20	-0.25954273	-0.68322426	0.92741936	0.99063253	1.0	2001	tags=25%, list=19%, signal=31%	
GOMF_ACYLGLYCEROL_O_ACYLTRANSFERASE_ACTIVITY	GOMF_ACYLGLYCEROL_O_ACYLTRANSFERASE_ACTIVITY		17	-0.27667055	-0.6829139	0.89	0.9905354	1.0	1331	tags=18%, list=13%, signal=20%	
GOBP_SYNAPTIC_TRANSMISSION_GLUTAMATERGIC	GOBP_SYNAPTIC_TRANSMISSION_GLUTAMATERGIC		24	-0.25129256	-0.68278366	0.92783505	0.9903367	1.0	1754	tags=21%, list=17%, signal=25%	
GOBP_REGULATION_OF_SMOOTH_MUSCLE_CELL_DIFFERENTIATION	GOBP_REGULATION_OF_SMOOTH_MUSCLE_CELL_DIFFERENTIATION		15	-0.2808304	-0.68273604	0.90248567	0.9900876	1.0	2626	tags=40%, list=25%, signal=53%	
HP_CONGENITAL_HEPATIC_FIBROSIS	HP_CONGENITAL_HEPATIC_FIBROSIS		32	-0.23601569	-0.6817502	0.9408397	0.9904136	1.0	1908	tags=19%, list=18%, signal=23%	
GOBP_TRIGLYCERIDE_METABOLIC_PROCESS	GOBP_TRIGLYCERIDE_METABOLIC_PROCESS		45	-0.22081503	-0.68169796	0.9706458	0.9901624	1.0	2589	tags=33%, list=25%, signal=44%	
GOBP_HOMOLOGOUS_RECOMBINATION	GOBP_HOMOLOGOUS_RECOMBINATION		35	-0.22936249	-0.6800973	0.9296875	0.990776	1.0	2905	tags=26%, list=28%, signal=35%	
HP_CRANIOFACIAL_HYPEROSTOSIS	HP_CRANIOFACIAL_HYPEROSTOSIS		18	-0.26701367	-0.67995936	0.9309021	0.9905732	1.0	2270	tags=22%, list=22%, signal=28%	
HP_PROTRUDING_EAR	HP_PROTRUDING_EAR		112	-0.18814804	-0.6789522	0.9941973	0.99084985	1.0	1503	tags=13%, list=14%, signal=15%	
HP_MULTIPLE_CAFE_AU_LAIT_SPOTS	HP_MULTIPLE_CAFE_AU_LAIT_SPOTS		55	-0.21095574	-0.6773475	0.9766082	0.9914551	1.0	948	tags=7%, list=9%, signal=8%	
HP_MALE_PSEUDOHERMAPHRODITISM	HP_MALE_PSEUDOHERMAPHRODITISM		24	-0.2513649	-0.6764473	0.9238683	0.9916671	1.0	1107	tags=13%, list=11%, signal=14%	
HP_ASPIRATION_PNEUMONIA	HP_ASPIRATION_PNEUMONIA		52	-0.21160534	-0.6744151	0.96168584	0.9924685	1.0	776	tags=8%, list=7%, signal=8%	
GOBP_POSITIVE_REGULATION_OF_GLUCOSE_TRANSMEMBRANE_TRANSPORT	GOBP_POSITIVE_REGULATION_OF_GLUCOSE_TRANSMEMBRANE_TRANSPORT		22	-0.2566844	-0.67362905	0.9257885	0.9925981	1.0	1024	tags=18%, list=10%, signal=20%	
HP_OVARIAN_NEOPLASM	HP_OVARIAN_NEOPLASM		44	-0.21876505	-0.67275256	0.9437751	0.99279064	1.0	1682	tags=16%, list=16%, signal=19%	
GOBP_BLOOD_VESSEL_REMODELING	GOBP_BLOOD_VESSEL_REMODELING		19	-0.25838646	-0.67095745	0.9107505	0.99342656	1.0	536	tags=11%, list=5%, signal=11%	
HP_BROAD_DISTAL_PHALANX_OF_FINGER	HP_BROAD_DISTAL_PHALANX_OF_FINGER		15	-0.27400422	-0.6705347	0.9104762	0.9933747	1.0	536	tags=7%, list=5%, signal=7%	
HP_RENOVASCULAR_HYPERTENSION	HP_RENOVASCULAR_HYPERTENSION		20	-0.25835082	-0.6703335	0.90909094	0.9931925	1.0	1211	tags=20%, list=12%, signal=23%	
GOBP_EXOCRINE_SYSTEM_DEVELOPMENT	GOBP_EXOCRINE_SYSTEM_DEVELOPMENT		19	-0.258598	-0.6691337	0.9337474	0.9934993	1.0	802	tags=11%, list=8%, signal=11%	
GOCC_SPINDLE_POLE	GOCC_SPINDLE_POLE		140	-0.18082874	-0.66844225	0.99811673	0.9935792	1.0	2342	tags=17%, list=22%, signal=22%	
HP_SHORT_PALM	HP_SHORT_PALM		62	-0.20322348	-0.6675654	0.9866667	0.99374163	1.0	1447	tags=13%, list=14%, signal=15%	
HP_ABNORMALITY_OF_CORNEAL_SIZE	HP_ABNORMALITY_OF_CORNEAL_SIZE		97	-0.18748759	-0.6671692	0.99418604	0.9936576	1.0	895	tags=7%, list=9%, signal=8%	
HP_VERTEBRAL_HYPOPLASIA	HP_VERTEBRAL_HYPOPLASIA		19	-0.25739425	-0.6670706	0.9402391	0.9934233	1.0	1826	tags=21%, list=17%, signal=25%	
HP_ABNORMAL_MORPHOLOGY_OF_THE_RADIUS	HP_ABNORMAL_MORPHOLOGY_OF_THE_RADIUS		34	-0.2289682	-0.66679823	0.9520958	0.9932708	1.0	1724	tags=21%, list=16%, signal=25%	
GOBP_REGULATION_OF_CALCINEURIN_MEDIATED_SIGNALING	GOBP_REGULATION_OF_CALCINEURIN_MEDIATED_SIGNALING		19	-0.2578435	-0.66649425	0.9238281	0.99314415	1.0	2074	tags=26%, list=20%, signal=33%	
GOBP_HIPPO_SIGNALING	GOBP_HIPPO_SIGNALING		20	-0.26091546	-0.6660016	0.9310345	0.99310535	1.0	1323	tags=15%, list=13%, signal=17%	
GOBP_CELLULAR_IRON_ION_HOMEOSTASIS	GOBP_CELLULAR_IRON_ION_HOMEOSTASIS		37	-0.22286008	-0.6658324	0.9667319	0.9929032	1.0	607	tags=8%, list=6%, signal=9%	
GOBP_ANTIMICROBIAL_HUMORAL_RESPONSE	GOBP_ANTIMICROBIAL_HUMORAL_RESPONSE		15	-0.2742514	-0.66540426	0.91206545	0.9928455	1.0	410	tags=7%, list=4%, signal=7%	
HP_HYPEROSTOSIS	HP_HYPEROSTOSIS		36	-0.22576536	-0.6647687	0.95687884	0.992862	1.0	1520	tags=14%, list=14%, signal=16%	
GOBP_REGULATION_OF_RESPONSE_TO_REACTIVE_OXYGEN_SPECIES	GOBP_REGULATION_OF_RESPONSE_TO_REACTIVE_OXYGEN_SPECIES		17	-0.2699811	-0.66427636	0.91015625	0.9928085	1.0	1024	tags=18%, list=10%, signal=20%	
GOBP_RESPONSE_TO_THYROID_HORMONE	GOBP_RESPONSE_TO_THYROID_HORMONE		17	-0.2671635	-0.66280806	0.91129035	0.99321663	1.0	549	tags=12%, list=5%, signal=12%	
HP_RETICULOCYTOSIS	HP_RETICULOCYTOSIS		22	-0.24644044	-0.66251194	0.91549295	0.9930837	1.0	2789	tags=27%, list=27%, signal=37%	
GOCC_SWI_SNF_COMPLEX	GOCC_SWI_SNF_COMPLEX		20	-0.26201418	-0.6610558	0.93660533	0.99349934	1.0	3070	tags=45%, list=29%, signal=63%	
HP_DISPROPORTIONATE_SHORT_LIMB_SHORT_STATURE	HP_DISPROPORTIONATE_SHORT_LIMB_SHORT_STATURE		54	-0.20773882	-0.66081035	0.9713193	0.9933334	1.0	1955	tags=15%, list=19%, signal=18%	
GOBP_FATTY_ACID_DERIVATIVE_BIOSYNTHETIC_PROCESS	GOBP_FATTY_ACID_DERIVATIVE_BIOSYNTHETIC_PROCESS		25	-0.24382177	-0.66059846	0.93786407	0.9931517	1.0	1543	tags=20%, list=15%, signal=23%	
HP_RENAL_CYST	HP_RENAL_CYST		174	-0.17679377	-0.66044277	1.0	0.992936	1.0	2312	tags=22%, list=22%, signal=28%	
HP_HIGH_ANTERIOR_HAIRLINE	HP_HIGH_ANTERIOR_HAIRLINE		34	-0.22695449	-0.65996337	0.95625	0.99289656	1.0	76	tags=3%, list=1%, signal=3%	
GOBP_REGULATION_OF_MICROTUBULE_BASED_PROCESS	GOBP_REGULATION_OF_MICROTUBULE_BASED_PROCESS		153	-0.17569731	-0.65986955	1.0	0.9926637	1.0	1788	tags=15%, list=17%, signal=18%	
HP_EMBRYONAL_RENAL_NEOPLASM	HP_EMBRYONAL_RENAL_NEOPLASM		26	-0.24312356	-0.6592745	0.95426196	0.9926877	1.0	1663	tags=19%, list=16%, signal=23%	
HP_ABNORMAL_PROTEIN_GLYCOSYLATION	HP_ABNORMAL_PROTEIN_GLYCOSYLATION		37	-0.2208913	-0.657214	0.9758065	0.99334025	1.0	730	tags=8%, list=7%, signal=9%	
HP_NEPHRITIS	HP_NEPHRITIS		52	-0.20605165	-0.65361756	0.98039216	0.9946398	1.0	1729	tags=17%, list=16%, signal=21%	
HP_HEMORRHAGE_OF_THE_EYE	HP_HEMORRHAGE_OF_THE_EYE		25	-0.23691013	-0.6530106	0.9549902	0.9946379	1.0	2723	tags=32%, list=26%, signal=43%	
HP_POOR_MOTOR_COORDINATION	HP_POOR_MOTOR_COORDINATION		31	-0.22395879	-0.6520949	0.9745098	0.994749	1.0	1726	tags=16%, list=16%, signal=19%	
GOCC_CUL3_RING_UBIQUITIN_LIGASE_COMPLEX	GOCC_CUL3_RING_UBIQUITIN_LIGASE_COMPLEX		32	-0.22518925	-0.6513449	0.9698795	0.99478346	1.0	636	tags=9%, list=6%, signal=10%	
HP_FLAT_CORNEA	HP_FLAT_CORNEA		16	-0.26241443	-0.64932114	0.9251012	0.99534166	1.0	1195	tags=19%, list=11%, signal=21%	
HP_ABNORMAL_OVARIAN_PHYSIOLOGY	HP_ABNORMAL_OVARIAN_PHYSIOLOGY		53	-0.20097187	-0.64831924	0.9919517	0.99548584	1.0	2202	tags=23%, list=21%, signal=28%	
HP_CYSTIC_LIVER_DISEASE	HP_CYSTIC_LIVER_DISEASE		29	-0.22889791	-0.6472036	0.96303505	0.9956481	1.0	3367	tags=31%, list=32%, signal=46%	
HP_RETINAL_COLOBOMA	HP_RETINAL_COLOBOMA		23	-0.2386601	-0.6471932	0.9442231	0.9953751	1.0	1279	tags=17%, list=12%, signal=20%	
HP_HOLOPROSENCEPHALY	HP_HOLOPROSENCEPHALY		46	-0.21191832	-0.6467318	0.980198	0.99529356	1.0	1908	tags=13%, list=18%, signal=16%	
GOBP_POSITIVE_REGULATION_OF_MICROTUBULE_POLYMERIZATION_OR_DEPOLYMERIZATION	GOBP_POSITIVE_REGULATION_OF_MICROTUBULE_POLYMERIZATION_OR_DEPOLYMERIZATION		26	-0.2400288	-0.6462337	0.9558541	0.99520844	1.0	2342	tags=27%, list=22%, signal=35%	
GOCC_CELL_CORTEX_REGION	GOCC_CELL_CORTEX_REGION		17	-0.25764623	-0.6448954	0.92828685	0.99546075	1.0	3243	tags=41%, list=31%, signal=59%	
GOBP_STEROL_BIOSYNTHETIC_PROCESS	GOBP_STEROL_BIOSYNTHETIC_PROCESS		40	-0.21095602	-0.6440935	0.9653768	0.99551904	1.0	3535	tags=40%, list=34%, signal=60%	
HP_APLASIA_HYPOPLASIA_AFFECTING_THE_ANTERIOR_SEGMENT_OF_THE_EYE	HP_APLASIA_HYPOPLASIA_AFFECTING_THE_ANTERIOR_SEGMENT_OF_THE_EYE		87	-0.18865818	-0.64282167	0.996063	0.99574053	1.0	2134	tags=18%, list=20%, signal=23%	
HP_ABNORMAL_URETER_MORPHOLOGY	HP_ABNORMAL_URETER_MORPHOLOGY		87	-0.18433236	-0.6418728	1.0	0.9958057	1.0	1927	tags=15%, list=18%, signal=18%	
HP_HYPOPLASTIC_NIPPLES	HP_HYPOPLASTIC_NIPPLES		19	-0.24674231	-0.6413103	0.95606697	0.9957233	1.0	2542	tags=21%, list=24%, signal=28%	
HP_URETERAL_DUPLICATION	HP_URETERAL_DUPLICATION		28	-0.22743395	-0.6403076	0.9510204	0.9958088	1.0	3348	tags=39%, list=32%, signal=57%	
GOMF_O_ACYLTRANSFERASE_ACTIVITY	GOMF_O_ACYLTRANSFERASE_ACTIVITY		31	-0.2231495	-0.6399573	0.9516441	0.995668	1.0	1948	tags=23%, list=19%, signal=28%	
HP_ABNORMALITY_OF_THE_CLITORIS	HP_ABNORMALITY_OF_THE_CLITORIS		59	-0.19470005	-0.63789546	0.9940711	0.9961288	1.0	2240	tags=22%, list=21%, signal=28%	
HP_ABNORMAL_FOREARM_BONE_MORPHOLOGY	HP_ABNORMAL_FOREARM_BONE_MORPHOLOGY		57	-0.20190403	-0.6374644	0.9794776	0.9960017	1.0	1898	tags=16%, list=18%, signal=19%	
HP_SUBCORTICAL_CEREBRAL_ATROPHY	HP_SUBCORTICAL_CEREBRAL_ATROPHY		16	-0.25795552	-0.63725275	0.93939394	0.99578995	1.0	1852	tags=19%, list=18%, signal=23%	
HP_SHUFFLING_GAIT	HP_SHUFFLING_GAIT		23	-0.23290667	-0.6351845	0.96443516	0.99622506	1.0	2342	tags=30%, list=22%, signal=39%	
GOBP_PROTEIN_LOCALIZATION_TO_POSTSYNAPSE	GOBP_PROTEIN_LOCALIZATION_TO_POSTSYNAPSE		17	-0.2528977	-0.6341383	0.9305556	0.9962977	1.0	1652	tags=12%, list=16%, signal=14%	
HP_DISTAL_LOWER_LIMB_AMYOTROPHY	HP_DISTAL_LOWER_LIMB_AMYOTROPHY		18	-0.25282538	-0.63304937	0.9431372	0.9963886	1.0	702	tags=11%, list=7%, signal=12%	
GOBP_POST_TRANSLATIONAL_PROTEIN_MODIFICATION	GOBP_POST_TRANSLATIONAL_PROTEIN_MODIFICATION		33	-0.21577929	-0.63226974	0.9770833	0.9963742	1.0	1955	tags=24%, list=19%, signal=30%	
HP_ABNORMAL_CIRCULATING_BILIRUBIN_CONCENTRATION	HP_ABNORMAL_CIRCULATING_BILIRUBIN_CONCENTRATION		50	-0.20336151	-0.63215744	0.98285717	0.9961369	1.0	539	tags=6%, list=5%, signal=6%	
GOBP_SECRETION_BY_TISSUE	GOBP_SECRETION_BY_TISSUE		15	-0.26032016	-0.62934804	0.93487394	0.9967771	1.0	2386	tags=33%, list=23%, signal=43%	
GOBP_RESPONSE_TO_INCREASED_OXYGEN_LEVELS	GOBP_RESPONSE_TO_INCREASED_OXYGEN_LEVELS		16	-0.25638607	-0.62819266	0.91875	0.9968763	1.0	677	tags=13%, list=6%, signal=13%	
HP_SPORADIC	HP_SPORADIC		65	-0.19275305	-0.6281793	0.98841697	0.9966053	1.0	1898	tags=15%, list=18%, signal=19%	
GOBP_REGULATION_OF_HISTONE_H3_K9_METHYLATION	GOBP_REGULATION_OF_HISTONE_H3_K9_METHYLATION		18	-0.25155735	-0.6281709	0.9470468	0.99633193	1.0	2754	tags=33%, list=26%, signal=45%	
GOMF_OXIDOREDUCTASE_ACTIVITY_ACTING_ON_THE_CH_NH_GROUP_OF_DONORS	GOMF_OXIDOREDUCTASE_ACTIVITY_ACTING_ON_THE_CH_NH_GROUP_OF_DONORS		16	-0.25274128	-0.62761647	0.9465812	0.99623054	1.0	1319	tags=19%, list=13%, signal=21%	
GOCC_CUL4_RING_E3_UBIQUITIN_LIGASE_COMPLEX	GOCC_CUL4_RING_E3_UBIQUITIN_LIGASE_COMPLEX		27	-0.22434188	-0.6245523	0.9674134	0.99688643	1.0	2628	tags=30%, list=25%, signal=39%	
HP_ABNORMAL_LARYNX_MORPHOLOGY	HP_ABNORMAL_LARYNX_MORPHOLOGY		70	-0.18696511	-0.6243011	0.992381	0.9966842	1.0	2311	tags=23%, list=22%, signal=29%	
GOBP_MICROTUBULE_POLYMERIZATION_OR_DEPOLYMERIZATION	GOBP_MICROTUBULE_POLYMERIZATION_OR_DEPOLYMERIZATION		84	-0.17701411	-0.6227448	0.996063	0.9968812	1.0	3660	tags=39%, list=35%, signal=60%	
HP_CONE_SHAPED_EPIPHYSIS	HP_CONE_SHAPED_EPIPHYSIS		52	-0.19651885	-0.6213607	0.9922179	0.99700665	1.0	1954	tags=17%, list=19%, signal=21%	
HP_ABNORMAL_HYPOTHALAMUS_PHYSIOLOGY	HP_ABNORMAL_HYPOTHALAMUS_PHYSIOLOGY		22	-0.22958907	-0.6206438	0.94693875	0.996922	1.0	1898	tags=18%, list=18%, signal=22%	
GOMF_CARGO_ADAPTOR_ACTIVITY	GOMF_CARGO_ADAPTOR_ACTIVITY		16	-0.24937782	-0.62006456	0.9472574	0.9968148	1.0	3175	tags=38%, list=30%, signal=54%	
HP_FEMORAL_BOWING	HP_FEMORAL_BOWING		20	-0.23642714	-0.6191359	0.95228213	0.99680686	1.0	1673	tags=20%, list=16%, signal=24%	
GOCC_SPINDLE_MICROTUBULE	GOCC_SPINDLE_MICROTUBULE		69	-0.18519534	-0.61874044	0.9981025	0.9966431	1.0	2327	tags=16%, list=22%, signal=20%	
GOBP_REGULATION_OF_SISTER_CHROMATID_COHESION	GOBP_REGULATION_OF_SISTER_CHROMATID_COHESION		17	-0.24365409	-0.61826986	0.9410526	0.9965126	1.0	2723	tags=29%, list=26%, signal=40%	
GOBP_EYE_PHOTORECEPTOR_CELL_DIFFERENTIATION	GOBP_EYE_PHOTORECEPTOR_CELL_DIFFERENTIATION		17	-0.24743132	-0.61259717	0.9508197	0.9977806	1.0	2333	tags=29%, list=22%, signal=38%	
GOBP_NEGATIVE_REGULATION_OF_MICROTUBULE_POLYMERIZATION_OR_DEPOLYMERIZATION	GOBP_NEGATIVE_REGULATION_OF_MICROTUBULE_POLYMERIZATION_OR_DEPOLYMERIZATION		25	-0.22112228	-0.61227703	0.9760956	0.99758416	1.0	3610	tags=48%, list=34%, signal=73%	
GOBP_ESTABLISHMENT_OF_SPINDLE_ORIENTATION	GOBP_ESTABLISHMENT_OF_SPINDLE_ORIENTATION		25	-0.22290486	-0.61005694	0.9768786	0.9978512	1.0	2499	tags=28%, list=24%, signal=37%	
HP_MESOMELIA	HP_MESOMELIA		21	-0.2342587	-0.60840935	0.9664694	0.9979828	1.0	2311	tags=24%, list=22%, signal=30%	
GOMF_LYSINE_ACETYLATED_HISTONE_BINDING	GOMF_LYSINE_ACETYLATED_HISTONE_BINDING		22	-0.22826573	-0.60805434	0.9631068	0.9977982	1.0	2156	tags=23%, list=21%, signal=29%	
GOBP_REGULATION_OF_MICROTUBULE_POLYMERIZATION_OR_DEPOLYMERIZATION	GOBP_REGULATION_OF_MICROTUBULE_POLYMERIZATION_OR_DEPOLYMERIZATION		58	-0.18507041	-0.60371625	0.99256504	0.99857026	1.0	2362	tags=21%, list=22%, signal=27%	
GOCC_CILIARY_BASAL_BODY	GOCC_CILIARY_BASAL_BODY		93	-0.17146903	-0.60344774	0.998004	0.99834955	1.0	1954	tags=16%, list=19%, signal=20%	
GOBP_CELLULAR_RESPONSE_TO_LIPOPROTEIN_PARTICLE_STIMULUS	GOBP_CELLULAR_RESPONSE_TO_LIPOPROTEIN_PARTICLE_STIMULUS		18	-0.23613426	-0.60160494	0.9664032	0.9984979	1.0	2489	tags=39%, list=24%, signal=51%	
GOCC_CLATHRIN_VESICLE_COAT	GOCC_CLATHRIN_VESICLE_COAT		19	-0.22862422	-0.5951298	0.973384	0.999663	1.0	3229	tags=37%, list=31%, signal=53%	
GOBP_POSITIVE_REGULATION_OF_MITOCHONDRIAL_FISSION	GOBP_POSITIVE_REGULATION_OF_MITOCHONDRIAL_FISSION		16	-0.23866561	-0.5951122	0.9738956	0.9993922	1.0	645	tags=6%, list=6%, signal=7%	
HP_GENERALIZED_JOINT_LAXITY	HP_GENERALIZED_JOINT_LAXITY		21	-0.22257388	-0.5944802	0.95866144	0.9992617	1.0	159	tags=5%, list=2%, signal=5%	
GOBP_REGULATION_OF_TUMOR_NECROSIS_FACTOR_MEDIATED_SIGNALING_PATHWAY	GOBP_REGULATION_OF_TUMOR_NECROSIS_FACTOR_MEDIATED_SIGNALING_PATHWAY		34	-0.19998154	-0.59412473	0.99038464	0.9990709	1.0	3005	tags=32%, list=29%, signal=45%	
HP_ABNORMAL_DUODENUM_MORPHOLOGY	HP_ABNORMAL_DUODENUM_MORPHOLOGY		56	-0.18385902	-0.59068877	0.9981785	0.9994651	1.0	1898	tags=14%, list=18%, signal=17%	
HP_URETHRAL_ATRESIA	HP_URETHRAL_ATRESIA		15	-0.24160236	-0.58651	0.9678715	0.9999825	1.0	621	tags=7%, list=6%, signal=7%	
GOMF_5_3_EXONUCLEASE_ACTIVITY	GOMF_5_3_EXONUCLEASE_ACTIVITY		15	-0.24541557	-0.58354664	0.96480334	1.0	1.0	994	tags=13%, list=9%, signal=15%	
GOBP_ENDOPLASMIC_RETICULUM_CALCIUM_ION_HOMEOSTASIS	GOBP_ENDOPLASMIC_RETICULUM_CALCIUM_ION_HOMEOSTASIS		24	-0.21048848	-0.5822834	0.97813123	1.0	1.0	2029	tags=25%, list=19%, signal=31%	
HP_LOBAR_HOLOPROSENCEPHALY	HP_LOBAR_HOLOPROSENCEPHALY		15	-0.24016708	-0.57985574	0.95984703	1.0	1.0	621	tags=7%, list=6%, signal=7%	
HP_UPPER_EXTREMITY_JOINT_DISLOCATION	HP_UPPER_EXTREMITY_JOINT_DISLOCATION		52	-0.18089019	-0.5790961	0.9980159	1.0	1.0	2261	tags=19%, list=22%, signal=24%	
GOCC_CILIARY_MEMBRANE	GOCC_CILIARY_MEMBRANE		25	-0.20940219	-0.5776433	0.9878788	1.0	1.0	2556	tags=28%, list=24%, signal=37%	
GOBP_PEPTIDYL_LYSINE_DIMETHYLATION	GOBP_PEPTIDYL_LYSINE_DIMETHYLATION		20	-0.21949942	-0.5773878	0.9782609	0.99994403	1.0	1969	tags=20%, list=19%, signal=25%	
HP_RHIZOMELIA	HP_RHIZOMELIA		41	-0.1893575	-0.5764961	0.99433964	0.9998111	1.0	1483	tags=12%, list=14%, signal=14%	
HP_ABNORMAL_CORTICAL_BONE_MORPHOLOGY	HP_ABNORMAL_CORTICAL_BONE_MORPHOLOGY		46	-0.18456033	-0.5715217	0.9962963	1.0	1.0	2355	tags=22%, list=22%, signal=28%	
HP_SIMPLIFIED_GYRAL_PATTERN	HP_SIMPLIFIED_GYRAL_PATTERN		56	-0.17632169	-0.5700347	0.9980237	1.0	1.0	2928	tags=23%, list=28%, signal=32%	
GOMF_PROTEIN_KINASE_A_REGULATORY_SUBUNIT_BINDING	GOMF_PROTEIN_KINASE_A_REGULATORY_SUBUNIT_BINDING		15	-0.23520723	-0.5667187	0.9713193	1.0	1.0	2257	tags=27%, list=21%, signal=34%	
HP_SINGLE_TRANSVERSE_PALMAR_CREASE	HP_SINGLE_TRANSVERSE_PALMAR_CREASE		116	-0.15626548	-0.5647438	1.0	1.0	1.0	2261	tags=20%, list=22%, signal=25%	
HP_ABNORMAL_ILEUM_MORPHOLOGY	HP_ABNORMAL_ILEUM_MORPHOLOGY		41	-0.18684587	-0.5642129	0.99404764	1.0	1.0	1682	tags=12%, list=16%, signal=14%	
HP_PANCREATIC_CYSTS	HP_PANCREATIC_CYSTS		23	-0.20714675	-0.5632351	0.98367345	1.0	1.0	2883	tags=30%, list=27%, signal=42%	
HP_LIMITED_ELBOW_EXTENSION	HP_LIMITED_ELBOW_EXTENSION		23	-0.21227466	-0.5631255	0.986	0.9998132	1.0	820	tags=9%, list=8%, signal=9%	
GOBP_PROTEIN_TARGETING_TO_PEROXISOME	GOBP_PROTEIN_TARGETING_TO_PEROXISOME		17	-0.22257642	-0.56178874	0.9819277	0.9997285	1.0	2001	tags=24%, list=19%, signal=29%	
GOBP_NEGATIVE_REGULATION_OF_PROTEIN_LOCALIZATION_TO_NUCLEUS	GOBP_NEGATIVE_REGULATION_OF_PROTEIN_LOCALIZATION_TO_NUCLEUS		22	-0.21169718	-0.56136036	0.98964804	0.9995146	1.0	1880	tags=23%, list=18%, signal=28%	
HP_OLIGODACTYLY	HP_OLIGODACTYLY		16	-0.22468837	-0.55217004	0.9752066	1.0	1.0	4068	tags=63%, list=39%, signal=102%	
HP_NARROW_NASAL_BRIDGE	HP_NARROW_NASAL_BRIDGE		17	-0.22132693	-0.55169654	0.9879518	1.0	1.0	606	tags=6%, list=6%, signal=6%	
HP_MYOCLONIC_SPASMS	HP_MYOCLONIC_SPASMS		19	-0.21628982	-0.55123395	0.98245615	0.99997675	1.0	1743	tags=21%, list=17%, signal=25%	
GOBP_REGULATION_OF_MICROTUBULE_DEPOLYMERIZATION	GOBP_REGULATION_OF_MICROTUBULE_DEPOLYMERIZATION		19	-0.21665062	-0.5484272	0.98189133	1.0	1.0	3610	tags=42%, list=34%, signal=64%	
HP_MEDIAL_FLARING_OF_THE_EYEBROW	HP_MEDIAL_FLARING_OF_THE_EYEBROW		22	-0.207876	-0.5430431	0.98568505	1.0	1.0	2312	tags=23%, list=22%, signal=29%	
GOBP_POSITIVE_REGULATION_OF_NEURON_APOPTOTIC_PROCESS	GOBP_POSITIVE_REGULATION_OF_NEURON_APOPTOTIC_PROCESS		35	-0.18541588	-0.541245	0.9981238	1.0	1.0	1370	tags=14%, list=13%, signal=16%	
HP_OVERRIDING_AORTA	HP_OVERRIDING_AORTA		20	-0.21114436	-0.5411446	0.98630136	0.99991244	1.0	1195	tags=15%, list=11%, signal=17%	
GOBP_NEGATIVE_REGULATION_OF_MUSCLE_CELL_DIFFERENTIATION	GOBP_NEGATIVE_REGULATION_OF_MUSCLE_CELL_DIFFERENTIATION		30	-0.18573716	-0.5368032	0.9980159	1.0	1.0	2678	tags=23%, list=25%, signal=31%	
HP_CUTANEOUS_PHOTOSENSITIVITY	HP_CUTANEOUS_PHOTOSENSITIVITY		59	-0.16367765	-0.5365673	1.0	0.9997889	1.0	2963	tags=29%, list=28%, signal=40%	
GOBP_CELLULAR_COMPONENT_DISASSEMBLY_INVOLVED_IN_EXECUTION_PHASE_OF_APOPTOSIS	GOBP_CELLULAR_COMPONENT_DISASSEMBLY_INVOLVED_IN_EXECUTION_PHASE_OF_APOPTOSIS		17	-0.21105547	-0.53576565	0.98015875	0.9995856	1.0	2590	tags=29%, list=25%, signal=39%	
GOBP_INTRACILIARY_TRANSPORT	GOBP_INTRACILIARY_TRANSPORT		25	-0.19019458	-0.52625906	0.990099	1.0	1.0	8516	tags=100%, list=81%, signal=526%	
HP_ABNORMALITY_OF_DNA_REPAIR	HP_ABNORMALITY_OF_DNA_REPAIR		15	-0.2159329	-0.5261277	0.9844358	0.99982655	1.0	8244	tags=100%, list=78%, signal=463%	
GOBP_ESTABLISHMENT_OR_MAINTENANCE_OF_BIPOLAR_CELL_POLARITY	GOBP_ESTABLISHMENT_OR_MAINTENANCE_OF_BIPOLAR_CELL_POLARITY		24	-0.19070494	-0.5238429	0.98807156	0.9997441	1.0	2478	tags=25%, list=24%, signal=33%	
HP_ABNORMALITY_OF_MALE_INTERNAL_GENITALIA	HP_ABNORMALITY_OF_MALE_INTERNAL_GENITALIA		34	-0.17484611	-0.51282096	1.0	1.0	1.0	1682	tags=12%, list=16%, signal=14%	
HP_ENLARGED_KIDNEY	HP_ENLARGED_KIDNEY		18	-0.19896223	-0.49549562	0.98987854	1.0	1.0	2885	tags=28%, list=27%, signal=38%	
HP_MICROCORNEA	HP_MICROCORNEA		73	-0.14610077	-0.49183437	1.0	1.0	1.0	3376	tags=33%, list=32%, signal=48%	
GOBP_CHROMOSOME_CONDENSATION	GOBP_CHROMOSOME_CONDENSATION		26	-0.17447296	-0.48293912	0.997955	1.0	1.0	8681	tags=100%, list=83%, signal=573%	
HP_APLASIA_HYPOPLASIA_OF_THE_UVULA	HP_APLASIA_HYPOPLASIA_OF_THE_UVULA		25	-0.17642026	-0.47894394	0.9980354	1.0	1.0	539	tags=4%, list=5%, signal=4%	
HP_ABNORMAL_FALLOPIAN_TUBE_MORPHOLOGY	HP_ABNORMAL_FALLOPIAN_TUBE_MORPHOLOGY		19	-0.1884266	-0.4783648	0.9958678	1.0	1.0	1682	tags=11%, list=16%, signal=13%	
GOCC_GOLGI_ASSOCIATED_VESICLE_MEMBRANE	GOCC_GOLGI_ASSOCIATED_VESICLE_MEMBRANE		33	-0.16328312	-0.47413212	0.9980507	1.0	1.0	1177	tags=6%, list=11%, signal=7%	
GOBP_VESICLE_CARGO_LOADING	GOBP_VESICLE_CARGO_LOADING		18	-0.18638988	-0.47361588	0.9940711	1.0	1.0	1284	tags=11%, list=12%, signal=13%	
GOBP_PROTEIN_LOCALIZATION_TO_MICROTUBULE_ORGANIZING_CENTER	GOBP_PROTEIN_LOCALIZATION_TO_MICROTUBULE_ORGANIZING_CENTER		31	-0.1592165	-0.45499796	1.0	1.0	1.0	3918	tags=45%, list=37%, signal=72%	
HP_APLASIA_HYPOPLASIA_OF_THE_NIPPLES	HP_APLASIA_HYPOPLASIA_OF_THE_NIPPLES		30	-0.15793824	-0.45154727	0.9978448	1.0	1.0	440	tags=3%, list=4%, signal=3%	
HP_PREAXIAL_HAND_POLYDACTYLY	HP_PREAXIAL_HAND_POLYDACTYLY		31	-0.15860605	-0.44906652	1.0	0.9999923	1.0	2311	tags=16%, list=22%, signal=21%	
HP_NEUROGENIC_BLADDER	HP_NEUROGENIC_BLADDER		24	-0.16471149	-0.43979904	0.998062	0.99990255	1.0	8783	tags=100%, list=84%, signal=607%	
HP_MEDIAN_CLEFT_LIP	HP_MEDIAN_CLEFT_LIP		18	-0.1731554	-0.43753278	1.0	0.99967206	1.0	3680	tags=44%, list=35%, signal=68%	
HP_HEPATOBLASTOMA	HP_HEPATOBLASTOMA		15	-0.14655994	-0.35171035	1.0	0.9999824	1.0	8972	tags=100%, list=85%, signal=683%	
