NAME	GS<br> follow link to MSigDB	GS DETAILS	SIZE	ES	NES	NOM p-val	FDR q-val	FWER p-val	RANK AT MAX	LEADING EDGE	
GOBP_RIBONUCLEOPROTEIN_COMPLEX_BIOGENESIS	GOBP_RIBONUCLEOPROTEIN_COMPLEX_BIOGENESIS	Details ...	374	0.70176804	2.9377923	0.0	0.0	0.0	2043	tags=63%, list=19%, signal=76%	
GOBP_RIBOSOME_BIOGENESIS	GOBP_RIBOSOME_BIOGENESIS	Details ...	270	0.7223997	2.913224	0.0	0.0	0.0	2089	tags=69%, list=20%, signal=84%	
GOBP_RRNA_METABOLIC_PROCESS	GOBP_RRNA_METABOLIC_PROCESS	Details ...	229	0.7004498	2.8049371	0.0	0.0	0.0	2029	tags=64%, list=19%, signal=77%	
GOBP_NCRNA_PROCESSING	GOBP_NCRNA_PROCESSING	Details ...	333	0.6725296	2.7806582	0.0	0.0	0.0	2147	tags=58%, list=20%, signal=71%	
GOCC_RIBOSOMAL_SUBUNIT	GOCC_RIBOSOMAL_SUBUNIT	Details ...	162	0.7123894	2.7559426	0.0	0.0	0.0	2153	tags=72%, list=20%, signal=89%	
GOMF_STRUCTURAL_CONSTITUENT_OF_RIBOSOME	GOMF_STRUCTURAL_CONSTITUENT_OF_RIBOSOME	Details ...	149	0.72190547	2.7350042	0.0	0.0	0.0	2051	tags=71%, list=20%, signal=87%	
GOCC_RIBOSOME	GOCC_RIBOSOME	Details ...	187	0.69558764	2.7055824	0.0	0.0	0.0	2207	tags=69%, list=21%, signal=86%	
GOBP_RIBOSOMAL_LARGE_SUBUNIT_BIOGENESIS	GOBP_RIBOSOMAL_LARGE_SUBUNIT_BIOGENESIS	Details ...	63	0.8056376	2.68587	0.0	0.0	0.0	1251	tags=73%, list=12%, signal=82%	
GOBP_NCRNA_METABOLIC_PROCESS	GOBP_NCRNA_METABOLIC_PROCESS	Details ...	422	0.6357593	2.681973	0.0	0.0	0.0	2147	tags=52%, list=20%, signal=63%	
GOCC_PRERIBOSOME	GOCC_PRERIBOSOME	Details ...	68	0.7784329	2.635476	0.0	0.0	0.0	1588	tags=74%, list=15%, signal=86%	
GOCC_LARGE_RIBOSOMAL_SUBUNIT	GOCC_LARGE_RIBOSOMAL_SUBUNIT	Details ...	103	0.7221978	2.5891743	0.0	0.0	0.0	2207	tags=72%, list=21%, signal=90%	
GOBP_CYTOPLASMIC_TRANSLATION	GOBP_CYTOPLASMIC_TRANSLATION	Details ...	130	0.6948519	2.5889127	0.0	0.0	0.0	2220	tags=72%, list=21%, signal=90%	
GOCC_MITOCHONDRIAL_PROTEIN_CONTAINING_COMPLEX	GOCC_MITOCHONDRIAL_PROTEIN_CONTAINING_COMPLEX	Details ...	224	0.65214473	2.5849226	0.0	0.0	0.0	2359	tags=58%, list=22%, signal=73%	
GOBP_RIBONUCLEOPROTEIN_COMPLEX_SUBUNIT_ORGANIZATION	GOBP_RIBONUCLEOPROTEIN_COMPLEX_SUBUNIT_ORGANIZATION	Details ...	158	0.6711953	2.5671473	0.0	0.0	0.0	1918	tags=56%, list=18%, signal=68%	
GOCC_ORGANELLAR_RIBOSOME	GOCC_ORGANELLAR_RIBOSOME	Details ...	80	0.731196	2.5041082	0.0	0.0	0.0	2122	tags=69%, list=20%, signal=85%	
GOBP_RIBOSOME_ASSEMBLY	GOBP_RIBOSOME_ASSEMBLY	Details ...	54	0.7673462	2.4951742	0.0	0.0	0.0	1237	tags=63%, list=12%, signal=71%	
GOCC_CYTOSOLIC_RIBOSOME	GOCC_CYTOSOLIC_RIBOSOME	Details ...	87	0.68889314	2.428791	0.0	0.0	0.0	2207	tags=75%, list=21%, signal=94%	
GOMF_TRANSLATION_REGULATOR_ACTIVITY_NUCLEIC_ACID_BINDING	GOMF_TRANSLATION_REGULATOR_ACTIVITY_NUCLEIC_ACID_BINDING	Details ...	84	0.6818678	2.3872926	0.0	0.0	0.0	1760	tags=55%, list=17%, signal=65%	
GOMF_TRANSLATION_INITIATION_FACTOR_ACTIVITY	GOMF_TRANSLATION_INITIATION_FACTOR_ACTIVITY	Details ...	45	0.76468503	2.3866098	0.0	0.0	0.0	2040	tags=69%, list=19%, signal=85%	
GOBP_MITOCHONDRIAL_GENE_EXPRESSION	GOBP_MITOCHONDRIAL_GENE_EXPRESSION	Details ...	95	0.65932906	2.3653343	0.0	0.0	0.0	1822	tags=46%, list=17%, signal=56%	
GOBP_TRNA_METABOLIC_PROCESS	GOBP_TRNA_METABOLIC_PROCESS	Details ...	149	0.6196721	2.3552413	0.0	0.0	0.0	2366	tags=50%, list=23%, signal=63%	
GOCC_MITOCHONDRIAL_LARGE_RIBOSOMAL_SUBUNIT	GOCC_MITOCHONDRIAL_LARGE_RIBOSOMAL_SUBUNIT	Details ...	53	0.7331846	2.3452463	0.0	0.0	0.0	2122	tags=68%, list=20%, signal=85%	
GOCC_MITOCHONDRIAL_MATRIX	GOCC_MITOCHONDRIAL_MATRIX	Details ...	381	0.55868965	2.3399663	0.0	0.0	0.0	2051	tags=43%, list=20%, signal=51%	
GOMF_RRNA_BINDING	GOMF_RRNA_BINDING	Details ...	58	0.7032668	2.3390644	0.0	0.0	0.0	2153	tags=66%, list=20%, signal=82%	
GOBP_TRANSLATIONAL_INITIATION	GOBP_TRANSLATIONAL_INITIATION	Details ...	102	0.646857	2.338943	0.0	0.0	0.0	2208	tags=49%, list=21%, signal=61%	
GOMF_UNFOLDED_PROTEIN_BINDING	GOMF_UNFOLDED_PROTEIN_BINDING	Details ...	88	0.6575252	2.3361547	0.0	0.0	0.0	1314	tags=44%, list=13%, signal=50%	
GOBP_TRNA_PROCESSING	GOBP_TRNA_PROCESSING	Details ...	108	0.6378625	2.3226783	0.0	0.0	0.0	1766	tags=43%, list=17%, signal=51%	
GOBP_RIBOSOMAL_SMALL_SUBUNIT_BIOGENESIS	GOBP_RIBOSOMAL_SMALL_SUBUNIT_BIOGENESIS	Details ...	67	0.7034691	2.3117878	0.0	0.0	0.0	2029	tags=67%, list=19%, signal=83%	
GOCC_CYTOSOLIC_LARGE_RIBOSOMAL_SUBUNIT	GOCC_CYTOSOLIC_LARGE_RIBOSOMAL_SUBUNIT	Details ...	50	0.7178355	2.3039865	0.0	0.0	0.0	2472	tags=82%, list=24%, signal=107%	
GOBP_MATURATION_OF_LSU_RRNA	GOBP_MATURATION_OF_LSU_RRNA	Details ...	27	0.8202121	2.301307	0.0	0.0	0.0	1251	tags=81%, list=12%, signal=92%	
GOMF_TRANSLATION_FACTOR_ACTIVITY_RNA_BINDING	GOMF_TRANSLATION_FACTOR_ACTIVITY_RNA_BINDING	Details ...	70	0.6756767	2.293009	0.0	0.0	0.0	1760	tags=54%, list=17%, signal=65%	
GOCC_PROTEASOME_COMPLEX	GOCC_PROTEASOME_COMPLEX	Details ...	54	0.7086476	2.2917101	0.0	0.0	0.0	2185	tags=63%, list=21%, signal=79%	
GOCC_SMALL_SUBUNIT_PROCESSOME	GOCC_SMALL_SUBUNIT_PROCESSOME	Details ...	32	0.7922838	2.2891843	0.0	0.0	0.0	1588	tags=81%, list=15%, signal=95%	
GOCC_CHAPERONE_COMPLEX	GOCC_CHAPERONE_COMPLEX	Details ...	29	0.7998306	2.2773786	0.0	0.0	0.0	1144	tags=69%, list=11%, signal=77%	
GOCC_SM_LIKE_PROTEIN_FAMILY_COMPLEX	GOCC_SM_LIKE_PROTEIN_FAMILY_COMPLEX	Details ...	74	0.6616212	2.2700863	0.0	0.0	0.0	1885	tags=58%, list=18%, signal=70%	
GOCC_SMALL_RIBOSOMAL_SUBUNIT	GOCC_SMALL_RIBOSOMAL_SUBUNIT	Details ...	62	0.6883646	2.2647364	0.0	0.0	0.0	2023	tags=71%, list=19%, signal=87%	
GOBP_SPLICEOSOMAL_SNRNP_ASSEMBLY	GOBP_SPLICEOSOMAL_SNRNP_ASSEMBLY	Details ...	35	0.7679053	2.2610583	0.0	0.0	0.0	1885	tags=69%, list=18%, signal=83%	
GOBP_PROTEIN_FOLDING	GOBP_PROTEIN_FOLDING	Details ...	155	0.5853141	2.2601557	0.0	0.0	0.0	2012	tags=46%, list=19%, signal=57%	
HP_INCREASED_SERUM_LACTATE	HP_INCREASED_SERUM_LACTATE	Details ...	149	0.59054995	2.2596173	0.0	0.0	0.0	1894	tags=43%, list=18%, signal=52%	
GOBP_CHAPERONE_MEDIATED_PROTEIN_FOLDING	GOBP_CHAPERONE_MEDIATED_PROTEIN_FOLDING	Details ...	58	0.6905357	2.2569501	0.0	0.0	0.0	1434	tags=43%, list=14%, signal=50%	
GOCC_INNER_MITOCHONDRIAL_MEMBRANE_PROTEIN_COMPLEX	GOCC_INNER_MITOCHONDRIAL_MEMBRANE_PROTEIN_COMPLEX	Details ...	104	0.6239948	2.2531147	0.0	0.0	0.0	2504	tags=55%, list=24%, signal=71%	
GOBP_TRNA_MODIFICATION	GOBP_TRNA_MODIFICATION	Details ...	77	0.6482634	2.2522366	0.0	0.0	0.0	1170	tags=34%, list=11%, signal=38%	
GOBP_RNA_MODIFICATION	GOBP_RNA_MODIFICATION	Details ...	131	0.5953643	2.2330422	0.0	0.0	0.0	1170	tags=30%, list=11%, signal=33%	
GOBP_RIBOSOMAL_LARGE_SUBUNIT_ASSEMBLY	GOBP_RIBOSOMAL_LARGE_SUBUNIT_ASSEMBLY	Details ...	23	0.83255696	2.2308533	0.0	0.0	0.0	1133	tags=78%, list=11%, signal=88%	
GOMF_PROTEIN_FOLDING_CHAPERONE	GOMF_PROTEIN_FOLDING_CHAPERONE	Details ...	30	0.7744701	2.230633	0.0	0.0	0.0	1144	tags=53%, list=11%, signal=60%	
GOBP_MITOCHONDRIAL_TRANSLATION	GOBP_MITOCHONDRIAL_TRANSLATION	Details ...	67	0.66772884	2.2169514	0.0	0.0	0.0	1822	tags=49%, list=17%, signal=59%	
GOMF_TRANSFERASE_ACTIVITY_TRANSFERRING_ONE_CARBON_GROUPS	GOMF_TRANSFERASE_ACTIVITY_TRANSFERRING_ONE_CARBON_GROUPS	Details ...	156	0.5822698	2.2137375	0.0	0.0	0.0	1695	tags=37%, list=16%, signal=44%	
GOBP_RNA_SPLICING_VIA_TRANSESTERIFICATION_REACTIONS	GOBP_RNA_SPLICING_VIA_TRANSESTERIFICATION_REACTIONS	Details ...	246	0.5522301	2.2091255	0.0	0.0	0.0	2325	tags=45%, list=22%, signal=57%	
GOBP_MATURATION_OF_SSU_RRNA	GOBP_MATURATION_OF_SSU_RRNA	Details ...	45	0.69691616	2.20596	0.0	0.0	0.0	2142	tags=67%, list=20%, signal=83%	
GOCC_SPLICEOSOMAL_SNRNP_COMPLEX	GOCC_SPLICEOSOMAL_SNRNP_COMPLEX	Details ...	55	0.67539847	2.1866004	0.0	0.0	0.0	1879	tags=60%, list=18%, signal=73%	
GOMF_TRANSLATION_REGULATOR_ACTIVITY	GOMF_TRANSLATION_REGULATOR_ACTIVITY	Details ...	107	0.60657525	2.1811197	0.0	0.0	0.0	2207	tags=54%, list=21%, signal=68%	
GOBP_RNA_SPLICING	GOBP_RNA_SPLICING	Details ...	336	0.5243362	2.1707156	0.0	0.0	0.0	2372	tags=43%, list=23%, signal=53%	
GOCC_PRERIBOSOME_LARGE_SUBUNIT_PRECURSOR	GOCC_PRERIBOSOME_LARGE_SUBUNIT_PRECURSOR	Details ...	22	0.8082789	2.1667132	0.0	0.0	0.0	1485	tags=73%, list=14%, signal=85%	
GOMF_MRNA_5_UTR_BINDING	GOMF_MRNA_5_UTR_BINDING	Details ...	20	0.8298909	2.1640372	0.0	0.0	0.0	1205	tags=65%, list=11%, signal=73%	
GOCC_ORGANELLE_INNER_MEMBRANE	GOCC_ORGANELLE_INNER_MEMBRANE	Details ...	402	0.5129701	2.1603785	0.0	1.5076718E-5	0.001	2096	tags=43%, list=20%, signal=52%	
GOMF_CATALYTIC_ACTIVITY_ACTING_ON_A_TRNA	GOMF_CATALYTIC_ACTIVITY_ACTING_ON_A_TRNA	Details ...	94	0.60331976	2.15988	0.0	1.48074905E-5	0.001	2366	tags=46%, list=23%, signal=59%	
GOMF_RNA_METHYLTRANSFERASE_ACTIVITY	GOMF_RNA_METHYLTRANSFERASE_ACTIVITY	Details ...	53	0.6613687	2.1577723	0.0	1.454771E-5	0.001	1170	tags=36%, list=11%, signal=40%	
GOBP_POSITIVE_REGULATION_OF_TELOMERASE_RNA_LOCALIZATION_TO_CAJAL_BODY	GOBP_POSITIVE_REGULATION_OF_TELOMERASE_RNA_LOCALIZATION_TO_CAJAL_BODY	Details ...	15	0.86506027	2.1430566	0.0	1.42968875E-5	0.001	1144	tags=93%, list=11%, signal=105%	
GOBP_TELOMERASE_RNA_LOCALIZATION	GOBP_TELOMERASE_RNA_LOCALIZATION	Details ...	19	0.8215103	2.1410396	0.0	1.4054567E-5	0.001	1573	tags=84%, list=15%, signal=99%	
HP_ABNORMAL_ACTIVITY_OF_MITOCHONDRIAL_RESPIRATORY_CHAIN	HP_ABNORMAL_ACTIVITY_OF_MITOCHONDRIAL_RESPIRATORY_CHAIN	Details ...	84	0.6056418	2.140549	0.0	1.3820324E-5	0.001	2451	tags=50%, list=23%, signal=65%	
GOMF_RIBONUCLEOPROTEIN_COMPLEX_BINDING	GOMF_RIBONUCLEOPROTEIN_COMPLEX_BINDING	Details ...	130	0.57157445	2.136673	0.0	2.7210235E-5	0.002	2049	tags=45%, list=19%, signal=55%	
GOCC_SNO_S_RNA_CONTAINING_RIBONUCLEOPROTEIN_COMPLEX	GOCC_SNO_S_RNA_CONTAINING_RIBONUCLEOPROTEIN_COMPLEX	Details ...	22	0.79301643	2.1356878	0.0	2.6771359E-5	0.002	2014	tags=91%, list=19%, signal=112%	
GOCC_PRECATALYTIC_SPLICEOSOME	GOCC_PRECATALYTIC_SPLICEOSOME	Details ...	49	0.66810495	2.129674	0.0	2.6346417E-5	0.002	2336	tags=59%, list=22%, signal=76%	
GOCC_SPLICEOSOMAL_COMPLEX	GOCC_SPLICEOSOMAL_COMPLEX	Details ...	174	0.5542273	2.125395	0.0	2.5934753E-5	0.002	2437	tags=48%, list=23%, signal=62%	
GOBP_MATURATION_OF_SSU_RRNA_FROM_TRICISTRONIC_RRNA_TRANSCRIPT_SSU_RRNA_5_8S_RRNA_LSU_RRNA	GOBP_MATURATION_OF_SSU_RRNA_FROM_TRICISTRONIC_RRNA_TRANSCRIPT_SSU_RRNA_5_8S_RRNA_LSU_RRNA	Details ...	33	0.72521466	2.1242924	0.0	2.5535759E-5	0.002	2142	tags=70%, list=20%, signal=87%	
GOBP_RNA_LOCALIZATION	GOBP_RNA_LOCALIZATION	Details ...	162	0.5505915	2.117061	0.0	3.78913E-5	0.003	2297	tags=47%, list=22%, signal=59%	
GOMF_TRNA_BINDING	GOMF_TRNA_BINDING	Details ...	54	0.6611918	2.116351	0.0	3.7325757E-5	0.003	2177	tags=48%, list=21%, signal=60%	
GOCC_OXIDOREDUCTASE_COMPLEX	GOCC_OXIDOREDUCTASE_COMPLEX	Details ...	92	0.5924238	2.1106658	0.0	4.8942842E-5	0.004	2436	tags=50%, list=23%, signal=65%	
GOCC_ENDOPEPTIDASE_COMPLEX	GOCC_ENDOPEPTIDASE_COMPLEX	Details ...	66	0.6250081	2.106059	0.0	8.401905E-5	0.007	2185	tags=58%, list=21%, signal=72%	
GOBP_RRNA_MODIFICATION	GOBP_RRNA_MODIFICATION	Details ...	29	0.7305736	2.1028435	0.0	8.281878E-5	0.007	950	tags=41%, list=9%, signal=45%	
GOMF_MRNA_BINDING	GOMF_MRNA_BINDING	Details ...	232	0.5254133	2.097652	0.0	8.165232E-5	0.007	2225	tags=43%, list=21%, signal=53%	
GOBP_ESTABLISHMENT_OF_PROTEIN_LOCALIZATION_TO_CHROMOSOME	GOBP_ESTABLISHMENT_OF_PROTEIN_LOCALIZATION_TO_CHROMOSOME	Details ...	20	0.81106275	2.0917137	0.0	9.2159455E-5	0.008	472	tags=45%, list=4%, signal=47%	
GOBP_OXIDATIVE_PHOSPHORYLATION	GOBP_OXIDATIVE_PHOSPHORYLATION	Details ...	89	0.5889401	2.0907884	0.0	9.0896996E-5	0.008	2423	tags=55%, list=23%, signal=71%	
GOMF_CATALYTIC_ACTIVITY_ACTING_ON_RNA	GOMF_CATALYTIC_ACTIVITY_ACTING_ON_RNA	Details ...	310	0.5106073	2.0876353	0.0	1.00818535E-4	0.009	2342	tags=43%, list=22%, signal=53%	
GOMF_SNORNA_BINDING	GOMF_SNORNA_BINDING	Details ...	30	0.72229683	2.0849528	0.0	9.947429E-5	0.009	1588	tags=70%, list=15%, signal=82%	
GOCC_90S_PRERIBOSOME	GOCC_90S_PRERIBOSOME	Details ...	25	0.7656441	2.0836062	0.0	1.0903631E-4	0.01	1588	tags=76%, list=15%, signal=89%	
GOBP_CYTOPLASMIC_TRANSLATIONAL_INITIATION	GOBP_CYTOPLASMIC_TRANSLATIONAL_INITIATION	Details ...	23	0.7651992	2.078865	0.0	1.1828616E-4	0.011	784	tags=52%, list=7%, signal=56%	
GOCC_NUCLEOID	GOCC_NUCLEOID	Details ...	40	0.6793479	2.0747924	0.0	1.16769676E-4	0.011	1507	tags=52%, list=14%, signal=61%	
GOBP_MITOCHONDRIAL_RESPIRATORY_CHAIN_COMPLEX_ASSEMBLY	GOBP_MITOCHONDRIAL_RESPIRATORY_CHAIN_COMPLEX_ASSEMBLY	Details ...	78	0.60536385	2.0703692	0.0	1.4649452E-4	0.014	1688	tags=40%, list=16%, signal=47%	
GOBP_CHAPERONE_MEDIATED_PROTEIN_COMPLEX_ASSEMBLY	GOBP_CHAPERONE_MEDIATED_PROTEIN_COMPLEX_ASSEMBLY	Details ...	19	0.78673327	2.070058	0.0	1.5491236E-4	0.015	1144	tags=63%, list=11%, signal=71%	
GOCC_PEPTIDASE_COMPLEX	GOCC_PEPTIDASE_COMPLEX	Details ...	89	0.58242244	2.068316	0.0	1.6326796E-4	0.016	2385	tags=54%, list=23%, signal=69%	
GOCC_U2_TYPE_SPLICEOSOMAL_COMPLEX	GOCC_U2_TYPE_SPLICEOSOMAL_COMPLEX	Details ...	84	0.60245514	2.06662	0.0	1.8168129E-4	0.018	2372	tags=54%, list=23%, signal=69%	
GOMF_RNA_POLYMERASE_II_GENERAL_TRANSCRIPTION_INITIATION_FACTOR_BINDING	GOMF_RNA_POLYMERASE_II_GENERAL_TRANSCRIPTION_INITIATION_FACTOR_BINDING	Details ...	22	0.77535784	2.0639706	0.0	1.8940034E-4	0.019	329	tags=36%, list=3%, signal=37%	
GOCC_MITOCHONDRIAL_SMALL_RIBOSOMAL_SUBUNIT	GOCC_MITOCHONDRIAL_SMALL_RIBOSOMAL_SUBUNIT	Details ...	26	0.7475507	2.0567238	0.0	2.4634367E-4	0.025	2023	tags=73%, list=19%, signal=90%	
GOBP_NADH_DEHYDROGENASE_COMPLEX_ASSEMBLY	GOBP_NADH_DEHYDROGENASE_COMPLEX_ASSEMBLY	Details ...	46	0.6471486	2.0503654	0.0	2.5305364E-4	0.026	2727	tags=59%, list=26%, signal=79%	
GOBP_MATURATION_OF_5_8S_RRNA	GOBP_MATURATION_OF_5_8S_RRNA	Details ...	34	0.7011869	2.0477655	0.0	2.5976935E-4	0.027	2085	tags=74%, list=20%, signal=91%	
GOBP_MRNA_PROCESSING	GOBP_MRNA_PROCESSING	Details ...	384	0.4903869	2.0460663	0.0	2.9487818E-4	0.031	2796	tags=46%, list=27%, signal=60%	
GOBP_SNRNA_METABOLIC_PROCESS	GOBP_SNRNA_METABOLIC_PROCESS	Details ...	47	0.6461164	2.0396287	0.0	3.574861E-4	0.038	2704	tags=57%, list=26%, signal=77%	
GOBP_MATURATION_OF_LSU_RRNA_FROM_TRICISTRONIC_RRNA_TRANSCRIPT_SSU_RRNA_5_8S_RRNA_LSU_RRNA	GOBP_MATURATION_OF_LSU_RRNA_FROM_TRICISTRONIC_RRNA_TRANSCRIPT_SSU_RRNA_5_8S_RRNA_LSU_RRNA	Details ...	15	0.85147184	2.0392506	0.0	3.534694E-4	0.038	704	tags=80%, list=7%, signal=86%	
GOBP_MITOCHONDRIAL_RNA_METABOLIC_PROCESS	GOBP_MITOCHONDRIAL_RNA_METABOLIC_PROCESS	Details ...	44	0.65685433	2.0339618	0.0	3.7690287E-4	0.041	1766	tags=43%, list=17%, signal=52%	
GOCC_TRANSLATION_PREINITIATION_COMPLEX	GOCC_TRANSLATION_PREINITIATION_COMPLEX	Details ...	16	0.80848795	2.0301218	0.0	3.9073985E-4	0.043	1579	tags=69%, list=15%, signal=81%	
GOCC_CATALYTIC_STEP_2_SPLICEOSOME	GOCC_CATALYTIC_STEP_2_SPLICEOSOME	Details ...	83	0.5821168	2.0265002	0.0	4.1345583E-4	0.045	2061	tags=47%, list=20%, signal=58%	
GOBP_REGULATION_OF_MITOCHONDRIAL_GENE_EXPRESSION	GOBP_REGULATION_OF_MITOCHONDRIAL_GENE_EXPRESSION	Details ...	25	0.73149747	2.0245268	0.0	4.2717298E-4	0.047	1359	tags=48%, list=13%, signal=55%	
GOMF_RNA_POLYMERASE_ACTIVITY	GOMF_RNA_POLYMERASE_ACTIVITY	Details ...	37	0.67886126	2.023074	0.0	4.2262857E-4	0.047	1500	tags=49%, list=14%, signal=57%	
GOBP_CLEAVAGE_INVOLVED_IN_RRNA_PROCESSING	GOBP_CLEAVAGE_INVOLVED_IN_RRNA_PROCESSING	Details ...	27	0.72080463	2.0199752	0.0	4.5286756E-4	0.051	2085	tags=70%, list=20%, signal=88%	
HP_PARTIAL_DUPLICATION_OF_THE_PHALANX_OF_HAND	HP_PARTIAL_DUPLICATION_OF_THE_PHALANX_OF_HAND	Details ...	28	0.70352095	2.0157728	0.0	4.8283854E-4	0.055	2022	tags=64%, list=19%, signal=79%	
GOBP_MATURATION_OF_5_8S_RRNA_FROM_TRICISTRONIC_RRNA_TRANSCRIPT_SSU_RRNA_5_8S_RRNA_LSU_RRNA	GOBP_MATURATION_OF_5_8S_RRNA_FROM_TRICISTRONIC_RRNA_TRANSCRIPT_SSU_RRNA_5_8S_RRNA_LSU_RRNA	Details ...	24	0.73344517	2.0145762	0.0	4.9489574E-4	0.057	2085	tags=79%, list=20%, signal=99%	
GOBP_RNA_METHYLATION	GOBP_RNA_METHYLATION	Details ...	67	0.60228103	2.01254	0.0	5.321065E-4	0.062	1170	tags=30%, list=11%, signal=33%	
GOBP_MITOCHONDRIAL_RNA_PROCESSING	GOBP_MITOCHONDRIAL_RNA_PROCESSING	Details ...	19	0.78651816	2.01213	0.0	5.267317E-4	0.062	1371	tags=53%, list=13%, signal=60%	
GOMF_STRUCTURAL_MOLECULE_ACTIVITY	GOMF_STRUCTURAL_MOLECULE_ACTIVITY	Details ...	299	0.49465424	2.0103626	0.0	5.2146445E-4	0.062	2169	tags=46%, list=21%, signal=56%	
HP_MALIGNANT_GENITOURINARY_TRACT_TUMOR	HP_MALIGNANT_GENITOURINARY_TRACT_TUMOR		25	0.7263476	2.005637	0.0	5.6581054E-4	0.067	2022	tags=68%, list=19%, signal=84%	
HP_PERSISTENCE_OF_HEMOGLOBIN_F	HP_PERSISTENCE_OF_HEMOGLOBIN_F		24	0.7320112	2.0040221	0.0	5.764557E-4	0.069	2022	tags=71%, list=19%, signal=88%	
GOCC_RNA_POLYMERASE_III_COMPLEX	GOCC_RNA_POLYMERASE_III_COMPLEX		18	0.7707987	1.997448	0.0	6.8348664E-4	0.082	1500	tags=67%, list=14%, signal=78%	
GOCC_RESPIRASOME	GOCC_RESPIRASOME		72	0.58731973	1.9923935	0.0	7.4882264E-4	0.091	2423	tags=51%, list=23%, signal=66%	
HP_ABNORMALITY_OF_THE_MITOCHONDRION	HP_ABNORMALITY_OF_THE_MITOCHONDRION		141	0.5323398	1.9910297	0.0	7.4950233E-4	0.092	2791	tags=48%, list=27%, signal=64%	
GOCC_POLYSOME	GOCC_POLYSOME		55	0.60973793	1.9904147	0.0	7.4243156E-4	0.092	2040	tags=56%, list=19%, signal=70%	
GOBP_PROTEIN_PEPTIDYL_PROLYL_ISOMERIZATION	GOBP_PROTEIN_PEPTIDYL_PROLYL_ISOMERIZATION		27	0.68634593	1.9896363	0.0	7.4332894E-4	0.093	1326	tags=48%, list=13%, signal=55%	
GOMF_S_ADENOSYLMETHIONINE_DEPENDENT_METHYLTRANSFERASE_ACTIVITY	GOMF_S_ADENOSYLMETHIONINE_DEPENDENT_METHYLTRANSFERASE_ACTIVITY		115	0.5410766	1.9890037	0.0	7.440835E-4	0.094	1687	tags=33%, list=16%, signal=39%	
GOBP_NUCLEOSIDE_MONOPHOSPHATE_BIOSYNTHETIC_PROCESS	GOBP_NUCLEOSIDE_MONOPHOSPHATE_BIOSYNTHETIC_PROCESS		35	0.668763	1.9881357	0.0	7.37257E-4	0.094	1192	tags=51%, list=11%, signal=58%	
HP_ABNORMAL_NUMBER_OF_ERYTHROID_PRECURSORS	HP_ABNORMAL_NUMBER_OF_ERYTHROID_PRECURSORS		34	0.66272026	1.9859686	0.0	8.060593E-4	0.103	2142	tags=59%, list=20%, signal=74%	
GOCC_SMN_SM_PROTEIN_COMPLEX	GOCC_SMN_SM_PROTEIN_COMPLEX		16	0.79620814	1.9847896	0.0	8.1342185E-4	0.105	1885	tags=88%, list=18%, signal=106%	
GOBP_POSITIVE_REGULATION_OF_TRANSCRIPTION_BY_RNA_POLYMERASE_I	GOBP_POSITIVE_REGULATION_OF_TRANSCRIPTION_BY_RNA_POLYMERASE_I		19	0.7715876	1.9791546	0.0	9.9041E-4	0.129	1092	tags=47%, list=10%, signal=53%	
GOBP_AEROBIC_RESPIRATION	GOBP_AEROBIC_RESPIRATION		129	0.5282629	1.9756347	0.0	0.0010547753	0.139	2423	tags=47%, list=23%, signal=61%	
HP_DECREASED_ACTIVITY_OF_MITOCHONDRIAL_COMPLEX_I	HP_DECREASED_ACTIVITY_OF_MITOCHONDRIAL_COMPLEX_I		47	0.6211815	1.97515	0.0	0.0010600078	0.141	1788	tags=40%, list=17%, signal=48%	
GOBP_RNA_5_END_PROCESSING	GOBP_RNA_5_END_PROCESSING		21	0.75522727	1.9695882	0.0	0.001151313	0.152	2029	tags=81%, list=19%, signal=100%	
HP_ABNORMALITY_OF_THE_THENAR_EMINENCE	HP_ABNORMALITY_OF_THE_THENAR_EMINENCE		22	0.732844	1.969536	0.0	0.0011413879	0.152	2022	tags=73%, list=19%, signal=90%	
HP_ABNORMALITY_OF_ACID_BASE_HOMEOSTASIS	HP_ABNORMALITY_OF_ACID_BASE_HOMEOSTASIS		267	0.48706886	1.9616698	0.0	0.0013362007	0.174	1894	tags=36%, list=18%, signal=42%	
GOBP_RNA_EXPORT_FROM_NUCLEUS	GOBP_RNA_EXPORT_FROM_NUCLEUS		68	0.5909641	1.9592235	0.0	0.0013877015	0.182	3307	tags=66%, list=31%, signal=96%	
GOCC_PROTEASOME_ACCESSORY_COMPLEX	GOCC_PROTEASOME_ACCESSORY_COMPLEX		23	0.7322037	1.9580085	0.0	0.0014109918	0.185	2185	tags=70%, list=21%, signal=88%	
GOBP_ESTABLISHMENT_OF_PROTEIN_LOCALIZATION_TO_TELOMERE	GOBP_ESTABLISHMENT_OF_PROTEIN_LOCALIZATION_TO_TELOMERE		15	0.81249803	1.9573911	0.0	0.0014199782	0.185	472	tags=53%, list=4%, signal=56%	
HP_DUPLICATION_OF_THUMB_PHALANX	HP_DUPLICATION_OF_THUMB_PHALANX		40	0.6367436	1.956433	0.002096436	0.001428723	0.187	2498	tags=58%, list=24%, signal=75%	
HP_ERYTHROID_HYPOPLASIA	HP_ERYTHROID_HYPOPLASIA		24	0.72074205	1.9557776	0.0	0.0014307314	0.188	2142	tags=75%, list=20%, signal=94%	
GOCC_METHYLTRANSFERASE_COMPLEX	GOCC_METHYLTRANSFERASE_COMPLEX		83	0.5570942	1.9541821	0.0	0.0015000069	0.199	1742	tags=39%, list=17%, signal=46%	
GOBP_ATP_SYNTHESIS_COUPLED_ELECTRON_TRANSPORT	GOBP_ATP_SYNTHESIS_COUPLED_ELECTRON_TRANSPORT		67	0.5784709	1.950998	0.0	0.0015609125	0.208	2423	tags=54%, list=23%, signal=69%	
HP_ADENOCARCINOMA_OF_THE_INTESTINES	HP_ADENOCARCINOMA_OF_THE_INTESTINES		33	0.6596404	1.9487973	0.0	0.0016544819	0.222	2022	tags=58%, list=19%, signal=71%	
GOMF_MOLECULAR_CARRIER_ACTIVITY	GOMF_MOLECULAR_CARRIER_ACTIVITY		52	0.5979406	1.948783	0.0	0.0016413511	0.222	1626	tags=42%, list=15%, signal=50%	
GOCC_POLYSOMAL_RIBOSOME	GOCC_POLYSOMAL_RIBOSOME		28	0.6867424	1.94725	0.0	0.0016479426	0.225	2888	tags=82%, list=27%, signal=113%	
HP_ABSENT_THUMB	HP_ABSENT_THUMB		40	0.6339977	1.9459231	0.0	0.0016996545	0.229	2022	tags=50%, list=19%, signal=62%	
GOCC_SPLICEOSOMAL_TRI_SNRNP_COMPLEX	GOCC_SPLICEOSOMAL_TRI_SNRNP_COMPLEX		30	0.6753884	1.9443442	0.0	0.0017248199	0.233	1781	tags=57%, list=17%, signal=68%	
GOCC_U1_SNRNP	GOCC_U1_SNRNP		17	0.76284987	1.9412122	0.0	0.0017816931	0.242	2301	tags=88%, list=22%, signal=113%	
GOBP_PROTEIN_LOCALIZATION_TO_CHROMOSOME_TELOMERIC_REGION	GOBP_PROTEIN_LOCALIZATION_TO_CHROMOSOME_TELOMERIC_REGION		27	0.69408166	1.9394083	0.0	0.0018442685	0.251	1144	tags=44%, list=11%, signal=50%	
HP_PURE_RED_CELL_APLASIA	HP_PURE_RED_CELL_APLASIA		22	0.73136073	1.9375505	0.0	0.0019054394	0.263	2022	tags=73%, list=19%, signal=90%	
GOBP_RIBONUCLEOSIDE_MONOPHOSPHATE_METABOLIC_PROCESS	GOBP_RIBONUCLEOSIDE_MONOPHOSPHATE_METABOLIC_PROCESS		41	0.628767	1.9360919	0.0	0.0019035513	0.265	1192	tags=41%, list=11%, signal=47%	
HP_INCREASED_CSF_LACTATE	HP_INCREASED_CSF_LACTATE		72	0.5630843	1.9358145	0.0	0.0018893457	0.265	3483	tags=67%, list=33%, signal=99%	
HP_PREMATURE_LOSS_OF_TEETH	HP_PREMATURE_LOSS_OF_TEETH		29	0.6838799	1.9319642	0.0	0.002059164	0.289	235	tags=17%, list=2%, signal=18%	
GOBP_RIBONUCLEOSIDE_MONOPHOSPHATE_BIOSYNTHETIC_PROCESS	GOBP_RIBONUCLEOSIDE_MONOPHOSPHATE_BIOSYNTHETIC_PROCESS		27	0.68856007	1.9246432	0.0	0.0023728556	0.326	1192	tags=56%, list=11%, signal=63%	
GOCC_CAJAL_BODY	GOCC_CAJAL_BODY		54	0.60065675	1.9237576	0.0	0.0023855718	0.33	2374	tags=48%, list=23%, signal=62%	
GOBP_SPERM_EGG_RECOGNITION	GOBP_SPERM_EGG_RECOGNITION		18	0.7486981	1.9223384	0.0	0.002410389	0.336	1309	tags=56%, list=12%, signal=63%	
GOBP_NUCLEOBASE_BIOSYNTHETIC_PROCESS	GOBP_NUCLEOBASE_BIOSYNTHETIC_PROCESS		15	0.7902841	1.9179518	0.0	0.0026370408	0.369	1032	tags=73%, list=10%, signal=81%	
HP_ADENOCARCINOMA_OF_THE_COLON	HP_ADENOCARCINOMA_OF_THE_COLON		26	0.7019539	1.914369	0.0	0.0027542366	0.385	2022	tags=65%, list=19%, signal=81%	
GOCC_CYTOSOLIC_SMALL_RIBOSOMAL_SUBUNIT	GOCC_CYTOSOLIC_SMALL_RIBOSOMAL_SUBUNIT		37	0.6392233	1.9127649	0.002016129	0.0028051059	0.39	2142	tags=70%, list=20%, signal=88%	
GOBP_REGULATION_OF_TRANSLATIONAL_INITIATION	GOBP_REGULATION_OF_TRANSLATIONAL_INITIATION		71	0.5592544	1.9101939	0.0	0.0028728254	0.399	2208	tags=39%, list=21%, signal=50%	
GOBP_RNA_DEPENDENT_DNA_BIOSYNTHETIC_PROCESS	GOBP_RNA_DEPENDENT_DNA_BIOSYNTHETIC_PROCESS		62	0.5687459	1.9099736	0.0	0.002858544	0.4	1144	tags=32%, list=11%, signal=36%	
HP_ABNORMAL_ERYTHROCYTE_ENZYME_LEVEL	HP_ABNORMAL_ERYTHROCYTE_ENZYME_LEVEL		30	0.67271596	1.9090625	0.0	0.0028673466	0.402	2022	tags=67%, list=19%, signal=82%	
GOBP_PSEUDOURIDINE_SYNTHESIS	GOBP_PSEUDOURIDINE_SYNTHESIS		18	0.754844	1.906554	0.0	0.0029673479	0.416	374	tags=39%, list=4%, signal=40%	
HP_APLASIA_OF_THE_FINGERS	HP_APLASIA_OF_THE_FINGERS		49	0.6001909	1.9052224	0.002202643	0.0030035204	0.421	2048	tags=45%, list=19%, signal=56%	
GOBP_MITOCHONDRIAL_TRANSPORT	GOBP_MITOCHONDRIAL_TRANSPORT		142	0.5029949	1.9013841	0.0	0.0032406403	0.45	1469	tags=31%, list=14%, signal=36%	
GOBP_REGULATION_OF_MRNA_SPLICING_VIA_SPLICEOSOME	GOBP_REGULATION_OF_MRNA_SPLICING_VIA_SPLICEOSOME		78	0.5527787	1.8995507	0.0	0.0033028668	0.456	2796	tags=55%, list=27%, signal=75%	
GOCC_TELOMERASE_HOLOENZYME_COMPLEX	GOCC_TELOMERASE_HOLOENZYME_COMPLEX		21	0.71258456	1.8993617	0.0	0.0032974754	0.458	2081	tags=62%, list=20%, signal=77%	
GOMF_CIS_TRANS_ISOMERASE_ACTIVITY	GOMF_CIS_TRANS_ISOMERASE_ACTIVITY		29	0.67574555	1.8989152	0.0	0.0033090462	0.461	1498	tags=48%, list=14%, signal=56%	
GOBP_CELLULAR_RESPIRATION	GOBP_CELLULAR_RESPIRATION		162	0.49610448	1.8968341	0.0	0.0034346732	0.473	2423	tags=45%, list=23%, signal=58%	
GOBP_BINDING_OF_SPERM_TO_ZONA_PELLUCIDA	GOBP_BINDING_OF_SPERM_TO_ZONA_PELLUCIDA		16	0.7698944	1.8949885	0.0	0.003487829	0.479	1309	tags=63%, list=12%, signal=71%	
GOMF_CATALYTIC_ACTIVITY_ACTING_ON_A_NUCLEIC_ACID	GOMF_CATALYTIC_ACTIVITY_ACTING_ON_A_NUCLEIC_ACID		485	0.44366997	1.892926	0.0	0.0035785402	0.49	2366	tags=35%, list=23%, signal=44%	
GOBP_N_TERMINAL_PROTEIN_AMINO_ACID_MODIFICATION	GOBP_N_TERMINAL_PROTEIN_AMINO_ACID_MODIFICATION		24	0.6973147	1.8821006	0.0	0.0041250344	0.533	1538	tags=46%, list=15%, signal=54%	
GOBP_POSTTRANSCRIPTIONAL_REGULATION_OF_GENE_EXPRESSION	GOBP_POSTTRANSCRIPTIONAL_REGULATION_OF_GENE_EXPRESSION		400	0.44356447	1.8806947	0.0	0.0041727675	0.536	2231	tags=38%, list=21%, signal=46%	
GOBP_POSITIVE_REGULATION_OF_TRANSLATION	GOBP_POSITIVE_REGULATION_OF_TRANSLATION		101	0.51850384	1.8805372	0.0	0.004167189	0.539	2049	tags=43%, list=19%, signal=52%	
GOMF_CATALYTIC_ACTIVITY_ACTING_ON_A_RRNA	GOMF_CATALYTIC_ACTIVITY_ACTING_ON_A_RRNA		17	0.75691825	1.8791676	0.0	0.0042250985	0.546	950	tags=41%, list=9%, signal=45%	
GOBP_TRANSLATIONAL_ELONGATION	GOBP_TRANSLATIONAL_ELONGATION		41	0.6065413	1.8746043	0.0	0.004549586	0.585	1755	tags=44%, list=17%, signal=52%	
GOMF_TRNA_METHYLTRANSFERASE_ACTIVITY	GOMF_TRNA_METHYLTRANSFERASE_ACTIVITY		28	0.6671201	1.869624	0.0	0.004822627	0.609	1170	tags=36%, list=11%, signal=40%	
GOMF_GENERAL_TRANSCRIPTION_INITIATION_FACTOR_BINDING	GOMF_GENERAL_TRANSCRIPTION_INITIATION_FACTOR_BINDING		48	0.5881682	1.8694792	0.0	0.004808008	0.611	2095	tags=44%, list=20%, signal=54%	
GOMF_METHYL_CPG_BINDING	GOMF_METHYL_CPG_BINDING		19	0.7358036	1.8690095	0.0	0.004829385	0.615	885	tags=26%, list=8%, signal=29%	
GOBP_NUCLEOSIDE_MONOPHOSPHATE_METABOLIC_PROCESS	GOBP_NUCLEOSIDE_MONOPHOSPHATE_METABOLIC_PROCESS		54	0.583401	1.8689656	0.0	0.0048046466	0.616	1192	tags=41%, list=11%, signal=46%	
GOMF_SNRNA_BINDING	GOMF_SNRNA_BINDING		42	0.6115321	1.8669149	0.0	0.0049070087	0.628	2637	tags=60%, list=25%, signal=79%	
GOBP_RRNA_METHYLATION	GOBP_RRNA_METHYLATION		18	0.7348781	1.8655664	0.00203666	0.0049779285	0.638	950	tags=39%, list=9%, signal=43%	
GOMF_RIBOSOME_BINDING	GOMF_RIBOSOME_BINDING		57	0.57086456	1.8587123	0.0	0.0055646696	0.673	1253	tags=35%, list=12%, signal=40%	
GOCC_ENDORIBONUCLEASE_COMPLEX	GOCC_ENDORIBONUCLEASE_COMPLEX		31	0.6472678	1.8582996	0.0	0.0055609075	0.674	2147	tags=61%, list=20%, signal=77%	
GOBP_RNA_3_END_PROCESSING	GOBP_RNA_3_END_PROCESSING		90	0.523639	1.8545977	0.0	0.0058904937	0.698	2855	tags=50%, list=27%, signal=68%	
GOBP_NCRNA_3_END_PROCESSING	GOBP_NCRNA_3_END_PROCESSING		35	0.62850595	1.852554	0.0	0.006022549	0.708	2403	tags=57%, list=23%, signal=74%	
GOCC_U2_SNRNP	GOCC_U2_SNRNP		19	0.72982264	1.8509027	0.0	0.0061330483	0.714	1879	tags=74%, list=18%, signal=90%	
GOBP_TELOMERE_MAINTENANCE_VIA_TELOMERE_LENGTHENING	GOBP_TELOMERE_MAINTENANCE_VIA_TELOMERE_LENGTHENING		71	0.5429907	1.8468876	0.0	0.006504528	0.747	1144	tags=28%, list=11%, signal=31%	
HP_ABNORMAL_HEMOGLOBIN	HP_ABNORMAL_HEMOGLOBIN		33	0.6367544	1.845904	0.0	0.0065830266	0.751	2022	tags=55%, list=19%, signal=67%	
GOCC_OUTER_MITOCHONDRIAL_MEMBRANE_PROTEIN_COMPLEX	GOCC_OUTER_MITOCHONDRIAL_MEMBRANE_PROTEIN_COMPLEX		18	0.71649945	1.8453352	0.0020408162	0.006602465	0.753	2321	tags=67%, list=22%, signal=85%	
GOBP_PROTEIN_IMPORT_INTO_MITOCHONDRIAL_MATRIX	GOBP_PROTEIN_IMPORT_INTO_MITOCHONDRIAL_MATRIX		17	0.7276127	1.8442945	0.0	0.006664888	0.756	1469	tags=59%, list=14%, signal=68%	
GOBP_TRNA_METHYLATION	GOBP_TRNA_METHYLATION		36	0.6168588	1.8402495	0.002118644	0.0070687784	0.779	1170	tags=31%, list=11%, signal=34%	
GOBP_PROTEIN_TARGETING_TO_MITOCHONDRION	GOBP_PROTEIN_TARGETING_TO_MITOCHONDRION		84	0.53266263	1.8387244	0.0	0.007131887	0.786	1469	tags=37%, list=14%, signal=43%	
GOBP_PEPTIDYL_ARGININE_MODIFICATION	GOBP_PEPTIDYL_ARGININE_MODIFICATION		18	0.71816224	1.838305	0.0	0.0071241665	0.787	2387	tags=56%, list=23%, signal=72%	
GOMF_RIBOSOMAL_SMALL_SUBUNIT_BINDING	GOMF_RIBOSOMAL_SMALL_SUBUNIT_BINDING		17	0.7295123	1.8375499	0.0	0.0071724574	0.792	857	tags=47%, list=8%, signal=51%	
GOBP_RESPIRATORY_ELECTRON_TRANSPORT_CHAIN	GOBP_RESPIRATORY_ELECTRON_TRANSPORT_CHAIN		82	0.5316676	1.8346295	0.0	0.007392255	0.801	2423	tags=54%, list=23%, signal=69%	
GOBP_REGULATION_OF_CELLULAR_AMIDE_METABOLIC_PROCESS	GOBP_REGULATION_OF_CELLULAR_AMIDE_METABOLIC_PROCESS		339	0.4424397	1.83311	0.0	0.007521678	0.81	2220	tags=38%, list=21%, signal=47%	
HP_TRIPHALANGEAL_THUMB	HP_TRIPHALANGEAL_THUMB		49	0.58242	1.83227	0.0	0.007603908	0.813	2753	tags=51%, list=26%, signal=69%	
GOBP_PROTEIN_LOCALIZATION_TO_MITOCHONDRION	GOBP_PROTEIN_LOCALIZATION_TO_MITOCHONDRION		103	0.51151407	1.8306926	0.0	0.0077946302	0.818	1469	tags=34%, list=14%, signal=39%	
GOBP_SPLICEOSOMAL_COMPLEX_ASSEMBLY	GOBP_SPLICEOSOMAL_COMPLEX_ASSEMBLY		48	0.58037084	1.8267434	0.0	0.008293765	0.836	2583	tags=58%, list=25%, signal=77%	
GOCC_PROTEASOME_CORE_COMPLEX	GOCC_PROTEASOME_CORE_COMPLEX		18	0.71765274	1.8236064	0.0	0.00857335	0.846	1097	tags=56%, list=10%, signal=62%	
GOBP_METHYLATION	GOBP_METHYLATION		257	0.4522482	1.8234082	0.0	0.00853558	0.846	2309	tags=35%, list=22%, signal=43%	
GOMF_METALLOAMINOPEPTIDASE_ACTIVITY	GOMF_METALLOAMINOPEPTIDASE_ACTIVITY		16	0.7484069	1.8217486	0.0018518518	0.008695086	0.855	1185	tags=38%, list=11%, signal=42%	
GOBP_MITOCHONDRIAL_MEMBRANE_ORGANIZATION	GOBP_MITOCHONDRIAL_MEMBRANE_ORGANIZATION		86	0.5161325	1.8215044	0.0	0.008670553	0.856	2321	tags=42%, list=22%, signal=53%	
GOMF_RNA_CAP_BINDING	GOMF_RNA_CAP_BINDING		16	0.7434055	1.8201579	0.0	0.008813884	0.861	1240	tags=50%, list=12%, signal=57%	
GOMF_SIGNAL_SEQUENCE_BINDING	GOMF_SIGNAL_SEQUENCE_BINDING		34	0.6086462	1.8195512	0.0	0.008841863	0.863	1800	tags=32%, list=17%, signal=39%	
GOCC_PROTEASOME_REGULATORY_PARTICLE	GOCC_PROTEASOME_REGULATORY_PARTICLE		19	0.69949186	1.8186363	0.0	0.008934867	0.867	2185	tags=63%, list=21%, signal=80%	
GOCC_PRESPLICEOSOME	GOCC_PRESPLICEOSOME		15	0.74428874	1.8179111	0.0020408162	0.008952832	0.868	2518	tags=87%, list=24%, signal=114%	
GOMF_ENDORIBONUCLEASE_ACTIVITY_PRODUCING_5_PHOSPHOMONOESTERS	GOMF_ENDORIBONUCLEASE_ACTIVITY_PRODUCING_5_PHOSPHOMONOESTERS		27	0.6403261	1.8136783	0.0	0.009576851	0.893	2191	tags=59%, list=21%, signal=75%	
GOBP_REGULATION_OF_MRNA_PROCESSING	GOBP_REGULATION_OF_MRNA_PROCESSING		108	0.50082076	1.8094063	0.0	0.0102257	0.91	2796	tags=48%, list=27%, signal=65%	
GOBP_MRNA_EXPORT_FROM_NUCLEUS	GOBP_MRNA_EXPORT_FROM_NUCLEUS		51	0.5586691	1.8082819	0.0021276595	0.010335351	0.913	3296	tags=59%, list=31%, signal=85%	
HP_OSTEOSARCOMA	HP_OSTEOSARCOMA		30	0.6222856	1.8039001	0.0	0.010806747	0.919	2048	tags=60%, list=19%, signal=74%	
GOCC_NADH_DEHYDROGENASE_COMPLEX	GOCC_NADH_DEHYDROGENASE_COMPLEX		38	0.5897331	1.7999712	0.0	0.011433216	0.931	3483	tags=68%, list=33%, signal=102%	
GOBP_ASPARTATE_FAMILY_AMINO_ACID_BIOSYNTHETIC_PROCESS	GOBP_ASPARTATE_FAMILY_AMINO_ACID_BIOSYNTHETIC_PROCESS		16	0.71599174	1.7978132	0.0	0.011771594	0.937	2712	tags=81%, list=26%, signal=109%	
GOBP_INNER_MITOCHONDRIAL_MEMBRANE_ORGANIZATION	GOBP_INNER_MITOCHONDRIAL_MEMBRANE_ORGANIZATION		32	0.6143953	1.7960796	0.002079002	0.012010738	0.941	1780	tags=44%, list=17%, signal=53%	
GOBP_PROTEIN_TRANSMEMBRANE_IMPORT_INTO_INTRACELLULAR_ORGANELLE	GOBP_PROTEIN_TRANSMEMBRANE_IMPORT_INTO_INTRACELLULAR_ORGANELLE		32	0.61293185	1.7956494	0.002105263	0.012025278	0.942	2822	tags=63%, list=27%, signal=85%	
GOCC_NUCLEAR_PORE	GOCC_NUCLEAR_PORE		73	0.52561504	1.789909	0.0	0.012856207	0.952	3307	tags=62%, list=31%, signal=89%	
GOBP_REGULATION_OF_INTRINSIC_APOPTOTIC_SIGNALING_PATHWAY_BY_P53_CLASS_MEDIATOR	GOBP_REGULATION_OF_INTRINSIC_APOPTOTIC_SIGNALING_PATHWAY_BY_P53_CLASS_MEDIATOR		22	0.66355515	1.7849253	0.0	0.013701273	0.96	1664	tags=41%, list=16%, signal=49%	
GOBP_AMINO_ACID_ACTIVATION	GOBP_AMINO_ACID_ACTIVATION		26	0.64578116	1.784488	0.0	0.01371117	0.96	2928	tags=65%, list=28%, signal=90%	
GOBP_RNA_PHOSPHODIESTER_BOND_HYDROLYSIS	GOBP_RNA_PHOSPHODIESTER_BOND_HYDROLYSIS		120	0.48836425	1.7840549	0.0	0.013712941	0.962	2297	tags=48%, list=22%, signal=60%	
GOMF_NUCLEOCYTOPLASMIC_CARRIER_ACTIVITY	GOMF_NUCLEOCYTOPLASMIC_CARRIER_ACTIVITY		25	0.6367414	1.7830989	0.002020202	0.013804812	0.964	1808	tags=52%, list=17%, signal=63%	
GOCC_EXORIBONUCLEASE_COMPLEX	GOCC_EXORIBONUCLEASE_COMPLEX		20	0.70486146	1.7818251	0.0	0.0140048275	0.968	2297	tags=75%, list=22%, signal=96%	
GOBP_ENDONUCLEOLYTIC_CLEAVAGE_INVOLVED_IN_RRNA_PROCESSING	GOBP_ENDONUCLEOLYTIC_CLEAVAGE_INVOLVED_IN_RRNA_PROCESSING		15	0.7265293	1.7788322	0.0019493178	0.014408817	0.97	2029	tags=73%, list=19%, signal=91%	
GOBP_RNA_PHOSPHODIESTER_BOND_HYDROLYSIS_ENDONUCLEOLYTIC	GOBP_RNA_PHOSPHODIESTER_BOND_HYDROLYSIS_ENDONUCLEOLYTIC		60	0.53622466	1.7731411	0.002	0.015451897	0.976	2191	tags=53%, list=21%, signal=67%	
HP_METABOLIC_ACIDOSIS	HP_METABOLIC_ACIDOSIS		96	0.49208748	1.7707177	0.0	0.015879985	0.979	1791	tags=33%, list=17%, signal=40%	
GOCC_RNA_POLYMERASE_COMPLEX	GOCC_RNA_POLYMERASE_COMPLEX		91	0.50418586	1.7662373	0.0021505377	0.016781718	0.983	2984	tags=51%, list=28%, signal=70%	
GOBP_DE_NOVO_PROTEIN_FOLDING	GOBP_DE_NOVO_PROTEIN_FOLDING		35	0.6122617	1.7652034	0.0	0.016922954	0.983	1376	tags=37%, list=13%, signal=43%	
HP_ABNORMAL_URINE_CARBOXYLIC_ACID_LEVEL	HP_ABNORMAL_URINE_CARBOXYLIC_ACID_LEVEL		34	0.59304047	1.7626697	0.0	0.017390061	0.987	1862	tags=41%, list=18%, signal=50%	
GOMF_NUCLEAR_LOCALIZATION_SEQUENCE_BINDING	GOMF_NUCLEAR_LOCALIZATION_SEQUENCE_BINDING		18	0.6976028	1.7625213	0.0041753654	0.017338967	0.987	1626	tags=50%, list=15%, signal=59%	
GOMF_ISOMERASE_ACTIVITY	GOMF_ISOMERASE_ACTIVITY		115	0.4811702	1.7622502	0.0	0.017304145	0.987	1599	tags=30%, list=15%, signal=36%	
HP_LACTIC_ACIDOSIS	HP_LACTIC_ACIDOSIS		135	0.46970472	1.7621115	0.0	0.017277306	0.987	2816	tags=49%, list=27%, signal=66%	
GOMF_BASAL_TRANSCRIPTION_MACHINERY_BINDING	GOMF_BASAL_TRANSCRIPTION_MACHINERY_BINDING		54	0.5566183	1.7607234	0.0	0.017547727	0.988	722	tags=20%, list=7%, signal=22%	
GOBP_MITOCHONDRION_ORGANIZATION	GOBP_MITOCHONDRION_ORGANIZATION		391	0.41923457	1.760358	0.0	0.0175508	0.989	1711	tags=29%, list=16%, signal=33%	
GOBP_TELOMERE_MAINTENANCE	GOBP_TELOMERE_MAINTENANCE		118	0.4754826	1.7592489	0.0	0.017718108	0.991	2309	tags=38%, list=22%, signal=48%	
GOMF_TELOMERASE_RNA_BINDING	GOMF_TELOMERASE_RNA_BINDING		21	0.67569876	1.758526	0.0019120459	0.017834015	0.992	2297	tags=62%, list=22%, signal=79%	
HP_ABNORMAL_TRABECULAR_BONE_MORPHOLOGY	HP_ABNORMAL_TRABECULAR_BONE_MORPHOLOGY		21	0.6713818	1.7584561	0.0021141649	0.017771017	0.992	235	tags=19%, list=2%, signal=19%	
GOBP_PYRIMIDINE_RIBONUCLEOTIDE_METABOLIC_PROCESS	GOBP_PYRIMIDINE_RIBONUCLEOTIDE_METABOLIC_PROCESS		18	0.6771981	1.7572925	0.007936508	0.01798864	0.992	560	tags=39%, list=5%, signal=41%	
HP_INCREASED_SERUM_PYRUVATE	HP_INCREASED_SERUM_PYRUVATE		43	0.56458265	1.7566546	0.003960396	0.01802367	0.992	3483	tags=67%, list=33%, signal=100%	
GOBP_REGULATION_OF_SIGNAL_TRANSDUCTION_BY_P53_CLASS_MEDIATOR	GOBP_REGULATION_OF_SIGNAL_TRANSDUCTION_BY_P53_CLASS_MEDIATOR		77	0.5097476	1.7536818	0.0	0.018541316	0.994	2264	tags=39%, list=22%, signal=49%	
GOMF_AMINOPEPTIDASE_ACTIVITY	GOMF_AMINOPEPTIDASE_ACTIVITY		25	0.6375507	1.7498236	0.002020202	0.019411338	0.997	1542	tags=28%, list=15%, signal=33%	
GOBP_MRNA_MODIFICATION	GOBP_MRNA_MODIFICATION		26	0.6300212	1.7477838	0.002004008	0.01982875	0.997	316	tags=27%, list=3%, signal=28%	
GOMF_NUCLEOTIDYLTRANSFERASE_ACTIVITY	GOMF_NUCLEOTIDYLTRANSFERASE_ACTIVITY		101	0.4822885	1.7414311	0.0	0.02140168	0.998	1570	tags=31%, list=15%, signal=36%	
GOBP_ASPARTATE_FAMILY_AMINO_ACID_METABOLIC_PROCESS	GOBP_ASPARTATE_FAMILY_AMINO_ACID_METABOLIC_PROCESS		28	0.61958784	1.7392714	0.0019607844	0.021986037	0.998	2712	tags=71%, list=26%, signal=96%	
HP_ABNORMAL_CSF_METABOLITE_LEVEL	HP_ABNORMAL_CSF_METABOLITE_LEVEL		89	0.4940068	1.7368546	0.0	0.022592084	0.998	3483	tags=63%, list=33%, signal=93%	
GOMF_CYCLOSPORIN_A_BINDING	GOMF_CYCLOSPORIN_A_BINDING		16	0.7022484	1.7363878	0.004	0.022656452	0.998	1326	tags=50%, list=13%, signal=57%	
GOBP_POSITIVE_REGULATION_OF_CELLULAR_AMIDE_METABOLIC_PROCESS	GOBP_POSITIVE_REGULATION_OF_CELLULAR_AMIDE_METABOLIC_PROCESS		117	0.47056967	1.7346855	0.0	0.023021339	0.998	1432	tags=32%, list=14%, signal=36%	
HP_RETICULOCYTOPENIA	HP_RETICULOCYTOPENIA		30	0.6011505	1.7325424	0.005791506	0.023501633	0.998	2022	tags=57%, list=19%, signal=70%	
GOBP_MRNA_CIS_SPLICING_VIA_SPLICEOSOME	GOBP_MRNA_CIS_SPLICING_VIA_SPLICEOSOME		22	0.64575905	1.7312406	0.002004008	0.023848297	0.998	2301	tags=55%, list=22%, signal=70%	
GOBP_REGULATION_OF_DNA_METHYLATION	GOBP_REGULATION_OF_DNA_METHYLATION		15	0.70144355	1.7301798	0.0040899795	0.024028413	0.998	1634	tags=33%, list=16%, signal=39%	
GOBP_ENERGY_DERIVATION_BY_OXIDATION_OF_ORGANIC_COMPOUNDS	GOBP_ENERGY_DERIVATION_BY_OXIDATION_OF_ORGANIC_COMPOUNDS		204	0.43621552	1.7277209	0.0	0.024687957	0.999	2423	tags=38%, list=23%, signal=49%	
GOBP_APOPTOTIC_MITOCHONDRIAL_CHANGES	GOBP_APOPTOTIC_MITOCHONDRIAL_CHANGES		73	0.51008695	1.7265587	0.0021008404	0.024901029	0.999	673	tags=18%, list=6%, signal=19%	
GOMF_NUCLEAR_IMPORT_SIGNAL_RECEPTOR_ACTIVITY	GOMF_NUCLEAR_IMPORT_SIGNAL_RECEPTOR_ACTIVITY		16	0.6928219	1.7261791	0.0056818184	0.0248794	0.999	1626	tags=63%, list=15%, signal=74%	
GOMF_ELECTRON_TRANSFER_ACTIVITY	GOMF_ELECTRON_TRANSFER_ACTIVITY		85	0.49327236	1.7232009	0.0	0.025764596	1.0	2996	tags=59%, list=29%, signal=82%	
GOBP_ATP_METABOLIC_PROCESS	GOBP_ATP_METABOLIC_PROCESS		174	0.44569492	1.7218834	0.0	0.026058836	1.0	2436	tags=43%, list=23%, signal=55%	
HP_MACROCYTIC_ANEMIA	HP_MACROCYTIC_ANEMIA		50	0.53492266	1.721872	0.0	0.025955863	1.0	2299	tags=52%, list=22%, signal=66%	
GOBP_NUCLEOBASE_METABOLIC_PROCESS	GOBP_NUCLEOBASE_METABOLIC_PROCESS		23	0.6347986	1.7183952	0.004008016	0.026965704	1.0	1032	tags=48%, list=10%, signal=53%	
HP_DECREASED_ACTIVITY_OF_THE_PYRUVATE_DEHYDROGENASE_COMPLEX	HP_DECREASED_ACTIVITY_OF_THE_PYRUVATE_DEHYDROGENASE_COMPLEX		33	0.58047915	1.7141738	0.0	0.028243048	1.0	2727	tags=52%, list=26%, signal=69%	
GOBP_TRICARBOXYLIC_ACID_CYCLE	GOBP_TRICARBOXYLIC_ACID_CYCLE		27	0.6005502	1.713557	0.005905512	0.028377334	1.0	3299	tags=63%, list=31%, signal=92%	
GOCC_INTRINSIC_COMPONENT_OF_MITOCHONDRIAL_INNER_MEMBRANE	GOCC_INTRINSIC_COMPONENT_OF_MITOCHONDRIAL_INNER_MEMBRANE		46	0.54706657	1.7115322	0.002074689	0.028937913	1.0	2893	tags=54%, list=28%, signal=75%	
GOBP_GMP_METABOLIC_PROCESS	GOBP_GMP_METABOLIC_PROCESS		21	0.64987683	1.706165	0.009708738	0.030726233	1.0	1744	tags=57%, list=17%, signal=68%	
GOBP_TOXIN_TRANSPORT	GOBP_TOXIN_TRANSPORT		28	0.59822166	1.7054253	0.003976143	0.0308826	1.0	1230	tags=36%, list=12%, signal=40%	
GOBP_RELEASE_OF_CYTOCHROME_C_FROM_MITOCHONDRIA	GOBP_RELEASE_OF_CYTOCHROME_C_FROM_MITOCHONDRIA		39	0.5597696	1.7046155	0.0020920502	0.031000491	1.0	673	tags=21%, list=6%, signal=22%	
HP_ABNORMAL_METAPHYSEAL_TRABECULATION	HP_ABNORMAL_METAPHYSEAL_TRABECULATION		17	0.6890858	1.7041689	0.004158004	0.031029137	1.0	235	tags=24%, list=2%, signal=24%	
GOBP_ESTABLISHMENT_OF_RNA_LOCALIZATION	GOBP_ESTABLISHMENT_OF_RNA_LOCALIZATION		130	0.4544332	1.7014359	0.0	0.031889692	1.0	2294	tags=40%, list=22%, signal=51%	
HP_DECREASED_ACTIVITY_OF_MITOCHONDRIAL_COMPLEX_IV	HP_DECREASED_ACTIVITY_OF_MITOCHONDRIAL_COMPLEX_IV		25	0.62644976	1.700494	0.005859375	0.032129128	1.0	2332	tags=56%, list=22%, signal=72%	
GOBP_MITOCHONDRIAL_OUTER_MEMBRANE_PERMEABILIZATION_INVOLVED_IN_PROGRAMMED_CELL_DEATH	GOBP_MITOCHONDRIAL_OUTER_MEMBRANE_PERMEABILIZATION_INVOLVED_IN_PROGRAMMED_CELL_DEATH		28	0.59854573	1.7001395	0.004115226	0.03211324	1.0	673	tags=21%, list=6%, signal=23%	
GOBP_PYRIMIDINE_RIBONUCLEOTIDE_BIOSYNTHETIC_PROCESS	GOBP_PYRIMIDINE_RIBONUCLEOTIDE_BIOSYNTHETIC_PROCESS		15	0.6982685	1.6971415	0.0	0.033145852	1.0	560	tags=47%, list=5%, signal=49%	
GOCC_RNA_POLYMERASE_II_HOLOENZYME	GOCC_RNA_POLYMERASE_II_HOLOENZYME		66	0.49837103	1.6960145	0.0	0.03340331	1.0	3072	tags=52%, list=29%, signal=72%	
GOBP_NEGATIVE_REGULATION_OF_MRNA_SPLICING_VIA_SPLICEOSOME	GOBP_NEGATIVE_REGULATION_OF_MRNA_SPLICING_VIA_SPLICEOSOME		18	0.6535435	1.6955085	0.01622718	0.033421602	1.0	2061	tags=56%, list=20%, signal=69%	
GOCC_INTRINSIC_COMPONENT_OF_MITOCHONDRIAL_MEMBRANE	GOCC_INTRINSIC_COMPONENT_OF_MITOCHONDRIAL_MEMBRANE		71	0.5004859	1.6953043	0.0	0.033374224	1.0	2789	tags=48%, list=27%, signal=65%	
GOBP_AMP_METABOLIC_PROCESS	GOBP_AMP_METABOLIC_PROCESS		18	0.6578071	1.6943337	0.007736944	0.033624057	1.0	1744	tags=61%, list=17%, signal=73%	
GOBP_MITOCHONDRIAL_ELECTRON_TRANSPORT_NADH_TO_UBIQUINONE	GOBP_MITOCHONDRIAL_ELECTRON_TRANSPORT_NADH_TO_UBIQUINONE		39	0.55568254	1.693762	0.0020533882	0.033746153	1.0	3483	tags=77%, list=33%, signal=115%	
GOBP_CELLULAR_RESPONSE_TO_UV	GOBP_CELLULAR_RESPONSE_TO_UV		63	0.51150095	1.6929597	0.0020408162	0.033954464	1.0	2487	tags=37%, list=24%, signal=48%	
GOBP_ELECTRON_TRANSPORT_CHAIN	GOBP_ELECTRON_TRANSPORT_CHAIN		112	0.47017512	1.6914144	0.0	0.034466233	1.0	2423	tags=48%, list=23%, signal=62%	
GOBP_POSITIVE_REGULATION_OF_TELOMERE_MAINTENANCE	GOBP_POSITIVE_REGULATION_OF_TELOMERE_MAINTENANCE		47	0.53463143	1.6904078	0.0	0.034779947	1.0	1144	tags=28%, list=11%, signal=31%	
GOBP_MRNA_TRANSPORT	GOBP_MRNA_TRANSPORT		101	0.47037032	1.6898888	0.0	0.034825046	1.0	3307	tags=56%, list=31%, signal=82%	
GOMF_INTRAMOLECULAR_TRANSFERASE_ACTIVITY	GOMF_INTRAMOLECULAR_TRANSFERASE_ACTIVITY		23	0.6242557	1.6881969	0.005882353	0.035367645	1.0	2705	tags=52%, list=26%, signal=70%	
GOBP_VIRAL_TRANSLATION	GOBP_VIRAL_TRANSLATION		17	0.6680317	1.6876746	0.004040404	0.0354125	1.0	1997	tags=59%, list=19%, signal=73%	
GOBP_ESTABLISHMENT_OF_PROTEIN_LOCALIZATION_TO_MITOCHONDRIAL_MEMBRANE	GOBP_ESTABLISHMENT_OF_PROTEIN_LOCALIZATION_TO_MITOCHONDRIAL_MEMBRANE		25	0.6022395	1.6860827	0.006024096	0.0359579	1.0	1382	tags=36%, list=13%, signal=41%	
HP_INCREASED_MEAN_CORPUSCULAR_VOLUME	HP_INCREASED_MEAN_CORPUSCULAR_VOLUME		32	0.57484925	1.6854135	0.004040404	0.03611748	1.0	2299	tags=59%, list=22%, signal=76%	
GOBP_REGULATION_OF_RNA_SPLICING	GOBP_REGULATION_OF_RNA_SPLICING		119	0.4561708	1.6833609	0.0	0.03684821	1.0	2796	tags=46%, list=27%, signal=62%	
GOMF_NADH_DEHYDROGENASE_ACTIVITY	GOMF_NADH_DEHYDROGENASE_ACTIVITY		35	0.571938	1.6812305	0.008528785	0.037614793	1.0	3483	tags=71%, list=33%, signal=106%	
GOBP_PYRIMIDINE_CONTAINING_COMPOUND_BIOSYNTHETIC_PROCESS	GOBP_PYRIMIDINE_CONTAINING_COMPOUND_BIOSYNTHETIC_PROCESS		26	0.60998785	1.6808769	0.0076045627	0.037591916	1.0	1009	tags=46%, list=10%, signal=51%	
HP_ABNORMAL_MEAN_CORPUSCULAR_VOLUME	HP_ABNORMAL_MEAN_CORPUSCULAR_VOLUME		40	0.55003184	1.6781346	0.00203666	0.038537446	1.0	2299	tags=52%, list=22%, signal=67%	
GOBP_POSITIVE_REGULATION_OF_CHROMOSOME_ORGANIZATION	GOBP_POSITIVE_REGULATION_OF_CHROMOSOME_ORGANIZATION		74	0.4888227	1.677397	0.0	0.038721092	1.0	1144	tags=22%, list=11%, signal=24%	
GOBP_PROTEIN_IMPORT	GOBP_PROTEIN_IMPORT		160	0.44298407	1.6773667	0.0	0.03859207	1.0	2138	tags=40%, list=20%, signal=49%	
GOMF_PROTEIN_METHYLTRANSFERASE_ACTIVITY	GOMF_PROTEIN_METHYLTRANSFERASE_ACTIVITY		68	0.49593085	1.6758966	0.0	0.039038856	1.0	1634	tags=32%, list=16%, signal=38%	
GOMF_ATP_HYDROLYSIS_ACTIVITY	GOMF_ATP_HYDROLYSIS_ACTIVITY		244	0.41844407	1.6735932	0.0	0.0398712	1.0	1560	tags=24%, list=15%, signal=28%	
GOBP_PEPTIDYL_PROLINE_MODIFICATION	GOBP_PEPTIDYL_PROLINE_MODIFICATION		40	0.5490949	1.6735027	0.001968504	0.039770044	1.0	1423	tags=40%, list=14%, signal=46%	
GOMF_LIGASE_ACTIVITY_FORMING_CARBON_OXYGEN_BONDS	GOMF_LIGASE_ACTIVITY_FORMING_CARBON_OXYGEN_BONDS		22	0.6409813	1.6726967	0.0060728746	0.040013425	1.0	2928	tags=64%, list=28%, signal=88%	
GOMF_ENDONUCLEASE_ACTIVITY_ACTIVE_WITH_EITHER_RIBO_OR_DEOXYRIBONUCLEIC_ACIDS_AND_PRODUCING_5_PHOSPHOMONOESTERS	GOMF_ENDONUCLEASE_ACTIVITY_ACTIVE_WITH_EITHER_RIBO_OR_DEOXYRIBONUCLEIC_ACIDS_AND_PRODUCING_5_PHOSPHOMONOESTERS		36	0.5684009	1.6699084	0.008196721	0.04110292	1.0	2191	tags=44%, list=21%, signal=56%	
HP_ABNORMAL_DENTAL_ROOT_MORPHOLOGY	HP_ABNORMAL_DENTAL_ROOT_MORPHOLOGY		32	0.55626297	1.6662368	0.006	0.042636737	1.0	112	tags=13%, list=1%, signal=13%	
HP_NORMOCHROMIC_ANEMIA	HP_NORMOCHROMIC_ANEMIA		32	0.5771523	1.6650027	0.003968254	0.04302347	1.0	2350	tags=66%, list=22%, signal=84%	
GOBP_REGULATION_OF_MITOCHONDRIAL_MEMBRANE_PERMEABILITY	GOBP_REGULATION_OF_MITOCHONDRIAL_MEMBRANE_PERMEABILITY		41	0.538888	1.663659	0.010775862	0.04339502	1.0	1232	tags=24%, list=12%, signal=28%	
GOBP_NEGATIVE_REGULATION_OF_MRNA_PROCESSING	GOBP_NEGATIVE_REGULATION_OF_MRNA_PROCESSING		26	0.59905696	1.6634166	0.008080808	0.04333976	1.0	2061	tags=38%, list=20%, signal=48%	
GOBP_BLASTOCYST_FORMATION	GOBP_BLASTOCYST_FORMATION		29	0.582775	1.6630888	0.002004008	0.04334776	1.0	710	tags=28%, list=7%, signal=30%	
GOBP_REGULATION_OF_TELOMERE_MAINTENANCE	GOBP_REGULATION_OF_TELOMERE_MAINTENANCE		72	0.49702334	1.6619086	0.0	0.043772966	1.0	2309	tags=39%, list=22%, signal=49%	
HP_GASTROINTESTINAL_CARCINOMA	HP_GASTROINTESTINAL_CARCINOMA		55	0.51703215	1.6615266	0.004008016	0.043784533	1.0	2128	tags=40%, list=20%, signal=50%	
GOBP_SNRNA_PROCESSING	GOBP_SNRNA_PROCESSING		22	0.6341495	1.661235	0.0	0.043758	1.0	2950	tags=64%, list=28%, signal=88%	
GOBP_MAMMARY_GLAND_EPITHELIAL_CELL_PROLIFERATION	GOBP_MAMMARY_GLAND_EPITHELIAL_CELL_PROLIFERATION		18	0.65354013	1.6610802	0.006451613	0.04366459	1.0	1169	tags=33%, list=11%, signal=37%	
GOBP_REGULATION_OF_MITOCHONDRIAL_MEMBRANE_PERMEABILITY_INVOLVED_IN_APOPTOTIC_PROCESS	GOBP_REGULATION_OF_MITOCHONDRIAL_MEMBRANE_PERMEABILITY_INVOLVED_IN_APOPTOTIC_PROCESS		28	0.5844548	1.6550591	0.0021367522	0.046296064	1.0	579	tags=18%, list=6%, signal=19%	
GOBP_TELOMERE_ORGANIZATION	GOBP_TELOMERE_ORGANIZATION		122	0.44641435	1.6546819	0.0	0.046307627	1.0	2309	tags=38%, list=22%, signal=48%	
GOMF_ZINC_ION_TRANSMEMBRANE_TRANSPORTER_ACTIVITY	GOMF_ZINC_ION_TRANSMEMBRANE_TRANSPORTER_ACTIVITY		15	0.6783612	1.6546478	0.011494253	0.046159886	1.0	671	tags=20%, list=6%, signal=21%	
GOCC_CYTOCHROME_COMPLEX	GOCC_CYTOCHROME_COMPLEX		26	0.5918381	1.654193	0.0078125	0.046281736	1.0	2948	tags=65%, list=28%, signal=91%	
GOBP_MITOCHONDRIAL_TRANSMEMBRANE_TRANSPORT	GOBP_MITOCHONDRIAL_TRANSMEMBRANE_TRANSPORT		69	0.48443344	1.6531801	0.0	0.046656717	1.0	1871	tags=35%, list=18%, signal=42%	
GOBP_MITOCHONDRIAL_FUSION	GOBP_MITOCHONDRIAL_FUSION		24	0.59955746	1.6529751	0.012474013	0.046618287	1.0	3055	tags=54%, list=29%, signal=76%	
GOMF_N_METHYLTRANSFERASE_ACTIVITY	GOMF_N_METHYLTRANSFERASE_ACTIVITY		68	0.4911583	1.6507335	0.0	0.04764148	1.0	1634	tags=28%, list=16%, signal=33%	
GOCC_ORGANELLE_ENVELOPE_LUMEN	GOCC_ORGANELLE_ENVELOPE_LUMEN		73	0.48221606	1.6493318	0.004310345	0.048152428	1.0	1318	tags=32%, list=13%, signal=36%	
HP_3_METHYLGLUTACONIC_ACIDURIA	HP_3_METHYLGLUTACONIC_ACIDURIA		15	0.680451	1.6479574	0.005988024	0.04866611	1.0	1862	tags=53%, list=18%, signal=65%	
GOBP_PTERIDINE_CONTAINING_COMPOUND_METABOLIC_PROCESS	GOBP_PTERIDINE_CONTAINING_COMPOUND_METABOLIC_PROCESS		26	0.58744615	1.6478317	0.010224949	0.0485648	1.0	1731	tags=42%, list=16%, signal=51%	
HP_HORSESHOE_KIDNEY	HP_HORSESHOE_KIDNEY		74	0.49121574	1.6475027	0.0020661156	0.048540447	1.0	2637	tags=43%, list=25%, signal=57%	
HP_ABNORMAL_MITOCHONDRIA_IN_MUSCLE_TISSUE	HP_ABNORMAL_MITOCHONDRIA_IN_MUSCLE_TISSUE		27	0.5782799	1.6472497	0.012448133	0.048513032	1.0	3483	tags=67%, list=33%, signal=99%	
GOBP_REGULATION_OF_TELOMERE_MAINTENANCE_VIA_TELOMERE_LENGTHENING	GOBP_REGULATION_OF_TELOMERE_MAINTENANCE_VIA_TELOMERE_LENGTHENING		54	0.50991094	1.6464945	0.002	0.048732035	1.0	2297	tags=41%, list=22%, signal=52%	
GOBP_PURINE_NUCLEOSIDE_MONOPHOSPHATE_METABOLIC_PROCESS	GOBP_PURINE_NUCLEOSIDE_MONOPHOSPHATE_METABOLIC_PROCESS		33	0.5639486	1.6463156	0.008298756	0.048625905	1.0	1744	tags=42%, list=17%, signal=51%	
GOBP_PROTEIN_REFOLDING	GOBP_PROTEIN_REFOLDING		17	0.6556223	1.6437368	0.012048192	0.049739223	1.0	1134	tags=41%, list=11%, signal=46%	
GOBP_PROTEIN_LOCALIZATION_TO_CHROMOSOME	GOBP_PROTEIN_LOCALIZATION_TO_CHROMOSOME		78	0.46678063	1.6434155	0.0020283975	0.04971648	1.0	1169	tags=19%, list=11%, signal=21%	
GOBP_PYRIMIDINE_NUCLEOTIDE_METABOLIC_PROCESS	GOBP_PYRIMIDINE_NUCLEOTIDE_METABOLIC_PROCESS		35	0.5550435	1.6419686	0.008403362	0.050291132	1.0	1009	tags=37%, list=10%, signal=41%	
GOMF_ISOPEPTIDASE_ACTIVITY	GOMF_ISOPEPTIDASE_ACTIVITY		20	0.629239	1.6412106	0.0060975607	0.050490826	1.0	2033	tags=50%, list=19%, signal=62%	
GOMF_HSP90_PROTEIN_BINDING	GOMF_HSP90_PROTEIN_BINDING		30	0.5720223	1.6410378	0.006024096	0.050419264	1.0	1043	tags=40%, list=10%, signal=44%	
GOBP_CHAPERONE_COFACTOR_DEPENDENT_PROTEIN_REFOLDING	GOBP_CHAPERONE_COFACTOR_DEPENDENT_PROTEIN_REFOLDING		28	0.5711756	1.6399348	0.0041237115	0.050839692	1.0	1696	tags=32%, list=16%, signal=38%	
GOBP_ESTABLISHMENT_OF_PROTEIN_LOCALIZATION_TO_ORGANELLE	GOBP_ESTABLISHMENT_OF_PROTEIN_LOCALIZATION_TO_ORGANELLE		329	0.39583462	1.6363711	0.0	0.052578438	1.0	2176	tags=33%, list=21%, signal=40%	
GOMF_ENDONUCLEASE_ACTIVITY	GOMF_ENDONUCLEASE_ACTIVITY		94	0.45984864	1.6363704	0.0	0.052405484	1.0	2191	tags=40%, list=21%, signal=51%	
GOMF_DNA_POLYMERASE_BINDING	GOMF_DNA_POLYMERASE_BINDING		20	0.625063	1.6361747	0.0020242915	0.052320395	1.0	637	tags=25%, list=6%, signal=27%	
GOBP_POSITIVE_REGULATION_OF_RELEASE_OF_CYTOCHROME_C_FROM_MITOCHONDRIA	GOBP_POSITIVE_REGULATION_OF_RELEASE_OF_CYTOCHROME_C_FROM_MITOCHONDRIA		18	0.6616374	1.6358123	0.010121457	0.052311104	1.0	673	tags=28%, list=6%, signal=30%	
GOCC_PORE_COMPLEX	GOCC_PORE_COMPLEX		16	0.6632415	1.6353934	0.0118811885	0.052372478	1.0	1425	tags=50%, list=14%, signal=58%	
GOBP_ZINC_ION_TRANSPORT	GOBP_ZINC_ION_TRANSPORT		18	0.6408889	1.6343439	0.0234375	0.05280382	1.0	671	tags=17%, list=6%, signal=18%	
HP_SUBMUCOUS_CLEFT_OF_SOFT_AND_HARD_PALATE	HP_SUBMUCOUS_CLEFT_OF_SOFT_AND_HARD_PALATE		47	0.51021093	1.6324046	0.00625	0.053718455	1.0	3073	tags=45%, list=29%, signal=63%	
GOMF_NUCLEASE_ACTIVITY	GOMF_NUCLEASE_ACTIVITY		167	0.4251814	1.6303357	0.001984127	0.05470066	1.0	2196	tags=37%, list=21%, signal=45%	
GOCC_U12_TYPE_SPLICEOSOMAL_COMPLEX	GOCC_U12_TYPE_SPLICEOSOMAL_COMPLEX		26	0.5856573	1.6285069	0.012931035	0.055516496	1.0	2225	tags=50%, list=21%, signal=63%	
GOBP_POSITIVE_REGULATION_OF_TELOMERE_MAINTENANCE_VIA_TELOMERE_LENGTHENING	GOBP_POSITIVE_REGULATION_OF_TELOMERE_MAINTENANCE_VIA_TELOMERE_LENGTHENING		34	0.553481	1.6267127	0.010162601	0.056348603	1.0	1144	tags=32%, list=11%, signal=36%	
GOMF_STRUCTURAL_CONSTITUENT_OF_NUCLEAR_PORE	GOMF_STRUCTURAL_CONSTITUENT_OF_NUCLEAR_PORE		21	0.6143455	1.6261556	0.012269938	0.05645707	1.0	3307	tags=81%, list=31%, signal=118%	
GOMF_TRANSFERASE_ACTIVITY_TRANSFERRING_ALKYL_OR_ARYL_OTHER_THAN_METHYL_GROUPS	GOMF_TRANSFERASE_ACTIVITY_TRANSFERRING_ALKYL_OR_ARYL_OTHER_THAN_METHYL_GROUPS		42	0.525426	1.6250926	0.006263048	0.0569242	1.0	1470	tags=31%, list=14%, signal=36%	
GOBP_PIGMENT_BIOSYNTHETIC_PROCESS	GOBP_PIGMENT_BIOSYNTHETIC_PROCESS		43	0.52646077	1.6231707	0.0041237115	0.057927374	1.0	1032	tags=28%, list=10%, signal=31%	
GOBP_POSITIVE_REGULATION_OF_TRANSLATIONAL_INITIATION	GOBP_POSITIVE_REGULATION_OF_TRANSLATIONAL_INITIATION		24	0.59814125	1.6218603	0.015904572	0.058495507	1.0	2179	tags=38%, list=21%, signal=47%	
GOCC_FIBRILLAR_CENTER	GOCC_FIBRILLAR_CENTER		108	0.44242054	1.6214851	0.0039138943	0.05853826	1.0	1991	tags=37%, list=19%, signal=45%	
GOBP_FOLIC_ACID_CONTAINING_COMPOUND_METABOLIC_PROCESS	GOBP_FOLIC_ACID_CONTAINING_COMPOUND_METABOLIC_PROCESS		21	0.61616147	1.6214273	0.008097166	0.05837753	1.0	1418	tags=43%, list=13%, signal=49%	
GOBP_IRON_SULFUR_CLUSTER_ASSEMBLY	GOBP_IRON_SULFUR_CLUSTER_ASSEMBLY		22	0.59553576	1.6184397	0.0121951215	0.060022607	1.0	2160	tags=41%, list=21%, signal=51%	
GOBP_CELLULAR_AMINO_ACID_METABOLIC_PROCESS	GOBP_CELLULAR_AMINO_ACID_METABOLIC_PROCESS		149	0.42826247	1.6161242	0.0	0.06111526	1.0	2787	tags=45%, list=27%, signal=60%	
HP_PAROXYSMAL_INVOLUNTARY_EYE_MOVEMENTS	HP_PAROXYSMAL_INVOLUNTARY_EYE_MOVEMENTS		28	0.57664704	1.6140107	0.005976096	0.06215358	1.0	3483	tags=64%, list=33%, signal=96%	
HP_BLEPHARITIS	HP_BLEPHARITIS		41	0.5302826	1.6131698	0.00998004	0.062465996	1.0	275	tags=12%, list=3%, signal=12%	
GOBP_CELL_CELL_RECOGNITION	GOBP_CELL_CELL_RECOGNITION		30	0.55253714	1.6121687	0.006122449	0.06289235	1.0	1309	tags=33%, list=12%, signal=38%	
GOBP_POSITIVE_REGULATION_OF_MRNA_SPLICING_VIA_SPLICEOSOME	GOBP_POSITIVE_REGULATION_OF_MRNA_SPLICING_VIA_SPLICEOSOME		17	0.6438911	1.6092963	0.006329114	0.06455086	1.0	2208	tags=65%, list=21%, signal=82%	
GOBP_NUCLEIC_ACID_PHOSPHODIESTER_BOND_HYDROLYSIS	GOBP_NUCLEIC_ACID_PHOSPHODIESTER_BOND_HYDROLYSIS		206	0.41247514	1.6071575	0.0	0.06578783	1.0	2208	tags=36%, list=21%, signal=45%	
GOMF_POLY_PURINE_TRACT_BINDING	GOMF_POLY_PURINE_TRACT_BINDING		21	0.6075653	1.6066324	0.010438413	0.06596082	1.0	1714	tags=52%, list=16%, signal=62%	
GOBP_RIBOSOMAL_SMALL_SUBUNIT_ASSEMBLY	GOBP_RIBOSOMAL_SMALL_SUBUNIT_ASSEMBLY		17	0.64072984	1.605839	0.016877636	0.06628244	1.0	2142	tags=65%, list=20%, signal=81%	
GOBP_PURINE_NUCLEOSIDE_MONOPHOSPHATE_BIOSYNTHETIC_PROCESS	GOBP_PURINE_NUCLEOSIDE_MONOPHOSPHATE_BIOSYNTHETIC_PROCESS		19	0.63101673	1.6053371	0.007889546	0.06640733	1.0	1192	tags=53%, list=11%, signal=59%	
GOBP_REGULATION_OF_RELEASE_OF_CYTOCHROME_C_FROM_MITOCHONDRIA	GOBP_REGULATION_OF_RELEASE_OF_CYTOCHROME_C_FROM_MITOCHONDRIA		32	0.5534217	1.60469	0.007827789	0.066665076	1.0	673	tags=19%, list=6%, signal=20%	
GOMF_TBP_CLASS_PROTEIN_BINDING	GOMF_TBP_CLASS_PROTEIN_BINDING		23	0.5853221	1.6032114	0.012448133	0.06742204	1.0	2847	tags=57%, list=27%, signal=77%	
HP_OPTIC_NEUROPATHY	HP_OPTIC_NEUROPATHY		35	0.53575593	1.6014204	0.008179959	0.06838148	1.0	3483	tags=60%, list=33%, signal=89%	
GOBP_ALTERNATIVE_MRNA_SPLICING_VIA_SPLICEOSOME	GOBP_ALTERNATIVE_MRNA_SPLICING_VIA_SPLICEOSOME		56	0.4905026	1.5991637	0.008163265	0.06966988	1.0	3222	tags=52%, list=31%, signal=74%	
GOBP_CELLULAR_RESPONSE_TO_RADIATION	GOBP_CELLULAR_RESPONSE_TO_RADIATION		120	0.4355243	1.5988687	0.0	0.06964939	1.0	2529	tags=33%, list=24%, signal=43%	
GOBP_NEGATIVE_REGULATION_OF_RNA_SPLICING	GOBP_NEGATIVE_REGULATION_OF_RNA_SPLICING		23	0.5907818	1.5979515	0.021782178	0.07000777	1.0	2061	tags=52%, list=20%, signal=65%	
GOBP_SULFUR_AMINO_ACID_METABOLIC_PROCESS	GOBP_SULFUR_AMINO_ACID_METABOLIC_PROCESS		18	0.61829275	1.5973018	0.015936255	0.07023602	1.0	527	tags=28%, list=5%, signal=29%	
HP_LETHARGY	HP_LETHARGY		131	0.42969766	1.5924189	0.0021929825	0.07342117	1.0	2303	tags=40%, list=22%, signal=51%	
GOBP_POSITIVE_REGULATION_OF_MEMBRANE_PERMEABILITY	GOBP_POSITIVE_REGULATION_OF_MEMBRANE_PERMEABILITY		30	0.5454185	1.5921559	0.007920792	0.07335097	1.0	673	tags=20%, list=6%, signal=21%	
HP_SPARSE_OR_ABSENT_EYELASHES	HP_SPARSE_OR_ABSENT_EYELASHES		48	0.50944984	1.5918964	0.008048289	0.073334716	1.0	2109	tags=38%, list=20%, signal=47%	
HP_DYSTROPHIC_FINGERNAILS	HP_DYSTROPHIC_FINGERNAILS		19	0.6271335	1.5889031	0.014613778	0.07525879	1.0	703	tags=21%, list=7%, signal=23%	
GOMF_AMIDE_BINDING	GOMF_AMIDE_BINDING		181	0.4074916	1.5869167	0.0	0.076321736	1.0	1442	tags=26%, list=14%, signal=30%	
GOBP_TRANSCRIPTION_BY_RNA_POLYMERASE_I	GOBP_TRANSCRIPTION_BY_RNA_POLYMERASE_I		42	0.5263568	1.5859293	0.014344262	0.07693248	1.0	1391	tags=36%, list=13%, signal=41%	
GOBP_GENERATION_OF_PRECURSOR_METABOLITES_AND_ENERGY	GOBP_GENERATION_OF_PRECURSOR_METABOLITES_AND_ENERGY		309	0.38523266	1.5856817	0.0	0.076887004	1.0	2436	tags=36%, list=23%, signal=46%	
GOBP_POSITIVE_REGULATION_OF_TELOMERASE_ACTIVITY	GOBP_POSITIVE_REGULATION_OF_TELOMERASE_ACTIVITY		27	0.5682618	1.5846999	0.021235522	0.0773213	1.0	1183	tags=37%, list=11%, signal=42%	
GOMF_ATP_DEPENDENT_ACTIVITY_ACTING_ON_RNA	GOMF_ATP_DEPENDENT_ACTIVITY_ACTING_ON_RNA		68	0.46519613	1.582718	0.0043196543	0.07855181	1.0	1275	tags=29%, list=12%, signal=33%	
GOBP_REGULATION_OF_CHROMOSOME_ORGANIZATION	GOBP_REGULATION_OF_CHROMOSOME_ORGANIZATION		181	0.40817228	1.5802205	0.0	0.08011709	1.0	2560	tags=30%, list=24%, signal=39%	
GOBP_POSITIVE_REGULATION_OF_MITOCHONDRION_ORGANIZATION	GOBP_POSITIVE_REGULATION_OF_MITOCHONDRION_ORGANIZATION		50	0.48960048	1.5798061	0.01171875	0.080146626	1.0	1232	tags=22%, list=12%, signal=25%	
GOMF_TRANSLATION_INITIATION_FACTOR_BINDING	GOMF_TRANSLATION_INITIATION_FACTOR_BINDING		27	0.5662036	1.578916	0.007874016	0.08060916	1.0	1271	tags=44%, list=12%, signal=50%	
GOMF_TUMOR_NECROSIS_FACTOR_RECEPTOR_BINDING	GOMF_TUMOR_NECROSIS_FACTOR_RECEPTOR_BINDING		24	0.57752204	1.5775471	0.02811245	0.08144874	1.0	1857	tags=38%, list=18%, signal=45%	
GOBP_GLUCOSE_6_PHOSPHATE_METABOLIC_PROCESS	GOBP_GLUCOSE_6_PHOSPHATE_METABOLIC_PROCESS		15	0.6572507	1.5773348	0.02053388	0.081385896	1.0	1521	tags=53%, list=14%, signal=62%	
GOBP_CELLULAR_RESPONSE_TO_GAMMA_RADIATION	GOBP_CELLULAR_RESPONSE_TO_GAMMA_RADIATION		22	0.5793768	1.5769526	0.024390243	0.08145805	1.0	2268	tags=50%, list=22%, signal=64%	
GOBP_NCRNA_TRANSCRIPTION	GOBP_NCRNA_TRANSCRIPTION		45	0.5067939	1.575937	0.010964912	0.08205834	1.0	1391	tags=29%, list=13%, signal=33%	
GOCC_U5_SNRNP	GOCC_U5_SNRNP		16	0.63908494	1.5751196	0.037861917	0.082429744	1.0	1781	tags=56%, list=17%, signal=68%	
GOCC_U2_TYPE_CATALYTIC_STEP_2_SPLICEOSOME	GOCC_U2_TYPE_CATALYTIC_STEP_2_SPLICEOSOME		30	0.54499453	1.5748318	0.011764706	0.082407124	1.0	2372	tags=50%, list=23%, signal=64%	
HP_MUSCLE_ABNORMALITY_RELATED_TO_MITOCHONDRIAL_DYSFUNCTION	HP_MUSCLE_ABNORMALITY_RELATED_TO_MITOCHONDRIAL_DYSFUNCTION		53	0.48180395	1.5745697	0.008385744	0.08238908	1.0	2731	tags=42%, list=26%, signal=56%	
GOMF_PEPTIDE_BINDING	GOMF_PEPTIDE_BINDING		128	0.42290902	1.5744226	0.0	0.08228033	1.0	1442	tags=26%, list=14%, signal=30%	
GOBP_DNA_TEMPLATED_TRANSCRIPTION_ELONGATION	GOBP_DNA_TEMPLATED_TRANSCRIPTION_ELONGATION		66	0.4685427	1.5736191	0.008298756	0.08262288	1.0	3315	tags=50%, list=32%, signal=73%	
GOBP_TRANSCRIPTION_BY_RNA_POLYMERASE_III	GOBP_TRANSCRIPTION_BY_RNA_POLYMERASE_III		48	0.49696833	1.5730819	0.008196721	0.08277126	1.0	2825	tags=46%, list=27%, signal=62%	
GOMF_TRANSLATION_ELONGATION_FACTOR_ACTIVITY	GOMF_TRANSLATION_ELONGATION_FACTOR_ACTIVITY		16	0.63093114	1.5719669	0.030800821	0.083356515	1.0	1046	tags=38%, list=10%, signal=42%	
GOBP_CELLULAR_RESPONSE_TO_LIGHT_STIMULUS	GOBP_CELLULAR_RESPONSE_TO_LIGHT_STIMULUS		72	0.45934418	1.5713872	0.0063829785	0.083571255	1.0	2487	tags=36%, list=24%, signal=47%	
GOBP_RESPONSE_TO_LEUKEMIA_INHIBITORY_FACTOR	GOBP_RESPONSE_TO_LEUKEMIA_INHIBITORY_FACTOR		61	0.47160903	1.5708103	0.012847966	0.08380954	1.0	1692	tags=43%, list=16%, signal=51%	
GOMF_RIBONUCLEASE_ACTIVITY	GOMF_RIBONUCLEASE_ACTIVITY		94	0.4434917	1.5700673	0.0	0.08411363	1.0	2191	tags=43%, list=21%, signal=53%	
HP_PROGRESSIVE_CEREBELLAR_ATAXIA	HP_PROGRESSIVE_CEREBELLAR_ATAXIA		67	0.4661334	1.5689756	0.008048289	0.08473614	1.0	2727	tags=42%, list=26%, signal=56%	
GOBP_GENITALIA_DEVELOPMENT	GOBP_GENITALIA_DEVELOPMENT		16	0.64051056	1.5682515	0.019646365	0.08504346	1.0	1985	tags=38%, list=19%, signal=46%	
GOMF_DNA_REPLICATION_ORIGIN_BINDING	GOMF_DNA_REPLICATION_ORIGIN_BINDING		16	0.6242993	1.5681531	0.03529412	0.08488917	1.0	49	tags=13%, list=0%, signal=13%	
GOMF_OXIDOREDUCTION_DRIVEN_ACTIVE_TRANSMEMBRANE_TRANSPORTER_ACTIVITY	GOMF_OXIDOREDUCTION_DRIVEN_ACTIVE_TRANSMEMBRANE_TRANSPORTER_ACTIVITY		53	0.4851273	1.567188	0.006012024	0.08534863	1.0	3483	tags=62%, list=33%, signal=93%	
GOBP_PROTEIN_TRANSMEMBRANE_TRANSPORT	GOBP_PROTEIN_TRANSMEMBRANE_TRANSPORT		52	0.4846089	1.566773	0.008196721	0.085413784	1.0	3015	tags=54%, list=29%, signal=75%	
GOMF_VITAMIN_TRANSMEMBRANE_TRANSPORTER_ACTIVITY	GOMF_VITAMIN_TRANSMEMBRANE_TRANSPORTER_ACTIVITY		17	0.6196409	1.5664151	0.020661157	0.08544059	1.0	2287	tags=47%, list=22%, signal=60%	
HP_FOCAL_T2_HYPERINTENSE_BASAL_GANGLIA_LESION	HP_FOCAL_T2_HYPERINTENSE_BASAL_GANGLIA_LESION		34	0.5321128	1.5639713	0.013182675	0.08695716	1.0	2727	tags=50%, list=26%, signal=67%	
GOBP_POSITIVE_REGULATION_OF_TRANSCRIPTION_BY_RNA_POLYMERASE_III	GOBP_POSITIVE_REGULATION_OF_TRANSCRIPTION_BY_RNA_POLYMERASE_III		17	0.6220285	1.5627776	0.027290449	0.08761558	1.0	1018	tags=29%, list=10%, signal=33%	
GOBP_MRNA_METHYLATION	GOBP_MRNA_METHYLATION		15	0.6486158	1.5623016	0.024952015	0.08769443	1.0	891	tags=33%, list=8%, signal=36%	
HP_PERIODONTITIS	HP_PERIODONTITIS		25	0.5665412	1.5613905	0.008350731	0.088158	1.0	235	tags=16%, list=2%, signal=16%	
GOBP_NON_MEMBRANE_BOUNDED_ORGANELLE_ASSEMBLY	GOBP_NON_MEMBRANE_BOUNDED_ORGANELLE_ASSEMBLY		272	0.38291085	1.559192	0.0	0.089593954	1.0	2142	tags=28%, list=20%, signal=35%	
GOBP_REGULATION_OF_DNA_BIOSYNTHETIC_PROCESS	GOBP_REGULATION_OF_DNA_BIOSYNTHETIC_PROCESS		93	0.4335736	1.5571696	0.0	0.09099019	1.0	2364	tags=41%, list=22%, signal=52%	
GOBP_REGULATION_OF_ALTERNATIVE_MRNA_SPLICING_VIA_SPLICEOSOME	GOBP_REGULATION_OF_ALTERNATIVE_MRNA_SPLICING_VIA_SPLICEOSOME		41	0.5083402	1.5563965	0.023404256	0.09131564	1.0	3339	tags=56%, list=32%, signal=82%	
GOBP_REGULATION_OF_TRANSCRIPTION_BY_RNA_POLYMERASE_I	GOBP_REGULATION_OF_TRANSCRIPTION_BY_RNA_POLYMERASE_I		26	0.5636859	1.5558978	0.022304833	0.09147843	1.0	1391	tags=42%, list=13%, signal=49%	
GOBP_HISTONE_H2A_ACETYLATION	GOBP_HISTONE_H2A_ACETYLATION		22	0.58084047	1.5554453	0.020576132	0.091560155	1.0	329	tags=14%, list=3%, signal=14%	
GOMF_METAL_CLUSTER_BINDING	GOMF_METAL_CLUSTER_BINDING		57	0.46705806	1.5551814	0.012121212	0.091528356	1.0	3277	tags=53%, list=31%, signal=76%	
GOBP_PIGMENT_METABOLIC_PROCESS	GOBP_PIGMENT_METABOLIC_PROCESS		50	0.48559764	1.5545697	0.012	0.09177861	1.0	1075	tags=26%, list=10%, signal=29%	
GOBP_NEGATIVE_REGULATION_OF_INTRINSIC_APOPTOTIC_SIGNALING_PATHWAY_BY_P53_CLASS_MEDIATOR	GOBP_NEGATIVE_REGULATION_OF_INTRINSIC_APOPTOTIC_SIGNALING_PATHWAY_BY_P53_CLASS_MEDIATOR		17	0.6239634	1.5504894	0.020576132	0.09494288	1.0	1664	tags=29%, list=16%, signal=35%	
GOMF_PRE_MRNA_BINDING	GOMF_PRE_MRNA_BINDING		28	0.54617894	1.5481822	0.0140280565	0.09661528	1.0	2637	tags=54%, list=25%, signal=71%	
HP_ABNORMAL_CIRCULATING_AMINO_ACID_CONCENTRATION	HP_ABNORMAL_CIRCULATING_AMINO_ACID_CONCENTRATION		77	0.44900388	1.5475199	0.0042735045	0.096917264	1.0	2816	tags=47%, list=27%, signal=63%	
GOBP_REGULATION_OF_MRNA_METABOLIC_PROCESS	GOBP_REGULATION_OF_MRNA_METABOLIC_PROCESS		227	0.38857445	1.5446913	0.0	0.0990116	1.0	2240	tags=33%, list=21%, signal=42%	
GOBP_ONE_CARBON_METABOLIC_PROCESS	GOBP_ONE_CARBON_METABOLIC_PROCESS		18	0.60584563	1.5439204	0.03195489	0.09933831	1.0	1418	tags=39%, list=13%, signal=45%	
GOBP_REGULATION_OF_TELOMERASE_ACTIVITY	GOBP_REGULATION_OF_TELOMERASE_ACTIVITY		40	0.5152739	1.5438117	0.013861386	0.09918898	1.0	1183	tags=30%, list=11%, signal=34%	
GOBP_POSITIVE_REGULATION_OF_CELL_CYCLE_PHASE_TRANSITION	GOBP_POSITIVE_REGULATION_OF_CELL_CYCLE_PHASE_TRANSITION		85	0.4488416	1.5427518	0.006085193	0.09976656	1.0	2386	tags=26%, list=23%, signal=33%	
GOBP_NUCLEAR_TRANSCRIBED_MRNA_CATABOLIC_PROCESS_EXONUCLEOLYTIC	GOBP_NUCLEAR_TRANSCRIBED_MRNA_CATABOLIC_PROCESS_EXONUCLEOLYTIC		19	0.5784386	1.5426327	0.039175257	0.099626414	1.0	2085	tags=53%, list=20%, signal=66%	
HP_CEREBRAL_EDEMA	HP_CEREBRAL_EDEMA		18	0.6030495	1.5424284	0.02584493	0.09955469	1.0	1335	tags=28%, list=13%, signal=32%	
GOBP_REGULATION_OF_RRNA_PROCESSING	GOBP_REGULATION_OF_RRNA_PROCESSING		15	0.62947917	1.5416775	0.039923955	0.09996668	1.0	1135	tags=60%, list=11%, signal=67%	
GOBP_NEGATIVE_REGULATION_OF_ION_TRANSMEMBRANE_TRANSPORTER_ACTIVITY	GOBP_NEGATIVE_REGULATION_OF_ION_TRANSMEMBRANE_TRANSPORTER_ACTIVITY		24	0.5666773	1.5404165	0.022132797	0.100783035	1.0	1069	tags=29%, list=10%, signal=32%	
GOBP_REGULATION_OF_MEMBRANE_PERMEABILITY	GOBP_REGULATION_OF_MEMBRANE_PERMEABILITY		47	0.49011743	1.5403769	0.015533981	0.10055634	1.0	1232	tags=21%, list=12%, signal=24%	
GOBP_DNA_MODIFICATION	GOBP_DNA_MODIFICATION		78	0.4447483	1.5400805	0.002057613	0.10054826	1.0	2309	tags=36%, list=22%, signal=46%	
HP_ABNORMAL_BASAL_GANGLIA_MRI_SIGNAL_INTENSITY	HP_ABNORMAL_BASAL_GANGLIA_MRI_SIGNAL_INTENSITY		42	0.49556592	1.5384476	0.010845987	0.1017331	1.0	2727	tags=48%, list=26%, signal=64%	
GOBP_DNA_BIOSYNTHETIC_PROCESS	GOBP_DNA_BIOSYNTHETIC_PROCESS		150	0.40385434	1.5377396	0.0	0.102062374	1.0	2312	tags=34%, list=22%, signal=43%	
GOBP_GLUTAMINE_METABOLIC_PROCESS	GOBP_GLUTAMINE_METABOLIC_PROCESS		16	0.6199378	1.5368392	0.030612245	0.10264732	1.0	724	tags=38%, list=7%, signal=40%	
HP_APLASIA_HYPOPLASIA_OF_THE_THUMB	HP_APLASIA_HYPOPLASIA_OF_THE_THUMB		87	0.4428391	1.536298	0.002096436	0.10293122	1.0	2022	tags=30%, list=19%, signal=37%	
GOMF_O_METHYLTRANSFERASE_ACTIVITY	GOMF_O_METHYLTRANSFERASE_ACTIVITY		18	0.6014595	1.5361819	0.046153847	0.10278431	1.0	2833	tags=67%, list=27%, signal=91%	
GOMF_HEAT_SHOCK_PROTEIN_BINDING	GOMF_HEAT_SHOCK_PROTEIN_BINDING		93	0.4302686	1.536131	0.002008032	0.10256285	1.0	1134	tags=24%, list=11%, signal=26%	
HP_COXA_VARA	HP_COXA_VARA		30	0.53567994	1.5353447	0.021400778	0.102984406	1.0	1945	tags=27%, list=19%, signal=33%	
GOBP_ALPHA_AMINO_ACID_METABOLIC_PROCESS	GOBP_ALPHA_AMINO_ACID_METABOLIC_PROCESS		104	0.42479667	1.5341092	0.004056795	0.103887625	1.0	2597	tags=42%, list=25%, signal=56%	
GOBP_REGULATION_OF_PROTEIN_LOCALIZATION_TO_NUCLEUS	GOBP_REGULATION_OF_PROTEIN_LOCALIZATION_TO_NUCLEUS		100	0.42710117	1.5337952	0.004255319	0.1039357	1.0	1184	tags=28%, list=11%, signal=31%	
HP_ABNORMAL_CIRCULATING_PYRUVATE_FAMILY_AMINO_ACID_CONCENTRATION	HP_ABNORMAL_CIRCULATING_PYRUVATE_FAMILY_AMINO_ACID_CONCENTRATION		29	0.5332374	1.5318809	0.01183432	0.1054054	1.0	2909	tags=59%, list=28%, signal=81%	
GOMF_TUMOR_NECROSIS_FACTOR_RECEPTOR_SUPERFAMILY_BINDING	GOMF_TUMOR_NECROSIS_FACTOR_RECEPTOR_SUPERFAMILY_BINDING		34	0.51734275	1.531358	0.024793388	0.10557937	1.0	1857	tags=32%, list=18%, signal=39%	
GOBP_CELLULAR_AMINO_ACID_BIOSYNTHETIC_PROCESS	GOBP_CELLULAR_AMINO_ACID_BIOSYNTHETIC_PROCESS		45	0.49115148	1.5310597	0.012295082	0.10555791	1.0	2592	tags=56%, list=25%, signal=73%	
GOCC_TRICARBOXYLIC_ACID_CYCLE_ENZYME_COMPLEX	GOCC_TRICARBOXYLIC_ACID_CYCLE_ENZYME_COMPLEX		15	0.61745524	1.5297483	0.042	0.10652188	1.0	1788	tags=40%, list=17%, signal=48%	
HP_MITOCHONDRIAL_MYOPATHY	HP_MITOCHONDRIAL_MYOPATHY		39	0.5027783	1.5282817	0.0234375	0.107529186	1.0	3483	tags=56%, list=33%, signal=84%	
GOBP_NCRNA_CATABOLIC_PROCESS	GOBP_NCRNA_CATABOLIC_PROCESS		33	0.5189927	1.527273	0.022044089	0.10818989	1.0	2297	tags=58%, list=22%, signal=73%	
HP_ABSENT_FACIAL_HAIR	HP_ABSENT_FACIAL_HAIR		17	0.6154922	1.5268942	0.029940119	0.10829836	1.0	1500	tags=41%, list=14%, signal=48%	
HP_ABNORMAL_DENTAL_PULP_MORPHOLOGY	HP_ABNORMAL_DENTAL_PULP_MORPHOLOGY		32	0.5237905	1.5265284	0.031128405	0.10834925	1.0	112	tags=13%, list=1%, signal=13%	
GOMF_ENDORIBONUCLEASE_ACTIVITY	GOMF_ENDORIBONUCLEASE_ACTIVITY		51	0.47074637	1.5241868	0.011976048	0.11030618	1.0	2191	tags=45%, list=21%, signal=57%	
GOBP_NEGATIVE_REGULATION_OF_PROTEASOMAL_PROTEIN_CATABOLIC_PROCESS	GOBP_NEGATIVE_REGULATION_OF_PROTEASOMAL_PROTEIN_CATABOLIC_PROCESS		32	0.5215649	1.523752	0.019607844	0.11047616	1.0	1662	tags=31%, list=16%, signal=37%	
GOBP_TETRAHYDROFOLATE_METABOLIC_PROCESS	GOBP_TETRAHYDROFOLATE_METABOLIC_PROCESS		15	0.63431185	1.5217905	0.03526971	0.11207121	1.0	1418	tags=47%, list=13%, signal=54%	
GOBP_WATER_SOLUBLE_VITAMIN_METABOLIC_PROCESS	GOBP_WATER_SOLUBLE_VITAMIN_METABOLIC_PROCESS		43	0.49446756	1.5212921	0.017964073	0.11227491	1.0	2564	tags=47%, list=24%, signal=61%	
GOBP_PROTEIN_MODIFICATION_BY_SMALL_PROTEIN_REMOVAL	GOBP_PROTEIN_MODIFICATION_BY_SMALL_PROTEIN_REMOVAL		123	0.411065	1.5205804	0.002096436	0.11268147	1.0	2967	tags=40%, list=28%, signal=55%	
HP_TRIANGULAR_SHAPED_PHALANGES_OF_THE_HAND	HP_TRIANGULAR_SHAPED_PHALANGES_OF_THE_HAND		147	0.40205276	1.5196409	0.004008016	0.113261566	1.0	2040	tags=30%, list=19%, signal=37%	
GOBP_INTRACELLULAR_PROTEIN_TRANSMEMBRANE_TRANSPORT	GOBP_INTRACELLULAR_PROTEIN_TRANSMEMBRANE_TRANSPORT		45	0.49470022	1.5182803	0.016427105	0.11426936	1.0	3015	tags=56%, list=29%, signal=78%	
GOBP_NUCLEAR_TRANSCRIBED_MRNA_CATABOLIC_PROCESS	GOBP_NUCLEAR_TRANSCRIBED_MRNA_CATABOLIC_PROCESS		105	0.41947204	1.5168178	0.004048583	0.11524162	1.0	2220	tags=36%, list=21%, signal=45%	
HP_ABNORMAL_CIRCULATING_CARBOHYDRATE_CONCENTRATION	HP_ABNORMAL_CIRCULATING_CARBOHYDRATE_CONCENTRATION		54	0.46558222	1.5163685	0.0060975607	0.11547156	1.0	2822	tags=52%, list=27%, signal=71%	
GOBP_RNA_CATABOLIC_PROCESS	GOBP_RNA_CATABOLIC_PROCESS		226	0.3857372	1.5139084	0.0	0.11754969	1.0	2231	tags=36%, list=21%, signal=45%	
GOMF_SINGLE_STRANDED_DNA_BINDING	GOMF_SINGLE_STRANDED_DNA_BINDING		103	0.42134994	1.5134574	0.004210526	0.11773557	1.0	2811	tags=34%, list=27%, signal=46%	
GOBP_POSITIVE_REGULATION_OF_CELL_CYCLE_G1_S_PHASE_TRANSITION	GOBP_POSITIVE_REGULATION_OF_CELL_CYCLE_G1_S_PHASE_TRANSITION		39	0.49714947	1.512103	0.022312373	0.11884947	1.0	2372	tags=33%, list=23%, signal=43%	
GOCC_CORE_MEDIATOR_COMPLEX	GOCC_CORE_MEDIATOR_COMPLEX		26	0.5359821	1.5104775	0.03448276	0.12018321	1.0	3642	tags=65%, list=35%, signal=100%	
HP_NONIMMUNE_HYDROPS_FETALIS	HP_NONIMMUNE_HYDROPS_FETALIS		37	0.505951	1.5083126	0.0140280565	0.12195151	1.0	2022	tags=54%, list=19%, signal=67%	
HP_ABNORMALITY_OF_THE_PUBIC_BONE	HP_ABNORMALITY_OF_THE_PUBIC_BONE		16	0.6115563	1.5081712	0.04752066	0.12180962	1.0	598	tags=25%, list=6%, signal=26%	
GOMF_METALLOPEPTIDASE_ACTIVITY	GOMF_METALLOPEPTIDASE_ACTIVITY		76	0.43931904	1.5062193	0.009920635	0.12353155	1.0	1185	tags=25%, list=11%, signal=28%	
GOBP_GTP_METABOLIC_PROCESS	GOBP_GTP_METABOLIC_PROCESS		18	0.5988319	1.5016241	0.04518664	0.1279197	1.0	494	tags=28%, list=5%, signal=29%	
GOMF_VITAMIN_D_RECEPTOR_BINDING	GOMF_VITAMIN_D_RECEPTOR_BINDING		15	0.61266613	1.5012738	0.046184737	0.12800974	1.0	2665	tags=33%, list=25%, signal=45%	
GOBP_NEGATIVE_REGULATION_OF_SIGNAL_TRANSDUCTION_BY_P53_CLASS_MEDIATOR	GOBP_NEGATIVE_REGULATION_OF_SIGNAL_TRANSDUCTION_BY_P53_CLASS_MEDIATOR		21	0.5621933	1.5009185	0.039447732	0.12806207	1.0	2610	tags=33%, list=25%, signal=44%	
GOBP_ANAPHASE_PROMOTING_COMPLEX_DEPENDENT_CATABOLIC_PROCESS	GOBP_ANAPHASE_PROMOTING_COMPLEX_DEPENDENT_CATABOLIC_PROCESS		15	0.6157977	1.497809	0.032319393	0.13089477	1.0	2540	tags=27%, list=24%, signal=35%	
GOBP_DNA_STRAND_ELONGATION_INVOLVED_IN_DNA_REPLICATION	GOBP_DNA_STRAND_ELONGATION_INVOLVED_IN_DNA_REPLICATION		15	0.62292707	1.4976771	0.060416665	0.13073024	1.0	2146	tags=40%, list=20%, signal=50%	
HP_INCREASED_MUSCLE_LIPID_CONTENT	HP_INCREASED_MUSCLE_LIPID_CONTENT		16	0.6018039	1.496365	0.03469388	0.13171597	1.0	2160	tags=44%, list=21%, signal=55%	
GOBP_NUCLEOSIDE_METABOLIC_PROCESS	GOBP_NUCLEOSIDE_METABOLIC_PROCESS		34	0.5176178	1.4960347	0.035643563	0.13171868	1.0	1744	tags=32%, list=17%, signal=39%	
GOBP_RRNA_CATABOLIC_PROCESS	GOBP_RRNA_CATABOLIC_PROCESS		17	0.61222047	1.4960276	0.037328094	0.13142721	1.0	2297	tags=76%, list=22%, signal=98%	
HP_RENAL_TUBULAR_DYSFUNCTION	HP_RENAL_TUBULAR_DYSFUNCTION		58	0.4577892	1.4948283	0.020449897	0.13235341	1.0	1683	tags=29%, list=16%, signal=35%	
HP_PROXIMAL_TUBULOPATHY	HP_PROXIMAL_TUBULOPATHY		34	0.5023643	1.4945564	0.033009708	0.13234226	1.0	3483	tags=62%, list=33%, signal=92%	
GOBP_POSITIVE_REGULATION_OF_PROTEIN_KINASE_B_SIGNALING	GOBP_POSITIVE_REGULATION_OF_PROTEIN_KINASE_B_SIGNALING		47	0.47975233	1.494409	0.031055901	0.13218407	1.0	1003	tags=28%, list=10%, signal=30%	
GOBP_NUCLEAR_EXPORT	GOBP_NUCLEAR_EXPORT		128	0.40243363	1.4940431	0.0021008404	0.13230795	1.0	3122	tags=54%, list=30%, signal=76%	
HP_TRACHEOESOPHAGEAL_FISTULA	HP_TRACHEOESOPHAGEAL_FISTULA		59	0.46252933	1.4933132	0.016842104	0.1327831	1.0	1577	tags=22%, list=15%, signal=26%	
GOMF_2_IRON_2_SULFUR_CLUSTER_BINDING	GOMF_2_IRON_2_SULFUR_CLUSTER_BINDING		19	0.5854508	1.4890355	0.03420523	0.13702065	1.0	3267	tags=58%, list=31%, signal=84%	
GOBP_POSITIVE_REGULATION_OF_DNA_BIOSYNTHETIC_PROCESS	GOBP_POSITIVE_REGULATION_OF_DNA_BIOSYNTHETIC_PROCESS		57	0.45843947	1.4888744	0.02296451	0.13686128	1.0	472	tags=21%, list=4%, signal=22%	
GOBP_RNA_SURVEILLANCE	GOBP_RNA_SURVEILLANCE		15	0.6135963	1.4880337	0.046938777	0.13745174	1.0	2297	tags=73%, list=22%, signal=94%	
HP_OPISTHOTONUS	HP_OPISTHOTONUS		34	0.5074779	1.4878366	0.024489796	0.13734245	1.0	1456	tags=32%, list=14%, signal=37%	
GOMF_OXIDOREDUCTASE_ACTIVITY_ACTING_ON_NAD_P_H_QUINONE_OR_SIMILAR_COMPOUND_AS_ACCEPTOR	GOMF_OXIDOREDUCTASE_ACTIVITY_ACTING_ON_NAD_P_H_QUINONE_OR_SIMILAR_COMPOUND_AS_ACCEPTOR		41	0.48824552	1.4867245	0.026369167	0.13818356	1.0	3483	tags=63%, list=33%, signal=94%	
HP_HYPERAMMONEMIA	HP_HYPERAMMONEMIA		45	0.47407147	1.486049	0.016736401	0.1385825	1.0	1862	tags=36%, list=18%, signal=43%	
GOBP_PROTEIN_METHYLATION	GOBP_PROTEIN_METHYLATION		147	0.39161044	1.4853989	0.0	0.13901548	1.0	2606	tags=36%, list=25%, signal=47%	
GOCC_EUCHROMATIN	GOCC_EUCHROMATIN		45	0.4804401	1.4830979	0.022573363	0.14125934	1.0	2144	tags=53%, list=20%, signal=67%	
GOBP_SNRNA_TRANSCRIPTION	GOBP_SNRNA_TRANSCRIPTION		17	0.59907395	1.4804534	0.06175299	0.14406732	1.0	2655	tags=47%, list=25%, signal=63%	
GOCC_MLL1_2_COMPLEX	GOCC_MLL1_2_COMPLEX		30	0.51922554	1.4793948	0.028077753	0.14492229	1.0	1634	tags=37%, list=16%, signal=43%	
GOBP_FOAM_CELL_DIFFERENTIATION	GOBP_FOAM_CELL_DIFFERENTIATION		16	0.59020185	1.4793636	0.04016064	0.14465041	1.0	2749	tags=50%, list=26%, signal=68%	
GOMF_POLY_A_BINDING	GOMF_POLY_A_BINDING		15	0.6247846	1.4793063	0.057259712	0.1443926	1.0	1432	tags=53%, list=14%, signal=62%	
GOBP_NEGATIVE_REGULATION_OF_PROTEOLYSIS_INVOLVED_IN_CELLULAR_PROTEIN_CATABOLIC_PROCESS	GOBP_NEGATIVE_REGULATION_OF_PROTEOLYSIS_INVOLVED_IN_CELLULAR_PROTEIN_CATABOLIC_PROCESS		43	0.48136863	1.4781568	0.02631579	0.14538842	1.0	1662	tags=30%, list=16%, signal=36%	
GOBP_POSITIVE_REGULATION_OF_RNA_SPLICING	GOBP_POSITIVE_REGULATION_OF_RNA_SPLICING		30	0.50682443	1.4777201	0.04032258	0.14556122	1.0	1200	tags=37%, list=11%, signal=41%	
HP_SHORT_THUMB	HP_SHORT_THUMB		70	0.4343009	1.4773548	0.012474013	0.14565778	1.0	2022	tags=33%, list=19%, signal=40%	
GOMF_HISTONE_METHYLTRANSFERASE_ACTIVITY	GOMF_HISTONE_METHYLTRANSFERASE_ACTIVITY		47	0.47654372	1.4769293	0.037037037	0.14579222	1.0	1299	tags=26%, list=12%, signal=29%	
HP_ABNORMAL_NUMBER_OF_PERMANENT_TEETH	HP_ABNORMAL_NUMBER_OF_PERMANENT_TEETH		15	0.58663416	1.476773	0.048828125	0.14566243	1.0	2	tags=7%, list=0%, signal=7%	
HP_ACETABULAR_DYSPLASIA	HP_ACETABULAR_DYSPLASIA		16	0.596006	1.4751076	0.052313883	0.14731187	1.0	1417	tags=31%, list=13%, signal=36%	
GOMF_PROTEIN_CARRIER_CHAPERONE	GOMF_PROTEIN_CARRIER_CHAPERONE		17	0.59635615	1.474549	0.051759835	0.14765692	1.0	1325	tags=41%, list=13%, signal=47%	
HP_ABNORMAL_CIRCULATING_NITROGEN_COMPOUND_CONCENTRATION	HP_ABNORMAL_CIRCULATING_NITROGEN_COMPOUND_CONCENTRATION		85	0.4267358	1.4737782	0.008492569	0.14822337	1.0	1862	tags=32%, list=18%, signal=38%	
GOBP_PROTEIN_LOCALIZATION_TO_NUCLEUS	GOBP_PROTEIN_LOCALIZATION_TO_NUCLEUS		220	0.37006286	1.4731065	0.0021321962	0.14867166	1.0	1868	tags=31%, list=18%, signal=37%	
HP_EXERCISE_INTOLERANCE	HP_EXERCISE_INTOLERANCE		50	0.46492347	1.4728942	0.021782178	0.14861275	1.0	1789	tags=28%, list=17%, signal=34%	
GOBP_MRNA_SPLICE_SITE_SELECTION	GOBP_MRNA_SPLICE_SITE_SELECTION		24	0.5334749	1.4720503	0.048484847	0.14925304	1.0	2583	tags=63%, list=25%, signal=83%	
HP_EXCESSIVE_DAYTIME_SOMNOLENCE	HP_EXCESSIVE_DAYTIME_SOMNOLENCE		42	0.48448008	1.4714302	0.027600849	0.14966425	1.0	2506	tags=45%, list=24%, signal=59%	
GOBP_PURINE_CONTAINING_COMPOUND_BIOSYNTHETIC_PROCESS	GOBP_PURINE_CONTAINING_COMPOUND_BIOSYNTHETIC_PROCESS		105	0.4030726	1.4706056	0.0042643924	0.1503163	1.0	2405	tags=40%, list=23%, signal=51%	
GOBP_POSITIVE_REGULATION_OF_B_CELL_MEDIATED_IMMUNITY	GOBP_POSITIVE_REGULATION_OF_B_CELL_MEDIATED_IMMUNITY		23	0.5426433	1.4675294	0.05485232	0.15368664	1.0	1857	tags=39%, list=18%, signal=47%	
GOBP_PROTEIN_CONTAINING_COMPLEX_LOCALIZATION	GOBP_PROTEIN_CONTAINING_COMPLEX_LOCALIZATION		91	0.41179818	1.4640925	0.013186813	0.15745322	1.0	2532	tags=33%, list=24%, signal=43%	
GOBP_POSITIVE_REGULATION_OF_ERBB_SIGNALING_PATHWAY	GOBP_POSITIVE_REGULATION_OF_ERBB_SIGNALING_PATHWAY		15	0.5888959	1.463541	0.062111802	0.15776937	1.0	691	tags=27%, list=7%, signal=29%	
GOBP_POSITIVE_REGULATION_OF_PROTEIN_LOCALIZATION_TO_NUCLEUS	GOBP_POSITIVE_REGULATION_OF_PROTEIN_LOCALIZATION_TO_NUCLEUS		67	0.43683746	1.4630083	0.01871102	0.15810467	1.0	1184	tags=31%, list=11%, signal=35%	
GOBP_VITAMIN_METABOLIC_PROCESS	GOBP_VITAMIN_METABOLIC_PROCESS		56	0.4437472	1.4621977	0.028629856	0.1586837	1.0	2299	tags=43%, list=22%, signal=55%	
GOBP_PROTEIN_STABILIZATION	GOBP_PROTEIN_STABILIZATION		142	0.38646343	1.4590815	0.0063965884	0.16216713	1.0	1538	tags=29%, list=15%, signal=33%	
GOBP_MITOCHONDRION_MORPHOGENESIS	GOBP_MITOCHONDRION_MORPHOGENESIS		15	0.60278636	1.4565171	0.0625	0.16499707	1.0	1591	tags=47%, list=15%, signal=55%	
HP_TRUNCUS_ARTERIOSUS	HP_TRUNCUS_ARTERIOSUS		15	0.58755434	1.4563797	0.04821803	0.16479585	1.0	1415	tags=33%, list=13%, signal=38%	
HP_MYELODYSPLASIA	HP_MYELODYSPLASIA		89	0.41075897	1.456011	0.010309278	0.16489649	1.0	2309	tags=35%, list=22%, signal=44%	
GOMF_PROTEIN_TRANSMEMBRANE_TRANSPORTER_ACTIVITY	GOMF_PROTEIN_TRANSMEMBRANE_TRANSPORTER_ACTIVITY		18	0.573372	1.4552913	0.06762295	0.16550659	1.0	3178	tags=61%, list=30%, signal=87%	
GOMF_UBIQUITIN_LIKE_PROTEIN_SPECIFIC_PROTEASE_ACTIVITY	GOMF_UBIQUITIN_LIKE_PROTEIN_SPECIFIC_PROTEASE_ACTIVITY		91	0.4135513	1.4538882	0.007984032	0.16689065	1.0	2033	tags=29%, list=19%, signal=35%	
GOMF_SINGLE_STRANDED_RNA_BINDING	GOMF_SINGLE_STRANDED_RNA_BINDING		63	0.43981767	1.4526426	0.031185031	0.16808243	1.0	2782	tags=52%, list=26%, signal=71%	
GOBP_LUNG_EPITHELIUM_DEVELOPMENT	GOBP_LUNG_EPITHELIUM_DEVELOPMENT		16	0.584388	1.4525262	0.04411765	0.16786781	1.0	1496	tags=38%, list=14%, signal=44%	
GOBP_RNA_POLYMERASE_II_PREINITIATION_COMPLEX_ASSEMBLY	GOBP_RNA_POLYMERASE_II_PREINITIATION_COMPLEX_ASSEMBLY		23	0.53123116	1.4520965	0.045816734	0.16804351	1.0	2847	tags=57%, list=27%, signal=77%	
HP_INTRAUTERINE_GROWTH_RETARDATION	HP_INTRAUTERINE_GROWTH_RETARDATION		382	0.34673217	1.4518028	0.0	0.16806713	1.0	2104	tags=25%, list=20%, signal=30%	
HP_ABNORMAL_BLOOD_SODIUM_CONCENTRATION	HP_ABNORMAL_BLOOD_SODIUM_CONCENTRATION		25	0.5318086	1.4513711	0.041501977	0.16825713	1.0	1059	tags=24%, list=10%, signal=27%	
GOCC_RIBONUCLEOPROTEIN_GRANULE	GOCC_RIBONUCLEOPROTEIN_GRANULE		184	0.37662077	1.4498008	0.0	0.16996783	1.0	2220	tags=36%, list=21%, signal=45%	
GOBP_NUCLEAR_TRANSPORT	GOBP_NUCLEAR_TRANSPORT		239	0.3648926	1.4487227	0.0023809525	0.17099807	1.0	2138	tags=35%, list=20%, signal=43%	
HP_WEBBED_NECK	HP_WEBBED_NECK		77	0.4248161	1.4484963	0.016806724	0.17093815	1.0	2048	tags=35%, list=19%, signal=43%	
GOBP_RESPONSE_TO_TUMOR_CELL	GOBP_RESPONSE_TO_TUMOR_CELL		19	0.5518048	1.4451201	0.044715445	0.17500207	1.0	418	tags=32%, list=4%, signal=33%	
GOMF_DISULFIDE_OXIDOREDUCTASE_ACTIVITY	GOMF_DISULFIDE_OXIDOREDUCTASE_ACTIVITY		29	0.5033029	1.4449493	0.05679513	0.17488004	1.0	1157	tags=28%, list=11%, signal=31%	
GOBP_POSITIVE_REGULATION_OF_IMMUNOGLOBULIN_PRODUCTION	GOBP_POSITIVE_REGULATION_OF_IMMUNOGLOBULIN_PRODUCTION		28	0.5093068	1.4448962	0.042145595	0.17459236	1.0	256	tags=21%, list=2%, signal=22%	
HP_APLASTIC_HYPOPLASTIC_TOENAIL	HP_APLASTIC_HYPOPLASTIC_TOENAIL		73	0.42415857	1.4444371	0.010373444	0.17477554	1.0	1601	tags=23%, list=15%, signal=27%	
GOBP_PROTEIN_TETRAMERIZATION	GOBP_PROTEIN_TETRAMERIZATION		49	0.4511407	1.4443722	0.028888889	0.1744874	1.0	771	tags=22%, list=7%, signal=24%	
GOMF_EXORIBONUCLEASE_ACTIVITY	GOMF_EXORIBONUCLEASE_ACTIVITY		41	0.46586242	1.4436927	0.054766733	0.17507488	1.0	1757	tags=37%, list=17%, signal=44%	
GOBP_MRNA_CATABOLIC_PROCESS	GOBP_MRNA_CATABOLIC_PROCESS		190	0.36894068	1.4421091	0.0040816325	0.1766838	1.0	2220	tags=34%, list=21%, signal=42%	
HP_DEVELOPMENTAL_CATARACT	HP_DEVELOPMENTAL_CATARACT		90	0.40430754	1.44199	0.016985139	0.17647932	1.0	2048	tags=34%, list=19%, signal=42%	
GOBP_POSITIVE_REGULATION_OF_MRNA_PROCESSING	GOBP_POSITIVE_REGULATION_OF_MRNA_PROCESSING		25	0.5261388	1.4416711	0.05785124	0.17651528	1.0	2220	tags=56%, list=21%, signal=71%	
HP_SIDEROBLASTIC_ANEMIA	HP_SIDEROBLASTIC_ANEMIA		32	0.4900049	1.4413812	0.03586498	0.17655332	1.0	2914	tags=34%, list=28%, signal=47%	
GOBP_REGULATION_OF_CELLULAR_RESPONSE_TO_HEAT	GOBP_REGULATION_OF_CELLULAR_RESPONSE_TO_HEAT		15	0.6033951	1.4410777	0.064386316	0.17664646	1.0	890	tags=27%, list=8%, signal=29%	
GOCC_PROTEIN_ACETYLTRANSFERASE_COMPLEX	GOCC_PROTEIN_ACETYLTRANSFERASE_COMPLEX		86	0.4167083	1.440633	0.010330578	0.17685974	1.0	2569	tags=35%, list=24%, signal=46%	
GOBP_SERINE_FAMILY_AMINO_ACID_METABOLIC_PROCESS	GOBP_SERINE_FAMILY_AMINO_ACID_METABOLIC_PROCESS		23	0.5256488	1.43921	0.04733728	0.17841105	1.0	607	tags=26%, list=6%, signal=28%	
GOBP_PROTEIN_INSERTION_INTO_MEMBRANE	GOBP_PROTEIN_INSERTION_INTO_MEMBRANE		43	0.46636525	1.4389092	0.028985508	0.17841846	1.0	1382	tags=30%, list=13%, signal=35%	
GOBP_POSITIVE_REGULATION_OF_MITOTIC_CELL_CYCLE_PHASE_TRANSITION	GOBP_POSITIVE_REGULATION_OF_MITOTIC_CELL_CYCLE_PHASE_TRANSITION		72	0.41478324	1.4381677	0.027310925	0.17901474	1.0	2386	tags=26%, list=23%, signal=34%	
HP_APLASIA_HYPOPLASIA_OF_THE_EAR	HP_APLASIA_HYPOPLASIA_OF_THE_EAR		111	0.39546877	1.4377427	0.020120725	0.17918704	1.0	2382	tags=35%, list=23%, signal=45%	
GOBP_RESPONSE_TO_ACTIVITY	GOBP_RESPONSE_TO_ACTIVITY		30	0.49872145	1.4374404	0.04263566	0.17928539	1.0	1857	tags=40%, list=18%, signal=48%	
GOMF_CARBON_OXYGEN_LYASE_ACTIVITY	GOMF_CARBON_OXYGEN_LYASE_ACTIVITY		39	0.47223583	1.4373829	0.041152265	0.17900568	1.0	1030	tags=23%, list=10%, signal=25%	
GOBP_POSITIVE_REGULATION_OF_DOUBLE_STRAND_BREAK_REPAIR_VIA_HOMOLOGOUS_RECOMBINATION	GOBP_POSITIVE_REGULATION_OF_DOUBLE_STRAND_BREAK_REPAIR_VIA_HOMOLOGOUS_RECOMBINATION		33	0.4935859	1.4373357	0.049356222	0.17871718	1.0	329	tags=9%, list=3%, signal=9%	
GOBP_TRANSCRIPTION_INITIATION_FROM_RNA_POLYMERASE_II_PROMOTER	GOBP_TRANSCRIPTION_INITIATION_FROM_RNA_POLYMERASE_II_PROMOTER		63	0.43361503	1.43696	0.018329939	0.17887072	1.0	3227	tags=51%, list=31%, signal=73%	
GOBP_MITOCHONDRIAL_OUTER_MEMBRANE_PERMEABILIZATION	GOBP_MITOCHONDRIAL_OUTER_MEMBRANE_PERMEABILIZATION		24	0.53465056	1.4369168	0.061143983	0.17857374	1.0	579	tags=17%, list=6%, signal=18%	
GOMF_PRENYLTRANSFERASE_ACTIVITY	GOMF_PRENYLTRANSFERASE_ACTIVITY		17	0.57068354	1.4363302	0.063872255	0.17901166	1.0	370	tags=18%, list=4%, signal=18%	
GOMF_MRNA_3_UTR_BINDING	GOMF_MRNA_3_UTR_BINDING		69	0.41814348	1.4351586	0.016032064	0.18023168	1.0	1797	tags=33%, list=17%, signal=40%	
GOBP_METANEPHROS_DEVELOPMENT	GOBP_METANEPHROS_DEVELOPMENT		22	0.53294754	1.4350303	0.05544148	0.1800415	1.0	1985	tags=50%, list=19%, signal=62%	
GOMF_CYTOKINE_ACTIVITY	GOMF_CYTOKINE_ACTIVITY		40	0.46433014	1.4347976	0.027504912	0.1799733	1.0	1857	tags=38%, list=18%, signal=45%	
GOMF_HYDRO_LYASE_ACTIVITY	GOMF_HYDRO_LYASE_ACTIVITY		26	0.5164106	1.4340233	0.055555556	0.18066257	1.0	979	tags=23%, list=9%, signal=25%	
GOBP_OLIGODENDROCYTE_DEVELOPMENT	GOBP_OLIGODENDROCYTE_DEVELOPMENT		15	0.58828664	1.4338278	0.071428575	0.18055613	1.0	1061	tags=40%, list=10%, signal=44%	
HP_SPARSE_EYELASHES	HP_SPARSE_EYELASHES		38	0.4710762	1.4324359	0.034552846	0.18206318	1.0	2109	tags=34%, list=20%, signal=43%	
GOBP_PROTEIN_DNA_COMPLEX_DISASSEMBLY	GOBP_PROTEIN_DNA_COMPLEX_DISASSEMBLY		15	0.5933963	1.4314888	0.06483301	0.18296456	1.0	2565	tags=47%, list=24%, signal=62%	
HP_APLASIA_HYPOPLASIA_OF_THE_NAILS	HP_APLASIA_HYPOPLASIA_OF_THE_NAILS		144	0.37756473	1.4306178	0.012847966	0.18381634	1.0	1945	tags=25%, list=19%, signal=30%	
HP_BROAD_NECK	HP_BROAD_NECK		21	0.53693825	1.4302261	0.06007752	0.18400331	1.0	3265	tags=48%, list=31%, signal=69%	
GOBP_NEGATIVE_REGULATION_OF_PROTEASOMAL_UBIQUITIN_DEPENDENT_PROTEIN_CATABOLIC_PROCESS	GOBP_NEGATIVE_REGULATION_OF_PROTEASOMAL_UBIQUITIN_DEPENDENT_PROTEIN_CATABOLIC_PROCESS		27	0.50581753	1.4285307	0.058708414	0.18590249	1.0	1662	tags=30%, list=16%, signal=35%	
GOMF_THREONINE_TYPE_PEPTIDASE_ACTIVITY	GOMF_THREONINE_TYPE_PEPTIDASE_ACTIVITY		17	0.5686279	1.426525	0.081419624	0.18830162	1.0	2558	tags=59%, list=24%, signal=78%	
GOBP_POSITIVE_REGULATION_OF_MITOTIC_CELL_CYCLE	GOBP_POSITIVE_REGULATION_OF_MITOTIC_CELL_CYCLE		91	0.4043604	1.4256853	0.015968064	0.18908727	1.0	1333	tags=19%, list=13%, signal=21%	
GOBP_POSITIVE_REGULATION_OF_MRNA_METABOLIC_PROCESS	GOBP_POSITIVE_REGULATION_OF_MRNA_METABOLIC_PROCESS		101	0.39494216	1.4256831	0.008016032	0.18872242	1.0	2220	tags=39%, list=21%, signal=48%	
GOBP_RRNA_TRANSCRIPTION	GOBP_RRNA_TRANSCRIPTION		26	0.51858056	1.4256091	0.050847456	0.18844703	1.0	1267	tags=31%, list=12%, signal=35%	
HP_BROAD_FOOT	HP_BROAD_FOOT		21	0.5313718	1.4250958	0.0665362	0.18878736	1.0	1297	tags=29%, list=12%, signal=33%	
GOMF_EXONUCLEASE_ACTIVITY	GOMF_EXONUCLEASE_ACTIVITY		72	0.41591376	1.4241406	0.024844721	0.18971057	1.0	2297	tags=39%, list=22%, signal=49%	
GOBP_NUCLEOBASE_CONTAINING_COMPOUND_TRANSPORT	GOBP_NUCLEOBASE_CONTAINING_COMPOUND_TRANSPORT		171	0.36697522	1.4240975	0.008421052	0.18939689	1.0	2303	tags=37%, list=22%, signal=46%	
GOBP_DNA_METHYLATION_OR_DEMETHYLATION	GOBP_DNA_METHYLATION_OR_DEMETHYLATION		59	0.43289953	1.4212731	0.024017468	0.19281925	1.0	2309	tags=34%, list=22%, signal=43%	
HP_RECURRENT_FRACTURES	HP_RECURRENT_FRACTURES		67	0.4225255	1.4206564	0.03177966	0.19337536	1.0	598	tags=15%, list=6%, signal=16%	
GOBP_DNA_METHYLATION_DEPENDENT_HETEROCHROMATIN_ASSEMBLY	GOBP_DNA_METHYLATION_DEPENDENT_HETEROCHROMATIN_ASSEMBLY		18	0.547939	1.4203637	0.084033616	0.19342276	1.0	2163	tags=44%, list=21%, signal=56%	
GOMF_METALLOEXOPEPTIDASE_ACTIVITY	GOMF_METALLOEXOPEPTIDASE_ACTIVITY		29	0.50184566	1.4193159	0.049586777	0.1945014	1.0	1185	tags=31%, list=11%, signal=35%	
GOBP_POSITIVE_REGULATION_OF_CELL_CYCLE_G2_M_PHASE_TRANSITION	GOBP_POSITIVE_REGULATION_OF_CELL_CYCLE_G2_M_PHASE_TRANSITION		24	0.51772475	1.4181336	0.05811623	0.19574988	1.0	505	tags=13%, list=5%, signal=13%	
GOBP_DNA_STRAND_ELONGATION	GOBP_DNA_STRAND_ELONGATION		35	0.47785404	1.4167717	0.04183267	0.19729425	1.0	2470	tags=37%, list=24%, signal=48%	
GOBP_CELLULAR_NITROGEN_COMPOUND_CATABOLIC_PROCESS	GOBP_CELLULAR_NITROGEN_COMPOUND_CATABOLIC_PROCESS		325	0.34177786	1.4167497	0.0021459227	0.19695896	1.0	2231	tags=32%, list=21%, signal=40%	
GOBP_NUCLEOSIDE_PHOSPHATE_BIOSYNTHETIC_PROCESS	GOBP_NUCLEOSIDE_PHOSPHATE_BIOSYNTHETIC_PROCESS		138	0.37834427	1.4154962	0.008368201	0.19831184	1.0	1223	tags=25%, list=12%, signal=28%	
GOMF_4_IRON_4_SULFUR_CLUSTER_BINDING	GOMF_4_IRON_4_SULFUR_CLUSTER_BINDING		38	0.47150153	1.4129615	0.050980393	0.20147419	1.0	3375	tags=55%, list=32%, signal=81%	
GOCC_CYTOPLASMIC_STRESS_GRANULE	GOCC_CYTOPLASMIC_STRESS_GRANULE		61	0.4330393	1.4129187	0.050403226	0.20113464	1.0	2220	tags=43%, list=21%, signal=54%	
HP_SMALL_NAIL	HP_SMALL_NAIL		103	0.3915175	1.4127688	0.010162601	0.2009769	1.0	1945	tags=27%, list=19%, signal=33%	
GOBP_CELLULAR_METABOLIC_COMPOUND_SALVAGE	GOBP_CELLULAR_METABOLIC_COMPOUND_SALVAGE		21	0.52535087	1.4125978	0.075581394	0.20086177	1.0	1744	tags=48%, list=17%, signal=57%	
GOBP_CELL_CYCLE_G1_S_PHASE_TRANSITION	GOBP_CELL_CYCLE_G1_S_PHASE_TRANSITION		164	0.3713023	1.4123431	0.010706638	0.20085715	1.0	2252	tags=30%, list=21%, signal=38%	
GOMF_3_5_EXONUCLEASE_ACTIVITY	GOMF_3_5_EXONUCLEASE_ACTIVITY		47	0.4479087	1.4121388	0.034836065	0.20075956	1.0	1837	tags=36%, list=17%, signal=44%	
HP_DISPLACEMENT_OF_THE_URETHRAL_MEATUS	HP_DISPLACEMENT_OF_THE_URETHRAL_MEATUS		240	0.35198528	1.4120517	0.0	0.20053713	1.0	2755	tags=32%, list=26%, signal=42%	
HP_ABNORMAL_THUMB_MORPHOLOGY	HP_ABNORMAL_THUMB_MORPHOLOGY		256	0.34897014	1.4119993	0.0	0.2002476	1.0	2040	tags=26%, list=19%, signal=32%	
HP_REDUCED_CONSCIOUSNESS_CONFUSION	HP_REDUCED_CONSCIOUSNESS_CONFUSION		237	0.3515215	1.4113897	0.0022727272	0.20074418	1.0	2329	tags=35%, list=22%, signal=43%	
GOMF_TRANSITION_METAL_ION_TRANSMEMBRANE_TRANSPORTER_ACTIVITY	GOMF_TRANSITION_METAL_ION_TRANSMEMBRANE_TRANSPORTER_ACTIVITY		26	0.5071546	1.4109894	0.075	0.20095535	1.0	1325	tags=19%, list=13%, signal=22%	
HP_ABNORMAL_TOENAIL_MORPHOLOGY	HP_ABNORMAL_TOENAIL_MORPHOLOGY		99	0.3932728	1.4081235	0.024539877	0.2047275	1.0	1002	tags=16%, list=10%, signal=18%	
GOCC_CARBOXY_TERMINAL_DOMAIN_PROTEIN_KINASE_COMPLEX	GOCC_CARBOXY_TERMINAL_DOMAIN_PROTEIN_KINASE_COMPLEX		17	0.5613734	1.404575	0.07429719	0.20956945	1.0	3184	tags=59%, list=30%, signal=84%	
HP_PREMATURE_GRAYING_OF_HAIR	HP_PREMATURE_GRAYING_OF_HAIR		28	0.4968027	1.4034936	0.062240664	0.21090628	1.0	757	tags=21%, list=7%, signal=23%	
GOBP_SEMI_LUNAR_VALVE_DEVELOPMENT	GOBP_SEMI_LUNAR_VALVE_DEVELOPMENT		15	0.5670241	1.4019997	0.1	0.21273567	1.0	691	tags=33%, list=7%, signal=36%	
GOBP_POSITIVE_REGULATION_OF_DNA_METABOLIC_PROCESS	GOBP_POSITIVE_REGULATION_OF_DNA_METABOLIC_PROCESS		178	0.36126712	1.4004267	0.004555809	0.21464077	1.0	2309	tags=28%, list=22%, signal=35%	
HP_ABNORMAL_TRACHEAL_MORPHOLOGY	HP_ABNORMAL_TRACHEAL_MORPHOLOGY		101	0.38905725	1.3997219	0.012578616	0.21533786	1.0	1742	tags=19%, list=17%, signal=22%	
GOBP_DNA_REPLICATION_CHECKPOINT_SIGNALING	GOBP_DNA_REPLICATION_CHECKPOINT_SIGNALING		15	0.5662929	1.3978012	0.08213552	0.21793272	1.0	1759	tags=33%, list=17%, signal=40%	
HP_ACUTE_MYELOID_LEUKEMIA	HP_ACUTE_MYELOID_LEUKEMIA		55	0.43145847	1.3972516	0.04605263	0.2183825	1.0	2240	tags=42%, list=21%, signal=53%	
HP_ABNORMAL_RETICULOCYTE_MORPHOLOGY	HP_ABNORMAL_RETICULOCYTE_MORPHOLOGY		51	0.4278043	1.3968931	0.041322313	0.21857256	1.0	3239	tags=57%, list=31%, signal=82%	
GOCC_FICOLIN_1_RICH_GRANULE_LUMEN	GOCC_FICOLIN_1_RICH_GRANULE_LUMEN		102	0.3934249	1.3949598	0.022044089	0.22112401	1.0	1330	tags=27%, list=13%, signal=31%	
GOBP_IMMUNOGLOBULIN_PRODUCTION	GOBP_IMMUNOGLOBULIN_PRODUCTION		73	0.402515	1.3947294	0.022916667	0.22112629	1.0	256	tags=14%, list=2%, signal=14%	
GOBP_ORGANIC_CYCLIC_COMPOUND_CATABOLIC_PROCESS	GOBP_ORGANIC_CYCLIC_COMPOUND_CATABOLIC_PROCESS		336	0.33901232	1.3946953	0.0	0.22077525	1.0	2231	tags=32%, list=21%, signal=40%	
GOBP_MRNA_3_END_PROCESSING	GOBP_MRNA_3_END_PROCESSING		55	0.4238571	1.3941973	0.05252101	0.2211845	1.0	3623	tags=56%, list=34%, signal=86%	
GOMF_RNA_POLYMERASE_II_GENERAL_TRANSCRIPTION_INITIATION_FACTOR_ACTIVITY	GOMF_RNA_POLYMERASE_II_GENERAL_TRANSCRIPTION_INITIATION_FACTOR_ACTIVITY		34	0.46736202	1.3929074	0.05788423	0.22285256	1.0	3072	tags=53%, list=29%, signal=75%	
HP_COARCTATION_OF_AORTA	HP_COARCTATION_OF_AORTA		78	0.40188128	1.3928584	0.023157895	0.22251096	1.0	2104	tags=29%, list=20%, signal=37%	
GOBP_POSITIVE_REGULATION_OF_G1_S_TRANSITION_OF_MITOTIC_CELL_CYCLE	GOBP_POSITIVE_REGULATION_OF_G1_S_TRANSITION_OF_MITOTIC_CELL_CYCLE		32	0.47479638	1.390689	0.064	0.22557764	1.0	2372	tags=38%, list=23%, signal=48%	
GOMF_TELOMERIC_DNA_BINDING	GOMF_TELOMERIC_DNA_BINDING		34	0.46699098	1.390658	0.056962024	0.22521736	1.0	2294	tags=35%, list=22%, signal=45%	
GOBP_ANOIKIS	GOBP_ANOIKIS		22	0.5050619	1.3896953	0.09012876	0.22633041	1.0	2310	tags=36%, list=22%, signal=47%	
HP_BONE_MARROW_HYPOCELLULARITY	HP_BONE_MARROW_HYPOCELLULARITY		50	0.43871024	1.3889499	0.030612245	0.22708152	1.0	1006	tags=16%, list=10%, signal=18%	
HP_ABNORMAL_LOCALIZATION_OF_KIDNEY	HP_ABNORMAL_LOCALIZATION_OF_KIDNEY		137	0.36857834	1.3880838	0.010204081	0.22804798	1.0	2637	tags=29%, list=25%, signal=38%	
GOBP_POSITIVE_REGULATION_OF_DNA_TEMPLATED_TRANSCRIPTION_ELONGATION	GOBP_POSITIVE_REGULATION_OF_DNA_TEMPLATED_TRANSCRIPTION_ELONGATION		25	0.49991918	1.3870682	0.06706114	0.22923131	1.0	2373	tags=36%, list=23%, signal=46%	
GOBP_PYRIMIDINE_CONTAINING_COMPOUND_METABOLIC_PROCESS	GOBP_PYRIMIDINE_CONTAINING_COMPOUND_METABOLIC_PROCESS		53	0.43366578	1.3867679	0.037698414	0.2292931	1.0	1009	tags=26%, list=10%, signal=29%	
GOBP_NEGATIVE_REGULATION_OF_UBIQUITIN_DEPENDENT_PROTEIN_CATABOLIC_PROCESS	GOBP_NEGATIVE_REGULATION_OF_UBIQUITIN_DEPENDENT_PROTEIN_CATABOLIC_PROCESS		38	0.4663545	1.3862681	0.064705886	0.22967066	1.0	1662	tags=29%, list=16%, signal=34%	
GOBP_CELLULAR_RESPONSE_TO_ESTRADIOL_STIMULUS	GOBP_CELLULAR_RESPONSE_TO_ESTRADIOL_STIMULUS		20	0.5321643	1.3845383	0.08316008	0.23199362	1.0	1169	tags=25%, list=11%, signal=28%	
HP_PROGRESSIVE_SPASTIC_PARAPLEGIA	HP_PROGRESSIVE_SPASTIC_PARAPLEGIA		46	0.4397418	1.3830404	0.058939096	0.23408036	1.0	1660	tags=28%, list=16%, signal=33%	
GOBP_REGULATION_OF_TRANSCRIPTION_BY_RNA_POLYMERASE_III	GOBP_REGULATION_OF_TRANSCRIPTION_BY_RNA_POLYMERASE_III		25	0.49504703	1.3808967	0.072463766	0.23721027	1.0	1018	tags=24%, list=10%, signal=27%	
GOBP_HISTONE_DEUBIQUITINATION	GOBP_HISTONE_DEUBIQUITINATION		34	0.4673788	1.3806007	0.05928854	0.2372753	1.0	2506	tags=41%, list=24%, signal=54%	
GOMF_GENERAL_TRANSCRIPTION_INITIATION_FACTOR_ACTIVITY	GOMF_GENERAL_TRANSCRIPTION_INITIATION_FACTOR_ACTIVITY		39	0.45250213	1.380398	0.05473684	0.23720568	1.0	3072	tags=51%, list=29%, signal=72%	
GOBP_RESPIRATORY_CHAIN_COMPLEX_IV_ASSEMBLY	GOBP_RESPIRATORY_CHAIN_COMPLEX_IV_ASSEMBLY		21	0.508879	1.3793471	0.08183633	0.23859644	1.0	2979	tags=48%, list=28%, signal=66%	
GOMF_ACETYLTRANSFERASE_ACTIVITY	GOMF_ACETYLTRANSFERASE_ACTIVITY		65	0.40398017	1.3791102	0.034	0.23857322	1.0	1854	tags=26%, list=18%, signal=32%	
GOCC_TRANSCRIPTION_FACTOR_TFIID_COMPLEX	GOCC_TRANSCRIPTION_FACTOR_TFIID_COMPLEX		30	0.47888786	1.3789262	0.054054055	0.23848626	1.0	3184	tags=57%, list=30%, signal=81%	
GOBP_POSITIVE_REGULATION_OF_VIRAL_PROCESS	GOBP_POSITIVE_REGULATION_OF_VIRAL_PROCESS		50	0.43753934	1.3785363	0.046184737	0.23868103	1.0	1646	tags=28%, list=16%, signal=33%	
GOBP_RIBOSE_PHOSPHATE_BIOSYNTHETIC_PROCESS	GOBP_RIBOSE_PHOSPHATE_BIOSYNTHETIC_PROCESS		107	0.38003394	1.3778683	0.017021276	0.2393018	1.0	1869	tags=32%, list=18%, signal=38%	
HP_PIGMENTARY_RETINOPATHY	HP_PIGMENTARY_RETINOPATHY		109	0.3747922	1.3757695	0.021598272	0.24230398	1.0	3267	tags=42%, list=31%, signal=61%	
GOMF_NUCLEOSOMAL_DNA_BINDING	GOMF_NUCLEOSOMAL_DNA_BINDING		22	0.51157063	1.3757212	0.08385744	0.24195337	1.0	2473	tags=32%, list=24%, signal=42%	
GOBP_CELLULAR_RESPONSE_TO_IONIZING_RADIATION	GOBP_CELLULAR_RESPONSE_TO_IONIZING_RADIATION		55	0.42658904	1.3756084	0.050403226	0.24173646	1.0	2619	tags=33%, list=25%, signal=43%	
HP_ABNORMAL_CIRCULATING_PROTEINOGENIC_AMINO_ACID_DERIVATIVE_CONCENTRATION	HP_ABNORMAL_CIRCULATING_PROTEINOGENIC_AMINO_ACID_DERIVATIVE_CONCENTRATION		36	0.46155265	1.3748645	0.07156673	0.24255648	1.0	3002	tags=56%, list=29%, signal=78%	
HP_ATRESIA_OF_THE_EXTERNAL_AUDITORY_CANAL	HP_ATRESIA_OF_THE_EXTERNAL_AUDITORY_CANAL		27	0.49551088	1.3746767	0.09542744	0.24248308	1.0	2752	tags=44%, list=26%, signal=60%	
GOBP_DNA_METHYLATION	GOBP_DNA_METHYLATION		44	0.4359185	1.3737104	0.044	0.24367279	1.0	2309	tags=34%, list=22%, signal=44%	
GOBP_REGULATION_OF_STRIATED_MUSCLE_CELL_DIFFERENTIATION	GOBP_REGULATION_OF_STRIATED_MUSCLE_CELL_DIFFERENTIATION		33	0.4672271	1.3728981	0.07392197	0.2445971	1.0	2335	tags=33%, list=22%, signal=43%	
GOBP_MRNA_TRANSCRIPTION	GOBP_MRNA_TRANSCRIPTION		33	0.46420023	1.372872	0.05940594	0.24420612	1.0	2208	tags=33%, list=21%, signal=42%	
HP_DEVELOPMENTAL_GLAUCOMA	HP_DEVELOPMENTAL_GLAUCOMA		43	0.44321454	1.3728364	0.06958251	0.24383065	1.0	2524	tags=51%, list=24%, signal=67%	
GOBP_RNA_PHOSPHODIESTER_BOND_HYDROLYSIS_EXONUCLEOLYTIC	GOBP_RNA_PHOSPHODIESTER_BOND_HYDROLYSIS_EXONUCLEOLYTIC		39	0.452133	1.3712919	0.0648855	0.24585658	1.0	1757	tags=36%, list=17%, signal=43%	
GOMF_POLY_PYRIMIDINE_TRACT_BINDING	GOMF_POLY_PYRIMIDINE_TRACT_BINDING		19	0.5269026	1.371188	0.08510638	0.24557613	1.0	1714	tags=42%, list=16%, signal=50%	
GOBP_NUCLEAR_TRANSCRIBED_MRNA_CATABOLIC_PROCESS_NONSENSE_MEDIATED_DECAY	GOBP_NUCLEAR_TRANSCRIBED_MRNA_CATABOLIC_PROCESS_NONSENSE_MEDIATED_DECAY		35	0.47115567	1.3705127	0.067391306	0.24623884	1.0	2297	tags=43%, list=22%, signal=55%	
GOBP_CHROMATIN_DISASSEMBLY	GOBP_CHROMATIN_DISASSEMBLY		15	0.5582697	1.3688647	0.083333336	0.24851781	1.0	2734	tags=47%, list=26%, signal=63%	
GOMF_CADHERIN_BINDING	GOMF_CADHERIN_BINDING		229	0.34423873	1.367395	0.0022573364	0.25053656	1.0	1206	tags=23%, list=11%, signal=26%	
GOMF_EXORIBONUCLEASE_ACTIVITY_PRODUCING_5_PHOSPHOMONOESTERS	GOMF_EXORIBONUCLEASE_ACTIVITY_PRODUCING_5_PHOSPHOMONOESTERS		36	0.4582698	1.3667437	0.07581967	0.25122592	1.0	1757	tags=36%, list=17%, signal=43%	
GOBP_NEGATIVE_REGULATION_OF_TRANSPORTER_ACTIVITY	GOBP_NEGATIVE_REGULATION_OF_TRANSPORTER_ACTIVITY		28	0.4840835	1.3661314	0.07392996	0.25182626	1.0	1069	tags=29%, list=10%, signal=32%	
GOBP_RESPONSE_TO_ESTRADIOL	GOBP_RESPONSE_TO_ESTRADIOL		56	0.41688955	1.3660606	0.047717843	0.25150514	1.0	1988	tags=34%, list=19%, signal=42%	
GOBP_MONOSACCHARIDE_BIOSYNTHETIC_PROCESS	GOBP_MONOSACCHARIDE_BIOSYNTHETIC_PROCESS		50	0.4306683	1.3657564	0.045738045	0.25161865	1.0	2079	tags=34%, list=20%, signal=42%	
GOBP_POSITIVE_REGULATION_OF_SMOOTH_MUSCLE_CELL_MIGRATION	GOBP_POSITIVE_REGULATION_OF_SMOOTH_MUSCLE_CELL_MIGRATION		15	0.5680511	1.3650672	0.11111111	0.2524193	1.0	1709	tags=40%, list=16%, signal=48%	
GOBP_REGULATION_OF_TRANSCRIPTION_REGULATORY_REGION_DNA_BINDING	GOBP_REGULATION_OF_TRANSCRIPTION_REGULATORY_REGION_DNA_BINDING		30	0.47321114	1.3650413	0.09090909	0.25205386	1.0	3419	tags=43%, list=33%, signal=64%	
GOCC_HISTONE_METHYLTRANSFERASE_COMPLEX	GOCC_HISTONE_METHYLTRANSFERASE_COMPLEX		55	0.42202276	1.364688	0.037243947	0.2522138	1.0	1634	tags=29%, list=16%, signal=34%	
GOMF_CHAPERONE_BINDING	GOMF_CHAPERONE_BINDING		81	0.3929618	1.3616554	0.04477612	0.25692126	1.0	2448	tags=38%, list=23%, signal=50%	
HP_SPRENGEL_ANOMALY	HP_SPRENGEL_ANOMALY		37	0.45850217	1.3601621	0.06336634	0.25907043	1.0	2048	tags=57%, list=19%, signal=70%	
GOBP_DICARBOXYLIC_ACID_METABOLIC_PROCESS	GOBP_DICARBOXYLIC_ACID_METABOLIC_PROCESS		55	0.42355794	1.3595237	0.06567796	0.25970733	1.0	1863	tags=36%, list=18%, signal=44%	
GOBP_REGULATION_OF_MITOCHONDRIAL_OUTER_MEMBRANE_PERMEABILIZATION_INVOLVED_IN_APOPTOTIC_SIGNALING_PATHWAY	GOBP_REGULATION_OF_MITOCHONDRIAL_OUTER_MEMBRANE_PERMEABILIZATION_INVOLVED_IN_APOPTOTIC_SIGNALING_PATHWAY		15	0.5596432	1.3585331	0.106471814	0.26101264	1.0	1232	tags=20%, list=12%, signal=23%	
HP_HYPOPARATHYROIDISM	HP_HYPOPARATHYROIDISM		17	0.5387117	1.3584203	0.10165975	0.26076922	1.0	1415	tags=35%, list=13%, signal=41%	
GOMF_OXIDOREDUCTASE_ACTIVITY_ACTING_ON_A_SULFUR_GROUP_OF_DONORS	GOMF_OXIDOREDUCTASE_ACTIVITY_ACTING_ON_A_SULFUR_GROUP_OF_DONORS		41	0.4523707	1.3556142	0.061181433	0.2652626	1.0	2080	tags=34%, list=20%, signal=42%	
GOMF_LIGASE_ACTIVITY	GOMF_LIGASE_ACTIVITY		100	0.37724212	1.3556054	0.028397566	0.2648405	1.0	2797	tags=47%, list=27%, signal=63%	
HP_RIDGED_NAIL	HP_RIDGED_NAIL		17	0.5309211	1.3550234	0.10403397	0.26542172	1.0	275	tags=18%, list=3%, signal=18%	
HP_ABNORMAL_CIRCULATING_CARBOXYLIC_ACID_CONCENTRATION	HP_ABNORMAL_CIRCULATING_CARBOXYLIC_ACID_CONCENTRATION		140	0.35908234	1.3545542	0.012578616	0.26580244	1.0	2841	tags=40%, list=27%, signal=54%	
HP_ABNORMAL_EYELASH_MORPHOLOGY	HP_ABNORMAL_EYELASH_MORPHOLOGY		151	0.3546862	1.354323	0.019354839	0.2658061	1.0	2863	tags=37%, list=27%, signal=50%	
HP_ACUTE_LEUKEMIA	HP_ACUTE_LEUKEMIA		83	0.38856283	1.3540719	0.04517454	0.26577803	1.0	2376	tags=37%, list=23%, signal=48%	
GOBP_POSITIVE_REGULATION_OF_VIRAL_LIFE_CYCLE	GOBP_POSITIVE_REGULATION_OF_VIRAL_LIFE_CYCLE		15	0.53872454	1.3538921	0.13636364	0.26566818	1.0	1083	tags=20%, list=10%, signal=22%	
HP_RAGGED_RED_MUSCLE_FIBERS	HP_RAGGED_RED_MUSCLE_FIBERS		28	0.4790021	1.3538545	0.0805501	0.2652944	1.0	3132	tags=50%, list=30%, signal=71%	
GOBP_OLIGODENDROCYTE_DIFFERENTIATION	GOBP_OLIGODENDROCYTE_DIFFERENTIATION		37	0.45134902	1.353676	0.07775378	0.26517022	1.0	1061	tags=27%, list=10%, signal=30%	
GOBP_RESPONSE_TO_HEAT	GOBP_RESPONSE_TO_HEAT		63	0.40920907	1.3527253	0.038306452	0.26637915	1.0	1189	tags=25%, list=11%, signal=28%	
HP_ABNORMAL_URINE_PH	HP_ABNORMAL_URINE_PH		67	0.4037858	1.3527229	0.042857144	0.26594648	1.0	3318	tags=52%, list=32%, signal=76%	
GOBP_UBIQUINONE_METABOLIC_PROCESS	GOBP_UBIQUINONE_METABOLIC_PROCESS		15	0.5574409	1.3507826	0.10515873	0.26891053	1.0	1286	tags=40%, list=12%, signal=46%	
HP_CARIOUS_TEETH	HP_CARIOUS_TEETH		97	0.37399882	1.3498607	0.021881837	0.27005902	1.0	423	tags=11%, list=4%, signal=12%	
HP_ABNORMAL_CIRCULATING_PROTEINOGENIC_AMINO_ACID_CONCENTRATION	HP_ABNORMAL_CIRCULATING_PROTEINOGENIC_AMINO_ACID_CONCENTRATION		55	0.41703138	1.3495803	0.05882353	0.270121	1.0	2654	tags=44%, list=25%, signal=58%	
GOBP_NUCLEOSIDE_DIPHOSPHATE_METABOLIC_PROCESS	GOBP_NUCLEOSIDE_DIPHOSPHATE_METABOLIC_PROCESS		87	0.38628507	1.3490839	0.036324788	0.2705224	1.0	1334	tags=24%, list=13%, signal=27%	
GOCC_EXTRINSIC_COMPONENT_OF_ORGANELLE_MEMBRANE	GOCC_EXTRINSIC_COMPONENT_OF_ORGANELLE_MEMBRANE		39	0.44486633	1.3480012	0.06639839	0.27204204	1.0	1433	tags=31%, list=14%, signal=35%	
GOBP_HISTONE_MRNA_METABOLIC_PROCESS	GOBP_HISTONE_MRNA_METABOLIC_PROCESS		19	0.5212775	1.3479632	0.11673152	0.2716555	1.0	2475	tags=47%, list=24%, signal=62%	
GOCC_TRANSCRIPTION_ELONGATION_FACTOR_COMPLEX	GOCC_TRANSCRIPTION_ELONGATION_FACTOR_COMPLEX		37	0.44492373	1.3474945	0.09016393	0.27206805	1.0	2419	tags=35%, list=23%, signal=45%	
HP_ABNORMALITY_OF_PRIMARY_TEETH	HP_ABNORMALITY_OF_PRIMARY_TEETH		42	0.4395269	1.3473818	0.08183633	0.27179664	1.0	1538	tags=21%, list=15%, signal=25%	
GOBP_CYTOCHROME_COMPLEX_ASSEMBLY	GOBP_CYTOCHROME_COMPLEX_ASSEMBLY		30	0.47912422	1.3470091	0.07214429	0.27203634	1.0	2979	tags=50%, list=28%, signal=70%	
HP_NEOPLASM_OF_THE_SKELETAL_SYSTEM	HP_NEOPLASM_OF_THE_SKELETAL_SYSTEM		74	0.39123937	1.3448104	0.053169735	0.27550238	1.0	2128	tags=39%, list=20%, signal=49%	
GOBP_IMPORT_INTO_NUCLEUS	GOBP_IMPORT_INTO_NUCLEUS		119	0.36423108	1.3434083	0.02892562	0.27761716	1.0	2294	tags=39%, list=22%, signal=49%	
GOBP_SIGNAL_TRANSDUCTION_BY_P53_CLASS_MEDIATOR	GOBP_SIGNAL_TRANSDUCTION_BY_P53_CLASS_MEDIATOR		129	0.36384296	1.3431145	0.029661017	0.27769572	1.0	2309	tags=31%, list=22%, signal=39%	
HP_NON_MIDLINE_CLEFT_LIP	HP_NON_MIDLINE_CLEFT_LIP		18	0.5118056	1.342943	0.11515152	0.2775965	1.0	2863	tags=39%, list=27%, signal=53%	
HP_RECURRENT_HERPES	HP_RECURRENT_HERPES		15	0.5496678	1.3415396	0.116	0.27971262	1.0	503	tags=20%, list=5%, signal=21%	
GOBP_NEGATIVE_REGULATION_OF_CELLULAR_AMIDE_METABOLIC_PROCESS	GOBP_NEGATIVE_REGULATION_OF_CELLULAR_AMIDE_METABOLIC_PROCESS		155	0.35169053	1.3406436	0.013483146	0.2809156	1.0	2085	tags=31%, list=20%, signal=38%	
GOMF_PHOSPHOTRANSFERASE_ACTIVITY_PHOSPHATE_GROUP_AS_ACCEPTOR	GOMF_PHOSPHOTRANSFERASE_ACTIVITY_PHOSPHATE_GROUP_AS_ACCEPTOR		25	0.4801729	1.340155	0.09320388	0.28130576	1.0	782	tags=28%, list=7%, signal=30%	
GOBP_REGULATION_OF_MITOCHONDRION_ORGANIZATION	GOBP_REGULATION_OF_MITOCHONDRION_ORGANIZATION		104	0.37289846	1.3393296	0.029288704	0.28229997	1.0	1232	tags=20%, list=12%, signal=23%	
HP_CLEFT_LIP	HP_CLEFT_LIP		119	0.367379	1.3389863	0.025793651	0.28246993	1.0	2022	tags=29%, list=19%, signal=35%	
GOBP_TRANSCRIPTION_ELONGATION_FROM_RNA_POLYMERASE_II_PROMOTER	GOBP_TRANSCRIPTION_ELONGATION_FROM_RNA_POLYMERASE_II_PROMOTER		49	0.42578593	1.3386111	0.05894309	0.28271204	1.0	3315	tags=43%, list=32%, signal=62%	
HP_THROMBOCYTOSIS	HP_THROMBOCYTOSIS		45	0.42586887	1.3366456	0.0831643	0.28589368	1.0	2753	tags=62%, list=26%, signal=84%	
HP_ACIDEMIA	HP_ACIDEMIA		19	0.5177576	1.336612	0.10694184	0.285506	1.0	3471	tags=79%, list=33%, signal=118%	
GOMF_NF_KAPPAB_BINDING	GOMF_NF_KAPPAB_BINDING		28	0.47660804	1.3362306	0.09414226	0.285692	1.0	235	tags=11%, list=2%, signal=11%	
GOBP_REGULATION_OF_INTRINSIC_APOPTOTIC_SIGNALING_PATHWAY_IN_RESPONSE_TO_DNA_DAMAGE	GOBP_REGULATION_OF_INTRINSIC_APOPTOTIC_SIGNALING_PATHWAY_IN_RESPONSE_TO_DNA_DAMAGE		26	0.48331577	1.3353996	0.1139785	0.28680843	1.0	2610	tags=46%, list=25%, signal=61%	
GOBP_REGULATION_OF_DNA_TEMPLATED_TRANSCRIPTION_ELONGATION	GOBP_REGULATION_OF_DNA_TEMPLATED_TRANSCRIPTION_ELONGATION		47	0.42516539	1.3346156	0.0877551	0.2878886	1.0	2637	tags=34%, list=25%, signal=45%	
GOBP_POSITIVE_REGULATION_OF_VIRAL_GENOME_REPLICATION	GOBP_POSITIVE_REGULATION_OF_VIRAL_GENOME_REPLICATION		28	0.4689292	1.3346025	0.102970295	0.28745997	1.0	1609	tags=36%, list=15%, signal=42%	
GOBP_DNA_REPLICATION	GOBP_DNA_REPLICATION		238	0.33345908	1.3336866	0.008583691	0.2887402	1.0	2745	tags=32%, list=26%, signal=43%	
GOBP_POSITIVE_REGULATION_OF_CD4_POSITIVE_ALPHA_BETA_T_CELL_DIFFERENTIATION	GOBP_POSITIVE_REGULATION_OF_CD4_POSITIVE_ALPHA_BETA_T_CELL_DIFFERENTIATION		21	0.5099855	1.3335801	0.11857708	0.2884926	1.0	953	tags=33%, list=9%, signal=37%	
GOBP_NEGATIVE_REGULATION_OF_INTRINSIC_APOPTOTIC_SIGNALING_PATHWAY_IN_RESPONSE_TO_DNA_DAMAGE	GOBP_NEGATIVE_REGULATION_OF_INTRINSIC_APOPTOTIC_SIGNALING_PATHWAY_IN_RESPONSE_TO_DNA_DAMAGE		21	0.508651	1.3320464	0.090361446	0.2908225	1.0	1075	tags=24%, list=10%, signal=26%	
HP_SPARSE_EYEBROW	HP_SPARSE_EYEBROW		71	0.39504096	1.3319131	0.06153846	0.29062173	1.0	1489	tags=20%, list=14%, signal=23%	
HP_ALOPECIA	HP_ALOPECIA		117	0.36091354	1.331775	0.042462844	0.29041088	1.0	1587	tags=24%, list=15%, signal=28%	
HP_LEUKODYSTROPHY	HP_LEUKODYSTROPHY		88	0.3812328	1.3314302	0.044585988	0.2905857	1.0	1680	tags=28%, list=16%, signal=34%	
GOBP_NEGATIVE_REGULATION_OF_TRANSLATIONAL_INITIATION	GOBP_NEGATIVE_REGULATION_OF_TRANSLATIONAL_INITIATION		17	0.52948433	1.3295228	0.11909651	0.29375547	1.0	2079	tags=41%, list=20%, signal=51%	
HP_ABNORMAL_FINGERNAIL_MORPHOLOGY	HP_ABNORMAL_FINGERNAIL_MORPHOLOGY		116	0.36699337	1.3294239	0.025806451	0.29348126	1.0	1121	tags=15%, list=11%, signal=16%	
GOCC_MRNA_CLEAVAGE_FACTOR_COMPLEX	GOCC_MRNA_CLEAVAGE_FACTOR_COMPLEX		18	0.52287173	1.3290869	0.114583336	0.29362556	1.0	3484	tags=67%, list=33%, signal=100%	
GOMF_HYDROLASE_ACTIVITY_ACTING_ON_ACID_ANHYDRIDES	GOMF_HYDROLASE_ACTIVITY_ACTING_ON_ACID_ANHYDRIDES		483	0.31176436	1.3284055	0.0	0.29449028	1.0	1572	tags=20%, list=15%, signal=22%	
HP_DECREASED_PLASMA_CARNITINE	HP_DECREASED_PLASMA_CARNITINE		16	0.5196042	1.327194	0.13137256	0.29645136	1.0	1166	tags=25%, list=11%, signal=28%	
GOMF_PROTEIN_TRANSPORTER_ACTIVITY	GOMF_PROTEIN_TRANSPORTER_ACTIVITY		24	0.4828659	1.3268054	0.12298387	0.29671082	1.0	3261	tags=54%, list=31%, signal=78%	
GOBP_RNA_DESTABILIZATION	GOBP_RNA_DESTABILIZATION		76	0.39257035	1.3246607	0.05907173	0.30032977	1.0	2220	tags=37%, list=21%, signal=46%	
HP_SKIN_VESICLE	HP_SKIN_VESICLE		21	0.5132065	1.3211993	0.106177606	0.3066265	1.0	112	tags=14%, list=1%, signal=14%	
GOMF_E_BOX_BINDING	GOMF_E_BOX_BINDING		20	0.5110854	1.3211473	0.1183432	0.3062761	1.0	1436	tags=45%, list=14%, signal=52%	
GOBP_PROTEIN_HOMOTETRAMERIZATION	GOBP_PROTEIN_HOMOTETRAMERIZATION		32	0.46004888	1.3207603	0.10559006	0.30659267	1.0	1064	tags=28%, list=10%, signal=31%	
HP_ABSENT_HAIR	HP_ABSENT_HAIR		27	0.46692148	1.3199347	0.10139165	0.3077849	1.0	1500	tags=30%, list=14%, signal=34%	
HP_SUPERNUMERARY_TOOTH	HP_SUPERNUMERARY_TOOTH		25	0.4805205	1.3197548	0.10699589	0.30766782	1.0	2696	tags=36%, list=26%, signal=48%	
GOBP_POSITIVE_REGULATION_OF_NUCLEOCYTOPLASMIC_TRANSPORT	GOBP_POSITIVE_REGULATION_OF_NUCLEOCYTOPLASMIC_TRANSPORT		47	0.42146993	1.3176315	0.1045082	0.31134793	1.0	1184	tags=26%, list=11%, signal=29%	
HP_ABNORMAL_CIRCULATING_SERINE_FAMILY_AMINO_ACID_CONCENTRATION	HP_ABNORMAL_CIRCULATING_SERINE_FAMILY_AMINO_ACID_CONCENTRATION		18	0.5149738	1.3157495	0.12655602	0.3145059	1.0	1788	tags=33%, list=17%, signal=40%	
GOMF_CARBOHYDRATE_KINASE_ACTIVITY	GOMF_CARBOHYDRATE_KINASE_ACTIVITY		18	0.5232926	1.3148643	0.13009709	0.3158804	1.0	261	tags=11%, list=2%, signal=11%	
GOBP_GLYCOSYL_COMPOUND_METABOLIC_PROCESS	GOBP_GLYCOSYL_COMPOUND_METABOLIC_PROCESS		48	0.4131006	1.3146865	0.1009901	0.31570506	1.0	1744	tags=25%, list=17%, signal=30%	
GOBP_REGULATION_OF_PROTEIN_IMPORT	GOBP_REGULATION_OF_PROTEIN_IMPORT		44	0.428996	1.3115838	0.083690986	0.32153583	1.0	1184	tags=30%, list=11%, signal=33%	
GOBP_MULTICELLULAR_ORGANISMAL_MOVEMENT	GOBP_MULTICELLULAR_ORGANISMAL_MOVEMENT		19	0.5047142	1.3110113	0.1262136	0.32216424	1.0	2978	tags=42%, list=28%, signal=59%	
GOBP_ORGANIC_ACID_BIOSYNTHETIC_PROCESS	GOBP_ORGANIC_ACID_BIOSYNTHETIC_PROCESS		142	0.34660536	1.3097638	0.040598292	0.3241004	1.0	1850	tags=26%, list=18%, signal=31%	
HP_RICKETS	HP_RICKETS		18	0.51727694	1.3090407	0.13121273	0.32502607	1.0	1231	tags=28%, list=12%, signal=31%	
GOBP_SMALL_MOLECULE_BIOSYNTHETIC_PROCESS	GOBP_SMALL_MOLECULE_BIOSYNTHETIC_PROCESS		290	0.32034752	1.3083775	0.0042643924	0.3258448	1.0	1917	tags=25%, list=18%, signal=30%	
HP_CLEFT_SOFT_PALATE	HP_CLEFT_SOFT_PALATE		121	0.35824358	1.308276	0.045454547	0.3255394	1.0	2022	tags=33%, list=19%, signal=40%	
HP_THICKENED_HELICES	HP_THICKENED_HELICES		32	0.44244087	1.3078644	0.09919028	0.3259159	1.0	779	tags=16%, list=7%, signal=17%	
GOBP_TRNA_WOBBLE_BASE_MODIFICATION	GOBP_TRNA_WOBBLE_BASE_MODIFICATION		15	0.52910334	1.3069873	0.14173229	0.32720324	1.0	3818	tags=67%, list=36%, signal=105%	
HP_HYPODONTIA	HP_HYPODONTIA		117	0.3578777	1.3051109	0.052287582	0.3304943	1.0	542	tags=10%, list=5%, signal=11%	
GOBP_REGULATION_OF_DNA_METABOLIC_PROCESS	GOBP_REGULATION_OF_DNA_METABOLIC_PROCESS		301	0.3193162	1.3045369	0.011037528	0.33118686	1.0	2312	tags=26%, list=22%, signal=32%	
HP_LOWER_LIMB_HYPERTONIA	HP_LOWER_LIMB_HYPERTONIA		25	0.47261503	1.30452	0.101626016	0.33072686	1.0	2475	tags=48%, list=24%, signal=63%	
GOBP_PEPTIDYL_LYSINE_TRIMETHYLATION	GOBP_PEPTIDYL_LYSINE_TRIMETHYLATION		39	0.42708495	1.3043417	0.10420842	0.33061963	1.0	2606	tags=41%, list=25%, signal=54%	
HP_HYPERTROPHIC_CARDIOMYOPATHY	HP_HYPERTROPHIC_CARDIOMYOPATHY		200	0.3297033	1.3041285	0.0295858	0.3305851	1.0	2828	tags=39%, list=27%, signal=52%	
HP_KETONURIA	HP_KETONURIA		17	0.51707935	1.3040937	0.15247525	0.33015782	1.0	1335	tags=35%, list=13%, signal=40%	
GOBP_DIENCEPHALON_DEVELOPMENT	GOBP_DIENCEPHALON_DEVELOPMENT		15	0.5331547	1.303279	0.14723927	0.33134818	1.0	2346	tags=40%, list=22%, signal=51%	
GOBP_NEGATIVE_REGULATION_OF_CHROMOSOME_ORGANIZATION	GOBP_NEGATIVE_REGULATION_OF_CHROMOSOME_ORGANIZATION		75	0.37839067	1.3030146	0.0625	0.33143198	1.0	2685	tags=27%, list=26%, signal=36%	
GOBP_NEGATIVE_REGULATION_OF_RESPONSE_TO_DNA_DAMAGE_STIMULUS	GOBP_NEGATIVE_REGULATION_OF_RESPONSE_TO_DNA_DAMAGE_STIMULUS		60	0.3941464	1.3026816	0.09126984	0.33162776	1.0	1516	tags=18%, list=14%, signal=21%	
HP_TONGUE_FASCICULATIONS	HP_TONGUE_FASCICULATIONS		18	0.5110694	1.3022447	0.13487476	0.33204335	1.0	1797	tags=33%, list=17%, signal=40%	
HP_LEFT_VENTRICULAR_SYSTOLIC_DYSFUNCTION	HP_LEFT_VENTRICULAR_SYSTOLIC_DYSFUNCTION		16	0.5328239	1.3016514	0.15303983	0.33274361	1.0	2791	tags=44%, list=27%, signal=59%	
GOCC_H4_H2A_HISTONE_ACETYLTRANSFERASE_COMPLEX	GOCC_H4_H2A_HISTONE_ACETYLTRANSFERASE_COMPLEX		23	0.4774473	1.2981696	0.12055336	0.33951858	1.0	329	tags=13%, list=3%, signal=13%	
GOBP_NEGATIVE_REGULATION_OF_PROTEIN_DEPHOSPHORYLATION	GOBP_NEGATIVE_REGULATION_OF_PROTEIN_DEPHOSPHORYLATION		25	0.47322303	1.2979835	0.124497995	0.33940944	1.0	2842	tags=48%, list=27%, signal=66%	
GOBP_NEGATIVE_REGULATION_OF_MRNA_METABOLIC_PROCESS	GOBP_NEGATIVE_REGULATION_OF_MRNA_METABOLIC_PROCESS		67	0.3848037	1.2977487	0.08438819	0.33943123	1.0	1489	tags=25%, list=14%, signal=29%	
GOCC_NUCLEAR_SPECK	GOCC_NUCLEAR_SPECK		312	0.31838197	1.2971506	0.017582418	0.34018755	1.0	2534	tags=33%, list=24%, signal=42%	
GOMF_LIGASE_ACTIVITY_FORMING_CARBON_NITROGEN_BONDS	GOMF_LIGASE_ACTIVITY_FORMING_CARBON_NITROGEN_BONDS		35	0.4340617	1.2962893	0.11618257	0.34155414	1.0	2761	tags=51%, list=26%, signal=70%	
HP_BASAL_GANGLIA_CALCIFICATION	HP_BASAL_GANGLIA_CALCIFICATION		23	0.47363555	1.2949817	0.1375969	0.34384388	1.0	2786	tags=43%, list=27%, signal=59%	
HP_RENAL_HYPOPLASIA	HP_RENAL_HYPOPLASIA		73	0.3752629	1.2947215	0.078891255	0.34391132	1.0	1531	tags=21%, list=15%, signal=24%	
GOBP_PROTEIN_K63_LINKED_DEUBIQUITINATION	GOBP_PROTEIN_K63_LINKED_DEUBIQUITINATION		26	0.46016815	1.2941841	0.11585366	0.34455505	1.0	1451	tags=23%, list=14%, signal=27%	
GOBP_INFLAMMATORY_RESPONSE_TO_ANTIGENIC_STIMULUS	GOBP_INFLAMMATORY_RESPONSE_TO_ANTIGENIC_STIMULUS		32	0.44946957	1.2937745	0.10103093	0.34491274	1.0	1334	tags=28%, list=13%, signal=32%	
GOCC_MITOCHONDRIA_ASSOCIATED_ENDOPLASMIC_RETICULUM_MEMBRANE	GOCC_MITOCHONDRIA_ASSOCIATED_ENDOPLASMIC_RETICULUM_MEMBRANE		17	0.51961094	1.2937132	0.13865547	0.3445224	1.0	1998	tags=41%, list=19%, signal=51%	
HP_ABNORMAL_VENTRICULAR_SEPTUM_MORPHOLOGY	HP_ABNORMAL_VENTRICULAR_SEPTUM_MORPHOLOGY		315	0.31285694	1.2930484	0.004347826	0.34543607	1.0	2325	tags=30%, list=22%, signal=37%	
HP_CEREBRAL_WHITE_MATTER_ATROPHY	HP_CEREBRAL_WHITE_MATTER_ATROPHY		35	0.43481985	1.2916527	0.11022044	0.34786314	1.0	1752	tags=29%, list=17%, signal=34%	
GOMF_OXIDOREDUCTASE_ACTIVITY	GOMF_OXIDOREDUCTASE_ACTIVITY		405	0.30485627	1.2906054	0.008988764	0.3496607	1.0	2778	tags=36%, list=26%, signal=47%	
GOBP_REGULATION_OF_PROTEIN_STABILITY	GOBP_REGULATION_OF_PROTEIN_STABILITY		229	0.3219015	1.2874069	0.02536998	0.35613665	1.0	1542	tags=22%, list=15%, signal=25%	
HP_NEOPLASM_OF_THE_LARGE_INTESTINE	HP_NEOPLASM_OF_THE_LARGE_INTESTINE		83	0.37221694	1.2867706	0.07317073	0.3570403	1.0	2236	tags=35%, list=21%, signal=44%	
GOCC_COPII_COATED_ER_TO_GOLGI_TRANSPORT_VESICLE	GOCC_COPII_COATED_ER_TO_GOLGI_TRANSPORT_VESICLE		57	0.39677313	1.2856236	0.113871634	0.3589665	1.0	3274	tags=37%, list=31%, signal=53%	
GOMF_EXOGENOUS_PROTEIN_BINDING	GOMF_EXOGENOUS_PROTEIN_BINDING		40	0.424771	1.2850779	0.116630666	0.3596978	1.0	967	tags=23%, list=9%, signal=25%	
GOMF_MACROMOLECULE_TRANSMEMBRANE_TRANSPORTER_ACTIVITY	GOMF_MACROMOLECULE_TRANSMEMBRANE_TRANSPORTER_ACTIVITY		22	0.47510803	1.2845877	0.1278626	0.36019266	1.0	3178	tags=55%, list=30%, signal=78%	
HP_ABNORMALITY_OF_THE_MAXILLA	HP_ABNORMALITY_OF_THE_MAXILLA		77	0.37397718	1.2832317	0.07956989	0.3626399	1.0	471	tags=10%, list=4%, signal=11%	
GOBP_MONOUBIQUITINATED_PROTEIN_DEUBIQUITINATION	GOBP_MONOUBIQUITINATED_PROTEIN_DEUBIQUITINATION		30	0.44275242	1.2817174	0.122	0.3654741	1.0	2506	tags=40%, list=24%, signal=52%	
GOBP_DEOXYRIBONUCLEOSIDE_MONOPHOSPHATE_METABOLIC_PROCESS	GOBP_DEOXYRIBONUCLEOSIDE_MONOPHOSPHATE_METABOLIC_PROCESS		15	0.5188243	1.2804325	0.18446602	0.36777684	1.0	1744	tags=40%, list=17%, signal=48%	
GOBP_RNA_STABILIZATION	GOBP_RNA_STABILIZATION		43	0.41774154	1.280082	0.1009901	0.3679946	1.0	1049	tags=26%, list=10%, signal=28%	
GOBP_NEGATIVE_REGULATION_OF_EPITHELIAL_CELL_DIFFERENTIATION	GOBP_NEGATIVE_REGULATION_OF_EPITHELIAL_CELL_DIFFERENTIATION		16	0.510972	1.2798879	0.15768462	0.36787593	1.0	1985	tags=56%, list=19%, signal=69%	
GOBP_HISTONE_H4_ACETYLATION	GOBP_HISTONE_H4_ACETYLATION		64	0.38626102	1.2781603	0.09704641	0.37138334	1.0	2606	tags=34%, list=25%, signal=45%	
GOBP_CENTRAL_NERVOUS_SYSTEM_NEURON_DEVELOPMENT	GOBP_CENTRAL_NERVOUS_SYSTEM_NEURON_DEVELOPMENT		30	0.4481363	1.2771903	0.13590264	0.37311167	1.0	657	tags=20%, list=6%, signal=21%	
GOBP_REGULATION_OF_MRNA_CATABOLIC_PROCESS	GOBP_REGULATION_OF_MRNA_CATABOLIC_PROCESS		135	0.34424785	1.2771595	0.028747434	0.37266114	1.0	2220	tags=33%, list=21%, signal=41%	
HP_NAIL_DYSTROPHY	HP_NAIL_DYSTROPHY		68	0.3760251	1.2764608	0.09053498	0.3737844	1.0	703	tags=15%, list=7%, signal=16%	
GOBP_PROTEIN_LOCALIZATION_TO_CONDENSED_CHROMOSOME	GOBP_PROTEIN_LOCALIZATION_TO_CONDENSED_CHROMOSOME		17	0.51412857	1.2755612	0.16135085	0.37537912	1.0	240	tags=6%, list=2%, signal=6%	
GOBP_REGULATION_OF_INTRINSIC_APOPTOTIC_SIGNALING_PATHWAY	GOBP_REGULATION_OF_INTRINSIC_APOPTOTIC_SIGNALING_PATHWAY		116	0.35063258	1.2752602	0.06387665	0.37551552	1.0	1516	tags=24%, list=14%, signal=28%	
GOBP_NEGATIVE_REGULATION_OF_CELLULAR_PROTEIN_CATABOLIC_PROCESS	GOBP_NEGATIVE_REGULATION_OF_CELLULAR_PROTEIN_CATABOLIC_PROCESS		52	0.3988865	1.2745122	0.096339114	0.37666765	1.0	1662	tags=25%, list=16%, signal=30%	
HP_ORGANIC_ACIDURIA	HP_ORGANIC_ACIDURIA		62	0.3846749	1.2729244	0.07489879	0.3797501	1.0	3318	tags=52%, list=32%, signal=75%	
HP_ABNORMAL_CARDIAC_ATRIUM_MORPHOLOGY	HP_ABNORMAL_CARDIAC_ATRIUM_MORPHOLOGY		318	0.31048778	1.2728349	0.009111618	0.37942377	1.0	2284	tags=28%, list=22%, signal=35%	
GOCC_RESPIRATORY_CHAIN_COMPLEX_IV	GOCC_RESPIRATORY_CHAIN_COMPLEX_IV		16	0.5101884	1.271609	0.15250966	0.38170996	1.0	2755	tags=56%, list=26%, signal=76%	
GOBP_REGULATION_OF_OLIGODENDROCYTE_DIFFERENTIATION	GOBP_REGULATION_OF_OLIGODENDROCYTE_DIFFERENTIATION		17	0.5107386	1.271499	0.17190388	0.38141274	1.0	2828	tags=47%, list=27%, signal=64%	
GOBP_B_CELL_MEDIATED_IMMUNITY	GOBP_B_CELL_MEDIATED_IMMUNITY		68	0.37366128	1.2699094	0.0960334	0.38459608	1.0	256	tags=13%, list=2%, signal=13%	
GOBP_REGULATION_OF_DNA_DAMAGE_RESPONSE_SIGNAL_TRANSDUCTION_BY_P53_CLASS_MEDIATOR	GOBP_REGULATION_OF_DNA_DAMAGE_RESPONSE_SIGNAL_TRANSDUCTION_BY_P53_CLASS_MEDIATOR		23	0.4693022	1.2697229	0.16306484	0.3844833	1.0	1819	tags=26%, list=17%, signal=31%	
HP_LEUKOPENIA	HP_LEUKOPENIA		99	0.3547466	1.2682605	0.07096774	0.38740212	1.0	2022	tags=31%, list=19%, signal=38%	
GOBP_NEGATIVE_REGULATION_OF_INTERFERON_GAMMA_PRODUCTION	GOBP_NEGATIVE_REGULATION_OF_INTERFERON_GAMMA_PRODUCTION		20	0.48702422	1.2680496	0.14545454	0.3873461	1.0	1230	tags=25%, list=12%, signal=28%	
HP_SPINAL_MUSCULAR_ATROPHY	HP_SPINAL_MUSCULAR_ATROPHY		19	0.4901026	1.2672628	0.15953307	0.38871577	1.0	1014	tags=21%, list=10%, signal=23%	
HP_PTERYGIUM	HP_PTERYGIUM		21	0.4720553	1.2662698	0.16792452	0.39045036	1.0	1573	tags=29%, list=15%, signal=34%	
GOBP_BLASTOCYST_DEVELOPMENT	GOBP_BLASTOCYST_DEVELOPMENT		74	0.37365633	1.2657024	0.07770961	0.39124605	1.0	2242	tags=32%, list=21%, signal=41%	
GOBP_RESPONSE_TO_INTERLEUKIN_4	GOBP_RESPONSE_TO_INTERLEUKIN_4		24	0.45023727	1.263061	0.14643545	0.39699596	1.0	1176	tags=42%, list=11%, signal=47%	
HP_PERIVENTRICULAR_LEUKOMALACIA	HP_PERIVENTRICULAR_LEUKOMALACIA		27	0.4554242	1.2626499	0.13692947	0.39742896	1.0	2707	tags=41%, list=26%, signal=55%	
HP_TELANGIECTASIA_OF_THE_SKIN	HP_TELANGIECTASIA_OF_THE_SKIN		57	0.38591948	1.2622637	0.09915612	0.39777714	1.0	255	tags=12%, list=2%, signal=13%	
HP_ADENOMA_SEBACEUM	HP_ADENOMA_SEBACEUM		17	0.5062773	1.2622546	0.17283951	0.39724582	1.0	2935	tags=59%, list=28%, signal=81%	
HP_LEUKEMIA	HP_LEUKEMIA		118	0.34685203	1.2618681	0.051282052	0.39760798	1.0	2524	tags=35%, list=24%, signal=45%	
HP_ABNORMAL_MACROSCOPIC_URINE_APPEARANCE	HP_ABNORMAL_MACROSCOPIC_URINE_APPEARANCE		31	0.4382807	1.2613529	0.14688128	0.39824185	1.0	3296	tags=52%, list=31%, signal=75%	
GOMF_HELICASE_ACTIVITY	GOMF_HELICASE_ACTIVITY		139	0.33388788	1.2613398	0.06140351	0.3977223	1.0	1508	tags=21%, list=14%, signal=24%	
GOBP_HISTONE_H3_K4_TRIMETHYLATION	GOBP_HISTONE_H3_K4_TRIMETHYLATION		18	0.49768317	1.260303	0.16344085	0.39960116	1.0	2077	tags=33%, list=20%, signal=41%	
HP_FOCAL_T2_HYPERINTENSE_BRAINSTEM_LESION	HP_FOCAL_T2_HYPERINTENSE_BRAINSTEM_LESION		28	0.44556445	1.2600476	0.158	0.39963013	1.0	3483	tags=61%, list=33%, signal=91%	
GOBP_KERATINOCYTE_PROLIFERATION	GOBP_KERATINOCYTE_PROLIFERATION		16	0.5241788	1.2597427	0.17575757	0.39978155	1.0	296	tags=19%, list=3%, signal=19%	
GOCC_PROTEIN_DNA_COMPLEX	GOCC_PROTEIN_DNA_COMPLEX		103	0.35033113	1.2593776	0.06864989	0.4001682	1.0	1985	tags=24%, list=19%, signal=30%	
GOBP_DNA_REPLICATION_INDEPENDENT_CHROMATIN_ORGANIZATION	GOBP_DNA_REPLICATION_INDEPENDENT_CHROMATIN_ORGANIZATION		17	0.50470763	1.2589593	0.18664047	0.400678	1.0	1562	tags=24%, list=15%, signal=28%	
GOBP_FERTILIZATION	GOBP_FERTILIZATION		61	0.37945068	1.2582797	0.10621242	0.4017303	1.0	2411	tags=38%, list=23%, signal=49%	
GOMF_CARBOXYLIC_ACID_BINDING	GOMF_CARBOXYLIC_ACID_BINDING		62	0.37684384	1.257972	0.11065574	0.40194282	1.0	641	tags=15%, list=6%, signal=15%	
GOCC_ROUGH_ENDOPLASMIC_RETICULUM	GOCC_ROUGH_ENDOPLASMIC_RETICULUM		51	0.39395425	1.2564236	0.116935484	0.40497574	1.0	2118	tags=33%, list=20%, signal=42%	
GOCC_HETEROCHROMATIN	GOCC_HETEROCHROMATIN		49	0.40104142	1.2563206	0.12681913	0.4046614	1.0	1348	tags=24%, list=13%, signal=28%	
GOBP_POSTREPLICATION_REPAIR	GOBP_POSTREPLICATION_REPAIR		31	0.43247592	1.256013	0.15019763	0.40490755	1.0	3291	tags=45%, list=31%, signal=66%	
GOBP_MITOCHONDRIAL_CYTOCHROME_C_OXIDASE_ASSEMBLY	GOBP_MITOCHONDRIAL_CYTOCHROME_C_OXIDASE_ASSEMBLY		18	0.4924606	1.2559468	0.18126273	0.40450448	1.0	2979	tags=44%, list=28%, signal=62%	
GOMF_TRANSCRIPTION_FACTOR_BINDING	GOMF_TRANSCRIPTION_FACTOR_BINDING		430	0.29783586	1.2554538	0.010940919	0.40511304	1.0	2199	tags=26%, list=21%, signal=32%	
HP_PRIMARY_MICROCEPHALY	HP_PRIMARY_MICROCEPHALY		32	0.43484303	1.2553638	0.13765182	0.40478328	1.0	1985	tags=34%, list=19%, signal=42%	
GOCC_INO80_COMPLEX	GOCC_INO80_COMPLEX		15	0.51380575	1.2550365	0.192	0.40506494	1.0	329	tags=20%, list=3%, signal=21%	
GOCC_INO80_TYPE_COMPLEX	GOCC_INO80_TYPE_COMPLEX		26	0.4579267	1.2541142	0.146	0.40672666	1.0	329	tags=15%, list=3%, signal=16%	
GOBP_REGULATION_OF_DNA_STRAND_ELONGATION	GOBP_REGULATION_OF_DNA_STRAND_ELONGATION		16	0.5060877	1.2539513	0.17165668	0.4065779	1.0	329	tags=19%, list=3%, signal=19%	
GOCC_PIGMENT_GRANULE	GOCC_PIGMENT_GRANULE		85	0.3559214	1.2538437	0.086519115	0.40629965	1.0	1307	tags=26%, list=12%, signal=29%	
GOBP_PROTEIN_COMPLEX_OLIGOMERIZATION	GOBP_PROTEIN_COMPLEX_OLIGOMERIZATION		133	0.33493736	1.2535775	0.06638116	0.4064122	1.0	1064	tags=17%, list=10%, signal=19%	
GOBP_NEGATIVE_REGULATION_OF_INTRINSIC_APOPTOTIC_SIGNALING_PATHWAY	GOBP_NEGATIVE_REGULATION_OF_INTRINSIC_APOPTOTIC_SIGNALING_PATHWAY		71	0.3697672	1.2524754	0.098393574	0.40856013	1.0	2627	tags=42%, list=25%, signal=56%	
HP_SUPERNUMERARY_NIPPLE	HP_SUPERNUMERARY_NIPPLE		28	0.44939694	1.2524372	0.16135459	0.4081062	1.0	1863	tags=29%, list=18%, signal=35%	
HP_CELLULAR_IMMUNODEFICIENCY	HP_CELLULAR_IMMUNODEFICIENCY		31	0.4331389	1.251559	0.15643564	0.4097163	1.0	2704	tags=48%, list=26%, signal=65%	
HP_SHORT_PHILTRUM	HP_SHORT_PHILTRUM		136	0.3327403	1.2514501	0.07236842	0.40943706	1.0	1121	tags=13%, list=11%, signal=14%	
GOBP_REGULATION_OF_HISTONE_H3_K4_METHYLATION	GOBP_REGULATION_OF_HISTONE_H3_K4_METHYLATION		33	0.42695636	1.2510313	0.14807302	0.4099033	1.0	2520	tags=33%, list=24%, signal=44%	
GOMF_N_ACETYLTRANSFERASE_ACTIVITY	GOMF_N_ACETYLTRANSFERASE_ACTIVITY		49	0.3919196	1.250899	0.12391304	0.409658	1.0	1516	tags=22%, list=14%, signal=26%	
HP_HYPOPLASTIC_TOENAILS	HP_HYPOPLASTIC_TOENAILS		49	0.39458588	1.250816	0.12209302	0.4093054	1.0	3480	tags=55%, list=33%, signal=82%	
GOMF_SINGLE_STRANDED_DNA_HELICASE_ACTIVITY	GOMF_SINGLE_STRANDED_DNA_HELICASE_ACTIVITY		23	0.47224325	1.2506354	0.1663158	0.40917465	1.0	4424	tags=83%, list=42%, signal=142%	
HP_RESPIRATORY_DISTRESS	HP_RESPIRATORY_DISTRESS		106	0.34773403	1.2500397	0.071570575	0.41007683	1.0	2822	tags=42%, list=27%, signal=57%	
GOBP_FOREBRAIN_NEURON_DIFFERENTIATION	GOBP_FOREBRAIN_NEURON_DIFFERENTIATION		16	0.5065353	1.2495874	0.18786693	0.41063905	1.0	657	tags=25%, list=6%, signal=27%	
HP_RENAL_TUBULAR_ACIDOSIS	HP_RENAL_TUBULAR_ACIDOSIS		25	0.44903973	1.2494112	0.15120968	0.4104899	1.0	1683	tags=32%, list=16%, signal=38%	
GOBP_RIBONUCLEOSIDE_DIPHOSPHATE_METABOLIC_PROCESS	GOBP_RIBONUCLEOSIDE_DIPHOSPHATE_METABOLIC_PROCESS		76	0.36958045	1.2494072	0.0911017	0.40995288	1.0	1334	tags=22%, list=13%, signal=25%	
GOBP_INTRINSIC_APOPTOTIC_SIGNALING_PATHWAY_BY_P53_CLASS_MEDIATOR	GOBP_INTRINSIC_APOPTOTIC_SIGNALING_PATHWAY_BY_P53_CLASS_MEDIATOR		59	0.38332304	1.2492243	0.11394892	0.40986457	1.0	1852	tags=27%, list=18%, signal=33%	
HP_MINIMAL_CHANGE_GLOMERULONEPHRITIS	HP_MINIMAL_CHANGE_GLOMERULONEPHRITIS		21	0.47685874	1.2491553	0.1680162	0.40949738	1.0	1749	tags=33%, list=17%, signal=40%	
HP_PSYCHOMOTOR_RETARDATION	HP_PSYCHOMOTOR_RETARDATION		71	0.3716607	1.2474284	0.115720525	0.4132028	1.0	2822	tags=45%, list=27%, signal=61%	
GOBP_DNA_REPLICATION_INITIATION	GOBP_DNA_REPLICATION_INITIATION		35	0.42019427	1.2470766	0.11764706	0.41352	1.0	4580	tags=74%, list=44%, signal=131%	
GOMF_OXIDOREDUCTASE_ACTIVITY_ACTING_ON_THE_CH_CH_GROUP_OF_DONORS	GOMF_OXIDOREDUCTASE_ACTIVITY_ACTING_ON_THE_CH_CH_GROUP_OF_DONORS		46	0.39829603	1.2470039	0.13709678	0.4131451	1.0	2554	tags=39%, list=24%, signal=51%	
GOBP_PURINE_NUCLEOSIDE_METABOLIC_PROCESS	GOBP_PURINE_NUCLEOSIDE_METABOLIC_PROCESS		16	0.5044001	1.2468314	0.19642857	0.41301557	1.0	1744	tags=25%, list=17%, signal=30%	
GOBP_DNA_DEALKYLATION	GOBP_DNA_DEALKYLATION		20	0.46843514	1.2467403	0.15009746	0.41272104	1.0	2191	tags=35%, list=21%, signal=44%	
GOBP_HISTONE_METHYLATION	GOBP_HISTONE_METHYLATION		120	0.33870065	1.2464811	0.084886126	0.41279384	1.0	2077	tags=25%, list=20%, signal=31%	
GOBP_RIBONUCLEOSIDE_TRIPHOSPHATE_BIOSYNTHETIC_PROCESS	GOBP_RIBONUCLEOSIDE_TRIPHOSPHATE_BIOSYNTHETIC_PROCESS		33	0.41896474	1.2452153	0.15257733	0.41529578	1.0	1335	tags=27%, list=13%, signal=31%	
GOBP_RESPONSE_TO_INTERFERON_GAMMA	GOBP_RESPONSE_TO_INTERFERON_GAMMA		68	0.3733714	1.245086	0.10940499	0.41508263	1.0	1183	tags=22%, list=11%, signal=25%	
GOBP_REGULATION_OF_T_HELPER_CELL_DIFFERENTIATION	GOBP_REGULATION_OF_T_HELPER_CELL_DIFFERENTIATION		25	0.45900744	1.2434072	0.17635658	0.41854534	1.0	699	tags=24%, list=7%, signal=26%	
HP_WORMIAN_BONES	HP_WORMIAN_BONES		27	0.4445071	1.2431543	0.16502947	0.41859117	1.0	2048	tags=33%, list=19%, signal=41%	
HP_SMALL_EARLOBE	HP_SMALL_EARLOBE		16	0.50408345	1.2422627	0.18426104	0.4202094	1.0	1650	tags=31%, list=16%, signal=37%	
GOBP_CELL_FATE_COMMITMENT	GOBP_CELL_FATE_COMMITMENT		71	0.3660508	1.2414166	0.12573674	0.4217411	1.0	1523	tags=23%, list=14%, signal=26%	
HP_SMALL_FOR_GESTATIONAL_AGE	HP_SMALL_FOR_GESTATIONAL_AGE		143	0.32978103	1.2412599	0.07249467	0.4215869	1.0	2037	tags=27%, list=19%, signal=33%	
HP_BRISK_REFLEXES	HP_BRISK_REFLEXES		35	0.41221264	1.2408513	0.14712153	0.4220825	1.0	1094	tags=23%, list=10%, signal=25%	
GOBP_NEGATIVE_REGULATION_OF_TELOMERE_MAINTENANCE_VIA_TELOMERE_LENGTHENING	GOBP_NEGATIVE_REGULATION_OF_TELOMERE_MAINTENANCE_VIA_TELOMERE_LENGTHENING		22	0.45590308	1.2402912	0.1848249	0.42295924	1.0	2637	tags=36%, list=25%, signal=48%	
GOBP_NEGATIVE_REGULATION_OF_UBIQUITIN_PROTEIN_TRANSFERASE_ACTIVITY	GOBP_NEGATIVE_REGULATION_OF_UBIQUITIN_PROTEIN_TRANSFERASE_ACTIVITY		21	0.46020347	1.240013	0.17791411	0.42307818	1.0	2394	tags=48%, list=23%, signal=62%	
HP_MODERATE_GLOBAL_DEVELOPMENTAL_DELAY	HP_MODERATE_GLOBAL_DEVELOPMENTAL_DELAY		15	0.51637995	1.2394512	0.178	0.42384493	1.0	1845	tags=40%, list=18%, signal=48%	
GOBP_POSITIVE_REGULATION_OF_INTERLEUKIN_12_PRODUCTION	GOBP_POSITIVE_REGULATION_OF_INTERLEUKIN_12_PRODUCTION		22	0.46683443	1.2390237	0.19193858	0.42435244	1.0	953	tags=23%, list=9%, signal=25%	
GOBP_NUCLEOSOME_MOBILIZATION	GOBP_NUCLEOSOME_MOBILIZATION		21	0.4639163	1.2388557	0.16829745	0.42420772	1.0	2565	tags=43%, list=24%, signal=57%	
GOBP_NEGATIVE_REGULATION_OF_CELLULAR_MACROMOLECULE_BIOSYNTHETIC_PROCESS	GOBP_NEGATIVE_REGULATION_OF_CELLULAR_MACROMOLECULE_BIOSYNTHETIC_PROCESS		198	0.31743652	1.2384386	0.026966292	0.4246402	1.0	2220	tags=31%, list=21%, signal=38%	
HP_HIATUS_HERNIA	HP_HIATUS_HERNIA		16	0.5051762	1.2383434	0.18860511	0.4243362	1.0	932	tags=31%, list=9%, signal=34%	
GOBP_RESPONSE_TO_ALKALOID	GOBP_RESPONSE_TO_ALKALOID		45	0.39725107	1.237864	0.13855422	0.42497548	1.0	1585	tags=31%, list=15%, signal=36%	
GOBP_L_ALPHA_AMINO_ACID_TRANSMEMBRANE_TRANSPORT	GOBP_L_ALPHA_AMINO_ACID_TRANSMEMBRANE_TRANSPORT		29	0.43313	1.2365216	0.18012422	0.42783687	1.0	1951	tags=38%, list=19%, signal=46%	
GOBP_TRANSCRIPTION_PREINITIATION_COMPLEX_ASSEMBLY	GOBP_TRANSCRIPTION_PREINITIATION_COMPLEX_ASSEMBLY		35	0.416421	1.2363267	0.18724279	0.42775366	1.0	2847	tags=46%, list=27%, signal=62%	
GOBP_REGULATION_OF_IMMUNOGLOBULIN_PRODUCTION	GOBP_REGULATION_OF_IMMUNOGLOBULIN_PRODUCTION		45	0.39875802	1.2355368	0.14345992	0.42919672	1.0	256	tags=16%, list=2%, signal=16%	
GOBP_RESPONSE_TO_GAMMA_RADIATION	GOBP_RESPONSE_TO_GAMMA_RADIATION		47	0.3938702	1.2354387	0.13588111	0.42892772	1.0	1334	tags=23%, list=13%, signal=27%	
GOBP_HUMORAL_IMMUNE_RESPONSE	GOBP_HUMORAL_IMMUNE_RESPONSE		57	0.3814277	1.2351263	0.13569938	0.42917255	1.0	1075	tags=23%, list=10%, signal=25%	
GOBP_REGULATION_OF_MITOTIC_NUCLEAR_DIVISION	GOBP_REGULATION_OF_MITOTIC_NUCLEAR_DIVISION		80	0.35431552	1.2350148	0.10699589	0.4289346	1.0	2560	tags=24%, list=24%, signal=31%	
GOBP_FC_RECEPTOR_MEDIATED_STIMULATORY_SIGNALING_PATHWAY	GOBP_FC_RECEPTOR_MEDIATED_STIMULATORY_SIGNALING_PATHWAY		22	0.469309	1.23495	0.1724138	0.42853987	1.0	385	tags=18%, list=4%, signal=19%	
HP_HYPERGONADOTROPIC_HYPOGONADISM	HP_HYPERGONADOTROPIC_HYPOGONADISM		33	0.41165084	1.2345141	0.15957446	0.42905745	1.0	1141	tags=18%, list=11%, signal=20%	
GOBP_REGULATION_OF_TRANSLATION_IN_RESPONSE_TO_STRESS	GOBP_REGULATION_OF_TRANSLATION_IN_RESPONSE_TO_STRESS		19	0.47744682	1.2332544	0.19178082	0.43163657	1.0	1271	tags=21%, list=12%, signal=24%	
GOBP_NEPHRON_MORPHOGENESIS	GOBP_NEPHRON_MORPHOGENESIS		20	0.46948746	1.2327768	0.17898832	0.43233263	1.0	1985	tags=40%, list=19%, signal=49%	
GOBP_PROTEIN_DNA_COMPLEX_SUBUNIT_ORGANIZATION	GOBP_PROTEIN_DNA_COMPLEX_SUBUNIT_ORGANIZATION		145	0.3236977	1.2324733	0.07311828	0.43252692	1.0	2565	tags=28%, list=24%, signal=36%	
HP_ANTENATAL_ONSET	HP_ANTENATAL_ONSET		23	0.45692152	1.2321889	0.17922607	0.4327008	1.0	1800	tags=39%, list=17%, signal=47%	
GOBP_FIBROBLAST_PROLIFERATION	GOBP_FIBROBLAST_PROLIFERATION		45	0.39275992	1.2320501	0.12525253	0.43252954	1.0	1183	tags=18%, list=11%, signal=20%	
HP_ORAL_CLEFT	HP_ORAL_CLEFT		373	0.29484293	1.230918	0.016736401	0.4347991	1.0	2048	tags=23%, list=19%, signal=27%	
GOBP_POSITIVE_REGULATION_OF_HISTONE_H3_K4_METHYLATION	GOBP_POSITIVE_REGULATION_OF_HISTONE_H3_K4_METHYLATION		25	0.43728805	1.230883	0.15612648	0.43433943	1.0	2520	tags=36%, list=24%, signal=47%	
HP_RENAL_HYPOPLASIA_APLASIA	HP_RENAL_HYPOPLASIA_APLASIA		193	0.31473297	1.2302823	0.041484717	0.43530878	1.0	2022	tags=23%, list=19%, signal=28%	
HP_ABNORMAL_SOFT_PALATE_MORPHOLOGY	HP_ABNORMAL_SOFT_PALATE_MORPHOLOGY		157	0.32464272	1.2296671	0.072289154	0.4363542	1.0	2279	tags=31%, list=22%, signal=38%	
HP_ABNORMAL_MITOCHONDRIAL_MORPHOLOGY	HP_ABNORMAL_MITOCHONDRIAL_MORPHOLOGY		16	0.4923808	1.229582	0.21792261	0.4360143	1.0	1788	tags=31%, list=17%, signal=38%	
GOBP_PYRIMIDINE_NUCLEOSIDE_TRIPHOSPHATE_METABOLIC_PROCESS	GOBP_PYRIMIDINE_NUCLEOSIDE_TRIPHOSPHATE_METABOLIC_PROCESS		19	0.47502398	1.2286165	0.21975806	0.43790445	1.0	1009	tags=37%, list=10%, signal=41%	
HP_ABNORMAL_CIRCULATING_NUCLEOBASE_CONCENTRATION	HP_ABNORMAL_CIRCULATING_NUCLEOBASE_CONCENTRATION		22	0.461544	1.2277389	0.16530612	0.43961135	1.0	1619	tags=32%, list=15%, signal=38%	
GOMF_ATP_DEPENDENT_ACTIVITY	GOMF_ATP_DEPENDENT_ACTIVITY		369	0.2936434	1.2276627	0.025171624	0.43926883	1.0	1889	tags=22%, list=18%, signal=26%	
HP_SHORT_PALPEBRAL_FISSURE	HP_SHORT_PALPEBRAL_FISSURE		69	0.36821726	1.2273861	0.13721414	0.4394423	1.0	954	tags=13%, list=9%, signal=14%	
GOBP_RESPONSE_TO_IONIZING_RADIATION	GOBP_RESPONSE_TO_IONIZING_RADIATION		112	0.3379727	1.2269838	0.1187905	0.4399443	1.0	1334	tags=16%, list=13%, signal=18%	
GOBP_RETINOIC_ACID_RECEPTOR_SIGNALING_PATHWAY	GOBP_RETINOIC_ACID_RECEPTOR_SIGNALING_PATHWAY		16	0.4975572	1.2253406	0.19038077	0.44365248	1.0	589	tags=19%, list=6%, signal=20%	
GOBP_REGULATION_OF_MORPHOGENESIS_OF_AN_EPITHELIUM	GOBP_REGULATION_OF_MORPHOGENESIS_OF_AN_EPITHELIUM		18	0.47987658	1.2240832	0.21242484	0.4462489	1.0	2116	tags=39%, list=20%, signal=49%	
HP_NEOPLASM_OF_THE_RESPIRATORY_SYSTEM	HP_NEOPLASM_OF_THE_RESPIRATORY_SYSTEM		43	0.3925104	1.2240745	0.14102565	0.44571304	1.0	2579	tags=37%, list=25%, signal=49%	
GOBP_VIRAL_RNA_GENOME_REPLICATION	GOBP_VIRAL_RNA_GENOME_REPLICATION		21	0.4595298	1.2240108	0.2	0.44533753	1.0	2242	tags=43%, list=21%, signal=54%	
HP_ABNORMAL_CIRCULATING_GLYCINE_CONCENTRATION	HP_ABNORMAL_CIRCULATING_GLYCINE_CONCENTRATION		15	0.5038116	1.2239326	0.21135029	0.44495413	1.0	1788	tags=33%, list=17%, signal=40%	
HP_PROGRESSIVE	HP_PROGRESSIVE		182	0.3137281	1.2229855	0.05034325	0.44682544	1.0	1898	tags=24%, list=18%, signal=28%	
GOBP_CELLULAR_RESPONSE_TO_HEAT	GOBP_CELLULAR_RESPONSE_TO_HEAT		45	0.3948378	1.2222966	0.16067654	0.4480256	1.0	1189	tags=24%, list=11%, signal=27%	
HP_APLASIA_HYPOPLASIA_OF_THE_EYELID	HP_APLASIA_HYPOPLASIA_OF_THE_EYELID		23	0.4561995	1.2220696	0.18108653	0.44806856	1.0	1500	tags=39%, list=14%, signal=46%	
GOMF_OXIDOREDUCTASE_ACTIVITY_ACTING_ON_NAD_P_H	GOMF_OXIDOREDUCTASE_ACTIVITY_ACTING_ON_NAD_P_H		59	0.3699497	1.2212583	0.12401575	0.4495989	1.0	3483	tags=58%, list=33%, signal=86%	
GOCC_ATPASE_COMPLEX	GOCC_ATPASE_COMPLEX		75	0.3601864	1.2209945	0.1301653	0.4497437	1.0	2565	tags=28%, list=24%, signal=37%	
HP_HYPOPLASTIC_FACIAL_BONES	HP_HYPOPLASTIC_FACIAL_BONES		39	0.40281478	1.2207339	0.15853658	0.44990113	1.0	1002	tags=18%, list=10%, signal=20%	
GOBP_POSITIVE_REGULATION_OF_DNA_RECOMBINATION	GOBP_POSITIVE_REGULATION_OF_DNA_RECOMBINATION		56	0.37624007	1.2200924	0.14346895	0.4510207	1.0	329	tags=9%, list=3%, signal=9%	
HP_DIFFUSE_MESANGIAL_SCLEROSIS	HP_DIFFUSE_MESANGIAL_SCLEROSIS		23	0.44558674	1.219924	0.18962076	0.45091176	1.0	3296	tags=57%, list=31%, signal=82%	
GOBP_POSITIVE_REGULATION_OF_CELL_POPULATION_PROLIFERATION	GOBP_POSITIVE_REGULATION_OF_CELL_POPULATION_PROLIFERATION		421	0.28870994	1.2194977	0.028888889	0.4514702	1.0	1299	tags=18%, list=12%, signal=20%	
HP_FETAL_DISTRESS	HP_FETAL_DISTRESS		35	0.415732	1.2186525	0.16421053	0.4530509	1.0	1602	tags=29%, list=15%, signal=34%	
HP_ENCEPHALOPATHY	HP_ENCEPHALOPATHY		189	0.3116576	1.2178835	0.06910569	0.4545192	1.0	2272	tags=29%, list=22%, signal=36%	
HP_ABNORMALITY_OF_THE_TONSILS	HP_ABNORMALITY_OF_THE_TONSILS		19	0.47653428	1.2170053	0.20808081	0.45623636	1.0	1889	tags=37%, list=18%, signal=45%	
HP_DELAYED_MYELINATION	HP_DELAYED_MYELINATION		157	0.31665733	1.2167387	0.09148936	0.45637524	1.0	2281	tags=31%, list=22%, signal=39%	
HP_APLASIA_HYPOPLASIA_OF_FINGERS	HP_APLASIA_HYPOPLASIA_OF_FINGERS		208	0.30702403	1.2164947	0.05487805	0.45639172	1.0	2123	tags=24%, list=20%, signal=30%	
GOBP_REGULATION_OF_CD4_POSITIVE_ALPHA_BETA_T_CELL_DIFFERENTIATION	GOBP_REGULATION_OF_CD4_POSITIVE_ALPHA_BETA_T_CELL_DIFFERENTIATION		37	0.40501672	1.2161896	0.16563147	0.4566311	1.0	953	tags=24%, list=9%, signal=27%	
GOMF_CELL_ADHESION_MOLECULE_BINDING	GOMF_CELL_ADHESION_MOLECULE_BINDING		298	0.29578078	1.2160227	0.03805497	0.45648968	1.0	1206	tags=20%, list=11%, signal=22%	
GOBP_RNA_POLYADENYLATION	GOBP_RNA_POLYADENYLATION		41	0.39184907	1.2159317	0.1573499	0.45615616	1.0	3484	tags=51%, list=33%, signal=76%	
GOCC_CHROMOSOME_TELOMERIC_REGION	GOCC_CHROMOSOME_TELOMERIC_REGION		126	0.32977945	1.2156184	0.081419624	0.45642415	1.0	2309	tags=27%, list=22%, signal=34%	
HP_PALLOR	HP_PALLOR		97	0.34180227	1.2147357	0.11336032	0.45814726	1.0	2570	tags=40%, list=24%, signal=53%	
HP_URETHRAL_STENOSIS	HP_URETHRAL_STENOSIS		32	0.41405872	1.2141716	0.18540435	0.4590649	1.0	112	tags=13%, list=1%, signal=13%	
GOBP_POSITIVE_REGULATION_OF_INTRINSIC_APOPTOTIC_SIGNALING_PATHWAY	GOBP_POSITIVE_REGULATION_OF_INTRINSIC_APOPTOTIC_SIGNALING_PATHWAY		39	0.40268752	1.2132047	0.19444445	0.46105963	1.0	1183	tags=18%, list=11%, signal=20%	
HP_BLEPHAROPHIMOSIS	HP_BLEPHAROPHIMOSIS		114	0.3337522	1.211435	0.104700856	0.46508172	1.0	2187	tags=25%, list=21%, signal=32%	
GOBP_REGULATION_OF_MYOTUBE_DIFFERENTIATION	GOBP_REGULATION_OF_MYOTUBE_DIFFERENTIATION		18	0.47876763	1.2109706	0.19269776	0.46574354	1.0	1075	tags=17%, list=10%, signal=19%	
HP_APLASIA_HYPOPLASIA_OF_THE_UTERUS	HP_APLASIA_HYPOPLASIA_OF_THE_UTERUS		34	0.41463983	1.21095	0.15400411	0.46523717	1.0	1292	tags=26%, list=12%, signal=30%	
GOBP_NUCLEAR_TRANSCRIBED_MRNA_CATABOLIC_PROCESS_DEADENYLATION_DEPENDENT_DECAY	GOBP_NUCLEAR_TRANSCRIBED_MRNA_CATABOLIC_PROCESS_DEADENYLATION_DEPENDENT_DECAY		51	0.3825402	1.2095944	0.16839917	0.46820113	1.0	2220	tags=35%, list=21%, signal=45%	
GOBP_COPPER_ION_HOMEOSTASIS	GOBP_COPPER_ION_HOMEOSTASIS		15	0.4952243	1.2088697	0.19354838	0.469471	1.0	3672	tags=60%, list=35%, signal=92%	
HP_ANEMIA_OF_INADEQUATE_PRODUCTION	HP_ANEMIA_OF_INADEQUATE_PRODUCTION		131	0.32676452	1.2084539	0.09090909	0.47002193	1.0	2376	tags=36%, list=23%, signal=46%	
GOBP_CELL_RECOGNITION	GOBP_CELL_RECOGNITION		52	0.37391216	1.2083532	0.16363636	0.46972087	1.0	1309	tags=27%, list=12%, signal=31%	
HP_LOW_ANTERIOR_HAIRLINE	HP_LOW_ANTERIOR_HAIRLINE		96	0.33572474	1.2077377	0.1199187	0.47083884	1.0	2022	tags=28%, list=19%, signal=35%	
GOMF_PEPTIDASE_ACTIVITY	GOMF_PEPTIDASE_ACTIVITY		283	0.2967772	1.2069628	0.05506608	0.4722705	1.0	2585	tags=33%, list=25%, signal=42%	
HP_ABNORMAL_EYELID_PHYSIOLOGY	HP_ABNORMAL_EYELID_PHYSIOLOGY		20	0.46971628	1.2066665	0.22061856	0.4724822	1.0	3116	tags=50%, list=30%, signal=71%	
HP_CLEFT_UPPER_LIP	HP_CLEFT_UPPER_LIP		83	0.34891075	1.2062155	0.12711865	0.47308567	1.0	1917	tags=23%, list=18%, signal=28%	
GOBP_NEGATIVE_REGULATION_OF_APOPTOTIC_SIGNALING_PATHWAY	GOBP_NEGATIVE_REGULATION_OF_APOPTOTIC_SIGNALING_PATHWAY		144	0.31925824	1.2050613	0.090322584	0.47562972	1.0	2209	tags=26%, list=21%, signal=33%	
GOBP_ENTRY_INTO_HOST	GOBP_ENTRY_INTO_HOST		82	0.3442346	1.2049621	0.12352941	0.4753168	1.0	1083	tags=20%, list=10%, signal=22%	
HP_CUPPED_EAR	HP_CUPPED_EAR		35	0.4107442	1.2036898	0.19301848	0.47817072	1.0	2284	tags=29%, list=22%, signal=36%	
GOBP_MONOSACCHARIDE_CATABOLIC_PROCESS	GOBP_MONOSACCHARIDE_CATABOLIC_PROCESS		24	0.44859967	1.2035629	0.20286885	0.47795066	1.0	1284	tags=29%, list=12%, signal=33%	
GOCC_BRUSH_BORDER_MEMBRANE	GOCC_BRUSH_BORDER_MEMBRANE		20	0.4581813	1.202205	0.20235756	0.4809836	1.0	598	tags=20%, list=6%, signal=21%	
GOBP_NEGATIVE_REGULATION_OF_NUCLEAR_DIVISION	GOBP_NEGATIVE_REGULATION_OF_NUCLEAR_DIVISION		45	0.3800135	1.2016871	0.1820041	0.48179546	1.0	2560	tags=22%, list=24%, signal=29%	
HP_PROPORTIONATE_SHORT_STATURE	HP_PROPORTIONATE_SHORT_STATURE		86	0.34768528	1.2009876	0.11618257	0.48301646	1.0	2027	tags=26%, list=19%, signal=31%	
GOBP_RESPONSE_TO_TEMPERATURE_STIMULUS	GOBP_RESPONSE_TO_TEMPERATURE_STIMULUS		92	0.34123188	1.200311	0.14102565	0.48429802	1.0	1189	tags=22%, list=11%, signal=24%	
GOBP_NEGATIVE_REGULATION_OF_ION_TRANSMEMBRANE_TRANSPORT	GOBP_NEGATIVE_REGULATION_OF_ION_TRANSMEMBRANE_TRANSPORT		38	0.39296952	1.1999143	0.19502075	0.4847325	1.0	1117	tags=26%, list=11%, signal=29%	
HP_UNDERDEVELOPED_NASAL_ALAE	HP_UNDERDEVELOPED_NASAL_ALAE		55	0.3651411	1.1995449	0.15294118	0.48515514	1.0	2109	tags=27%, list=20%, signal=34%	
GOBP_ALPHA_AMINO_ACID_CATABOLIC_PROCESS	GOBP_ALPHA_AMINO_ACID_CATABOLIC_PROCESS		42	0.38969785	1.1992862	0.16842106	0.4852794	1.0	1815	tags=26%, list=17%, signal=32%	
GOBP_POSITIVE_REGULATION_OF_FIBROBLAST_PROLIFERATION	GOBP_POSITIVE_REGULATION_OF_FIBROBLAST_PROLIFERATION		24	0.44232273	1.1991996	0.22245763	0.48494512	1.0	1852	tags=33%, list=18%, signal=40%	
GOBP_NEGATIVE_REGULATION_OF_TELOMERE_MAINTENANCE_VIA_TELOMERASE	GOBP_NEGATIVE_REGULATION_OF_TELOMERE_MAINTENANCE_VIA_TELOMERASE		16	0.48253027	1.19906	0.23597679	0.48475936	1.0	2637	tags=50%, list=25%, signal=67%	
HP_SEVERE_SHORT_STATURE	HP_SEVERE_SHORT_STATURE		68	0.3537401	1.1990329	0.15863454	0.48425615	1.0	1845	tags=24%, list=18%, signal=28%	
GOBP_NEGATIVE_REGULATION_OF_RNA_CATABOLIC_PROCESS	GOBP_NEGATIVE_REGULATION_OF_RNA_CATABOLIC_PROCESS		53	0.37438574	1.1986288	0.168357	0.48475403	1.0	1049	tags=23%, list=10%, signal=25%	
HP_ABNORMALITY_OF_THE_URETHRA	HP_ABNORMALITY_OF_THE_URETHRA		275	0.2957231	1.1982853	0.046511628	0.4851098	1.0	2755	tags=29%, list=26%, signal=39%	
GOBP_REGULATION_OF_OXIDATIVE_PHOSPHORYLATION	GOBP_REGULATION_OF_OXIDATIVE_PHOSPHORYLATION		17	0.46697947	1.1980485	0.23306774	0.48520112	1.0	1857	tags=47%, list=18%, signal=57%	
GOCC_TRANSFERASE_COMPLEX_TRANSFERRING_PHOSPHORUS_CONTAINING_GROUPS	GOCC_TRANSFERASE_COMPLEX_TRANSFERRING_PHOSPHORUS_CONTAINING_GROUPS		211	0.3027982	1.1979874	0.07826087	0.48479483	1.0	1586	tags=21%, list=15%, signal=24%	
GOBP_DNA_TEMPLATED_TRANSCRIPTION_INITIATION	GOBP_DNA_TEMPLATED_TRANSCRIPTION_INITIATION		93	0.33698845	1.1976525	0.13814433	0.48519632	1.0	3227	tags=45%, list=31%, signal=65%	
GOBP_CELLULAR_AMINO_ACID_CATABOLIC_PROCESS	GOBP_CELLULAR_AMINO_ACID_CATABOLIC_PROCESS		51	0.3747381	1.1976215	0.17124736	0.4847117	1.0	1815	tags=27%, list=17%, signal=33%	
HP_SKIN_ULCER	HP_SKIN_ULCER		77	0.3530446	1.1975456	0.14442013	0.48435858	1.0	798	tags=18%, list=8%, signal=20%	
GOBP_POSITIVE_REGULATION_OF_PEPTIDYL_THREONINE_PHOSPHORYLATION	GOBP_POSITIVE_REGULATION_OF_PEPTIDYL_THREONINE_PHOSPHORYLATION		16	0.4913855	1.1973443	0.22868218	0.48435605	1.0	1681	tags=31%, list=16%, signal=37%	
GOBP_HISTONE_H3_K14_ACETYLATION	GOBP_HISTONE_H3_K14_ACETYLATION		19	0.4648789	1.1969832	0.22023809	0.48482862	1.0	2312	tags=37%, list=22%, signal=47%	
GOCC_FICOLIN_1_RICH_GRANULE	GOCC_FICOLIN_1_RICH_GRANULE		128	0.3218068	1.1958925	0.10222222	0.4873998	1.0	1542	tags=24%, list=15%, signal=28%	
GOBP_SINGLE_FERTILIZATION	GOBP_SINGLE_FERTILIZATION		47	0.38020685	1.1958145	0.19960475	0.48704058	1.0	1641	tags=30%, list=16%, signal=35%	
HP_PLANTAR_HYPERKERATOSIS	HP_PLANTAR_HYPERKERATOSIS		76	0.34863824	1.1954899	0.15478615	0.4873868	1.0	1059	tags=14%, list=10%, signal=16%	
HP_ABNORMAL_CARDIAC_SEPTUM_MORPHOLOGY	HP_ABNORMAL_CARDIAC_SEPTUM_MORPHOLOGY		458	0.28091985	1.1954334	0.028697573	0.4869878	1.0	2325	tags=28%, list=22%, signal=34%	
GOBP_PEPTIDYL_SERINE_DEPHOSPHORYLATION	GOBP_PEPTIDYL_SERINE_DEPHOSPHORYLATION		17	0.48398548	1.194167	0.2406639	0.4898605	1.0	1481	tags=29%, list=14%, signal=34%	
GOBP_RIBONUCLEOSIDE_TRIPHOSPHATE_METABOLIC_PROCESS	GOBP_RIBONUCLEOSIDE_TRIPHOSPHATE_METABOLIC_PROCESS		44	0.3805342	1.1931025	0.16564417	0.4922213	1.0	1335	tags=23%, list=13%, signal=26%	
HP_ABNORMALITY_OF_THE_CHOANAE	HP_ABNORMALITY_OF_THE_CHOANAE		82	0.34004128	1.1927739	0.1255144	0.49257344	1.0	2325	tags=23%, list=22%, signal=30%	
GOBP_PYRIMIDINE_NUCLEOSIDE_TRIPHOSPHATE_BIOSYNTHETIC_PROCESS	GOBP_PYRIMIDINE_NUCLEOSIDE_TRIPHOSPHATE_BIOSYNTHETIC_PROCESS		15	0.49973062	1.1923373	0.26147705	0.4931888	1.0	782	tags=40%, list=7%, signal=43%	
GOBP_REGULATION_OF_MITOTIC_CELL_CYCLE	GOBP_REGULATION_OF_MITOTIC_CELL_CYCLE		324	0.2890178	1.191604	0.036956523	0.49462807	1.0	1893	tags=19%, list=18%, signal=23%	
GOMF_CYSTEINE_TYPE_PEPTIDASE_ACTIVITY	GOMF_CYSTEINE_TYPE_PEPTIDASE_ACTIVITY		130	0.3194239	1.1911818	0.09148936	0.4952189	1.0	2039	tags=27%, list=19%, signal=33%	
HP_ABNORMALITY_OF_THE_ENDOMETRIUM	HP_ABNORMALITY_OF_THE_ENDOMETRIUM		17	0.49558443	1.1904149	0.25099602	0.49677595	1.0	2999	tags=47%, list=29%, signal=66%	
GOCC_SAGA_TYPE_COMPLEX	GOCC_SAGA_TYPE_COMPLEX		29	0.4233688	1.1898359	0.22360249	0.49784234	1.0	2385	tags=34%, list=23%, signal=44%	
GOBP_PROTEIN_TARGETING	GOBP_PROTEIN_TARGETING		238	0.29840082	1.1892092	0.069196425	0.49894798	1.0	1198	tags=18%, list=11%, signal=19%	
HP_HIGH_PALATE	HP_HIGH_PALATE		460	0.2807491	1.1886964	0.037861917	0.49979115	1.0	2309	tags=25%, list=22%, signal=30%	
HP_PREMATURELY_AGED_APPEARANCE	HP_PREMATURELY_AGED_APPEARANCE		98	0.3359262	1.1883448	0.13655463	0.5001912	1.0	1228	tags=15%, list=12%, signal=17%	
HP_EPISODIC_VOMITING	HP_EPISODIC_VOMITING		19	0.46951383	1.1881558	0.23290598	0.50017685	1.0	1489	tags=32%, list=14%, signal=37%	
HP_SPARSE_HAIR	HP_SPARSE_HAIR		196	0.30086315	1.1874702	0.07594936	0.5015331	1.0	1427	tags=15%, list=14%, signal=17%	
GOBP_METAPHASE_ANAPHASE_TRANSITION_OF_CELL_CYCLE	GOBP_METAPHASE_ANAPHASE_TRANSITION_OF_CELL_CYCLE		57	0.36203668	1.1872953	0.17635271	0.5014363	1.0	2722	tags=25%, list=26%, signal=33%	
GOBP_HISTONE_H4_K16_ACETYLATION	GOBP_HISTONE_H4_K16_ACETYLATION		25	0.43746698	1.1869992	0.23260437	0.50171095	1.0	3290	tags=56%, list=31%, signal=81%	
GOBP_REGULATION_OF_UBIQUITIN_PROTEIN_LIGASE_ACTIVITY	GOBP_REGULATION_OF_UBIQUITIN_PROTEIN_LIGASE_ACTIVITY		21	0.4482404	1.1860791	0.21940929	0.50366944	1.0	2394	tags=38%, list=23%, signal=49%	
HP_EMOTIONAL_LABILITY	HP_EMOTIONAL_LABILITY		104	0.32900512	1.1858503	0.12603305	0.5037701	1.0	2506	tags=34%, list=24%, signal=44%	
GOMF_EXONUCLEASE_ACTIVITY_ACTIVE_WITH_EITHER_RIBO_OR_DEOXYRIBONUCLEIC_ACIDS_AND_PRODUCING_5_PHOSPHOMONOESTERS	GOMF_EXONUCLEASE_ACTIVITY_ACTIVE_WITH_EITHER_RIBO_OR_DEOXYRIBONUCLEIC_ACIDS_AND_PRODUCING_5_PHOSPHOMONOESTERS		53	0.37034813	1.1849158	0.1663158	0.5058053	1.0	1805	tags=30%, list=17%, signal=36%	
GOBP_RESPONSE_TO_X_RAY	GOBP_RESPONSE_TO_X_RAY		21	0.45244408	1.1849078	0.20196079	0.50526005	1.0	1030	tags=19%, list=10%, signal=21%	
HP_PULMONARY_ARTERY_STENOSIS	HP_PULMONARY_ARTERY_STENOSIS		47	0.37679297	1.1847199	0.17171717	0.50514865	1.0	1199	tags=19%, list=11%, signal=22%	
GOCC_COPI_COATED_VESICLE_MEMBRANE	GOCC_COPI_COATED_VESICLE_MEMBRANE		15	0.48541367	1.184608	0.23151751	0.5049065	1.0	4467	tags=47%, list=43%, signal=81%	
HP_EXCESSIVE_WRINKLED_SKIN	HP_EXCESSIVE_WRINKLED_SKIN		23	0.43772465	1.1845076	0.23473282	0.5046097	1.0	1228	tags=22%, list=12%, signal=25%	
GOBP_OLIGOSACCHARIDE_LIPID_INTERMEDIATE_BIOSYNTHETIC_PROCESS	GOBP_OLIGOSACCHARIDE_LIPID_INTERMEDIATE_BIOSYNTHETIC_PROCESS		18	0.45785454	1.1840812	0.23003802	0.50528175	1.0	2650	tags=44%, list=25%, signal=59%	
GOBP_POSITIVE_REGULATION_OF_CHROMOSOME_SEPARATION	GOBP_POSITIVE_REGULATION_OF_CHROMOSOME_SEPARATION		16	0.48377505	1.1835741	0.24637681	0.5061126	1.0	2540	tags=31%, list=24%, signal=41%	
GOMF_NUCLEOBASE_CONTAINING_COMPOUND_KINASE_ACTIVITY	GOMF_NUCLEOBASE_CONTAINING_COMPOUND_KINASE_ACTIVITY		30	0.41344532	1.1835698	0.20518358	0.5055548	1.0	782	tags=27%, list=7%, signal=29%	
HP_ABNORMAL_PULMONARY_VALVE_MORPHOLOGY	HP_ABNORMAL_PULMONARY_VALVE_MORPHOLOGY		46	0.37561882	1.1835474	0.18442623	0.5050494	1.0	1415	tags=24%, list=13%, signal=28%	
HP_X_LINKED_RECESSIVE_INHERITANCE	HP_X_LINKED_RECESSIVE_INHERITANCE		104	0.3273846	1.1832008	0.14403293	0.5054171	1.0	2593	tags=34%, list=25%, signal=44%	
GOBP_TRANSLESION_SYNTHESIS	GOBP_TRANSLESION_SYNTHESIS		21	0.4404269	1.1830714	0.23715416	0.5052297	1.0	1898	tags=24%, list=18%, signal=29%	
HP_ABNORMALITY_OF_THE_METAPHYSIS	HP_ABNORMALITY_OF_THE_METAPHYSIS		145	0.31362674	1.1822106	0.13006397	0.50699604	1.0	1869	tags=20%, list=18%, signal=24%	
HP_NECK_MUSCLE_WEAKNESS	HP_NECK_MUSCLE_WEAKNESS		36	0.3940701	1.1819252	0.18992248	0.50721884	1.0	544	tags=14%, list=5%, signal=15%	
GOBP_REGULATION_OF_BEHAVIOR	GOBP_REGULATION_OF_BEHAVIOR		19	0.46242136	1.1818359	0.22745901	0.5068932	1.0	354	tags=16%, list=3%, signal=16%	
GOBP_REGULATION_OF_B_CELL_MEDIATED_IMMUNITY	GOBP_REGULATION_OF_B_CELL_MEDIATED_IMMUNITY		35	0.39976126	1.1812496	0.22113504	0.50796765	1.0	1857	tags=34%, list=18%, signal=42%	
GOBP_NEGATIVE_REGULATION_OF_LEUKOCYTE_PROLIFERATION	GOBP_NEGATIVE_REGULATION_OF_LEUKOCYTE_PROLIFERATION		39	0.38918898	1.1805527	0.20481928	0.50932485	1.0	1261	tags=21%, list=12%, signal=23%	
GOBP_RESPONSE_TO_MOLECULE_OF_BACTERIAL_ORIGIN	GOBP_RESPONSE_TO_MOLECULE_OF_BACTERIAL_ORIGIN		162	0.3098155	1.180483	0.13219616	0.5089379	1.0	887	tags=17%, list=8%, signal=18%	
HP_ABNORMAL_BLOOD_GLUCOSE_CONCENTRATION	HP_ABNORMAL_BLOOD_GLUCOSE_CONCENTRATION		163	0.30543426	1.1804175	0.10526316	0.5085551	1.0	1657	tags=21%, list=16%, signal=25%	
GOBP_REGULATION_OF_CYTOPLASMIC_TRANSLATION	GOBP_REGULATION_OF_CYTOPLASMIC_TRANSLATION		22	0.44886473	1.1803452	0.22135922	0.50822353	1.0	1432	tags=27%, list=14%, signal=32%	
HP_SMALL_FACE	HP_SMALL_FACE		113	0.32258314	1.180089	0.13195877	0.5083787	1.0	1002	tags=14%, list=10%, signal=15%	
HP_ABNORMALITY_OF_MALAR_BONES	HP_ABNORMALITY_OF_MALAR_BONES		125	0.319569	1.1800706	0.13265306	0.5078686	1.0	2325	tags=28%, list=22%, signal=36%	
HP_ABNORMAL_UPPER_MOTOR_NEURON_MORPHOLOGY	HP_ABNORMAL_UPPER_MOTOR_NEURON_MORPHOLOGY		18	0.47179613	1.1799375	0.23780487	0.5077054	1.0	959	tags=22%, list=9%, signal=24%	
GOBP_RIBOSE_PHOSPHATE_METABOLIC_PROCESS	GOBP_RIBOSE_PHOSPHATE_METABOLIC_PROCESS		230	0.29553702	1.179019	0.08997955	0.50964814	1.0	2436	tags=33%, list=23%, signal=42%	
GOMF_UBIQUITIN_LIKE_PROTEIN_CONJUGATING_ENZYME_ACTIVITY	GOMF_UBIQUITIN_LIKE_PROTEIN_CONJUGATING_ENZYME_ACTIVITY		31	0.41019404	1.1784369	0.2388664	0.51070654	1.0	2106	tags=32%, list=20%, signal=40%	
GOBP_REGULATION_OF_NEUTROPHIL_CHEMOTAXIS	GOBP_REGULATION_OF_NEUTROPHIL_CHEMOTAXIS		15	0.4851534	1.1780305	0.25	0.5112911	1.0	33	tags=13%, list=0%, signal=13%	
HP_ABNORMALITY_OF_HAIR_TEXTURE	HP_ABNORMALITY_OF_HAIR_TEXTURE		116	0.3201312	1.1775392	0.14373717	0.5120664	1.0	1412	tags=17%, list=13%, signal=20%	
GOBP_POLY_A_PLUS_MRNA_EXPORT_FROM_NUCLEUS	GOBP_POLY_A_PLUS_MRNA_EXPORT_FROM_NUCLEUS		15	0.48903275	1.1767107	0.24609375	0.5138481	1.0	3235	tags=47%, list=31%, signal=67%	
GOBP_LYMPHOCYTE_ACTIVATION_INVOLVED_IN_IMMUNE_RESPONSE	GOBP_LYMPHOCYTE_ACTIVATION_INVOLVED_IN_IMMUNE_RESPONSE		124	0.31929475	1.1755736	0.12555066	0.5164181	1.0	699	tags=15%, list=7%, signal=15%	
HP_ABNORMALITY_OF_VISUAL_EVOKED_POTENTIALS	HP_ABNORMALITY_OF_VISUAL_EVOKED_POTENTIALS		41	0.37928164	1.1750389	0.21030928	0.5173448	1.0	500	tags=12%, list=5%, signal=13%	
HP_LOWER_LIMB_HYPERREFLEXIA	HP_LOWER_LIMB_HYPERREFLEXIA		39	0.38042048	1.1748805	0.19373778	0.5172121	1.0	1845	tags=28%, list=18%, signal=34%	
GOMF_ANTIOXIDANT_ACTIVITY	GOMF_ANTIOXIDANT_ACTIVITY		32	0.39969078	1.1742165	0.22776572	0.51849353	1.0	2720	tags=38%, list=26%, signal=50%	
GOBP_REGULATION_OF_CELLULAR_RESPIRATION	GOBP_REGULATION_OF_CELLULAR_RESPIRATION		38	0.3872595	1.1740816	0.21010101	0.5183255	1.0	2193	tags=42%, list=21%, signal=53%	
HP_ABNORMALITY_OF_THE_ZYGOMATIC_BONE	HP_ABNORMALITY_OF_THE_ZYGOMATIC_BONE		150	0.3089383	1.173762	0.1292373	0.5186219	1.0	2325	tags=27%, list=22%, signal=34%	
GOBP_POSITIVE_REGULATION_OF_PRODUCTION_OF_MOLECULAR_MEDIATOR_OF_IMMUNE_RESPONSE	GOBP_POSITIVE_REGULATION_OF_PRODUCTION_OF_MOLECULAR_MEDIATOR_OF_IMMUNE_RESPONSE		67	0.35027644	1.1728004	0.18777293	0.52079326	1.0	887	tags=22%, list=8%, signal=24%	
HP_URINARY_RETENTION	HP_URINARY_RETENTION		19	0.44987324	1.1718264	0.23123732	0.52306765	1.0	1222	tags=32%, list=12%, signal=36%	
HP_NEOPLASM_OF_THE_COLON	HP_NEOPLASM_OF_THE_COLON		65	0.35041773	1.1710804	0.18219462	0.5246777	1.0	2236	tags=35%, list=21%, signal=45%	
GOMF_DNA_POLYMERASE_ACTIVITY	GOMF_DNA_POLYMERASE_ACTIVITY		28	0.40824258	1.1702201	0.21305183	0.5264916	1.0	1570	tags=18%, list=15%, signal=21%	
GOBP_CIRCADIAN_REGULATION_OF_GENE_EXPRESSION	GOBP_CIRCADIAN_REGULATION_OF_GENE_EXPRESSION		48	0.36101186	1.169737	0.19912472	0.5272724	1.0	869	tags=21%, list=8%, signal=23%	
GOBP_HORMONE_MEDIATED_SIGNALING_PATHWAY	GOBP_HORMONE_MEDIATED_SIGNALING_PATHWAY		108	0.32256892	1.1695759	0.14168377	0.5271616	1.0	1724	tags=22%, list=16%, signal=26%	
HP_HYPOVENTILATION	HP_HYPOVENTILATION		20	0.43361053	1.1691386	0.23895583	0.52781266	1.0	1489	tags=25%, list=14%, signal=29%	
GOMF_CATALYTIC_ACTIVITY_ACTING_ON_DNA	GOMF_CATALYTIC_ACTIVITY_ACTING_ON_DNA		196	0.3003252	1.1690404	0.101995565	0.5275441	1.0	2859	tags=32%, list=27%, signal=43%	
HP_ABNORMALITY_OF_DENTAL_MORPHOLOGY	HP_ABNORMALITY_OF_DENTAL_MORPHOLOGY		173	0.30399406	1.1688595	0.126294	0.52748424	1.0	1945	tags=21%, list=19%, signal=26%	
HP_SPASTIC_GAIT	HP_SPASTIC_GAIT		49	0.36268538	1.1681999	0.1812749	0.52875155	1.0	1305	tags=20%, list=12%, signal=23%	
GOBP_GLUTAMINE_FAMILY_AMINO_ACID_METABOLIC_PROCESS	GOBP_GLUTAMINE_FAMILY_AMINO_ACID_METABOLIC_PROCESS		38	0.38701558	1.1680279	0.21	0.52868116	1.0	1815	tags=32%, list=17%, signal=38%	
HP_ABNORMALITY_OF_THE_INTRINSIC_PATHWAY	HP_ABNORMALITY_OF_THE_INTRINSIC_PATHWAY		26	0.42039764	1.1679004	0.23421589	0.5284627	1.0	2273	tags=35%, list=22%, signal=44%	
HP_ABNORMALITY_OF_LONG_BONE_MORPHOLOGY	HP_ABNORMALITY_OF_LONG_BONE_MORPHOLOGY		448	0.27453598	1.167598	0.046908315	0.52876383	1.0	2309	tags=24%, list=22%, signal=29%	
GOBP_PURINE_CONTAINING_COMPOUND_METABOLIC_PROCESS	GOBP_PURINE_CONTAINING_COMPOUND_METABOLIC_PROCESS		232	0.29094258	1.1668038	0.09615385	0.53043514	1.0	1791	tags=23%, list=17%, signal=27%	
GOCC_NUCLEAR_UBIQUITIN_LIGASE_COMPLEX	GOCC_NUCLEAR_UBIQUITIN_LIGASE_COMPLEX		41	0.38438618	1.1664902	0.22012578	0.53073543	1.0	1531	tags=17%, list=15%, signal=20%	
HP_HYPOTHERMIA	HP_HYPOTHERMIA		16	0.46504903	1.1661937	0.25651303	0.5310398	1.0	1154	tags=31%, list=11%, signal=35%	
HP_EPISPADIAS	HP_EPISPADIAS		16	0.48507944	1.1656153	0.29338843	0.5321152	1.0	4037	tags=63%, list=38%, signal=101%	
GOBP_SOMATIC_DIVERSIFICATION_OF_IMMUNOGLOBULINS_INVOLVED_IN_IMMUNE_RESPONSE	GOBP_SOMATIC_DIVERSIFICATION_OF_IMMUNOGLOBULINS_INVOLVED_IN_IMMUNE_RESPONSE		40	0.37783715	1.1652176	0.20556745	0.5326867	1.0	256	tags=13%, list=2%, signal=13%	
GOMF_ATPASE_BINDING	GOMF_ATPASE_BINDING		56	0.34883547	1.1644331	0.18736842	0.5343651	1.0	2000	tags=29%, list=19%, signal=35%	
GOBP_POSITIVE_REGULATION_OF_HISTONE_METHYLATION	GOBP_POSITIVE_REGULATION_OF_HISTONE_METHYLATION		41	0.38166758	1.1641114	0.20883535	0.53475976	1.0	3214	tags=44%, list=31%, signal=63%	
HP_ABNORMALITY_OF_THE_CERVICAL_SPINE	HP_ABNORMALITY_OF_THE_CERVICAL_SPINE		263	0.28878137	1.1639776	0.07981221	0.5345752	1.0	2022	tags=22%, list=19%, signal=26%	
GOBP_HISTONE_H2A_MONOUBIQUITINATION	GOBP_HISTONE_H2A_MONOUBIQUITINATION		15	0.4667894	1.1634176	0.2475442	0.53558695	1.0	3257	tags=53%, list=31%, signal=77%	
GOBP_NUCLEOBASE_CONTAINING_SMALL_MOLECULE_METABOLIC_PROCESS	GOBP_NUCLEOBASE_CONTAINING_SMALL_MOLECULE_METABOLIC_PROCESS		327	0.28054518	1.1633809	0.070454545	0.5351048	1.0	1335	tags=19%, list=13%, signal=21%	
GOBP_REGULATION_OF_CENTRIOLE_REPLICATION	GOBP_REGULATION_OF_CENTRIOLE_REPLICATION		21	0.4447892	1.1630195	0.2569721	0.53555924	1.0	1590	tags=14%, list=15%, signal=17%	
GOBP_PHOSPHATIDYLGLYCEROL_METABOLIC_PROCESS	GOBP_PHOSPHATIDYLGLYCEROL_METABOLIC_PROCESS		23	0.42534184	1.1626273	0.23640168	0.5361066	1.0	1862	tags=30%, list=18%, signal=37%	
GOBP_REGULATION_OF_CELL_CYCLE_G1_S_PHASE_TRANSITION	GOBP_REGULATION_OF_CELL_CYCLE_G1_S_PHASE_TRANSITION		110	0.31657892	1.1620182	0.15659955	0.5373273	1.0	2252	tags=27%, list=21%, signal=34%	
GOMF_PEPTIDASE_ACTIVATOR_ACTIVITY	GOMF_PEPTIDASE_ACTIVATOR_ACTIVITY		27	0.4129248	1.1617131	0.2195122	0.53764504	1.0	1542	tags=30%, list=15%, signal=35%	
GOMF_MONOCARBOXYLIC_ACID_BINDING	GOMF_MONOCARBOXYLIC_ACID_BINDING		24	0.42796585	1.1613033	0.25447315	0.5382778	1.0	641	tags=17%, list=6%, signal=18%	
HP_ABNORMAL_CARDIAC_VENTRICLE_MORPHOLOGY	HP_ABNORMAL_CARDIAC_VENTRICLE_MORPHOLOGY		402	0.27502087	1.1611944	0.078431375	0.53803504	1.0	2325	tags=28%, list=22%, signal=34%	
GOBP_REGULATION_OF_EXTRINSIC_APOPTOTIC_SIGNALING_PATHWAY_IN_ABSENCE_OF_LIGAND	GOBP_REGULATION_OF_EXTRINSIC_APOPTOTIC_SIGNALING_PATHWAY_IN_ABSENCE_OF_LIGAND		24	0.42631215	1.160986	0.23404256	0.5380446	1.0	3268	tags=54%, list=31%, signal=78%	
GOBP_VITAMIN_TRANSPORT	GOBP_VITAMIN_TRANSPORT		21	0.4358793	1.1606337	0.25050917	0.53854376	1.0	2287	tags=43%, list=22%, signal=55%	
HP_HYPOPHOSPHATEMIA	HP_HYPOPHOSPHATEMIA		25	0.4212798	1.1605166	0.25440314	0.53834426	1.0	423	tags=12%, list=4%, signal=12%	
GOBP_REGULATION_OF_CHROMOSOME_SEPARATION	GOBP_REGULATION_OF_CHROMOSOME_SEPARATION		62	0.34808064	1.1603979	0.2027027	0.5381168	1.0	2722	tags=24%, list=26%, signal=32%	
HP_ABNORMALITY_OF_THE_NECK	HP_ABNORMALITY_OF_THE_NECK		405	0.27731475	1.1603452	0.055679288	0.5377145	1.0	2048	tags=22%, list=19%, signal=26%	
GOBP_VESICLE_TARGETING_TO_FROM_OR_WITHIN_GOLGI	GOBP_VESICLE_TARGETING_TO_FROM_OR_WITHIN_GOLGI		19	0.44790116	1.1592492	0.22862823	0.5403064	1.0	2547	tags=32%, list=24%, signal=42%	
GOBP_DETOXIFICATION	GOBP_DETOXIFICATION		54	0.35616174	1.1583961	0.21906693	0.542196	1.0	2720	tags=35%, list=26%, signal=47%	
HP_ABNORMAL_PENIS_MORPHOLOGY	HP_ABNORMAL_PENIS_MORPHOLOGY		429	0.27628705	1.1580633	0.06681035	0.5426239	1.0	2755	tags=31%, list=26%, signal=40%	
HP_ADDICTIVE_BEHAVIOR	HP_ADDICTIVE_BEHAVIOR		18	0.45922115	1.157939	0.26970956	0.54238284	1.0	1531	tags=28%, list=15%, signal=32%	
HP_ABNORMAL_MIDDLE_PHALANX_MORPHOLOGY_OF_THE_HAND	HP_ABNORMAL_MIDDLE_PHALANX_MORPHOLOGY_OF_THE_HAND		31	0.39805776	1.157013	0.21169356	0.54447514	1.0	3622	tags=52%, list=34%, signal=79%	
GOBP_TYPE_2_IMMUNE_RESPONSE	GOBP_TYPE_2_IMMUNE_RESPONSE		23	0.4306014	1.156821	0.25406504	0.5444456	1.0	630	tags=26%, list=6%, signal=28%	
GOBP_POSITIVE_REGULATION_OF_PROTEIN_IMPORT	GOBP_POSITIVE_REGULATION_OF_PROTEIN_IMPORT		33	0.39250314	1.1559964	0.23290598	0.54636157	1.0	1184	tags=27%, list=11%, signal=31%	
GOBP_CELLULAR_MODIFIED_AMINO_ACID_BIOSYNTHETIC_PROCESS	GOBP_CELLULAR_MODIFIED_AMINO_ACID_BIOSYNTHETIC_PROCESS		30	0.4030489	1.1557816	0.25376344	0.5464071	1.0	1633	tags=30%, list=16%, signal=35%	
GOBP_CELLULAR_OXIDANT_DETOXIFICATION	GOBP_CELLULAR_OXIDANT_DETOXIFICATION		39	0.38379005	1.1553624	0.24248497	0.54714257	1.0	2720	tags=38%, list=26%, signal=52%	
GOBP_REGULATION_OF_MAST_CELL_ACTIVATION	GOBP_REGULATION_OF_MAST_CELL_ACTIVATION		24	0.42376816	1.1549956	0.23856859	0.5476369	1.0	385	tags=21%, list=4%, signal=22%	
HP_ABNORMALITY_OF_EARLOBE	HP_ABNORMALITY_OF_EARLOBE		64	0.34550178	1.1542854	0.20576131	0.5491322	1.0	2362	tags=25%, list=22%, signal=32%	
HP_ABNORMAL_CNS_MYELINATION	HP_ABNORMAL_CNS_MYELINATION		235	0.28774476	1.1542176	0.11677282	0.5487582	1.0	2273	tags=29%, list=22%, signal=37%	
GOBP_BIOLOGICAL_PROCESS_INVOLVED_IN_INTRASPECIES_INTERACTION_BETWEEN_ORGANISMS	GOBP_BIOLOGICAL_PROCESS_INVOLVED_IN_INTRASPECIES_INTERACTION_BETWEEN_ORGANISMS		18	0.45723912	1.1540092	0.25465837	0.54880744	1.0	1121	tags=22%, list=11%, signal=25%	
HP_ABNORMAL_AORTIC_ARCH_MORPHOLOGY	HP_ABNORMAL_AORTIC_ARCH_MORPHOLOGY		30	0.4065326	1.1538727	0.24678111	0.5486267	1.0	2046	tags=27%, list=19%, signal=33%	
HP_ANIRIDIA	HP_ANIRIDIA		25	0.41399395	1.1535693	0.23721881	0.54893434	1.0	2236	tags=40%, list=21%, signal=51%	
GOBP_BIOLOGICAL_PROCESS_INVOLVED_IN_INTERACTION_WITH_HOST	GOBP_BIOLOGICAL_PROCESS_INVOLVED_IN_INTERACTION_WITH_HOST		115	0.32015982	1.1535252	0.17463617	0.5484973	1.0	1083	tags=17%, list=10%, signal=18%	
GOBP_STEM_CELL_DIFFERENTIATION	GOBP_STEM_CELL_DIFFERENTIATION		95	0.32331464	1.1535083	0.17735043	0.5479712	1.0	1215	tags=22%, list=12%, signal=25%	
GOCC_H4_HISTONE_ACETYLTRANSFERASE_COMPLEX	GOCC_H4_HISTONE_ACETYLTRANSFERASE_COMPLEX		37	0.38195765	1.1528858	0.22633745	0.54926205	1.0	2569	tags=32%, list=24%, signal=43%	
GOBP_AMINO_ACID_TRANSMEMBRANE_TRANSPORT	GOBP_AMINO_ACID_TRANSMEMBRANE_TRANSPORT		42	0.37373802	1.1523758	0.2192623	0.5501777	1.0	1951	tags=33%, list=19%, signal=41%	
HP_SKIN_DIMPLE	HP_SKIN_DIMPLE		65	0.34654856	1.1520821	0.2037422	0.5504493	1.0	2863	tags=37%, list=27%, signal=50%	
HP_EPICANTHUS	HP_EPICANTHUS		357	0.2776811	1.1516153	0.07173913	0.55123425	1.0	2754	tags=30%, list=26%, signal=40%	
GOBP_STEROID_HORMONE_MEDIATED_SIGNALING_PATHWAY	GOBP_STEROID_HORMONE_MEDIATED_SIGNALING_PATHWAY		90	0.3285757	1.1515057	0.17263158	0.5509875	1.0	1724	tags=23%, list=16%, signal=28%	
HP_ACQUIRED_ABNORMAL_HAIR_PATTERN	HP_ACQUIRED_ABNORMAL_HAIR_PATTERN		16	0.4540742	1.151502	0.28320312	0.5504382	1.0	134	tags=13%, list=1%, signal=13%	
HP_ABSENT_SPEECH	HP_ABSENT_SPEECH		232	0.2879461	1.1509407	0.11627907	0.5515204	1.0	1892	tags=21%, list=18%, signal=25%	
HP_ABNORMAL_BRAINSTEM_MRI_SIGNAL_INTENSITY	HP_ABNORMAL_BRAINSTEM_MRI_SIGNAL_INTENSITY		32	0.3961728	1.1489339	0.24175824	0.5567999	1.0	3483	tags=56%, list=33%, signal=84%	
HP_CEREBRAL_CALCIFICATION	HP_CEREBRAL_CALCIFICATION		86	0.32386145	1.1485163	0.18145956	0.5574799	1.0	2841	tags=40%, list=27%, signal=54%	
HP_DEEP_PHILTRUM	HP_DEEP_PHILTRUM		43	0.37187463	1.1483836	0.23155738	0.5572764	1.0	2696	tags=37%, list=26%, signal=50%	
HP_ABNORMAL_GLOMERULAR_MESANGIUM_MORPHOLOGY	HP_ABNORMAL_GLOMERULAR_MESANGIUM_MORPHOLOGY		26	0.4119239	1.1479944	0.2631579	0.5578396	1.0	3296	tags=50%, list=31%, signal=73%	
GOBP_NEUROMUSCULAR_JUNCTION_DEVELOPMENT	GOBP_NEUROMUSCULAR_JUNCTION_DEVELOPMENT		18	0.45539412	1.1479291	0.272541	0.5574678	1.0	2114	tags=39%, list=20%, signal=49%	
HP_CNS_DEMYELINATION	HP_CNS_DEMYELINATION		30	0.4056067	1.1474607	0.23868313	0.55828506	1.0	1334	tags=30%, list=13%, signal=34%	
HP_DEVIATION_OF_THE_THUMB	HP_DEVIATION_OF_THE_THUMB		29	0.40765217	1.1470776	0.23125	0.55886537	1.0	2325	tags=34%, list=22%, signal=44%	
HP_MACROGYRIA	HP_MACROGYRIA		16	0.46426412	1.1456333	0.28947368	0.562645	1.0	2489	tags=38%, list=24%, signal=49%	
HP_HYDROCELE_TESTIS	HP_HYDROCELE_TESTIS		17	0.45398837	1.1454192	0.2806324	0.5626981	1.0	326	tags=12%, list=3%, signal=12%	
GOBP_STRESS_GRANULE_ASSEMBLY	GOBP_STRESS_GRANULE_ASSEMBLY		22	0.42583275	1.1446539	0.25918368	0.56445014	1.0	2088	tags=45%, list=20%, signal=57%	
HP_OPTIC_DISC_PALLOR	HP_OPTIC_DISC_PALLOR		105	0.3205217	1.1439728	0.16666667	0.56589055	1.0	2871	tags=37%, list=27%, signal=51%	
HP_POIKILOCYTOSIS	HP_POIKILOCYTOSIS		29	0.40219066	1.1439723	0.23858921	0.5653158	1.0	2250	tags=28%, list=21%, signal=35%	
GOBP_ENTRAINMENT_OF_CIRCADIAN_CLOCK	GOBP_ENTRAINMENT_OF_CIRCADIAN_CLOCK		26	0.4077846	1.1435704	0.25510204	0.56594026	1.0	751	tags=12%, list=7%, signal=12%	
GOBP_REGULATION_OF_STEM_CELL_POPULATION_MAINTENANCE	GOBP_REGULATION_OF_STEM_CELL_POPULATION_MAINTENANCE		18	0.4480532	1.1418089	0.27201566	0.5706102	1.0	1681	tags=28%, list=16%, signal=33%	
HP_ABNORMALITY_OF_THE_MUSCULATURE_OF_THE_HAND	HP_ABNORMALITY_OF_THE_MUSCULATURE_OF_THE_HAND		58	0.34796423	1.1418022	0.23382045	0.5700543	1.0	2165	tags=38%, list=21%, signal=48%	
GOBP_PYRIMIDINE_DEOXYRIBONUCLEOTIDE_METABOLIC_PROCESS	GOBP_PYRIMIDINE_DEOXYRIBONUCLEOTIDE_METABOLIC_PROCESS		16	0.46367815	1.1414591	0.2742268	0.5704801	1.0	1009	tags=31%, list=10%, signal=35%	
HP_EPILEPTIC_ENCEPHALOPATHY	HP_EPILEPTIC_ENCEPHALOPATHY		56	0.34861073	1.1414351	0.24260356	0.56996465	1.0	2272	tags=29%, list=22%, signal=36%	
HP_WIDE_NOSE	HP_WIDE_NOSE		76	0.33128285	1.1407219	0.1920668	0.57155067	1.0	3257	tags=41%, list=31%, signal=59%	
HP_APLASIA_HYPOPLASIA_OF_THE_CLAVICLES	HP_APLASIA_HYPOPLASIA_OF_THE_CLAVICLES		30	0.39645153	1.1405184	0.26104417	0.5715639	1.0	2048	tags=30%, list=19%, signal=37%	
GOBP_MALE_SEX_DIFFERENTIATION	GOBP_MALE_SEX_DIFFERENTIATION		64	0.3367739	1.1402072	0.20833333	0.57195276	1.0	1774	tags=22%, list=17%, signal=26%	
GOBP_CELLULAR_RESPONSE_TO_ABIOTIC_STIMULUS	GOBP_CELLULAR_RESPONSE_TO_ABIOTIC_STIMULUS		192	0.29121852	1.1400366	0.15565032	0.57190764	1.0	1361	tags=16%, list=13%, signal=18%	
GOBP_FEEDING_BEHAVIOR	GOBP_FEEDING_BEHAVIOR		22	0.4344478	1.1397175	0.29735234	0.5722985	1.0	2535	tags=50%, list=24%, signal=66%	
GOBP_QUINONE_METABOLIC_PROCESS	GOBP_QUINONE_METABOLIC_PROCESS		23	0.426515	1.1392984	0.29387754	0.5729701	1.0	1610	tags=30%, list=15%, signal=36%	
GOBP_RENAL_TUBULE_DEVELOPMENT	GOBP_RENAL_TUBULE_DEVELOPMENT		24	0.42124182	1.1387576	0.26095617	0.5740204	1.0	1985	tags=38%, list=19%, signal=46%	
GOBP_ODONTOGENESIS_OF_DENTIN_CONTAINING_TOOTH	GOBP_ODONTOGENESIS_OF_DENTIN_CONTAINING_TOOTH		26	0.40589106	1.1386882	0.24796748	0.5736578	1.0	61	tags=12%, list=1%, signal=12%	
HP_GENERALIZED_AMYOTROPHY	HP_GENERALIZED_AMYOTROPHY		48	0.3557369	1.1384448	0.23647295	0.5737983	1.0	959	tags=17%, list=9%, signal=18%	
HP_RESPIRATORY_FAILURE_REQUIRING_ASSISTED_VENTILATION	HP_RESPIRATORY_FAILURE_REQUIRING_ASSISTED_VENTILATION		20	0.43697056	1.1377798	0.272	0.57523715	1.0	586	tags=20%, list=6%, signal=21%	
GOCC_SPINDLE_MIDZONE	GOCC_SPINDLE_MIDZONE		30	0.40266967	1.1371993	0.24951267	0.5764404	1.0	240	tags=10%, list=2%, signal=10%	
GOBP_CENTRAL_NERVOUS_SYSTEM_NEURON_AXONOGENESIS	GOBP_CENTRAL_NERVOUS_SYSTEM_NEURON_AXONOGENESIS		15	0.47062263	1.136977	0.27115384	0.5765261	1.0	459	tags=20%, list=4%, signal=21%	
HP_HYDROPS_FETALIS	HP_HYDROPS_FETALIS		76	0.33054334	1.1362944	0.20857699	0.57803816	1.0	2334	tags=38%, list=22%, signal=49%	
HP_ABNORMAL_SHAPE_OF_THE_OCCIPUT	HP_ABNORMAL_SHAPE_OF_THE_OCCIPUT		76	0.3314447	1.1362668	0.23590814	0.57755685	1.0	2847	tags=36%, list=27%, signal=48%	
GOBP_CELL_CYCLE_PHASE_TRANSITION	GOBP_CELL_CYCLE_PHASE_TRANSITION		380	0.27246538	1.1362628	0.089655176	0.5769942	1.0	2191	tags=21%, list=21%, signal=26%	
GOMF_OMEGA_PEPTIDASE_ACTIVITY	GOMF_OMEGA_PEPTIDASE_ACTIVITY		80	0.33080983	1.1362523	0.22061856	0.57645905	1.0	2033	tags=25%, list=19%, signal=31%	
GOCC_9PLUS2_MOTILE_CILIUM	GOCC_9PLUS2_MOTILE_CILIUM		42	0.36412552	1.1359653	0.22268908	0.5767692	1.0	842	tags=17%, list=8%, signal=18%	
GOBP_CELLULAR_COMPONENT_MAINTENANCE	GOBP_CELLULAR_COMPONENT_MAINTENANCE		30	0.39951724	1.1356592	0.2576923	0.57712376	1.0	197	tags=10%, list=2%, signal=10%	
GOBP_REGULATION_OF_POTASSIUM_ION_TRANSMEMBRANE_TRANSPORTER_ACTIVITY	GOBP_REGULATION_OF_POTASSIUM_ION_TRANSMEMBRANE_TRANSPORTER_ACTIVITY		21	0.43335757	1.1348859	0.27217743	0.57889146	1.0	1069	tags=29%, list=10%, signal=32%	
GOBP_REGULATION_OF_RUFFLE_ASSEMBLY	GOBP_REGULATION_OF_RUFFLE_ASSEMBLY		21	0.4276986	1.1344135	0.2955975	0.57980114	1.0	434	tags=14%, list=4%, signal=15%	
HP_ABNORMAL_INCISOR_MORPHOLOGY	HP_ABNORMAL_INCISOR_MORPHOLOGY		54	0.3521451	1.1340568	0.22924902	0.58037364	1.0	895	tags=17%, list=9%, signal=18%	
HP_MUSCLE_FIBRILLATION	HP_MUSCLE_FIBRILLATION		28	0.40311763	1.1338961	0.2542735	0.580274	1.0	1797	tags=32%, list=17%, signal=39%	
GOBP_POSITIVE_REGULATION_OF_CD4_POSITIVE_ALPHA_BETA_T_CELL_ACTIVATION	GOBP_POSITIVE_REGULATION_OF_CD4_POSITIVE_ALPHA_BETA_T_CELL_ACTIVATION		26	0.4076622	1.1337665	0.25256673	0.5800594	1.0	953	tags=27%, list=9%, signal=30%	
GOBP_B_CELL_PROLIFERATION	GOBP_B_CELL_PROLIFERATION		53	0.34705028	1.1332611	0.24074075	0.5810947	1.0	1131	tags=25%, list=11%, signal=27%	
GOCC_ANAPHASE_PROMOTING_COMPLEX	GOCC_ANAPHASE_PROMOTING_COMPLEX		20	0.43556544	1.1328878	0.2811245	0.5816637	1.0	2540	tags=30%, list=24%, signal=39%	
HP_CRANIAL_NERVE_COMPRESSION	HP_CRANIAL_NERVE_COMPRESSION		30	0.3972497	1.1322395	0.2897959	0.58304954	1.0	2294	tags=40%, list=22%, signal=51%	
GOBP_DNA_GEOMETRIC_CHANGE	GOBP_DNA_GEOMETRIC_CHANGE		85	0.32395095	1.1321396	0.19139785	0.5827911	1.0	2984	tags=35%, list=28%, signal=49%	
GOBP_SKIN_EPIDERMIS_DEVELOPMENT	GOBP_SKIN_EPIDERMIS_DEVELOPMENT		36	0.37849694	1.131226	0.25050917	0.5849207	1.0	2072	tags=28%, list=20%, signal=34%	
HP_URETHRAL_OBSTRUCTION	HP_URETHRAL_OBSTRUCTION		37	0.37917158	1.1298552	0.27542374	0.5885628	1.0	112	tags=11%, list=1%, signal=11%	
HP_SHORT_LONG_BONE	HP_SHORT_LONG_BONE		121	0.30767605	1.1279867	0.20666666	0.59374785	1.0	2589	tags=26%, list=25%, signal=35%	
HP_ABNORMALITY_OF_THE_INCISOR	HP_ABNORMALITY_OF_THE_INCISOR		74	0.33195916	1.1273767	0.23632812	0.5950372	1.0	1690	tags=22%, list=16%, signal=26%	
HP_APLASIA_HYPOPLASIA_INVOLVING_BONES_OF_THE_UPPER_LIMBS	HP_APLASIA_HYPOPLASIA_INVOLVING_BONES_OF_THE_UPPER_LIMBS		321	0.27241933	1.1272831	0.14096916	0.5947314	1.0	1909	tags=21%, list=18%, signal=25%	
GOCC_NUCLEAR_REPLICATION_FORK	GOCC_NUCLEAR_REPLICATION_FORK		27	0.40214762	1.1269782	0.30705395	0.5950724	1.0	3646	tags=63%, list=35%, signal=96%	
GOBP_VIRAL_PROCESS	GOBP_VIRAL_PROCESS		287	0.2758677	1.126655	0.12582782	0.5954542	1.0	1086	tags=17%, list=10%, signal=18%	
GOBP_CELLULAR_MODIFIED_AMINO_ACID_METABOLIC_PROCESS	GOBP_CELLULAR_MODIFIED_AMINO_ACID_METABOLIC_PROCESS		101	0.31390694	1.1259493	0.18987341	0.597077	1.0	1125	tags=20%, list=11%, signal=22%	
GOBP_RESPONSE_TO_ARSENIC_CONTAINING_SUBSTANCE	GOBP_RESPONSE_TO_ARSENIC_CONTAINING_SUBSTANCE		25	0.404865	1.1253594	0.27160493	0.598307	1.0	2389	tags=48%, list=23%, signal=62%	
HP_ABNORMALITY_OF_THE_PULMONARY_ARTERY	HP_ABNORMALITY_OF_THE_PULMONARY_ARTERY		103	0.3129715	1.1253257	0.2153518	0.59781754	1.0	2048	tags=25%, list=19%, signal=31%	
HP_SUPERNUMERARY_BONES_OF_THE_AXIAL_SKELETON	HP_SUPERNUMERARY_BONES_OF_THE_AXIAL_SKELETON		17	0.45298597	1.1253036	0.3135246	0.59729856	1.0	623	tags=24%, list=6%, signal=25%	
HP_ABNORMAL_LUNG_DEVELOPMENT	HP_ABNORMAL_LUNG_DEVELOPMENT		105	0.31188017	1.124382	0.20858896	0.5995575	1.0	2583	tags=31%, list=25%, signal=41%	
GOBP_POSITIVE_REGULATION_OF_P38MAPK_CASCADE	GOBP_POSITIVE_REGULATION_OF_P38MAPK_CASCADE		17	0.45555183	1.1221355	0.3001988	0.60591817	1.0	1619	tags=24%, list=15%, signal=28%	
GOBP_NEGATIVE_REGULATION_OF_PROTEIN_ACETYLATION	GOBP_NEGATIVE_REGULATION_OF_PROTEIN_ACETYLATION		15	0.4633494	1.1219449	0.32879376	0.6059198	1.0	2473	tags=40%, list=24%, signal=52%	
HP_APLASIA_HYPOPLASIA_OF_THE_HUMERUS	HP_APLASIA_HYPOPLASIA_OF_THE_HUMERUS		17	0.44432938	1.1214534	0.3151515	0.6068515	1.0	1835	tags=35%, list=17%, signal=43%	
GOCC_POSTSYNAPTIC_SPECIALIZATION_MEMBRANE	GOCC_POSTSYNAPTIC_SPECIALIZATION_MEMBRANE		26	0.40014625	1.1213447	0.29058117	0.6066215	1.0	1355	tags=19%, list=13%, signal=22%	
HP_OPEN_BITE	HP_OPEN_BITE		36	0.37254927	1.1212397	0.2915811	0.60636616	1.0	1500	tags=28%, list=14%, signal=32%	
GOMF_CARBOXY_LYASE_ACTIVITY	GOMF_CARBOXY_LYASE_ACTIVITY		20	0.4333273	1.1212333	0.30177516	0.60580474	1.0	2123	tags=30%, list=20%, signal=38%	
HP_ABNORMALITY_OF_URINE_CATECHOLAMINE_CONCENTRATION	HP_ABNORMALITY_OF_URINE_CATECHOLAMINE_CONCENTRATION		17	0.44267914	1.1210427	0.29411766	0.60585517	1.0	2236	tags=41%, list=21%, signal=52%	
HP_PULMONARY_HYPOPLASIA	HP_PULMONARY_HYPOPLASIA		61	0.3408798	1.1208494	0.24637681	0.60587394	1.0	2517	tags=36%, list=24%, signal=47%	
HP_LEUKOENCEPHALOPATHY	HP_LEUKOENCEPHALOPATHY		166	0.29080576	1.1207681	0.1927966	0.60554874	1.0	1870	tags=24%, list=18%, signal=29%	
GOBP_SULFUR_COMPOUND_BIOSYNTHETIC_PROCESS	GOBP_SULFUR_COMPOUND_BIOSYNTHETIC_PROCESS		99	0.31123775	1.1207608	0.2004008	0.60498863	1.0	2393	tags=31%, list=23%, signal=40%	
GOBP_CIRCADIAN_RHYTHM	GOBP_CIRCADIAN_RHYTHM		119	0.3060635	1.1203812	0.20867768	0.60558885	1.0	2502	tags=29%, list=24%, signal=38%	
GOBP_RESPONSE_TO_NUTRIENT	GOBP_RESPONSE_TO_NUTRIENT		68	0.3380278	1.1202071	0.24	0.60555434	1.0	1854	tags=32%, list=18%, signal=39%	
GOMF_ESTROGEN_RECEPTOR_BINDING	GOMF_ESTROGEN_RECEPTOR_BINDING		28	0.39933005	1.118469	0.2771318	0.6104357	1.0	1985	tags=36%, list=19%, signal=44%	
GOBP_DOSAGE_COMPENSATION	GOBP_DOSAGE_COMPENSATION		17	0.4485099	1.1184222	0.3313492	0.6100121	1.0	2637	tags=47%, list=25%, signal=63%	
GOBP_ORGANIC_ACID_METABOLIC_PROCESS	GOBP_ORGANIC_ACID_METABOLIC_PROCESS		487	0.26228887	1.1181532	0.1	0.6102513	1.0	2634	tags=31%, list=25%, signal=40%	
HP_CUBITUS_VALGUS	HP_CUBITUS_VALGUS		28	0.38954115	1.1175501	0.29124236	0.61156726	1.0	1531	tags=21%, list=15%, signal=25%	
GOBP_SEX_DIFFERENTIATION	GOBP_SEX_DIFFERENTIATION		105	0.3085835	1.1172394	0.20833333	0.61194897	1.0	1774	tags=22%, list=17%, signal=26%	
GOBP_POSITIVE_REGULATION_OF_TRANSCRIPTION_ELONGATION_FROM_RNA_POLYMERASE_II_PROMOTER	GOBP_POSITIVE_REGULATION_OF_TRANSCRIPTION_ELONGATION_FROM_RNA_POLYMERASE_II_PROMOTER		16	0.44826928	1.1171812	0.31075698	0.6115389	1.0	2373	tags=31%, list=23%, signal=40%	
GOBP_AMINO_ACID_IMPORT	GOBP_AMINO_ACID_IMPORT		23	0.4105741	1.116735	0.3051181	0.6123048	1.0	1951	tags=39%, list=19%, signal=48%	
GOBP_POSITIVE_REGULATION_OF_MUSCLE_HYPERTROPHY	GOBP_POSITIVE_REGULATION_OF_MUSCLE_HYPERTROPHY		15	0.45627996	1.1166068	0.31504065	0.61214894	1.0	354	tags=13%, list=3%, signal=14%	
HP_SHORT_MIDDLE_PHALANX_OF_FINGER	HP_SHORT_MIDDLE_PHALANX_OF_FINGER		21	0.41719887	1.1164286	0.29757085	0.6121201	1.0	3499	tags=48%, list=33%, signal=71%	
HP_ABNORMALITY_OF_THE_HAIRLINE	HP_ABNORMALITY_OF_THE_HAIRLINE		172	0.28929508	1.116034	0.1875	0.6128441	1.0	3156	tags=40%, list=30%, signal=56%	
HP_BILATERAL_MICROPHTHALMOS	HP_BILATERAL_MICROPHTHALMOS		16	0.4520394	1.1158049	0.3243243	0.6129701	1.0	423	tags=13%, list=4%, signal=13%	
GOCC_NUCLEAR_PERIPHERY	GOCC_NUCLEAR_PERIPHERY		101	0.30739242	1.11552	0.21308017	0.61327165	1.0	2111	tags=30%, list=20%, signal=37%	
GOMF_SERINE_TYPE_ENDOPEPTIDASE_INHIBITOR_ACTIVITY	GOMF_SERINE_TYPE_ENDOPEPTIDASE_INHIBITOR_ACTIVITY		15	0.4493819	1.1149256	0.328	0.61456954	1.0	474	tags=13%, list=5%, signal=14%	
GOBP_L_AMINO_ACID_TRANSPORT	GOBP_L_AMINO_ACID_TRANSPORT		32	0.38697523	1.1140404	0.29622266	0.6168313	1.0	1951	tags=38%, list=19%, signal=46%	
GOBP_KIDNEY_MORPHOGENESIS	GOBP_KIDNEY_MORPHOGENESIS		25	0.4041122	1.1140211	0.2929293	0.6163193	1.0	1985	tags=36%, list=19%, signal=44%	
GOMF_CYCLIN_BINDING	GOMF_CYCLIN_BINDING		23	0.41148573	1.1140091	0.28484848	0.6157728	1.0	1984	tags=30%, list=19%, signal=37%	
HP_HYPERREFLEXIA	HP_HYPERREFLEXIA		481	0.26242912	1.1135607	0.13043478	0.6165733	1.0	2011	tags=22%, list=19%, signal=26%	
GOBP_NUCLEOLUS_ORGANIZATION	GOBP_NUCLEOLUS_ORGANIZATION		15	0.4541639	1.1131324	0.33398822	0.61733985	1.0	1859	tags=40%, list=18%, signal=49%	
GOMF_METALLOENDOPEPTIDASE_ACTIVITY	GOMF_METALLOENDOPEPTIDASE_ACTIVITY		36	0.36574394	1.1130614	0.28316832	0.6169796	1.0	2284	tags=33%, list=22%, signal=42%	
GOBP_MULTI_MULTICELLULAR_ORGANISM_PROCESS	GOBP_MULTI_MULTICELLULAR_ORGANISM_PROCESS		81	0.3168946	1.113052	0.25308642	0.6164251	1.0	1169	tags=21%, list=11%, signal=23%	
GOBP_PROTEIN_DNA_COMPLEX_ASSEMBLY	GOBP_PROTEIN_DNA_COMPLEX_ASSEMBLY		102	0.31351855	1.1126791	0.23728813	0.61702746	1.0	2429	tags=25%, list=23%, signal=32%	
HP_ABNORMAL_HAIR_PATTERN	HP_ABNORMAL_HAIR_PATTERN		230	0.27860412	1.1124167	0.17608696	0.6172787	1.0	2879	tags=33%, list=27%, signal=45%	
HP_DELAYED_ABILITY_TO_WALK	HP_DELAYED_ABILITY_TO_WALK		135	0.3002728	1.1123413	0.208	0.61693835	1.0	2178	tags=28%, list=21%, signal=35%	
GOBP_VIRAL_GENOME_REPLICATION	GOBP_VIRAL_GENOME_REPLICATION		91	0.31709698	1.111701	0.23695652	0.6183649	1.0	2038	tags=33%, list=19%, signal=41%	
GOMF_SIGNALING_RECEPTOR_REGULATOR_ACTIVITY	GOMF_SIGNALING_RECEPTOR_REGULATOR_ACTIVITY		89	0.3189169	1.1108283	0.2260128	0.62048286	1.0	1857	tags=27%, list=18%, signal=32%	
GOBP_CARBOHYDRATE_DERIVATIVE_BIOSYNTHETIC_PROCESS	GOBP_CARBOHYDRATE_DERIVATIVE_BIOSYNTHETIC_PROCESS		376	0.26374397	1.110764	0.14184397	0.6201208	1.0	2075	tags=27%, list=20%, signal=32%	
GOBP_PYRUVATE_METABOLIC_PROCESS	GOBP_PYRUVATE_METABOLIC_PROCESS		69	0.3262056	1.1105635	0.22360249	0.6201972	1.0	2436	tags=35%, list=23%, signal=45%	
HP_ABNORMAL_POSTERIOR_SEGMENT_IMAGING	HP_ABNORMAL_POSTERIOR_SEGMENT_IMAGING		15	0.45624134	1.1102011	0.3035343	0.6207527	1.0	1987	tags=47%, list=19%, signal=57%	
HP_HEAT_INTOLERANCE	HP_HEAT_INTOLERANCE		16	0.45727223	1.1098447	0.31157896	0.6212762	1.0	3106	tags=50%, list=30%, signal=71%	
HP_HYPOPLASTIC_ILIAC_WING	HP_HYPOPLASTIC_ILIAC_WING		15	0.4631627	1.1097002	0.31827113	0.6211529	1.0	1297	tags=20%, list=12%, signal=23%	
HP_AMINOACIDURIA	HP_AMINOACIDURIA		71	0.32918417	1.1096902	0.27348644	0.620615	1.0	1382	tags=17%, list=13%, signal=19%	
HP_ABNORMAL_RENAL_COLLECTING_SYSTEM_MORPHOLOGY	HP_ABNORMAL_RENAL_COLLECTING_SYSTEM_MORPHOLOGY		16	0.45151818	1.1095414	0.35365853	0.62051404	1.0	2669	tags=38%, list=25%, signal=50%	
GOBP_DEFENSE_RESPONSE_TO_GRAM_POSITIVE_BACTERIUM	GOBP_DEFENSE_RESPONSE_TO_GRAM_POSITIVE_BACTERIUM		34	0.37464565	1.10927	0.30962342	0.6207448	1.0	905	tags=26%, list=9%, signal=29%	
GOBP_REGULATION_OF_DNA_REPLICATION	GOBP_REGULATION_OF_DNA_REPLICATION		106	0.30701196	1.1088772	0.22669491	0.62138647	1.0	2745	tags=33%, list=26%, signal=44%	
GOBP_IMMUNOGLOBULIN_PRODUCTION_INVOLVED_IN_IMMUNOGLOBULIN_MEDIATED_IMMUNE_RESPONSE	GOBP_IMMUNOGLOBULIN_PRODUCTION_INVOLVED_IN_IMMUNOGLOBULIN_MEDIATED_IMMUNE_RESPONSE		43	0.35227752	1.1072822	0.2754159	0.6259272	1.0	256	tags=12%, list=2%, signal=12%	
GOBP_POSITIVE_REGULATION_OF_SIGNAL_TRANSDUCTION_BY_P53_CLASS_MEDIATOR	GOBP_POSITIVE_REGULATION_OF_SIGNAL_TRANSDUCTION_BY_P53_CLASS_MEDIATOR		21	0.4132093	1.1069553	0.30204082	0.6263589	1.0	2187	tags=48%, list=21%, signal=60%	
GOBP_BIOLOGICAL_PROCESS_INVOLVED_IN_SYMBIOTIC_INTERACTION	GOBP_BIOLOGICAL_PROCESS_INVOLVED_IN_SYMBIOTIC_INTERACTION		167	0.2878187	1.1057334	0.225	0.629646	1.0	1083	tags=14%, list=10%, signal=16%	
GOBP_REGULATION_OF_TRANSCRIPTION_ELONGATION_FROM_RNA_POLYMERASE_II_PROMOTER	GOBP_REGULATION_OF_TRANSCRIPTION_ELONGATION_FROM_RNA_POLYMERASE_II_PROMOTER		34	0.37249023	1.1056367	0.28309572	0.62937933	1.0	3076	tags=32%, list=29%, signal=46%	
HP_DOWN_SLOPING_SHOULDERS	HP_DOWN_SLOPING_SHOULDERS		61	0.33669013	1.1053741	0.26875	0.6296421	1.0	2048	tags=31%, list=19%, signal=38%	
HP_ABNORMAL_TONGUE_PHYSIOLOGY	HP_ABNORMAL_TONGUE_PHYSIOLOGY		28	0.3958678	1.1051776	0.316	0.6296704	1.0	1014	tags=18%, list=10%, signal=20%	
GOBP_REGULATION_OF_CELL_CYCLE_PHASE_TRANSITION	GOBP_REGULATION_OF_CELL_CYCLE_PHASE_TRANSITION		285	0.27286476	1.105116	0.1814346	0.6292793	1.0	2560	tags=24%, list=24%, signal=31%	
GOBP_CHONDROITIN_SULFATE_PROTEOGLYCAN_METABOLIC_PROCESS	GOBP_CHONDROITIN_SULFATE_PROTEOGLYCAN_METABOLIC_PROCESS		16	0.4444002	1.104476	0.3294347	0.630753	1.0	397	tags=19%, list=4%, signal=19%	
HP_INTELLECTUAL_DISABILITY_PROFOUND	HP_INTELLECTUAL_DISABILITY_PROFOUND		102	0.30562136	1.1041565	0.25105485	0.63121766	1.0	920	tags=12%, list=9%, signal=13%	
GOBP_AMINO_ACID_IMPORT_ACROSS_PLASMA_MEMBRANE	GOBP_AMINO_ACID_IMPORT_ACROSS_PLASMA_MEMBRANE		18	0.43592885	1.1041129	0.3326572	0.63076663	1.0	1951	tags=44%, list=19%, signal=54%	
GOBP_REGULATION_OF_MUSCLE_CELL_DIFFERENTIATION	GOBP_REGULATION_OF_MUSCLE_CELL_DIFFERENTIATION		58	0.33746636	1.1040099	0.2642998	0.6305167	1.0	2335	tags=29%, list=22%, signal=37%	
GOMF_GUANYL_NUCLEOTIDE_BINDING	GOMF_GUANYL_NUCLEOTIDE_BINDING		240	0.27675697	1.1038564	0.1956044	0.63039976	1.0	1180	tags=16%, list=11%, signal=18%	
GOCC_MEDIATOR_COMPLEX	GOCC_MEDIATOR_COMPLEX		38	0.3688487	1.103805	0.2988048	0.62998456	1.0	3642	tags=58%, list=35%, signal=88%	
HP_APLASIA_HYPOPLASIA_OF_THE_EYEBROW	HP_APLASIA_HYPOPLASIA_OF_THE_EYEBROW		100	0.30626413	1.1037371	0.23140496	0.62963736	1.0	2109	tags=23%, list=20%, signal=29%	
HP_ABNORMAL_PATTERN_OF_RESPIRATION	HP_ABNORMAL_PATTERN_OF_RESPIRATION		405	0.26316047	1.1032966	0.12527964	0.6305038	1.0	2422	tags=27%, list=23%, signal=34%	
GOBP_REGULATION_OF_FATTY_ACID_BIOSYNTHETIC_PROCESS	GOBP_REGULATION_OF_FATTY_ACID_BIOSYNTHETIC_PROCESS		21	0.4135081	1.1028149	0.30607966	0.6314611	1.0	834	tags=19%, list=8%, signal=21%	
GOBP_NEGATIVE_REGULATION_OF_TELOMERE_MAINTENANCE	GOBP_NEGATIVE_REGULATION_OF_TELOMERE_MAINTENANCE		30	0.39304417	1.102704	0.3100189	0.6312408	1.0	2939	tags=37%, list=28%, signal=51%	
HP_TYPE_I_TRANSFERRIN_ISOFORM_PROFILE	HP_TYPE_I_TRANSFERRIN_ISOFORM_PROFILE		18	0.43668824	1.1022537	0.3313253	0.632058	1.0	2650	tags=56%, list=25%, signal=74%	
GOCC_VESICLE_LUMEN	GOCC_VESICLE_LUMEN		198	0.28386492	1.1018522	0.20039682	0.63272834	1.0	1144	tags=20%, list=11%, signal=22%	
GOMF_EXOPEPTIDASE_ACTIVITY	GOMF_EXOPEPTIDASE_ACTIVITY		49	0.34841126	1.1018047	0.29090908	0.63229614	1.0	1185	tags=20%, list=11%, signal=23%	
GOBP_PHOTOPERIODISM	GOBP_PHOTOPERIODISM		24	0.40344086	1.1016502	0.28392485	0.63219947	1.0	751	tags=13%, list=7%, signal=13%	
GOMF_ORGANIC_ANION_TRANSMEMBRANE_TRANSPORTER_ACTIVITY	GOMF_ORGANIC_ANION_TRANSMEMBRANE_TRANSPORTER_ACTIVITY		84	0.3131521	1.1016362	0.25363827	0.6316651	1.0	2303	tags=30%, list=22%, signal=38%	
HP_BICORNUATE_UTERUS	HP_BICORNUATE_UTERUS		30	0.3866381	1.1011387	0.30227745	0.63266647	1.0	3344	tags=30%, list=32%, signal=44%	
HP_DECREASED_TESTICULAR_SIZE	HP_DECREASED_TESTICULAR_SIZE		62	0.33718958	1.1004627	0.2647059	0.63426715	1.0	1184	tags=16%, list=11%, signal=18%	
GOBP_KETONE_BIOSYNTHETIC_PROCESS	GOBP_KETONE_BIOSYNTHETIC_PROCESS		24	0.40092757	1.1000823	0.31878558	0.634907	1.0	1286	tags=25%, list=12%, signal=28%	
HP_SECONDARY_AMENORRHEA	HP_SECONDARY_AMENORRHEA		27	0.39603564	1.0992984	0.31300813	0.63672704	1.0	1331	tags=30%, list=13%, signal=34%	
GOBP_B_CELL_ACTIVATION_INVOLVED_IN_IMMUNE_RESPONSE	GOBP_B_CELL_ACTIVATION_INVOLVED_IN_IMMUNE_RESPONSE		59	0.33288547	1.0986934	0.26439232	0.63798773	1.0	256	tags=12%, list=2%, signal=12%	
GOBP_RESPONSE_TO_TOPOLOGICALLY_INCORRECT_PROTEIN	GOBP_RESPONSE_TO_TOPOLOGICALLY_INCORRECT_PROTEIN		122	0.29940614	1.0980276	0.240991	0.63961595	1.0	1472	tags=16%, list=14%, signal=19%	
HP_POOR_EYE_CONTACT	HP_POOR_EYE_CONTACT		58	0.3338748	1.0979018	0.266	0.63942885	1.0	1779	tags=26%, list=17%, signal=31%	
HP_RECTAL_FISTULA	HP_RECTAL_FISTULA		15	0.44836676	1.0975354	0.348	0.64001155	1.0	1507	tags=33%, list=14%, signal=39%	
GOBP_ACTIVATION_OF_CYSTEINE_TYPE_ENDOPEPTIDASE_ACTIVITY_INVOLVED_IN_APOPTOTIC_PROCESS	GOBP_ACTIVATION_OF_CYSTEINE_TYPE_ENDOPEPTIDASE_ACTIVITY_INVOLVED_IN_APOPTOTIC_PROCESS		52	0.34376374	1.0968841	0.2777778	0.6415106	1.0	866	tags=15%, list=8%, signal=17%	
HP_BROAD_THUMB	HP_BROAD_THUMB		66	0.32528403	1.0961777	0.26548672	0.6431759	1.0	1690	tags=24%, list=16%, signal=29%	
HP_ABNORMAL_MYELINATION	HP_ABNORMAL_MYELINATION		388	0.26261994	1.0954812	0.18061674	0.6447773	1.0	2281	tags=27%, list=22%, signal=33%	
GOBP_REGULATION_OF_NUCLEOCYTOPLASMIC_TRANSPORT	GOBP_REGULATION_OF_NUCLEOCYTOPLASMIC_TRANSPORT		79	0.3151108	1.0953053	0.2631579	0.64476496	1.0	1184	tags=22%, list=11%, signal=24%	
HP_PARAPLEGIA_PARAPARESIS	HP_PARAPLEGIA_PARAPARESIS		156	0.286534	1.0950061	0.22222222	0.6451636	1.0	1892	tags=22%, list=18%, signal=27%	
GOCC_ER_TO_GOLGI_TRANSPORT_VESICLE_MEMBRANE	GOCC_ER_TO_GOLGI_TRANSPORT_VESICLE_MEMBRANE		34	0.37077463	1.0948899	0.32128513	0.6449597	1.0	3403	tags=41%, list=32%, signal=61%	
GOMF_DOUBLE_STRANDED_RNA_BINDING	GOMF_DOUBLE_STRANDED_RNA_BINDING		61	0.33302405	1.0947299	0.29	0.6448985	1.0	1305	tags=26%, list=12%, signal=30%	
HP_OSTEOMYELITIS	HP_OSTEOMYELITIS		32	0.37295035	1.0945503	0.30677292	0.644883	1.0	1577	tags=25%, list=15%, signal=29%	
GOBP_NUCLEOTIDE_PHOSPHORYLATION	GOBP_NUCLEOTIDE_PHOSPHORYLATION		64	0.32607877	1.0943339	0.26774848	0.64501417	1.0	1334	tags=23%, list=13%, signal=27%	
HP_HYPERTELORISM	HP_HYPERTELORISM		479	0.25642347	1.0940679	0.14096916	0.64531666	1.0	1902	tags=20%, list=18%, signal=23%	
HP_CEREBELLAR_ATROPHY	HP_CEREBELLAR_ATROPHY		261	0.27156624	1.0937665	0.19910514	0.6457404	1.0	1959	tags=23%, list=19%, signal=28%	
HP_TUBULOINTERSTITIAL_NEPHRITIS	HP_TUBULOINTERSTITIAL_NEPHRITIS		16	0.441244	1.0935671	0.33	0.6458028	1.0	4043	tags=63%, list=38%, signal=101%	
GOBP_POSITIVE_REGULATION_OF_CYCLIN_DEPENDENT_PROTEIN_KINASE_ACTIVITY	GOBP_POSITIVE_REGULATION_OF_CYCLIN_DEPENDENT_PROTEIN_KINASE_ACTIVITY		23	0.40583187	1.0927337	0.32226562	0.6479057	1.0	2373	tags=35%, list=23%, signal=45%	
GOBP_REGULATION_OF_RESPONSE_TO_DNA_DAMAGE_STIMULUS	GOBP_REGULATION_OF_RESPONSE_TO_DNA_DAMAGE_STIMULUS		187	0.2811956	1.0919558	0.1910828	0.6498138	1.0	1988	tags=19%, list=19%, signal=23%	
GOBP_REGULATION_OF_GRANULOCYTE_CHEMOTAXIS	GOBP_REGULATION_OF_GRANULOCYTE_CHEMOTAXIS		22	0.40501624	1.09191	0.3081511	0.6493981	1.0	33	tags=9%, list=0%, signal=9%	
GOMF_CORECEPTOR_ACTIVITY	GOMF_CORECEPTOR_ACTIVITY		20	0.4247651	1.0915339	0.33070865	0.6500097	1.0	726	tags=20%, list=7%, signal=21%	
GOBP_HISTONE_H4_K5_ACETYLATION	GOBP_HISTONE_H4_K5_ACETYLATION		16	0.43877405	1.0913408	0.33069307	0.65009105	1.0	3214	tags=63%, list=31%, signal=90%	
GOBP_LIPID_DROPLET_ORGANIZATION	GOBP_LIPID_DROPLET_ORGANIZATION		16	0.4445818	1.0910774	0.32842106	0.6503574	1.0	1479	tags=19%, list=14%, signal=22%	
HP_ABNORMAL_NUMBER_OF_TEETH	HP_ABNORMAL_NUMBER_OF_TEETH		203	0.2763442	1.0909767	0.25979382	0.6501196	1.0	1573	tags=15%, list=15%, signal=17%	
GOBP_REGULATION_OF_STEM_CELL_DIFFERENTIATION	GOBP_REGULATION_OF_STEM_CELL_DIFFERENTIATION		35	0.3696601	1.0905864	0.3122449	0.65080416	1.0	1092	tags=23%, list=10%, signal=25%	
GOMF_LYASE_ACTIVITY	GOMF_LYASE_ACTIVITY		99	0.3068469	1.0903906	0.26293105	0.6508823	1.0	1131	tags=17%, list=11%, signal=19%	
HP_PROMINENT_OCCIPUT	HP_PROMINENT_OCCIPUT		35	0.37276062	1.0902543	0.326572	0.6507095	1.0	2752	tags=37%, list=26%, signal=50%	
GOBP_ISOPRENOID_BIOSYNTHETIC_PROCESS	GOBP_ISOPRENOID_BIOSYNTHETIC_PROCESS		17	0.43799818	1.0901947	0.34126985	0.6503309	1.0	426	tags=12%, list=4%, signal=12%	
HP_ABNORMALITY_OF_THE_BASAL_GANGLIA	HP_ABNORMALITY_OF_THE_BASAL_GANGLIA		156	0.28446102	1.0897683	0.22406639	0.6511144	1.0	2822	tags=35%, list=27%, signal=47%	
HP_FINE_HAIR	HP_FINE_HAIR		49	0.33723328	1.0897012	0.30831644	0.6507509	1.0	1297	tags=16%, list=12%, signal=19%	
GOMF_NUCLEAR_RECEPTOR_ACTIVITY	GOMF_NUCLEAR_RECEPTOR_ACTIVITY		26	0.39508158	1.0893418	0.31111112	0.6513523	1.0	589	tags=15%, list=6%, signal=16%	
GOBP_RESPONSE_TO_UV	GOBP_RESPONSE_TO_UV		108	0.3028152	1.0884736	0.2701031	0.6536629	1.0	2627	tags=28%, list=25%, signal=37%	
GOCC_OUTER_MEMBRANE	GOCC_OUTER_MEMBRANE		156	0.2890241	1.0884713	0.23632385	0.65308946	1.0	1425	tags=21%, list=14%, signal=24%	
GOBP_RIBONUCLEOSIDE_METABOLIC_PROCESS	GOBP_RIBONUCLEOSIDE_METABOLIC_PROCESS		16	0.44545844	1.0880452	0.3468208	0.65386695	1.0	1744	tags=25%, list=17%, signal=30%	
HP_CEREBRAL_HYPOMYELINATION	HP_CEREBRAL_HYPOMYELINATION		27	0.3921181	1.0879084	0.35394457	0.6537607	1.0	1779	tags=26%, list=17%, signal=31%	
HP_FETAL_ONSET	HP_FETAL_ONSET		16	0.4325813	1.0874075	0.33817428	0.65483916	1.0	1047	tags=31%, list=10%, signal=35%	
HP_ABNORMAL_SIZE_OF_THE_PALPEBRAL_FISSURES	HP_ABNORMAL_SIZE_OF_THE_PALPEBRAL_FISSURES		211	0.27322346	1.0873237	0.21729958	0.65451455	1.0	2527	tags=25%, list=24%, signal=32%	
GOBP_REGULATION_OF_GENE_EXPRESSION_EPIGENETIC	GOBP_REGULATION_OF_GENE_EXPRESSION_EPIGENETIC		92	0.30781877	1.0872208	0.29872882	0.65426886	1.0	2645	tags=34%, list=25%, signal=45%	
GOBP_NEURON_MATURATION	GOBP_NEURON_MATURATION		15	0.4530903	1.0867953	0.34920636	0.65502423	1.0	2346	tags=27%, list=22%, signal=34%	
HP_ABNORMAL_CONUS_TERMINALIS_MORPHOLOGY	HP_ABNORMAL_CONUS_TERMINALIS_MORPHOLOGY		15	0.44188964	1.086385	0.37037036	0.65576154	1.0	2382	tags=20%, list=23%, signal=26%	
GOCC_ROUGH_ENDOPLASMIC_RETICULUM_MEMBRANE	GOCC_ROUGH_ENDOPLASMIC_RETICULUM_MEMBRANE		22	0.40460223	1.0855249	0.34419551	0.6579739	1.0	2985	tags=45%, list=28%, signal=63%	
GOCC_SEX_CHROMOSOME	GOCC_SEX_CHROMOSOME		22	0.40148968	1.0854301	0.33939394	0.6576927	1.0	977	tags=18%, list=9%, signal=20%	
HP_CHRONIC_PULMONARY_OBSTRUCTION	HP_CHRONIC_PULMONARY_OBSTRUCTION		21	0.4152764	1.0843736	0.33141762	0.6604889	1.0	1577	tags=33%, list=15%, signal=39%	
GOBP_REGULATION_OF_CHROMOSOME_SEGREGATION	GOBP_REGULATION_OF_CHROMOSOME_SEGREGATION		75	0.31774706	1.0832511	0.30555555	0.6636045	1.0	2811	tags=25%, list=27%, signal=34%	
GOBP_INTRINSIC_APOPTOTIC_SIGNALING_PATHWAY_IN_RESPONSE_TO_DNA_DAMAGE	GOBP_INTRINSIC_APOPTOTIC_SIGNALING_PATHWAY_IN_RESPONSE_TO_DNA_DAMAGE		75	0.31873003	1.0826468	0.28803244	0.6650237	1.0	1516	tags=20%, list=14%, signal=23%	
GOBP_POSITIVE_REGULATION_OF_DNA_TEMPLATED_TRANSCRIPTION_INITIATION	GOBP_POSITIVE_REGULATION_OF_DNA_TEMPLATED_TRANSCRIPTION_INITIATION		37	0.35104045	1.0826141	0.30718955	0.6645435	1.0	2847	tags=41%, list=27%, signal=55%	
GOBP_MITOTIC_CELL_CYCLE_PHASE_TRANSITION	GOBP_MITOTIC_CELL_CYCLE_PHASE_TRANSITION		316	0.26359296	1.0822908	0.23492724	0.6650476	1.0	2252	tags=22%, list=21%, signal=27%	
GOBP_HEART_VALVE_DEVELOPMENT	GOBP_HEART_VALVE_DEVELOPMENT		27	0.38858294	1.0820581	0.32217574	0.6652321	1.0	2265	tags=41%, list=22%, signal=52%	
HP_DEEPLY_SET_EYE	HP_DEEPLY_SET_EYE		146	0.28430453	1.0818037	0.24788135	0.6655239	1.0	1650	tags=16%, list=16%, signal=19%	
GOBP_CELLULAR_RESPONSE_TO_INTERFERON_GAMMA	GOBP_CELLULAR_RESPONSE_TO_INTERFERON_GAMMA		61	0.3254084	1.0817254	0.2962963	0.6652136	1.0	1183	tags=20%, list=11%, signal=22%	
HP_INCREASED_PROTEINOGENIC_AMINO_ACID_LEVEL_IN_URINE	HP_INCREASED_PROTEINOGENIC_AMINO_ACID_LEVEL_IN_URINE		23	0.39831483	1.0815492	0.3404711	0.66521966	1.0	593	tags=13%, list=6%, signal=14%	
HP_SEPSIS	HP_SEPSIS		64	0.32601246	1.0800409	0.2827443	0.66965777	1.0	1985	tags=31%, list=19%, signal=38%	
GOBP_TRANSITION_METAL_ION_TRANSPORT	GOBP_TRANSITION_METAL_ION_TRANSPORT		55	0.33196962	1.0796876	0.3197556	0.67021716	1.0	1325	tags=18%, list=13%, signal=21%	
GOBP_SULFUR_COMPOUND_METABOLIC_PROCESS	GOBP_SULFUR_COMPOUND_METABOLIC_PROCESS		203	0.27528393	1.0793862	0.24640657	0.67066234	1.0	1633	tags=19%, list=16%, signal=22%	
GOBP_NEGATIVE_REGULATION_OF_T_CELL_PROLIFERATION	GOBP_NEGATIVE_REGULATION_OF_T_CELL_PROLIFERATION		28	0.37633938	1.0787716	0.33536586	0.67210335	1.0	1261	tags=21%, list=12%, signal=24%	
HP_ABNORMAL_URETER_PHYSIOLOGY	HP_ABNORMAL_URETER_PHYSIOLOGY		124	0.2905732	1.0777187	0.27157894	0.6749653	1.0	1683	tags=18%, list=16%, signal=21%	
HP_SHORT_CLAVICLES	HP_SHORT_CLAVICLES		19	0.418725	1.0775415	0.33401638	0.6749697	1.0	2048	tags=37%, list=19%, signal=46%	
GOBP_DNA_CONFORMATION_CHANGE	GOBP_DNA_CONFORMATION_CHANGE		222	0.27273217	1.0773902	0.23076923	0.6748732	1.0	2837	tags=28%, list=27%, signal=38%	
GOBP_RESPONSE_TO_RADIATION	GOBP_RESPONSE_TO_RADIATION		267	0.26601785	1.0770634	0.24070022	0.6753743	1.0	1361	tags=13%, list=13%, signal=15%	
GOBP_EMBRYO_IMPLANTATION	GOBP_EMBRYO_IMPLANTATION		23	0.398059	1.0766687	0.36645964	0.67609835	1.0	1749	tags=35%, list=17%, signal=42%	
GOBP_NUCLEOSIDE_TRIPHOSPHATE_BIOSYNTHETIC_PROCESS	GOBP_NUCLEOSIDE_TRIPHOSPHATE_BIOSYNTHETIC_PROCESS		40	0.34987423	1.076149	0.316	0.67721194	1.0	1335	tags=25%, list=13%, signal=29%	
HP_TETRAPARESIS	HP_TETRAPARESIS		74	0.3178507	1.0758854	0.3006263	0.67747384	1.0	1899	tags=31%, list=18%, signal=38%	
GOMF_AMINO_ACID_BINDING	GOMF_AMINO_ACID_BINDING		19	0.41463745	1.0758113	0.36550307	0.67711943	1.0	560	tags=16%, list=5%, signal=17%	
GOCC_HISTONE_DEACETYLASE_COMPLEX	GOCC_HISTONE_DEACETYLASE_COMPLEX		62	0.32423344	1.0755414	0.30638298	0.67741126	1.0	2473	tags=29%, list=24%, signal=38%	
GOBP_PROTEIN_NEDDYLATION	GOBP_PROTEIN_NEDDYLATION		16	0.4373608	1.0754794	0.35234216	0.67703265	1.0	3124	tags=75%, list=30%, signal=107%	
HP_EPIDERMAL_ACANTHOSIS	HP_EPIDERMAL_ACANTHOSIS		15	0.43892142	1.0752727	0.33870968	0.67714196	1.0	2	tags=7%, list=0%, signal=7%	
HP_ABNORMAL_ENZYME_COENZYME_ACTIVITY	HP_ABNORMAL_ENZYME_COENZYME_ACTIVITY		340	0.25688457	1.0747979	0.20449439	0.678119	1.0	2350	tags=30%, list=22%, signal=38%	
HP_ABNORMALITY_OF_THE_FRONTAL_HAIRLINE	HP_ABNORMALITY_OF_THE_FRONTAL_HAIRLINE		127	0.29272985	1.0744042	0.26993865	0.67882156	1.0	2022	tags=24%, list=19%, signal=30%	
HP_SQUAMOUS_CELL_CARCINOMA	HP_SQUAMOUS_CELL_CARCINOMA		43	0.3461588	1.0738143	0.32016632	0.6801602	1.0	160	tags=7%, list=2%, signal=7%	
GOCC_NUCLEAR_CHROMOSOME	GOCC_NUCLEAR_CHROMOSOME		162	0.27997953	1.0736904	0.26021504	0.67998564	1.0	2851	tags=32%, list=27%, signal=43%	
GOMF_UBIQUITIN_PROTEIN_TRANSFERASE_REGULATOR_ACTIVITY	GOMF_UBIQUITIN_PROTEIN_TRANSFERASE_REGULATOR_ACTIVITY		20	0.4120463	1.0735209	0.37022132	0.68001187	1.0	2153	tags=50%, list=20%, signal=63%	
GOCC_NUCLEAR_ENVELOPE	GOCC_NUCLEAR_ENVELOPE		333	0.2601889	1.0734997	0.20851064	0.679512	1.0	2136	tags=27%, list=20%, signal=33%	
HP_INABILITY_TO_WALK	HP_INABILITY_TO_WALK		163	0.27910894	1.072952	0.2721519	0.68075	1.0	2011	tags=24%, list=19%, signal=29%	
GOBP_NAD_METABOLIC_PROCESS	GOBP_NAD_METABOLIC_PROCESS		18	0.4226782	1.0728607	0.3625	0.6804894	1.0	1131	tags=22%, list=11%, signal=25%	
HP_ADDUCTED_THUMB	HP_ADDUCTED_THUMB		57	0.329405	1.0720934	0.31300813	0.68242896	1.0	1002	tags=18%, list=10%, signal=19%	
GOMF_HSP70_PROTEIN_BINDING	GOMF_HSP70_PROTEIN_BINDING		30	0.36948866	1.0720214	0.32365146	0.6820743	1.0	1099	tags=17%, list=10%, signal=19%	
GOBP_POSITIVE_REGULATION_OF_NIK_NF_KAPPAB_SIGNALING	GOBP_POSITIVE_REGULATION_OF_NIK_NF_KAPPAB_SIGNALING		42	0.35226768	1.0718786	0.34261242	0.68197536	1.0	995	tags=17%, list=9%, signal=18%	
HP_APLASIA_HYPOPLASIA_OF_THE_LUNGS	HP_APLASIA_HYPOPLASIA_OF_THE_LUNGS		74	0.31760573	1.0712453	0.31893003	0.68351275	1.0	2517	tags=31%, list=24%, signal=41%	
HP_ABNORMAL_CIRCULATING_FATTY_ACID_ANION_CONCENTRATION	HP_ABNORMAL_CIRCULATING_FATTY_ACID_ANION_CONCENTRATION		23	0.39722288	1.0692921	0.36811024	0.68948036	1.0	1166	tags=22%, list=11%, signal=24%	
HP_ABNORMALITY_OF_THE_PLANTAR_SKIN_OF_FOOT	HP_ABNORMALITY_OF_THE_PLANTAR_SKIN_OF_FOOT		99	0.3002669	1.0692602	0.3362256	0.6889989	1.0	1878	tags=20%, list=18%, signal=24%	
HP_ENLARGED_CISTERNA_MAGNA	HP_ENLARGED_CISTERNA_MAGNA		30	0.3654736	1.0690784	0.33127573	0.6890106	1.0	2178	tags=27%, list=21%, signal=34%	
GOBP_HISTONE_H3_K4_METHYLATION	GOBP_HISTONE_H3_K4_METHYLATION		58	0.33137625	1.068379	0.3223684	0.69074476	1.0	2606	tags=28%, list=25%, signal=36%	
HP_DOWNSLANTED_PALPEBRAL_FISSURES	HP_DOWNSLANTED_PALPEBRAL_FISSURES		305	0.26003826	1.0681626	0.22072072	0.69086915	1.0	2871	tags=33%, list=27%, signal=45%	
GOBP_NEGATIVE_REGULATION_OF_FIBROBLAST_PROLIFERATION	GOBP_NEGATIVE_REGULATION_OF_FIBROBLAST_PROLIFERATION		20	0.40931514	1.0676944	0.3685259	0.691798	1.0	1183	tags=15%, list=11%, signal=17%	
HP_MUSCULAR_HYPOTONIA_OF_THE_TRUNK	HP_MUSCULAR_HYPOTONIA_OF_THE_TRUNK		153	0.28134686	1.067639	0.28446388	0.6913856	1.0	1791	tags=24%, list=17%, signal=29%	
GOBP_PROTEIN_K48_LINKED_DEUBIQUITINATION	GOBP_PROTEIN_K48_LINKED_DEUBIQUITINATION		24	0.39269686	1.0675741	0.35177866	0.6910243	1.0	3432	tags=54%, list=33%, signal=80%	
HP_HYPOHIDROSIS	HP_HYPOHIDROSIS		31	0.37647846	1.067517	0.3415133	0.69063807	1.0	186	tags=10%, list=2%, signal=10%	
GOMF_TAU_PROTEIN_BINDING	GOMF_TAU_PROTEIN_BINDING		34	0.37025154	1.0673642	0.33604887	0.69055676	1.0	747	tags=18%, list=7%, signal=19%	
HP_POSTERIOR_EMBRYOTOXON	HP_POSTERIOR_EMBRYOTOXON		42	0.3477669	1.0672565	0.34533897	0.6903414	1.0	2046	tags=29%, list=19%, signal=35%	
HP_DELAYED_ERUPTION_OF_PERMANENT_TEETH	HP_DELAYED_ERUPTION_OF_PERMANENT_TEETH		17	0.42654	1.0668435	0.37695312	0.69111276	1.0	61	tags=12%, list=1%, signal=12%	
HP_NEONATAL_HYPOTONIA	HP_NEONATAL_HYPOTONIA		123	0.28925326	1.0668156	0.3127572	0.6906211	1.0	2000	tags=29%, list=19%, signal=36%	
GOBP_REGULATION_OF_NUCLEAR_DIVISION	GOBP_REGULATION_OF_NUCLEAR_DIVISION		91	0.30297995	1.0663612	0.3	0.69155294	1.0	2560	tags=23%, list=24%, signal=30%	
GOBP_NUCLEOSOME_ORGANIZATION	GOBP_NUCLEOSOME_ORGANIZATION		82	0.30400202	1.0662258	0.31453362	0.69140965	1.0	2565	tags=28%, list=24%, signal=37%	
HP_SPEECH_APRAXIA	HP_SPEECH_APRAXIA		52	0.33369124	1.0661956	0.32427186	0.6909434	1.0	2279	tags=35%, list=22%, signal=44%	
GOBP_NEGATIVE_REGULATION_OF_LIPID_BIOSYNTHETIC_PROCESS	GOBP_NEGATIVE_REGULATION_OF_LIPID_BIOSYNTHETIC_PROCESS		31	0.36366382	1.0660315	0.35643566	0.69089776	1.0	1850	tags=29%, list=18%, signal=35%	
HP_HYPERTRICHOSIS	HP_HYPERTRICHOSIS		185	0.27398127	1.0654534	0.29411766	0.69227976	1.0	2272	tags=25%, list=22%, signal=32%	
GOBP_POSITIVE_REGULATION_OF_BINDING	GOBP_POSITIVE_REGULATION_OF_BINDING		109	0.29339078	1.0654488	0.29411766	0.69171494	1.0	1271	tags=21%, list=12%, signal=24%	
GOBP_NEGATIVE_REGULATION_OF_PROTEIN_LOCALIZATION_TO_CELL_PERIPHERY	GOBP_NEGATIVE_REGULATION_OF_PROTEIN_LOCALIZATION_TO_CELL_PERIPHERY		17	0.42753887	1.0645711	0.36899564	0.6941102	1.0	2265	tags=35%, list=22%, signal=45%	
GOBP_OSTEOBLAST_DIFFERENTIATION	GOBP_OSTEOBLAST_DIFFERENTIATION		101	0.29922798	1.0640919	0.3075314	0.6951391	1.0	779	tags=13%, list=7%, signal=14%	
HP_SYRINGOMYELIA	HP_SYRINGOMYELIA		21	0.3946226	1.063219	0.35728157	0.69756615	1.0	430	tags=14%, list=4%, signal=15%	
GOMF_N_ACYLTRANSFERASE_ACTIVITY	GOMF_N_ACYLTRANSFERASE_ACTIVITY		59	0.31852826	1.063184	0.334	0.6971031	1.0	1516	tags=20%, list=14%, signal=24%	
GOMF_P53_BINDING	GOMF_P53_BINDING		49	0.3364551	1.0630839	0.35672516	0.696875	1.0	695	tags=12%, list=7%, signal=13%	
HP_PRIMARY_AMENORRHEA	HP_PRIMARY_AMENORRHEA		50	0.33099085	1.0627296	0.34647304	0.6974624	1.0	1292	tags=22%, list=12%, signal=25%	
HP_APLASIA_HYPOPLASIA_OF_THE_EXTREMITIES	HP_APLASIA_HYPOPLASIA_OF_THE_EXTREMITIES		436	0.24867116	1.0625519	0.22037423	0.6974962	1.0	1917	tags=20%, list=18%, signal=23%	
HP_DUODENAL_STENOSIS	HP_DUODENAL_STENOSIS		25	0.38516262	1.0621437	0.35329342	0.69828296	1.0	4373	tags=56%, list=42%, signal=96%	
HP_CORPUS_CALLOSUM_ATROPHY	HP_CORPUS_CALLOSUM_ATROPHY		20	0.40378523	1.0621179	0.37909836	0.6977954	1.0	932	tags=20%, list=9%, signal=22%	
GOBP_REGULATION_OF_CD4_POSITIVE_ALPHA_BETA_T_CELL_ACTIVATION	GOBP_REGULATION_OF_CD4_POSITIVE_ALPHA_BETA_T_CELL_ACTIVATION		45	0.34085694	1.0610714	0.3483366	0.70074207	1.0	1545	tags=29%, list=15%, signal=34%	
HP_GLOMERULAR_SCLEROSIS	HP_GLOMERULAR_SCLEROSIS		52	0.3298852	1.0609919	0.33855185	0.70044553	1.0	1894	tags=31%, list=18%, signal=37%	
GOBP_RNA_INTERFERENCE	GOBP_RNA_INTERFERENCE		16	0.4302248	1.060918	0.375	0.7001143	1.0	2938	tags=63%, list=28%, signal=87%	
GOBP_LACTATION	GOBP_LACTATION		23	0.3917286	1.0593439	0.36585367	0.70495474	1.0	1780	tags=39%, list=17%, signal=47%	
HP_ABNORMALITY_OF_THE_NASAL_DORSUM	HP_ABNORMALITY_OF_THE_NASAL_DORSUM		135	0.2828993	1.0590405	0.30912864	0.70540565	1.0	2654	tags=26%, list=25%, signal=34%	
HP_OPEN_MOUTH	HP_OPEN_MOUTH		73	0.30641094	1.0587069	0.32700422	0.70598537	1.0	2856	tags=32%, list=27%, signal=43%	
GOBP_ESTABLISHMENT_OF_MITOTIC_SPINDLE_LOCALIZATION	GOBP_ESTABLISHMENT_OF_MITOTIC_SPINDLE_LOCALIZATION		26	0.38035324	1.0584989	0.36580518	0.7061237	1.0	726	tags=12%, list=7%, signal=12%	
GOBP_POSITIVE_REGULATION_OF_HEMOPOIESIS	GOBP_POSITIVE_REGULATION_OF_HEMOPOIESIS		104	0.28798983	1.0583028	0.29718876	0.70622534	1.0	1003	tags=18%, list=10%, signal=20%	
GOMF_VITAMIN_B6_BINDING	GOMF_VITAMIN_B6_BINDING		26	0.38493133	1.0579233	0.361829	0.70692295	1.0	1815	tags=35%, list=17%, signal=42%	
HP_ABNORMALITY_OF_THE_LOWER_URINARY_TRACT	HP_ABNORMALITY_OF_THE_LOWER_URINARY_TRACT		484	0.24887313	1.0570066	0.24379233	0.7094941	1.0	2311	tags=24%, list=22%, signal=29%	
GOBP_VIRAL_LIFE_CYCLE	GOBP_VIRAL_LIFE_CYCLE		201	0.27039298	1.0555732	0.25316456	0.7137158	1.0	1083	tags=16%, list=10%, signal=18%	
GOBP_MESONEPHROS_DEVELOPMENT	GOBP_MESONEPHROS_DEVELOPMENT		23	0.38005963	1.0555338	0.34243697	0.7132639	1.0	1985	tags=30%, list=19%, signal=37%	
GOBP_INTRINSIC_APOPTOTIC_SIGNALING_PATHWAY_IN_RESPONSE_TO_DNA_DAMAGE_BY_P53_CLASS_MEDIATOR	GOBP_INTRINSIC_APOPTOTIC_SIGNALING_PATHWAY_IN_RESPONSE_TO_DNA_DAMAGE_BY_P53_CLASS_MEDIATOR		34	0.35802335	1.0552229	0.3472222	0.7137574	1.0	1852	tags=26%, list=18%, signal=32%	
HP_TETRAPLEGIA_TETRAPARESIS	HP_TETRAPLEGIA_TETRAPARESIS		91	0.29688868	1.0551791	0.33262712	0.71332926	1.0	1899	tags=30%, list=18%, signal=36%	
HP_APLASIA_HYPOPLASIA_INVOLVING_THE_NOSE	HP_APLASIA_HYPOPLASIA_INVOLVING_THE_NOSE		66	0.31248322	1.0549374	0.33939394	0.7135765	1.0	2109	tags=24%, list=20%, signal=30%	
HP_SELECTIVE_TOOTH_AGENESIS	HP_SELECTIVE_TOOTH_AGENESIS		19	0.4063988	1.0543927	0.37755102	0.7147836	1.0	2187	tags=37%, list=21%, signal=46%	
GOCC_DNA_PACKAGING_COMPLEX	GOCC_DNA_PACKAGING_COMPLEX		38	0.35116836	1.0543619	0.34710744	0.71430904	1.0	664	tags=11%, list=6%, signal=11%	
GOBP_MACROPHAGE_DIFFERENTIATION	GOBP_MACROPHAGE_DIFFERENTIATION		28	0.36948648	1.0535927	0.3769063	0.7163827	1.0	2579	tags=36%, list=25%, signal=47%	
HP_HYPERHIDROSIS	HP_HYPERHIDROSIS		75	0.3063392	1.0534568	0.35699373	0.71624213	1.0	1874	tags=27%, list=18%, signal=32%	
HP_GLOSSOPTOSIS	HP_GLOSSOPTOSIS		18	0.41055116	1.0532684	0.3868472	0.7162896	1.0	1742	tags=33%, list=17%, signal=40%	
GOBP_POSITIVE_REGULATION_OF_MYELOID_LEUKOCYTE_DIFFERENTIATION	GOBP_POSITIVE_REGULATION_OF_MYELOID_LEUKOCYTE_DIFFERENTIATION		33	0.35857907	1.0532396	0.3888889	0.71579874	1.0	2030	tags=39%, list=19%, signal=49%	
HP_POOR_SUCK	HP_POOR_SUCK		58	0.32347372	1.0531473	0.36746988	0.7155207	1.0	2754	tags=36%, list=26%, signal=49%	
HP_ABNORMAL_EPIPHYSEAL_OSSIFICATION	HP_ABNORMAL_EPIPHYSEAL_OSSIFICATION		40	0.3441109	1.052219	0.36460555	0.71808255	1.0	2123	tags=28%, list=20%, signal=34%	
GOBP_PYRIDINE_CONTAINING_COMPOUND_METABOLIC_PROCESS	GOBP_PYRIDINE_CONTAINING_COMPOUND_METABOLIC_PROCESS		22	0.3940482	1.0520983	0.375	0.7178986	1.0	1867	tags=32%, list=18%, signal=39%	
HP_GASTROSTOMY_TUBE_FEEDING_IN_INFANCY	HP_GASTROSTOMY_TUBE_FEEDING_IN_INFANCY		90	0.30244973	1.0516167	0.31983805	0.7189286	1.0	2110	tags=22%, list=20%, signal=28%	
GOBP_MYELOID_CELL_DEVELOPMENT	GOBP_MYELOID_CELL_DEVELOPMENT		50	0.32385597	1.0516058	0.36798337	0.7183878	1.0	842	tags=16%, list=8%, signal=17%	
GOBP_REGULATION_OF_DNA_TEMPLATED_TRANSCRIPTION_INITIATION	GOBP_REGULATION_OF_DNA_TEMPLATED_TRANSCRIPTION_INITIATION		44	0.33442813	1.0515556	0.36893204	0.7179846	1.0	2847	tags=39%, list=27%, signal=53%	
GOBP_REGULATION_OF_GLUCONEOGENESIS	GOBP_REGULATION_OF_GLUCONEOGENESIS		29	0.36896273	1.0514665	0.3800813	0.7177316	1.0	1617	tags=28%, list=15%, signal=33%	
GOMF_MISFOLDED_PROTEIN_BINDING	GOMF_MISFOLDED_PROTEIN_BINDING		23	0.39229983	1.0513335	0.3879668	0.7176112	1.0	1696	tags=22%, list=16%, signal=26%	
GOBP_VENTRICULAR_SYSTEM_DEVELOPMENT	GOBP_VENTRICULAR_SYSTEM_DEVELOPMENT		16	0.4261963	1.0510329	0.38969073	0.718019	1.0	705	tags=13%, list=7%, signal=13%	
GOMF_PEPTIDE_N_ACETYLTRANSFERASE_ACTIVITY	GOMF_PEPTIDE_N_ACETYLTRANSFERASE_ACTIVITY		40	0.34508923	1.0506358	0.36978132	0.7188106	1.0	1516	tags=20%, list=14%, signal=23%	
HP_TELECANTHUS	HP_TELECANTHUS		92	0.295928	1.0503639	0.3531746	0.719169	1.0	2982	tags=36%, list=28%, signal=50%	
GOBP_CELLULAR_RESPONSE_TO_REACTIVE_OXYGEN_SPECIES	GOBP_CELLULAR_RESPONSE_TO_REACTIVE_OXYGEN_SPECIES		85	0.2950773	1.0501555	0.3493724	0.7192811	1.0	2580	tags=32%, list=25%, signal=42%	
HP_DYSTONIA	HP_DYSTONIA		351	0.2539303	1.0501164	0.27415732	0.7188255	1.0	1871	tags=23%, list=18%, signal=26%	
GOBP_PEPTIDYL_LYSINE_MODIFICATION	GOBP_PEPTIDYL_LYSINE_MODIFICATION		294	0.2574651	1.0495198	0.3125	0.7203232	1.0	2606	tags=30%, list=25%, signal=38%	
GOMF_ENDOPEPTIDASE_ACTIVITY	GOMF_ENDOPEPTIDASE_ACTIVITY		172	0.2722577	1.0494101	0.34232366	0.7201047	1.0	2579	tags=33%, list=25%, signal=43%	
GOBP_LUNG_ALVEOLUS_DEVELOPMENT	GOBP_LUNG_ALVEOLUS_DEVELOPMENT		20	0.3995672	1.0489495	0.3747573	0.72102654	1.0	1744	tags=35%, list=17%, signal=42%	
HP_ECZEMA	HP_ECZEMA		92	0.29997933	1.0476658	0.34303534	0.7247627	1.0	779	tags=16%, list=7%, signal=17%	
HP_NEOPLASM_OF_THE_GENITOURINARY_TRACT	HP_NEOPLASM_OF_THE_GENITOURINARY_TRACT		148	0.27821445	1.0472306	0.33264464	0.72574884	1.0	2268	tags=27%, list=22%, signal=34%	
GOMF_CORE_PROMOTER_SEQUENCE_SPECIFIC_DNA_BINDING	GOMF_CORE_PROMOTER_SEQUENCE_SPECIFIC_DNA_BINDING		33	0.35870603	1.047192	0.35365853	0.7253182	1.0	2938	tags=45%, list=28%, signal=63%	
HP_PREMATURE_SKIN_WRINKLING	HP_PREMATURE_SKIN_WRINKLING		38	0.34355566	1.0468029	0.35185185	0.7260543	1.0	1571	tags=21%, list=15%, signal=25%	
GOBP_POSITIVE_REGULATION_OF_PEPTIDYL_SERINE_PHOSPHORYLATION	GOBP_POSITIVE_REGULATION_OF_PEPTIDYL_SERINE_PHOSPHORYLATION		49	0.3296995	1.0463485	0.3592437	0.72702426	1.0	1271	tags=22%, list=12%, signal=25%	
HP_ABNORMAL_BLOOD_MONOVALENT_INORGANIC_CATION_CONCENTRATION	HP_ABNORMAL_BLOOD_MONOVALENT_INORGANIC_CATION_CONCENTRATION		56	0.3185266	1.0463008	0.37159532	0.72661036	1.0	1222	tags=16%, list=12%, signal=18%	
GOBP_EPIBOLY	GOBP_EPIBOLY		20	0.39730462	1.0454191	0.39834026	0.72900015	1.0	434	tags=15%, list=4%, signal=16%	
GOBP_NEGATIVE_REGULATION_OF_LYMPHOCYTE_ACTIVATION	GOBP_NEGATIVE_REGULATION_OF_LYMPHOCYTE_ACTIVATION		86	0.30086508	1.0451871	0.35643566	0.7292482	1.0	1739	tags=23%, list=17%, signal=28%	
HP_OPTIC_ATROPHY	HP_OPTIC_ATROPHY		398	0.25044528	1.0444025	0.2883721	0.7314677	1.0	2817	tags=30%, list=27%, signal=39%	
GOBP_REGULATION_OF_ERBB_SIGNALING_PATHWAY	GOBP_REGULATION_OF_ERBB_SIGNALING_PATHWAY		39	0.33637568	1.044326	0.35220125	0.7311373	1.0	691	tags=15%, list=7%, signal=16%	
GOBP_MATERNAL_PROCESS_INVOLVED_IN_FEMALE_PREGNANCY	GOBP_MATERNAL_PROCESS_INVOLVED_IN_FEMALE_PREGNANCY		28	0.37293008	1.0441489	0.39453125	0.7311846	1.0	1169	tags=18%, list=11%, signal=20%	
GOBP_SOMATIC_DIVERSIFICATION_OF_IMMUNOGLOBULINS	GOBP_SOMATIC_DIVERSIFICATION_OF_IMMUNOGLOBULINS		53	0.32279378	1.0438197	0.36458334	0.73177326	1.0	256	tags=9%, list=2%, signal=10%	
HP_DROWSINESS	HP_DROWSINESS		15	0.4186845	1.0436212	0.4090909	0.73186666	1.0	2707	tags=47%, list=26%, signal=63%	
HP_ABNORMAL_PULMONARY_INTERSTITIAL_MORPHOLOGY	HP_ABNORMAL_PULMONARY_INTERSTITIAL_MORPHOLOGY		71	0.307949	1.0430653	0.36041668	0.7331642	1.0	887	tags=20%, list=8%, signal=21%	
HP_PROGEROID_FACIAL_APPEARANCE	HP_PROGEROID_FACIAL_APPEARANCE		15	0.43008208	1.0429842	0.3713733	0.7328432	1.0	2966	tags=33%, list=28%, signal=46%	
HP_GENERALIZED_MYOCLONIC_SEIZURE	HP_GENERALIZED_MYOCLONIC_SEIZURE		88	0.29691845	1.0426706	0.33970276	0.73331887	1.0	607	tags=11%, list=6%, signal=12%	
GOBP_MATERNAL_PLACENTA_DEVELOPMENT	GOBP_MATERNAL_PLACENTA_DEVELOPMENT		17	0.41646177	1.0423975	0.4208417	0.7337062	1.0	2128	tags=29%, list=20%, signal=37%	
HP_EMG_NEUROPATHIC_CHANGES	HP_EMG_NEUROPATHIC_CHANGES		36	0.3451684	1.0401868	0.39453125	0.7407242	1.0	598	tags=14%, list=6%, signal=15%	
GOBP_CELL_FATE_SPECIFICATION	GOBP_CELL_FATE_SPECIFICATION		20	0.39388633	1.0398936	0.38342968	0.74114966	1.0	726	tags=20%, list=7%, signal=21%	
HP_BREAST_CARCINOMA	HP_BREAST_CARCINOMA		50	0.32904673	1.0398116	0.38842976	0.7408322	1.0	2999	tags=36%, list=29%, signal=50%	
GOBP_REGULATION_OF_PRODUCTION_OF_SMALL_RNA_INVOLVED_IN_GENE_SILENCING_BY_RNA	GOBP_REGULATION_OF_PRODUCTION_OF_SMALL_RNA_INVOLVED_IN_GENE_SILENCING_BY_RNA		16	0.4146667	1.0396821	0.4027778	0.7406855	1.0	2956	tags=38%, list=28%, signal=52%	
HP_ABNORMALITY_OF_THE_ANTERIOR_FONTANELLE	HP_ABNORMALITY_OF_THE_ANTERIOR_FONTANELLE		60	0.31388485	1.039289	0.38508064	0.7414101	1.0	2268	tags=30%, list=22%, signal=38%	
HP_ABNORMALITY_OF_THE_PHILTRUM	HP_ABNORMALITY_OF_THE_PHILTRUM		425	0.24495961	1.0391665	0.32522124	0.7412853	1.0	2755	tags=28%, list=26%, signal=36%	
GOCC_CYCLIN_DEPENDENT_PROTEIN_KINASE_HOLOENZYME_COMPLEX	GOCC_CYCLIN_DEPENDENT_PROTEIN_KINASE_HOLOENZYME_COMPLEX		38	0.3449736	1.0391511	0.38611713	0.7407626	1.0	1984	tags=29%, list=19%, signal=36%	
HP_BLUE_SCLERAE	HP_BLUE_SCLERAE		54	0.32020646	1.039136	0.3731959	0.7402238	1.0	1496	tags=22%, list=14%, signal=26%	
GOBP_CELLULAR_RESPONSE_TO_STEROID_HORMONE_STIMULUS	GOBP_CELLULAR_RESPONSE_TO_STEROID_HORMONE_STIMULUS		126	0.2801828	1.0382836	0.35983264	0.7425654	1.0	1843	tags=22%, list=18%, signal=27%	
GOBP_NEGATIVE_REGULATION_OF_EXTRINSIC_APOPTOTIC_SIGNALING_PATHWAY	GOBP_NEGATIVE_REGULATION_OF_EXTRINSIC_APOPTOTIC_SIGNALING_PATHWAY		57	0.31799313	1.038161	0.38247862	0.74238086	1.0	2629	tags=28%, list=25%, signal=37%	
HP_SARCOMA	HP_SARCOMA		111	0.28705752	1.0376139	0.36853933	0.74368006	1.0	2268	tags=32%, list=22%, signal=41%	
HP_ABNORMAL_BLOOD_TRANSITION_ELEMENT_CATION_CONCENTRATION	HP_ABNORMAL_BLOOD_TRANSITION_ELEMENT_CATION_CONCENTRATION		16	0.42604873	1.037523	0.4	0.74341255	1.0	2159	tags=44%, list=21%, signal=55%	
GOBP_REGULATION_OF_B_CELL_PROLIFERATION	GOBP_REGULATION_OF_B_CELL_PROLIFERATION		43	0.33124018	1.0373962	0.37339056	0.74327284	1.0	1131	tags=26%, list=11%, signal=29%	
GOBP_REGULATION_OF_ANIMAL_ORGAN_MORPHOGENESIS	GOBP_REGULATION_OF_ANIMAL_ORGAN_MORPHOGENESIS		37	0.3438061	1.036798	0.37090164	0.7447738	1.0	1985	tags=24%, list=19%, signal=30%	
GOBP_EMBRYONIC_CAMERA_TYPE_EYE_DEVELOPMENT	GOBP_EMBRYONIC_CAMERA_TYPE_EYE_DEVELOPMENT		18	0.40568942	1.0358791	0.41983122	0.7474321	1.0	1681	tags=28%, list=16%, signal=33%	
GOBP_HINDBRAIN_DEVELOPMENT	GOBP_HINDBRAIN_DEVELOPMENT		67	0.3059322	1.0358694	0.385567	0.74687713	1.0	1215	tags=19%, list=12%, signal=22%	
GOBP_MORPHOGENESIS_OF_AN_EPITHELIAL_SHEET	GOBP_MORPHOGENESIS_OF_AN_EPITHELIAL_SHEET		31	0.3630782	1.0358644	0.4110672	0.7463114	1.0	1172	tags=19%, list=11%, signal=22%	
HP_AMYOTROPHIC_LATERAL_SCLEROSIS	HP_AMYOTROPHIC_LATERAL_SCLEROSIS		37	0.34116852	1.0353447	0.40292275	0.74754643	1.0	2073	tags=30%, list=20%, signal=37%	
GOBP_CELLULAR_RESPONSE_TO_NUTRIENT	GOBP_CELLULAR_RESPONSE_TO_NUTRIENT		18	0.41620842	1.0352724	0.41269842	0.7472044	1.0	1854	tags=28%, list=18%, signal=34%	
HP_ABNORMAL_NUMBER_OF_INCISORS	HP_ABNORMAL_NUMBER_OF_INCISORS		24	0.37889716	1.0351317	0.42915812	0.747119	1.0	1899	tags=25%, list=18%, signal=30%	
GOBP_REPRODUCTIVE_SYSTEM_DEVELOPMENT	GOBP_REPRODUCTIVE_SYSTEM_DEVELOPMENT		188	0.26811683	1.0350006	0.33259913	0.7469926	1.0	1774	tags=21%, list=17%, signal=25%	
HP_WIDE_NASAL_BRIDGE	HP_WIDE_NASAL_BRIDGE		360	0.24796444	1.0346928	0.3187773	0.74746	1.0	2048	tags=22%, list=19%, signal=26%	
GOMF_SULFUR_COMPOUND_BINDING	GOMF_SULFUR_COMPOUND_BINDING		94	0.28837514	1.0346601	0.39039665	0.7469849	1.0	1681	tags=23%, list=16%, signal=28%	
GOBP_ATTACHMENT_OF_SPINDLE_MICROTUBULES_TO_KINETOCHORE	GOBP_ATTACHMENT_OF_SPINDLE_MICROTUBULES_TO_KINETOCHORE		29	0.3657092	1.034245	0.3811395	0.74786294	1.0	320	tags=7%, list=3%, signal=7%	
HP_HYPOPIGMENTED_SKIN_PATCHES	HP_HYPOPIGMENTED_SKIN_PATCHES		84	0.29403415	1.03346	0.3419483	0.7499727	1.0	577	tags=11%, list=5%, signal=11%	
HP_FATIGABLE_WEAKNESS_OF_RESPIRATORY_MUSCLES	HP_FATIGABLE_WEAKNESS_OF_RESPIRATORY_MUSCLES		34	0.3507019	1.0334188	0.39919356	0.74953836	1.0	2294	tags=29%, list=22%, signal=38%	
GOBP_MONOCARBOXYLIC_ACID_BIOSYNTHETIC_PROCESS	GOBP_MONOCARBOXYLIC_ACID_BIOSYNTHETIC_PROCESS		84	0.29861566	1.0330579	0.38660908	0.75022924	1.0	979	tags=14%, list=9%, signal=16%	
HP_RENAL_AGENESIS	HP_RENAL_AGENESIS		109	0.2831372	1.0327106	0.38193017	0.75080276	1.0	2022	tags=25%, list=19%, signal=30%	
GOBP_FACULTATIVE_HETEROCHROMATIN_ASSEMBLY	GOBP_FACULTATIVE_HETEROCHROMATIN_ASSEMBLY		25	0.38352495	1.0327097	0.4107143	0.7502231	1.0	2163	tags=36%, list=21%, signal=45%	
GOBP_NEGATIVE_REGULATION_OF_CELLULAR_CATABOLIC_PROCESS	GOBP_NEGATIVE_REGULATION_OF_CELLULAR_CATABOLIC_PROCESS		177	0.26607373	1.0320706	0.33333334	0.7518619	1.0	1808	tags=24%, list=17%, signal=29%	
HP_LONG_PHILTRUM	HP_LONG_PHILTRUM		261	0.25559986	1.0319041	0.36008677	0.75186527	1.0	2755	tags=31%, list=26%, signal=41%	
HP_ABNORMALITY_OF_PULMONARY_CIRCULATION	HP_ABNORMALITY_OF_PULMONARY_CIRCULATION		85	0.2959696	1.0315094	0.38105264	0.75262415	1.0	2150	tags=28%, list=20%, signal=35%	
HP_ABNORMAL_MORPHOLOGY_OF_THE_GREAT_VESSELS	HP_ABNORMAL_MORPHOLOGY_OF_THE_GREAT_VESSELS		415	0.24526247	1.0303549	0.33037695	0.7560369	1.0	2284	tags=24%, list=22%, signal=30%	
GOBP_NEGATIVE_REGULATION_OF_SIGNAL_TRANSDUCTION_IN_ABSENCE_OF_LIGAND	GOBP_NEGATIVE_REGULATION_OF_SIGNAL_TRANSDUCTION_IN_ABSENCE_OF_LIGAND		18	0.4107356	1.0302927	0.44621515	0.755685	1.0	2128	tags=33%, list=20%, signal=42%	
HP_DYSPNEA	HP_DYSPNEA		214	0.26094407	1.0302128	0.34285715	0.755398	1.0	2822	tags=35%, list=27%, signal=47%	
GOBP_RESPONSE_TO_COLD	GOBP_RESPONSE_TO_COLD		28	0.36645964	1.0301787	0.42474228	0.7549391	1.0	469	tags=18%, list=4%, signal=19%	
GOBP_UROGENITAL_SYSTEM_DEVELOPMENT	GOBP_UROGENITAL_SYSTEM_DEVELOPMENT		128	0.2792471	1.0296476	0.36808512	0.75623286	1.0	1774	tags=22%, list=17%, signal=26%	
GOBP_REGULATION_OF_UBIQUITIN_PROTEIN_TRANSFERASE_ACTIVITY	GOBP_REGULATION_OF_UBIQUITIN_PROTEIN_TRANSFERASE_ACTIVITY		50	0.3216528	1.0290334	0.38509318	0.75781196	1.0	2394	tags=34%, list=23%, signal=44%	
HP_POLYCYSTIC_KIDNEY_DYSPLASIA	HP_POLYCYSTIC_KIDNEY_DYSPLASIA		32	0.35237294	1.0289083	0.41889116	0.7576248	1.0	2845	tags=44%, list=27%, signal=60%	
HP_AGGRESSIVE_BEHAVIOR	HP_AGGRESSIVE_BEHAVIOR		154	0.27104905	1.028848	0.3607595	0.7572628	1.0	2279	tags=25%, list=22%, signal=31%	
HP_PATENT_DUCTUS_ARTERIOSUS	HP_PATENT_DUCTUS_ARTERIOSUS		211	0.2596037	1.0283735	0.3847826	0.7583203	1.0	2362	tags=25%, list=22%, signal=32%	
HP_PARAPARESIS	HP_PARAPARESIS		54	0.31894356	1.028345	0.38396624	0.7578431	1.0	1845	tags=28%, list=18%, signal=34%	
GOMF_TRANSLATION_REPRESSOR_ACTIVITY	GOMF_TRANSLATION_REPRESSOR_ACTIVITY		20	0.3915141	1.0282557	0.41247484	0.7575682	1.0	589	tags=20%, list=6%, signal=21%	
HP_POOR_COORDINATION	HP_POOR_COORDINATION		20	0.38914979	1.028036	0.4157088	0.75778574	1.0	2235	tags=30%, list=21%, signal=38%	
GOBP_POSITIVE_REGULATION_OF_PROTEIN_CONTAINING_COMPLEX_ASSEMBLY	GOBP_POSITIVE_REGULATION_OF_PROTEIN_CONTAINING_COMPLEX_ASSEMBLY		116	0.28338635	1.0275128	0.37166324	0.75898415	1.0	953	tags=13%, list=9%, signal=14%	
GOBP_REGULATION_OF_OXIDATIVE_STRESS_INDUCED_CELL_DEATH	GOBP_REGULATION_OF_OXIDATIVE_STRESS_INDUCED_CELL_DEATH		40	0.33827242	1.0264741	0.41580042	0.7620617	1.0	2627	tags=48%, list=25%, signal=63%	
GOCC_DNA_POLYMERASE_COMPLEX	GOCC_DNA_POLYMERASE_COMPLEX		19	0.40409458	1.0261325	0.42125985	0.76270056	1.0	1570	tags=21%, list=15%, signal=25%	
GOBP_NEGATIVE_REGULATION_OF_PEPTIDE_SECRETION	GOBP_NEGATIVE_REGULATION_OF_PEPTIDE_SECRETION		16	0.41793594	1.0260316	0.41286308	0.76246554	1.0	1426	tags=25%, list=14%, signal=29%	
HP_DELAYED_CLOSURE_OF_THE_ANTERIOR_FONTANELLE	HP_DELAYED_CLOSURE_OF_THE_ANTERIOR_FONTANELLE		18	0.4045249	1.0247921	0.42239687	0.7662437	1.0	598	tags=17%, list=6%, signal=18%	
GOBP_REGULATION_OF_APOPTOTIC_SIGNALING_PATHWAY	GOBP_REGULATION_OF_APOPTOTIC_SIGNALING_PATHWAY		234	0.25454113	1.02458	0.3615222	0.7664069	1.0	1857	tags=20%, list=18%, signal=24%	
GOBP_MOLTING_CYCLE	GOBP_MOLTING_CYCLE		44	0.3301696	1.0238878	0.40123457	0.76822203	1.0	1075	tags=14%, list=10%, signal=15%	
GOBP_ADP_METABOLIC_PROCESS	GOBP_ADP_METABOLIC_PROCESS		59	0.31196594	1.0230161	0.40361446	0.77066433	1.0	2436	tags=34%, list=23%, signal=44%	
HP_ABNORMAL_BLOOD_ION_CONCENTRATION	HP_ABNORMAL_BLOOD_ION_CONCENTRATION		166	0.2670814	1.0227487	0.39203355	0.7710572	1.0	1918	tags=21%, list=18%, signal=25%	
HP_TETRALOGY_OF_FALLOT	HP_TETRALOGY_OF_FALLOT		117	0.28145096	1.0226166	0.38209608	0.7709408	1.0	1002	tags=12%, list=10%, signal=13%	
GOBP_MULTICELLULAR_ORGANISM_AGING	GOBP_MULTICELLULAR_ORGANISM_AGING		21	0.38227004	1.0223212	0.4231537	0.77136993	1.0	1334	tags=14%, list=13%, signal=16%	
HP_RETROGNATHIA	HP_RETROGNATHIA		183	0.26227048	1.0222743	0.39019188	0.77094364	1.0	2150	tags=23%, list=20%, signal=29%	
HP_VOMITING	HP_VOMITING		164	0.26616263	1.0216479	0.38396624	0.7725003	1.0	1857	tags=24%, list=18%, signal=28%	
GOBP_PROTEIN_ACETYLATION	GOBP_PROTEIN_ACETYLATION		167	0.26771912	1.0213717	0.40851063	0.7729263	1.0	2520	tags=29%, list=24%, signal=38%	
HP_SCAPHOCEPHALY	HP_SCAPHOCEPHALY		19	0.3937877	1.0207585	0.41164657	0.7744299	1.0	517	tags=11%, list=5%, signal=11%	
GOMF_INTRAMOLECULAR_OXIDOREDUCTASE_ACTIVITY	GOMF_INTRAMOLECULAR_OXIDOREDUCTASE_ACTIVITY		37	0.34031573	1.020573	0.39078155	0.7744736	1.0	1940	tags=30%, list=18%, signal=36%	
GOBP_EMBRYO_DEVELOPMENT_ENDING_IN_BIRTH_OR_EGG_HATCHING	GOBP_EMBRYO_DEVELOPMENT_ENDING_IN_BIRTH_OR_EGG_HATCHING		345	0.24712381	1.0203946	0.37149534	0.7745449	1.0	2128	tags=22%, list=20%, signal=27%	
GOMF_ENDOPEPTIDASE_REGULATOR_ACTIVITY	GOMF_ENDOPEPTIDASE_REGULATOR_ACTIVITY		58	0.31279498	1.0203218	0.4106776	0.7742281	1.0	1594	tags=22%, list=15%, signal=26%	
GOBP_POSITIVE_REGULATION_OF_TOR_SIGNALING	GOBP_POSITIVE_REGULATION_OF_TOR_SIGNALING		35	0.34914228	1.0202476	0.43359375	0.7738935	1.0	1018	tags=11%, list=10%, signal=13%	
HP_SPARSE_AND_THIN_EYEBROW	HP_SPARSE_AND_THIN_EYEBROW		30	0.34640715	1.0198991	0.4235537	0.77453256	1.0	186	tags=10%, list=2%, signal=10%	
HP_RETINAL_HAMARTOMA	HP_RETINAL_HAMARTOMA		19	0.39315328	1.019573	0.43486974	0.77502817	1.0	2828	tags=53%, list=27%, signal=72%	
HP_EPISODIC_HYPERHIDROSIS	HP_EPISODIC_HYPERHIDROSIS		17	0.40962267	1.0195413	0.45550847	0.7745474	1.0	2236	tags=41%, list=21%, signal=52%	
GOBP_NEGATIVE_REGULATION_OF_CALCIUM_ION_TRANSMEMBRANE_TRANSPORT	GOBP_NEGATIVE_REGULATION_OF_CALCIUM_ION_TRANSMEMBRANE_TRANSPORT		16	0.4120055	1.0180489	0.43574297	0.7791971	1.0	1117	tags=25%, list=11%, signal=28%	
GOBP_REGULATION_OF_ENDOPLASMIC_RETICULUM_STRESS_INDUCED_INTRINSIC_APOPTOTIC_SIGNALING_PATHWAY	GOBP_REGULATION_OF_ENDOPLASMIC_RETICULUM_STRESS_INDUCED_INTRINSIC_APOPTOTIC_SIGNALING_PATHWAY		25	0.3737671	1.0178864	0.41700405	0.7791899	1.0	938	tags=16%, list=9%, signal=18%	
HP_ABNORMAL_SACRUM_MORPHOLOGY	HP_ABNORMAL_SACRUM_MORPHOLOGY		81	0.29182824	1.0174731	0.40425533	0.7800615	1.0	2027	tags=22%, list=19%, signal=27%	
HP_ABNORMAL_ESOPHAGUS_MORPHOLOGY	HP_ABNORMAL_ESOPHAGUS_MORPHOLOGY		122	0.2785671	1.0168197	0.40118578	0.78178555	1.0	1002	tags=15%, list=10%, signal=16%	
GOBP_POSITIVE_REGULATION_OF_ISOTYPE_SWITCHING	GOBP_POSITIVE_REGULATION_OF_ISOTYPE_SWITCHING		19	0.39257616	1.0166818	0.45472836	0.7816789	1.0	1661	tags=26%, list=16%, signal=31%	
HP_ABNORMAL_CIRCULATING_SEX_HORMONE_CONCENTRATION	HP_ABNORMAL_CIRCULATING_SEX_HORMONE_CONCENTRATION		50	0.3201027	1.0158935	0.45510203	0.7838749	1.0	2918	tags=42%, list=28%, signal=58%	
GOBP_FOREBRAIN_GENERATION_OF_NEURONS	GOBP_FOREBRAIN_GENERATION_OF_NEURONS		21	0.38283604	1.0158902	0.4352227	0.7832953	1.0	657	tags=19%, list=6%, signal=20%	
GOBP_BRANCHED_CHAIN_AMINO_ACID_CATABOLIC_PROCESS	GOBP_BRANCHED_CHAIN_AMINO_ACID_CATABOLIC_PROCESS		20	0.3865756	1.0158372	0.42920354	0.782907	1.0	2769	tags=35%, list=26%, signal=47%	
GOBP_NADP_METABOLIC_PROCESS	GOBP_NADP_METABOLIC_PROCESS		24	0.37723148	1.0157073	0.45238096	0.7827708	1.0	1521	tags=29%, list=14%, signal=34%	
HP_GLIOSIS	HP_GLIOSIS		74	0.29446343	1.0156616	0.40316206	0.78233653	1.0	1894	tags=24%, list=18%, signal=29%	
GOBP_REGULATION_OF_CELL_CYCLE_PROCESS	GOBP_REGULATION_OF_CELL_CYCLE_PROCESS		467	0.23876767	1.0154047	0.3840909	0.7826981	1.0	1857	tags=16%, list=18%, signal=19%	
HP_HAMARTOMA_OF_THE_EYE	HP_HAMARTOMA_OF_THE_EYE		23	0.37486303	1.0150443	0.42213115	0.78341436	1.0	2935	tags=48%, list=28%, signal=66%	
GOBP_REGULATION_OF_ERAD_PATHWAY	GOBP_REGULATION_OF_ERAD_PATHWAY		15	0.42183238	1.014995	0.44123712	0.78300744	1.0	1451	tags=20%, list=14%, signal=23%	
GOBP_POSITIVE_REGULATION_OF_PHOSPHOLIPASE_ACTIVITY	GOBP_POSITIVE_REGULATION_OF_PHOSPHOLIPASE_ACTIVITY		24	0.3747738	1.014915	0.45030427	0.7826895	1.0	1462	tags=33%, list=14%, signal=39%	
GOBP_POSITIVE_REGULATION_OF_EPITHELIAL_CELL_PROLIFERATION	GOBP_POSITIVE_REGULATION_OF_EPITHELIAL_CELL_PROLIFERATION		73	0.29594287	1.0144224	0.42592594	0.7838092	1.0	1183	tags=18%, list=11%, signal=20%	
HP_ABNORMAL_EMOTION_AFFECT_BEHAVIOR	HP_ABNORMAL_EMOTION_AFFECT_BEHAVIOR		438	0.23940015	1.014266	0.3940043	0.7837766	1.0	2083	tags=23%, list=20%, signal=27%	
GOMF_PROTEIN_DISULFIDE_ISOMERASE_ACTIVITY	GOMF_PROTEIN_DISULFIDE_ISOMERASE_ACTIVITY		15	0.41759357	1.0140885	0.4417178	0.78383374	1.0	1940	tags=33%, list=18%, signal=41%	
HP_MOTOR_NEURON_ATROPHY	HP_MOTOR_NEURON_ATROPHY		45	0.32451358	1.0138146	0.4347826	0.78418124	1.0	2356	tags=33%, list=22%, signal=43%	
GOBP_POSITIVE_REGULATION_OF_CELL_CYCLE	GOBP_POSITIVE_REGULATION_OF_CELL_CYCLE		205	0.2590043	1.013288	0.39166668	0.7854231	1.0	1762	tags=16%, list=17%, signal=18%	
GOMF_FLAVIN_ADENINE_DINUCLEOTIDE_BINDING	GOMF_FLAVIN_ADENINE_DINUCLEOTIDE_BINDING		59	0.30973098	1.0129193	0.41666666	0.78611773	1.0	2822	tags=42%, list=27%, signal=58%	
GOMF_PEPTIDASE_REGULATOR_ACTIVITY	GOMF_PEPTIDASE_REGULATOR_ACTIVITY		77	0.2950722	1.0126001	0.41683367	0.78664416	1.0	1594	tags=22%, list=15%, signal=26%	
HP_BOWING_OF_THE_LEGS	HP_BOWING_OF_THE_LEGS		118	0.2774772	1.0121536	0.41580042	0.78762984	1.0	1531	tags=18%, list=15%, signal=21%	
HP_ABNORMAL_METABOLISM	HP_ABNORMAL_METABOLISM		95	0.28399348	1.0118574	0.41825902	0.7880811	1.0	2659	tags=36%, list=25%, signal=47%	
GOMF_MAGNESIUM_ION_BINDING	GOMF_MAGNESIUM_ION_BINDING		156	0.2654507	1.0117981	0.4456067	0.78769773	1.0	1390	tags=17%, list=13%, signal=20%	
GOBP_RESPONSE_TO_RETINOIC_ACID	GOBP_RESPONSE_TO_RETINOIC_ACID		41	0.32840955	1.0115206	0.43670887	0.788081	1.0	1542	tags=32%, list=15%, signal=37%	
GOMF_LIPOPOLYSACCHARIDE_BINDING	GOMF_LIPOPOLYSACCHARIDE_BINDING		15	0.41528156	1.0110754	0.42105263	0.7891011	1.0	1907	tags=33%, list=18%, signal=41%	
GOBP_PROTEIN_KINASE_B_SIGNALING	GOBP_PROTEIN_KINASE_B_SIGNALING		92	0.2879563	1.0101172	0.42362526	0.79192525	1.0	1003	tags=15%, list=10%, signal=17%	
GOBP_PINOCYTOSIS	GOBP_PINOCYTOSIS		16	0.4025733	1.0098306	0.45039684	0.79240084	1.0	728	tags=19%, list=7%, signal=20%	
GOBP_XENOBIOTIC_TRANSPORT	GOBP_XENOBIOTIC_TRANSPORT		16	0.4054853	1.0094162	0.4493927	0.7932203	1.0	1362	tags=25%, list=13%, signal=29%	
HP_GONOSOMAL_INHERITANCE	HP_GONOSOMAL_INHERITANCE		138	0.26698223	1.0090245	0.45148516	0.793938	1.0	2847	tags=33%, list=27%, signal=44%	
GOBP_REGULATION_OF_HEMATOPOIETIC_PROGENITOR_CELL_DIFFERENTIATION	GOBP_REGULATION_OF_HEMATOPOIETIC_PROGENITOR_CELL_DIFFERENTIATION		27	0.3639801	1.0089002	0.41908714	0.7938023	1.0	784	tags=15%, list=7%, signal=16%	
GOMF_OXIDOREDUCTASE_ACTIVITY_ACTING_ON_CH_OH_GROUP_OF_DONORS	GOMF_OXIDOREDUCTASE_ACTIVITY_ACTING_ON_CH_OH_GROUP_OF_DONORS		74	0.2954379	1.0088335	0.4131356	0.793449	1.0	1273	tags=19%, list=12%, signal=21%	
GOBP_HEART_VALVE_MORPHOGENESIS	GOBP_HEART_VALVE_MORPHOGENESIS		19	0.39309952	1.008343	0.45983934	0.79458094	1.0	2265	tags=37%, list=22%, signal=47%	
GOBP_POSITIVE_REGULATION_OF_NEURON_DIFFERENTIATION	GOBP_POSITIVE_REGULATION_OF_NEURON_DIFFERENTIATION		31	0.3472176	1.0082082	0.4367589	0.7944915	1.0	2340	tags=32%, list=22%, signal=41%	
GOCC_ENDOPLASMIC_RETICULUM_GOLGI_INTERMEDIATE_COMPARTMENT_MEMBRANE	GOCC_ENDOPLASMIC_RETICULUM_GOLGI_INTERMEDIATE_COMPARTMENT_MEMBRANE		51	0.31317025	1.0072498	0.42680413	0.797208	1.0	3031	tags=35%, list=29%, signal=49%	
HP_APLASIA_HYPOPLASIA_INVOLVING_THE_FEMORAL_HEAD_AND_NECK	HP_APLASIA_HYPOPLASIA_INVOLVING_THE_FEMORAL_HEAD_AND_NECK		26	0.3671385	1.0069411	0.47368422	0.7977161	1.0	1417	tags=19%, list=13%, signal=22%	
HP_MEGALENCEPHALY	HP_MEGALENCEPHALY		25	0.35869816	1.0066978	0.43366337	0.79798824	1.0	953	tags=12%, list=9%, signal=13%	
HP_ABNORMAL_TRACHEOBRONCHIAL_MORPHOLOGY	HP_ABNORMAL_TRACHEOBRONCHIAL_MORPHOLOGY		180	0.2587091	1.0065984	0.43149284	0.7977575	1.0	1746	tags=18%, list=17%, signal=21%	
GOMF_ORGANIC_ACID_BINDING	GOMF_ORGANIC_ACID_BINDING		58	0.30435586	1.0062989	0.44379845	0.79826236	1.0	589	tags=10%, list=6%, signal=11%	
GOBP_MITOTIC_NUCLEAR_DIVISION	GOBP_MITOTIC_NUCLEAR_DIVISION		230	0.25337386	1.0051265	0.4392324	0.80180955	1.0	1878	tags=16%, list=18%, signal=19%	
GOBP_MAMMARY_GLAND_DEVELOPMENT	GOBP_MAMMARY_GLAND_DEVELOPMENT		64	0.30164385	1.0047569	0.45186642	0.80251926	1.0	1169	tags=22%, list=11%, signal=24%	
HP_ABNORMALITY_OF_THE_COMMON_COAGULATION_PATHWAY	HP_ABNORMALITY_OF_THE_COMMON_COAGULATION_PATHWAY		36	0.33729678	1.0046855	0.44575936	0.8021709	1.0	1093	tags=19%, list=10%, signal=22%	
HP_ELEVATED_PULMONARY_ARTERY_PRESSURE	HP_ELEVATED_PULMONARY_ARTERY_PRESSURE		68	0.2973365	1.0045567	0.4217119	0.80204105	1.0	2150	tags=29%, list=20%, signal=37%	
HP_PARAGANGLIOMA	HP_PARAGANGLIOMA		17	0.40184388	1.0043731	0.45961538	0.8021048	1.0	2309	tags=47%, list=22%, signal=60%	
GOBP_NEGATIVE_REGULATION_OF_MITOCHONDRION_ORGANIZATION	GOBP_NEGATIVE_REGULATION_OF_MITOCHONDRION_ORGANIZATION		34	0.3435955	1.004251	0.44680852	0.80192494	1.0	1232	tags=21%, list=12%, signal=23%	
HP_CURLY_HAIR	HP_CURLY_HAIR		23	0.36439225	1.0041987	0.46153846	0.80152804	1.0	2714	tags=30%, list=26%, signal=41%	
HP_ANGIOFIBROMAS	HP_ANGIOFIBROMAS		20	0.38362902	1.004041	0.45596868	0.8014707	1.0	2935	tags=55%, list=28%, signal=76%	
HP_SLOW_DECREASE_IN_VISUAL_ACUITY	HP_SLOW_DECREASE_IN_VISUAL_ACUITY		17	0.3974346	1.004036	0.47131148	0.80090463	1.0	2506	tags=41%, list=24%, signal=54%	
HP_ABNORMALITY_OF_DENTAL_STRUCTURE	HP_ABNORMALITY_OF_DENTAL_STRUCTURE		191	0.25726432	1.0033177	0.44208494	0.80280393	1.0	542	tags=8%, list=5%, signal=8%	
GOBP_REGULATION_OF_MITOTIC_CELL_CYCLE_PHASE_TRANSITION	GOBP_REGULATION_OF_MITOTIC_CELL_CYCLE_PHASE_TRANSITION		225	0.2535563	1.003248	0.41978022	0.8024707	1.0	2596	tags=25%, list=25%, signal=33%	
HP_GENERALIZED_HYPOPIGMENTATION_OF_HAIR	HP_GENERALIZED_HYPOPIGMENTATION_OF_HAIR		30	0.35222676	1.0030792	0.4446764	0.8024323	1.0	326	tags=13%, list=3%, signal=14%	
HP_ABSENT_TOE	HP_ABSENT_TOE		59	0.30389246	1.0025922	0.44842106	0.8035794	1.0	2048	tags=29%, list=19%, signal=36%	
HP_SHORT_DIGIT	HP_SHORT_DIGIT		366	0.24051826	1.0023882	0.4208038	0.8037253	1.0	2128	tags=22%, list=20%, signal=26%	
GOBP_SIGNALING_RECEPTOR_LIGAND_PRECURSOR_PROCESSING	GOBP_SIGNALING_RECEPTOR_LIGAND_PRECURSOR_PROCESSING		16	0.39365602	1.0021714	0.46850392	0.8039162	1.0	214	tags=13%, list=2%, signal=13%	
HP_REGIONAL_ABNORMALITY_OF_SKIN	HP_REGIONAL_ABNORMALITY_OF_SKIN		326	0.24222475	1.0016263	0.41409692	0.80527246	1.0	2128	tags=20%, list=20%, signal=24%	
GOBP_PROTEIN_ACYLATION	GOBP_PROTEIN_ACYLATION		197	0.25545982	1.001617	0.4106383	0.8047205	1.0	2520	tags=28%, list=24%, signal=36%	
HP_ABNORMAL_SHOULDER_MORPHOLOGY	HP_ABNORMAL_SHOULDER_MORPHOLOGY		87	0.2886813	1.0014863	0.42236024	0.80460006	1.0	2048	tags=26%, list=19%, signal=33%	
HP_REDUNDANT_SKIN	HP_REDUNDANT_SKIN		51	0.313619	1.0011467	0.45738044	0.8052617	1.0	1324	tags=20%, list=13%, signal=22%	
GOBP_REGULATION_OF_ALPHA_BETA_T_CELL_DIFFERENTIATION	GOBP_REGULATION_OF_ALPHA_BETA_T_CELL_DIFFERENTIATION		47	0.32070038	1.0008265	0.43712574	0.80579364	1.0	699	tags=17%, list=7%, signal=18%	
GOBP_POSITIVE_REGULATION_OF_PEPTIDASE_ACTIVITY	GOBP_POSITIVE_REGULATION_OF_PEPTIDASE_ACTIVITY		111	0.27565512	1.0005774	0.43574297	0.80608374	1.0	866	tags=15%, list=8%, signal=17%	
HP_PULMONIC_STENOSIS	HP_PULMONIC_STENOSIS		83	0.28737435	1.0003753	0.4679089	0.8061901	1.0	1622	tags=19%, list=15%, signal=23%	
GOBP_B_CELL_HOMEOSTASIS	GOBP_B_CELL_HOMEOSTASIS		26	0.3624172	1.000133	0.45528457	0.80645674	1.0	1075	tags=19%, list=10%, signal=21%	
GOMF_CYCLIN_DEPENDENT_PROTEIN_KINASE_ACTIVITY	GOMF_CYCLIN_DEPENDENT_PROTEIN_KINASE_ACTIVITY		20	0.37547627	0.9997391	0.43670887	0.807218	1.0	982	tags=20%, list=9%, signal=22%	
GOBP_POSITIVE_REGULATION_OF_LIPASE_ACTIVITY	GOBP_POSITIVE_REGULATION_OF_LIPASE_ACTIVITY		28	0.35422164	0.999195	0.48414376	0.80848247	1.0	1462	tags=29%, list=14%, signal=33%	
HP_JOINT_HYPERMOBILITY	HP_JOINT_HYPERMOBILITY		237	0.25109643	0.9984267	0.45676276	0.81065047	1.0	2281	tags=23%, list=22%, signal=29%	
HP_COMA	HP_COMA		61	0.3018853	0.998389	0.446281	0.8101924	1.0	1335	tags=20%, list=13%, signal=22%	
GOBP_AMINOGLYCAN_BIOSYNTHETIC_PROCESS	GOBP_AMINOGLYCAN_BIOSYNTHETIC_PROCESS		45	0.3170427	0.997869	0.44834712	0.81149524	1.0	1086	tags=16%, list=10%, signal=17%	
HP_ATROPHY_DEGENERATION_AFFECTING_THE_BRAINSTEM	HP_ATROPHY_DEGENERATION_AFFECTING_THE_BRAINSTEM		21	0.37626275	0.9975846	0.45510203	0.8119525	1.0	1586	tags=29%, list=15%, signal=34%	
HP_PULMONARY_FIBROSIS	HP_PULMONARY_FIBROSIS		44	0.31800362	0.9973804	0.43815514	0.81211233	1.0	887	tags=20%, list=8%, signal=22%	
GOMF_BHLH_TRANSCRIPTION_FACTOR_BINDING	GOMF_BHLH_TRANSCRIPTION_FACTOR_BINDING		17	0.3863019	0.99709994	0.4620253	0.8125266	1.0	1436	tags=18%, list=14%, signal=20%	
HP_ABNORMALITY_OF_MOUTH_SHAPE	HP_ABNORMALITY_OF_MOUTH_SHAPE		158	0.26184416	0.99694675	0.43712574	0.81246775	1.0	2382	tags=24%, list=23%, signal=31%	
HP_DUPLICATION_OF_HAND_BONES	HP_DUPLICATION_OF_HAND_BONES		147	0.2615402	0.9962799	0.4531915	0.8142426	1.0	2588	tags=27%, list=25%, signal=35%	
HP_MICRODONTIA	HP_MICRODONTIA		75	0.29290724	0.9961724	0.43204868	0.81403035	1.0	1945	tags=21%, list=19%, signal=26%	
HP_DYSPHASIA	HP_DYSPHASIA		38	0.3295573	0.9957905	0.45858586	0.8147738	1.0	2027	tags=29%, list=19%, signal=36%	
GOBP_REGULATION_OF_ESTABLISHMENT_OF_PROTEIN_LOCALIZATION_TO_MITOCHONDRION	GOBP_REGULATION_OF_ESTABLISHMENT_OF_PROTEIN_LOCALIZATION_TO_MITOCHONDRION		39	0.33117744	0.99547744	0.44650206	0.8153304	1.0	1397	tags=23%, list=13%, signal=27%	
HP_ABNORMALITY_OF_THE_PULMONARY_VASCULATURE	HP_ABNORMALITY_OF_THE_PULMONARY_VASCULATURE		124	0.26517025	0.99538046	0.46526316	0.81508774	1.0	2048	tags=23%, list=19%, signal=29%	
HP_INTESTINAL_FISTULA	HP_INTESTINAL_FISTULA		19	0.38202122	0.9951366	0.45783132	0.8153267	1.0	1507	tags=26%, list=14%, signal=31%	
GOBP_MITOTIC_SISTER_CHROMATID_SEGREGATION	GOBP_MITOTIC_SISTER_CHROMATID_SEGREGATION		145	0.26429138	0.99498624	0.47010309	0.81527907	1.0	2791	tags=22%, list=27%, signal=30%	
HP_HYPERACTIVE_DEEP_TENDON_REFLEXES	HP_HYPERACTIVE_DEEP_TENDON_REFLEXES		19	0.38388902	0.99495023	0.47609562	0.8148165	1.0	1845	tags=37%, list=18%, signal=45%	
HP_IMPAIRED_SOCIAL_INTERACTIONS	HP_IMPAIRED_SOCIAL_INTERACTIONS		80	0.28492165	0.99480206	0.4547325	0.8147701	1.0	1779	tags=21%, list=17%, signal=25%	
HP_ABNORMAL_GLUCOSE_HOMEOSTASIS	HP_ABNORMAL_GLUCOSE_HOMEOSTASIS		357	0.23794359	0.994523	0.46086955	0.8151982	1.0	2359	tags=24%, list=22%, signal=29%	
GOBP_CELL_JUNCTION_MAINTENANCE	GOBP_CELL_JUNCTION_MAINTENANCE		16	0.3967649	0.9944654	0.44941634	0.8148211	1.0	1	tags=6%, list=0%, signal=6%	
HP_RELATIVE_MACROCEPHALY	HP_RELATIVE_MACROCEPHALY		64	0.30257595	0.9942517	0.4434968	0.8149879	1.0	2048	tags=25%, list=19%, signal=31%	
GOBP_REGULATION_OF_AEROBIC_RESPIRATION	GOBP_REGULATION_OF_AEROBIC_RESPIRATION		24	0.36239865	0.99421376	0.48022598	0.81454986	1.0	2387	tags=50%, list=23%, signal=65%	
GOBP_MITOTIC_METAPHASE_PLATE_CONGRESSION	GOBP_MITOTIC_METAPHASE_PLATE_CONGRESSION		49	0.31378645	0.99307185	0.4748954	0.81799346	1.0	1111	tags=12%, list=11%, signal=14%	
HP_ABNORMAL_SCALP_MORPHOLOGY	HP_ABNORMAL_SCALP_MORPHOLOGY		245	0.24652141	0.9928132	0.45238096	0.8183312	1.0	2886	tags=33%, list=27%, signal=44%	
HP_HYDROURETER	HP_HYDROURETER		45	0.31392908	0.99270314	0.45759368	0.8181356	1.0	2786	tags=29%, list=27%, signal=39%	
HP_POOR_HEAD_CONTROL	HP_POOR_HEAD_CONTROL		126	0.2694049	0.99257416	0.45021644	0.81800264	1.0	2273	tags=32%, list=22%, signal=40%	
HP_ABNORMAL_FEMORAL_HEAD_MORPHOLOGY	HP_ABNORMAL_FEMORAL_HEAD_MORPHOLOGY		47	0.3176404	0.99232227	0.48559672	0.8182775	1.0	1417	tags=19%, list=13%, signal=22%	
GOBP_EPITHELIAL_CELL_DIFFERENTIATION_INVOLVED_IN_KIDNEY_DEVELOPMENT	GOBP_EPITHELIAL_CELL_DIFFERENTIATION_INVOLVED_IN_KIDNEY_DEVELOPMENT		15	0.399235	0.99229974	0.4698795	0.81777656	1.0	1985	tags=40%, list=19%, signal=49%	
GOBP_IN_UTERO_EMBRYONIC_DEVELOPMENT	GOBP_IN_UTERO_EMBRYONIC_DEVELOPMENT		236	0.24840593	0.99106616	0.46238938	0.82149315	1.0	2165	tags=24%, list=21%, signal=29%	
GOBP_DNA_DEPENDENT_DNA_REPLICATION	GOBP_DNA_DEPENDENT_DNA_REPLICATION		138	0.26505277	0.9908726	0.47816592	0.8215638	1.0	3088	tags=32%, list=29%, signal=45%	
HP_ABNORMAL_URINE_METABOLITE_LEVEL	HP_ABNORMAL_URINE_METABOLITE_LEVEL		299	0.24396281	0.9908475	0.49438202	0.8210733	1.0	1869	tags=21%, list=18%, signal=25%	
HP_IMPAIRED_T_CELL_FUNCTION	HP_IMPAIRED_T_CELL_FUNCTION		21	0.36507264	0.9907161	0.47173488	0.8209546	1.0	1415	tags=29%, list=13%, signal=33%	
GOBP_PEPTIDYL_CYSTEINE_MODIFICATION	GOBP_PEPTIDYL_CYSTEINE_MODIFICATION		31	0.3477192	0.99050415	0.48827294	0.8211209	1.0	944	tags=13%, list=9%, signal=14%	
HP_RADIAL_DEVIATION_OF_THE_HAND_OR_OF_FINGERS_OF_THE_HAND	HP_RADIAL_DEVIATION_OF_THE_HAND_OR_OF_FINGERS_OF_THE_HAND		34	0.33877078	0.9904466	0.4888438	0.82076234	1.0	2011	tags=32%, list=19%, signal=40%	
HP_APLASIA_HYPOPLASIA_OF_THE_THYMUS	HP_APLASIA_HYPOPLASIA_OF_THE_THYMUS		27	0.3507458	0.990446	0.47368422	0.82018757	1.0	1744	tags=33%, list=17%, signal=40%	
HP_ABNORMAL_EPIDERMAL_MORPHOLOGY	HP_ABNORMAL_EPIDERMAL_MORPHOLOGY		34	0.34064823	0.99031126	0.4531915	0.82009137	1.0	582	tags=9%, list=6%, signal=9%	
GOBP_NEGATIVE_REGULATION_OF_PROTEIN_CATABOLIC_PROCESS	GOBP_NEGATIVE_REGULATION_OF_PROTEIN_CATABOLIC_PROCESS		81	0.28527096	0.9903044	0.4558233	0.8195373	1.0	1662	tags=23%, list=16%, signal=28%	
GOBP_HISTONE_MODIFICATION	GOBP_HISTONE_MODIFICATION		385	0.23492426	0.98977524	0.5010571	0.8207902	1.0	2520	tags=26%, list=24%, signal=33%	
HP_OLIGOHYDRAMNIOS	HP_OLIGOHYDRAMNIOS		94	0.27870718	0.9888357	0.45416668	0.82350004	1.0	1797	tags=17%, list=17%, signal=20%	
HP_HALLUX_VALGUS	HP_HALLUX_VALGUS		39	0.32552192	0.98842204	0.45929018	0.8243311	1.0	2150	tags=33%, list=20%, signal=42%	
GOBP_POSITIVE_REGULATION_OF_CANONICAL_WNT_SIGNALING_PATHWAY	GOBP_POSITIVE_REGULATION_OF_CANONICAL_WNT_SIGNALING_PATHWAY		57	0.30553445	0.98833054	0.49072164	0.8240883	1.0	1128	tags=18%, list=11%, signal=20%	
GOBP_REGULATION_OF_PROTEIN_MODIFICATION_BY_SMALL_PROTEIN_CONJUGATION_OR_REMOVAL	GOBP_REGULATION_OF_PROTEIN_MODIFICATION_BY_SMALL_PROTEIN_CONJUGATION_OR_REMOVAL		200	0.25168052	0.98817766	0.4954751	0.82402474	1.0	2172	tags=28%, list=21%, signal=34%	
HP_CHRONIC_RHINITIS	HP_CHRONIC_RHINITIS		15	0.40337273	0.9881415	0.45808968	0.8235793	1.0	1213	tags=20%, list=12%, signal=23%	
GOMF_L_AMINO_ACID_TRANSMEMBRANE_TRANSPORTER_ACTIVITY	GOMF_L_AMINO_ACID_TRANSMEMBRANE_TRANSPORTER_ACTIVITY		26	0.35531348	0.9879785	0.48407644	0.8235847	1.0	1335	tags=27%, list=13%, signal=31%	
HP_ECLABION	HP_ECLABION		85	0.27991414	0.9876797	0.46252677	0.8240206	1.0	1231	tags=14%, list=12%, signal=16%	
HP_ABNORMALITY_OF_THE_CEREBROSPINAL_FLUID	HP_ABNORMALITY_OF_THE_CEREBROSPINAL_FLUID		344	0.2368532	0.98766166	0.48565573	0.8234963	1.0	2268	tags=23%, list=22%, signal=29%	
HP_THICK_VERMILION_BORDER	HP_THICK_VERMILION_BORDER		180	0.2521817	0.9858104	0.46822035	0.82939667	1.0	2752	tags=28%, list=26%, signal=37%	
GOBP_REGULATION_OF_DOUBLE_STRAND_BREAK_REPAIR_VIA_HOMOLOGOUS_RECOMBINATION	GOBP_REGULATION_OF_DOUBLE_STRAND_BREAK_REPAIR_VIA_HOMOLOGOUS_RECOMBINATION		57	0.2997664	0.9857712	0.45920303	0.82894385	1.0	573	tags=7%, list=5%, signal=7%	
HP_INFANTILE_ONSET	HP_INFANTILE_ONSET		370	0.23682663	0.98533297	0.47368422	0.8298573	1.0	2447	tags=29%, list=23%, signal=37%	
GOBP_PLACENTA_DEVELOPMENT	GOBP_PLACENTA_DEVELOPMENT		73	0.28347814	0.98532355	0.48814228	0.82930946	1.0	1936	tags=26%, list=18%, signal=32%	
GOBP_COPII_COATED_VESICLE_BUDDING	GOBP_COPII_COATED_VESICLE_BUDDING		28	0.34663945	0.9844903	0.4731405	0.8315536	1.0	2547	tags=32%, list=24%, signal=42%	
HP_ABNORMALITY_OF_THE_LENS	HP_ABNORMALITY_OF_THE_LENS		465	0.23288222	0.98439664	0.49086758	0.83130026	1.0	2075	tags=21%, list=20%, signal=25%	
GOMF_OXIDOREDUCTASE_ACTIVITY_ACTING_ON_THE_ALDEHYDE_OR_OXO_GROUP_OF_DONORS_NAD_OR_NADP_AS_ACCEPTOR	GOMF_OXIDOREDUCTASE_ACTIVITY_ACTING_ON_THE_ALDEHYDE_OR_OXO_GROUP_OF_DONORS_NAD_OR_NADP_AS_ACCEPTOR		22	0.3688348	0.9841376	0.46242774	0.8316923	1.0	1166	tags=23%, list=11%, signal=26%	
HP_OCULAR_ANTERIOR_SEGMENT_DYSGENESIS	HP_OCULAR_ANTERIOR_SEGMENT_DYSGENESIS		195	0.25170007	0.9840222	0.4989429	0.8315119	1.0	2524	tags=28%, list=24%, signal=36%	
HP_TYPE_I_DIABETES_MELLITUS	HP_TYPE_I_DIABETES_MELLITUS		21	0.36137226	0.98402005	0.4749499	0.8309435	1.0	102	tags=10%, list=1%, signal=10%	
GOBP_CELLULAR_RESPONSE_TO_TOPOLOGICALLY_INCORRECT_PROTEIN	GOBP_CELLULAR_RESPONSE_TO_TOPOLOGICALLY_INCORRECT_PROTEIN		92	0.27951908	0.983896	0.4810379	0.83080333	1.0	863	tags=12%, list=8%, signal=13%	
HP_CNS_HYPOMYELINATION	HP_CNS_HYPOMYELINATION		61	0.29677942	0.983885	0.48033127	0.8302711	1.0	2656	tags=34%, list=25%, signal=46%	
HP_POSTNATAL_GROWTH_RETARDATION	HP_POSTNATAL_GROWTH_RETARDATION		136	0.2651563	0.9838703	0.4861111	0.8297518	1.0	1634	tags=17%, list=16%, signal=20%	
HP_PARAPLEGIA	HP_PARAPLEGIA		109	0.27127522	0.98382735	0.4861996	0.82932186	1.0	1892	tags=21%, list=18%, signal=25%	
HP_DIASTEMA	HP_DIASTEMA		16	0.3952061	0.983642	0.46732673	0.8294031	1.0	397	tags=13%, list=4%, signal=13%	
GOBP_MULTI_ORGANISM_REPRODUCTIVE_PROCESS	GOBP_MULTI_ORGANISM_REPRODUCTIVE_PROCESS		403	0.23644266	0.9827955	0.5	0.8317952	1.0	1789	tags=18%, list=17%, signal=21%	
HP_ABNORMALITY_OF_NEUTROPHILS	HP_ABNORMALITY_OF_NEUTROPHILS		203	0.25315908	0.98273647	0.49667406	0.83142704	1.0	2309	tags=29%, list=22%, signal=37%	
GOBP_REGULATION_OF_CELL_AGING	GOBP_REGULATION_OF_CELL_AGING		29	0.34730923	0.982293	0.47547975	0.8323949	1.0	951	tags=17%, list=9%, signal=19%	
GOBP_IRE1_MEDIATED_UNFOLDED_PROTEIN_RESPONSE	GOBP_IRE1_MEDIATED_UNFOLDED_PROTEIN_RESPONSE		16	0.40135983	0.98213404	0.48228347	0.83239514	1.0	1134	tags=25%, list=11%, signal=28%	
GOBP_PROTEASOMAL_PROTEIN_CATABOLIC_PROCESS	GOBP_PROTEASOMAL_PROTEIN_CATABOLIC_PROCESS		399	0.2346463	0.9820765	0.5221445	0.8320305	1.0	1593	tags=17%, list=15%, signal=19%	
GOBP_POSITIVE_REGULATION_OF_RESPONSE_TO_DNA_DAMAGE_STIMULUS	GOBP_POSITIVE_REGULATION_OF_RESPONSE_TO_DNA_DAMAGE_STIMULUS		95	0.27706537	0.9816889	0.49684212	0.83275783	1.0	1988	tags=20%, list=19%, signal=24%	
GOBP_RESPONSE_TO_FATTY_ACID	GOBP_RESPONSE_TO_FATTY_ACID		24	0.35837358	0.9814156	0.48727983	0.83310926	1.0	1835	tags=25%, list=17%, signal=30%	
HP_HEMATOLOGICAL_NEOPLASM	HP_HEMATOLOGICAL_NEOPLASM		203	0.24751216	0.9813078	0.4967033	0.8328986	1.0	1344	tags=17%, list=13%, signal=19%	
HP_TRIANGULAR_FACE	HP_TRIANGULAR_FACE		83	0.2834867	0.981221	0.4748491	0.83264804	1.0	2109	tags=24%, list=20%, signal=30%	
GOBP_PEPTIDYL_LYSINE_METHYLATION	GOBP_PEPTIDYL_LYSINE_METHYLATION		103	0.27599344	0.9812002	0.47817048	0.8321567	1.0	2923	tags=33%, list=28%, signal=45%	
HP_FURROWED_TONGUE	HP_FURROWED_TONGUE		30	0.3400285	0.98115677	0.48023716	0.83172864	1.0	3127	tags=43%, list=30%, signal=62%	
HP_ABNORMAL_ERYTHROCYTE_MORPHOLOGY	HP_ABNORMAL_ERYTHROCYTE_MORPHOLOGY		415	0.23407274	0.98108804	0.5416667	0.8313959	1.0	2389	tags=28%, list=23%, signal=34%	
GOBP_FATTY_ACID_BIOSYNTHETIC_PROCESS	GOBP_FATTY_ACID_BIOSYNTHETIC_PROCESS		67	0.29203987	0.9808836	0.4647577	0.83153135	1.0	979	tags=15%, list=9%, signal=16%	
HP_ROD_CONE_DYSTROPHY	HP_ROD_CONE_DYSTROPHY		112	0.27149883	0.98032933	0.49064448	0.8328773	1.0	2359	tags=29%, list=22%, signal=36%	
HP_SPASTIC_PARAPLEGIA	HP_SPASTIC_PARAPLEGIA		98	0.27512845	0.9800574	0.48007968	0.8332816	1.0	1892	tags=21%, list=18%, signal=26%	
HP_EEG_WITH_BURST_SUPPRESSION	HP_EEG_WITH_BURST_SUPPRESSION		21	0.36214197	0.97980714	0.48875254	0.8336293	1.0	262	tags=14%, list=2%, signal=15%	
HP_ABNORMAL_HAND_MORPHOLOGY	HP_ABNORMAL_HAND_MORPHOLOGY		240	0.24479587	0.97971165	0.50317127	0.8333868	1.0	2125	tags=23%, list=20%, signal=28%	
GOBP_LIPOPOLYSACCHARIDE_MEDIATED_SIGNALING_PATHWAY	GOBP_LIPOPOLYSACCHARIDE_MEDIATED_SIGNALING_PATHWAY		36	0.33446315	0.97926486	0.5150905	0.83438104	1.0	2265	tags=31%, list=22%, signal=39%	
HP_ABNORMAL_NASAL_BASE	HP_ABNORMAL_NASAL_BASE		22	0.37248877	0.9792563	0.49899396	0.8338475	1.0	3499	tags=50%, list=33%, signal=75%	
GOBP_APOPTOTIC_PROCESS_INVOLVED_IN_DEVELOPMENT	GOBP_APOPTOTIC_PROCESS_INVOLVED_IN_DEVELOPMENT		16	0.39295843	0.9790082	0.4437751	0.8341563	1.0	1681	tags=31%, list=16%, signal=37%	
HP_LIMB_HYPERTONIA	HP_LIMB_HYPERTONIA		85	0.2830765	0.97880584	0.49253732	0.8342991	1.0	1845	tags=21%, list=18%, signal=25%	
GOMF_AMINO_ACID_TRANSMEMBRANE_TRANSPORTER_ACTIVITY	GOMF_AMINO_ACID_TRANSMEMBRANE_TRANSPORTER_ACTIVITY		34	0.3280785	0.97866267	0.49895614	0.83424884	1.0	1335	tags=24%, list=13%, signal=27%	
HP_PROMINENT_FOREHEAD	HP_PROMINENT_FOREHEAD		156	0.25248235	0.9784854	0.5093555	0.83432645	1.0	1199	tags=14%, list=11%, signal=16%	
HP_ABNORMALITY_OF_THE_TESTIS_SIZE	HP_ABNORMALITY_OF_THE_TESTIS_SIZE		92	0.28062564	0.9776367	0.5	0.83673644	1.0	1184	tags=12%, list=11%, signal=13%	
HP_NAIL_DYSPLASIA	HP_NAIL_DYSPLASIA		74	0.2892378	0.9774101	0.49789914	0.8369836	1.0	503	tags=11%, list=5%, signal=11%	
HP_NARROW_MOUTH	HP_NARROW_MOUTH		163	0.25560218	0.9773721	0.51592356	0.8365478	1.0	1786	tags=20%, list=17%, signal=24%	
HP_ABNORMALITY_OF_FONTANELLES	HP_ABNORMALITY_OF_FONTANELLES		93	0.2740227	0.9771872	0.5020576	0.8366216	1.0	2309	tags=30%, list=22%, signal=38%	
HP_BROAD_LONG_BONES	HP_BROAD_LONG_BONES		98	0.2753998	0.9766374	0.47983015	0.8379883	1.0	1690	tags=20%, list=16%, signal=24%	
GOBP_INTRACELLULAR_ESTROGEN_RECEPTOR_SIGNALING_PATHWAY	GOBP_INTRACELLULAR_ESTROGEN_RECEPTOR_SIGNALING_PATHWAY		35	0.32205564	0.9765696	0.48875254	0.8376385	1.0	1692	tags=20%, list=16%, signal=24%	
GOBP_CELL_REDOX_HOMEOSTASIS	GOBP_CELL_REDOX_HOMEOSTASIS		26	0.35345462	0.9760292	0.48832685	0.83896846	1.0	2720	tags=46%, list=26%, signal=62%	
HP_ABNORMAL_HAIR_LABORATORY_EXAMINATION	HP_ABNORMAL_HAIR_LABORATORY_EXAMINATION		16	0.40231985	0.975979	0.5070422	0.83856994	1.0	2654	tags=38%, list=25%, signal=50%	
HP_NAUSEA_AND_VOMITING	HP_NAUSEA_AND_VOMITING		293	0.23869124	0.97571045	0.5322196	0.8389214	1.0	2409	tags=28%, list=23%, signal=36%	
HP_GONADAL_DYSGENESIS	HP_GONADAL_DYSGENESIS		17	0.3903696	0.97498643	0.4925926	0.8408797	1.0	3296	tags=53%, list=31%, signal=77%	
GOBP_CHROMOSOME_SEPARATION	GOBP_CHROMOSOME_SEPARATION		79	0.27927607	0.9746078	0.5064655	0.8416437	1.0	2560	tags=20%, list=24%, signal=27%	
GOBP_NEGATIVE_REGULATION_OF_EXTRINSIC_APOPTOTIC_SIGNALING_PATHWAY_VIA_DEATH_DOMAIN_RECEPTORS	GOBP_NEGATIVE_REGULATION_OF_EXTRINSIC_APOPTOTIC_SIGNALING_PATHWAY_VIA_DEATH_DOMAIN_RECEPTORS		18	0.37663427	0.97459143	0.5214844	0.8411356	1.0	2627	tags=33%, list=25%, signal=44%	
GOBP_NUCLEOTIDE_TRANSMEMBRANE_TRANSPORT	GOBP_NUCLEOTIDE_TRANSMEMBRANE_TRANSPORT		16	0.38689396	0.97447205	0.51004016	0.84100163	1.0	2303	tags=44%, list=22%, signal=56%	
HP_CHOREOATHETOSIS	HP_CHOREOATHETOSIS		71	0.2873647	0.97395056	0.4857143	0.8422422	1.0	2006	tags=23%, list=19%, signal=28%	
HP_ASTHMA	HP_ASTHMA		56	0.29844922	0.9739371	0.49019608	0.84172934	1.0	1857	tags=20%, list=18%, signal=24%	
GOBP_INTRINSIC_APOPTOTIC_SIGNALING_PATHWAY	GOBP_INTRINSIC_APOPTOTIC_SIGNALING_PATHWAY		209	0.24541822	0.9739326	0.53930134	0.84117717	1.0	1516	tags=18%, list=14%, signal=20%	
GOMF_DNA_HELICASE_ACTIVITY	GOMF_DNA_HELICASE_ACTIVITY		67	0.28831983	0.97371304	0.49612403	0.8413704	1.0	2745	tags=31%, list=26%, signal=42%	
GOBP_CELL_CYCLE_CHECKPOINT_SIGNALING	GOBP_CELL_CYCLE_CHECKPOINT_SIGNALING		141	0.25793982	0.9734033	0.5083333	0.841911	1.0	2560	tags=23%, list=24%, signal=30%	
GOBP_RESPONSE_TO_CAMP	GOBP_RESPONSE_TO_CAMP		37	0.3265876	0.97328526	0.48712447	0.84177655	1.0	2191	tags=32%, list=21%, signal=41%	
GOMF_ATP_DEPENDENT_ACTIVITY_ACTING_ON_DNA	GOMF_ATP_DEPENDENT_ACTIVITY_ACTING_ON_DNA		94	0.27375937	0.9732598	0.5093555	0.84130365	1.0	2745	tags=29%, list=26%, signal=39%	
GOBP_RESPONSE_TO_TOXIC_SUBSTANCE	GOBP_RESPONSE_TO_TOXIC_SUBSTANCE		101	0.27273735	0.9724875	0.50390625	0.8434614	1.0	2091	tags=25%, list=20%, signal=31%	
HP_MUSCLE_SPASM	HP_MUSCLE_SPASM		102	0.26908568	0.9724071	0.5165975	0.84317183	1.0	2436	tags=32%, list=23%, signal=42%	
GOBP_DEOXYRIBOSE_PHOSPHATE_METABOLIC_PROCESS	GOBP_DEOXYRIBOSE_PHOSPHATE_METABOLIC_PROCESS		32	0.33737025	0.97219884	0.52734375	0.8433538	1.0	2226	tags=34%, list=21%, signal=43%	
HP_PARALYSIS	HP_PARALYSIS		88	0.2762205	0.9718495	0.51292247	0.8439797	1.0	2294	tags=33%, list=22%, signal=42%	
HP_NARROW_PALPEBRAL_FISSURE	HP_NARROW_PALPEBRAL_FISSURE		34	0.32789186	0.97173005	0.49510762	0.8438437	1.0	2863	tags=26%, list=27%, signal=36%	
HP_EYELID_COLOBOMA	HP_EYELID_COLOBOMA		20	0.36845657	0.9716601	0.4854369	0.8435022	1.0	452	tags=20%, list=4%, signal=21%	
GOBP_POSITIVE_REGULATION_OF_ALPHA_BETA_T_CELL_DIFFERENTIATION	GOBP_POSITIVE_REGULATION_OF_ALPHA_BETA_T_CELL_DIFFERENTIATION		33	0.33624172	0.9716105	0.4861996	0.8431163	1.0	953	tags=21%, list=9%, signal=23%	
HP_GENERALIZED_ONSET_MOTOR_SEIZURE	HP_GENERALIZED_ONSET_MOTOR_SEIZURE		111	0.26769865	0.971581	0.5020747	0.84264964	1.0	607	tags=11%, list=6%, signal=11%	
GOBP_NUCLEOSOME_ASSEMBLY	GOBP_NUCLEOSOME_ASSEMBLY		40	0.3221601	0.9714051	0.4957627	0.8427182	1.0	1570	tags=18%, list=15%, signal=20%	
HP_MACROTIA	HP_MACROTIA		189	0.24919933	0.9713291	0.52380955	0.84241813	1.0	1690	tags=19%, list=16%, signal=22%	
HP_MORPHOLOGICAL_ABNORMALITY_OF_THE_PYRAMIDAL_TRACT	HP_MORPHOLOGICAL_ABNORMALITY_OF_THE_PYRAMIDAL_TRACT		51	0.3054235	0.97080576	0.4876033	0.8436346	1.0	1582	tags=20%, list=15%, signal=23%	
GOMF_ORGANIC_ACID_TRANSMEMBRANE_TRANSPORTER_ACTIVITY	GOMF_ORGANIC_ACID_TRANSMEMBRANE_TRANSPORTER_ACTIVITY		65	0.28612363	0.9703234	0.5156576	0.8447475	1.0	2287	tags=29%, list=22%, signal=37%	
GOCC_CONDENSED_CHROMOSOME	GOCC_CONDENSED_CHROMOSOME		187	0.24549463	0.97019225	0.52866244	0.8446301	1.0	2637	tags=21%, list=25%, signal=27%	
GOBP_AMINE_METABOLIC_PROCESS	GOBP_AMINE_METABOLIC_PROCESS		46	0.30959707	0.9699174	0.49499	0.8449853	1.0	1302	tags=20%, list=12%, signal=22%	
GOBP_PROTEIN_HOMOOLIGOMERIZATION	GOBP_PROTEIN_HOMOOLIGOMERIZATION		98	0.2770401	0.9693038	0.5225806	0.84657526	1.0	1278	tags=17%, list=12%, signal=20%	
GOBP_NEGATIVE_REGULATION_OF_PROTEIN_SECRETION	GOBP_NEGATIVE_REGULATION_OF_PROTEIN_SECRETION		29	0.3379133	0.9690658	0.4990403	0.8468307	1.0	1426	tags=24%, list=14%, signal=28%	
HP_ABNORMAL_NASOLACRIMAL_SYSTEM_MORPHOLOGY	HP_ABNORMAL_NASOLACRIMAL_SYSTEM_MORPHOLOGY		34	0.32643038	0.9688292	0.5081633	0.84707844	1.0	2116	tags=26%, list=20%, signal=33%	
GOBP_ARTERY_MORPHOGENESIS	GOBP_ARTERY_MORPHOGENESIS		23	0.36134028	0.9687277	0.49799198	0.84687304	1.0	691	tags=17%, list=7%, signal=19%	
HP_INCREASED_SUSCEPTIBILITY_TO_FRACTURES	HP_INCREASED_SUSCEPTIBILITY_TO_FRACTURES		118	0.26288837	0.9686321	0.5125523	0.8466398	1.0	703	tags=10%, list=7%, signal=11%	
HP_LOWER_LIMB_SPASTICITY	HP_LOWER_LIMB_SPASTICITY		160	0.25510022	0.96799934	0.51890755	0.8482724	1.0	1892	tags=24%, list=18%, signal=29%	
HP_PELVIC_KIDNEY	HP_PELVIC_KIDNEY		23	0.35064203	0.96773744	0.47945204	0.84865993	1.0	1002	tags=17%, list=10%, signal=19%	
HP_CONICAL_TOOTH	HP_CONICAL_TOOTH		21	0.36678287	0.96710616	0.5041841	0.8502909	1.0	895	tags=14%, list=9%, signal=16%	
HP_ABNORMAL_NEURAL_TUBE_MORPHOLOGY	HP_ABNORMAL_NEURAL_TUBE_MORPHOLOGY		117	0.26460913	0.96590275	0.5237113	0.8538476	1.0	1452	tags=15%, list=14%, signal=18%	
HP_TUBE_FEEDING	HP_TUBE_FEEDING		160	0.2545087	0.9649259	0.5822511	0.8567077	1.0	1783	tags=18%, list=17%, signal=21%	
GOBP_KIDNEY_EPITHELIUM_DEVELOPMENT	GOBP_KIDNEY_EPITHELIUM_DEVELOPMENT		37	0.32576433	0.96454096	0.536	0.8574542	1.0	1746	tags=30%, list=17%, signal=36%	
GOBP_NEPHRON_EPITHELIUM_DEVELOPMENT	GOBP_NEPHRON_EPITHELIUM_DEVELOPMENT		28	0.34320644	0.96443725	0.522541	0.8572738	1.0	1985	tags=36%, list=19%, signal=44%	
GOBP_NEGATIVE_REGULATION_OF_DNA_BIOSYNTHETIC_PROCESS	GOBP_NEGATIVE_REGULATION_OF_DNA_BIOSYNTHETIC_PROCESS		24	0.35387206	0.9641454	0.492126	0.8577696	1.0	2866	tags=46%, list=27%, signal=63%	
HP_ABNORMAL_UPPER_LIMB_BONE_MORPHOLOGY	HP_ABNORMAL_UPPER_LIMB_BONE_MORPHOLOGY		282	0.23701495	0.96402144	0.5720524	0.85760635	1.0	2279	tags=23%, list=22%, signal=29%	
HP_CYSTIC_HYGROMA	HP_CYSTIC_HYGROMA		30	0.3322584	0.9638979	0.5089109	0.85746	1.0	779	tags=13%, list=7%, signal=14%	
HP_ABNORMAL_PROXIMAL_PHALANX_MORPHOLOGY_OF_THE_HAND	HP_ABNORMAL_PROXIMAL_PHALANX_MORPHOLOGY_OF_THE_HAND		15	0.3919855	0.96383166	0.5088757	0.8571211	1.0	397	tags=7%, list=4%, signal=7%	
HP_DELAYED_CRANIAL_SUTURE_CLOSURE	HP_DELAYED_CRANIAL_SUTURE_CLOSURE		52	0.29886588	0.9634943	0.54130435	0.857744	1.0	2615	tags=38%, list=25%, signal=51%	
HP_PREMATURE_BIRTH	HP_PREMATURE_BIRTH		89	0.27447185	0.9633034	0.53452116	0.8578351	1.0	2334	tags=28%, list=22%, signal=36%	
HP_PROGRESSIVE_EXTERNAL_OPHTHALMOPLEGIA	HP_PROGRESSIVE_EXTERNAL_OPHTHALMOPLEGIA		17	0.3862153	0.9631349	0.49488753	0.8578236	1.0	1115	tags=12%, list=11%, signal=13%	
GOBP_MITOTIC_SISTER_CHROMATID_COHESION	GOBP_MITOTIC_SISTER_CHROMATID_COHESION		21	0.36159378	0.96287864	0.5178197	0.85816044	1.0	2726	tags=29%, list=26%, signal=39%	
GOBP_RESPONSE_TO_ANTIBIOTIC	GOBP_RESPONSE_TO_ANTIBIOTIC		35	0.32136717	0.9625427	0.51926976	0.85874486	1.0	1134	tags=20%, list=11%, signal=22%	
GOCC_LIPID_DROPLET	GOCC_LIPID_DROPLET		57	0.29518852	0.9621603	0.51689863	0.8594578	1.0	1174	tags=16%, list=11%, signal=18%	
GOBP_CARBOHYDRATE_BIOSYNTHETIC_PROCESS	GOBP_CARBOHYDRATE_BIOSYNTHETIC_PROCESS		112	0.26418632	0.96208894	0.5541667	0.85913813	1.0	1789	tags=21%, list=17%, signal=24%	
HP_ABNORMAL_FINGER_PHALANX_MORPHOLOGY	HP_ABNORMAL_FINGER_PHALANX_MORPHOLOGY		435	0.2266087	0.96164024	0.6056645	0.86013144	1.0	2601	tags=26%, list=25%, signal=33%	
GOBP_CHROMATIN_ORGANIZATION	GOBP_CHROMATIN_ORGANIZATION		404	0.22771837	0.9615361	0.6163522	0.8599181	1.0	2645	tags=26%, list=25%, signal=34%	
HP_GLYCOSURIA	HP_GLYCOSURIA		15	0.3975186	0.9613183	0.51171875	0.8601065	1.0	2778	tags=40%, list=26%, signal=54%	
HP_DIMINISHED_MOVEMENT	HP_DIMINISHED_MOVEMENT		37	0.32249182	0.9612598	0.49377593	0.8597545	1.0	2978	tags=43%, list=28%, signal=60%	
HP_KETOSIS	HP_KETOSIS		32	0.33034152	0.9612016	0.50489235	0.8593884	1.0	1447	tags=25%, list=14%, signal=29%	
GOMF_RNA_POLYMERASE_CORE_ENZYME_BINDING	GOMF_RNA_POLYMERASE_CORE_ENZYME_BINDING		36	0.31640267	0.95991427	0.5040816	0.8632566	1.0	3315	tags=44%, list=32%, signal=65%	
HP_ABNORMAL_C_REACTIVE_PROTEIN_LEVEL	HP_ABNORMAL_C_REACTIVE_PROTEIN_LEVEL		18	0.36983895	0.95991045	0.48541668	0.86270505	1.0	887	tags=17%, list=8%, signal=18%	
GOBP_POSITIVE_REGULATION_OF_INTERLEUKIN_4_PRODUCTION	GOBP_POSITIVE_REGULATION_OF_INTERLEUKIN_4_PRODUCTION		17	0.38434607	0.95949566	0.5144033	0.8635737	1.0	630	tags=24%, list=6%, signal=25%	
GOBP_NUCLEOSIDE_TRIPHOSPHATE_METABOLIC_PROCESS	GOBP_NUCLEOSIDE_TRIPHOSPHATE_METABOLIC_PROCESS		59	0.29181263	0.9594272	0.53846157	0.8632582	1.0	1335	tags=20%, list=13%, signal=23%	
GOBP_RESPONSE_TO_NICOTINE	GOBP_RESPONSE_TO_NICOTINE		20	0.36515692	0.9593461	0.5057252	0.8629618	1.0	1075	tags=25%, list=10%, signal=28%	
GOMF_XENOBIOTIC_TRANSMEMBRANE_TRANSPORTER_ACTIVITY	GOMF_XENOBIOTIC_TRANSMEMBRANE_TRANSPORTER_ACTIVITY		15	0.3944607	0.95905715	0.49598393	0.86341286	1.0	1949	tags=33%, list=19%, signal=41%	
GOBP_NEGATIVE_REGULATION_OF_DNA_METABOLIC_PROCESS	GOBP_NEGATIVE_REGULATION_OF_DNA_METABOLIC_PROCESS		79	0.2735406	0.95902556	0.5468085	0.86294603	1.0	2297	tags=27%, list=22%, signal=34%	
HP_ABNORMAL_CONNECTION_OF_THE_CARDIAC_SEGMENTS	HP_ABNORMAL_CONNECTION_OF_THE_CARDIAC_SEGMENTS		146	0.25351548	0.95901626	0.55726874	0.8624104	1.0	1538	tags=15%, list=15%, signal=17%	
HP_SLENDER_LONG_BONE	HP_SLENDER_LONG_BONE		32	0.32713705	0.9589024	0.51520914	0.8622258	1.0	2110	tags=22%, list=20%, signal=27%	
GOMF_DNA_BINDING_TRANSCRIPTION_FACTOR_BINDING	GOMF_DNA_BINDING_TRANSCRIPTION_FACTOR_BINDING		333	0.23283942	0.9588476	0.62473345	0.86184573	1.0	2199	tags=24%, list=21%, signal=29%	
GOBP_BROWN_FAT_CELL_DIFFERENTIATION	GOBP_BROWN_FAT_CELL_DIFFERENTIATION		23	0.34638193	0.95880044	0.51417005	0.8614418	1.0	241	tags=9%, list=2%, signal=9%	
HP_ABNORMAL_TRICUSPID_VALVE_MORPHOLOGY	HP_ABNORMAL_TRICUSPID_VALVE_MORPHOLOGY		20	0.36829674	0.95876634	0.5364373	0.8609826	1.0	2755	tags=40%, list=26%, signal=54%	
HP_CYTOCHROME_C_OXIDASE_NEGATIVE_MUSCLE_FIBERS	HP_CYTOCHROME_C_OXIDASE_NEGATIVE_MUSCLE_FIBERS		16	0.37543762	0.9583155	0.504931	0.8619659	1.0	2620	tags=38%, list=25%, signal=50%	
GOBP_RESPONSE_TO_CADMIUM_ION	GOBP_RESPONSE_TO_CADMIUM_ION		36	0.3200222	0.95798856	0.53955376	0.862567	1.0	895	tags=17%, list=9%, signal=18%	
HP_ABNORMALITY_OF_THE_NAIL	HP_ABNORMALITY_OF_THE_NAIL		256	0.23755197	0.9576953	0.5816733	0.8629487	1.0	2308	tags=24%, list=22%, signal=30%	
GOMF_METHYLATED_HISTONE_BINDING	GOMF_METHYLATED_HISTONE_BINDING		60	0.29105005	0.95752954	0.5298969	0.8629764	1.0	3176	tags=33%, list=30%, signal=47%	
HP_ABNORMALITY_OF_URINE_HOMEOSTASIS	HP_ABNORMALITY_OF_URINE_HOMEOSTASIS		384	0.2280718	0.95718807	0.66059226	0.8635737	1.0	1869	tags=21%, list=18%, signal=25%	
HP_MACRODONTIA	HP_MACRODONTIA		50	0.30106372	0.95638907	0.5420168	0.86570436	1.0	1690	tags=22%, list=16%, signal=26%	
GOBP_CHROMATIN_REMODELING	GOBP_CHROMATIN_REMODELING		160	0.25368348	0.9562942	0.60210526	0.8654697	1.0	2587	tags=28%, list=25%, signal=37%	
HP_FEEDING_DIFFICULTIES_IN_INFANCY	HP_FEEDING_DIFFICULTIES_IN_INFANCY		388	0.22901662	0.95613784	0.6330472	0.86544734	1.0	2125	tags=20%, list=20%, signal=24%	
GOBP_REGULATION_OF_PROTEASOMAL_PROTEIN_CATABOLIC_PROCESS	GOBP_REGULATION_OF_PROTEASOMAL_PROTEIN_CATABOLIC_PROCESS		145	0.25391164	0.9559662	0.5969163	0.8654816	1.0	2434	tags=27%, list=23%, signal=35%	
GOBP_DNA_CATABOLIC_PROCESS_ENDONUCLEOLYTIC	GOBP_DNA_CATABOLIC_PROCESS_ENDONUCLEOLYTIC		17	0.37079263	0.95593876	0.52208835	0.86502016	1.0	2859	tags=47%, list=27%, signal=65%	
HP_DICARBOXYLIC_ACIDURIA	HP_DICARBOXYLIC_ACIDURIA		38	0.31764385	0.955526	0.53169733	0.8658709	1.0	3318	tags=50%, list=32%, signal=73%	
HP_OPTIC_NERVE_HYPOPLASIA	HP_OPTIC_NERVE_HYPOPLASIA		38	0.31980124	0.95549965	0.5078125	0.8654085	1.0	1690	tags=18%, list=16%, signal=22%	
HP_DEPRESSED_NASAL_BRIDGE	HP_DEPRESSED_NASAL_BRIDGE		342	0.23107941	0.95457447	0.63424945	0.86801654	1.0	2040	tags=22%, list=19%, signal=26%	
GOBP_REGULATION_OF_PHOSPHOLIPASE_ACTIVITY	GOBP_REGULATION_OF_PHOSPHOLIPASE_ACTIVITY		29	0.33664444	0.9545129	0.49159664	0.8676823	1.0	1462	tags=28%, list=14%, signal=32%	
GOBP_CENTRAL_NERVOUS_SYSTEM_NEURON_DIFFERENTIATION	GOBP_CENTRAL_NERVOUS_SYSTEM_NEURON_DIFFERENTIATION		62	0.28898108	0.9543056	0.54	0.8678082	1.0	657	tags=11%, list=6%, signal=12%	
GOBP_ANDROGEN_RECEPTOR_SIGNALING_PATHWAY	GOBP_ANDROGEN_RECEPTOR_SIGNALING_PATHWAY		34	0.32629547	0.9533235	0.5059761	0.8705851	1.0	1444	tags=18%, list=14%, signal=20%	
GOBP_MUCOPOLYSACCHARIDE_METABOLIC_PROCESS	GOBP_MUCOPOLYSACCHARIDE_METABOLIC_PROCESS		43	0.30673054	0.9531598	0.5487078	0.8705874	1.0	1086	tags=16%, list=10%, signal=18%	
HP_SLANTING_OF_THE_PALPEBRAL_FISSURE	HP_SLANTING_OF_THE_PALPEBRAL_FISSURE		454	0.2241868	0.95279956	0.67281103	0.8712315	1.0	2871	tags=28%, list=27%, signal=37%	
HP_CONGENITAL_ONSET	HP_CONGENITAL_ONSET		239	0.23793612	0.95259845	0.604119	0.87135607	1.0	1902	tags=21%, list=18%, signal=25%	
GOBP_REGULATION_OF_PHOSPHOLIPASE_C_ACTIVITY	GOBP_REGULATION_OF_PHOSPHOLIPASE_C_ACTIVITY		19	0.37598816	0.9525468	0.5190381	0.8709672	1.0	1462	tags=37%, list=14%, signal=43%	
HP_APLASIA_HYPOPLASIA_OF_METATARSAL_BONES	HP_APLASIA_HYPOPLASIA_OF_METATARSAL_BONES		33	0.32353488	0.9525315	0.5281837	0.87046427	1.0	1141	tags=15%, list=11%, signal=17%	
HP_BROAD_FINGER	HP_BROAD_FINGER		88	0.27523392	0.95233154	0.5612903	0.87060034	1.0	1690	tags=20%, list=16%, signal=24%	
GOBP_BODY_FLUID_SECRETION	GOBP_BODY_FLUID_SECRETION		38	0.31350622	0.951755	0.5276596	0.87198657	1.0	1926	tags=32%, list=18%, signal=39%	
GOBP_CELL_AGING	GOBP_CELL_AGING		80	0.27400145	0.9516505	0.5618449	0.8717821	1.0	1075	tags=14%, list=10%, signal=15%	
HP_FLAT_FACE	HP_FLAT_FACE		62	0.28379202	0.9516497	0.55284554	0.8712303	1.0	2309	tags=29%, list=22%, signal=37%	
GOMF_CHANNEL_INHIBITOR_ACTIVITY	GOMF_CHANNEL_INHIBITOR_ACTIVITY		15	0.39021727	0.95159453	0.5205479	0.8708644	1.0	1075	tags=20%, list=10%, signal=22%	
GOBP_STEROL_HOMEOSTASIS	GOBP_STEROL_HOMEOSTASIS		34	0.3226896	0.951357	0.5409836	0.8711488	1.0	1174	tags=18%, list=11%, signal=20%	
HP_SMALL_HAND	HP_SMALL_HAND		62	0.28784338	0.95131946	0.5760649	0.8707183	1.0	1121	tags=15%, list=11%, signal=16%	
HP_BRITTLE_HAIR	HP_BRITTLE_HAIR		24	0.346617	0.95131576	0.5283019	0.87017494	1.0	1412	tags=25%, list=13%, signal=29%	
HP_RESPIRATORY_INSUFFICIENCY	HP_RESPIRATORY_INSUFFICIENCY		351	0.22934833	0.95122474	0.64801866	0.86996424	1.0	2311	tags=26%, list=22%, signal=33%	
HP_ABNORMALITY_OF_PROTHROMBIN	HP_ABNORMALITY_OF_PROTHROMBIN		23	0.35117275	0.95110816	0.52772075	0.8698145	1.0	1335	tags=17%, list=13%, signal=20%	
HP_FOCAL_DYSTONIA	HP_FOCAL_DYSTONIA		56	0.29196557	0.9505716	0.53814435	0.8711393	1.0	1764	tags=25%, list=17%, signal=30%	
HP_SPINA_BIFIDA	HP_SPINA_BIFIDA		100	0.2698284	0.9504817	0.56008583	0.8709221	1.0	1452	tags=16%, list=14%, signal=18%	
GOMF_MOLECULAR_FUNCTION_INHIBITOR_ACTIVITY	GOMF_MOLECULAR_FUNCTION_INHIBITOR_ACTIVITY		28	0.3325348	0.9503305	0.5220126	0.87087363	1.0	1075	tags=18%, list=10%, signal=20%	
HP_NEONATAL_ONSET	HP_NEONATAL_ONSET		45	0.30181742	0.9499637	0.5369979	0.8715859	1.0	703	tags=11%, list=7%, signal=12%	
HP_ANORECTAL_ANOMALY	HP_ANORECTAL_ANOMALY		207	0.24162555	0.94983286	0.59414226	0.8715211	1.0	2266	tags=22%, list=22%, signal=28%	
GOBP_CELLULAR_RESPONSE_TO_GLUCOSE_STARVATION	GOBP_CELLULAR_RESPONSE_TO_GLUCOSE_STARVATION		38	0.31277218	0.9493643	0.5502008	0.8725346	1.0	2862	tags=32%, list=27%, signal=43%	
GOCC_CHROMOSOMAL_REGION	GOCC_CHROMOSOMAL_REGION		287	0.23358208	0.9491177	0.62660944	0.87282735	1.0	2351	tags=18%, list=22%, signal=23%	
HP_GENU_VALGUM	HP_GENU_VALGUM		85	0.2709842	0.9490165	0.56762296	0.872629	1.0	1918	tags=20%, list=18%, signal=24%	
HP_NASOLACRIMAL_DUCT_OBSTRUCTION	HP_NASOLACRIMAL_DUCT_OBSTRUCTION		15	0.39513323	0.94889194	0.53112036	0.8725046	1.0	2037	tags=27%, list=19%, signal=33%	
HP_DYSPHAGIA	HP_DYSPHAGIA		285	0.23200162	0.9488685	0.6399177	0.8720454	1.0	2037	tags=21%, list=19%, signal=26%	
GOBP_METAPHASE_PLATE_CONGRESSION	GOBP_METAPHASE_PLATE_CONGRESSION		61	0.28575343	0.9484417	0.5510204	0.87290514	1.0	1181	tags=11%, list=11%, signal=13%	
GOBP_NEGATIVE_REGULATION_OF_LYMPHOCYTE_MEDIATED_IMMUNITY	GOBP_NEGATIVE_REGULATION_OF_LYMPHOCYTE_MEDIATED_IMMUNITY		26	0.33976227	0.9479128	0.56751466	0.87416154	1.0	1510	tags=27%, list=14%, signal=31%	
HP_SPINA_BIFIDA_OCCULTA	HP_SPINA_BIFIDA_OCCULTA		45	0.30259648	0.9478573	0.5759494	0.87377447	1.0	1239	tags=16%, list=12%, signal=18%	
GOBP_POSITIVE_REGULATION_OF_ORGANELLE_ORGANIZATION	GOBP_POSITIVE_REGULATION_OF_ORGANELLE_ORGANIZATION		323	0.23065351	0.94677526	0.6213389	0.8769234	1.0	1232	tags=11%, list=12%, signal=13%	
HP_INFLAMMATORY_ABNORMALITY_OF_THE_EYE	HP_INFLAMMATORY_ABNORMALITY_OF_THE_EYE		122	0.2551094	0.946646	0.58672374	0.8768071	1.0	275	tags=8%, list=3%, signal=8%	
HP_WIDE_MOUTH	HP_WIDE_MOUTH		143	0.25441518	0.9462306	0.59322035	0.8776613	1.0	2696	tags=25%, list=26%, signal=33%	
GOBP_REGULATION_OF_ATP_DEPENDENT_ACTIVITY	GOBP_REGULATION_OF_ATP_DEPENDENT_ACTIVITY		48	0.30138013	0.94618785	0.566879	0.8772504	1.0	1011	tags=17%, list=10%, signal=18%	
HP_TAPERED_FINGER	HP_TAPERED_FINGER		76	0.2754253	0.9454214	0.5828343	0.8792945	1.0	2370	tags=24%, list=23%, signal=30%	
HP_RECURRENT_PAROXYSMAL_HEADACHE	HP_RECURRENT_PAROXYSMAL_HEADACHE		16	0.3766937	0.9452054	0.5242915	0.879444	1.0	2236	tags=44%, list=21%, signal=55%	
HP_BABINSKI_SIGN	HP_BABINSKI_SIGN		168	0.24626392	0.9452033	0.6066946	0.87889755	1.0	1878	tags=20%, list=18%, signal=24%	
GOBP_DEVELOPMENT_OF_PRIMARY_SEXUAL_CHARACTERISTICS	GOBP_DEVELOPMENT_OF_PRIMARY_SEXUAL_CHARACTERISTICS		89	0.26731768	0.9447846	0.5602537	0.8797437	1.0	1774	tags=21%, list=17%, signal=25%	
GOBP_REGULATION_OF_INFLAMMATORY_RESPONSE_TO_ANTIGENIC_STIMULUS	GOBP_REGULATION_OF_INFLAMMATORY_RESPONSE_TO_ANTIGENIC_STIMULUS		20	0.3663067	0.9447496	0.52380955	0.8793187	1.0	1116	tags=20%, list=11%, signal=22%	
HP_ABNORMALITY_OF_THE_NASAL_ALAE	HP_ABNORMALITY_OF_THE_NASAL_ALAE		414	0.2236708	0.9447091	0.66816145	0.87890893	1.0	2882	tags=28%, list=27%, signal=36%	
HP_CENTRAL_NERVOUS_SYSTEM_CYST	HP_CENTRAL_NERVOUS_SYSTEM_CYST		123	0.2534134	0.944569	0.59375	0.87881225	1.0	2845	tags=30%, list=27%, signal=41%	
GOBP_POSITIVE_REGULATION_OF_PHOSPHATIDYLINOSITOL_3_KINASE_SIGNALING	GOBP_POSITIVE_REGULATION_OF_PHOSPHATIDYLINOSITOL_3_KINASE_SIGNALING		33	0.31909588	0.9445509	0.5365854	0.87832284	1.0	1857	tags=30%, list=18%, signal=37%	
HP_PERIORBITAL_FULLNESS	HP_PERIORBITAL_FULLNESS		33	0.32375032	0.94421774	0.5211864	0.8789212	1.0	2527	tags=33%, list=24%, signal=44%	
HP_PULMONARY_HEMORRHAGE	HP_PULMONARY_HEMORRHAGE		21	0.35593984	0.9441077	0.530572	0.8787385	1.0	1093	tags=24%, list=10%, signal=27%	
HP_ABNORMAL_CELLULAR_PHENOTYPE	HP_ABNORMAL_CELLULAR_PHENOTYPE		413	0.2244948	0.9440945	0.6688172	0.87823945	1.0	1902	tags=21%, list=18%, signal=24%	
GOBP_DNA_PACKAGING	GOBP_DNA_PACKAGING		135	0.2525979	0.94378144	0.6087963	0.87876725	1.0	1570	tags=14%, list=15%, signal=16%	
GOBP_POSITIVE_REGULATION_OF_GLIOGENESIS	GOBP_POSITIVE_REGULATION_OF_GLIOGENESIS		31	0.32732075	0.9437256	0.5551102	0.8783889	1.0	456	tags=13%, list=4%, signal=13%	
HP_APNEA	HP_APNEA		195	0.24096733	0.9437146	0.6441048	0.8778785	1.0	2114	tags=22%, list=20%, signal=26%	
GOMF_MOLECULAR_FUNCTION_ACTIVATOR_ACTIVITY	GOMF_MOLECULAR_FUNCTION_ACTIVATOR_ACTIVITY		23	0.3543939	0.9437139	0.5244898	0.8773351	1.0	2181	tags=39%, list=21%, signal=49%	
GOBP_ETHER_METABOLIC_PROCESS	GOBP_ETHER_METABOLIC_PROCESS		15	0.38946152	0.9436608	0.54960316	0.8769685	1.0	979	tags=20%, list=9%, signal=22%	
HP_ABNORMAL_CIRCULATING_DICARBOXYLIC_ACID_CONCENTRATION	HP_ABNORMAL_CIRCULATING_DICARBOXYLIC_ACID_CONCENTRATION		71	0.27961043	0.9433047	0.57545274	0.8776074	1.0	3318	tags=46%, list=32%, signal=67%	
HP_MALABSORPTION	HP_MALABSORPTION		135	0.2510212	0.94326	0.5953878	0.8772027	1.0	2311	tags=27%, list=22%, signal=35%	
GOBP_CELL_DIFFERENTIATION_INVOLVED_IN_KIDNEY_DEVELOPMENT	GOBP_CELL_DIFFERENTIATION_INVOLVED_IN_KIDNEY_DEVELOPMENT		17	0.37198457	0.9432438	0.5425743	0.8767143	1.0	1985	tags=35%, list=19%, signal=43%	
GOMF_MITOGEN_ACTIVATED_PROTEIN_KINASE_BINDING	GOMF_MITOGEN_ACTIVATED_PROTEIN_KINASE_BINDING		22	0.3578369	0.9430934	0.51866406	0.8766712	1.0	728	tags=14%, list=7%, signal=15%	
HP_URINARY_URGENCY	HP_URINARY_URGENCY		24	0.34603834	0.9429933	0.52965236	0.8764511	1.0	1870	tags=33%, list=18%, signal=40%	
GOBP_REGULATION_OF_RESPONSE_TO_ENDOPLASMIC_RETICULUM_STRESS	GOBP_REGULATION_OF_RESPONSE_TO_ENDOPLASMIC_RETICULUM_STRESS		60	0.28487366	0.94297606	0.5775281	0.875962	1.0	1134	tags=13%, list=11%, signal=15%	
HP_HYPOPLASTIC_HEART	HP_HYPOPLASTIC_HEART		16	0.38205206	0.94282115	0.53722334	0.875929	1.0	876	tags=19%, list=8%, signal=20%	
HP_ABNORMAL_PULMONARY_VALVE_PHYSIOLOGY	HP_ABNORMAL_PULMONARY_VALVE_PHYSIOLOGY		94	0.2668703	0.9426223	0.58985204	0.8760661	1.0	2714	tags=32%, list=26%, signal=43%	
GOBP_SIGNAL_TRANSDUCTION_IN_ABSENCE_OF_LIGAND	GOBP_SIGNAL_TRANSDUCTION_IN_ABSENCE_OF_LIGAND		41	0.3050561	0.94259787	0.5805825	0.8756053	1.0	2128	tags=22%, list=20%, signal=27%	
HP_LONG_FINGERS	HP_LONG_FINGERS		158	0.24715017	0.94223094	0.62167686	0.87630564	1.0	2382	tags=25%, list=23%, signal=31%	
GOBP_PROTEIN_LOCALIZATION_TO_ENDOPLASMIC_RETICULUM	GOBP_PROTEIN_LOCALIZATION_TO_ENDOPLASMIC_RETICULUM		53	0.29350996	0.9419628	0.54583335	0.8766408	1.0	2453	tags=26%, list=23%, signal=34%	
HP_ABNORMALITY_OF_EPIPHYSIS_MORPHOLOGY	HP_ABNORMALITY_OF_EPIPHYSIS_MORPHOLOGY		162	0.24658942	0.9419586	0.62017167	0.87611127	1.0	2230	tags=21%, list=21%, signal=26%	
GOBP_CELL_MATURATION	GOBP_CELL_MATURATION		64	0.2791444	0.94186425	0.56504065	0.87587756	1.0	1166	tags=16%, list=11%, signal=17%	
HP_NEOPLASM_OF_THE_EYE	HP_NEOPLASM_OF_THE_EYE		38	0.3151355	0.94154924	0.5436508	0.8763837	1.0	2935	tags=37%, list=28%, signal=51%	
HP_GENERALIZED_NEONATAL_HYPOTONIA	HP_GENERALIZED_NEONATAL_HYPOTONIA		16	0.3831592	0.94142914	0.51140684	0.876223	1.0	2000	tags=25%, list=19%, signal=31%	
GOBP_REGULATION_OF_CYCLIN_DEPENDENT_PROTEIN_KINASE_ACTIVITY	GOBP_REGULATION_OF_CYCLIN_DEPENDENT_PROTEIN_KINASE_ACTIVITY		70	0.27628466	0.9411585	0.5782178	0.87659603	1.0	1925	tags=23%, list=18%, signal=28%	
HP_FUNCTIONAL_ABNORMALITY_OF_THE_MIDDLE_EAR	HP_FUNCTIONAL_ABNORMALITY_OF_THE_MIDDLE_EAR		215	0.23706765	0.9411532	0.6801706	0.8760763	1.0	1909	tags=22%, list=18%, signal=27%	
HP_ABNORMALITY_OF_THE_INNER_EAR	HP_ABNORMALITY_OF_THE_INNER_EAR		34	0.3168412	0.9409726	0.5728543	0.87615407	1.0	779	tags=15%, list=7%, signal=16%	
HP_IMPAIRED_VIBRATORY_SENSATION	HP_IMPAIRED_VIBRATORY_SENSATION		56	0.29288295	0.94063544	0.58506227	0.87671745	1.0	1752	tags=21%, list=17%, signal=26%	
GOBP_DENDRITIC_CELL_CHEMOTAXIS	GOBP_DENDRITIC_CELL_CHEMOTAXIS		15	0.388694	0.9394912	0.5508475	0.8799429	1.0	209	tags=13%, list=2%, signal=14%	
GOMF_ATPASE_ACTIVATOR_ACTIVITY	GOMF_ATPASE_ACTIVATOR_ACTIVITY		21	0.3527795	0.93875694	0.54347825	0.88187796	1.0	2181	tags=38%, list=21%, signal=48%	
HP_ABNORMAL_LARGE_INTESTINE_MORPHOLOGY	HP_ABNORMAL_LARGE_INTESTINE_MORPHOLOGY		179	0.2415107	0.9383666	0.623348	0.8826475	1.0	2265	tags=28%, list=22%, signal=35%	
GOCC_SMOOTH_ENDOPLASMIC_RETICULUM	GOCC_SMOOTH_ENDOPLASMIC_RETICULUM		18	0.35862264	0.9381313	0.5199241	0.88286734	1.0	1998	tags=33%, list=19%, signal=41%	
HP_ABNORMALITY_OF_THE_URETER	HP_ABNORMALITY_OF_THE_URETER		204	0.23641641	0.9375962	0.67695475	0.8841036	1.0	1918	tags=16%, list=18%, signal=19%	
GOBP_SIGNAL_TRANSDUCTION_IN_RESPONSE_TO_DNA_DAMAGE	GOBP_SIGNAL_TRANSDUCTION_IN_RESPONSE_TO_DNA_DAMAGE		140	0.24908748	0.93688875	0.6387755	0.8859255	1.0	2478	tags=22%, list=24%, signal=29%	
HP_CONGENITAL_MALFORMATION_OF_THE_GREAT_ARTERIES	HP_CONGENITAL_MALFORMATION_OF_THE_GREAT_ARTERIES		269	0.23095943	0.936197	0.68122274	0.88765913	1.0	2284	tags=22%, list=22%, signal=28%	
GOBP_REGULATION_OF_INTRACELLULAR_ESTROGEN_RECEPTOR_SIGNALING_PATHWAY	GOBP_REGULATION_OF_INTRACELLULAR_ESTROGEN_RECEPTOR_SIGNALING_PATHWAY		22	0.34998748	0.9358963	0.5449102	0.88807213	1.0	1528	tags=18%, list=15%, signal=21%	
GOBP_EMBRYONIC_APPENDAGE_MORPHOGENESIS	GOBP_EMBRYONIC_APPENDAGE_MORPHOGENESIS		43	0.3057457	0.93578786	0.5635593	0.88789904	1.0	235	tags=7%, list=2%, signal=7%	
HP_FOCAL_MYOCLONIC_SEIZURE	HP_FOCAL_MYOCLONIC_SEIZURE		16	0.37821397	0.93570566	0.5274262	0.88764215	1.0	1871	tags=38%, list=18%, signal=46%	
GOBP_CHROMATIN_ASSEMBLY_OR_DISASSEMBLY	GOBP_CHROMATIN_ASSEMBLY_OR_DISASSEMBLY		124	0.25400907	0.9355296	0.6389452	0.887696	1.0	2645	tags=26%, list=25%, signal=34%	
HP_MYOPIA	HP_MYOPIA		221	0.2353971	0.9355271	0.6617647	0.8871605	1.0	2615	tags=29%, list=25%, signal=37%	
HP_GASTROPARESIS	HP_GASTROPARESIS		17	0.37197444	0.93512046	0.55284554	0.8879422	1.0	1489	tags=29%, list=14%, signal=34%	
GOBP_DEOXYRIBOSE_PHOSPHATE_CATABOLIC_PROCESS	GOBP_DEOXYRIBOSE_PHOSPHATE_CATABOLIC_PROCESS		19	0.35869822	0.9347528	0.54347825	0.88860863	1.0	2226	tags=37%, list=21%, signal=47%	
HP_ABNORMAL_FINGERTIP_MORPHOLOGY	HP_ABNORMAL_FINGERTIP_MORPHOLOGY		74	0.2750271	0.9347071	0.5987395	0.88821024	1.0	2279	tags=28%, list=22%, signal=36%	
HP_ABNORMALITY_OF_FLUID_REGULATION	HP_ABNORMALITY_OF_FLUID_REGULATION		355	0.22628962	0.9346701	0.71	0.88779396	1.0	2022	tags=22%, list=19%, signal=26%	
HP_SECONDARY_MICROCEPHALY	HP_SECONDARY_MICROCEPHALY		130	0.25260893	0.934563	0.6210526	0.8876119	1.0	3276	tags=43%, list=31%, signal=62%	
GOBP_CELLULAR_RESPONSE_TO_ARSENIC_CONTAINING_SUBSTANCE	GOBP_CELLULAR_RESPONSE_TO_ARSENIC_CONTAINING_SUBSTANCE		19	0.35474005	0.9340503	0.5607676	0.88875645	1.0	2294	tags=42%, list=22%, signal=54%	
HP_PEDIATRIC_ONSET	HP_PEDIATRIC_ONSET		477	0.2191052	0.93395317	0.7576419	0.8885366	1.0	2448	tags=28%, list=23%, signal=35%	
GOBP_PROTEIN_INSERTION_INTO_ER_MEMBRANE	GOBP_PROTEIN_INSERTION_INTO_ER_MEMBRANE		19	0.3526675	0.933264	0.5502008	0.89021605	1.0	3919	tags=68%, list=37%, signal=109%	
GOBP_NADH_METABOLIC_PROCESS	GOBP_NADH_METABOLIC_PROCESS		19	0.360297	0.93313664	0.52988046	0.89007056	1.0	445	tags=11%, list=4%, signal=11%	
GOBP_POSITIVE_REGULATION_OF_TORC1_SIGNALING	GOBP_POSITIVE_REGULATION_OF_TORC1_SIGNALING		15	0.38576102	0.93304545	0.54865426	0.88981366	1.0	1000	tags=13%, list=10%, signal=15%	
HP_SPARSE_SCALP_HAIR	HP_SPARSE_SCALP_HAIR		75	0.26536736	0.932495	0.6255144	0.89106894	1.0	703	tags=9%, list=7%, signal=10%	
HP_PREAURICULAR_SKIN_TAG	HP_PREAURICULAR_SKIN_TAG		34	0.3144877	0.9318918	0.56378603	0.89250976	1.0	1531	tags=24%, list=15%, signal=27%	
HP_SEVERE_GLOBAL_DEVELOPMENTAL_DELAY	HP_SEVERE_GLOBAL_DEVELOPMENTAL_DELAY		142	0.24980065	0.93158674	0.63469386	0.89292455	1.0	2125	tags=21%, list=20%, signal=26%	
HP_FASCICULATIONS	HP_FASCICULATIONS		61	0.2853146	0.931022	0.5925926	0.894298	1.0	1812	tags=26%, list=17%, signal=32%	
GOMF_PENTOSYLTRANSFERASE_ACTIVITY	GOMF_PENTOSYLTRANSFERASE_ACTIVITY		36	0.32313883	0.9305748	0.5632411	0.895232	1.0	1032	tags=17%, list=10%, signal=18%	
GOBP_SULFUR_COMPOUND_CATABOLIC_PROCESS	GOBP_SULFUR_COMPOUND_CATABOLIC_PROCESS		20	0.35212785	0.93033236	0.5633528	0.8954991	1.0	2405	tags=35%, list=23%, signal=45%	
HP_BRACHYCEPHALY	HP_BRACHYCEPHALY		153	0.24258384	0.9303133	0.667382	0.8950162	1.0	1159	tags=16%, list=11%, signal=18%	
GOBP_NEURAL_CREST_CELL_DIFFERENTIATION	GOBP_NEURAL_CREST_CELL_DIFFERENTIATION		33	0.31148145	0.930287	0.56	0.8945555	1.0	1215	tags=18%, list=12%, signal=20%	
HP_ABSENT_TESTIS	HP_ABSENT_TESTIS		24	0.3346855	0.9301195	0.560166	0.89457226	1.0	4373	tags=54%, list=42%, signal=93%	
HP_ABNORMAL_RECTUM_MORPHOLOGY	HP_ABNORMAL_RECTUM_MORPHOLOGY		80	0.2702531	0.929919	0.59016395	0.8946863	1.0	2265	tags=30%, list=22%, signal=38%	
HP_ABNORMAL_SKIN_MORPHOLOGY_OF_THE_PALM	HP_ABNORMAL_SKIN_MORPHOLOGY_OF_THE_PALM		230	0.23582911	0.929742	0.66739607	0.8947393	1.0	2272	tags=21%, list=22%, signal=27%	
HP_SLEEP_WAKE_CYCLE_DISTURBANCE	HP_SLEEP_WAKE_CYCLE_DISTURBANCE		18	0.37014443	0.92908204	0.5598377	0.8963492	1.0	1444	tags=17%, list=14%, signal=19%	
GOBP_PEPTIDYL_LYSINE_ACETYLATION	GOBP_PEPTIDYL_LYSINE_ACETYLATION		149	0.24779749	0.9289701	0.66735965	0.89616716	1.0	2520	tags=29%, list=24%, signal=37%	
HP_ABNORMAL_THALAMIC_MRI_SIGNAL_INTENSITY	HP_ABNORMAL_THALAMIC_MRI_SIGNAL_INTENSITY		17	0.37520987	0.92896426	0.5475728	0.8956556	1.0	2620	tags=41%, list=25%, signal=55%	
HP_NEOPLASM_OF_THE_PANCREAS	HP_NEOPLASM_OF_THE_PANCREAS		58	0.28637412	0.9289342	0.60327196	0.8952112	1.0	769	tags=9%, list=7%, signal=9%	
HP_ABNORMALITY_OF_MOUTH_SIZE	HP_ABNORMALITY_OF_MOUTH_SIZE		285	0.22514828	0.92768013	0.7096774	0.8988543	1.0	1002	tags=11%, list=10%, signal=11%	
GOBP_GENE_SILENCING_BY_RNA	GOBP_GENE_SILENCING_BY_RNA		85	0.26673573	0.9273216	0.6219512	0.8994501	1.0	2802	tags=38%, list=27%, signal=51%	
HP_THIN_UPPER_LIP_VERMILION	HP_THIN_UPPER_LIP_VERMILION		199	0.23732184	0.92712116	0.67583495	0.8995536	1.0	2847	tags=28%, list=27%, signal=38%	
HP_LARGE_INTESTINAL_POLYPOSIS	HP_LARGE_INTESTINAL_POLYPOSIS		23	0.34515357	0.92711776	0.58433735	0.89902586	1.0	2999	tags=43%, list=29%, signal=61%	
HP_BLADDER_NEOPLASM	HP_BLADDER_NEOPLASM		25	0.33800164	0.9270818	0.5764706	0.898605	1.0	2628	tags=32%, list=25%, signal=43%	
GOBP_MORPHOGENESIS_OF_EMBRYONIC_EPITHELIUM	GOBP_MORPHOGENESIS_OF_EMBRYONIC_EPITHELIUM		73	0.2738339	0.9270602	0.6062992	0.89814174	1.0	1766	tags=22%, list=17%, signal=26%	
GOMF_DEOXYRIBONUCLEASE_ACTIVITY	GOMF_DEOXYRIBONUCLEASE_ACTIVITY		51	0.29117712	0.92679393	0.60491073	0.8984538	1.0	2999	tags=41%, list=29%, signal=57%	
HP_HYPOPLASIA_OF_THE_UTERUS	HP_HYPOPLASIA_OF_THE_UTERUS		21	0.3499526	0.9261393	0.58870965	0.9000706	1.0	1169	tags=24%, list=11%, signal=27%	
HP_SUPRANUCLEAR_GAZE_PALSY	HP_SUPRANUCLEAR_GAZE_PALSY		31	0.3189681	0.9260925	0.5974843	0.8996759	1.0	1106	tags=19%, list=11%, signal=22%	
GOMF_BETA_CATENIN_BINDING	GOMF_BETA_CATENIN_BINDING		50	0.28648233	0.92543817	0.5889571	0.90127575	1.0	1282	tags=20%, list=12%, signal=23%	
HP_SELF_MUTILATION	HP_SELF_MUTILATION		22	0.34405717	0.9251753	0.55069584	0.90158385	1.0	1671	tags=23%, list=16%, signal=27%	
GOBP_POSITIVE_REGULATION_OF_ACTIVATED_T_CELL_PROLIFERATION	GOBP_POSITIVE_REGULATION_OF_ACTIVATED_T_CELL_PROLIFERATION		15	0.37813473	0.92510986	0.564	0.90125304	1.0	102	tags=13%, list=1%, signal=13%	
GOCC_CONDENSED_NUCLEAR_CHROMOSOME	GOCC_CONDENSED_NUCLEAR_CHROMOSOME		40	0.3049316	0.9250809	0.56289977	0.9008153	1.0	1837	tags=25%, list=17%, signal=30%	
GOBP_NEGATIVE_REGULATION_OF_TRANSCRIPTION_BY_RNA_POLYMERASE_II	GOBP_NEGATIVE_REGULATION_OF_TRANSCRIPTION_BY_RNA_POLYMERASE_II		471	0.2185027	0.92499286	0.78571427	0.9005644	1.0	1770	tags=17%, list=17%, signal=20%	
HP_ABNORMAL_EYEBROW_MORPHOLOGY	HP_ABNORMAL_EYEBROW_MORPHOLOGY		389	0.22111584	0.92458135	0.7685393	0.90135455	1.0	2178	tags=19%, list=21%, signal=23%	
HP_APLASIA_HYPOPLASIA_OF_THE_OPTIC_NERVE	HP_APLASIA_HYPOPLASIA_OF_THE_OPTIC_NERVE		48	0.2938885	0.924563	0.5596869	0.90088326	1.0	1690	tags=17%, list=16%, signal=20%	
GOBP_REGULATION_OF_CENTROSOME_CYCLE	GOBP_REGULATION_OF_CENTROSOME_CYCLE		45	0.29291826	0.9243122	0.5841785	0.9011519	1.0	1812	tags=16%, list=17%, signal=19%	
GOBP_REGULATION_OF_OXIDATIVE_STRESS_INDUCED_INTRINSIC_APOPTOTIC_SIGNALING_PATHWAY	GOBP_REGULATION_OF_OXIDATIVE_STRESS_INDUCED_INTRINSIC_APOPTOTIC_SIGNALING_PATHWAY		21	0.3492722	0.9235746	0.556213	0.9029809	1.0	2627	tags=57%, list=25%, signal=76%	
GOMF_CYTOKINE_RECEPTOR_BINDING	GOMF_CYTOKINE_RECEPTOR_BINDING		107	0.25696173	0.9235236	0.65966386	0.9025893	1.0	1959	tags=22%, list=19%, signal=27%	
GOMF_PHOSPHATIDYLINOSITOL_3_5_BISPHOSPHATE_BINDING	GOMF_PHOSPHATIDYLINOSITOL_3_5_BISPHOSPHATE_BINDING		18	0.36752427	0.9234989	0.5652174	0.90212727	1.0	792	tags=17%, list=8%, signal=18%	
GOBP_POSITIVE_REGULATION_OF_CELL_CYCLE_PROCESS	GOBP_POSITIVE_REGULATION_OF_CELL_CYCLE_PROCESS		158	0.2433722	0.92320675	0.6454353	0.902524	1.0	1961	tags=16%, list=19%, signal=19%	
HP_SYNOSTOSIS_OF_CARPALS_TARSALS	HP_SYNOSTOSIS_OF_CARPALS_TARSALS		17	0.37397194	0.9231006	0.56584364	0.90232235	1.0	1417	tags=29%, list=13%, signal=34%	
HP_ABNORMAL_SCAPULA_MORPHOLOGY	HP_ABNORMAL_SCAPULA_MORPHOLOGY		89	0.26095107	0.92287964	0.6491935	0.90247625	1.0	2135	tags=34%, list=20%, signal=42%	
HP_INGUINAL_HERNIA	HP_INGUINAL_HERNIA		158	0.24013682	0.9228406	0.67320263	0.9020692	1.0	1423	tags=16%, list=14%, signal=18%	
GOBP_EXCRETION	GOBP_EXCRETION		15	0.38276002	0.92261624	0.5540797	0.90225524	1.0	1362	tags=20%, list=13%, signal=23%	
GOBP_RESPONSE_TO_OXYGEN_RADICAL	GOBP_RESPONSE_TO_OXYGEN_RADICAL		16	0.37412328	0.9223106	0.5731225	0.90270466	1.0	1681	tags=31%, list=16%, signal=37%	
HP_DYSKINESIA	HP_DYSKINESIA		157	0.24493347	0.9217957	0.6680851	0.90378726	1.0	1871	tags=21%, list=18%, signal=25%	
HP_XEROSTOMIA	HP_XEROSTOMIA		35	0.30821738	0.9213696	0.57451403	0.90460247	1.0	2073	tags=26%, list=20%, signal=32%	
HP_ABNORMALITY_OF_SMALL_INTESTINAL_VILLUS_MORPHOLOGY	HP_ABNORMALITY_OF_SMALL_INTESTINAL_VILLUS_MORPHOLOGY		16	0.36665705	0.92129403	0.556213	0.90429646	1.0	1764	tags=25%, list=17%, signal=30%	
HP_FOCAL_MOTOR_SEIZURE	HP_FOCAL_MOTOR_SEIZURE		58	0.2838885	0.9210617	0.623348	0.90449786	1.0	577	tags=12%, list=5%, signal=13%	
GOBP_COTRANSLATIONAL_PROTEIN_TARGETING_TO_MEMBRANE	GOBP_COTRANSLATIONAL_PROTEIN_TARGETING_TO_MEMBRANE		18	0.36554217	0.92099625	0.5675676	0.9041579	1.0	2176	tags=33%, list=21%, signal=42%	
GOBP_EPITHELIAL_CELL_PROLIFERATION	GOBP_EPITHELIAL_CELL_PROLIFERATION		160	0.24115717	0.9207933	0.6939655	0.9042751	1.0	630	tags=10%, list=6%, signal=10%	
GOBP_ENDOPLASMIC_RETICULUM_ORGANIZATION	GOBP_ENDOPLASMIC_RETICULUM_ORGANIZATION		63	0.27975583	0.9206989	0.626327	0.9040369	1.0	1496	tags=16%, list=14%, signal=18%	
HP_ANAL_ATRESIA	HP_ANAL_ATRESIA		85	0.2626822	0.9205646	0.6254902	0.90393543	1.0	1531	tags=14%, list=15%, signal=16%	
GOBP_ACUTE_INFLAMMATORY_RESPONSE	GOBP_ACUTE_INFLAMMATORY_RESPONSE		33	0.30764553	0.92027473	0.57494867	0.90431046	1.0	630	tags=15%, list=6%, signal=16%	
HP_DEVIATION_OF_THE_HALLUX	HP_DEVIATION_OF_THE_HALLUX		75	0.2680665	0.92010385	0.6515151	0.9042842	1.0	2150	tags=28%, list=20%, signal=35%	
HP_VAGINAL_FISTULA	HP_VAGINAL_FISTULA		19	0.3557083	0.91992486	0.55928856	0.90432787	1.0	1507	tags=26%, list=14%, signal=31%	
HP_ABNORMAL_BLOOD_INORGANIC_CATION_CONCENTRATION	HP_ABNORMAL_BLOOD_INORGANIC_CATION_CONCENTRATION		91	0.26180243	0.9197591	0.63508064	0.90431076	1.0	1918	tags=23%, list=18%, signal=28%	
HP_APLASIA_HYPOPLASIA_OF_TOE	HP_APLASIA_HYPOPLASIA_OF_TOE		91	0.26083308	0.9196767	0.6344538	0.9040373	1.0	2048	tags=24%, list=19%, signal=30%	
HP_APHASIA	HP_APHASIA		88	0.25902545	0.91952485	0.6459627	0.9039922	1.0	2470	tags=33%, list=24%, signal=43%	
HP_ABNORMAL_FEMORAL_NECK_HEAD_MORPHOLOGY	HP_ABNORMAL_FEMORAL_NECK_HEAD_MORPHOLOGY		108	0.2551761	0.91927487	0.6616379	0.9042325	1.0	2309	tags=24%, list=22%, signal=31%	
GOBP_CELLULAR_RESPONSE_TO_ALCOHOL	GOBP_CELLULAR_RESPONSE_TO_ALCOHOL		54	0.283988	0.9191482	0.6091476	0.9041043	1.0	505	tags=11%, list=5%, signal=12%	
HP_APLASIA_HYPOPLASIA_OF_THE_PATELLA	HP_APLASIA_HYPOPLASIA_OF_THE_PATELLA		19	0.3562556	0.91899943	0.578125	0.90405416	1.0	981	tags=16%, list=9%, signal=17%	
HP_CRYPTORCHIDISM	HP_CRYPTORCHIDISM		474	0.21890995	0.9189535	0.83111113	0.9036628	1.0	2309	tags=21%, list=22%, signal=25%	
HP_HYPERTENSION_ASSOCIATED_WITH_PHEOCHROMOCYTOMA	HP_HYPERTENSION_ASSOCIATED_WITH_PHEOCHROMOCYTOMA		16	0.3766937	0.9187683	0.5847107	0.90371346	1.0	2236	tags=44%, list=21%, signal=55%	
HP_ABNORMALITY_OF_THE_SPINAL_CORD	HP_ABNORMALITY_OF_THE_SPINAL_CORD		202	0.23308566	0.9187524	0.72863245	0.9032285	1.0	1452	tags=15%, list=14%, signal=17%	
HP_RENAL_CELL_CARCINOMA	HP_RENAL_CELL_CARCINOMA		49	0.29081094	0.9186894	0.6105263	0.9028985	1.0	2935	tags=35%, list=28%, signal=48%	
GOBP_CELLULAR_RESPONSE_TO_CADMIUM_ION	GOBP_CELLULAR_RESPONSE_TO_CADMIUM_ION		18	0.36181208	0.9185475	0.5609284	0.9028266	1.0	895	tags=22%, list=9%, signal=24%	
HP_MULTIPLE_RENAL_CYSTS	HP_MULTIPLE_RENAL_CYSTS		32	0.31254435	0.9181442	0.5953878	0.90359735	1.0	1415	tags=19%, list=13%, signal=22%	
GOBP_NEGATIVE_REGULATION_OF_MRNA_CATABOLIC_PROCESS	GOBP_NEGATIVE_REGULATION_OF_MRNA_CATABOLIC_PROCESS		42	0.29681844	0.91775876	0.6089494	0.90427184	1.0	1049	tags=19%, list=10%, signal=21%	
HP_DYSPLASTIC_CORPUS_CALLOSUM	HP_DYSPLASTIC_CORPUS_CALLOSUM		27	0.32430112	0.9177406	0.5697211	0.90380234	1.0	1783	tags=22%, list=17%, signal=27%	
GOBP_NEGATIVE_REGULATION_OF_GENE_EXPRESSION_EPIGENETIC	GOBP_NEGATIVE_REGULATION_OF_GENE_EXPRESSION_EPIGENETIC		56	0.28020945	0.9174413	0.614433	0.90417796	1.0	2174	tags=25%, list=21%, signal=31%	
GOCC_INTRINSIC_COMPONENT_OF_MITOCHONDRIAL_OUTER_MEMBRANE	GOCC_INTRINSIC_COMPONENT_OF_MITOCHONDRIAL_OUTER_MEMBRANE		18	0.36196515	0.91738117	0.5678497	0.90384185	1.0	2319	tags=33%, list=22%, signal=43%	
GOBP_CELLULAR_RESPONSE_TO_VASCULAR_ENDOTHELIAL_GROWTH_FACTOR_STIMULUS	GOBP_CELLULAR_RESPONSE_TO_VASCULAR_ENDOTHELIAL_GROWTH_FACTOR_STIMULUS		25	0.33288953	0.9169214	0.58587784	0.9047708	1.0	1619	tags=24%, list=15%, signal=28%	
GOBP_INCLUSION_BODY_ASSEMBLY	GOBP_INCLUSION_BODY_ASSEMBLY		18	0.3589635	0.916238	0.5895372	0.9063769	1.0	1315	tags=22%, list=13%, signal=25%	
HP_RETINAL_ARTERIOLAR_TORTUOSITY	HP_RETINAL_ARTERIOLAR_TORTUOSITY		20	0.3529417	0.9161677	0.57708335	0.9060555	1.0	1415	tags=25%, list=13%, signal=29%	
GOBP_REGULATION_OF_GLIOGENESIS	GOBP_REGULATION_OF_GLIOGENESIS		44	0.2922302	0.91607606	0.6034483	0.90581083	1.0	483	tags=11%, list=5%, signal=12%	
GOBP_POLYSACCHARIDE_BIOSYNTHETIC_PROCESS	GOBP_POLYSACCHARIDE_BIOSYNTHETIC_PROCESS		39	0.29901558	0.9160531	0.5953307	0.9053634	1.0	798	tags=10%, list=8%, signal=11%	
GOBP_NEPHRON_DEVELOPMENT	GOBP_NEPHRON_DEVELOPMENT		40	0.29957807	0.91594267	0.6081371	0.9051709	1.0	1746	tags=30%, list=17%, signal=36%	
HP_FATIGABLE_WEAKNESS_OF_SWALLOWING_MUSCLES	HP_FATIGABLE_WEAKNESS_OF_SWALLOWING_MUSCLES		27	0.3262086	0.91552436	0.5777351	0.90594965	1.0	2294	tags=30%, list=22%, signal=38%	
HP_ABNORMALITY_OF_SKIN_ADNEXA_PHYSIOLOGY	HP_ABNORMALITY_OF_SKIN_ADNEXA_PHYSIOLOGY		108	0.25279704	0.91551065	0.66862744	0.90546477	1.0	1874	tags=21%, list=18%, signal=26%	
HP_SLEEP_APNEA	HP_SLEEP_APNEA		62	0.27550012	0.9145038	0.63559324	0.9080209	1.0	949	tags=13%, list=9%, signal=14%	
HP_PTOSIS	HP_PTOSIS		463	0.21536964	0.9143009	0.8108108	0.90811217	1.0	2845	tags=30%, list=27%, signal=40%	
GOBP_REGULATION_OF_HISTONE_METHYLATION	GOBP_REGULATION_OF_HISTONE_METHYLATION		61	0.27624246	0.9138343	0.599182	0.9090079	1.0	2923	tags=33%, list=28%, signal=45%	
GOBP_DNA_TEMPLATED_TRANSCRIPTION_TERMINATION	GOBP_DNA_TEMPLATED_TRANSCRIPTION_TERMINATION		17	0.35665905	0.9137926	0.6027668	0.9086236	1.0	1014	tags=18%, list=10%, signal=20%	
GOBP_HISTONE_UBIQUITINATION	GOBP_HISTONE_UBIQUITINATION		44	0.29765823	0.91376275	0.65235174	0.9081954	1.0	1662	tags=18%, list=16%, signal=22%	
HP_ABNORMAL_INTESTINE_MORPHOLOGY	HP_ABNORMAL_INTESTINE_MORPHOLOGY		481	0.21326937	0.91375345	0.8651685	0.907702	1.0	2389	tags=25%, list=23%, signal=31%	
GOBP_CELLULAR_RESPONSE_TO_UNFOLDED_PROTEIN	GOBP_CELLULAR_RESPONSE_TO_UNFOLDED_PROTEIN		75	0.26445016	0.9136808	0.64314514	0.90740424	1.0	863	tags=12%, list=8%, signal=13%	
HP_ABNORMAL_GLYCOSYLATION	HP_ABNORMAL_GLYCOSYLATION		43	0.29628274	0.9135468	0.61740893	0.907304	1.0	2659	tags=42%, list=25%, signal=56%	
HP_BLINDNESS	HP_BLINDNESS		173	0.23493671	0.91276	0.7217391	0.9092538	1.0	2769	tags=33%, list=26%, signal=44%	
HP_MANDIBULAR_PROGNATHIA	HP_MANDIBULAR_PROGNATHIA		109	0.25126186	0.91262466	0.6673774	0.90916765	1.0	740	tags=9%, list=7%, signal=10%	
GOBP_NUCLEOBASE_CONTAINING_SMALL_MOLECULE_CATABOLIC_PROCESS	GOBP_NUCLEOBASE_CONTAINING_SMALL_MOLECULE_CATABOLIC_PROCESS		15	0.37005356	0.91176164	0.6084337	0.91129696	1.0	1744	tags=20%, list=17%, signal=24%	
HP_PAPILLEDEMA	HP_PAPILLEDEMA		53	0.28722328	0.9116692	0.60662526	0.9110492	1.0	2506	tags=36%, list=24%, signal=47%	
HP_FLAT_OCCIPUT	HP_FLAT_OCCIPUT		42	0.29803175	0.91139066	0.6050584	0.9113831	1.0	2847	tags=33%, list=27%, signal=46%	
HP_NARROW_FACE	HP_NARROW_FACE		96	0.2571463	0.9110153	0.6345382	0.9119935	1.0	2048	tags=21%, list=19%, signal=26%	
HP_SEBORRHEIC_DERMATITIS	HP_SEBORRHEIC_DERMATITIS		16	0.37381807	0.9107586	0.5896947	0.912262	1.0	1683	tags=44%, list=16%, signal=52%	
HP_VERTEBRAL_CLEFTING	HP_VERTEBRAL_CLEFTING		19	0.35180873	0.91071945	0.58762884	0.91186005	1.0	1507	tags=16%, list=14%, signal=18%	
HP_ABNORMALITY_OF_THE_KNEE	HP_ABNORMALITY_OF_THE_KNEE		210	0.23055868	0.91064394	0.75789475	0.91157746	1.0	1531	tags=14%, list=15%, signal=16%	
HP_ENLARGED_POSTERIOR_FOSSA	HP_ENLARGED_POSTERIOR_FOSSA		110	0.24976638	0.910629	0.70408165	0.91109866	1.0	2752	tags=26%, list=26%, signal=35%	
HP_AVASCULAR_NECROSIS	HP_AVASCULAR_NECROSIS		46	0.2908419	0.91062653	0.61875	0.91058254	1.0	1334	tags=20%, list=13%, signal=22%	
HP_ABNORMALITY_OF_THE_CALF	HP_ABNORMALITY_OF_THE_CALF		147	0.2375488	0.91061354	0.6868009	0.91009957	1.0	1918	tags=19%, list=18%, signal=23%	
HP_ABNORMAL_INTERNAL_GENITALIA	HP_ABNORMAL_INTERNAL_GENITALIA		306	0.22354668	0.9105548	0.78684807	0.9097552	1.0	2266	tags=21%, list=22%, signal=26%	
GOBP_METENCEPHALON_DEVELOPMENT	GOBP_METENCEPHALON_DEVELOPMENT		55	0.28349876	0.9101431	0.62658226	0.91041845	1.0	1215	tags=16%, list=12%, signal=18%	
GOBP_REGULATION_OF_PROTON_TRANSPORT	GOBP_REGULATION_OF_PROTON_TRANSPORT		16	0.36263382	0.9095288	0.5785124	0.91179043	1.0	1296	tags=25%, list=12%, signal=28%	
HP_ABNORMAL_LACRIMAL_DUCT_MORPHOLOGY	HP_ABNORMAL_LACRIMAL_DUCT_MORPHOLOGY		17	0.36107776	0.9093464	0.572314	0.9117992	1.0	2037	tags=24%, list=19%, signal=29%	
GOBP_RESPONSE_TO_COCAINE	GOBP_RESPONSE_TO_COCAINE		16	0.36321664	0.90933114	0.5748032	0.91131747	1.0	1444	tags=31%, list=14%, signal=36%	
HP_PROMINENT_DIGIT_PAD	HP_PROMINENT_DIGIT_PAD		50	0.2854309	0.90919363	0.5991379	0.9111928	1.0	1690	tags=24%, list=16%, signal=28%	
HP_OSTEOPOROSIS	HP_OSTEOPOROSIS		152	0.24043114	0.9088246	0.72083336	0.9117846	1.0	1292	tags=14%, list=12%, signal=16%	
GOMF_MANNOSYLTRANSFERASE_ACTIVITY	GOMF_MANNOSYLTRANSFERASE_ACTIVITY		18	0.35206228	0.9087346	0.608871	0.91153175	1.0	2650	tags=50%, list=25%, signal=67%	
GOCC_TRANSCRIPTION_REGULATOR_COMPLEX	GOCC_TRANSCRIPTION_REGULATOR_COMPLEX		315	0.22228146	0.908495	0.8077754	0.9117424	1.0	2665	tags=31%, list=25%, signal=40%	
HP_SYNOSTOSIS_INVOLVING_BONES_OF_THE_UPPER_LIMBS	HP_SYNOSTOSIS_INVOLVING_BONES_OF_THE_UPPER_LIMBS		63	0.27106196	0.9081671	0.6388889	0.9122115	1.0	1918	tags=22%, list=18%, signal=27%	
HP_CONGENITAL_MALFORMATION_OF_THE_LEFT_HEART	HP_CONGENITAL_MALFORMATION_OF_THE_LEFT_HEART		17	0.35970816	0.907654	0.596	0.91325825	1.0	876	tags=18%, list=8%, signal=19%	
GOBP_LIVER_REGENERATION	GOBP_LIVER_REGENERATION		17	0.35693714	0.90739375	0.59009904	0.91353154	1.0	1898	tags=35%, list=18%, signal=43%	
HP_OSTEOPENIA	HP_OSTEOPENIA		148	0.24163017	0.9070544	0.70208335	0.9140507	1.0	2110	tags=25%, list=20%, signal=31%	
HP_ECTOPIC_CALCIFICATION	HP_ECTOPIC_CALCIFICATION		131	0.24503307	0.9067909	0.68191266	0.91434836	1.0	2841	tags=34%, list=27%, signal=46%	
GOBP_REGULATION_OF_LIPASE_ACTIVITY	GOBP_REGULATION_OF_LIPASE_ACTIVITY		36	0.30488327	0.9067115	0.6102041	0.9140836	1.0	1462	tags=25%, list=14%, signal=29%	
HP_EPILEPTIC_SPASM	HP_EPILEPTIC_SPASM		133	0.243676	0.9058201	0.7093496	0.9162277	1.0	1690	tags=17%, list=16%, signal=20%	
HP_DEEP_PALMAR_CREASE	HP_DEEP_PALMAR_CREASE		21	0.34875712	0.905387	0.58105266	0.91700673	1.0	1489	tags=24%, list=14%, signal=28%	
HP_SPASTIC_TETRAPARESIS	HP_SPASTIC_TETRAPARESIS		48	0.28781885	0.90535754	0.613924	0.9165752	1.0	1845	tags=27%, list=18%, signal=33%	
HP_GLOBAL_BRAIN_ATROPHY	HP_GLOBAL_BRAIN_ATROPHY		41	0.2979268	0.9051108	0.6350211	0.9168058	1.0	1779	tags=27%, list=17%, signal=32%	
HP_LACRIMATION_ABNORMALITY	HP_LACRIMATION_ABNORMALITY		39	0.2981392	0.9048771	0.6130346	0.91700006	1.0	577	tags=10%, list=5%, signal=11%	
HP_NEOPLASM_OF_FATTY_TISSUE	HP_NEOPLASM_OF_FATTY_TISSUE		26	0.32769668	0.90466684	0.59583336	0.91712534	1.0	2236	tags=35%, list=21%, signal=44%	
GOBP_CELLULAR_PROCESS_INVOLVED_IN_REPRODUCTION_IN_MULTICELLULAR_ORGANISM	GOBP_CELLULAR_PROCESS_INVOLVED_IN_REPRODUCTION_IN_MULTICELLULAR_ORGANISM		150	0.2399313	0.9046006	0.73045266	0.9168097	1.0	1378	tags=13%, list=13%, signal=15%	
HP_PORENCEPHALIC_CYST	HP_PORENCEPHALIC_CYST		20	0.33853906	0.9045208	0.579798	0.9165252	1.0	2524	tags=45%, list=24%, signal=59%	
HP_FOCAL_IMPAIRED_AWARENESS_SEIZURE	HP_FOCAL_IMPAIRED_AWARENESS_SEIZURE		61	0.27309132	0.90442157	0.6348195	0.91629416	1.0	343	tags=7%, list=3%, signal=7%	
GOBP_MANNOSYLATION	GOBP_MANNOSYLATION		24	0.33286494	0.90410876	0.6032389	0.91671073	1.0	2056	tags=38%, list=20%, signal=47%	
GOBP_POSITIVE_REGULATION_OF_ATP_DEPENDENT_ACTIVITY	GOBP_POSITIVE_REGULATION_OF_ATP_DEPENDENT_ACTIVITY		32	0.3099997	0.9038881	0.6183674	0.9168557	1.0	895	tags=16%, list=9%, signal=17%	
HP_PRODUCTIVE_COUGH	HP_PRODUCTIVE_COUGH		21	0.3384234	0.90339935	0.6404255	0.91776747	1.0	1531	tags=29%, list=15%, signal=33%	
GOMF_PROTEIN_PHOSPHATASE_REGULATOR_ACTIVITY	GOMF_PROTEIN_PHOSPHATASE_REGULATOR_ACTIVITY		54	0.27524418	0.9033798	0.63975155	0.9173148	1.0	1729	tags=22%, list=16%, signal=26%	
HP_ABNORMALITY_OF_THE_CHEEK	HP_ABNORMALITY_OF_THE_CHEEK		142	0.2394167	0.9033073	0.7299578	0.9170183	1.0	2637	tags=25%, list=25%, signal=33%	
GOBP_APPENDAGE_MORPHOGENESIS	GOBP_APPENDAGE_MORPHOGENESIS		48	0.2838288	0.90326655	0.62993765	0.916606	1.0	235	tags=6%, list=2%, signal=6%	
GOBP_MAMMARY_GLAND_EPITHELIUM_DEVELOPMENT	GOBP_MAMMARY_GLAND_EPITHELIUM_DEVELOPMENT		36	0.30458587	0.90257084	0.6052104	0.9182029	1.0	630	tags=14%, list=6%, signal=15%	
HP_CEREBELLAR_CYST	HP_CEREBELLAR_CYST		101	0.24872452	0.9025061	0.68817204	0.9178698	1.0	2752	tags=28%, list=26%, signal=37%	
GOBP_POSITIVE_REGULATION_OF_SIGNALING_RECEPTOR_ACTIVITY	GOBP_POSITIVE_REGULATION_OF_SIGNALING_RECEPTOR_ACTIVITY		21	0.3437003	0.9023201	0.63083166	0.91789144	1.0	953	tags=24%, list=9%, signal=26%	
HP_RESPIRATORY_FAILURE	HP_RESPIRATORY_FAILURE		128	0.24268913	0.902205	0.7320675	0.91774285	1.0	2580	tags=30%, list=25%, signal=40%	
HP_GENU_VARUM	HP_GENU_VARUM		21	0.34264737	0.9013778	0.6038835	0.91969734	1.0	3086	tags=33%, list=29%, signal=47%	
HP_OCULOGYRIC_CRISIS	HP_OCULOGYRIC_CRISIS		28	0.31803504	0.90084696	0.6171079	0.92077816	1.0	395	tags=11%, list=4%, signal=11%	
GOBP_REGULATION_OF_EMBRYONIC_DEVELOPMENT	GOBP_REGULATION_OF_EMBRYONIC_DEVELOPMENT		25	0.32417274	0.9003097	0.6255507	0.9218028	1.0	2489	tags=32%, list=24%, signal=42%	
GOBP_DSRNA_PROCESSING	GOBP_DSRNA_PROCESSING		41	0.29167697	0.8998818	0.64642084	0.92258054	1.0	2578	tags=41%, list=25%, signal=55%	
HP_PERITONITIS	HP_PERITONITIS		23	0.33411247	0.8996842	0.5795918	0.92264163	1.0	1749	tags=26%, list=17%, signal=31%	
GOBP_GLUTAMATE_METABOLIC_PROCESS	GOBP_GLUTAMATE_METABOLIC_PROCESS		17	0.36010537	0.8996306	0.5866388	0.92227966	1.0	1815	tags=41%, list=17%, signal=50%	
GOCC_ENDOPLASMIC_RETICULUM_TUBULAR_NETWORK	GOCC_ENDOPLASMIC_RETICULUM_TUBULAR_NETWORK		18	0.35938102	0.8993972	0.6079665	0.9224131	1.0	609	tags=17%, list=6%, signal=18%	
GOCC_SAGA_COMPLEX	GOCC_SAGA_COMPLEX		16	0.36600295	0.8992061	0.610687	0.9224549	1.0	2385	tags=38%, list=23%, signal=48%	
HP_ABNORMALITY_OF_THE_FEMALE_GENITALIA	HP_ABNORMALITY_OF_THE_FEMALE_GENITALIA		344	0.21704884	0.89914405	0.8564815	0.92211837	1.0	2266	tags=21%, list=22%, signal=25%	
GOMF_PROTEIN_PHOSPHORYLATED_AMINO_ACID_BINDING	GOMF_PROTEIN_PHOSPHORYLATED_AMINO_ACID_BINDING		42	0.29108265	0.8990881	0.6464435	0.92177004	1.0	1390	tags=19%, list=13%, signal=22%	
HP_ABNORMALITY_OF_COAGULATION	HP_ABNORMALITY_OF_COAGULATION		135	0.23892123	0.89906305	0.73819745	0.92132986	1.0	2823	tags=35%, list=27%, signal=47%	
HP_ABNORMALITY_OF_THE_UTERUS	HP_ABNORMALITY_OF_THE_UTERUS		131	0.23874345	0.89906204	0.74081635	0.9208183	1.0	2266	tags=22%, list=22%, signal=28%	
GOBP_REGULATION_OF_MITOCHONDRIAL_MEMBRANE_POTENTIAL	GOBP_REGULATION_OF_MITOCHONDRIAL_MEMBRANE_POTENTIAL		45	0.29072362	0.8990182	0.65280664	0.9204348	1.0	1288	tags=20%, list=12%, signal=23%	
HP_EXPRESSIVE_LANGUAGE_DELAY	HP_EXPRESSIVE_LANGUAGE_DELAY		29	0.31408274	0.89894134	0.6499033	0.92014664	1.0	2847	tags=38%, list=27%, signal=52%	
GOBP_CARDIAC_SEPTUM_DEVELOPMENT	GOBP_CARDIAC_SEPTUM_DEVELOPMENT		50	0.2840888	0.89846665	0.64979756	0.92102987	1.0	806	tags=14%, list=8%, signal=15%	
GOCC_ORGANELLE_MEMBRANE_CONTACT_SITE	GOCC_ORGANELLE_MEMBRANE_CONTACT_SITE		33	0.30504882	0.8983819	0.6276392	0.92076254	1.0	1998	tags=30%, list=19%, signal=37%	
HP_ABNORMALITY_OF_THE_WRIST	HP_ABNORMALITY_OF_THE_WRIST		77	0.26296896	0.89820665	0.698	0.9207685	1.0	1067	tags=13%, list=10%, signal=14%	
GOBP_LIPID_HOMEOSTASIS	GOBP_LIPID_HOMEOSTASIS		76	0.2612446	0.8981701	0.674	0.92035973	1.0	1951	tags=24%, list=19%, signal=29%	
GOMF_SCAFFOLD_PROTEIN_BINDING	GOMF_SCAFFOLD_PROTEIN_BINDING		36	0.2978742	0.89809775	0.6226804	0.9200639	1.0	1017	tags=17%, list=10%, signal=18%	
HP_LEFT_VENTRICULAR_HYPERTROPHY	HP_LEFT_VENTRICULAR_HYPERTROPHY		50	0.27613676	0.8975667	0.6471774	0.9211051	1.0	891	tags=14%, list=8%, signal=15%	
HP_FINGER_SYNDACTYLY	HP_FINGER_SYNDACTYLY		115	0.2438601	0.8975257	0.68921775	0.9207069	1.0	2157	tags=20%, list=21%, signal=25%	
HP_AUTISTIC_BEHAVIOR	HP_AUTISTIC_BEHAVIOR		403	0.21307597	0.8971518	0.87737846	0.9212875	1.0	2309	tags=23%, list=22%, signal=28%	
HP_ANKLE_FLEXION_CONTRACTURE	HP_ANKLE_FLEXION_CONTRACTURE		26	0.323888	0.89709586	0.6118812	0.92094713	1.0	1231	tags=23%, list=12%, signal=26%	
HP_RHABDOMYOLYSIS	HP_RHABDOMYOLYSIS		31	0.3066345	0.8970164	0.6231884	0.92065716	1.0	2436	tags=39%, list=23%, signal=50%	
GOBP_AMINOGLYCAN_METABOLIC_PROCESS	GOBP_AMINOGLYCAN_METABOLIC_PROCESS		62	0.27176386	0.8969592	0.66533864	0.9203226	1.0	841	tags=13%, list=8%, signal=14%	
HP_PUBERTY_AND_GONADAL_DISORDERS	HP_PUBERTY_AND_GONADAL_DISORDERS		390	0.21463232	0.8969272	0.88100207	0.9199041	1.0	1169	tags=12%, list=11%, signal=13%	
HP_ARACHNODACTYLY	HP_ARACHNODACTYLY		67	0.26538196	0.89681774	0.6673387	0.9197206	1.0	1555	tags=19%, list=15%, signal=23%	
HP_ABNORMAL_PARIETAL_BONE_MORPHOLOGY	HP_ABNORMAL_PARIETAL_BONE_MORPHOLOGY		19	0.34700122	0.89651555	0.6230159	0.9201094	1.0	1859	tags=21%, list=18%, signal=26%	
HP_ABNORMAL_CIRCULATING_ALBUMIN_CONCENTRATION	HP_ABNORMAL_CIRCULATING_ALBUMIN_CONCENTRATION		68	0.26641083	0.8964388	0.68115944	0.9198198	1.0	625	tags=12%, list=6%, signal=12%	
GOBP_POSITIVE_REGULATION_OF_MUSCLE_CELL_DIFFERENTIATION	GOBP_POSITIVE_REGULATION_OF_MUSCLE_CELL_DIFFERENTIATION		21	0.3424257	0.89626676	0.64426875	0.9198198	1.0	2265	tags=43%, list=22%, signal=55%	
GOBP_POSITIVE_REGULATION_OF_LIPID_LOCALIZATION	GOBP_POSITIVE_REGULATION_OF_LIPID_LOCALIZATION		43	0.28849038	0.8961632	0.66534656	0.9196202	1.0	1174	tags=16%, list=11%, signal=18%	
GOBP_CARDIOCYTE_DIFFERENTIATION	GOBP_CARDIOCYTE_DIFFERENTIATION		52	0.27847436	0.89608586	0.6533333	0.91933954	1.0	2265	tags=33%, list=22%, signal=41%	
HP_PLAGIOCEPHALY	HP_PLAGIOCEPHALY		79	0.2570627	0.896082	0.697286	0.91884786	1.0	2524	tags=28%, list=24%, signal=36%	
GOCC_CLATHRIN_COATED_ENDOCYTIC_VESICLE_MEMBRANE	GOCC_CLATHRIN_COATED_ENDOCYTIC_VESICLE_MEMBRANE		29	0.316909	0.89576095	0.60985625	0.9192886	1.0	582	tags=10%, list=6%, signal=11%	
HP_RETINAL_VASCULAR_TORTUOSITY	HP_RETINAL_VASCULAR_TORTUOSITY		27	0.31273198	0.89530027	0.62601626	0.9201239	1.0	2046	tags=30%, list=19%, signal=37%	
HP_HYPOCALCEMIA	HP_HYPOCALCEMIA		44	0.28683233	0.89502513	0.6503198	0.9204047	1.0	1415	tags=20%, list=13%, signal=24%	
HP_ABNORMALITY_OF_THE_ADRENAL_GLANDS	HP_ABNORMALITY_OF_THE_ADRENAL_GLANDS		123	0.24116296	0.8949054	0.75438595	0.9202516	1.0	2356	tags=29%, list=22%, signal=37%	
HP_THICK_LOWER_LIP_VERMILION	HP_THICK_LOWER_LIP_VERMILION		105	0.24742329	0.8946303	0.7210744	0.92055565	1.0	2752	tags=29%, list=26%, signal=38%	
GOBP_VASCULAR_TRANSPORT	GOBP_VASCULAR_TRANSPORT		39	0.2928994	0.8944571	0.67928284	0.920549	1.0	1010	tags=18%, list=10%, signal=20%	
HP_HYPOKINESIA	HP_HYPOKINESIA		24	0.3339596	0.8938809	0.625	0.9216914	1.0	2965	tags=46%, list=28%, signal=64%	
HP_BILATERAL_SINGLE_TRANSVERSE_PALMAR_CREASES	HP_BILATERAL_SINGLE_TRANSVERSE_PALMAR_CREASES		40	0.29310656	0.8938726	0.63066953	0.92120403	1.0	2109	tags=23%, list=20%, signal=28%	
HP_SINUS_TACHYCARDIA	HP_SINUS_TACHYCARDIA		19	0.3456217	0.8936437	0.59772295	0.92137593	1.0	2236	tags=42%, list=21%, signal=53%	
HP_ABNORMALITY_OF_THE_PARATHYROID_GLAND	HP_ABNORMALITY_OF_THE_PARATHYROID_GLAND		43	0.2906726	0.8932368	0.6421053	0.92201847	1.0	2046	tags=26%, list=19%, signal=32%	
GOBP_EPITHELIAL_TUBE_FORMATION	GOBP_EPITHELIAL_TUBE_FORMATION		72	0.26047397	0.89300483	0.6799163	0.9221581	1.0	1681	tags=21%, list=16%, signal=25%	
GOBP_REGULATION_OF_LEUKOCYTE_CHEMOTAXIS	GOBP_REGULATION_OF_LEUKOCYTE_CHEMOTAXIS		52	0.27302146	0.8918197	0.6566265	0.9250534	1.0	209	tags=8%, list=2%, signal=8%	
GOBP_TUBE_FORMATION	GOBP_TUBE_FORMATION		79	0.25898865	0.8915169	0.67932487	0.925392	1.0	1681	tags=20%, list=16%, signal=24%	
GOBP_POSITIVE_REGULATION_OF_ESTABLISHMENT_OF_PROTEIN_LOCALIZATION_TO_MITOCHONDRION	GOBP_POSITIVE_REGULATION_OF_ESTABLISHMENT_OF_PROTEIN_LOCALIZATION_TO_MITOCHONDRION		30	0.3131476	0.8912586	0.628692	0.9256402	1.0	2506	tags=33%, list=24%, signal=44%	
GOBP_SPINDLE_LOCALIZATION	GOBP_SPINDLE_LOCALIZATION		37	0.30006722	0.89107	0.6395112	0.9256836	1.0	726	tags=8%, list=7%, signal=9%	
HP_CHRONIC_INFECTION	HP_CHRONIC_INFECTION		19	0.34061357	0.89079857	0.6474227	0.9259375	1.0	1612	tags=26%, list=15%, signal=31%	
HP_SPINAL_CORD_LESION	HP_SPINAL_CORD_LESION		27	0.32127514	0.8901536	0.65173113	0.9272638	1.0	430	tags=11%, list=4%, signal=12%	
GOMF_MIRNA_BINDING	GOMF_MIRNA_BINDING		23	0.32495746	0.88970536	0.63975155	0.9280558	1.0	3080	tags=52%, list=29%, signal=74%	
HP_SKELETAL_MUSCLE_ATROPHY	HP_SKELETAL_MUSCLE_ATROPHY		334	0.21540383	0.88944626	0.8738938	0.92825985	1.0	2165	tags=23%, list=21%, signal=28%	
GOMF_PHOSPHOPROTEIN_BINDING	GOMF_PHOSPHOPROTEIN_BINDING		62	0.26753134	0.8891635	0.679089	0.9285168	1.0	1390	tags=15%, list=13%, signal=17%	
GOBP_CARDIAC_CHAMBER_MORPHOGENESIS	GOBP_CARDIAC_CHAMBER_MORPHOGENESIS		37	0.2943336	0.8890939	0.6557377	0.92820096	1.0	807	tags=19%, list=8%, signal=20%	
HP_PROGRESSIVE_MICROCEPHALY	HP_PROGRESSIVE_MICROCEPHALY		72	0.26378947	0.88889545	0.67782426	0.92825204	1.0	3374	tags=49%, list=32%, signal=71%	
GOMF_VITAMIN_BINDING	GOMF_VITAMIN_BINDING		71	0.26216713	0.8888181	0.6896552	0.92795235	1.0	2123	tags=30%, list=20%, signal=37%	
HP_GLAUCOMA	HP_GLAUCOMA		210	0.22848217	0.8887161	0.81010103	0.92773694	1.0	2359	tags=28%, list=22%, signal=35%	
HP_LONG_EYELASHES	HP_LONG_EYELASHES		67	0.26951823	0.88859284	0.71119845	0.9275844	1.0	2863	tags=36%, list=27%, signal=49%	
HP_ABNORMAL_LUNG_LOBATION	HP_ABNORMAL_LUNG_LOBATION		23	0.33434558	0.88815814	0.6269531	0.92827994	1.0	2128	tags=26%, list=20%, signal=33%	
HP_BLADDER_DIVERTICULUM	HP_BLADDER_DIVERTICULUM		17	0.35522097	0.88794035	0.622449	0.9283806	1.0	1228	tags=24%, list=12%, signal=27%	
GOBP_NEGATIVE_REGULATION_OF_HEMOPOIESIS	GOBP_NEGATIVE_REGULATION_OF_HEMOPOIESIS		56	0.2668143	0.8866787	0.6573276	0.9314437	1.0	2030	tags=25%, list=19%, signal=31%	
HP_FACIAL_HYPERTRICHOSIS	HP_FACIAL_HYPERTRICHOSIS		110	0.24086252	0.8865216	0.73069304	0.9313784	1.0	1133	tags=13%, list=11%, signal=14%	
HP_GENERALIZED_ONSET_SEIZURE	HP_GENERALIZED_ONSET_SEIZURE		206	0.22392555	0.886263	0.80860215	0.9316088	1.0	1951	tags=20%, list=19%, signal=24%	
HP_CHOREA	HP_CHOREA		178	0.23185922	0.8856201	0.7837259	0.9328949	1.0	1788	tags=19%, list=17%, signal=22%	
GOBP_REGULATION_OF_BONE_RESORPTION	GOBP_REGULATION_OF_BONE_RESORPTION		21	0.33656552	0.88542634	0.6178862	0.93292093	1.0	256	tags=14%, list=2%, signal=15%	
GOBP_TORC1_SIGNALING	GOBP_TORC1_SIGNALING		35	0.29934704	0.8854096	0.66528064	0.93246174	1.0	1018	tags=11%, list=10%, signal=13%	
HP_ABNORMAL_AGGRESSIVE_IMPULSIVE_OR_VIOLENT_BEHAVIOR	HP_ABNORMAL_AGGRESSIVE_IMPULSIVE_OR_VIOLENT_BEHAVIOR		222	0.22551832	0.8852421	0.81759655	0.93241274	1.0	2116	tags=21%, list=20%, signal=26%	
HP_ABNORMALITY_OF_THE_PALM	HP_ABNORMALITY_OF_THE_PALM		283	0.21612766	0.88501406	0.8533917	0.93254304	1.0	2272	tags=20%, list=22%, signal=25%	
HP_ABNORMAL_DIAPHYSIS_MORPHOLOGY	HP_ABNORMAL_DIAPHYSIS_MORPHOLOGY		168	0.22951175	0.8849467	0.7987928	0.9322302	1.0	1531	tags=14%, list=15%, signal=16%	
HP_APLASIA_HYPOPLASIA_INVOLVING_BONES_OF_THE_LOWER_LIMBS	HP_APLASIA_HYPOPLASIA_INVOLVING_BONES_OF_THE_LOWER_LIMBS		236	0.22173184	0.88487905	0.84016395	0.93191075	1.0	1909	tags=18%, list=18%, signal=21%	
HP_INFANTILE_SPASMS	HP_INFANTILE_SPASMS		63	0.2645132	0.8845762	0.7083333	0.9322566	1.0	2006	tags=24%, list=19%, signal=29%	
HP_ARTERIOVENOUS_MALFORMATION	HP_ARTERIOVENOUS_MALFORMATION		40	0.29158324	0.8845123	0.6592292	0.9319241	1.0	1298	tags=15%, list=12%, signal=17%	
GOMF_AMYLOID_BETA_BINDING	GOMF_AMYLOID_BETA_BINDING		38	0.28912374	0.8838025	0.666004	0.93339425	1.0	440	tags=11%, list=4%, signal=11%	
GOBP_SISTER_CHROMATID_SEGREGATION	GOBP_SISTER_CHROMATID_SEGREGATION		165	0.23192742	0.88354594	0.80266076	0.93363816	1.0	2726	tags=21%, list=26%, signal=27%	
HP_PSYCHOGENIC_NON_EPILEPTIC_SEIZURE	HP_PSYCHOGENIC_NON_EPILEPTIC_SEIZURE		62	0.2690902	0.8834063	0.68115944	0.9335098	1.0	2470	tags=32%, list=24%, signal=42%	
GOCC_INCLUSION_BODY	GOCC_INCLUSION_BODY		55	0.2713686	0.88336307	0.68487394	0.93312305	1.0	3260	tags=45%, list=31%, signal=66%	
HP_PREMATURE_OVARIAN_INSUFFICIENCY	HP_PREMATURE_OVARIAN_INSUFFICIENCY		44	0.27731436	0.88305676	0.68209255	0.93347013	1.0	3296	tags=48%, list=31%, signal=69%	
GOBP_REGULATION_OF_PROTEIN_SUMOYLATION	GOBP_REGULATION_OF_PROTEIN_SUMOYLATION		21	0.3377696	0.8826639	0.64671814	0.9340517	1.0	2387	tags=43%, list=23%, signal=55%	
GOBP_BRANCHED_CHAIN_AMINO_ACID_METABOLIC_PROCESS	GOBP_BRANCHED_CHAIN_AMINO_ACID_METABOLIC_PROCESS		22	0.33156067	0.8825858	0.64375	0.93376714	1.0	1283	tags=23%, list=12%, signal=26%	
GOBP_REGULATION_OF_BONE_REMODELING	GOBP_REGULATION_OF_BONE_REMODELING		23	0.32288256	0.8820624	0.6501035	0.93469423	1.0	256	tags=13%, list=2%, signal=13%	
HP_HYPERTHYROIDISM	HP_HYPERTHYROIDISM		22	0.3335123	0.88202935	0.64468086	0.9342716	1.0	1415	tags=23%, list=13%, signal=26%	
HP_SLEEP_DISTURBANCE	HP_SLEEP_DISTURBANCE		344	0.21296398	0.8818402	0.8997821	0.93424964	1.0	2470	tags=26%, list=24%, signal=32%	
GOCC_TRANSCRIPTION_REPRESSOR_COMPLEX	GOCC_TRANSCRIPTION_REPRESSOR_COMPLEX		57	0.26982233	0.881478	0.6915114	0.9347006	1.0	3405	tags=42%, list=32%, signal=62%	
GOBP_DNA_REPAIR	GOBP_DNA_REPAIR		430	0.2096415	0.88140243	0.9092827	0.93440145	1.0	3088	tags=28%, list=29%, signal=38%	
HP_ABNORMAL_SCLERA_MORPHOLOGY	HP_ABNORMAL_SCLERA_MORPHOLOGY		70	0.25800103	0.8811698	0.7237687	0.9344959	1.0	2272	tags=27%, list=22%, signal=34%	
GOBP_PROTEIN_K63_LINKED_UBIQUITINATION	GOBP_PROTEIN_K63_LINKED_UBIQUITINATION		45	0.28210303	0.8808887	0.6496945	0.9347889	1.0	926	tags=13%, list=9%, signal=15%	
HP_MICRORETROGNATHIA	HP_MICRORETROGNATHIA		40	0.28784204	0.8807064	0.68937874	0.9347861	1.0	2011	tags=25%, list=19%, signal=31%	
HP_LISSENCEPHALY	HP_LISSENCEPHALY		113	0.2381478	0.8799259	0.7777778	0.9363673	1.0	2032	tags=19%, list=19%, signal=23%	
GOBP_CELLULAR_RESPONSE_TO_TOXIC_SUBSTANCE	GOBP_CELLULAR_RESPONSE_TO_TOXIC_SUBSTANCE		52	0.27579552	0.8793576	0.7094862	0.93741083	1.0	2720	tags=38%, list=26%, signal=52%	
GOMF_OXIDOREDUCTASE_ACTIVITY_ACTING_ON_THE_ALDEHYDE_OR_OXO_GROUP_OF_DONORS	GOMF_OXIDOREDUCTASE_ACTIVITY_ACTING_ON_THE_ALDEHYDE_OR_OXO_GROUP_OF_DONORS		26	0.3216657	0.878614	0.6474359	0.9389177	1.0	1283	tags=23%, list=12%, signal=26%	
HP_BONE_SPICULE_PIGMENTATION_OF_THE_RETINA	HP_BONE_SPICULE_PIGMENTATION_OF_THE_RETINA		17	0.35235077	0.8784499	0.6392157	0.9388565	1.0	558	tags=18%, list=5%, signal=19%	
HP_SHORT_NOSE	HP_SHORT_NOSE		199	0.22504467	0.8782098	0.8304721	0.9390021	1.0	2787	tags=29%, list=27%, signal=39%	
HP_DISTAL_AMYOTROPHY	HP_DISTAL_AMYOTROPHY		104	0.24484453	0.8781419	0.779476	0.93866503	1.0	2165	tags=26%, list=21%, signal=32%	
GOBP_POSITIVE_REGULATION_OF_BMP_SIGNALING_PATHWAY	GOBP_POSITIVE_REGULATION_OF_BMP_SIGNALING_PATHWAY		15	0.3616187	0.8779159	0.627451	0.93874973	1.0	691	tags=20%, list=7%, signal=21%	
HP_EXTERNAL_GENITAL_HYPOPLASIA	HP_EXTERNAL_GENITAL_HYPOPLASIA		312	0.21291004	0.87785506	0.9227273	0.93840593	1.0	1918	tags=17%, list=18%, signal=20%	
GOBP_OVARIAN_FOLLICLE_DEVELOPMENT	GOBP_OVARIAN_FOLLICLE_DEVELOPMENT		23	0.32228205	0.87783784	0.64344263	0.93794906	1.0	1667	tags=30%, list=16%, signal=36%	
HP_DELUSIONS	HP_DELUSIONS		26	0.3159537	0.87756276	0.6621359	0.93819314	1.0	2448	tags=42%, list=23%, signal=55%	
HP_INCISOR_MACRODONTIA	HP_INCISOR_MACRODONTIA		40	0.28756058	0.8769302	0.67479676	0.93939024	1.0	1690	tags=23%, list=16%, signal=27%	
GOBP_POSITIVE_REGULATION_OF_LIPID_TRANSPORT	GOBP_POSITIVE_REGULATION_OF_LIPID_TRANSPORT		32	0.30063266	0.8766195	0.687631	0.9397043	1.0	67	tags=6%, list=1%, signal=6%	
HP_CELLULITIS	HP_CELLULITIS		25	0.32095638	0.87645483	0.6330798	0.93963945	1.0	1577	tags=24%, list=15%, signal=28%	
HP_DELAYED_GROSS_MOTOR_DEVELOPMENT	HP_DELAYED_GROSS_MOTOR_DEVELOPMENT		220	0.22081849	0.8763991	0.87763715	0.9392918	1.0	2279	tags=25%, list=22%, signal=32%	
GOBP_CAMERA_TYPE_EYE_MORPHOGENESIS	GOBP_CAMERA_TYPE_EYE_MORPHOGENESIS		40	0.2860717	0.8761887	0.70528454	0.9393398	1.0	2165	tags=25%, list=21%, signal=31%	
GOCC_BLOOD_MICROPARTICLE	GOCC_BLOOD_MICROPARTICLE		33	0.29807973	0.87610316	0.68	0.9390749	1.0	1398	tags=21%, list=13%, signal=24%	
HP_DEVIATION_OF_THE_HAND_OR_OF_FINGERS_OF_THE_HAND	HP_DEVIATION_OF_THE_HAND_OR_OF_FINGERS_OF_THE_HAND		286	0.21510574	0.8760813	0.8696581	0.9386312	1.0	2362	tags=20%, list=22%, signal=25%	
GOMF_COPPER_ION_BINDING	GOMF_COPPER_ION_BINDING		21	0.3333338	0.87588525	0.61706346	0.93866134	1.0	2911	tags=52%, list=28%, signal=72%	
HP_IMPAIRMENT_IN_PERSONALITY_FUNCTIONING	HP_IMPAIRMENT_IN_PERSONALITY_FUNCTIONING		445	0.20652843	0.8757863	0.96413505	0.9384235	1.0	2475	tags=26%, list=24%, signal=33%	
HP_ATROPHY_DEGENERATION_INVOLVING_THE_CORTICOSPINAL_TRACTS	HP_ATROPHY_DEGENERATION_INVOLVING_THE_CORTICOSPINAL_TRACTS		29	0.30831024	0.87568706	0.67151767	0.9381889	1.0	1002	tags=14%, list=10%, signal=15%	
HP_ABNORMAL_PATELLA_MORPHOLOGY	HP_ABNORMAL_PATELLA_MORPHOLOGY		64	0.26179984	0.87561846	0.7299578	0.937876	1.0	1415	tags=16%, list=13%, signal=18%	
HP_PACE_OF_PROGRESSION	HP_PACE_OF_PROGRESSION		281	0.21647087	0.87536055	0.8730512	0.9380556	1.0	2830	tags=30%, list=27%, signal=40%	
HP_MULTIFACTORIAL_INHERITANCE	HP_MULTIFACTORIAL_INHERITANCE		22	0.3262059	0.87424904	0.68442625	0.94041884	1.0	2284	tags=32%, list=22%, signal=41%	
HP_LOW_HANGING_COLUMELLA	HP_LOW_HANGING_COLUMELLA		23	0.3189715	0.8741424	0.6331967	0.9402099	1.0	657	tags=9%, list=6%, signal=9%	
GOBP_PROTEIN_N_LINKED_GLYCOSYLATION	GOBP_PROTEIN_N_LINKED_GLYCOSYLATION		57	0.2705138	0.8740929	0.722334	0.939844	1.0	2369	tags=32%, list=23%, signal=41%	
GOBP_POSITIVE_REGULATION_OF_DNA_BINDING	GOBP_POSITIVE_REGULATION_OF_DNA_BINDING		31	0.30319095	0.8740141	0.6680672	0.93956286	1.0	2596	tags=42%, list=25%, signal=56%	
GOBP_NEGATIVE_REGULATION_OF_PROTEIN_MODIFICATION_BY_SMALL_PROTEIN_CONJUGATION_OR_REMOVAL	GOBP_NEGATIVE_REGULATION_OF_PROTEIN_MODIFICATION_BY_SMALL_PROTEIN_CONJUGATION_OR_REMOVAL		77	0.255672	0.87390643	0.7027601	0.93934125	1.0	2394	tags=36%, list=23%, signal=47%	
GOBP_NUCLEOTIDE_EXCISION_REPAIR	GOBP_NUCLEOTIDE_EXCISION_REPAIR		54	0.26965708	0.873848	0.69709545	0.93900007	1.0	3184	tags=35%, list=30%, signal=50%	
HP_BIFID_UVULA	HP_BIFID_UVULA		92	0.24790734	0.8737477	0.74552685	0.9387452	1.0	1764	tags=21%, list=17%, signal=25%	
HP_ABNORMAL_ESOPHAGUS_PHYSIOLOGY	HP_ABNORMAL_ESOPHAGUS_PHYSIOLOGY		460	0.20328581	0.8730543	0.96948355	0.9400406	1.0	2040	tags=19%, list=19%, signal=23%	
HP_RADIOULNAR_SYNOSTOSIS	HP_RADIOULNAR_SYNOSTOSIS		49	0.28035453	0.8729192	0.71340203	0.93991095	1.0	1918	tags=22%, list=18%, signal=27%	
GOBP_ICOSANOID_BIOSYNTHETIC_PROCESS	GOBP_ICOSANOID_BIOSYNTHETIC_PROCESS		21	0.33818692	0.8722664	0.6330645	0.94110596	1.0	887	tags=14%, list=8%, signal=16%	
GOBP_REGULATION_OF_DNA_RECOMBINATION	GOBP_REGULATION_OF_DNA_RECOMBINATION		98	0.24504115	0.87207985	0.74012476	0.9411131	1.0	1837	tags=15%, list=17%, signal=18%	
GOBP_NEGATIVE_REGULATION_OF_INTRACELLULAR_STEROID_HORMONE_RECEPTOR_SIGNALING_PATHWAY	GOBP_NEGATIVE_REGULATION_OF_INTRACELLULAR_STEROID_HORMONE_RECEPTOR_SIGNALING_PATHWAY		24	0.3133418	0.8715489	0.64375	0.9420141	1.0	113	tags=8%, list=1%, signal=8%	
GOBP_CELLULAR_ALDEHYDE_METABOLIC_PROCESS	GOBP_CELLULAR_ALDEHYDE_METABOLIC_PROCESS		31	0.30259663	0.87140614	0.66462165	0.9418799	1.0	2412	tags=32%, list=23%, signal=42%	
GOBP_TRIGLYCERIDE_BIOSYNTHETIC_PROCESS	GOBP_TRIGLYCERIDE_BIOSYNTHETIC_PROCESS		20	0.32923296	0.8713174	0.64301074	0.9416093	1.0	17	tags=5%, list=0%, signal=5%	
GOMF_DICARBOXYLIC_ACID_TRANSMEMBRANE_TRANSPORTER_ACTIVITY	GOMF_DICARBOXYLIC_ACID_TRANSMEMBRANE_TRANSPORTER_ACTIVITY		15	0.36242178	0.87127185	0.6527778	0.94123423	1.0	1871	tags=20%, list=18%, signal=24%	
GOBP_NEGATIVE_REGULATION_OF_OXIDATIVE_STRESS_INDUCED_CELL_DEATH	GOBP_NEGATIVE_REGULATION_OF_OXIDATIVE_STRESS_INDUCED_CELL_DEATH		24	0.3213553	0.87088925	0.648	0.94175565	1.0	2817	tags=58%, list=27%, signal=80%	
GOBP_DNA_UNWINDING_INVOLVED_IN_DNA_REPLICATION	GOBP_DNA_UNWINDING_INVOLVED_IN_DNA_REPLICATION		20	0.33669192	0.8706273	0.6506024	0.9419171	1.0	738	tags=10%, list=7%, signal=11%	
GOBP_REGULATION_OF_GENERATION_OF_PRECURSOR_METABOLITES_AND_ENERGY	GOBP_REGULATION_OF_GENERATION_OF_PRECURSOR_METABOLITES_AND_ENERGY		90	0.25243634	0.87035406	0.7329193	0.9421204	1.0	1469	tags=21%, list=14%, signal=24%	
HP_APLASIA_HYPOPLASIA_OF_THE_RADIUS	HP_APLASIA_HYPOPLASIA_OF_THE_RADIUS		47	0.27191016	0.870309	0.6993865	0.94174564	1.0	2498	tags=21%, list=24%, signal=28%	
HP_ABNORMAL_PREPUTIUM_MORPHOLOGY	HP_ABNORMAL_PREPUTIUM_MORPHOLOGY		30	0.30284816	0.8702436	0.66796875	0.9414188	1.0	954	tags=7%, list=9%, signal=7%	
GOBP_CELLULAR_CARBOHYDRATE_BIOSYNTHETIC_PROCESS	GOBP_CELLULAR_CARBOHYDRATE_BIOSYNTHETIC_PROCESS		41	0.28113297	0.8698804	0.70137525	0.94184995	1.0	358	tags=7%, list=3%, signal=8%	
GOBP_POSITIVE_REGULATION_OF_SMOOTHENED_SIGNALING_PATHWAY	GOBP_POSITIVE_REGULATION_OF_SMOOTHENED_SIGNALING_PATHWAY		16	0.35289627	0.868862	0.65173113	0.943897	1.0	1625	tags=25%, list=15%, signal=30%	
HP_ABNORMAL_NEURON_MORPHOLOGY	HP_ABNORMAL_NEURON_MORPHOLOGY		61	0.26147944	0.8686363	0.7241379	0.9439842	1.0	2073	tags=23%, list=20%, signal=28%	
GOBP_REGULATION_OF_NUCLEASE_ACTIVITY	GOBP_REGULATION_OF_NUCLEASE_ACTIVITY		18	0.3349051	0.86827534	0.638	0.9444093	1.0	543	tags=11%, list=5%, signal=12%	
GOBP_REGULATION_OF_NATURAL_KILLER_CELL_ACTIVATION	GOBP_REGULATION_OF_NATURAL_KILLER_CELL_ACTIVATION		24	0.31570256	0.8682516	0.6787234	0.9439813	1.0	88	tags=8%, list=1%, signal=8%	
GOBP_REGULATION_OF_PROTEIN_DEPHOSPHORYLATION	GOBP_REGULATION_OF_PROTEIN_DEPHOSPHORYLATION		66	0.25967994	0.86725074	0.75390625	0.94598573	1.0	1857	tags=23%, list=18%, signal=27%	
HP_ABNORMALITY_OF_THE_MIDFACE	HP_ABNORMALITY_OF_THE_MIDFACE		343	0.2094462	0.86654145	0.9297052	0.9473126	1.0	2755	tags=27%, list=26%, signal=36%	
GOMF_FATTY_ACID_DERIVATIVE_BINDING	GOMF_FATTY_ACID_DERIVATIVE_BINDING		18	0.33084154	0.8664528	0.6646943	0.94705397	1.0	753	tags=22%, list=7%, signal=24%	
HP_TOOTH_MALPOSITION	HP_TOOTH_MALPOSITION		209	0.21914561	0.8660506	0.8747346	0.94757605	1.0	1228	tags=12%, list=12%, signal=13%	
GOBP_POSITIVE_REGULATION_OF_DNA_REPLICATION	GOBP_POSITIVE_REGULATION_OF_DNA_REPLICATION		29	0.30174994	0.8658486	0.6877637	0.9475961	1.0	2995	tags=34%, list=28%, signal=48%	
GOMF_PROTEIN_HETERODIMERIZATION_ACTIVITY	GOMF_PROTEIN_HETERODIMERIZATION_ACTIVITY		156	0.22642706	0.8652798	0.8122363	0.9485333	1.0	2129	tags=24%, list=20%, signal=29%	
HP_JOINT_HYPERFLEXIBILITY	HP_JOINT_HYPERFLEXIBILITY		122	0.23470104	0.86454135	0.81002086	0.94991064	1.0	2268	tags=21%, list=22%, signal=27%	
GOBP_ORGANELLE_FISSION	GOBP_ORGANELLE_FISSION		333	0.20827295	0.86433077	0.94635195	0.94994706	1.0	2111	tags=17%, list=20%, signal=20%	
HP_FINGER_CLINODACTYLY	HP_FINGER_CLINODACTYLY		240	0.21465386	0.86391735	0.8867102	0.95047843	1.0	2309	tags=19%, list=22%, signal=23%	
HP_ABNORMAL_LABIA_MINORA_MORPHOLOGY	HP_ABNORMAL_LABIA_MINORA_MORPHOLOGY		19	0.33369854	0.8637665	0.66796875	0.9503597	1.0	1759	tags=21%, list=17%, signal=25%	
GOMF_REGULATORY_RNA_BINDING	GOMF_REGULATORY_RNA_BINDING		29	0.30243078	0.8636525	0.68	0.95013404	1.0	3080	tags=48%, list=29%, signal=68%	
HP_MELANOMA	HP_MELANOMA		56	0.26733708	0.86361897	0.70233464	0.9497189	1.0	2628	tags=25%, list=25%, signal=33%	
GOBP_DNA_INTEGRITY_CHECKPOINT_SIGNALING	GOBP_DNA_INTEGRITY_CHECKPOINT_SIGNALING		102	0.24060327	0.86359334	0.7880086	0.94929117	1.0	2550	tags=24%, list=24%, signal=31%	
HP_ABNORMALLY_LARGE_GLOBE	HP_ABNORMALLY_LARGE_GLOBE		23	0.32192028	0.86315227	0.69135803	0.9499163	1.0	2489	tags=35%, list=24%, signal=45%	
HP_SCALING_SKIN	HP_SCALING_SKIN		18	0.33059707	0.86286014	0.6633267	0.9501219	1.0	582	tags=11%, list=6%, signal=12%	
HP_FRONTOTEMPORAL_DEMENTIA	HP_FRONTOTEMPORAL_DEMENTIA		25	0.31074592	0.86274904	0.6712598	0.94988567	1.0	336	tags=12%, list=3%, signal=12%	
GOBP_DNA_DAMAGE_RESPONSE_SIGNAL_TRANSDUCTION_BY_P53_CLASS_MEDIATOR	GOBP_DNA_DAMAGE_RESPONSE_SIGNAL_TRANSDUCTION_BY_P53_CLASS_MEDIATOR		55	0.26163992	0.8626557	0.7292111	0.94960797	1.0	887	tags=11%, list=8%, signal=12%	
HP_HIGH_NARROW_PALATE	HP_HIGH_NARROW_PALATE		83	0.24804753	0.86224794	0.7847826	0.95011073	1.0	1819	tags=19%, list=17%, signal=23%	
HP_ABNORMAL_AORTIC_MORPHOLOGY	HP_ABNORMAL_AORTIC_MORPHOLOGY		250	0.21539107	0.8621617	0.90217394	0.949837	1.0	2104	tags=21%, list=20%, signal=26%	
HP_ABNORMAL_CLAVICLE_MORPHOLOGY	HP_ABNORMAL_CLAVICLE_MORPHOLOGY		54	0.26589698	0.86196023	0.71183205	0.9498339	1.0	2230	tags=24%, list=21%, signal=30%	
GOBP_SPINAL_CORD_DEVELOPMENT	GOBP_SPINAL_CORD_DEVELOPMENT		33	0.29196623	0.86154175	0.6771488	0.95038134	1.0	2879	tags=45%, list=27%, signal=62%	
HP_FOCAL_SEGMENTAL_GLOMERULOSCLEROSIS	HP_FOCAL_SEGMENTAL_GLOMERULOSCLEROSIS		30	0.30512217	0.861468	0.68916154	0.950079	1.0	1894	tags=27%, list=18%, signal=32%	
GOBP_REGULATION_OF_EARLY_ENDOSOME_TO_LATE_ENDOSOME_TRANSPORT	GOBP_REGULATION_OF_EARLY_ENDOSOME_TO_LATE_ENDOSOME_TRANSPORT		15	0.35200867	0.8612316	0.67	0.9501843	1.0	1893	tags=27%, list=18%, signal=32%	
HP_ABNORMALITY_OF_THE_COAGULATION_CASCADE	HP_ABNORMALITY_OF_THE_COAGULATION_CASCADE		85	0.25145993	0.861098	0.7854077	0.9500166	1.0	1874	tags=22%, list=18%, signal=27%	
HP_ABNORMALITY_OF_THE_CARPAL_BONES	HP_ABNORMALITY_OF_THE_CARPAL_BONES		44	0.27737164	0.8609312	0.7102616	0.9499242	1.0	1507	tags=18%, list=14%, signal=21%	
GOBP_POSITIVE_REGULATION_OF_PROTEIN_TYROSINE_KINASE_ACTIVITY	GOBP_POSITIVE_REGULATION_OF_PROTEIN_TYROSINE_KINASE_ACTIVITY		21	0.32532954	0.86056995	0.6666667	0.95031506	1.0	83	tags=10%, list=1%, signal=10%	
GOBP_CELLULAR_KETONE_METABOLIC_PROCESS	GOBP_CELLULAR_KETONE_METABOLIC_PROCESS		98	0.23817979	0.8604373	0.7983368	0.95014644	1.0	1910	tags=19%, list=18%, signal=23%	
HP_GENERALIZED_MUSCLE_WEAKNESS	HP_GENERALIZED_MUSCLE_WEAKNESS		75	0.25241745	0.86027026	0.76508623	0.9500498	1.0	2657	tags=33%, list=25%, signal=44%	
HP_IMPAIRED_TANDEM_GAIT	HP_IMPAIRED_TANDEM_GAIT		38	0.2840207	0.860109	0.7072165	0.949952	1.0	1690	tags=26%, list=16%, signal=31%	
HP_ABNORMALITY_OF_THE_HELIX	HP_ABNORMALITY_OF_THE_HELIX		90	0.24509874	0.8594444	0.7707865	0.9510731	1.0	2863	tags=31%, list=27%, signal=42%	
HP_BROAD_TOE	HP_BROAD_TOE		62	0.26042876	0.8592576	0.75409836	0.9510391	1.0	2588	tags=29%, list=25%, signal=38%	
GOBP_RETROGRADE_VESICLE_MEDIATED_TRANSPORT_GOLGI_TO_ENDOPLASMIC_RETICULUM	GOBP_RETROGRADE_VESICLE_MEDIATED_TRANSPORT_GOLGI_TO_ENDOPLASMIC_RETICULUM		45	0.27830535	0.85901827	0.722	0.95112824	1.0	3463	tags=38%, list=33%, signal=56%	
GOBP_GLUTATHIONE_METABOLIC_PROCESS	GOBP_GLUTATHIONE_METABOLIC_PROCESS		35	0.28925654	0.8578108	0.7131313	0.9535406	1.0	799	tags=14%, list=8%, signal=15%	
HP_HYPOPLASIA_OF_THE_RADIUS	HP_HYPOPLASIA_OF_THE_RADIUS		22	0.32335517	0.8576857	0.68390805	0.95336837	1.0	2187	tags=27%, list=21%, signal=34%	
HP_PATELLAR_APLASIA	HP_PATELLAR_APLASIA		15	0.3515379	0.8576047	0.65294117	0.95306957	1.0	4347	tags=73%, list=41%, signal=125%	
HP_BRACHYDACTYLY	HP_BRACHYDACTYLY		214	0.21483462	0.85753286	0.9028926	0.95275223	1.0	1256	tags=12%, list=12%, signal=13%	
HP_MILDLY_ELEVATED_CREATINE_KINASE	HP_MILDLY_ELEVATED_CREATINE_KINASE		33	0.28630078	0.8570881	0.73638344	0.95335424	1.0	1222	tags=15%, list=12%, signal=17%	
HP_ANOPHTHALMIA	HP_ANOPHTHALMIA		41	0.28246793	0.8568022	0.72032195	0.9535589	1.0	3127	tags=32%, list=30%, signal=45%	
HP_ABNORMAL_DERMATOGLYPHICS	HP_ABNORMAL_DERMATOGLYPHICS		184	0.2212218	0.8565689	0.85393256	0.9536341	1.0	2272	tags=19%, list=22%, signal=24%	
GOBP_POSITIVE_REGULATION_OF_DNA_REPAIR	GOBP_POSITIVE_REGULATION_OF_DNA_REPAIR		70	0.25386956	0.8563018	0.7556008	0.95382446	1.0	1966	tags=17%, list=19%, signal=21%	
GOMF_NUCLEOSOME_BINDING	GOMF_NUCLEOSOME_BINDING		43	0.27817568	0.8561568	0.7282378	0.9536628	1.0	2565	tags=33%, list=24%, signal=43%	
HP_GINGIVAL_OVERGROWTH	HP_GINGIVAL_OVERGROWTH		77	0.24942534	0.85610634	0.78105265	0.95329803	1.0	1121	tags=13%, list=11%, signal=14%	
HP_HYPOPLASTIC_LABIA_MINORA	HP_HYPOPLASTIC_LABIA_MINORA		15	0.3565001	0.85567594	0.67391306	0.9538236	1.0	1759	tags=20%, list=17%, signal=24%	
GOBP_VENTRAL_SPINAL_CORD_DEVELOPMENT	GOBP_VENTRAL_SPINAL_CORD_DEVELOPMENT		15	0.35299477	0.85560876	0.6593186	0.9534929	1.0	2754	tags=47%, list=26%, signal=63%	
HP_THIN_VERMILION_BORDER	HP_THIN_VERMILION_BORDER		274	0.21134348	0.85492414	0.9373695	0.95459783	1.0	2696	tags=25%, list=26%, signal=33%	
GOMF_DAMAGED_DNA_BINDING	GOMF_DAMAGED_DNA_BINDING		61	0.26175857	0.8548156	0.7710843	0.9543732	1.0	3205	tags=38%, list=30%, signal=54%	
GOBP_CARDIAC_MUSCLE_CELL_DIFFERENTIATION	GOBP_CARDIAC_MUSCLE_CELL_DIFFERENTIATION		38	0.28234178	0.85454744	0.71833646	0.9545137	1.0	2265	tags=32%, list=22%, signal=40%	
HP_TRANSPOSITION_OF_THE_GREAT_ARTERIES	HP_TRANSPOSITION_OF_THE_GREAT_ARTERIES		19	0.33226562	0.85421336	0.6857143	0.9548243	1.0	1213	tags=21%, list=12%, signal=24%	
HP_GAZE_EVOKED_NYSTAGMUS	HP_GAZE_EVOKED_NYSTAGMUS		24	0.31204244	0.85389227	0.6927711	0.95506316	1.0	1873	tags=29%, list=18%, signal=35%	
GOBP_MIRNA_METABOLIC_PROCESS	GOBP_MIRNA_METABOLIC_PROCESS		19	0.3261056	0.8537382	0.6964657	0.9549366	1.0	3209	tags=58%, list=31%, signal=83%	
HP_ABNORMAL_TENDON_MORPHOLOGY	HP_ABNORMAL_TENDON_MORPHOLOGY		471	0.20055315	0.8533123	0.978022	0.9554685	1.0	2362	tags=22%, list=22%, signal=27%	
HP_RETINAL_ATROPHY	HP_RETINAL_ATROPHY		76	0.2468125	0.8532306	0.77350426	0.9551658	1.0	1867	tags=22%, list=18%, signal=27%	
GOBP_CARDIAC_SEPTUM_MORPHOGENESIS	GOBP_CARDIAC_SEPTUM_MORPHOGENESIS		24	0.31617528	0.8530534	0.68812877	0.95509654	1.0	1798	tags=33%, list=17%, signal=40%	
HP_ABNORMAL_ENCHONDRAL_OSSIFICATION	HP_ABNORMAL_ENCHONDRAL_OSSIFICATION		75	0.2504974	0.8530019	0.7782516	0.95473045	1.0	2230	tags=23%, list=21%, signal=29%	
HP_ECTOPIC_KIDNEY	HP_ECTOPIC_KIDNEY		46	0.27546033	0.85279125	0.7341513	0.9547138	1.0	1339	tags=13%, list=13%, signal=15%	
HP_ABNORMAL_NEPHRON_MORPHOLOGY	HP_ABNORMAL_NEPHRON_MORPHOLOGY		130	0.22515456	0.85244775	0.85684645	0.95502317	1.0	1918	tags=23%, list=18%, signal=28%	
GOBP_CARBOHYDRATE_PHOSPHORYLATION	GOBP_CARBOHYDRATE_PHOSPHORYLATION		21	0.32300538	0.8523627	0.68849206	0.9547256	1.0	261	tags=10%, list=2%, signal=10%	
HP_GLUCOSE_INTOLERANCE	HP_GLUCOSE_INTOLERANCE		227	0.21399888	0.8523318	0.90697676	0.95431	1.0	2359	tags=21%, list=22%, signal=27%	
GOBP_PROTEIN_SUMOYLATION	GOBP_PROTEIN_SUMOYLATION		41	0.2747587	0.8522884	0.74338084	0.9539187	1.0	2524	tags=39%, list=24%, signal=51%	
GOBP_VIRAL_GENE_EXPRESSION	GOBP_VIRAL_GENE_EXPRESSION		90	0.24252105	0.85110056	0.79273504	0.9561735	1.0	2484	tags=31%, list=24%, signal=40%	
HP_THIN_EYEBROW	HP_THIN_EYEBROW		41	0.2804664	0.851051	0.7416667	0.95580304	1.0	186	tags=7%, list=2%, signal=7%	
GOMF_PHOSPHATIDYLINOSITOL_3_4_BISPHOSPHATE_BINDING	GOMF_PHOSPHATIDYLINOSITOL_3_4_BISPHOSPHATE_BINDING		18	0.33773705	0.8502464	0.6789366	0.9571954	1.0	645	tags=11%, list=6%, signal=12%	
GOBP_REGULATION_OF_PROTEIN_POLYUBIQUITINATION	GOBP_REGULATION_OF_PROTEIN_POLYUBIQUITINATION		22	0.3139553	0.8501192	0.7024292	0.9569953	1.0	2267	tags=32%, list=22%, signal=40%	
HP_IMPAIRED_DISTAL_VIBRATION_SENSATION	HP_IMPAIRED_DISTAL_VIBRATION_SENSATION		15	0.35245836	0.84973794	0.7011494	0.9573916	1.0	932	tags=13%, list=9%, signal=15%	
GOMF_NUCLEAR_RECEPTOR_COACTIVATOR_ACTIVITY	GOMF_NUCLEAR_RECEPTOR_COACTIVATOR_ACTIVITY		51	0.2632341	0.84934044	0.7602459	0.9578193	1.0	1854	tags=24%, list=18%, signal=28%	
GOBP_MONOSACCHARIDE_METABOLIC_PROCESS	GOBP_MONOSACCHARIDE_METABOLIC_PROCESS		165	0.22155371	0.84924954	0.8488121	0.95753187	1.0	2512	tags=26%, list=24%, signal=34%	
HP_SPARSE_LATERAL_EYEBROW	HP_SPARSE_LATERAL_EYEBROW		16	0.3462379	0.84918314	0.66796875	0.9572028	1.0	332	tags=13%, list=3%, signal=13%	
GOBP_NEGATIVE_REGULATION_OF_CALCIUM_ION_TRANSPORT	GOBP_NEGATIVE_REGULATION_OF_CALCIUM_ION_TRANSPORT		21	0.32007006	0.8483303	0.7160494	0.9586661	1.0	1117	tags=24%, list=11%, signal=27%	
GOBP_RESPONSE_TO_AMINO_ACID_STARVATION	GOBP_RESPONSE_TO_AMINO_ACID_STARVATION		42	0.2775895	0.8482701	0.7601626	0.95831645	1.0	773	tags=12%, list=7%, signal=13%	
GOBP_REGULATION_OF_DNA_DEPENDENT_DNA_REPLICATION	GOBP_REGULATION_OF_DNA_DEPENDENT_DNA_REPLICATION		44	0.267343	0.8481467	0.75619835	0.95812696	1.0	4233	tags=59%, list=40%, signal=99%	
GOBP_PROTEIN_LOCALIZATION_TO_CHROMOSOME_CENTROMERIC_REGION	GOBP_PROTEIN_LOCALIZATION_TO_CHROMOSOME_CENTROMERIC_REGION		23	0.31368238	0.8478477	0.7068607	0.9583492	1.0	240	tags=4%, list=2%, signal=4%	
GOBP_NEGATIVE_REGULATION_OF_T_CELL_DIFFERENTIATION	GOBP_NEGATIVE_REGULATION_OF_T_CELL_DIFFERENTIATION		27	0.29505637	0.84784734	0.7099567	0.95786613	1.0	1598	tags=22%, list=15%, signal=26%	
HP_LARYNGOMALACIA	HP_LARYNGOMALACIA		39	0.27924338	0.847737	0.7422037	0.9576285	1.0	1650	tags=21%, list=16%, signal=24%	
GOBP_RESPONSE_TO_MISFOLDED_PROTEIN	GOBP_RESPONSE_TO_MISFOLDED_PROTEIN		20	0.32127565	0.8476704	0.696281	0.9573048	1.0	2966	tags=35%, list=28%, signal=49%	
GOBP_BONE_CELL_DEVELOPMENT	GOBP_BONE_CELL_DEVELOPMENT		24	0.30864716	0.84760857	0.69341564	0.95696366	1.0	1261	tags=21%, list=12%, signal=24%	
GOBP_POSITIVE_REGULATION_OF_RELEASE_OF_SEQUESTERED_CALCIUM_ION_INTO_CYTOSOL	GOBP_POSITIVE_REGULATION_OF_RELEASE_OF_SEQUESTERED_CALCIUM_ION_INTO_CYTOSOL		16	0.33812323	0.84741503	0.69123507	0.95691377	1.0	799	tags=13%, list=8%, signal=14%	
HP_APLASIA_HYPOPLASIA_OF_THE_FEMUR	HP_APLASIA_HYPOPLASIA_OF_THE_FEMUR		34	0.28759262	0.8468025	0.71483624	0.9578067	1.0	1417	tags=15%, list=13%, signal=17%	
HP_ABNORMAL_FEMORAL_NECK_MORPHOLOGY	HP_ABNORMAL_FEMORAL_NECK_MORPHOLOGY		89	0.24134706	0.8466426	0.8514056	0.95768565	1.0	2309	tags=24%, list=22%, signal=30%	
GOBP_REGULATION_OF_MITOTIC_CELL_CYCLE_SPINDLE_ASSEMBLY_CHECKPOINT	GOBP_REGULATION_OF_MITOTIC_CELL_CYCLE_SPINDLE_ASSEMBLY_CHECKPOINT		15	0.34440866	0.84625	0.69625247	0.9580938	1.0	3235	tags=27%, list=31%, signal=38%	
GOCC_COPI_COATED_VESICLE	GOCC_COPI_COATED_VESICLE		19	0.3329641	0.8459513	0.70703125	0.9582729	1.0	2547	tags=26%, list=24%, signal=35%	
GOBP_ICOSANOID_TRANSPORT	GOBP_ICOSANOID_TRANSPORT		15	0.35094643	0.8458985	0.65882355	0.9579264	1.0	887	tags=13%, list=8%, signal=15%	
HP_PAPILLARY_THYROID_CARCINOMA	HP_PAPILLARY_THYROID_CARCINOMA		16	0.3379766	0.84582573	0.6789168	0.9576032	1.0	2935	tags=44%, list=28%, signal=61%	
HP_ABNORMAL_NASAL_MUCOSA_MORPHOLOGY	HP_ABNORMAL_NASAL_MUCOSA_MORPHOLOGY		19	0.321355	0.8456002	0.6841046	0.95761955	1.0	1213	tags=21%, list=12%, signal=24%	
HP_ABNORMAL_LEFT_VENTRICLE_MORPHOLOGY	HP_ABNORMAL_LEFT_VENTRICLE_MORPHOLOGY		63	0.2538791	0.8454143	0.79843444	0.9575548	1.0	891	tags=13%, list=8%, signal=14%	
GOBP_REGULATION_OF_GLIAL_CELL_DIFFERENTIATION	GOBP_REGULATION_OF_GLIAL_CELL_DIFFERENTIATION		31	0.2930413	0.84496766	0.74451095	0.9581061	1.0	483	tags=13%, list=5%, signal=13%	
HP_ABNORMALITY_OF_LOWER_LIMB_JOINT	HP_ABNORMALITY_OF_LOWER_LIMB_JOINT		391	0.20058143	0.8447589	0.9822222	0.9580889	1.0	2310	tags=21%, list=22%, signal=27%	
GOMF_HISTONE_BINDING	GOMF_HISTONE_BINDING		188	0.21645536	0.84430283	0.9092873	0.9586683	1.0	1881	tags=18%, list=18%, signal=22%	
GOCC_TRANS_GOLGI_NETWORK_TRANSPORT_VESICLE	GOCC_TRANS_GOLGI_NETWORK_TRANSPORT_VESICLE		19	0.32860184	0.8439837	0.715415	0.9588971	1.0	2547	tags=32%, list=24%, signal=42%	
HP_THORACIC_SCOLIOSIS	HP_THORACIC_SCOLIOSIS		22	0.3155059	0.8439829	0.7034765	0.95841867	1.0	2048	tags=23%, list=19%, signal=28%	
HP_FULL_CHEEKS	HP_FULL_CHEEKS		96	0.23836201	0.8435215	0.8476954	0.9589552	1.0	1184	tags=11%, list=11%, signal=13%	
HP_DILATED_FOURTH_VENTRICLE	HP_DILATED_FOURTH_VENTRICLE		97	0.23663962	0.84339166	0.8377823	0.9587763	1.0	3127	tags=31%, list=30%, signal=44%	
HP_ABNORMAL_LOWER_MOTOR_NEURON_MORPHOLOGY	HP_ABNORMAL_LOWER_MOTOR_NEURON_MORPHOLOGY		22	0.31268737	0.8433207	0.6998051	0.9584578	1.0	167	tags=9%, list=2%, signal=9%	
HP_PALPITATIONS	HP_PALPITATIONS		37	0.2820705	0.84317994	0.7408907	0.9582896	1.0	2309	tags=38%, list=22%, signal=48%	
HP_SLENDER_FINGER	HP_SLENDER_FINGER		81	0.24362797	0.8428884	0.79881656	0.9584545	1.0	1555	tags=17%, list=15%, signal=20%	
GOBP_MAINTENANCE_OF_CELL_NUMBER	GOBP_MAINTENANCE_OF_CELL_NUMBER		86	0.24200456	0.8418406	0.8172269	0.9602881	1.0	2498	tags=27%, list=24%, signal=35%	
HP_AMENORRHEA	HP_AMENORRHEA		82	0.24109001	0.84128594	0.82743365	0.9610704	1.0	2311	tags=28%, list=22%, signal=36%	
HP_CONVEX_NASAL_RIDGE	HP_CONVEX_NASAL_RIDGE		47	0.2649242	0.84018797	0.78431374	0.9630126	1.0	2596	tags=21%, list=25%, signal=28%	
HP_MASK_LIKE_FACIES	HP_MASK_LIKE_FACIES		34	0.288607	0.84001535	0.7303823	0.96290064	1.0	2657	tags=44%, list=25%, signal=59%	
HP_AIRWAY_OBSTRUCTION	HP_AIRWAY_OBSTRUCTION		44	0.27058545	0.83994204	0.7504951	0.9625666	1.0	1650	tags=23%, list=16%, signal=27%	
HP_SLOPING_FOREHEAD	HP_SLOPING_FOREHEAD		134	0.22331594	0.8396292	0.8881579	0.96276224	1.0	954	tags=7%, list=9%, signal=7%	
HP_ABNORMAL_THYROID_MORPHOLOGY	HP_ABNORMAL_THYROID_MORPHOLOGY		96	0.23218538	0.83829117	0.8556911	0.9651836	1.0	2303	tags=27%, list=22%, signal=34%	
HP_PROXIMAL_MUSCLE_WEAKNESS	HP_PROXIMAL_MUSCLE_WEAKNESS		116	0.2276011	0.8379413	0.8603696	0.9654731	1.0	2389	tags=28%, list=23%, signal=36%	
GOBP_REGULATION_OF_CELL_CYCLE_CHECKPOINT	GOBP_REGULATION_OF_CELL_CYCLE_CHECKPOINT		30	0.29192477	0.83784366	0.7162978	0.9652075	1.0	2550	tags=27%, list=24%, signal=35%	
GOBP_RUFFLE_ASSEMBLY	GOBP_RUFFLE_ASSEMBLY		29	0.29362127	0.83750325	0.72564614	0.9654788	1.0	434	tags=10%, list=4%, signal=11%	
HP_FLARED_METAPHYSIS	HP_FLARED_METAPHYSIS		30	0.28886458	0.8364402	0.73903966	0.96725297	1.0	1764	tags=20%, list=17%, signal=24%	
GOBP_CENTRIOLE_ASSEMBLY	GOBP_CENTRIOLE_ASSEMBLY		39	0.27852535	0.83626133	0.74590164	0.9671426	1.0	1590	tags=10%, list=15%, signal=12%	
HP_ABNORMAL_MYOCARDIUM_MORPHOLOGY	HP_ABNORMAL_MYOCARDIUM_MORPHOLOGY		362	0.20052892	0.8362048	0.9845133	0.96678644	1.0	2828	tags=30%, list=27%, signal=40%	
HP_PATENT_FORAMEN_OVALE	HP_PATENT_FORAMEN_OVALE		60	0.25650468	0.8361726	0.7757202	0.9663879	1.0	2077	tags=27%, list=20%, signal=33%	
GOMF_PROTEIN_C_TERMINUS_BINDING	GOMF_PROTEIN_C_TERMINUS_BINDING		129	0.2269626	0.8359316	0.8825996	0.96643764	1.0	2129	tags=19%, list=20%, signal=23%	
HP_CONTRACTURES_OF_THE_JOINTS_OF_THE_UPPER_LIMBS	HP_CONTRACTURES_OF_THE_JOINTS_OF_THE_UPPER_LIMBS		175	0.21456453	0.8359116	0.9334638	0.966001	1.0	1297	tags=13%, list=12%, signal=15%	
HP_HYPSARRHYTHMIA	HP_HYPSARRHYTHMIA		125	0.22503397	0.83548325	0.8935698	0.966412	1.0	2288	tags=24%, list=22%, signal=30%	
HP_ABNORMALITY_OF_RETINAL_PIGMENTATION	HP_ABNORMALITY_OF_RETINAL_PIGMENTATION		203	0.21237278	0.83537287	0.9195876	0.9661836	1.0	3068	tags=33%, list=29%, signal=45%	
GOBP_NEGATIVE_REGULATION_OF_SMALL_MOLECULE_METABOLIC_PROCESS	GOBP_NEGATIVE_REGULATION_OF_SMALL_MOLECULE_METABOLIC_PROCESS		48	0.2664085	0.8351848	0.7798354	0.96613	1.0	798	tags=10%, list=8%, signal=11%	
GOBP_CHROMOSOME_SEGREGATION	GOBP_CHROMOSOME_SEGREGATION		263	0.20706975	0.8346542	0.96043956	0.9667651	1.0	2596	tags=19%, list=25%, signal=25%	
GOMF_ACYL_COA_BINDING	GOMF_ACYL_COA_BINDING		20	0.3198596	0.83443457	0.6755102	0.9667698	1.0	753	tags=20%, list=7%, signal=22%	
GOBP_ESTABLISHMENT_OF_PROTEIN_LOCALIZATION_TO_ENDOPLASMIC_RETICULUM	GOBP_ESTABLISHMENT_OF_PROTEIN_LOCALIZATION_TO_ENDOPLASMIC_RETICULUM		31	0.29198363	0.83403766	0.74007934	0.9671385	1.0	2985	tags=35%, list=28%, signal=49%	
HP_LOWER_EXTREMITY_JOINT_DISLOCATION	HP_LOWER_EXTREMITY_JOINT_DISLOCATION		179	0.21535625	0.83322406	0.9270386	0.9683978	1.0	2310	tags=23%, list=22%, signal=29%	
HP_ABNORMALITY_OF_THE_PUBIC_HAIR	HP_ABNORMALITY_OF_THE_PUBIC_HAIR		18	0.33073166	0.8330989	0.7002012	0.96818775	1.0	1292	tags=22%, list=12%, signal=25%	
GOBP_POSITIVE_REGULATION_OF_STEROL_TRANSPORT	GOBP_POSITIVE_REGULATION_OF_STEROL_TRANSPORT		17	0.3356587	0.83289105	0.6707317	0.96813285	1.0	4	tags=6%, list=0%, signal=6%	
HP_COLPOCEPHALY	HP_COLPOCEPHALY		15	0.34280592	0.8328826	0.692	0.96766704	1.0	2755	tags=33%, list=26%, signal=45%	
GOBP_CELLULAR_MODIFIED_AMINO_ACID_CATABOLIC_PROCESS	GOBP_CELLULAR_MODIFIED_AMINO_ACID_CATABOLIC_PROCESS		17	0.32815018	0.8318689	0.7278226	0.96927065	1.0	2080	tags=35%, list=20%, signal=44%	
HP_WIDELY_SPACED_TEETH	HP_WIDELY_SPACED_TEETH		67	0.24956405	0.83111084	0.8261719	0.97037506	1.0	1783	tags=16%, list=17%, signal=20%	
GOBP_HISTONE_H3_ACETYLATION	GOBP_HISTONE_H3_ACETYLATION		64	0.2502308	0.83103853	0.802444	0.97004116	1.0	2512	tags=28%, list=24%, signal=37%	
GOMF_HYDROLASE_ACTIVITY_ACTING_ON_CARBON_NITROGEN_BUT_NOT_PEPTIDE_BONDS_IN_CYCLIC_AMIDINES	GOMF_HYDROLASE_ACTIVITY_ACTING_ON_CARBON_NITROGEN_BUT_NOT_PEPTIDE_BONDS_IN_CYCLIC_AMIDINES		19	0.32639182	0.8309894	0.707457	0.9696611	1.0	1744	tags=32%, list=17%, signal=38%	
HP_BRADYCARDIA	HP_BRADYCARDIA		33	0.28311974	0.8309316	0.77310926	0.96931154	1.0	1350	tags=24%, list=13%, signal=28%	
HP_RHABDOMYOSARCOMA	HP_RHABDOMYOSARCOMA		16	0.33752882	0.8298572	0.69311064	0.9710545	1.0	2828	tags=44%, list=27%, signal=60%	
HP_SYMPTOMATIC_SEIZURES	HP_SYMPTOMATIC_SEIZURES		19	0.32105827	0.82962483	0.7322515	0.971074	1.0	1059	tags=21%, list=10%, signal=23%	
HP_ABNORMAL_VITAMIN_B12_LEVEL	HP_ABNORMAL_VITAMIN_B12_LEVEL		16	0.3360326	0.8293183	0.69214875	0.97122383	1.0	593	tags=19%, list=6%, signal=20%	
HP_APLASIA_HYPOPLASIA_INVOLVING_FOREARM_BONES	HP_APLASIA_HYPOPLASIA_INVOLVING_FOREARM_BONES		54	0.2563851	0.8281556	0.79881656	0.97312564	1.0	2498	tags=20%, list=24%, signal=27%	
GOBP_P_BODY_ASSEMBLY	GOBP_P_BODY_ASSEMBLY		18	0.32231924	0.8279053	0.742126	0.9731603	1.0	1808	tags=28%, list=17%, signal=33%	
HP_ABNORMALITY_OF_THE_CHIN	HP_ABNORMALITY_OF_THE_CHIN		212	0.21044727	0.8278877	0.94017094	0.9727168	1.0	740	tags=8%, list=7%, signal=8%	
GOCC_ENDOPLASMIC_RETICULUM_GOLGI_INTERMEDIATE_COMPARTMENT	GOCC_ENDOPLASMIC_RETICULUM_GOLGI_INTERMEDIATE_COMPARTMENT		91	0.23371714	0.82779056	0.86993605	0.97244585	1.0	2631	tags=24%, list=25%, signal=32%	
HP_ABNORMALITY_OF_THE_NASAL_TIP	HP_ABNORMALITY_OF_THE_NASAL_TIP		219	0.20849144	0.82733554	0.93432206	0.97289056	1.0	2882	tags=27%, list=27%, signal=37%	
HP_PATELLAR_DISLOCATION	HP_PATELLAR_DISLOCATION		42	0.2716866	0.8271957	0.7807933	0.972704	1.0	1415	tags=19%, list=13%, signal=22%	
GOBP_DNA_RECOMBINATION	GOBP_DNA_RECOMBINATION		242	0.20635879	0.8271684	0.96100914	0.97228235	1.0	2037	tags=16%, list=19%, signal=19%	
HP_SKELETAL_DYSPLASIA	HP_SKELETAL_DYSPLASIA		109	0.2309893	0.8270788	0.8428571	0.97200096	1.0	2265	tags=24%, list=22%, signal=30%	
HP_PERSEVERATION	HP_PERSEVERATION		15	0.34292462	0.82690465	0.7103594	0.97187585	1.0	1812	tags=33%, list=17%, signal=40%	
HP_PYRIDOXINE_RESPONSIVE_SIDEROBLASTIC_ANEMIA	HP_PYRIDOXINE_RESPONSIVE_SIDEROBLASTIC_ANEMIA		23	0.30792904	0.8266123	0.73100615	0.9719929	1.0	4373	tags=52%, list=42%, signal=89%	
HP_INCOMITANT_STRABISMUS	HP_INCOMITANT_STRABISMUS		38	0.27180484	0.82659966	0.7739307	0.9715494	1.0	1690	tags=21%, list=16%, signal=25%	
GOBP_TRANSITION_METAL_ION_HOMEOSTASIS	GOBP_TRANSITION_METAL_ION_HOMEOSTASIS		80	0.23742275	0.82623875	0.8577236	0.97180206	1.0	2697	tags=31%, list=26%, signal=42%	
GOBP_COENZYME_A_METABOLIC_PROCESS	GOBP_COENZYME_A_METABOLIC_PROCESS		17	0.33572716	0.8259235	0.72564614	0.9719333	1.0	1565	tags=24%, list=15%, signal=28%	
HP_PROFOUND_GLOBAL_DEVELOPMENTAL_DELAY	HP_PROFOUND_GLOBAL_DEVELOPMENTAL_DELAY		39	0.2672078	0.825864	0.8069106	0.9715759	1.0	2792	tags=33%, list=27%, signal=45%	
GOBP_REGULATION_OF_MITOTIC_SISTER_CHROMATID_SEGREGATION	GOBP_REGULATION_OF_MITOTIC_SISTER_CHROMATID_SEGREGATION		40	0.27686736	0.8257103	0.77018636	0.9714059	1.0	2637	tags=20%, list=25%, signal=27%	
GOMF_DISORDERED_DOMAIN_SPECIFIC_BINDING	GOMF_DISORDERED_DOMAIN_SPECIFIC_BINDING		26	0.3022892	0.82525456	0.7602459	0.9718257	1.0	459	tags=8%, list=4%, signal=8%	
HP_ABNORMALITY_OF_FIBULA_MORPHOLOGY	HP_ABNORMALITY_OF_FIBULA_MORPHOLOGY		29	0.2889381	0.82461214	0.7330595	0.97260857	1.0	1104	tags=17%, list=11%, signal=19%	
GOBP_PROTEIN_QUALITY_CONTROL_FOR_MISFOLDED_OR_INCOMPLETELY_SYNTHESIZED_PROTEINS	GOBP_PROTEIN_QUALITY_CONTROL_FOR_MISFOLDED_OR_INCOMPLETELY_SYNTHESIZED_PROTEINS		25	0.29915822	0.8244917	0.7532751	0.972363	1.0	556	tags=12%, list=5%, signal=13%	
GOBP_MITOTIC_RECOMBINATION	GOBP_MITOTIC_RECOMBINATION		23	0.31467834	0.824212	0.7358871	0.97245646	1.0	3647	tags=39%, list=35%, signal=60%	
GOCC_PHOTORECEPTOR_OUTER_SEGMENT	GOCC_PHOTORECEPTOR_OUTER_SEGMENT		28	0.29282543	0.82316124	0.770751	0.9740202	1.0	957	tags=11%, list=9%, signal=12%	
GOBP_REGULATION_OF_FATTY_ACID_OXIDATION	GOBP_REGULATION_OF_FATTY_ACID_OXIDATION		16	0.3293199	0.8230443	0.7554241	0.973761	1.0	650	tags=19%, list=6%, signal=20%	
GOBP_PROTEIN_MONOUBIQUITINATION	GOBP_PROTEIN_MONOUBIQUITINATION		68	0.24336277	0.8228882	0.8208955	0.97360003	1.0	2586	tags=28%, list=25%, signal=37%	
HP_BILATERAL_TONIC_CLONIC_SEIZURE_WITH_GENERALIZED_ONSET	HP_BILATERAL_TONIC_CLONIC_SEIZURE_WITH_GENERALIZED_ONSET		26	0.2969328	0.8219289	0.7480159	0.975004	1.0	1467	tags=19%, list=14%, signal=22%	
GOBP_ENDOCRINE_PROCESS	GOBP_ENDOCRINE_PROCESS		22	0.30183262	0.8214494	0.7371541	0.97546464	1.0	740	tags=18%, list=7%, signal=20%	
HP_CHROMOSOME_BREAKAGE	HP_CHROMOSOME_BREAKAGE		29	0.28853256	0.82136315	0.7825243	0.97516316	1.0	2506	tags=28%, list=24%, signal=36%	
HP_SYNOSTOSIS_INVOLVING_BONES_OF_THE_HAND	HP_SYNOSTOSIS_INVOLVING_BONES_OF_THE_HAND		19	0.31733626	0.82091945	0.74313724	0.9755428	1.0	1783	tags=26%, list=17%, signal=32%	
GOBP_PHENOL_CONTAINING_COMPOUND_METABOLIC_PROCESS	GOBP_PHENOL_CONTAINING_COMPOUND_METABOLIC_PROCESS		35	0.27976137	0.8203082	0.76969695	0.9762308	1.0	3172	tags=49%, list=30%, signal=69%	
HP_DECREASED_CIRCULATING_CORTISOL_LEVEL	HP_DECREASED_CIRCULATING_CORTISOL_LEVEL		21	0.31155118	0.81975526	0.72469634	0.9768258	1.0	2506	tags=43%, list=24%, signal=56%	
GOBP_NEUTRAL_LIPID_BIOSYNTHETIC_PROCESS	GOBP_NEUTRAL_LIPID_BIOSYNTHETIC_PROCESS		22	0.30444902	0.81939983	0.7519231	0.9770296	1.0	17	tags=5%, list=0%, signal=5%	
HP_INVERTED_NIPPLES	HP_INVERTED_NIPPLES		26	0.29761502	0.8190574	0.7732558	0.97719574	1.0	3119	tags=35%, list=30%, signal=49%	
HP_ABNORMALITY_OF_PERIAURICULAR_REGION	HP_ABNORMALITY_OF_PERIAURICULAR_REGION		44	0.26176062	0.81871635	0.7861386	0.97735626	1.0	1531	tags=20%, list=15%, signal=24%	
HP_SLOW_SACCADIC_EYE_MOVEMENTS	HP_SLOW_SACCADIC_EYE_MOVEMENTS		22	0.30595055	0.81757873	0.718107	0.9790328	1.0	1094	tags=18%, list=10%, signal=20%	
HP_DIMINISHED_MOTIVATION	HP_DIMINISHED_MOTIVATION		51	0.25131792	0.8172275	0.85915494	0.97923154	1.0	1820	tags=24%, list=17%, signal=28%	
HP_INTESTINAL_MALROTATION	HP_INTESTINAL_MALROTATION		64	0.2470046	0.8171565	0.83820665	0.97889125	1.0	1958	tags=22%, list=19%, signal=27%	
HP_ABNORMAL_CARTILAGE_MORPHOLOGY	HP_ABNORMAL_CARTILAGE_MORPHOLOGY		25	0.29009888	0.81666964	0.75698924	0.9793342	1.0	740	tags=12%, list=7%, signal=13%	
GOBP_FIBROBLAST_GROWTH_FACTOR_RECEPTOR_SIGNALING_PATHWAY	GOBP_FIBROBLAST_GROWTH_FACTOR_RECEPTOR_SIGNALING_PATHWAY		24	0.29641148	0.81657153	0.7763975	0.97903335	1.0	740	tags=13%, list=7%, signal=13%	
GOBP_REGULATION_OF_CELL_CYCLE_G2_M_PHASE_TRANSITION	GOBP_REGULATION_OF_CELL_CYCLE_G2_M_PHASE_TRANSITION		77	0.23873079	0.81644624	0.84615386	0.9788099	1.0	1852	tags=16%, list=18%, signal=19%	
HP_TRACHEOMALACIA	HP_TRACHEOMALACIA		30	0.28566375	0.8164387	0.7471698	0.97835237	1.0	1742	tags=17%, list=17%, signal=20%	
GOBP_HYDROGEN_PEROXIDE_METABOLIC_PROCESS	GOBP_HYDROGEN_PEROXIDE_METABOLIC_PROCESS		20	0.3142857	0.81632954	0.7286013	0.9780903	1.0	2627	tags=40%, list=25%, signal=53%	
GOBP_TERPENOID_METABOLIC_PROCESS	GOBP_TERPENOID_METABOLIC_PROCESS		31	0.28061566	0.8162106	0.7743902	0.97784764	1.0	1189	tags=19%, list=11%, signal=22%	
HP_PROLONGED_NEONATAL_JAUNDICE	HP_PROLONGED_NEONATAL_JAUNDICE		34	0.278597	0.81620324	0.78163266	0.9773894	1.0	1334	tags=18%, list=13%, signal=20%	
GOBP_INTERSTRAND_CROSS_LINK_REPAIR	GOBP_INTERSTRAND_CROSS_LINK_REPAIR		27	0.28683096	0.8155697	0.7525773	0.9780684	1.0	3076	tags=33%, list=29%, signal=47%	
GOBP_REGULATION_OF_PROTEIN_TYROSINE_KINASE_ACTIVITY	GOBP_REGULATION_OF_PROTEIN_TYROSINE_KINASE_ACTIVITY		49	0.25410673	0.81444854	0.8135593	0.9796414	1.0	518	tags=8%, list=5%, signal=9%	
HP_JOINT_CONTRACTURE_OF_THE_HAND	HP_JOINT_CONTRACTURE_OF_THE_HAND		133	0.21793675	0.81438863	0.92259413	0.9792836	1.0	1297	tags=14%, list=12%, signal=15%	
GOBP_NEGATIVE_REGULATION_OF_PHOSPHOPROTEIN_PHOSPHATASE_ACTIVITY	GOBP_NEGATIVE_REGULATION_OF_PHOSPHOPROTEIN_PHOSPHATASE_ACTIVITY		17	0.32495302	0.8141021	0.7580645	0.979342	1.0	2169	tags=29%, list=21%, signal=37%	
GOBP_UNSATURATED_FATTY_ACID_BIOSYNTHETIC_PROCESS	GOBP_UNSATURATED_FATTY_ACID_BIOSYNTHETIC_PROCESS		21	0.30862954	0.8134891	0.729572	0.97999287	1.0	1727	tags=24%, list=16%, signal=28%	
HP_PRIMARY_ADRENAL_INSUFFICIENCY	HP_PRIMARY_ADRENAL_INSUFFICIENCY		39	0.26620606	0.81258476	0.8086957	0.98113465	1.0	2506	tags=33%, list=24%, signal=44%	
GOMF_LYSINE_N_METHYLTRANSFERASE_ACTIVITY	GOMF_LYSINE_N_METHYLTRANSFERASE_ACTIVITY		42	0.2602951	0.81203777	0.81953293	0.9816444	1.0	2864	tags=33%, list=27%, signal=46%	
HP_RECTAL_PROLAPSE	HP_RECTAL_PROLAPSE		24	0.2960319	0.81196344	0.76435643	0.9813055	1.0	1531	tags=21%, list=15%, signal=24%	
GOBP_REGULATION_OF_B_CELL_APOPTOTIC_PROCESS	GOBP_REGULATION_OF_B_CELL_APOPTOTIC_PROCESS		18	0.3209445	0.81190145	0.74693877	0.9809619	1.0	1116	tags=28%, list=11%, signal=31%	
HP_ABNORMALITY_OF_UPPER_LIMB_JOINT	HP_ABNORMALITY_OF_UPPER_LIMB_JOINT		289	0.19951566	0.8113582	0.9915074	0.9814711	1.0	1228	tags=12%, list=12%, signal=13%	
GOBP_REGULATION_OF_FATTY_ACID_METABOLIC_PROCESS	GOBP_REGULATION_OF_FATTY_ACID_METABOLIC_PROCESS		41	0.26839015	0.81130147	0.8223553	0.98110104	1.0	834	tags=12%, list=8%, signal=13%	
HP_ABNORMAL_GLIAL_CELL_MORPHOLOGY	HP_ABNORMAL_GLIAL_CELL_MORPHOLOGY		112	0.22417682	0.8112726	0.9027778	0.9806861	1.0	2037	tags=21%, list=19%, signal=26%	
HP_NEONATAL_DEATH	HP_NEONATAL_DEATH		22	0.30914897	0.8107026	0.7533461	0.98125404	1.0	1324	tags=23%, list=13%, signal=26%	
GOBP_CELLULAR_TRANSITION_METAL_ION_HOMEOSTASIS	GOBP_CELLULAR_TRANSITION_METAL_ION_HOMEOSTASIS		64	0.24338561	0.8105799	0.8538622	0.98101443	1.0	2697	tags=31%, list=26%, signal=42%	
HP_ABNORMAL_BLOOD_PHOSPHATE_CONCENTRATION	HP_ABNORMAL_BLOOD_PHOSPHATE_CONCENTRATION		32	0.27790937	0.81010103	0.80785125	0.98140943	1.0	423	tags=9%, list=4%, signal=10%	
HP_MACULAR_ATROPHY	HP_MACULAR_ATROPHY		17	0.31907392	0.8099852	0.74850297	0.98116237	1.0	2744	tags=47%, list=26%, signal=64%	
GOBP_NEGATIVE_REGULATION_OF_GTPASE_ACTIVITY	GOBP_NEGATIVE_REGULATION_OF_GTPASE_ACTIVITY		21	0.30512142	0.80974245	0.7494866	0.9811091	1.0	836	tags=14%, list=8%, signal=15%	
HP_ABNORMALITY_OF_THE_FONTANELLES_OR_CRANIAL_SUTURES	HP_ABNORMALITY_OF_THE_FONTANELLES_OR_CRANIAL_SUTURES		246	0.20128614	0.80963445	0.98060346	0.9808293	1.0	2792	tags=28%, list=27%, signal=37%	
HP_CLITORAL_HYPOPLASIA	HP_CLITORAL_HYPOPLASIA		16	0.3281556	0.80958533	0.7214429	0.98046297	1.0	1759	tags=19%, list=17%, signal=22%	
HP_ABNORMALITY_OF_REFRACTION	HP_ABNORMALITY_OF_REFRACTION		369	0.19206575	0.80912703	1.0	0.98078746	1.0	2615	tags=25%, list=25%, signal=33%	
GOMF_THYROID_HORMONE_RECEPTOR_BINDING	GOMF_THYROID_HORMONE_RECEPTOR_BINDING		27	0.28296965	0.80908895	0.8065134	0.98038614	1.0	2665	tags=33%, list=25%, signal=45%	
GOBP_REGULATION_OF_CHROMATIN_ASSEMBLY_OR_DISASSEMBLY	GOBP_REGULATION_OF_CHROMATIN_ASSEMBLY_OR_DISASSEMBLY		26	0.28831553	0.8087111	0.75449103	0.98055774	1.0	2163	tags=23%, list=21%, signal=29%	
HP_ABNORMAL_VENA_CAVA_MORPHOLOGY	HP_ABNORMAL_VENA_CAVA_MORPHOLOGY		26	0.2875239	0.8080082	0.79310346	0.9813219	1.0	2532	tags=35%, list=24%, signal=45%	
HP_RHINITIS	HP_RHINITIS		25	0.2897455	0.8068632	0.7653061	0.98289084	1.0	1213	tags=12%, list=12%, signal=14%	
HP_HERNIA	HP_HERNIA		306	0.1969974	0.8065671	0.98903507	0.9829356	1.0	2309	tags=20%, list=22%, signal=25%	
GOBP_NEGATIVE_REGULATION_OF_METAPHASE_ANAPHASE_TRANSITION_OF_CELL_CYCLE	GOBP_NEGATIVE_REGULATION_OF_METAPHASE_ANAPHASE_TRANSITION_OF_CELL_CYCLE		37	0.26907566	0.80629313	0.7968442	0.9829713	1.0	2560	tags=19%, list=24%, signal=25%	
HP_ABNORMALITY_OF_LIMB_EPIPHYSIS_MORPHOLOGY	HP_ABNORMALITY_OF_LIMB_EPIPHYSIS_MORPHOLOGY		65	0.24114636	0.8062271	0.8490566	0.9826144	1.0	2187	tags=23%, list=21%, signal=29%	
GOBP_MRNA_CLEAVAGE	GOBP_MRNA_CLEAVAGE		18	0.31122988	0.8061003	0.75757575	0.982377	1.0	3484	tags=78%, list=33%, signal=116%	
HP_APLASIA_CUTIS_CONGENITA	HP_APLASIA_CUTIS_CONGENITA		23	0.30046058	0.80606735	0.79253113	0.9819673	1.0	2886	tags=43%, list=27%, signal=60%	
HP_BILATERAL_SENSORINEURAL_HEARING_IMPAIRMENT	HP_BILATERAL_SENSORINEURAL_HEARING_IMPAIRMENT		34	0.27256665	0.8060601	0.78	0.981515	1.0	959	tags=12%, list=9%, signal=13%	
HP_REDUCED_VISUAL_ACUITY	HP_REDUCED_VISUAL_ACUITY		292	0.19965513	0.80585873	0.9878788	0.98140305	1.0	1727	tags=16%, list=16%, signal=18%	
HP_ABNORMAL_UVULA_MORPHOLOGY	HP_ABNORMAL_UVULA_MORPHOLOGY		117	0.22097379	0.8049083	0.9258475	0.98260576	1.0	1764	tags=17%, list=17%, signal=20%	
GOCC_MAGNESIUM_DEPENDENT_PROTEIN_SERINE_THREONINE_PHOSPHATASE_COMPLEX	GOCC_MAGNESIUM_DEPENDENT_PROTEIN_SERINE_THREONINE_PHOSPHATASE_COMPLEX		20	0.3141565	0.8047202	0.76086956	0.9824629	1.0	2183	tags=30%, list=21%, signal=38%	
GOBP_NEGATIVE_REGULATION_OF_LEUKOCYTE_MIGRATION	GOBP_NEGATIVE_REGULATION_OF_LEUKOCYTE_MIGRATION		22	0.30030084	0.80466115	0.7435388	0.98209774	1.0	2128	tags=27%, list=20%, signal=34%	
HP_HYPOGONADISM	HP_HYPOGONADISM		238	0.2019943	0.8042002	0.9638298	0.98242414	1.0	1141	tags=10%, list=11%, signal=11%	
HP_BROAD_NASAL_TIP	HP_BROAD_NASAL_TIP		102	0.22154616	0.803222	0.9139785	0.9835998	1.0	2882	tags=29%, list=27%, signal=40%	
HP_ASTROCYTOMA	HP_ASTROCYTOMA		17	0.31573933	0.80307156	0.74686193	0.98338604	1.0	3419	tags=41%, list=33%, signal=61%	
GOBP_CELLULAR_RESPONSE_TO_CAMP	GOBP_CELLULAR_RESPONSE_TO_CAMP		22	0.29714203	0.8018256	0.75687104	0.9849858	1.0	2191	tags=27%, list=21%, signal=34%	
HP_HODGKIN_LYMPHOMA	HP_HODGKIN_LYMPHOMA		18	0.31679413	0.80180484	0.7737069	0.9845516	1.0	112	tags=11%, list=1%, signal=11%	
GOMF_RNA_POLYMERASE_BINDING	GOMF_RNA_POLYMERASE_BINDING		51	0.2510832	0.8012779	0.85132384	0.98497105	1.0	2938	tags=35%, list=28%, signal=49%	
HP_APLASTIC_ANEMIA	HP_APLASTIC_ANEMIA		19	0.31532735	0.80081755	0.7624521	0.98527825	1.0	1945	tags=26%, list=19%, signal=32%	
HP_LIPID_ACCUMULATION_IN_HEPATOCYTES	HP_LIPID_ACCUMULATION_IN_HEPATOCYTES		100	0.22111319	0.8004588	0.9110629	0.98541635	1.0	1456	tags=17%, list=14%, signal=20%	
HP_APLASIA_HYPOPLASIA_OF_THE_ULNA	HP_APLASIA_HYPOPLASIA_OF_THE_ULNA		37	0.2663788	0.79986686	0.8292683	0.98594296	1.0	2498	tags=19%, list=24%, signal=25%	
HP_NEOPLASM_OF_THE_BREAST	HP_NEOPLASM_OF_THE_BREAST		63	0.24036704	0.79959977	0.8588957	0.9859186	1.0	2999	tags=35%, list=29%, signal=49%	
GOBP_REGULATION_OF_LIPID_STORAGE	GOBP_REGULATION_OF_LIPID_STORAGE		30	0.28254285	0.79947275	0.8029661	0.98565644	1.0	2749	tags=37%, list=26%, signal=50%	
HP_CONE_SHAPED_EPIPHYSES_OF_THE_PHALANGES_OF_THE_HAND	HP_CONE_SHAPED_EPIPHYSES_OF_THE_PHALANGES_OF_THE_HAND		20	0.30321598	0.79844284	0.78644764	0.9869098	1.0	553	tags=10%, list=5%, signal=11%	
GOBP_REGULATION_OF_OSTEOCLAST_DIFFERENTIATION	GOBP_REGULATION_OF_OSTEOCLAST_DIFFERENTIATION		32	0.27849424	0.7981031	0.79387754	0.9869913	1.0	1985	tags=28%, list=19%, signal=35%	
HP_CUTANEOUS_SYNDACTYLY	HP_CUTANEOUS_SYNDACTYLY		26	0.28688237	0.79768455	0.79716027	0.987179	1.0	1759	tags=15%, list=17%, signal=18%	
GOBP_REGULATION_OF_CHOLESTEROL_EFFLUX	GOBP_REGULATION_OF_CHOLESTEROL_EFFLUX		17	0.32084426	0.79758495	0.7617021	0.98687816	1.0	4	tags=6%, list=0%, signal=6%	
HP_DENTAL_CROWDING	HP_DENTAL_CROWDING		58	0.24423516	0.79745644	0.85714287	0.9866253	1.0	2362	tags=29%, list=22%, signal=38%	
HP_ABNORMALITY_OF_CRANIAL_SUTURES	HP_ABNORMALITY_OF_CRANIAL_SUTURES		207	0.2020881	0.79707813	0.9762376	0.9868071	1.0	2128	tags=19%, list=20%, signal=23%	
HP_ELFIN_FACIES	HP_ELFIN_FACIES		16	0.3292896	0.7962177	0.7729941	0.9877398	1.0	1002	tags=19%, list=10%, signal=21%	
GOCC_MOTILE_CILIUM	GOCC_MOTILE_CILIUM		73	0.2365804	0.7961995	0.8946281	0.9873078	1.0	1213	tags=14%, list=12%, signal=15%	
HP_ABNORMALITY_OF_LOWER_LIMB_EPIPHYSIS_MORPHOLOGY	HP_ABNORMALITY_OF_LOWER_LIMB_EPIPHYSIS_MORPHOLOGY		41	0.2605809	0.79608804	0.8326772	0.9870267	1.0	2109	tags=24%, list=20%, signal=30%	
HP_ABNORMALITY_OF_THE_THYMUS	HP_ABNORMALITY_OF_THE_THYMUS		37	0.26456988	0.7959861	0.8135246	0.98672605	1.0	1852	tags=27%, list=18%, signal=33%	
HP_APLASIA_HYPOPLASIA_OF_THE_EARLOBES	HP_APLASIA_HYPOPLASIA_OF_THE_EARLOBES		33	0.26856226	0.7955379	0.82086617	0.9870059	1.0	1650	tags=15%, list=16%, signal=18%	
GOBP_RESPONSE_TO_IRON_ION	GOBP_RESPONSE_TO_IRON_ION		15	0.3261012	0.7955192	0.7590133	0.9865726	1.0	1075	tags=27%, list=10%, signal=30%	
HP_CEREBELLAR_MALFORMATION	HP_CEREBELLAR_MALFORMATION		155	0.2096134	0.795248	0.9605809	0.986551	1.0	1661	tags=15%, list=16%, signal=18%	
HP_ABNORMALITY_OF_GLOBE_SIZE	HP_ABNORMALITY_OF_GLOBE_SIZE		178	0.20504671	0.79486835	0.97639483	0.98670727	1.0	2596	tags=21%, list=25%, signal=28%	
GOMF_ACYLTRANSFERASE_ACTIVITY	GOMF_ACYLTRANSFERASE_ACTIVITY		153	0.20890746	0.7942017	0.9579646	0.9873101	1.0	1854	tags=19%, list=18%, signal=23%	
HP_LOW_LEVELS_OF_VITAMIN_D	HP_LOW_LEVELS_OF_VITAMIN_D		16	0.32452688	0.79398745	0.75769234	0.9872018	1.0	1344	tags=25%, list=13%, signal=29%	
GOBP_PEPTIDYL_ASPARAGINE_MODIFICATION	GOBP_PEPTIDYL_ASPARAGINE_MODIFICATION		22	0.29286423	0.79332215	0.75889325	0.9877872	1.0	2369	tags=41%, list=23%, signal=53%	
GOBP_PHOSPHATE_ION_TRANSPORT	GOBP_PHOSPHATE_ION_TRANSPORT		15	0.32329455	0.7932302	0.78571427	0.9874783	1.0	2079	tags=27%, list=20%, signal=33%	
HP_LONG_NOSE	HP_LONG_NOSE		20	0.30779153	0.7930949	0.79310346	0.9872376	1.0	2441	tags=20%, list=23%, signal=26%	
HP_CEREBRAL_CORTICAL_ATROPHY	HP_CEREBRAL_CORTICAL_ATROPHY		243	0.19742085	0.79300094	0.9714286	0.98692864	1.0	3276	tags=35%, list=31%, signal=50%	
GOBP_MITOPHAGY	GOBP_MITOPHAGY		28	0.2853885	0.7925048	0.78541666	0.98720837	1.0	1232	tags=21%, list=12%, signal=24%	
GOBP_DNA_DEPENDENT_DNA_REPLICATION_MAINTENANCE_OF_FIDELITY	GOBP_DNA_DEPENDENT_DNA_REPLICATION_MAINTENANCE_OF_FIDELITY		38	0.25760895	0.7915265	0.8293651	0.9882843	1.0	4121	tags=55%, list=39%, signal=91%	
HP_AGANGLIONIC_MEGACOLON	HP_AGANGLIONIC_MEGACOLON		87	0.22659205	0.79140604	0.9087137	0.98801684	1.0	1531	tags=13%, list=15%, signal=15%	
HP_URINARY_TRACT_NEOPLASM	HP_URINARY_TRACT_NEOPLASM		90	0.22191295	0.79140127	0.9264069	0.98756367	1.0	2935	tags=32%, list=28%, signal=44%	
GOBP_MITOCHONDRION_LOCALIZATION	GOBP_MITOCHONDRION_LOCALIZATION		33	0.26688352	0.79096055	0.8004158	0.9877892	1.0	949	tags=15%, list=9%, signal=17%	
GOBP_CATECHOL_CONTAINING_COMPOUND_METABOLIC_PROCESS	GOBP_CATECHOL_CONTAINING_COMPOUND_METABOLIC_PROCESS		18	0.3111225	0.79092467	0.7577002	0.98738635	1.0	3148	tags=61%, list=30%, signal=87%	
HP_ABNORMALITY_OF_THE_PERITONEUM	HP_ABNORMALITY_OF_THE_PERITONEUM		34	0.2661962	0.79067504	0.80042017	0.98731846	1.0	3344	tags=50%, list=32%, signal=73%	
GOMF_CARBON_CARBON_LYASE_ACTIVITY	GOMF_CARBON_CARBON_LYASE_ACTIVITY		32	0.26933232	0.79032624	0.82608694	0.9873961	1.0	2350	tags=28%, list=22%, signal=36%	
HP_ABNORMAL_CARDIAC_VENTRICULAR_FUNCTION	HP_ABNORMAL_CARDIAC_VENTRICULAR_FUNCTION		48	0.24922352	0.7899423	0.8614072	0.98753476	1.0	2332	tags=33%, list=22%, signal=43%	
HP_HIGH_PITCHED_VOICE	HP_HIGH_PITCHED_VOICE		29	0.27798754	0.7896678	0.81938326	0.98749614	1.0	1083	tags=14%, list=10%, signal=15%	
GOCC_ENDOPLASMIC_RETICULUM_PROTEIN_CONTAINING_COMPLEX	GOCC_ENDOPLASMIC_RETICULUM_PROTEIN_CONTAINING_COMPLEX		109	0.22028911	0.7895251	0.93402064	0.98726165	1.0	2409	tags=28%, list=23%, signal=37%	
HP_MENINGOCELE	HP_MENINGOCELE		26	0.27749905	0.78903735	0.8311966	0.98758537	1.0	1742	tags=23%, list=17%, signal=28%	
GOCC_CONDENSED_CHROMOSOME_CENTROMERIC_REGION	GOCC_CONDENSED_CHROMOSOME_CENTROMERIC_REGION		130	0.21271324	0.788751	0.9604167	0.9875636	1.0	2637	tags=18%, list=25%, signal=23%	
HP_ABNORMALITY_OF_VITAMIN_METABOLISM	HP_ABNORMALITY_OF_VITAMIN_METABOLISM		46	0.24933337	0.7885802	0.845679	0.9873503	1.0	1344	tags=17%, list=13%, signal=20%	
GOBP_GLYCOSYL_COMPOUND_CATABOLIC_PROCESS	GOBP_GLYCOSYL_COMPOUND_CATABOLIC_PROCESS		19	0.3051725	0.78853905	0.780083	0.986947	1.0	1744	tags=21%, list=17%, signal=25%	
HP_HYPOPLASTIC_FINGERNAIL	HP_HYPOPLASTIC_FINGERNAIL		31	0.26796827	0.78848743	0.82791585	0.9865686	1.0	2752	tags=35%, list=26%, signal=48%	
GOCC_POSTSYNAPTIC_DENSITY_MEMBRANE	GOCC_POSTSYNAPTIC_DENSITY_MEMBRANE		21	0.2964746	0.7878816	0.78988326	0.9870207	1.0	1355	tags=14%, list=13%, signal=16%	
HP_PLATYSPONDYLY	HP_PLATYSPONDYLY		72	0.23231201	0.7874032	0.8984375	0.9872909	1.0	2150	tags=25%, list=20%, signal=31%	
HP_ABNORMALITY_OF_VITAMIN_D_METABOLISM	HP_ABNORMALITY_OF_VITAMIN_D_METABOLISM		19	0.30862752	0.786982	0.76109934	0.9874859	1.0	1344	tags=21%, list=13%, signal=24%	
HP_PHONOPHOBIA	HP_PHONOPHOBIA		18	0.30394998	0.7866893	0.7926078	0.98748523	1.0	1918	tags=28%, list=18%, signal=34%	
GOBP_MODIFIED_AMINO_ACID_TRANSPORT	GOBP_MODIFIED_AMINO_ACID_TRANSPORT		16	0.31726328	0.78662616	0.7689243	0.9871184	1.0	484	tags=13%, list=5%, signal=13%	
GOBP_REGULATION_OF_VIRAL_ENTRY_INTO_HOST_CELL	GOBP_REGULATION_OF_VIRAL_ENTRY_INTO_HOST_CELL		20	0.29959396	0.7858241	0.79025424	0.9878524	1.0	1083	tags=20%, list=10%, signal=22%	
HP_YELLOW_WHITE_LESIONS_OF_THE_RETINA	HP_YELLOW_WHITE_LESIONS_OF_THE_RETINA		16	0.31691673	0.78563595	0.77575755	0.9876797	1.0	1594	tags=19%, list=15%, signal=22%	
GOBP_ENDOPLASMIC_RETICULUM_TO_GOLGI_VESICLE_MEDIATED_TRANSPORT	GOBP_ENDOPLASMIC_RETICULUM_TO_GOLGI_VESICLE_MEDIATED_TRANSPORT		109	0.21610078	0.78562933	0.94468087	0.9872327	1.0	2631	tags=22%, list=25%, signal=29%	
GOBP_SMOOTH_MUSCLE_CELL_MIGRATION	GOBP_SMOOTH_MUSCLE_CELL_MIGRATION		32	0.2715584	0.7853934	0.8215768	0.98713905	1.0	2398	tags=28%, list=23%, signal=36%	
HP_ABNORMAL_RENAL_CORTEX_MORPHOLOGY	HP_ABNORMAL_RENAL_CORTEX_MORPHOLOGY		110	0.21562037	0.78499305	0.91402715	0.9872915	1.0	2991	tags=37%, list=28%, signal=52%	
HP_ABNORMALITY_OF_FEMUR_MORPHOLOGY	HP_ABNORMALITY_OF_FEMUR_MORPHOLOGY		163	0.20470196	0.7848615	0.96976244	0.98704606	1.0	2589	tags=25%, list=25%, signal=32%	
HP_BULBOUS_NOSE	HP_BULBOUS_NOSE		106	0.2181306	0.7848506	0.94692147	0.98660654	1.0	2863	tags=26%, list=27%, signal=36%	
HP_NASAL_SPEECH	HP_NASAL_SPEECH		81	0.22700982	0.7841379	0.9230769	0.98720396	1.0	2073	tags=21%, list=20%, signal=26%	
HP_APLASIA_HYPOPLASIA_OF_THE_ABDOMINAL_WALL_MUSCULATURE	HP_APLASIA_HYPOPLASIA_OF_THE_ABDOMINAL_WALL_MUSCULATURE		26	0.27778044	0.78396994	0.8088235	0.987001	1.0	1047	tags=19%, list=10%, signal=21%	
HP_ATTENTION_DEFICIT_HYPERACTIVITY_DISORDER	HP_ATTENTION_DEFICIT_HYPERACTIVITY_DISORDER		220	0.19559678	0.7839696	0.98913044	0.9865484	1.0	2281	tags=21%, list=22%, signal=26%	
GOBP_PYRIDINE_CONTAINING_COMPOUND_BIOSYNTHETIC_PROCESS	GOBP_PYRIDINE_CONTAINING_COMPOUND_BIOSYNTHETIC_PROCESS		17	0.31549138	0.78388685	0.7638889	0.9862062	1.0	1867	tags=35%, list=18%, signal=43%	
GOBP_NEGATIVE_REGULATION_OF_DEPHOSPHORYLATION	GOBP_NEGATIVE_REGULATION_OF_DEPHOSPHORYLATION		33	0.26765507	0.78373826	0.7923729	0.9859674	1.0	1857	tags=24%, list=18%, signal=29%	
GOBP_POSITIVE_REGULATION_OF_POSTTRANSCRIPTIONAL_GENE_SILENCING	GOBP_POSITIVE_REGULATION_OF_POSTTRANSCRIPTIONAL_GENE_SILENCING		22	0.2900839	0.78341573	0.8003876	0.98598224	1.0	2956	tags=50%, list=28%, signal=69%	
GOBP_POSITIVE_REGULATION_OF_CELL_GROWTH	GOBP_POSITIVE_REGULATION_OF_CELL_GROWTH		84	0.22378005	0.78337973	0.9222462	0.98557997	1.0	2287	tags=24%, list=22%, signal=30%	
HP_INCREASED_CIRCULATING_GONADOTROPIN_LEVEL	HP_INCREASED_CIRCULATING_GONADOTROPIN_LEVEL		28	0.2825984	0.7832002	0.7986871	0.9854067	1.0	1292	tags=18%, list=12%, signal=20%	
HP_SOFT_SKIN	HP_SOFT_SKIN		16	0.31723025	0.782948	0.7782258	0.9853244	1.0	1417	tags=25%, list=13%, signal=29%	
HP_ARRHINENCEPHALY	HP_ARRHINENCEPHALY		23	0.29049048	0.78291965	0.8011928	0.9849082	1.0	2752	tags=39%, list=26%, signal=53%	
HP_CLINODACTYLY	HP_CLINODACTYLY		354	0.18977325	0.7827975	1.0	0.98464656	1.0	2588	tags=23%, list=25%, signal=30%	
GOBP_NEGATIVE_REGULATION_OF_FATTY_ACID_METABOLIC_PROCESS	GOBP_NEGATIVE_REGULATION_OF_FATTY_ACID_METABOLIC_PROCESS		16	0.32228604	0.78181833	0.79275656	0.98560184	1.0	2128	tags=25%, list=20%, signal=31%	
HP_ADRENAL_INSUFFICIENCY	HP_ADRENAL_INSUFFICIENCY		61	0.2320901	0.7816632	0.8760504	0.98538166	1.0	2356	tags=31%, list=22%, signal=40%	
HP_BILATERAL_CRYPTORCHIDISM	HP_BILATERAL_CRYPTORCHIDISM		21	0.29465935	0.7815335	0.78	0.9851206	1.0	3073	tags=38%, list=29%, signal=54%	
HP_APLASIA_HYPOPLASIA_INVOLVING_BONES_OF_THE_THORAX	HP_APLASIA_HYPOPLASIA_INVOLVING_BONES_OF_THE_THORAX		105	0.21583992	0.7802103	0.9381443	0.98651755	1.0	2754	tags=30%, list=26%, signal=40%	
HP_HIP_DYSPLASIA	HP_HIP_DYSPLASIA		127	0.20967256	0.7801091	0.9504132	0.9862122	1.0	2583	tags=24%, list=25%, signal=31%	
GOBP_REGULATION_OF_CHROMATIN_ORGANIZATION	GOBP_REGULATION_OF_CHROMATIN_ORGANIZATION		35	0.2658345	0.7798282	0.8360324	0.9861678	1.0	2734	tags=34%, list=26%, signal=46%	
GOMF_ADP_BINDING	GOMF_ADP_BINDING		25	0.28248614	0.77980494	0.83366734	0.9857511	1.0	890	tags=16%, list=8%, signal=17%	
HP_SKIN_TAGS	HP_SKIN_TAGS		43	0.24739994	0.7798008	0.857438	0.98530763	1.0	2841	tags=37%, list=27%, signal=51%	
HP_RECURRENT_BACTERIAL_SKIN_INFECTIONS	HP_RECURRENT_BACTERIAL_SKIN_INFECTIONS		22	0.2964074	0.7795842	0.8033473	0.9851656	1.0	464	tags=14%, list=4%, signal=14%	
HP_ABSENT_FINGERNAIL	HP_ABSENT_FINGERNAIL		20	0.29312894	0.7791868	0.77799606	0.9852851	1.0	876	tags=15%, list=8%, signal=16%	
GOBP_IRON_ION_HOMEOSTASIS	GOBP_IRON_ION_HOMEOSTASIS		49	0.24994387	0.7783144	0.8706365	0.9860475	1.0	2697	tags=35%, list=26%, signal=46%	
GOBP_APPENDAGE_DEVELOPMENT	GOBP_APPENDAGE_DEVELOPMENT		67	0.23427755	0.7774401	0.89224136	0.9868373	1.0	2891	tags=27%, list=28%, signal=37%	
HP_DOWNTURNED_CORNERS_OF_MOUTH	HP_DOWNTURNED_CORNERS_OF_MOUTH		88	0.22071514	0.77649796	0.9321357	0.9877217	1.0	2382	tags=24%, list=23%, signal=31%	
GOBP_RECOMBINATIONAL_REPAIR	GOBP_RECOMBINATIONAL_REPAIR		137	0.2056641	0.77623063	0.9749478	0.98764265	1.0	3247	tags=26%, list=31%, signal=36%	
GOBP_POSITIVE_REGULATION_OF_REPRODUCTIVE_PROCESS	GOBP_POSITIVE_REGULATION_OF_REPRODUCTIVE_PROCESS		24	0.28206658	0.7756752	0.7945493	0.98794514	1.0	2473	tags=33%, list=24%, signal=43%	
HP_CLUBBING_OF_TOES	HP_CLUBBING_OF_TOES		26	0.27633882	0.77525246	0.83125	0.9880818	1.0	4373	tags=50%, list=42%, signal=85%	
HP_RECEPTIVE_LANGUAGE_DELAY	HP_RECEPTIVE_LANGUAGE_DELAY		41	0.25092268	0.77490497	0.8729508	0.988103	1.0	1779	tags=22%, list=17%, signal=26%	
GOMF_EPIDERMAL_GROWTH_FACTOR_RECEPTOR_BINDING	GOMF_EPIDERMAL_GROWTH_FACTOR_RECEPTOR_BINDING		16	0.31253096	0.77486306	0.78411406	0.98770964	1.0	2094	tags=38%, list=20%, signal=47%	
HP_ACUTE_LYMPHOBLASTIC_LEUKEMIA	HP_ACUTE_LYMPHOBLASTIC_LEUKEMIA		25	0.27474752	0.7739141	0.83137256	0.98856133	1.0	3913	tags=44%, list=37%, signal=70%	
HP_NEUROENDOCRINE_NEOPLASM	HP_NEUROENDOCRINE_NEOPLASM		27	0.27582446	0.7738892	0.81376517	0.9881455	1.0	2309	tags=41%, list=22%, signal=52%	
GOBP_MICROTUBULE_ORGANIZING_CENTER_ORGANIZATION	GOBP_MICROTUBULE_ORGANIZING_CENTER_ORGANIZATION		120	0.21036538	0.7735757	0.9665272	0.98812085	1.0	2169	tags=16%, list=21%, signal=20%	
HP_NEOPLASM_OF_THE_ADRENAL_GLAND	HP_NEOPLASM_OF_THE_ADRENAL_GLAND		30	0.2740596	0.77351403	0.82892054	0.9877644	1.0	2236	tags=33%, list=21%, signal=42%	
GOMF_PROTEIN_N_TERMINUS_BINDING	GOMF_PROTEIN_N_TERMINUS_BINDING		89	0.22464412	0.7734293	0.9433962	0.98743993	1.0	2853	tags=28%, list=27%, signal=38%	
HP_ABNORMALITY_OF_THE_ANUS	HP_ABNORMALITY_OF_THE_ANUS		137	0.20734343	0.7720489	0.95780593	0.98883355	1.0	1531	tags=13%, list=15%, signal=15%	
GOBP_REGULATION_OF_MRNA_POLYADENYLATION	GOBP_REGULATION_OF_MRNA_POLYADENYLATION		17	0.31440085	0.7718126	0.8015123	0.9886903	1.0	2735	tags=35%, list=26%, signal=48%	
HP_UROGENITAL_FISTULA	HP_UROGENITAL_FISTULA		26	0.27693766	0.77133185	0.83840305	0.9888775	1.0	2422	tags=31%, list=23%, signal=40%	
GOBP_HEPARAN_SULFATE_PROTEOGLYCAN_BIOSYNTHETIC_PROCESS	GOBP_HEPARAN_SULFATE_PROTEOGLYCAN_BIOSYNTHETIC_PROCESS		18	0.3007974	0.7713056	0.7939914	0.9884694	1.0	2379	tags=22%, list=23%, signal=29%	
HP_ABNORMALITY_OF_THE_2ND_TOE	HP_ABNORMALITY_OF_THE_2ND_TOE		19	0.3011683	0.7712867	0.8119658	0.98804915	1.0	2752	tags=42%, list=26%, signal=57%	
GOBP_REGULATION_OF_PEPTIDYL_LYSINE_ACETYLATION	GOBP_REGULATION_OF_PEPTIDYL_LYSINE_ACETYLATION		52	0.24258867	0.77030843	0.8921776	0.9889208	1.0	2473	tags=31%, list=24%, signal=40%	
GOCC_MITOTIC_SPINDLE	GOCC_MITOTIC_SPINDLE		124	0.21021429	0.7702223	0.9638298	0.9885953	1.0	1991	tags=17%, list=19%, signal=21%	
GOBP_CENTROSOME_DUPLICATION	GOBP_CENTROSOME_DUPLICATION		63	0.23219123	0.7700549	0.8898305	0.988369	1.0	928	tags=8%, list=9%, signal=9%	
GOBP_NEGATIVE_REGULATION_OF_LYMPHOCYTE_DIFFERENTIATION	GOBP_NEGATIVE_REGULATION_OF_LYMPHOCYTE_DIFFERENTIATION		32	0.26764843	0.7699803	0.85656565	0.988016	1.0	33	tags=6%, list=0%, signal=6%	
HP_VERTICAL_SUPRANUCLEAR_GAZE_PALSY	HP_VERTICAL_SUPRANUCLEAR_GAZE_PALSY		16	0.31269243	0.7695784	0.7919192	0.98810196	1.0	1106	tags=19%, list=11%, signal=21%	
HP_MANIA	HP_MANIA		22	0.2927442	0.7690258	0.79741377	0.9883846	1.0	1440	tags=27%, list=14%, signal=32%	
GOBP_DNA_CATABOLIC_PROCESS	GOBP_DNA_CATABOLIC_PROCESS		21	0.29030398	0.7686116	0.8343816	0.98845536	1.0	2859	tags=43%, list=27%, signal=59%	
HP_DELAYED_PUBERTY	HP_DELAYED_PUBERTY		100	0.21560434	0.7685749	0.9701493	0.988059	1.0	2356	tags=25%, list=22%, signal=32%	
HP_APLASIA_HYPOPLASIA_INVOLVING_THE_PELVIS	HP_APLASIA_HYPOPLASIA_INVOLVING_THE_PELVIS		40	0.2514095	0.7684459	0.88582677	0.9877888	1.0	1417	tags=13%, list=13%, signal=14%	
HP_MILD_HEARING_IMPAIRMENT	HP_MILD_HEARING_IMPAIRMENT		18	0.30285048	0.76798016	0.8	0.9879476	1.0	2527	tags=39%, list=24%, signal=51%	
GOBP_RESPONSE_TO_TESTOSTERONE	GOBP_RESPONSE_TO_TESTOSTERONE		24	0.28003603	0.7673843	0.81930184	0.9882837	1.0	1774	tags=29%, list=17%, signal=35%	
GOBP_EYE_MORPHOGENESIS	GOBP_EYE_MORPHOGENESIS		50	0.24161743	0.7669898	0.9017094	0.9883584	1.0	2165	tags=24%, list=21%, signal=30%	
GOBP_POSITIVE_REGULATION_OF_GROWTH	GOBP_POSITIVE_REGULATION_OF_GROWTH		117	0.21120441	0.7667734	0.96450937	0.9881821	1.0	1453	tags=16%, list=14%, signal=19%	
HP_CONSTRICTION_OF_PERIPHERAL_VISUAL_FIELD	HP_CONSTRICTION_OF_PERIPHERAL_VISUAL_FIELD		48	0.24115618	0.76674134	0.8786611	0.98778236	1.0	2871	tags=38%, list=27%, signal=51%	
GOMF_MONOSACCHARIDE_BINDING	GOMF_MONOSACCHARIDE_BINDING		41	0.25083694	0.7666616	0.8385214	0.9874421	1.0	2350	tags=32%, list=22%, signal=41%	
HP_TINNITUS	HP_TINNITUS		38	0.25807023	0.76608187	0.85685486	0.9877354	1.0	2828	tags=37%, list=27%, signal=50%	
GOBP_NEURON_DEATH_IN_RESPONSE_TO_OXIDATIVE_STRESS	GOBP_NEURON_DEATH_IN_RESPONSE_TO_OXIDATIVE_STRESS		22	0.2831525	0.7656999	0.83157897	0.9877801	1.0	2817	tags=50%, list=27%, signal=68%	
GOBP_HISTONE_MONOUBIQUITINATION	GOBP_HISTONE_MONOUBIQUITINATION		26	0.27661738	0.76487476	0.82978725	0.98840034	1.0	1662	tags=19%, list=16%, signal=23%	
GOBP_BLASTOCYST_GROWTH	GOBP_BLASTOCYST_GROWTH		16	0.30811483	0.7646155	0.8036437	0.9882935	1.0	2025	tags=19%, list=19%, signal=23%	
GOMF_FOUR_WAY_JUNCTION_DNA_BINDING	GOMF_FOUR_WAY_JUNCTION_DNA_BINDING		17	0.30568296	0.7641692	0.821501	0.9884016	1.0	4238	tags=53%, list=40%, signal=89%	
HP_HIP_DISLOCATION	HP_HIP_DISLOCATION		143	0.20453468	0.76287115	0.9795082	0.9896057	1.0	2310	tags=23%, list=22%, signal=29%	
HP_PROMINENT_NASAL_BRIDGE	HP_PROMINENT_NASAL_BRIDGE		144	0.20205198	0.76206124	0.9723404	0.9901615	1.0	2284	tags=19%, list=22%, signal=25%	
HP_OVERLAPPING_TOE	HP_OVERLAPPING_TOE		39	0.25094172	0.76196134	0.8891089	0.9898422	1.0	2678	tags=28%, list=25%, signal=38%	
HP_ABNORMAL_RENAL_TUBULE_MORPHOLOGY	HP_ABNORMAL_RENAL_TUBULE_MORPHOLOGY		55	0.23261777	0.76161444	0.90413946	0.98983043	1.0	1447	tags=16%, list=14%, signal=19%	
GOBP_REGULATION_OF_MRNA_3_END_PROCESSING	GOBP_REGULATION_OF_MRNA_3_END_PROCESSING		25	0.2770971	0.7615727	0.8257426	0.98943746	1.0	3484	tags=40%, list=33%, signal=60%	
HP_UPPER_LIMB_UNDERGROWTH	HP_UPPER_LIMB_UNDERGROWTH		53	0.2330773	0.7606839	0.902439	0.990059	1.0	2498	tags=19%, list=24%, signal=25%	
GOBP_REGULATION_OF_TRANSCRIPTION_INVOLVED_IN_G1_S_TRANSITION_OF_MITOTIC_CELL_CYCLE	GOBP_REGULATION_OF_TRANSCRIPTION_INVOLVED_IN_G1_S_TRANSITION_OF_MITOTIC_CELL_CYCLE		17	0.3046285	0.7606189	0.83227175	0.9896937	1.0	2030	tags=24%, list=19%, signal=29%	
HP_PHEOCHROMOCYTOMA	HP_PHEOCHROMOCYTOMA		22	0.28816357	0.76013416	0.8142857	0.9898284	1.0	1863	tags=32%, list=18%, signal=39%	
HP_ABNORMAL_EPIPHYSIS_MORPHOLOGY_OF_THE_PHALANGES_OF_THE_HAND	HP_ABNORMAL_EPIPHYSIS_MORPHOLOGY_OF_THE_PHALANGES_OF_THE_HAND		25	0.2769641	0.75990605	0.84584177	0.98964685	1.0	553	tags=8%, list=5%, signal=8%	
GOBP_NEGATIVE_REGULATION_OF_EPITHELIAL_CELL_PROLIFERATION	GOBP_NEGATIVE_REGULATION_OF_EPITHELIAL_CELL_PROLIFERATION		51	0.23498812	0.75938666	0.9109731	0.9898236	1.0	1994	tags=22%, list=19%, signal=26%	
HP_SEVERE_MUSCULAR_HYPOTONIA	HP_SEVERE_MUSCULAR_HYPOTONIA		75	0.21834524	0.7588928	0.9456522	0.98998106	1.0	2048	tags=19%, list=19%, signal=23%	
HP_KNEE_FLEXION_CONTRACTURE	HP_KNEE_FLEXION_CONTRACTURE		50	0.24024256	0.75883573	0.8888889	0.98961186	1.0	1850	tags=20%, list=18%, signal=24%	
GOCC_MICROVILLUS	GOCC_MICROVILLUS		42	0.24720487	0.758021	0.88867563	0.99014884	1.0	598	tags=12%, list=6%, signal=13%	
HP_APLASIA_HYPOPLASIA_INVOLVING_THE_METACARPAL_BONES	HP_APLASIA_HYPOPLASIA_INVOLVING_THE_METACARPAL_BONES		75	0.21988256	0.757303	0.9290188	0.99054915	1.0	1622	tags=15%, list=15%, signal=17%	
GOBP_EMBRYONIC_DIGIT_MORPHOGENESIS	GOBP_EMBRYONIC_DIGIT_MORPHOGENESIS		22	0.2764506	0.755965	0.8302658	0.9916895	1.0	50	tags=5%, list=0%, signal=5%	
GOBP_MIDBRAIN_DEVELOPMENT	GOBP_MIDBRAIN_DEVELOPMENT		42	0.24244587	0.7539738	0.89917696	0.9936073	1.0	1387	tags=19%, list=13%, signal=22%	
GOBP_DNA_SYNTHESIS_INVOLVED_IN_DNA_REPAIR	GOBP_DNA_SYNTHESIS_INVOLVED_IN_DNA_REPAIR		30	0.258379	0.7539283	0.8857143	0.9932157	1.0	2146	tags=23%, list=20%, signal=29%	
HP_TACHYPNEA	HP_TACHYPNEA		55	0.23647909	0.7537278	0.9307536	0.9930096	1.0	1223	tags=15%, list=12%, signal=16%	
GOCC_INTRINSIC_COMPONENT_OF_GOLGI_MEMBRANE	GOCC_INTRINSIC_COMPONENT_OF_GOLGI_MEMBRANE		53	0.2368322	0.75346273	0.9209979	0.99289274	1.0	1794	tags=17%, list=17%, signal=20%	
HP_NASOGASTRIC_TUBE_FEEDING	HP_NASOGASTRIC_TUBE_FEEDING		55	0.23540878	0.75318134	0.91875	0.99277	1.0	2288	tags=24%, list=22%, signal=30%	
GOCC_PERICENTRIOLAR_MATERIAL	GOCC_PERICENTRIOLAR_MATERIAL		19	0.2906188	0.7519378	0.8411017	0.99373007	1.0	3151	tags=32%, list=30%, signal=45%	
HP_HYPEREXTENSIBLE_SKIN	HP_HYPEREXTENSIBLE_SKIN		34	0.25298867	0.750186	0.8870293	0.99522495	1.0	1417	tags=18%, list=13%, signal=20%	
GOBP_CELL_DEATH_IN_RESPONSE_TO_OXIDATIVE_STRESS	GOBP_CELL_DEATH_IN_RESPONSE_TO_OXIDATIVE_STRESS		57	0.22880918	0.7494558	0.92050207	0.9956127	1.0	2817	tags=40%, list=27%, signal=55%	
HP_ABNORMAL_CIRCULATING_FATTY_ACID_CONCENTRATION	HP_ABNORMAL_CIRCULATING_FATTY_ACID_CONCENTRATION		43	0.24101889	0.7488192	0.88709676	0.9958748	1.0	595	tags=12%, list=6%, signal=12%	
HP_ATRIOVENTRICULAR_CANAL_DEFECT	HP_ATRIOVENTRICULAR_CANAL_DEFECT		22	0.28090876	0.74761754	0.861167	0.99673223	1.0	3725	tags=50%, list=35%, signal=77%	
GOBP_RUFFLE_ORGANIZATION	GOBP_RUFFLE_ORGANIZATION		38	0.24700819	0.7475885	0.89896905	0.99632317	1.0	434	tags=8%, list=4%, signal=8%	
GOBP_REGULATION_OF_RESPONSE_TO_OXIDATIVE_STRESS	GOBP_REGULATION_OF_RESPONSE_TO_OXIDATIVE_STRESS		51	0.23252338	0.7473023	0.9145299	0.99618006	1.0	2627	tags=39%, list=25%, signal=52%	
GOMF_MONOCARBOXYLIC_ACID_TRANSMEMBRANE_TRANSPORTER_ACTIVITY	GOMF_MONOCARBOXYLIC_ACID_TRANSMEMBRANE_TRANSPORTER_ACTIVITY		19	0.29268205	0.74709946	0.8480493	0.9959768	1.0	2059	tags=32%, list=20%, signal=39%	
GOBP_ENERGY_HOMEOSTASIS	GOBP_ENERGY_HOMEOSTASIS		21	0.28065485	0.7470815	0.8363636	0.99555784	1.0	1348	tags=24%, list=13%, signal=27%	
HP_TRANSIENT_GLOBAL_AMNESIA	HP_TRANSIENT_GLOBAL_AMNESIA		15	0.3055979	0.7468094	0.8105263	0.99540305	1.0	2506	tags=40%, list=24%, signal=52%	
HP_SYNOSTOSIS_OF_JOINTS	HP_SYNOSTOSIS_OF_JOINTS		85	0.21077257	0.7466172	0.95137423	0.9951856	1.0	1918	tags=19%, list=18%, signal=23%	
HP_PERSONALITY_CHANGES	HP_PERSONALITY_CHANGES		28	0.26679096	0.7464971	0.86012524	0.99487126	1.0	2448	tags=36%, list=23%, signal=46%	
GOBP_PEPTIDYL_GLUTAMIC_ACID_MODIFICATION	GOBP_PEPTIDYL_GLUTAMIC_ACID_MODIFICATION		16	0.3030605	0.74573654	0.8080808	0.99525034	1.0	3112	tags=44%, list=30%, signal=62%	
GOBP_REGULATION_OF_PEPTIDYL_THREONINE_PHOSPHORYLATION	GOBP_REGULATION_OF_PEPTIDYL_THREONINE_PHOSPHORYLATION		24	0.27310696	0.7452352	0.8630952	0.9953835	1.0	1819	tags=29%, list=17%, signal=35%	
GOBP_CELLULAR_RESPONSE_TO_ALKALOID	GOBP_CELLULAR_RESPONSE_TO_ALKALOID		17	0.29652816	0.7448088	0.8397566	0.9953849	1.0	1496	tags=18%, list=14%, signal=21%	
HP_ABNORMALITY_OF_THE_FOREARM	HP_ABNORMALITY_OF_THE_FOREARM		130	0.19952072	0.74452585	0.9823009	0.99526495	1.0	2266	tags=18%, list=22%, signal=23%	
HP_URINARY_BLADDER_SPHINCTER_DYSFUNCTION	HP_URINARY_BLADDER_SPHINCTER_DYSFUNCTION		20	0.2811852	0.7443323	0.8795918	0.9950309	1.0	500	tags=10%, list=5%, signal=10%	
HP_ABNORMALITY_OF_LOWER_LIP	HP_ABNORMALITY_OF_LOWER_LIP		154	0.19537367	0.7442662	0.9979508	0.9946674	1.0	1231	tags=11%, list=12%, signal=12%	
HP_UPSLANTED_PALPEBRAL_FISSURE	HP_UPSLANTED_PALPEBRAL_FISSURE		211	0.18725513	0.74318665	0.9930556	0.99537385	1.0	2804	tags=21%, list=27%, signal=28%	
HP_ABNORMAL_LARYNX_PHYSIOLOGY	HP_ABNORMAL_LARYNX_PHYSIOLOGY		33	0.24947613	0.7427168	0.8902439	0.9954331	1.0	2294	tags=24%, list=22%, signal=31%	
GOBP_REGULATION_OF_WOUND_HEALING	GOBP_REGULATION_OF_WOUND_HEALING		42	0.24272272	0.7426934	0.9	0.9950197	1.0	2441	tags=29%, list=23%, signal=37%	
HP_ABNORMAL_PALMAR_DERMATOGLYPHICS	HP_ABNORMAL_PALMAR_DERMATOGLYPHICS		147	0.19695139	0.74267095	0.98940676	0.9946023	1.0	2272	tags=19%, list=22%, signal=24%	
HP_ABNORMAL_CORTICAL_GYRATION	HP_ABNORMAL_CORTICAL_GYRATION		292	0.181374	0.7419433	0.9956989	0.9948948	1.0	2032	tags=15%, list=19%, signal=19%	
HP_ABNORMALITY_OF_VITAMIN_B12_METABOLISM	HP_ABNORMALITY_OF_VITAMIN_B12_METABOLISM		21	0.28480747	0.7414095	0.8545082	0.9950231	1.0	593	tags=14%, list=6%, signal=15%	
HP_ABNORMALITY_OF_UPPER_LIP_VERMILLION	HP_ABNORMALITY_OF_UPPER_LIP_VERMILLION		272	0.18268768	0.74093527	0.9978858	0.9950902	1.0	2659	tags=24%, list=25%, signal=32%	
GOBP_VESICLE_TARGETING	GOBP_VESICLE_TARGETING		33	0.24877377	0.7398237	0.90192306	0.99576443	1.0	2547	tags=24%, list=24%, signal=32%	
HP_ABNORMAL_ELECTROPHYSIOLOGY_OF_SINOATRIAL_NODE_ORIGIN	HP_ABNORMAL_ELECTROPHYSIOLOGY_OF_SINOATRIAL_NODE_ORIGIN		33	0.25807565	0.739643	0.8791423	0.99550384	1.0	2236	tags=30%, list=21%, signal=38%	
HP_APLASIA_HYPOPLASIA_OF_THE_5TH_FINGER	HP_APLASIA_HYPOPLASIA_OF_THE_5TH_FINGER		29	0.2562988	0.7395175	0.86519116	0.99520195	1.0	2752	tags=31%, list=26%, signal=42%	
HP_BOWEL_DIVERTICULOSIS	HP_BOWEL_DIVERTICULOSIS		23	0.27261007	0.7393978	0.8682635	0.9948866	1.0	1181	tags=17%, list=11%, signal=20%	
GOBP_BASE_EXCISION_REPAIR	GOBP_BASE_EXCISION_REPAIR		39	0.24658842	0.7391354	0.90945673	0.99471337	1.0	2252	tags=28%, list=21%, signal=36%	
GOMF_DNA_SECONDARY_STRUCTURE_BINDING	GOMF_DNA_SECONDARY_STRUCTURE_BINDING		28	0.25965336	0.7386796	0.8891051	0.9947312	1.0	4238	tags=46%, list=40%, signal=78%	
HP_LIPOATROPHY	HP_LIPOATROPHY		37	0.24666019	0.73859835	0.9188641	0.99438167	1.0	2556	tags=35%, list=24%, signal=46%	
HP_ABNORMALITY_OF_THE_ELBOW	HP_ABNORMALITY_OF_THE_ELBOW		137	0.19648838	0.73812395	0.9918699	0.99441934	1.0	2187	tags=20%, list=21%, signal=25%	
HP_ABNORMAL_UTERUS_MORPHOLOGY	HP_ABNORMAL_UTERUS_MORPHOLOGY		86	0.20966874	0.7377671	0.95531917	0.9943368	1.0	2498	tags=22%, list=24%, signal=29%	
HP_HEMIVERTEBRAE	HP_HEMIVERTEBRAE		29	0.2569682	0.7367993	0.87525564	0.9948542	1.0	2754	tags=41%, list=26%, signal=56%	
GOMF_SERINE_HYDROLASE_ACTIVITY	GOMF_SERINE_HYDROLASE_ACTIVITY		56	0.2256258	0.7367916	0.9435484	0.9944288	1.0	1756	tags=21%, list=17%, signal=26%	
GOBP_MITOTIC_CELL_CYCLE_CHECKPOINT_SIGNALING	GOBP_MITOTIC_CELL_CYCLE_CHECKPOINT_SIGNALING		106	0.205058	0.73670995	0.9784017	0.99407655	1.0	2560	tags=20%, list=24%, signal=26%	
HP_SUPRAVALVULAR_AORTIC_STENOSIS	HP_SUPRAVALVULAR_AORTIC_STENOSIS		17	0.29645127	0.7365673	0.82306165	0.99378884	1.0	1002	tags=18%, list=10%, signal=19%	
HP_ABNORMAL_CIRCULATING_GONADOTROPIN_CONCENTRATION	HP_ABNORMAL_CIRCULATING_GONADOTROPIN_CONCENTRATION		41	0.23904754	0.73570037	0.89555126	0.9941776	1.0	1292	tags=15%, list=12%, signal=17%	
HP_ABNORMALITY_OF_THE_LARYNX	HP_ABNORMALITY_OF_THE_LARYNX		108	0.2028633	0.7344219	0.97357726	0.99498296	1.0	2073	tags=19%, list=20%, signal=23%	
HP_NEOPLASM_OF_STRIATED_MUSCLE	HP_NEOPLASM_OF_STRIATED_MUSCLE		20	0.28354412	0.7330694	0.876	0.99586153	1.0	2828	tags=45%, list=27%, signal=61%	
GOBP_RESPONSE_TO_ANGIOTENSIN	GOBP_RESPONSE_TO_ANGIOTENSIN		15	0.3036502	0.73299056	0.8539554	0.9955013	1.0	2954	tags=53%, list=28%, signal=74%	
HP_IMPAIRED_VIBRATION_SENSATION_IN_THE_LOWER_LIMBS	HP_IMPAIRED_VIBRATION_SENSATION_IN_THE_LOWER_LIMBS		28	0.2618016	0.7328639	0.9076305	0.9951869	1.0	1725	tags=18%, list=16%, signal=21%	
HP_APLASIA_HYPOPLASIA_OF_THE_OVARY	HP_APLASIA_HYPOPLASIA_OF_THE_OVARY		44	0.23890367	0.73235905	0.92371136	0.99522936	1.0	3296	tags=43%, list=31%, signal=63%	
HP_ABNORMALITY_OF_THE_AUDITORY_CANAL	HP_ABNORMALITY_OF_THE_AUDITORY_CANAL		37	0.24028921	0.7323417	0.89873415	0.9948118	1.0	2752	tags=32%, list=26%, signal=44%	
GOBP_NUCLEAR_MEMBRANE_REASSEMBLY	GOBP_NUCLEAR_MEMBRANE_REASSEMBLY		21	0.28578055	0.73227495	0.845666	0.9944416	1.0	1829	tags=33%, list=17%, signal=40%	
HP_HYPOGONADOTROPIC_HYPOGONADISM	HP_HYPOGONADOTROPIC_HYPOGONADISM		77	0.21293049	0.7322623	0.96710527	0.9940194	1.0	1063	tags=12%, list=10%, signal=13%	
HP_PROGRESSIVE_SENSORINEURAL_HEARING_IMPAIRMENT	HP_PROGRESSIVE_SENSORINEURAL_HEARING_IMPAIRMENT		15	0.2947495	0.7322151	0.83061224	0.99363285	1.0	630	tags=13%, list=6%, signal=14%	
HP_MALE_INFERTILITY	HP_MALE_INFERTILITY		28	0.25692734	0.731827	0.8816568	0.9935699	1.0	1213	tags=18%, list=12%, signal=20%	
GOBP_MITOCHONDRIAL_GENOME_MAINTENANCE	GOBP_MITOCHONDRIAL_GENOME_MAINTENANCE		19	0.27795473	0.7318227	0.87326735	0.99314183	1.0	2303	tags=21%, list=22%, signal=27%	
GOBP_VENTRICULAR_CARDIAC_MUSCLE_TISSUE_DEVELOPMENT	GOBP_VENTRICULAR_CARDIAC_MUSCLE_TISSUE_DEVELOPMENT		17	0.2928282	0.73152834	0.84126985	0.99299234	1.0	807	tags=18%, list=8%, signal=19%	
HP_PERIPHERAL_PULMONARY_ARTERY_STENOSIS	HP_PERIPHERAL_PULMONARY_ARTERY_STENOSIS		24	0.26835242	0.7313021	0.8692153	0.99276716	1.0	235	tags=8%, list=2%, signal=9%	
HP_DYSPHONIA	HP_DYSPHONIA		78	0.21210854	0.73002505	0.9655172	0.99351627	1.0	1937	tags=22%, list=18%, signal=27%	
GOBP_REGULATION_OF_CHROMATIN_ASSEMBLY	GOBP_REGULATION_OF_CHROMATIN_ASSEMBLY		22	0.2763226	0.72963095	0.8922764	0.9934667	1.0	2163	tags=23%, list=21%, signal=29%	
HP_JOINT_DISLOCATION	HP_JOINT_DISLOCATION		217	0.18419878	0.72948575	1.0	0.9931666	1.0	2310	tags=22%, list=22%, signal=27%	
GOMF_ENDODEOXYRIBONUCLEASE_ACTIVITY	GOMF_ENDODEOXYRIBONUCLEASE_ACTIVITY		33	0.25161743	0.72903216	0.91206545	0.9931648	1.0	2939	tags=36%, list=28%, signal=50%	
GOBP_REGULATION_OF_RAC_PROTEIN_SIGNAL_TRANSDUCTION	GOBP_REGULATION_OF_RAC_PROTEIN_SIGNAL_TRANSDUCTION		16	0.29476336	0.72786415	0.82626265	0.993796	1.0	752	tags=13%, list=7%, signal=13%	
GOCC_ENDOPLASMIC_RETICULUM_EXIT_SITE	GOCC_ENDOPLASMIC_RETICULUM_EXIT_SITE		21	0.27528945	0.7270636	0.87033397	0.99410963	1.0	2453	tags=33%, list=23%, signal=43%	
GOBP_SISTER_CHROMATID_COHESION	GOBP_SISTER_CHROMATID_COHESION		42	0.23515682	0.7266463	0.94363254	0.9940713	1.0	2726	tags=21%, list=26%, signal=29%	
HP_11_PAIRS_OF_RIBS	HP_11_PAIRS_OF_RIBS		27	0.25868812	0.7265259	0.91053677	0.99374795	1.0	2752	tags=37%, list=26%, signal=50%	
HP_TOE_SYNDACTYLY	HP_TOE_SYNDACTYLY		141	0.19368742	0.7259798	0.9956522	0.9938291	1.0	1000	tags=10%, list=10%, signal=11%	
GOBP_REGULATION_OF_EPIDERMAL_GROWTH_FACTOR_ACTIVATED_RECEPTOR_ACTIVITY	GOBP_REGULATION_OF_EPIDERMAL_GROWTH_FACTOR_ACTIVATED_RECEPTOR_ACTIVITY		18	0.2823124	0.7259095	0.8559838	0.9934638	1.0	83	tags=6%, list=1%, signal=6%	
GOBP_PROTEOGLYCAN_BIOSYNTHETIC_PROCESS	GOBP_PROTEOGLYCAN_BIOSYNTHETIC_PROCESS		33	0.24332024	0.72563535	0.9055118	0.9932817	1.0	397	tags=9%, list=4%, signal=9%	
HP_VERTEBRAL_COMPRESSION_FRACTURE	HP_VERTEBRAL_COMPRESSION_FRACTURE		19	0.28044537	0.72456884	0.84126985	0.99381065	1.0	1978	tags=32%, list=19%, signal=39%	
GOBP_HISTONE_EXCHANGE	GOBP_HISTONE_EXCHANGE		17	0.2901699	0.72437954	0.8356998	0.99354744	1.0	2162	tags=24%, list=21%, signal=30%	
GOMF_S_ACYLTRANSFERASE_ACTIVITY	GOMF_S_ACYLTRANSFERASE_ACTIVITY		24	0.2664287	0.72431266	0.86706346	0.9931851	1.0	1363	tags=17%, list=13%, signal=19%	
GOBP_RESPONSE_TO_NERVE_GROWTH_FACTOR	GOBP_RESPONSE_TO_NERVE_GROWTH_FACTOR		26	0.26066238	0.72355	0.875	0.99344254	1.0	2161	tags=27%, list=21%, signal=34%	
GOBP_NEGATIVE_REGULATION_OF_DNA_REPAIR	GOBP_NEGATIVE_REGULATION_OF_DNA_REPAIR		25	0.26333296	0.7231692	0.9027778	0.99335754	1.0	2541	tags=24%, list=24%, signal=32%	
GOCC_REPLICATION_FORK	GOCC_REPLICATION_FORK		53	0.22110394	0.72204864	0.9410569	0.99386835	1.0	3280	tags=42%, list=31%, signal=60%	
HP_IMPAIRED_PAIN_SENSATION	HP_IMPAIRED_PAIN_SENSATION		32	0.2425278	0.7216485	0.8927835	0.9937908	1.0	500	tags=9%, list=5%, signal=10%	
HP_ABNORMALITY_OF_THE_ULNA	HP_ABNORMALITY_OF_THE_ULNA		98	0.2023916	0.72137636	0.97791165	0.99360317	1.0	1002	tags=9%, list=10%, signal=10%	
GOBP_REGULATION_OF_P38MAPK_CASCADE	GOBP_REGULATION_OF_P38MAPK_CASCADE		27	0.25510535	0.7212985	0.9	0.9932424	1.0	1069	tags=11%, list=10%, signal=12%	
HP_ABNORMALITY_OF_THE_COLUMELLA	HP_ABNORMALITY_OF_THE_COLUMELLA		45	0.23060277	0.7211941	0.9251012	0.9929067	1.0	1256	tags=13%, list=12%, signal=15%	
HP_ABNORMALITY_OF_THE_HUMERUS	HP_ABNORMALITY_OF_THE_HUMERUS		30	0.2529495	0.7211473	0.9089109	0.992519	1.0	1835	tags=23%, list=17%, signal=28%	
HP_DEHYDRATION	HP_DEHYDRATION		36	0.2367657	0.72010756	0.9264414	0.99297726	1.0	1436	tags=17%, list=14%, signal=19%	
HP_POSTERIOR_SUBCAPSULAR_CATARACT	HP_POSTERIOR_SUBCAPSULAR_CATARACT		15	0.29017892	0.7177053	0.8596838	0.99457836	1.0	2359	tags=27%, list=22%, signal=34%	
GOBP_NUCLEAR_CHROMOSOME_SEGREGATION	GOBP_NUCLEAR_CHROMOSOME_SEGREGATION		209	0.18139091	0.7170889	1.0	0.99465156	1.0	2560	tags=18%, list=24%, signal=23%	
GOBP_REGULATION_OF_ANDROGEN_RECEPTOR_SIGNALING_PATHWAY	GOBP_REGULATION_OF_ANDROGEN_RECEPTOR_SIGNALING_PATHWAY		22	0.26919517	0.7159904	0.873805	0.9950994	1.0	113	tags=5%, list=1%, signal=5%	
HP_ABNORMALITY_OF_THE_SKULL_BASE	HP_ABNORMALITY_OF_THE_SKULL_BASE		131	0.19325088	0.71589816	0.9979466	0.9947523	1.0	2615	tags=24%, list=25%, signal=32%	
HP_FRAGILE_NAILS	HP_FRAGILE_NAILS		16	0.28690255	0.7155912	0.89041096	0.9945648	1.0	3184	tags=50%, list=30%, signal=72%	
GOBP_BRAIN_MORPHOGENESIS	GOBP_BRAIN_MORPHOGENESIS		17	0.28533742	0.71547246	0.87103593	0.9942351	1.0	836	tags=12%, list=8%, signal=13%	
GOBP_DNA_DOUBLE_STRAND_BREAK_PROCESSING	GOBP_DNA_DOUBLE_STRAND_BREAK_PROCESSING		16	0.29391265	0.71467894	0.86742425	0.9944327	1.0	926	tags=13%, list=9%, signal=14%	
GOBP_POSITIVE_REGULATION_OF_WOUND_HEALING	GOBP_POSITIVE_REGULATION_OF_WOUND_HEALING		18	0.2837918	0.7141975	0.8612167	0.99439687	1.0	2441	tags=39%, list=23%, signal=51%	
HP_SIMPLE_FEBRILE_SEIZURE	HP_SIMPLE_FEBRILE_SEIZURE		15	0.2925347	0.7128829	0.87323946	0.9950195	1.0	1467	tags=13%, list=14%, signal=15%	
HP_ABNORMAL_SIZE_OF_PITUITARY_GLAND	HP_ABNORMAL_SIZE_OF_PITUITARY_GLAND		19	0.27706152	0.71252847	0.886	0.9948897	1.0	2506	tags=37%, list=24%, signal=48%	
HP_HYPERCALCEMIA	HP_HYPERCALCEMIA		42	0.22990689	0.71242297	0.9448819	0.9945509	1.0	1918	tags=24%, list=18%, signal=29%	
HP_STAGE_5_CHRONIC_KIDNEY_DISEASE	HP_STAGE_5_CHRONIC_KIDNEY_DISEASE		66	0.21127829	0.71205336	0.9624217	0.994437	1.0	3296	tags=35%, list=31%, signal=50%	
GOCC_PCG_PROTEIN_COMPLEX	GOCC_PCG_PROTEIN_COMPLEX		30	0.24807641	0.71182233	0.9010101	0.99419236	1.0	2756	tags=37%, list=26%, signal=50%	
HP_ABNORMALITY_OF_THE_POSTERIOR_PITUITARY	HP_ABNORMALITY_OF_THE_POSTERIOR_PITUITARY		24	0.26077625	0.7105166	0.88235295	0.9947897	1.0	2754	tags=33%, list=26%, signal=45%	
HP_ABNORMALITY_OF_THE_PHALANGES_OF_THE_TOES	HP_ABNORMALITY_OF_THE_PHALANGES_OF_THE_TOES		63	0.21339607	0.7092335	0.9607843	0.99534714	1.0	954	tags=6%, list=9%, signal=7%	
GOBP_NEGATIVE_REGULATION_OF_HORMONE_SECRETION	GOBP_NEGATIVE_REGULATION_OF_HORMONE_SECRETION		23	0.26668176	0.70915234	0.89668614	0.994984	1.0	2469	tags=30%, list=23%, signal=40%	
GOMF_HISTONE_LYSINE_N_METHYLTRANSFERASE_ACTIVITY	GOMF_HISTONE_LYSINE_N_METHYLTRANSFERASE_ACTIVITY		36	0.2374466	0.70904994	0.9195171	0.99463505	1.0	2077	tags=19%, list=20%, signal=24%	
GOBP_LUNG_MORPHOGENESIS	GOBP_LUNG_MORPHOGENESIS		23	0.2610581	0.70886415	0.89917696	0.9943572	1.0	2489	tags=30%, list=24%, signal=40%	
GOBP_PROTEIN_K11_LINKED_UBIQUITINATION	GOBP_PROTEIN_K11_LINKED_UBIQUITINATION		26	0.2533299	0.70875335	0.9085366	0.9940166	1.0	2540	tags=31%, list=24%, signal=40%	
HP_PROGRESSIVE_INABILITY_TO_WALK	HP_PROGRESSIVE_INABILITY_TO_WALK		42	0.23042572	0.70844144	0.9358717	0.9938421	1.0	1845	tags=19%, list=18%, signal=23%	
HP_ABNORMAL_5TH_FINGER_MORPHOLOGY	HP_ABNORMAL_5TH_FINGER_MORPHOLOGY		305	0.1720339	0.7083559	1.0	0.9934763	1.0	2309	tags=17%, list=22%, signal=22%	
GOBP_NEGATIVE_REGULATION_OF_PROTEIN_TYROSINE_KINASE_ACTIVITY	GOBP_NEGATIVE_REGULATION_OF_PROTEIN_TYROSINE_KINASE_ACTIVITY		23	0.2655396	0.7056133	0.89375	0.9951172	1.0	1539	tags=17%, list=15%, signal=20%	
HP_DEPRESSED_NASAL_RIDGE	HP_DEPRESSED_NASAL_RIDGE		61	0.21790087	0.7052102	0.9591837	0.99501216	1.0	2845	tags=25%, list=27%, signal=34%	
HP_ABNORMAL_CIRCULATING_FOLLICLE_STIMULATING_HORMONE_CONCENTRATION	HP_ABNORMAL_CIRCULATING_FOLLICLE_STIMULATING_HORMONE_CONCENTRATION		26	0.25768667	0.7046673	0.9043977	0.99497765	1.0	2741	tags=31%, list=26%, signal=42%	
HP_ABNORMAL_CIRCULATING_FERRITIN_CONCENTRATION	HP_ABNORMAL_CIRCULATING_FERRITIN_CONCENTRATION		20	0.2692105	0.7045439	0.894	0.9946338	1.0	1382	tags=20%, list=13%, signal=23%	
HP_SPASTIC_DYSARTHRIA	HP_SPASTIC_DYSARTHRIA		19	0.2697966	0.7042033	0.90457255	0.99446964	1.0	3178	tags=32%, list=30%, signal=45%	
HP_LOWER_LIMB_AMYOTROPHY	HP_LOWER_LIMB_AMYOTROPHY		30	0.24161805	0.7036863	0.9313725	0.9944168	1.0	2165	tags=30%, list=21%, signal=38%	
HP_THORACOLUMBAR_SCOLIOSIS	HP_THORACOLUMBAR_SCOLIOSIS		16	0.28524685	0.70220876	0.8881857	0.9950693	1.0	2752	tags=38%, list=26%, signal=51%	
HP_COLORECTAL_POLYPOSIS	HP_COLORECTAL_POLYPOSIS		17	0.28622967	0.7019672	0.8888889	0.99481803	1.0	2999	tags=47%, list=29%, signal=66%	
HP_HEPATIC_FIBROSIS	HP_HEPATIC_FIBROSIS		95	0.19901228	0.70190537	0.9837067	0.9944426	1.0	2501	tags=24%, list=24%, signal=31%	
GOBP_REACTIVE_OXYGEN_SPECIES_BIOSYNTHETIC_PROCESS	GOBP_REACTIVE_OXYGEN_SPECIES_BIOSYNTHETIC_PROCESS		24	0.2585032	0.7015518	0.910387	0.9942725	1.0	897	tags=13%, list=9%, signal=14%	
HP_METATARSUS_ADDUCTUS	HP_METATARSUS_ADDUCTUS		26	0.25044647	0.7014077	0.9150743	0.9939518	1.0	1417	tags=12%, list=13%, signal=13%	
GOBP_POSITIVE_REGULATION_OF_OSTEOBLAST_DIFFERENTIATION	GOBP_POSITIVE_REGULATION_OF_OSTEOBLAST_DIFFERENTIATION		20	0.26802096	0.7011974	0.858	0.99366677	1.0	61	tags=5%, list=1%, signal=5%	
GOBP_NEGATIVE_REGULATION_OF_NEURON_DIFFERENTIATION	GOBP_NEGATIVE_REGULATION_OF_NEURON_DIFFERENTIATION		25	0.25251016	0.7009279	0.9194215	0.9934347	1.0	1997	tags=24%, list=19%, signal=30%	
GOBP_SECONDARY_ALCOHOL_METABOLIC_PROCESS	GOBP_SECONDARY_ALCOHOL_METABOLIC_PROCESS		81	0.2036438	0.7006762	0.98156685	0.9931816	1.0	860	tags=9%, list=8%, signal=9%	
HP_POIKILODERMA	HP_POIKILODERMA		17	0.2837118	0.6972207	0.8836292	0.9951822	1.0	542	tags=12%, list=5%, signal=12%	
GOCC_CHROMOSOME_CENTROMERIC_REGION	GOCC_CHROMOSOME_CENTROMERIC_REGION		172	0.1813139	0.69707316	0.9978448	0.9948668	1.0	2351	tags=15%, list=22%, signal=18%	
HP_CHRONIC_CONSTIPATION	HP_CHRONIC_CONSTIPATION		48	0.21773654	0.6967647	0.9656652	0.9946595	1.0	2275	tags=25%, list=22%, signal=32%	
HP_ABNORMAL_NIPPLE_MORPHOLOGY	HP_ABNORMAL_NIPPLE_MORPHOLOGY		141	0.18351173	0.695779	0.9957537	0.9949188	1.0	2879	tags=25%, list=27%, signal=34%	
GOBP_NEGATIVE_REGULATION_OF_MYELOID_LEUKOCYTE_DIFFERENTIATION	GOBP_NEGATIVE_REGULATION_OF_MYELOID_LEUKOCYTE_DIFFERENTIATION		23	0.25921106	0.6957528	0.8927835	0.99451864	1.0	1985	tags=26%, list=19%, signal=32%	
HP_WIDE_ANTERIOR_FONTANEL	HP_WIDE_ANTERIOR_FONTANEL		45	0.2185697	0.6957254	0.9677419	0.99411726	1.0	2982	tags=36%, list=28%, signal=49%	
GOBP_REGULATION_OF_PHOSPHOPROTEIN_PHOSPHATASE_ACTIVITY	GOBP_REGULATION_OF_PHOSPHOPROTEIN_PHOSPHATASE_ACTIVITY		38	0.23225461	0.69418937	0.9404762	0.99472284	1.0	1857	tags=18%, list=18%, signal=22%	
HP_EPISODIC_PAIN	HP_EPISODIC_PAIN		29	0.2454444	0.69400793	0.912766	0.99441236	1.0	2309	tags=38%, list=22%, signal=48%	
GOBP_REGULATION_OF_MICROTUBULE_POLYMERIZATION	GOBP_REGULATION_OF_MICROTUBULE_POLYMERIZATION		37	0.23290548	0.6934263	0.935743	0.9943752	1.0	2098	tags=19%, list=20%, signal=24%	
GOBP_MICROTUBULE_POLYMERIZATION	GOBP_MICROTUBULE_POLYMERIZATION		58	0.21516944	0.69226843	0.9736842	0.99470466	1.0	2098	tags=16%, list=20%, signal=19%	
GOBP_HISTONE_H3_K9_MODIFICATION	GOBP_HISTONE_H3_K9_MODIFICATION		41	0.22308515	0.69209385	0.9668737	0.99439836	1.0	2837	tags=32%, list=27%, signal=43%	
GOBP_VASODILATION	GOBP_VASODILATION		19	0.26318848	0.6905792	0.8988327	0.99495757	1.0	2627	tags=42%, list=25%, signal=56%	
GOBP_RIBONUCLEOTIDE_CATABOLIC_PROCESS	GOBP_RIBONUCLEOTIDE_CATABOLIC_PROCESS		28	0.24654558	0.68881136	0.9249493	0.9956261	1.0	2598	tags=36%, list=25%, signal=47%	
HP_GENERALIZED_HYPERPIGMENTATION	HP_GENERALIZED_HYPERPIGMENTATION		29	0.2375912	0.6880124	0.94257426	0.9957023	1.0	3211	tags=45%, list=31%, signal=64%	
GOBP_REPLICATION_FORK_PROCESSING	GOBP_REPLICATION_FORK_PROCESSING		32	0.23389955	0.6871586	0.91907513	0.9957985	1.0	4121	tags=59%, list=39%, signal=97%	
HP_INCREASED_CIRCULATING_PROLACTIN_CONCENTRATION	HP_INCREASED_CIRCULATING_PROLACTIN_CONCENTRATION		20	0.26059723	0.68676686	0.90163934	0.9956352	1.0	2506	tags=35%, list=24%, signal=46%	
HP_MIXED_HEARING_IMPAIRMENT	HP_MIXED_HEARING_IMPAIRMENT		16	0.27941948	0.6864136	0.8974359	0.995441	1.0	2275	tags=31%, list=22%, signal=40%	
HP_ABNORMAL_TALUS_MORPHOLOGY	HP_ABNORMAL_TALUS_MORPHOLOGY		37	0.22911732	0.6832389	0.93657506	0.99695617	1.0	1231	tags=14%, list=12%, signal=15%	
GOBP_MITOTIC_G1_S_TRANSITION_CHECKPOINT_SIGNALING	GOBP_MITOTIC_G1_S_TRANSITION_CHECKPOINT_SIGNALING		23	0.25037825	0.6794355	0.89830506	0.9987321	1.0	2465	tags=30%, list=23%, signal=40%	
GOBP_POSITIVE_REGULATION_OF_DENDRITIC_SPINE_DEVELOPMENT	GOBP_POSITIVE_REGULATION_OF_DENDRITIC_SPINE_DEVELOPMENT		18	0.2683803	0.6793219	0.9109731	0.9983782	1.0	2846	tags=39%, list=27%, signal=53%	
GOBP_MODULATION_BY_HOST_OF_VIRAL_PROCESS	GOBP_MODULATION_BY_HOST_OF_VIRAL_PROCESS		20	0.25928184	0.67865	0.9102296	0.99835086	1.0	818	tags=10%, list=8%, signal=11%	
GOBP_EXECUTION_PHASE_OF_APOPTOSIS	GOBP_EXECUTION_PHASE_OF_APOPTOSIS		40	0.2232654	0.6777682	0.9566116	0.9984416	1.0	2209	tags=23%, list=21%, signal=28%	
HP_HYPOPLASIA_OF_THE_PONS	HP_HYPOPLASIA_OF_THE_PONS		42	0.22122648	0.6774082	0.962818	0.9982313	1.0	805	tags=10%, list=8%, signal=10%	
GOBP_DENDRITIC_SPINE_DEVELOPMENT	GOBP_DENDRITIC_SPINE_DEVELOPMENT		49	0.21101575	0.67732495	0.97938144	0.99785656	1.0	2543	tags=27%, list=24%, signal=35%	
GOBP_NEGATIVE_REGULATION_OF_ENDOPLASMIC_RETICULUM_STRESS_INDUCED_INTRINSIC_APOPTOTIC_SIGNALING_PATHWAY	GOBP_NEGATIVE_REGULATION_OF_ENDOPLASMIC_RETICULUM_STRESS_INDUCED_INTRINSIC_APOPTOTIC_SIGNALING_PATHWAY		15	0.27287456	0.6768338	0.89215684	0.9977099	1.0	817	tags=13%, list=8%, signal=14%	
HP_ABNORMAL_URINE_CARBOHYDRATE_LEVEL	HP_ABNORMAL_URINE_CARBOHYDRATE_LEVEL		25	0.24844173	0.6764149	0.90625	0.99753517	1.0	2654	tags=28%, list=25%, signal=37%	
GOBP_ER_NUCLEUS_SIGNALING_PATHWAY	GOBP_ER_NUCLEUS_SIGNALING_PATHWAY		39	0.22112654	0.67534316	0.9585153	0.99769306	1.0	1850	tags=21%, list=18%, signal=25%	
HP_EXTERNAL_EAR_MALFORMATION	HP_EXTERNAL_EAR_MALFORMATION		55	0.20437281	0.6740702	0.9897541	0.99796796	1.0	2032	tags=16%, list=19%, signal=20%	
HP_ABSENT_SEPTUM_PELLUCIDUM	HP_ABSENT_SEPTUM_PELLUCIDUM		68	0.20256594	0.67396724	0.98973304	0.9976073	1.0	2755	tags=25%, list=26%, signal=34%	
GOMF_ACID_AMINO_ACID_LIGASE_ACTIVITY	GOMF_ACID_AMINO_ACID_LIGASE_ACTIVITY		16	0.26479924	0.6714038	0.90631366	0.99853843	1.0	1923	tags=25%, list=18%, signal=31%	
HP_CHORIORETINAL_DYSPLASIA	HP_CHORIORETINAL_DYSPLASIA		16	0.27317303	0.6702838	0.9140461	0.99870306	1.0	3000	tags=38%, list=29%, signal=52%	
GOCC_SPINDLE	GOCC_SPINDLE		314	0.1632559	0.66883653	1.0	0.9990439	1.0	2136	tags=14%, list=20%, signal=17%	
HP_ATHETOSIS	HP_ATHETOSIS		29	0.23309855	0.6684905	0.9446565	0.99880964	1.0	2570	tags=31%, list=24%, signal=41%	
GOBP_SECONDARY_METABOLIC_PROCESS	GOBP_SECONDARY_METABOLIC_PROCESS		18	0.26539674	0.6678295	0.92918456	0.99870735	1.0	1164	tags=17%, list=11%, signal=19%	
GOBP_SKELETAL_MUSCLE_TISSUE_REGENERATION	GOBP_SKELETAL_MUSCLE_TISSUE_REGENERATION		19	0.2580812	0.6655206	0.92971885	0.9994363	1.0	2627	tags=32%, list=25%, signal=42%	
HP_APLASIA_HYPOPLASIA_OF_THE_SPLEEN	HP_APLASIA_HYPOPLASIA_OF_THE_SPLEEN		32	0.23137078	0.66536415	0.9674134	0.9990919	1.0	1625	tags=16%, list=15%, signal=18%	
HP_AKINESIA	HP_AKINESIA		17	0.26737112	0.66506284	0.9173387	0.9988239	1.0	2978	tags=41%, list=28%, signal=57%	
GOBP_FATTY_ACYL_COA_METABOLIC_PROCESS	GOBP_FATTY_ACYL_COA_METABOLIC_PROCESS		27	0.23791249	0.6628003	0.9631902	0.9994695	1.0	2797	tags=44%, list=27%, signal=60%	
HP_ABNORMALITY_OF_CHROMOSOME_STABILITY	HP_ABNORMALITY_OF_CHROMOSOME_STABILITY		50	0.210237	0.6624708	0.9768421	0.9992198	1.0	2522	tags=24%, list=24%, signal=31%	
HP_SLENDER_BUILD	HP_SLENDER_BUILD		19	0.2547386	0.65981066	0.9241517	1.0	1.0	496	tags=11%, list=5%, signal=11%	
GOBP_REGULATION_OF_DNA_DAMAGE_CHECKPOINT	GOBP_REGULATION_OF_DNA_DAMAGE_CHECKPOINT		15	0.26966938	0.659625	0.9117647	0.9997245	1.0	2550	tags=33%, list=24%, signal=44%	
HP_APLASIA_HYPOPLASIA_OF_THE_FIBULA	HP_APLASIA_HYPOPLASIA_OF_THE_FIBULA		16	0.26439446	0.65633863	0.932	1.0	1.0	2230	tags=31%, list=21%, signal=40%	
HP_PES_VALGUS	HP_PES_VALGUS		20	0.25485143	0.6558587	0.938247	1.0	1.0	1800	tags=20%, list=17%, signal=24%	
GOBP_DOUBLE_STRAND_BREAK_REPAIR	GOBP_DOUBLE_STRAND_BREAK_REPAIR		220	0.16376777	0.654937	1.0	1.0	1.0	3088	tags=25%, list=29%, signal=35%	
HP_SHORT_CHIN	HP_SHORT_CHIN		35	0.21985395	0.65246147	0.9607438	1.0	1.0	723	tags=9%, list=7%, signal=9%	
GOBP_MISMATCH_REPAIR	GOBP_MISMATCH_REPAIR		25	0.23395449	0.652249	0.95258623	1.0	1.0	2252	tags=24%, list=21%, signal=30%	
GOCC_GOLGI_ASSOCIATED_VESICLE	GOCC_GOLGI_ASSOCIATED_VESICLE		53	0.19952898	0.65200084	0.9834025	1.0	1.0	2547	tags=21%, list=24%, signal=27%	
HP_TRIGONOCEPHALY	HP_TRIGONOCEPHALY		26	0.23645245	0.65103346	0.9566075	1.0	1.0	1228	tags=15%, list=12%, signal=17%	
GOBP_LONG_CHAIN_FATTY_ACYL_COA_METABOLIC_PROCESS	GOBP_LONG_CHAIN_FATTY_ACYL_COA_METABOLIC_PROCESS		16	0.26380804	0.6505219	0.932	1.0	1.0	2797	tags=50%, list=27%, signal=68%	
HP_UNILATERAL_RENAL_AGENESIS	HP_UNILATERAL_RENAL_AGENESIS		50	0.20127653	0.6478979	0.98778003	1.0	1.0	1564	tags=14%, list=15%, signal=16%	
HP_THICK_EYEBROW	HP_THICK_EYEBROW		92	0.18273744	0.64695066	0.99590164	1.0	1.0	3007	tags=26%, list=29%, signal=36%	
HP_HAMARTOMA	HP_HAMARTOMA		50	0.2055596	0.6467863	0.9814815	1.0	1.0	2935	tags=34%, list=28%, signal=47%	
GOBP_RNA_DECAPPING	GOBP_RNA_DECAPPING		15	0.26649815	0.64637357	0.93846154	1.0	1.0	2598	tags=47%, list=25%, signal=62%	
HP_CEREBRAL_VISUAL_IMPAIRMENT	HP_CEREBRAL_VISUAL_IMPAIRMENT		143	0.17099892	0.6449976	1.0	1.0	1.0	2303	tags=17%, list=22%, signal=21%	
HP_LOSS_OF_ABILITY_TO_WALK	HP_LOSS_OF_ABILITY_TO_WALK		30	0.2219181	0.6437426	0.96705425	1.0	1.0	1845	tags=20%, list=18%, signal=24%	
HP_ABNORMALITY_OF_THE_DIAPHRAGM	HP_ABNORMALITY_OF_THE_DIAPHRAGM		58	0.19487429	0.64356434	0.99147123	1.0	1.0	2755	tags=26%, list=26%, signal=35%	
HP_LEIOMYOSARCOMA	HP_LEIOMYOSARCOMA		18	0.25282136	0.64288855	0.93621397	1.0	1.0	2479	tags=22%, list=24%, signal=29%	
HP_PARTIAL_AGENESIS_OF_THE_CORPUS_CALLOSUM	HP_PARTIAL_AGENESIS_OF_THE_CORPUS_CALLOSUM		30	0.22357024	0.6425582	0.9507187	0.99974203	1.0	246	tags=7%, list=2%, signal=7%	
HP_ABNORMALITY_OF_PAIN_SENSATION	HP_ABNORMALITY_OF_PAIN_SENSATION		46	0.20143278	0.6414177	0.9777328	0.9997462	1.0	2165	tags=22%, list=21%, signal=27%	
HP_CHRONIC_KIDNEY_DISEASE	HP_CHRONIC_KIDNEY_DISEASE		84	0.18247479	0.6395553	0.9979466	1.0	1.0	3296	tags=36%, list=31%, signal=52%	
HP_CENTRAL_HYPOTHYROIDISM	HP_CENTRAL_HYPOTHYROIDISM		30	0.21979333	0.63801354	0.97180045	1.0	1.0	2754	tags=33%, list=26%, signal=45%	
GOMF_HISTONE_METHYLTRANSFERASE_ACTIVITY_H3_K4_SPECIFIC	GOMF_HISTONE_METHYLTRANSFERASE_ACTIVITY_H3_K4_SPECIFIC		16	0.25469643	0.6377649	0.9307536	0.9998503	1.0	2077	tags=19%, list=20%, signal=23%	
HP_ANENCEPHALY	HP_ANENCEPHALY		45	0.20449072	0.6369637	0.9846449	0.99970037	1.0	3127	tags=36%, list=30%, signal=50%	
HP_ADIPOSE_TISSUE_LOSS	HP_ADIPOSE_TISSUE_LOSS		20	0.2421586	0.636459	0.95555556	0.99947196	1.0	2786	tags=30%, list=27%, signal=41%	
GOBP_PHENOL_CONTAINING_COMPOUND_BIOSYNTHETIC_PROCESS	GOBP_PHENOL_CONTAINING_COMPOUND_BIOSYNTHETIC_PROCESS		15	0.261602	0.63632524	0.9364162	0.99910444	1.0	630	tags=13%, list=6%, signal=14%	
GOCC_PHOSPHATASE_COMPLEX	GOCC_PHOSPHATASE_COMPLEX		36	0.21214549	0.63383925	0.97727275	0.9995552	1.0	2183	tags=17%, list=21%, signal=21%	
HP_FRECKLING	HP_FRECKLING		34	0.21104102	0.6332997	0.97959185	0.99932903	1.0	2828	tags=29%, list=27%, signal=40%	
HP_ABNORMALITY_OF_THE_SEPTUM_PELLUCIDUM	HP_ABNORMALITY_OF_THE_SEPTUM_PELLUCIDUM		86	0.178362	0.63253224	1.0	0.99916965	1.0	2847	tags=27%, list=27%, signal=36%	
HP_ABNORMALITY_OF_UPPER_LIMB_EPIPHYSIS_MORPHOLOGY	HP_ABNORMALITY_OF_UPPER_LIMB_EPIPHYSIS_MORPHOLOGY		34	0.2142917	0.631673	0.9650924	0.9990419	1.0	2524	tags=24%, list=24%, signal=31%	
HP_GOITER	HP_GOITER		28	0.22623228	0.6316289	0.9636015	0.9986429	1.0	2303	tags=32%, list=22%, signal=41%	
HP_BELL_SHAPED_THORAX	HP_BELL_SHAPED_THORAX		16	0.25926986	0.63136655	0.944	0.99831927	1.0	1800	tags=19%, list=17%, signal=23%	
HP_EPIPHYSEAL_STIPPLING	HP_EPIPHYSEAL_STIPPLING		27	0.22167908	0.6291909	0.969697	0.9986119	1.0	2123	tags=26%, list=20%, signal=32%	
HP_SUBCAPSULAR_CATARACT	HP_SUBCAPSULAR_CATARACT		17	0.25264493	0.62860835	0.9517544	0.99837404	1.0	134	tags=6%, list=1%, signal=6%	
HP_GLOMERULONEPHRITIS	HP_GLOMERULONEPHRITIS		40	0.20863119	0.62721515	0.988	0.99839556	1.0	1749	tags=20%, list=17%, signal=24%	
GOMF_GAMMA_TUBULIN_BINDING	GOMF_GAMMA_TUBULIN_BINDING		24	0.22452262	0.6245751	0.9617706	0.9988195	1.0	857	tags=8%, list=8%, signal=9%	
HP_PROTRUDING_TONGUE	HP_PROTRUDING_TONGUE		26	0.22411773	0.623571	0.9742574	0.99870723	1.0	3239	tags=38%, list=31%, signal=55%	
HP_HIGH_MYOPIA	HP_HIGH_MYOPIA		22	0.23244135	0.62184036	0.96504855	0.99881995	1.0	2752	tags=36%, list=26%, signal=49%	
GOBP_DENDRITE_EXTENSION	GOBP_DENDRITE_EXTENSION		17	0.24495502	0.6213285	0.95519346	0.9985632	1.0	3191	tags=29%, list=30%, signal=42%	
GOCC_MITOTIC_SPINDLE_POLE	GOCC_MITOTIC_SPINDLE_POLE		32	0.21444598	0.6196282	0.96831685	0.9986268	1.0	1991	tags=16%, list=19%, signal=19%	
GOBP_NEGATIVE_REGULATION_OF_DNA_TEMPLATED_TRANSCRIPTION_ELONGATION	GOBP_NEGATIVE_REGULATION_OF_DNA_TEMPLATED_TRANSCRIPTION_ELONGATION		15	0.25087962	0.61932826	0.9410569	0.99830896	1.0	3076	tags=40%, list=29%, signal=56%	
HP_ABNORMAL_GASTROINTESTINAL_MOTILITY	HP_ABNORMAL_GASTROINTESTINAL_MOTILITY		44	0.19961561	0.6184648	0.9830508	0.9981381	1.0	2389	tags=23%, list=23%, signal=29%	
HP_X_LINKED_DOMINANT_INHERITANCE	HP_X_LINKED_DOMINANT_INHERITANCE		38	0.2042165	0.61561906	0.98717946	0.9985082	1.0	2769	tags=32%, list=26%, signal=43%	
HP_CEREBRAL_HYPOPLASIA	HP_CEREBRAL_HYPOPLASIA		41	0.20216247	0.61445886	0.97722566	0.9984146	1.0	794	tags=7%, list=8%, signal=8%	
GOBP_DNA_LIGATION	GOBP_DNA_LIGATION		16	0.24745111	0.6133072	0.9653846	0.998313	1.0	1823	tags=19%, list=17%, signal=23%	
GOCC_PERICENTRIC_HETEROCHROMATIN	GOCC_PERICENTRIC_HETEROCHROMATIN		17	0.24698856	0.61307734	0.96252465	0.9979665	1.0	2309	tags=29%, list=22%, signal=38%	
HP_BEAKING_OF_VERTEBRAL_BODIES	HP_BEAKING_OF_VERTEBRAL_BODIES		16	0.2481313	0.61037636	0.9500998	0.9982325	1.0	1417	tags=19%, list=13%, signal=22%	
GOBP_TELOMERE_MAINTENANCE_VIA_RECOMBINATION	GOBP_TELOMERE_MAINTENANCE_VIA_RECOMBINATION		15	0.24822399	0.60665023	0.9707031	0.9987472	1.0	3999	tags=47%, list=38%, signal=75%	
HP_LARGE_BASAL_GANGLIA	HP_LARGE_BASAL_GANGLIA		37	0.20356382	0.60550344	0.984	0.9986307	1.0	2288	tags=24%, list=22%, signal=31%	
HP_ANTERIORLY_PLACED_ANUS	HP_ANTERIORLY_PLACED_ANUS		32	0.20621054	0.6035113	0.97987926	0.9986752	1.0	2755	tags=28%, list=26%, signal=38%	
GOBP_PHOTORECEPTOR_CELL_DEVELOPMENT	GOBP_PHOTORECEPTOR_CELL_DEVELOPMENT		20	0.22953296	0.602755	0.96761906	0.99843556	1.0	3395	tags=40%, list=32%, signal=59%	
GOBP_MICROTUBULE_ANCHORING	GOBP_MICROTUBULE_ANCHORING		17	0.24031569	0.6022166	0.96868885	0.9981512	1.0	3151	tags=35%, list=30%, signal=50%	
GOBP_ATP_BIOSYNTHETIC_PROCESS	GOBP_ATP_BIOSYNTHETIC_PROCESS		20	0.23093185	0.59954196	0.98312235	0.99832785	1.0	2943	tags=40%, list=28%, signal=55%	
GOBP_HISTONE_H2A_UBIQUITINATION	GOBP_HISTONE_H2A_UBIQUITINATION		24	0.22096619	0.59843355	0.9751553	0.9981626	1.0	3432	tags=46%, list=33%, signal=68%	
GOBP_PROTEIN_LOCALIZATION_TO_CHROMATIN	GOBP_PROTEIN_LOCALIZATION_TO_CHROMATIN		23	0.22232126	0.596102	0.984466	0.9982501	1.0	2943	tags=26%, list=28%, signal=36%	
HP_INCREASED_NUCHAL_TRANSLUCENCY	HP_INCREASED_NUCHAL_TRANSLUCENCY		35	0.20118147	0.5955346	0.988189	0.9979693	1.0	2104	tags=17%, list=20%, signal=21%	
GOBP_REGULATION_OF_ACUTE_INFLAMMATORY_RESPONSE	GOBP_REGULATION_OF_ACUTE_INFLAMMATORY_RESPONSE		17	0.2392776	0.5932109	0.965587	0.9980242	1.0	67	tags=6%, list=1%, signal=6%	
HP_PROGRESSIVE_HEARING_IMPAIRMENT	HP_PROGRESSIVE_HEARING_IMPAIRMENT		21	0.2260117	0.5886042	0.96344084	0.99851865	1.0	2928	tags=43%, list=28%, signal=59%	
HP_DYSDIADOCHOKINESIS	HP_DYSDIADOCHOKINESIS		28	0.20967917	0.58859247	0.9903475	0.99811465	1.0	2001	tags=21%, list=19%, signal=26%	
HP_HYPOPLASIA_OF_THE_FRONTAL_LOBES	HP_HYPOPLASIA_OF_THE_FRONTAL_LOBES		30	0.19881614	0.58033425	0.98015875	0.9991901	1.0	794	tags=7%, list=8%, signal=7%	
HP_OPTIC_DISC_COLOBOMA	HP_OPTIC_DISC_COLOBOMA		16	0.23740889	0.5796848	0.9718615	0.99888957	1.0	2441	tags=25%, list=23%, signal=33%	
GOCC_COPII_VESICLE_COAT	GOCC_COPII_VESICLE_COAT		15	0.23506224	0.57876426	0.9501992	0.9986292	1.0	3403	tags=40%, list=32%, signal=59%	
GOMF_COLLAGEN_BINDING	GOMF_COLLAGEN_BINDING		19	0.22732261	0.57798177	0.9681275	0.99835557	1.0	1978	tags=26%, list=19%, signal=32%	
HP_ABNORMAL_ARACHNOID_MATER_MORPHOLOGY	HP_ABNORMAL_ARACHNOID_MATER_MORPHOLOGY		23	0.20910724	0.5777644	0.98050684	0.9979946	1.0	2583	tags=26%, list=25%, signal=35%	
HP_THICKENED_NUCHAL_SKIN_FOLD	HP_THICKENED_NUCHAL_SKIN_FOLD		47	0.18490064	0.57674307	0.99796337	0.9977602	1.0	2943	tags=34%, list=28%, signal=47%	
HP_INTELLECTUAL_DISABILITY_PROGRESSIVE	HP_INTELLECTUAL_DISABILITY_PROGRESSIVE		40	0.18802844	0.57349694	0.9939516	0.997851	1.0	3178	tags=35%, list=30%, signal=50%	
GOCC_DNA_REPAIR_COMPLEX	GOCC_DNA_REPAIR_COMPLEX		36	0.19247979	0.5679266	0.997921	0.9982602	1.0	1181	tags=8%, list=11%, signal=9%	
HP_ABNORMAL_SHAPE_OF_THE_PALPEBRAL_FISSURE	HP_ABNORMAL_SHAPE_OF_THE_PALPEBRAL_FISSURE		38	0.186014	0.55740225	0.98940676	0.9992326	1.0	4373	tags=50%, list=42%, signal=85%	
HP_ABNORMALITY_OF_THE_1ST_METACARPAL	HP_ABNORMALITY_OF_THE_1ST_METACARPAL		17	0.2153069	0.55157936	0.9815195	0.99951386	1.0	8249	tags=100%, list=78%, signal=464%	
HP_MOTOR_AXONAL_NEUROPATHY	HP_MOTOR_AXONAL_NEUROPATHY		23	0.20624574	0.54813063	0.99141634	0.99947697	1.0	2943	tags=35%, list=28%, signal=48%	
GOBP_HISTONE_H3_K9_METHYLATION	GOBP_HISTONE_H3_K9_METHYLATION		31	0.1883774	0.5477019	0.99593496	0.9991173	1.0	2837	tags=32%, list=27%, signal=44%	
HP_TEMPERATURE_INSTABILITY	HP_TEMPERATURE_INSTABILITY		16	0.21318898	0.5266802	0.9881657	1.0	1.0	1311	tags=13%, list=12%, signal=14%	
GOMF_DNA_DIRECTED_DNA_POLYMERASE_ACTIVITY	GOMF_DNA_DIRECTED_DNA_POLYMERASE_ACTIVITY		22	0.19641884	0.51845545	0.99188644	1.0	1.0	1570	tags=14%, list=15%, signal=16%	
HP_POOR_FINE_MOTOR_COORDINATION	HP_POOR_FINE_MOTOR_COORDINATION		21	0.1985675	0.5181529	0.9882353	1.0	1.0	2448	tags=24%, list=23%, signal=31%	
HP_PAIN_IN_HEAD_AND_NECK_REGION	HP_PAIN_IN_HEAD_AND_NECK_REGION		20	0.19348873	0.5057767	0.995842	1.0	1.0	2506	tags=25%, list=24%, signal=33%	
HP_PANCREATIC_FIBROSIS	HP_PANCREATIC_FIBROSIS		16	0.19747594	0.4962538	0.99182004	1.0	1.0	3127	tags=38%, list=30%, signal=53%	
GOMF_PEPTIDE_LYSINE_N_ACETYLTRANSFERASE_ACTIVITY	GOMF_PEPTIDE_LYSINE_N_ACETYLTRANSFERASE_ACTIVITY		34	0.1631649	0.4820666	1.0	1.0	1.0	2420	tags=21%, list=23%, signal=27%	
HP_SPINAL_CORD_COMPRESSION	HP_SPINAL_CORD_COMPRESSION		18	0.18654045	0.48200932	0.99424183	1.0	1.0	3856	tags=33%, list=37%, signal=53%	
GOCC_VESICLE_COAT	GOCC_VESICLE_COAT		44	0.15727042	0.47935188	1.0	1.0	1.0	3403	tags=25%, list=32%, signal=37%	
GOCC_PHOTORECEPTOR_CONNECTING_CILIUM	GOCC_PHOTORECEPTOR_CONNECTING_CILIUM		22	0.17097358	0.46099463	0.9959596	1.0	1.0	8715	tags=100%, list=83%, signal=585%	
GOBP_CENTROMERE_COMPLEX_ASSEMBLY	GOBP_CENTROMERE_COMPLEX_ASSEMBLY		25	0.15944818	0.43574736	1.0	1.0	1.0	1562	tags=8%, list=15%, signal=9%	
HP_ABNORMALITY_OF_CARPAL_BONE_OSSIFICATION	HP_ABNORMALITY_OF_CARPAL_BONE_OSSIFICATION		17	0.16412513	0.41683495	1.0	1.0	1.0	8786	tags=100%, list=84%, signal=609%	
GOBP_PROTEIN_LOCALIZATION_TO_CYTOSKELETON	GOBP_PROTEIN_LOCALIZATION_TO_CYTOSKELETON		48	0.13096249	0.4110881	1.0	1.0	1.0	9138	tags=100%, list=87%, signal=763%	
GOBP_MICROTUBULE_NUCLEATION	GOBP_MICROTUBULE_NUCLEATION		33	0.12487073	0.36437944	1.0	0.99996436	1.0	2098	tags=12%, list=20%, signal=15%	
