NAME	ORIGINAL SIZE	AFTER RESTRICTING TO DATASET	STATUS	
KAECH_NAIVE_VS_DAY8_EFF_CD8_TCELL_UP	200	173		
KAECH_NAIVE_VS_DAY8_EFF_CD8_TCELL_DN	200	173		
KAECH_NAIVE_VS_DAY15_EFF_CD8_TCELL_UP	200	169		
KAECH_NAIVE_VS_DAY15_EFF_CD8_TCELL_DN	200	155		
KAECH_NAIVE_VS_MEMORY_CD8_TCELL_UP	200	164		
KAECH_NAIVE_VS_MEMORY_CD8_TCELL_DN	200	161		
KAECH_DAY8_EFF_VS_DAY15_EFF_CD8_TCELL_UP	200	174		
KAECH_DAY8_EFF_VS_DAY15_EFF_CD8_TCELL_DN	200	137		
KAECH_DAY8_EFF_VS_MEMORY_CD8_TCELL_UP	200	175		
KAECH_DAY8_EFF_VS_MEMORY_CD8_TCELL_DN	199	171		
KAECH_DAY15_EFF_VS_MEMORY_CD8_TCELL_UP	200	127		
KAECH_DAY15_EFF_VS_MEMORY_CD8_TCELL_DN	200	166		
GOLDRATH_NAIVE_VS_EFF_CD8_TCELL_UP	200	185		
GOLDRATH_NAIVE_VS_EFF_CD8_TCELL_DN	200	155		
GOLDRATH_NAIVE_VS_MEMORY_CD8_TCELL_UP	200	180		
GOLDRATH_NAIVE_VS_MEMORY_CD8_TCELL_DN	200	150		
GOLDRATH_EFF_VS_MEMORY_CD8_TCELL_UP	200	169		
GOLDRATH_EFF_VS_MEMORY_CD8_TCELL_DN	200	172		
GSE10094_LCMV_VS_LISTERIA_IND_EFF_CD4_TCELL_UP	199	170		
GSE10094_LCMV_VS_LISTERIA_IND_EFF_CD4_TCELL_DN	200	61		
GSE10239_NAIVE_VS_MEMORY_CD8_TCELL_UP	200	178		
GSE10239_NAIVE_VS_MEMORY_CD8_TCELL_DN	198	103		
GSE10239_NAIVE_VS_KLRG1INT_EFF_CD8_TCELL_UP	199	171		
GSE10239_NAIVE_VS_KLRG1INT_EFF_CD8_TCELL_DN	200	160		
GSE10239_NAIVE_VS_KLRG1HIGH_EFF_CD8_TCELL_UP	199	172		
GSE10239_NAIVE_VS_KLRG1HIGH_EFF_CD8_TCELL_DN	200	163		
GSE10239_MEMORY_VS_KLRG1INT_EFF_CD8_TCELL_UP	200	101		
GSE10239_MEMORY_VS_KLRG1INT_EFF_CD8_TCELL_DN	200	183		
GSE10239_MEMORY_VS_KLRG1HIGH_EFF_CD8_TCELL_UP	199	100		
GSE10239_MEMORY_VS_KLRG1HIGH_EFF_CD8_TCELL_DN	200	183		
GSE10239_KLRG1INT_VS_KLRG1HIGH_EFF_CD8_TCELL_UP	200	139		
GSE10239_KLRG1INT_VS_KLRG1HIGH_EFF_CD8_TCELL_DN	199	130		
GSE10239_NAIVE_VS_DAY4.5_EFF_CD8_TCELL_UP	199	178		
GSE10239_NAIVE_VS_DAY4.5_EFF_CD8_TCELL_DN	200	178		
GSE10239_MEMORY_VS_DAY4.5_EFF_CD8_TCELL_UP	199	147		
GSE10239_MEMORY_VS_DAY4.5_EFF_CD8_TCELL_DN	200	183		
GSE10325_CD4_TCELL_VS_BCELL_UP	198	153		
GSE10325_CD4_TCELL_VS_BCELL_DN	194	95		
GSE10325_CD4_TCELL_VS_MYELOID_UP	199	156		
GSE10325_CD4_TCELL_VS_MYELOID_DN	200	100		
GSE10325_BCELL_VS_MYELOID_UP	196	132		
GSE10325_BCELL_VS_MYELOID_DN	200	90		
GSE10325_LUPUS_CD4_TCELL_VS_LUPUS_BCELL_UP	199	150		
GSE10325_LUPUS_CD4_TCELL_VS_LUPUS_BCELL_DN	195	91		
GSE10325_LUPUS_CD4_TCELL_VS_LUPUS_MYELOID_UP	199	154		
GSE10325_LUPUS_CD4_TCELL_VS_LUPUS_MYELOID_DN	200	90		
GSE10325_LUPUS_BCELL_VS_LUPUS_MYELOID_UP	194	141		
GSE10325_LUPUS_BCELL_VS_LUPUS_MYELOID_DN	200	104		
GSE10325_CD4_TCELL_VS_LUPUS_CD4_TCELL_UP	197	133		
GSE10325_CD4_TCELL_VS_LUPUS_CD4_TCELL_DN	199	119		
GSE10325_BCELL_VS_LUPUS_BCELL_UP	194	73		
GSE10325_BCELL_VS_LUPUS_BCELL_DN	200	149		
GSE10325_MYELOID_VS_LUPUS_MYELOID_UP	196	61		
GSE10325_MYELOID_VS_LUPUS_MYELOID_DN	200	137		
GSE10463_CD40L_AND_VA347_VS_CD40L_IN_DC_UP	194	104		
GSE10463_CD40L_AND_VA347_VS_CD40L_IN_DC_DN	183	60		
GSE10856_CTRL_VS_TNFRSF6B_IN_MACROPHAGE_UP	187	107		
GSE10856_CTRL_VS_TNFRSF6B_IN_MACROPHAGE_DN	195	130		
GSE11057_NAIVE_VS_EFF_MEMORY_CD4_TCELL_UP	198	113		
GSE11057_NAIVE_VS_EFF_MEMORY_CD4_TCELL_DN	197	147		
GSE11057_NAIVE_VS_CENT_MEMORY_CD4_TCELL_UP	196	96		
GSE11057_NAIVE_VS_CENT_MEMORY_CD4_TCELL_DN	199	168		
GSE11057_NAIVE_CD4_VS_PBMC_CD4_TCELL_UP	197	128		
GSE11057_NAIVE_CD4_VS_PBMC_CD4_TCELL_DN	197	142		
GSE11057_EFF_MEM_VS_CENT_MEM_CD4_TCELL_UP	199	103		
GSE11057_EFF_MEM_VS_CENT_MEM_CD4_TCELL_DN	188	122		
GSE11057_CD4_EFF_MEM_VS_PBMC_UP	199	150		
GSE11057_CD4_EFF_MEM_VS_PBMC_DN	194	105		
GSE11057_CD4_CENT_MEM_VS_PBMC_UP	197	154		
GSE11057_CD4_CENT_MEM_VS_PBMC_DN	195	104		
GSE11057_NAIVE_VS_MEMORY_CD4_TCELL_UP	195	102		
GSE11057_NAIVE_VS_MEMORY_CD4_TCELL_DN	198	166		
GSE11057_PBMC_VS_MEM_CD4_TCELL_UP	197	64		
GSE11057_PBMC_VS_MEM_CD4_TCELL_DN	197	145		
GSE11864_UNTREATED_VS_CSF1_IN_MAC_UP	196	128		
GSE11864_UNTREATED_VS_CSF1_IN_MAC_DN	197	133		
GSE11864_UNTREATED_VS_CSF1_IFNG_IN_MAC_UP	193	135		
GSE11864_UNTREATED_VS_CSF1_IFNG_IN_MAC_DN	200	136		
GSE11864_UNTREATED_VS_CSF1_PAM3CYS_IN_MAC_UP	197	147		
GSE11864_UNTREATED_VS_CSF1_PAM3CYS_IN_MAC_DN	198	134		
GSE11864_UNTREATED_VS_CSF1_IFNG_PAM3CYS_IN_MAC_UP	198	152		
GSE11864_UNTREATED_VS_CSF1_IFNG_PAM3CYS_IN_MAC_DN	199	132		
GSE11864_CSF1_VS_CSF1_IFNG_IN_MAC_UP	197	121		
GSE11864_CSF1_VS_CSF1_IFNG_IN_MAC_DN	196	124		
GSE11864_CSF1_VS_CSF1_PAM3CYS_IN_MAC_UP	196	133		
GSE11864_CSF1_VS_CSF1_PAM3CYS_IN_MAC_DN	193	124		
GSE11864_CSF1_VS_CSF1_IFNG_PAM3CYS_IN_MAC_UP	195	131		
GSE11864_CSF1_VS_CSF1_IFNG_PAM3CYS_IN_MAC_DN	197	127		
GSE11864_CSF1_IFNG_VS_CSF1_PAM3CYS_IN_MAC_UP	200	140		
GSE11864_CSF1_IFNG_VS_CSF1_PAM3CYS_IN_MAC_DN	196	115		
GSE11864_CSF1_IFNG_VS_CSF1_IFNG_PAM3CYS_IN_MAC_UP	196	149		
GSE11864_CSF1_IFNG_VS_CSF1_IFNG_PAM3CYS_IN_MAC_DN	195	120		
GSE11864_CSF1_PAM3CYS_VS_CSF1_IFNG_PAM3CYS_IN_MAC_UP	195	116		
GSE11864_CSF1_PAM3CYS_VS_CSF1_IFNG_PAM3CYS_IN_MAC_DN	193	111		
GSE11924_TFH_VS_TH1_CD4_TCELL_UP	199	174		
GSE11924_TFH_VS_TH1_CD4_TCELL_DN	200	112		
GSE11924_TFH_VS_TH2_CD4_TCELL_UP	199	173		
GSE11924_TFH_VS_TH2_CD4_TCELL_DN	200	126		
GSE11924_TFH_VS_TH17_CD4_TCELL_UP	198	171		
GSE11924_TFH_VS_TH17_CD4_TCELL_DN	200	143		
GSE11924_TH1_VS_TH2_CD4_TCELL_UP	200	136		
GSE11924_TH1_VS_TH2_CD4_TCELL_DN	199	112		
GSE11924_TH1_VS_TH17_CD4_TCELL_UP	200	87		
GSE11924_TH1_VS_TH17_CD4_TCELL_DN	199	128		
GSE11924_TH2_VS_TH17_CD4_TCELL_UP	199	104		
GSE11924_TH2_VS_TH17_CD4_TCELL_DN	200	160		
GSE12366_GC_BCELL_VS_PLASMA_CELL_UP	196	163		
GSE12366_GC_BCELL_VS_PLASMA_CELL_DN	194	118		
GSE12366_GC_VS_NAIVE_BCELL_UP	198	144		
GSE12366_GC_VS_NAIVE_BCELL_DN	196	135		
GSE12366_GC_VS_MEMORY_BCELL_UP	198	138		
GSE12366_GC_VS_MEMORY_BCELL_DN	197	141		
GSE12366_PLASMA_CELL_VS_NAIVE_BCELL_UP	194	124		
GSE12366_PLASMA_CELL_VS_NAIVE_BCELL_DN	199	152		
GSE12366_PLASMA_CELL_VS_MEMORY_BCELL_UP	192	117		
GSE12366_PLASMA_CELL_VS_MEMORY_BCELL_DN	199	157		
GSE12366_NAIVE_VS_MEMORY_BCELL_UP	194	95		
GSE12366_NAIVE_VS_MEMORY_BCELL_DN	193	130		
GSE12845_IGD_POS_VS_NEG_BLOOD_BCELL_UP	199	109		
GSE12845_IGD_POS_VS_NEG_BLOOD_BCELL_DN	196	152		
GSE12845_IGD_POS_BLOOD_VS_NAIVE_TONSIL_BCELL_UP	195	124		
GSE12845_IGD_POS_BLOOD_VS_NAIVE_TONSIL_BCELL_DN	199	161		
GSE12845_IGD_POS_BLOOD_VS_PRE_GC_TONSIL_BCELL_UP	199	119		
GSE12845_IGD_POS_BLOOD_VS_PRE_GC_TONSIL_BCELL_DN	200	162		
GSE12845_IGD_POS_BLOOD_VS_DARKZONE_GC_TONSIL_BCELL_UP	196	119		
GSE12845_IGD_POS_BLOOD_VS_DARKZONE_GC_TONSIL_BCELL_DN	199	166		
GSE12845_IGD_NEG_BLOOD_VS_NAIVE_TONSIL_BCELL_UP	198	162		
GSE12845_IGD_NEG_BLOOD_VS_NAIVE_TONSIL_BCELL_DN	197	143		
GSE12845_IGD_NEG_BLOOD_VS_PRE_GC_TONSIL_BCELL_UP	199	141		
GSE12845_IGD_NEG_BLOOD_VS_PRE_GC_TONSIL_BCELL_DN	198	150		
GSE12845_IGD_NEG_BLOOD_VS_DARKZONE_GC_TONSIL_BCELL_UP	196	135		
GSE12845_IGD_NEG_BLOOD_VS_DARKZONE_GC_TONSIL_BCELL_DN	199	166		
GSE12845_NAIVE_VS_PRE_GC_TONSIL_BCELL_UP	198	136		
GSE12845_NAIVE_VS_PRE_GC_TONSIL_BCELL_DN	200	175		
GSE12845_NAIVE_VS_DARKZONE_GC_TONSIL_BCELL_UP	197	121		
GSE12845_NAIVE_VS_DARKZONE_GC_TONSIL_BCELL_DN	200	170		
GSE12845_PRE_GC_VS_DARKZONE_GC_TONSIL_BCELL_UP	195	110		
GSE12845_PRE_GC_VS_DARKZONE_GC_TONSIL_BCELL_DN	199	155		
GSE13229_IMM_VS_MATURE_NKCELL_UP	200	111		
GSE13229_IMM_VS_MATURE_NKCELL_DN	199	139		
GSE13229_IMM_VS_INTMATURE_NKCELL_UP	200	91		
GSE13229_IMM_VS_INTMATURE_NKCELL_DN	200	157		
GSE13229_MATURE_VS_INTMATURE_NKCELL_UP	200	82		
GSE13229_MATURE_VS_INTMATURE_NKCELL_DN	198	146		
GSE13306_LAMINA_PROPRIA_VS_SPLEEN_TREG_UP	199	148		
GSE13306_LAMINA_PROPRIA_VS_SPLEEN_TREG_DN	200	100		
GSE13306_TREG_VS_TCONV_LAMINA_PROPRIA_UP	200	132		
GSE13306_TREG_VS_TCONV_LAMINA_PROPRIA_DN	200	111		
GSE13306_TREG_VS_TCONV_SPLEEN_UP	200	102		
GSE13306_TREG_VS_TCONV_SPLEEN_DN	199	141		
GSE13306_TREG_RA_VS_TCONV_RA_UP	200	120		
GSE13306_TREG_RA_VS_TCONV_RA_DN	200	84		
GSE13306_TREG_VS_TCONV_UP	198	84		
GSE13306_TREG_VS_TCONV_DN	200	154		
GSE13306_RA_VS_UNTREATED_TREG_UP	199	128		
GSE13306_RA_VS_UNTREATED_TREG_DN	200	94		
GSE13306_RA_VS_UNTREATED_TCONV_UP	200	135		
GSE13306_RA_VS_UNTREATED_TCONV_DN	200	85		
GSE13306_RA_VS_UNTREATED_MEM_CD4_TCELL_UP	200	154		
GSE13306_RA_VS_UNTREATED_MEM_CD4_TCELL_DN	200	121		
GSE13411_NAIVE_VS_IGM_MEMORY_BCELL_UP	196	92		
GSE13411_NAIVE_VS_IGM_MEMORY_BCELL_DN	198	134		
GSE13411_NAIVE_VS_SWITCHED_MEMORY_BCELL_UP	198	53		
GSE13411_NAIVE_VS_SWITCHED_MEMORY_BCELL_DN	198	138		
GSE13411_NAIVE_BCELL_VS_PLASMA_CELL_UP	196	140		
GSE13411_NAIVE_BCELL_VS_PLASMA_CELL_DN	198	105		
GSE13411_NAIVE_VS_MEMORY_BCELL_UP	192	50		
GSE13411_NAIVE_VS_MEMORY_BCELL_DN	198	146		
GSE13411_IGM_VS_SWITCHED_MEMORY_BCELL_UP	193	53		
GSE13411_IGM_VS_SWITCHED_MEMORY_BCELL_DN	198	145		
GSE13411_IGM_MEMORY_BCELL_VS_PLASMA_CELL_UP	198	142		
GSE13411_IGM_MEMORY_BCELL_VS_PLASMA_CELL_DN	197	97		
GSE13411_SWITCHED_MEMORY_BCELL_VS_PLASMA_CELL_UP	200	157		
GSE13411_SWITCHED_MEMORY_BCELL_VS_PLASMA_CELL_DN	194	88		
GSE13411_PLASMA_CELL_VS_MEMORY_BCELL_UP	196	113		
GSE13411_PLASMA_CELL_VS_MEMORY_BCELL_DN	197	155		
GSE13484_UNSTIM_VS_3H_YF17D_VACCINE_STIM_PBMC_UP	199	154		
GSE13484_UNSTIM_VS_3H_YF17D_VACCINE_STIM_PBMC_DN	200	126		
GSE13484_UNSTIM_VS_12H_YF17D_VACCINE_STIM_PBMC_UP	199	153		
GSE13484_UNSTIM_VS_12H_YF17D_VACCINE_STIM_PBMC_DN	200	135		
GSE13484_3H_UNSTIM_VS_YF17D_VACCINE_STIM_PBMC_UP	199	157		
GSE13484_3H_UNSTIM_VS_YF17D_VACCINE_STIM_PBMC_DN	198	125		
GSE13484_12H_UNSTIM_VS_YF17D_VACCINE_STIM_PBMC_UP	199	153		
GSE13484_12H_UNSTIM_VS_YF17D_VACCINE_STIM_PBMC_DN	198	105		
GSE13484_12H_VS_3H_YF17D_VACCINE_STIM_PBMC_UP	200	139		
GSE13484_12H_VS_3H_YF17D_VACCINE_STIM_PBMC_DN	200	137		
GSE13484_UNSTIM_VS_YF17D_VACCINE_STIM_PBMC_UP	200	173		
GSE13484_UNSTIM_VS_YF17D_VACCINE_STIM_PBMC_DN	200	124		
GSE13485_CTRL_VS_DAY1_YF17D_VACCINE_PBMC_UP	196	157		
GSE13485_CTRL_VS_DAY1_YF17D_VACCINE_PBMC_DN	182	22		
GSE13485_CTRL_VS_DAY3_YF17D_VACCINE_PBMC_UP	189	67		
GSE13485_CTRL_VS_DAY3_YF17D_VACCINE_PBMC_DN	199	118		
GSE13485_CTRL_VS_DAY7_YF17D_VACCINE_PBMC_UP	185	90		
GSE13485_CTRL_VS_DAY7_YF17D_VACCINE_PBMC_DN	200	125		
GSE13485_CTRL_VS_DAY21_YF17D_VACCINE_PBMC_UP	190	156		
GSE13485_CTRL_VS_DAY21_YF17D_VACCINE_PBMC_DN	186	35		
GSE13485_DAY1_VS_DAY3_YF17D_VACCINE_PBMC_UP	185	24		
GSE13485_DAY1_VS_DAY3_YF17D_VACCINE_PBMC_DN	199	143		
GSE13485_DAY1_VS_DAY7_YF17D_VACCINE_PBMC_UP	184	26		
GSE13485_DAY1_VS_DAY7_YF17D_VACCINE_PBMC_DN	198	135		
GSE13485_DAY1_VS_DAY21_YF17D_VACCINE_PBMC_UP	191	129		
GSE13485_DAY1_VS_DAY21_YF17D_VACCINE_PBMC_DN	196	148		
GSE13485_DAY3_VS_DAY7_YF17D_VACCINE_PBMC_UP	187	88		
GSE13485_DAY3_VS_DAY7_YF17D_VACCINE_PBMC_DN	198	105		
GSE13485_DAY3_VS_DAY21_YF17D_VACCINE_PBMC_UP	193	143		
GSE13485_DAY3_VS_DAY21_YF17D_VACCINE_PBMC_DN	189	21		
GSE13485_DAY7_VS_DAY21_YF17D_VACCINE_PBMC_UP	197	129		
GSE13485_DAY7_VS_DAY21_YF17D_VACCINE_PBMC_DN	190	30		
GSE13485_PRE_VS_POST_YF17D_VACCINATION_PBMC_UP	191	77		
GSE13485_PRE_VS_POST_YF17D_VACCINATION_PBMC_DN	198	137		
GSE13493_DP_VS_CD4INTCD8POS_THYMOCYTE_UP	199	142		
GSE13493_DP_VS_CD4INTCD8POS_THYMOCYTE_DN	199	147		
GSE13493_DP_VS_CD8POS_THYMOCYTE_UP	199	135		
GSE13493_DP_VS_CD8POS_THYMOCYTE_DN	200	144		
GSE13493_CD4INTCD8POS_VS_CD8POS_THYMOCYTE_UP	200	142		
GSE13493_CD4INTCD8POS_VS_CD8POS_THYMOCYTE_DN	197	119		
GSE13738_RESTING_VS_TCR_ACTIVATED_CD4_TCELL_UP	195	109		
GSE13738_RESTING_VS_TCR_ACTIVATED_CD4_TCELL_DN	200	156		
GSE13738_RESTING_VS_BYSTANDER_ACTIVATED_CD4_TCELL_UP	192	101		
GSE13738_RESTING_VS_BYSTANDER_ACTIVATED_CD4_TCELL_DN	198	162		
GSE13738_TCR_VS_BYSTANDER_ACTIVATED_CD4_TCELL_UP	198	132		
GSE13738_TCR_VS_BYSTANDER_ACTIVATED_CD4_TCELL_DN	198	133		
GSE14000_TRANSLATED_RNA_VS_MRNA_DC_UP	200	169		
GSE14000_TRANSLATED_RNA_VS_MRNA_DC_DN	194	120		
GSE14000_TRANSLATED_RNA_VS_MRNA_4H_LPS_DC_UP	199	168		
GSE14000_TRANSLATED_RNA_VS_MRNA_4H_LPS_DC_DN	194	115		
GSE14000_TRANSLATED_RNA_VS_MRNA_16H_LPS_DC_UP	188	76		
GSE14000_TRANSLATED_RNA_VS_MRNA_16H_LPS_DC_DN	195	129		
GSE14000_UNSTIM_VS_4H_LPS_DC_TRANSLATED_RNA_UP	198	166		
GSE14000_UNSTIM_VS_4H_LPS_DC_TRANSLATED_RNA_DN	197	112		
GSE14000_UNSTIM_VS_16H_LPS_DC_TRANSLATED_RNA_UP	197	161		
GSE14000_UNSTIM_VS_16H_LPS_DC_TRANSLATED_RNA_DN	197	121		
GSE14000_UNSTIM_VS_4H_LPS_DC_UP	196	156		
GSE14000_UNSTIM_VS_4H_LPS_DC_DN	198	118		
GSE14000_UNSTIM_VS_16H_LPS_DC_UP	197	145		
GSE14000_UNSTIM_VS_16H_LPS_DC_DN	200	140		
GSE14000_4H_VS_16H_LPS_DC_TRANSLATED_RNA_UP	196	142		
GSE14000_4H_VS_16H_LPS_DC_TRANSLATED_RNA_DN	198	141		
GSE14000_4H_VS_16H_LPS_DC_UP	197	137		
GSE14000_4H_VS_16H_LPS_DC_DN	200	139		
GSE14026_TH1_VS_TH17_UP	200	77		
GSE14026_TH1_VS_TH17_DN	200	113		
GSE14308_TH2_VS_TH1_UP	199	154		
GSE14308_TH2_VS_TH1_DN	200	146		
GSE14308_TH2_VS_TH17_UP	200	158		
GSE14308_TH2_VS_TH17_DN	199	163		
GSE14308_TH2_VS_NAIVE_CD4_TCELL_UP	200	148		
GSE14308_TH2_VS_NAIVE_CD4_TCELL_DN	200	140		
GSE14308_TH2_VS_INDUCED_TREG_UP	197	149		
GSE14308_TH2_VS_INDUCED_TREG_DN	200	151		
GSE14308_TH2_VS_NATURAL_TREG_UP	199	138		
GSE14308_TH2_VS_NATURAL_TREG_DN	199	149		
GSE14308_TH1_VS_TH17_UP	200	143		
GSE14308_TH1_VS_TH17_DN	200	159		
GSE14308_TH1_VS_NAIVE_CD4_TCELL_UP	200	162		
GSE14308_TH1_VS_NAIVE_CD4_TCELL_DN	200	136		
GSE14308_TH1_VS_INDUCED_TREG_UP	200	160		
GSE14308_TH1_VS_INDUCED_TREG_DN	200	146		
GSE14308_TH1_VS_NATURAL_TREG_UP	200	145		
GSE14308_TH1_VS_NATURAL_TREG_DN	199	159		
GSE14308_TH17_VS_NAIVE_CD4_TCELL_UP	200	163		
GSE14308_TH17_VS_NAIVE_CD4_TCELL_DN	199	142		
GSE14308_TH17_VS_INDUCED_TREG_UP	200	161		
GSE14308_TH17_VS_INDUCED_TREG_DN	200	140		
GSE14308_TH17_VS_NATURAL_TREG_UP	200	151		
GSE14308_TH17_VS_NATURAL_TREG_DN	200	149		
GSE14308_NAIVE_CD4_TCELL_VS_INDUCED_TREG_UP	199	153		
GSE14308_NAIVE_CD4_TCELL_VS_INDUCED_TREG_DN	200	151		
GSE14308_NAIVE_CD4_TCELL_VS_NATURAL_TREG_UP	199	122		
GSE14308_NAIVE_CD4_TCELL_VS_NATURAL_TREG_DN	200	162		
GSE14308_INDUCED_VS_NATURAL_TREG_UP	200	130		
GSE14308_INDUCED_VS_NATURAL_TREG_DN	200	161		
GSE1432_CTRL_VS_IFNG_1H_MICROGLIA_UP	194	122		
GSE1432_CTRL_VS_IFNG_1H_MICROGLIA_DN	198	119		
GSE1432_CTRL_VS_IFNG_6H_MICROGLIA_UP	200	154		
GSE1432_CTRL_VS_IFNG_6H_MICROGLIA_DN	200	130		
GSE1432_CTRL_VS_IFNG_24H_MICROGLIA_UP	200	130		
GSE1432_CTRL_VS_IFNG_24H_MICROGLIA_DN	200	126		
GSE1432_1H_VS_6H_IFNG_MICROGLIA_UP	200	144		
GSE1432_1H_VS_6H_IFNG_MICROGLIA_DN	200	136		
GSE1432_1H_VS_24H_IFNG_MICROGLIA_UP	200	136		
GSE1432_1H_VS_24H_IFNG_MICROGLIA_DN	200	132		
GSE1432_6H_VS_24H_IFNG_MICROGLIA_UP	200	135		
GSE1432_6H_VS_24H_IFNG_MICROGLIA_DN	200	152		
GSE14350_TREG_VS_TEFF_UP	199	182		
GSE14350_TREG_VS_TEFF_DN	200	75		
GSE14350_TREG_VS_TEFF_IN_IL2RB_KO_UP	200	172		
GSE14350_TREG_VS_TEFF_IN_IL2RB_KO_DN	199	103		
GSE14350_IL2RB_KO_VS_WT_TREG_UP	199	151		
GSE14350_IL2RB_KO_VS_WT_TREG_DN	200	136		
GSE14350_IL2RB_KO_VS_WT_TEFF_UP	200	158		
GSE14350_IL2RB_KO_VS_WT_TEFF_DN	200	141		
GSE1448_CTRL_VS_ANTI_VALPHA2_DP_THYMOCYTE_UP	200	133		
GSE1448_CTRL_VS_ANTI_VALPHA2_DP_THYMOCYTE_DN	200	121		
GSE1448_CTRL_VS_ANTI_VBETA5_DP_THYMOCYTE_UP	200	157		
GSE1448_CTRL_VS_ANTI_VBETA5_DP_THYMOCYTE_DN	200	146		
GSE1448_ANTI_VALPHA2_VS_VBETA5_DP_THYMOCYTE_UP	200	152		
GSE1448_ANTI_VALPHA2_VS_VBETA5_DP_THYMOCYTE_DN	200	123		
GSE1460_INTRATHYMIC_T_PROGENITOR_VS_DP_THYMOCYTE_UP	197	103		
GSE1460_INTRATHYMIC_T_PROGENITOR_VS_DP_THYMOCYTE_DN	197	125		
GSE1460_INTRATHYMIC_T_PROGENITOR_VS_CD4_THYMOCYTE_UP	199	137		
GSE1460_INTRATHYMIC_T_PROGENITOR_VS_CD4_THYMOCYTE_DN	199	140		
GSE1460_INTRATHYMIC_T_PROGENITOR_VS_NAIVE_CD4_TCELL_CORD_BLOOD_UP	199	165		
GSE1460_INTRATHYMIC_T_PROGENITOR_VS_NAIVE_CD4_TCELL_CORD_BLOOD_DN	199	101		
GSE1460_INTRATHYMIC_T_PROGENITOR_VS_NAIVE_CD4_TCELL_ADULT_BLOOD_UP	199	167		
GSE1460_INTRATHYMIC_T_PROGENITOR_VS_NAIVE_CD4_TCELL_ADULT_BLOOD_DN	197	121		
GSE1460_INTRATHYMIC_T_PROGENITOR_VS_THYMIC_STROMAL_CELL_UP	198	139		
GSE1460_INTRATHYMIC_T_PROGENITOR_VS_THYMIC_STROMAL_CELL_DN	200	102		
GSE1460_DP_VS_CD4_THYMOCYTE_UP	200	141		
GSE1460_DP_VS_CD4_THYMOCYTE_DN	200	123		
GSE1460_DP_THYMOCYTE_VS_NAIVE_CD4_TCELL_CORD_BLOOD_UP	200	154		
GSE1460_DP_THYMOCYTE_VS_NAIVE_CD4_TCELL_CORD_BLOOD_DN	198	85		
GSE1460_DP_THYMOCYTE_VS_NAIVE_CD4_TCELL_ADULT_BLOOD_UP	200	153		
GSE1460_DP_THYMOCYTE_VS_NAIVE_CD4_TCELL_ADULT_BLOOD_DN	197	138		
GSE1460_DP_THYMOCYTE_VS_THYMIC_STROMAL_CELL_UP	195	124		
GSE1460_DP_THYMOCYTE_VS_THYMIC_STROMAL_CELL_DN	200	139		
GSE1460_CD4_THYMOCYTE_VS_NAIVE_CD4_TCELL_CORD_BLOOD_UP	200	175		
GSE1460_CD4_THYMOCYTE_VS_NAIVE_CD4_TCELL_CORD_BLOOD_DN	197	105		
GSE1460_CD4_THYMOCYTE_VS_NAIVE_CD4_TCELL_ADULT_BLOOD_UP	199	146		
GSE1460_CD4_THYMOCYTE_VS_NAIVE_CD4_TCELL_ADULT_BLOOD_DN	200	128		
GSE1460_CD4_THYMOCYTE_VS_THYMIC_STROMAL_CELL_UP	198	134		
GSE1460_CD4_THYMOCYTE_VS_THYMIC_STROMAL_CELL_DN	199	115		
GSE1460_CORD_VS_ADULT_BLOOD_NAIVE_CD4_TCELL_UP	196	121		
GSE1460_CORD_VS_ADULT_BLOOD_NAIVE_CD4_TCELL_DN	199	151		
GSE1460_NAIVE_CD4_TCELL_CORD_BLOOD_VS_THYMIC_STROMAL_CELL_UP	193	106		
GSE1460_NAIVE_CD4_TCELL_CORD_BLOOD_VS_THYMIC_STROMAL_CELL_DN	199	145		
GSE1460_NAIVE_CD4_TCELL_ADULT_BLOOD_VS_THYMIC_STROMAL_CELL_UP	193	129		
GSE1460_NAIVE_CD4_TCELL_ADULT_BLOOD_VS_THYMIC_STROMAL_CELL_DN	200	128		
GSE14769_UNSTIM_VS_20MIN_LPS_BMDM_UP	199	58		
GSE14769_UNSTIM_VS_20MIN_LPS_BMDM_DN	200	129		
GSE14769_UNSTIM_VS_40MIN_LPS_BMDM_UP	199	93		
GSE14769_UNSTIM_VS_40MIN_LPS_BMDM_DN	200	154		
GSE14769_UNSTIM_VS_60MIN_LPS_BMDM_UP	200	148		
GSE14769_UNSTIM_VS_60MIN_LPS_BMDM_DN	200	149		
GSE14769_UNSTIM_VS_80MIN_LPS_BMDM_UP	200	161		
GSE14769_UNSTIM_VS_80MIN_LPS_BMDM_DN	199	140		
GSE14769_UNSTIM_VS_120MIN_LPS_BMDM_UP	199	155		
GSE14769_UNSTIM_VS_120MIN_LPS_BMDM_DN	200	142		
GSE14769_UNSTIM_VS_240MIN_LPS_BMDM_UP	200	160		
GSE14769_UNSTIM_VS_240MIN_LPS_BMDM_DN	200	151		
GSE14769_UNSTIM_VS_360MIN_LPS_BMDM_UP	200	164		
GSE14769_UNSTIM_VS_360MIN_LPS_BMDM_DN	200	132		
GSE14769_20MIN_VS_360MIN_LPS_BMDM_UP	200	164		
GSE14769_20MIN_VS_360MIN_LPS_BMDM_DN	200	132		
GSE14769_40MIN_VS_360MIN_LPS_BMDM_UP	200	169		
GSE14769_40MIN_VS_360MIN_LPS_BMDM_DN	199	149		
GSE15215_CD2_POS_VS_NEG_PDC_UP	196	104		
GSE15215_CD2_POS_VS_NEG_PDC_DN	200	166		
GSE15324_NAIVE_VS_ACTIVATED_CD8_TCELL_UP	200	116		
GSE15324_NAIVE_VS_ACTIVATED_CD8_TCELL_DN	200	134		
GSE15324_NAIVE_VS_ACTIVATED_ELF4_KO_CD8_TCELL_UP	200	150		
GSE15324_NAIVE_VS_ACTIVATED_ELF4_KO_CD8_TCELL_DN	200	154		
GSE15324_ELF4_KO_VS_WT_NAIVE_CD8_TCELL_UP	200	123		
GSE15324_ELF4_KO_VS_WT_NAIVE_CD8_TCELL_DN	198	74		
GSE15324_ELF4_KO_VS_WT_ACTIVATED_CD8_TCELL_UP	200	158		
GSE15324_ELF4_KO_VS_WT_ACTIVATED_CD8_TCELL_DN	199	126		
GSE15659_TREG_VS_TCONV_UP	193	72		
GSE15659_TREG_VS_TCONV_DN	186	64		
GSE15659_NAIVE_VS_PTPRC_NEG_CD4_TCELL_UP	193	86		
GSE15659_NAIVE_VS_PTPRC_NEG_CD4_TCELL_DN	200	92		
GSE15659_NAIVE_CD4_TCELL_VS_RESTING_TREG_UP	194	106		
GSE15659_NAIVE_CD4_TCELL_VS_RESTING_TREG_DN	198	85		
GSE15659_NAIVE_CD4_TCELL_VS_NONSUPPRESSIVE_TCELL_UP	196	93		
GSE15659_NAIVE_CD4_TCELL_VS_NONSUPPRESSIVE_TCELL_DN	200	98		
GSE15659_NAIVE_CD4_TCELL_VS_ACTIVATED_TREG_UP	193	81		
GSE15659_NAIVE_CD4_TCELL_VS_ACTIVATED_TREG_DN	198	99		
GSE15659_CD45RA_NEG_CD4_TCELL_VS_RESTING_TREG_UP	195	94		
GSE15659_CD45RA_NEG_CD4_TCELL_VS_RESTING_TREG_DN	198	93		
GSE15659_CD45RA_NEG_CD4_TCELL_VS_NONSUPPRESSIVE_TCELL_UP	196	88		
GSE15659_CD45RA_NEG_CD4_TCELL_VS_NONSUPPRESSIVE_TCELL_DN	199	104		
GSE15659_CD45RA_NEG_CD4_TCELL_VS_ACTIVATED_TREG_UP	196	79		
GSE15659_CD45RA_NEG_CD4_TCELL_VS_ACTIVATED_TREG_DN	198	109		
GSE15659_RESTING_TREG_VS_NONSUPPRESSIVE_TCELL_UP	195	79		
GSE15659_RESTING_TREG_VS_NONSUPPRESSIVE_TCELL_DN	199	111		
GSE15659_RESTING_VS_ACTIVATED_TREG_UP	191	71		
GSE15659_RESTING_VS_ACTIVATED_TREG_DN	198	115		
GSE15659_NONSUPPRESSIVE_TCELL_VS_ACTIVATED_TREG_UP	194	73		
GSE15659_NONSUPPRESSIVE_TCELL_VS_ACTIVATED_TREG_DN	197	110		
GSE15733_BM_VS_SPLEEN_MEMORY_CD4_TCELL_UP	200	68		
GSE15733_BM_VS_SPLEEN_MEMORY_CD4_TCELL_DN	199	180		
GSE15750_WT_VS_TRAF6KO_DAY6_EFF_CD8_TCELL_UP	200	128		
GSE15750_WT_VS_TRAF6KO_DAY6_EFF_CD8_TCELL_DN	200	83		
GSE15750_WT_VS_TRAF6KO_DAY10_EFF_CD8_TCELL_UP	200	149		
GSE15750_WT_VS_TRAF6KO_DAY10_EFF_CD8_TCELL_DN	200	48		
GSE15750_DAY6_VS_DAY10_EFF_CD8_TCELL_UP	200	170		
GSE15750_DAY6_VS_DAY10_EFF_CD8_TCELL_DN	200	158		
GSE15750_DAY6_VS_DAY10_TRAF6KO_EFF_CD8_TCELL_UP	200	178		
GSE15750_DAY6_VS_DAY10_TRAF6KO_EFF_CD8_TCELL_DN	199	158		
GSE15767_MED_VS_SCS_MAC_LN_UP	200	93		
GSE15767_MED_VS_SCS_MAC_LN_DN	199	164		
GSE15930_NAIVE_VS_24H_IN_VITRO_STIM_CD8_TCELL_UP	200	136		
GSE15930_NAIVE_VS_24H_IN_VITRO_STIM_CD8_TCELL_DN	199	187		
GSE15930_NAIVE_VS_24H_IN_VITRO_STIM_IL12_CD8_TCELL_UP	200	145		
GSE15930_NAIVE_VS_24H_IN_VITRO_STIM_IL12_CD8_TCELL_DN	199	185		
GSE15930_NAIVE_VS_24H_IN_VITRO_STIM_INFAB_CD8_TCELL_UP	200	140		
GSE15930_NAIVE_VS_24H_IN_VITRO_STIM_INFAB_CD8_TCELL_DN	199	186		
GSE15930_NAIVE_VS_48H_IN_VITRO_STIM_CD8_TCELL_UP	198	118		
GSE15930_NAIVE_VS_48H_IN_VITRO_STIM_CD8_TCELL_DN	200	189		
GSE15930_NAIVE_VS_48H_IN_VITRO_STIM_IL12_CD8_TCELL_UP	199	133		
GSE15930_NAIVE_VS_48H_IN_VITRO_STIM_IL12_CD8_TCELL_DN	200	181		
GSE15930_NAIVE_VS_48H_IN_VITRO_STIM_IFNAB_CD8_TCELL_UP	198	123		
GSE15930_NAIVE_VS_48H_IN_VITRO_STIM_IFNAB_CD8_TCELL_DN	200	183		
GSE15930_NAIVE_VS_72H_IN_VITRO_STIM_CD8_TCELL_UP	200	132		
GSE15930_NAIVE_VS_72H_IN_VITRO_STIM_CD8_TCELL_DN	200	178		
GSE15930_NAIVE_VS_72H_IN_VITRO_STIM_IL12_CD8_TCELL_UP	200	144		
GSE15930_NAIVE_VS_72H_IN_VITRO_STIM_IL12_CD8_TCELL_DN	200	172		
GSE15930_NAIVE_VS_72H_IN_VITRO_STIM_IFNAB_CD8_TCELL_UP	200	133		
GSE15930_NAIVE_VS_72H_IN_VITRO_STIM_IFNAB_CD8_TCELL_DN	200	176		
GSE15930_NAIVE_VS_72H_IN_VITRO_STIM_TRICHOSTATINA_CD8_TCELL_UP	200	145		
GSE15930_NAIVE_VS_72H_IN_VITRO_STIM_TRICHOSTATINA_CD8_TCELL_DN	199	177		
GSE15930_STIM_VS_STIM_AND_IL12_24H_CD8_T_CELL_UP	200	150		
GSE15930_STIM_VS_STIM_AND_IL12_24H_CD8_T_CELL_DN	199	92		
GSE15930_STIM_VS_STIM_AND_IFNAB_24H_CD8_T_CELL_UP	200	133		
GSE15930_STIM_VS_STIM_AND_IFNAB_24H_CD8_T_CELL_DN	199	111		
GSE15930_STIM_VS_STIM_AND_TRICHOSTATINA_24H_CD8_T_CELL_UP	199	89		
GSE15930_STIM_VS_STIM_AND_TRICHOSTATINA_24H_CD8_T_CELL_DN	200	147		
GSE15930_STIM_VS_STIM_AND_IL12_48H_CD8_T_CELL_UP	200	171		
GSE15930_STIM_VS_STIM_AND_IL12_48H_CD8_T_CELL_DN	200	154		
GSE15930_STIM_VS_STIM_AND_IFNAB_48H_CD8_T_CELL_UP	200	176		
GSE15930_STIM_VS_STIM_AND_IFNAB_48H_CD8_T_CELL_DN	200	152		
GSE15930_STIM_VS_STIM_AND_TRICHOSTATINA_48H_CD8_T_CELL_UP	200	165		
GSE15930_STIM_VS_STIM_AND_TRICHOSTATINA_48H_CD8_T_CELL_DN	200	164		
GSE15930_STIM_VS_STIM_AND_IL12_72H_CD8_T_CELL_UP	199	150		
GSE15930_STIM_VS_STIM_AND_IL12_72H_CD8_T_CELL_DN	200	96		
GSE15930_STIM_VS_STIM_AND_IFNAB_72H_CD8_T_CELL_UP	199	89		
GSE15930_STIM_VS_STIM_AND_IFNAB_72H_CD8_T_CELL_DN	200	160		
GSE15930_STIM_VS_STIM_AND_TRICHOSTATINA_72H_CD8_T_CELL_UP	200	155		
GSE15930_STIM_VS_STIM_AND_TRICHOSTATINA_72H_CD8_T_CELL_DN	199	106		
GSE16522_MEMORY_VS_NAIVE_CD8_TCELL_UP	200	162		
GSE16522_MEMORY_VS_NAIVE_CD8_TCELL_DN	200	123		
GSE16522_MEMORY_VS_NAIVE_ANTI_CD3CD28_STIM_CD8_TCELL_UP	199	158		
GSE16522_MEMORY_VS_NAIVE_ANTI_CD3CD28_STIM_CD8_TCELL_DN	200	158		
GSE16522_ANTI_CD3CD28_STIM_VS_UNSTIM_MEMORY_CD8_TCELL_UP	200	132		
GSE16522_ANTI_CD3CD28_STIM_VS_UNSTIM_MEMORY_CD8_TCELL_DN	200	174		
GSE16522_ANTI_CD3CD28_STIM_VS_UNSTIM_NAIVE_CD8_TCELL_UP	200	118		
GSE16522_ANTI_CD3CD28_STIM_VS_UNSTIM_NAIVE_CD8_TCELL_DN	198	172		
GSE16755_CTRL_VS_IFNA_TREATED_MAC_UP	195	162		
GSE16755_CTRL_VS_IFNA_TREATED_MAC_DN	199	130		
GSE17580_TREG_VS_TEFF_UP	200	151		
GSE17580_TREG_VS_TEFF_DN	200	157		
GSE17580_TREG_VS_TEFF_S_MANSONI_INF_UP	200	161		
GSE17580_TREG_VS_TEFF_S_MANSONI_INF_DN	200	160		
GSE17580_UNINFECTED_VS_S_MANSONI_INF_TEFF_UP	200	146		
GSE17580_UNINFECTED_VS_S_MANSONI_INF_TEFF_DN	200	141		
GSE17580_UNINFECTED_VS_S_MANSONI_INF_TREG_UP	199	152		
GSE17580_UNINFECTED_VS_S_MANSONI_INF_TREG_DN	200	156		
GSE17721_CTRL_VS_LPS_0.5H_BMDC_UP	200	126		
GSE17721_CTRL_VS_LPS_0.5H_BMDC_DN	200	117		
GSE17721_CTRL_VS_LPS_1H_BMDC_UP	200	151		
GSE17721_CTRL_VS_LPS_1H_BMDC_DN	199	104		
GSE17721_CTRL_VS_LPS_2H_BMDC_UP	200	163		
GSE17721_CTRL_VS_LPS_2H_BMDC_DN	200	116		
GSE17721_CTRL_VS_LPS_4H_BMDC_UP	200	171		
GSE17721_CTRL_VS_LPS_4H_BMDC_DN	200	104		
GSE17721_CTRL_VS_LPS_6H_BMDC_UP	200	168		
GSE17721_CTRL_VS_LPS_6H_BMDC_DN	199	116		
GSE17721_CTRL_VS_LPS_8H_BMDC_UP	200	161		
GSE17721_CTRL_VS_LPS_8H_BMDC_DN	199	121		
GSE17721_CTRL_VS_LPS_12H_BMDC_UP	199	148		
GSE17721_CTRL_VS_LPS_12H_BMDC_DN	199	133		
GSE17721_CTRL_VS_LPS_24H_BMDC_UP	199	141		
GSE17721_CTRL_VS_LPS_24H_BMDC_DN	200	159		
GSE17721_CTRL_VS_POLYIC_0.5H_BMDC_UP	200	135		
GSE17721_CTRL_VS_POLYIC_0.5H_BMDC_DN	199	107		
GSE17721_CTRL_VS_POLYIC_1H_BMDC_UP	200	145		
GSE17721_CTRL_VS_POLYIC_1H_BMDC_DN	199	103		
GSE17721_CTRL_VS_POLYIC_2H_BMDC_UP	199	137		
GSE17721_CTRL_VS_POLYIC_2H_BMDC_DN	200	119		
GSE17721_CTRL_VS_POLYIC_4H_BMDC_UP	200	166		
GSE17721_CTRL_VS_POLYIC_4H_BMDC_DN	200	118		
GSE17721_CTRL_VS_POLYIC_6H_BMDC_UP	198	161		
GSE17721_CTRL_VS_POLYIC_6H_BMDC_DN	199	127		
GSE17721_CTRL_VS_POLYIC_8H_BMDC_UP	199	166		
GSE17721_CTRL_VS_POLYIC_8H_BMDC_DN	199	119		
GSE17721_CTRL_VS_POLYIC_12H_BMDC_UP	200	171		
GSE17721_CTRL_VS_POLYIC_12H_BMDC_DN	200	120		
GSE17721_CTRL_VS_POLYIC_24H_BMDC_UP	199	148		
GSE17721_CTRL_VS_POLYIC_24H_BMDC_DN	200	130		
GSE17721_CTRL_VS_PAM3CSK4_0.5H_BMDC_UP	200	144		
GSE17721_CTRL_VS_PAM3CSK4_0.5H_BMDC_DN	200	109		
GSE17721_CTRL_VS_PAM3CSK4_1H_BMDC_UP	199	164		
GSE17721_CTRL_VS_PAM3CSK4_1H_BMDC_DN	199	107		
GSE17721_CTRL_VS_PAM3CSK4_2H_BMDC_UP	199	157		
GSE17721_CTRL_VS_PAM3CSK4_2H_BMDC_DN	200	98		
GSE17721_CTRL_VS_PAM3CSK4_4H_BMDC_UP	200	150		
GSE17721_CTRL_VS_PAM3CSK4_4H_BMDC_DN	199	114		
GSE17721_CTRL_VS_PAM3CSK4_6H_BMDC_UP	200	158		
GSE17721_CTRL_VS_PAM3CSK4_6H_BMDC_DN	200	134		
GSE17721_CTRL_VS_PAM3CSK4_8H_BMDC_UP	200	166		
GSE17721_CTRL_VS_PAM3CSK4_8H_BMDC_DN	200	130		
GSE17721_CTRL_VS_PAM3CSK4_12H_BMDC_UP	200	159		
GSE17721_CTRL_VS_PAM3CSK4_12H_BMDC_DN	199	126		
GSE17721_CTRL_VS_PAM3CSK4_24H_BMDC_UP	200	153		
GSE17721_CTRL_VS_PAM3CSK4_24H_BMDC_DN	200	135		
GSE17721_CTRL_VS_CPG_0.5H_BMDC_UP	199	151		
GSE17721_CTRL_VS_CPG_0.5H_BMDC_DN	200	106		
GSE17721_CTRL_VS_CPG_1H_BMDC_UP	200	167		
GSE17721_CTRL_VS_CPG_1H_BMDC_DN	200	88		
GSE17721_CTRL_VS_CPG_2H_BMDC_UP	200	156		
GSE17721_CTRL_VS_CPG_2H_BMDC_DN	200	101		
GSE17721_CTRL_VS_CPG_4H_BMDC_UP	200	161		
GSE17721_CTRL_VS_CPG_4H_BMDC_DN	200	125		
GSE17721_CTRL_VS_CPG_6H_BMDC_UP	200	161		
GSE17721_CTRL_VS_CPG_6H_BMDC_DN	200	130		
GSE17721_CTRL_VS_CPG_8H_BMDC_UP	200	156		
GSE17721_CTRL_VS_CPG_8H_BMDC_DN	200	132		
GSE17721_CTRL_VS_CPG_12H_BMDC_UP	200	155		
GSE17721_CTRL_VS_CPG_12H_BMDC_DN	199	128		
GSE17721_CTRL_VS_CPG_24H_BMDC_UP	200	109		
GSE17721_CTRL_VS_CPG_24H_BMDC_DN	199	131		
GSE17721_CTRL_VS_GARDIQUIMOD_0.5H_BMDC_UP	200	162		
GSE17721_CTRL_VS_GARDIQUIMOD_0.5H_BMDC_DN	199	136		
GSE17721_CTRL_VS_GARDIQUIMOD_1H_BMDC_UP	200	130		
GSE17721_CTRL_VS_GARDIQUIMOD_1H_BMDC_DN	200	119		
GSE17721_CTRL_VS_GARDIQUIMOD_2H_BMDC_UP	200	134		
GSE17721_CTRL_VS_GARDIQUIMOD_2H_BMDC_DN	200	129		
GSE17721_CTRL_VS_GARDIQUIMOD_4H_BMDC_UP	200	162		
GSE17721_CTRL_VS_GARDIQUIMOD_4H_BMDC_DN	200	105		
GSE17721_CTRL_VS_GARDIQUIMOD_6H_BMDC_UP	200	158		
GSE17721_CTRL_VS_GARDIQUIMOD_6H_BMDC_DN	199	140		
GSE17721_CTRL_VS_GARDIQUIMOD_8H_BMDC_UP	200	161		
GSE17721_CTRL_VS_GARDIQUIMOD_8H_BMDC_DN	200	142		
GSE17721_CTRL_VS_GARDIQUIMOD_12H_BMDC_UP	200	151		
GSE17721_CTRL_VS_GARDIQUIMOD_12H_BMDC_DN	198	129		
GSE17721_CTRL_VS_GARDIQUIMOD_24H_BMDC_UP	200	142		
GSE17721_CTRL_VS_GARDIQUIMOD_24H_BMDC_DN	199	147		
GSE17721_LPS_VS_POLYIC_0.5H_BMDC_UP	200	127		
GSE17721_LPS_VS_POLYIC_0.5H_BMDC_DN	199	106		
GSE17721_LPS_VS_POLYIC_1H_BMDC_UP	200	115		
GSE17721_LPS_VS_POLYIC_1H_BMDC_DN	199	138		
GSE17721_LPS_VS_POLYIC_2H_BMDC_UP	200	128		
GSE17721_LPS_VS_POLYIC_2H_BMDC_DN	200	169		
GSE17721_LPS_VS_POLYIC_4H_BMDC_UP	200	131		
GSE17721_LPS_VS_POLYIC_4H_BMDC_DN	199	157		
GSE17721_LPS_VS_POLYIC_6H_BMDC_UP	200	146		
GSE17721_LPS_VS_POLYIC_6H_BMDC_DN	199	161		
GSE17721_LPS_VS_POLYIC_8H_BMDC_UP	200	156		
GSE17721_LPS_VS_POLYIC_8H_BMDC_DN	199	147		
GSE17721_LPS_VS_POLYIC_12H_BMDC_UP	200	164		
GSE17721_LPS_VS_POLYIC_12H_BMDC_DN	200	143		
GSE17721_LPS_VS_POLYIC_16H_BMDC_UP	200	154		
GSE17721_LPS_VS_POLYIC_16H_BMDC_DN	200	143		
GSE17721_LPS_VS_POLYIC_24H_BMDC_UP	199	159		
GSE17721_LPS_VS_POLYIC_24H_BMDC_DN	199	136		
GSE17721_POLYIC_VS_PAM3CSK4_0.5H_BMDC_UP	200	97		
GSE17721_POLYIC_VS_PAM3CSK4_0.5H_BMDC_DN	200	139		
GSE17721_POLYIC_VS_PAM3CSK4_1H_BMDC_UP	199	165		
GSE17721_POLYIC_VS_PAM3CSK4_1H_BMDC_DN	200	119		
GSE17721_POLYIC_VS_PAM3CSK4_2H_BMDC_UP	200	165		
GSE17721_POLYIC_VS_PAM3CSK4_2H_BMDC_DN	200	108		
GSE17721_POLYIC_VS_PAM3CSK4_4H_BMDC_UP	200	156		
GSE17721_POLYIC_VS_PAM3CSK4_4H_BMDC_DN	200	157		
GSE17721_POLYIC_VS_PAM3CSK4_6H_BMDC_UP	200	136		
GSE17721_POLYIC_VS_PAM3CSK4_6H_BMDC_DN	199	165		
GSE17721_POLYIC_VS_PAM3CSK4_8H_BMDC_UP	200	147		
GSE17721_POLYIC_VS_PAM3CSK4_8H_BMDC_DN	200	156		
GSE17721_POLYIC_VS_PAM3CSK4_12H_BMDC_UP	200	143		
GSE17721_POLYIC_VS_PAM3CSK4_12H_BMDC_DN	200	164		
GSE17721_POLYIC_VS_PAM3CSK4_16H_BMDC_UP	200	154		
GSE17721_POLYIC_VS_PAM3CSK4_16H_BMDC_DN	199	156		
GSE17721_POLYIC_VS_PAM3CSK4_24H_BMDC_UP	199	150		
GSE17721_POLYIC_VS_PAM3CSK4_24H_BMDC_DN	199	158		
GSE17721_PAM3CSK4_VS_CPG_0.5H_BMDC_UP	200	129		
GSE17721_PAM3CSK4_VS_CPG_0.5H_BMDC_DN	200	127		
GSE17721_PAM3CSK4_VS_CPG_1H_BMDC_UP	200	131		
GSE17721_PAM3CSK4_VS_CPG_1H_BMDC_DN	199	138		
GSE17721_PAM3CSK4_VS_CPG_2H_BMDC_UP	199	104		
GSE17721_PAM3CSK4_VS_CPG_2H_BMDC_DN	200	118		
GSE17721_PAM3CSK4_VS_CPG_4H_BMDC_UP	200	151		
GSE17721_PAM3CSK4_VS_CPG_4H_BMDC_DN	200	121		
GSE17721_PAM3CSK4_VS_CPG_6H_BMDC_UP	200	157		
GSE17721_PAM3CSK4_VS_CPG_6H_BMDC_DN	200	135		
GSE17721_PAM3CSK4_VS_CPG_8H_BMDC_UP	200	139		
GSE17721_PAM3CSK4_VS_CPG_8H_BMDC_DN	200	155		
GSE17721_PAM3CSK4_VS_CPG_12H_BMDC_UP	200	154		
GSE17721_PAM3CSK4_VS_CPG_12H_BMDC_DN	200	130		
GSE17721_PAM3CSK4_VS_CPG_16H_BMDC_UP	200	130		
GSE17721_PAM3CSK4_VS_CPG_16H_BMDC_DN	199	120		
GSE17721_PAM3CSK4_VS_CPG_24H_BMDC_UP	200	123		
GSE17721_PAM3CSK4_VS_CPG_24H_BMDC_DN	200	151		
GSE17721_CPG_VS_GARDIQUIMOD_0.5H_BMDC_UP	199	121		
GSE17721_CPG_VS_GARDIQUIMOD_0.5H_BMDC_DN	200	141		
GSE17721_CPG_VS_GARDIQUIMOD_1H_BMDC_UP	200	131		
GSE17721_CPG_VS_GARDIQUIMOD_1H_BMDC_DN	200	175		
GSE17721_CPG_VS_GARDIQUIMOD_2H_BMDC_UP	200	109		
GSE17721_CPG_VS_GARDIQUIMOD_2H_BMDC_DN	200	162		
GSE17721_CPG_VS_GARDIQUIMOD_4H_BMDC_UP	200	137		
GSE17721_CPG_VS_GARDIQUIMOD_4H_BMDC_DN	200	151		
GSE17721_CPG_VS_GARDIQUIMOD_6H_BMDC_UP	199	120		
GSE17721_CPG_VS_GARDIQUIMOD_6H_BMDC_DN	200	152		
GSE17721_CPG_VS_GARDIQUIMOD_8H_BMDC_UP	199	147		
GSE17721_CPG_VS_GARDIQUIMOD_8H_BMDC_DN	200	154		
GSE17721_CPG_VS_GARDIQUIMOD_12H_BMDC_UP	200	95		
GSE17721_CPG_VS_GARDIQUIMOD_12H_BMDC_DN	200	135		
GSE17721_CPG_VS_GARDIQUIMOD_16H_BMDC_UP	200	112		
GSE17721_CPG_VS_GARDIQUIMOD_16H_BMDC_DN	199	128		
GSE17721_CPG_VS_GARDIQUIMOD_24H_BMDC_UP	200	137		
GSE17721_CPG_VS_GARDIQUIMOD_24H_BMDC_DN	200	133		
GSE17721_LPS_VS_PAM3CSK4_0.5H_BMDC_UP	200	117		
GSE17721_LPS_VS_PAM3CSK4_0.5H_BMDC_DN	199	101		
GSE17721_LPS_VS_PAM3CSK4_1H_BMDC_UP	200	146		
GSE17721_LPS_VS_PAM3CSK4_1H_BMDC_DN	199	126		
GSE17721_LPS_VS_PAM3CSK4_2H_BMDC_UP	200	138		
GSE17721_LPS_VS_PAM3CSK4_2H_BMDC_DN	200	108		
GSE17721_LPS_VS_PAM3CSK4_4H_BMDC_UP	199	139		
GSE17721_LPS_VS_PAM3CSK4_4H_BMDC_DN	199	163		
GSE17721_LPS_VS_PAM3CSK4_6H_BMDC_UP	199	146		
GSE17721_LPS_VS_PAM3CSK4_6H_BMDC_DN	199	160		
GSE17721_LPS_VS_PAM3CSK4_8H_BMDC_UP	200	145		
GSE17721_LPS_VS_PAM3CSK4_8H_BMDC_DN	199	152		
GSE17721_LPS_VS_PAM3CSK4_12H_BMDC_UP	200	148		
GSE17721_LPS_VS_PAM3CSK4_12H_BMDC_DN	199	156		
GSE17721_LPS_VS_PAM3CSK4_16H_BMDC_UP	200	150		
GSE17721_LPS_VS_PAM3CSK4_16H_BMDC_DN	200	150		
GSE17721_LPS_VS_PAM3CSK4_24H_BMDC_UP	200	156		
GSE17721_LPS_VS_PAM3CSK4_24H_BMDC_DN	200	138		
GSE17721_POLYIC_VS_CPG_0.5H_BMDC_UP	199	99		
GSE17721_POLYIC_VS_CPG_0.5H_BMDC_DN	200	149		
GSE17721_POLYIC_VS_CPG_1H_BMDC_UP	200	161		
GSE17721_POLYIC_VS_CPG_1H_BMDC_DN	200	133		
GSE17721_POLYIC_VS_CPG_2H_BMDC_UP	200	166		
GSE17721_POLYIC_VS_CPG_2H_BMDC_DN	200	122		
GSE17721_POLYIC_VS_CPG_4H_BMDC_UP	200	154		
GSE17721_POLYIC_VS_CPG_4H_BMDC_DN	200	133		
GSE17721_POLYIC_VS_CPG_6H_BMDC_UP	200	164		
GSE17721_POLYIC_VS_CPG_6H_BMDC_DN	200	141		
GSE17721_POLYIC_VS_CPG_8H_BMDC_UP	199	138		
GSE17721_POLYIC_VS_CPG_8H_BMDC_DN	199	162		
GSE17721_POLYIC_VS_CPG_12H_BMDC_UP	200	136		
GSE17721_POLYIC_VS_CPG_12H_BMDC_DN	200	138		
GSE17721_POLYIC_VS_CPG_16H_BMDC_UP	200	134		
GSE17721_POLYIC_VS_CPG_16H_BMDC_DN	200	145		
GSE17721_POLYIC_VS_CPG_24H_BMDC_UP	198	138		
GSE17721_POLYIC_VS_CPG_24H_BMDC_DN	200	146		
GSE17721_PAM3CSK4_VS_GADIQUIMOD_0.5H_BMDC_UP	200	103		
GSE17721_PAM3CSK4_VS_GADIQUIMOD_0.5H_BMDC_DN	200	141		
GSE17721_PAM3CSK4_VS_GADIQUIMOD_1H_BMDC_UP	200	107		
GSE17721_PAM3CSK4_VS_GADIQUIMOD_1H_BMDC_DN	200	155		
GSE17721_PAM3CSK4_VS_GADIQUIMOD_2H_BMDC_UP	200	93		
GSE17721_PAM3CSK4_VS_GADIQUIMOD_2H_BMDC_DN	200	158		
GSE17721_PAM3CSK4_VS_GADIQUIMOD_4H_BMDC_UP	200	127		
GSE17721_PAM3CSK4_VS_GADIQUIMOD_4H_BMDC_DN	200	137		
GSE17721_PAM3CSK4_VS_GADIQUIMOD_6H_BMDC_UP	200	157		
GSE17721_PAM3CSK4_VS_GADIQUIMOD_6H_BMDC_DN	200	141		
GSE17721_PAM3CSK4_VS_GADIQUIMOD_8H_BMDC_UP	199	150		
GSE17721_PAM3CSK4_VS_GADIQUIMOD_8H_BMDC_DN	200	155		
GSE17721_PAM3CSK4_VS_GADIQUIMOD_12H_BMDC_UP	200	148		
GSE17721_PAM3CSK4_VS_GADIQUIMOD_12H_BMDC_DN	200	139		
GSE17721_PAM3CSK4_VS_GADIQUIMOD_16H_BMDC_UP	200	119		
GSE17721_PAM3CSK4_VS_GADIQUIMOD_16H_BMDC_DN	200	146		
GSE17721_PAM3CSK4_VS_GADIQUIMOD_24H_BMDC_UP	200	133		
GSE17721_PAM3CSK4_VS_GADIQUIMOD_24H_BMDC_DN	200	152		
GSE17721_LPS_VS_CPG_0.5H_BMDC_UP	198	140		
GSE17721_LPS_VS_CPG_0.5H_BMDC_DN	200	111		
GSE17721_LPS_VS_CPG_1H_BMDC_UP	200	160		
GSE17721_LPS_VS_CPG_1H_BMDC_DN	200	145		
GSE17721_LPS_VS_CPG_2H_BMDC_UP	200	140		
GSE17721_LPS_VS_CPG_2H_BMDC_DN	200	121		
GSE17721_LPS_VS_CPG_4H_BMDC_UP	200	137		
GSE17721_LPS_VS_CPG_4H_BMDC_DN	198	155		
GSE17721_LPS_VS_CPG_6H_BMDC_UP	200	137		
GSE17721_LPS_VS_CPG_6H_BMDC_DN	200	137		
GSE17721_LPS_VS_CPG_8H_BMDC_UP	200	132		
GSE17721_LPS_VS_CPG_8H_BMDC_DN	200	148		
GSE17721_LPS_VS_CPG_12H_BMDC_UP	199	141		
GSE17721_LPS_VS_CPG_12H_BMDC_DN	200	124		
GSE17721_LPS_VS_CPG_16H_BMDC_UP	200	133		
GSE17721_LPS_VS_CPG_16H_BMDC_DN	200	129		
GSE17721_LPS_VS_CPG_24H_BMDC_UP	199	121		
GSE17721_LPS_VS_CPG_24H_BMDC_DN	200	133		
GSE17721_POLYIC_VS_GARDIQUIMOD_0.5H_BMDC_UP	200	100		
GSE17721_POLYIC_VS_GARDIQUIMOD_0.5H_BMDC_DN	200	158		
GSE17721_POLYIC_VS_GARDIQUIMOD_1H_BMDC_UP	200	132		
GSE17721_POLYIC_VS_GARDIQUIMOD_1H_BMDC_DN	199	149		
GSE17721_POLYIC_VS_GARDIQUIMOD_2H_BMDC_UP	200	146		
GSE17721_POLYIC_VS_GARDIQUIMOD_2H_BMDC_DN	200	138		
GSE17721_POLYIC_VS_GARDIQUIMOD_4H_BMDC_UP	200	151		
GSE17721_POLYIC_VS_GARDIQUIMOD_4H_BMDC_DN	200	151		
GSE17721_POLYIC_VS_GARDIQUIMOD_6H_BMDC_UP	200	138		
GSE17721_POLYIC_VS_GARDIQUIMOD_6H_BMDC_DN	199	164		
GSE17721_POLYIC_VS_GARDIQUIMOD_8H_BMDC_UP	200	134		
GSE17721_POLYIC_VS_GARDIQUIMOD_8H_BMDC_DN	200	156		
GSE17721_POLYIC_VS_GARDIQUIMOD_12H_BMDC_UP	200	130		
GSE17721_POLYIC_VS_GARDIQUIMOD_12H_BMDC_DN	200	157		
GSE17721_POLYIC_VS_GARDIQUIMOD_16H_BMDC_UP	200	145		
GSE17721_POLYIC_VS_GARDIQUIMOD_16H_BMDC_DN	200	163		
GSE17721_POLYIC_VS_GARDIQUIMOD_24H_BMDC_UP	200	142		
GSE17721_POLYIC_VS_GARDIQUIMOD_24H_BMDC_DN	199	160		
GSE17721_LPS_VS_GARDIQUIMOD_0.5H_BMDC_UP	199	135		
GSE17721_LPS_VS_GARDIQUIMOD_0.5H_BMDC_DN	200	134		
GSE17721_LPS_VS_GARDIQUIMOD_1H_BMDC_UP	200	95		
GSE17721_LPS_VS_GARDIQUIMOD_1H_BMDC_DN	200	163		
GSE17721_LPS_VS_GARDIQUIMOD_2H_BMDC_UP	200	129		
GSE17721_LPS_VS_GARDIQUIMOD_2H_BMDC_DN	200	170		
GSE17721_LPS_VS_GARDIQUIMOD_4H_BMDC_UP	200	135		
GSE17721_LPS_VS_GARDIQUIMOD_4H_BMDC_DN	199	156		
GSE17721_LPS_VS_GARDIQUIMOD_6H_BMDC_UP	200	145		
GSE17721_LPS_VS_GARDIQUIMOD_6H_BMDC_DN	199	152		
GSE17721_LPS_VS_GARDIQUIMOD_8H_BMDC_UP	200	141		
GSE17721_LPS_VS_GARDIQUIMOD_8H_BMDC_DN	200	151		
GSE17721_LPS_VS_GARDIQUIMOD_12H_BMDC_UP	199	138		
GSE17721_LPS_VS_GARDIQUIMOD_12H_BMDC_DN	199	146		
GSE17721_LPS_VS_GARDIQUIMOD_16H_BMDC_UP	199	142		
GSE17721_LPS_VS_GARDIQUIMOD_16H_BMDC_DN	200	144		
GSE17721_LPS_VS_GARDIQUIMOD_24H_BMDC_UP	199	131		
GSE17721_LPS_VS_GARDIQUIMOD_24H_BMDC_DN	200	143		
GSE17721_0.5H_VS_12H_LPS_BMDC_UP	198	144		
GSE17721_0.5H_VS_12H_LPS_BMDC_DN	199	142		
GSE17721_0.5H_VS_4H_LPS_BMDC_UP	200	163		
GSE17721_0.5H_VS_4H_LPS_BMDC_DN	200	125		
GSE17721_0.5H_VS_8H_LPS_BMDC_UP	199	160		
GSE17721_0.5H_VS_8H_LPS_BMDC_DN	199	131		
GSE17721_0.5H_VS_24H_LPS_BMDC_UP	199	133		
GSE17721_0.5H_VS_24H_LPS_BMDC_DN	199	139		
GSE17721_12H_VS_24H_LPS_BMDC_UP	200	142		
GSE17721_12H_VS_24H_LPS_BMDC_DN	200	157		
GSE17721_0.5H_VS_12H_POLYIC_BMDC_UP	200	152		
GSE17721_0.5H_VS_12H_POLYIC_BMDC_DN	200	145		
GSE17721_0.5H_VS_4H_POLYIC_BMDC_UP	200	135		
GSE17721_0.5H_VS_4H_POLYIC_BMDC_DN	200	158		
GSE17721_0.5H_VS_8H_POLYIC_BMDC_UP	200	152		
GSE17721_0.5H_VS_8H_POLYIC_BMDC_DN	199	147		
GSE17721_0.5H_VS_24H_POLYIC_BMDC_UP	198	135		
GSE17721_0.5H_VS_24H_POLYIC_BMDC_DN	199	160		
GSE17721_4H_VS_24H_POLYIC_BMDC_UP	199	147		
GSE17721_4H_VS_24H_POLYIC_BMDC_DN	200	157		
GSE17721_12H_VS_24H_POLYIC_BMDC_UP	200	140		
GSE17721_12H_VS_24H_POLYIC_BMDC_DN	200	159		
GSE17721_0.5H_VS_12H_PAM3CSK4_BMDC_UP	200	139		
GSE17721_0.5H_VS_12H_PAM3CSK4_BMDC_DN	200	164		
GSE17721_0.5H_VS_4H_PAM3CSK4_BMDC_UP	200	147		
GSE17721_0.5H_VS_4H_PAM3CSK4_BMDC_DN	200	139		
GSE17721_0.5H_VS_8H_PAM3CSK4_BMDC_UP	200	146		
GSE17721_0.5H_VS_8H_PAM3CSK4_BMDC_DN	200	148		
GSE17721_0.5H_VS_24H_PAM3CSK4_BMDC_UP	200	156		
GSE17721_0.5H_VS_24H_PAM3CSK4_BMDC_DN	200	157		
GSE17721_ALL_VS_24H_PAM3CSK4_BMDC_UP	200	135		
GSE17721_ALL_VS_24H_PAM3CSK4_BMDC_DN	200	138		
GSE17721_12H_VS_24H_PAM3CSK4_BMDC_UP	200	142		
GSE17721_12H_VS_24H_PAM3CSK4_BMDC_DN	200	152		
GSE17721_0.5H_VS_12H_CPG_BMDC_UP	200	168		
GSE17721_0.5H_VS_12H_CPG_BMDC_DN	199	142		
GSE17721_0.5H_VS_4H_CPG_BMDC_UP	200	172		
GSE17721_0.5H_VS_4H_CPG_BMDC_DN	200	136		
GSE17721_0.5H_VS_8H_CPG_BMDC_UP	200	166		
GSE17721_0.5H_VS_8H_CPG_BMDC_DN	199	145		
GSE17721_0.5H_VS_24H_CPG_BMDC_UP	200	146		
GSE17721_0.5H_VS_24H_CPG_BMDC_DN	200	125		
GSE17721_4_VS_24H_CPG_BMDC_UP	200	103		
GSE17721_4_VS_24H_CPG_BMDC_DN	200	150		
GSE17721_12H_VS_24H_CPG_BMDC_UP	199	103		
GSE17721_12H_VS_24H_CPG_BMDC_DN	200	154		
GSE17721_0.5H_VS_12H_GARDIQUIMOD_BMDC_UP	200	164		
GSE17721_0.5H_VS_12H_GARDIQUIMOD_BMDC_DN	200	157		
GSE17721_0.5H_VS_4H_GARDIQUIMOD_BMDC_UP	200	155		
GSE17721_0.5H_VS_4H_GARDIQUIMOD_BMDC_DN	200	138		
GSE17721_0.5H_VS_8H_GARDIQUIMOD_BMDC_UP	199	160		
GSE17721_0.5H_VS_8H_GARDIQUIMOD_BMDC_DN	199	145		
GSE17721_0.5H_VS_24H_GARDIQUIMOD_BMDC_UP	200	154		
GSE17721_0.5H_VS_24H_GARDIQUIMOD_BMDC_DN	200	158		
GSE17721_4_VS_24H_GARDIQUIMOD_BMDC_UP	200	128		
GSE17721_4_VS_24H_GARDIQUIMOD_BMDC_DN	199	161		
GSE17721_12H_VS_24H_GARDIQUIMOD_BMDC_UP	199	127		
GSE17721_12H_VS_24H_GARDIQUIMOD_BMDC_DN	200	156		
GSE17974_0H_VS_0.5H_IN_VITRO_ACT_CD4_TCELL_UP	194	85		
GSE17974_0H_VS_0.5H_IN_VITRO_ACT_CD4_TCELL_DN	190	109		
GSE17974_0H_VS_1H_IN_VITRO_ACT_CD4_TCELL_UP	192	112		
GSE17974_0H_VS_1H_IN_VITRO_ACT_CD4_TCELL_DN	197	149		
GSE17974_0H_VS_2H_IN_VITRO_ACT_CD4_TCELL_UP	199	134		
GSE17974_0H_VS_2H_IN_VITRO_ACT_CD4_TCELL_DN	198	151		
GSE17974_0H_VS_4H_IN_VITRO_ACT_CD4_TCELL_UP	192	123		
GSE17974_0H_VS_4H_IN_VITRO_ACT_CD4_TCELL_DN	199	155		
GSE17974_0H_VS_6H_IN_VITRO_ACT_CD4_TCELL_UP	189	120		
GSE17974_0H_VS_6H_IN_VITRO_ACT_CD4_TCELL_DN	199	168		
GSE17974_0H_VS_12H_IN_VITRO_ACT_CD4_TCELL_UP	195	123		
GSE17974_0H_VS_12H_IN_VITRO_ACT_CD4_TCELL_DN	199	159		
GSE17974_0H_VS_24H_IN_VITRO_ACT_CD4_TCELL_UP	191	109		
GSE17974_0H_VS_24H_IN_VITRO_ACT_CD4_TCELL_DN	198	159		
GSE17974_0H_VS_48H_IN_VITRO_ACT_CD4_TCELL_UP	191	127		
GSE17974_0H_VS_48H_IN_VITRO_ACT_CD4_TCELL_DN	198	161		
GSE17974_0H_VS_72H_IN_VITRO_ACT_CD4_TCELL_UP	193	117		
GSE17974_0H_VS_72H_IN_VITRO_ACT_CD4_TCELL_DN	200	162		
GSE17974_CTRL_VS_ACT_IL4_AND_ANTI_IL12_0.5H_CD4_TCELL_UP	192	44		
GSE17974_CTRL_VS_ACT_IL4_AND_ANTI_IL12_0.5H_CD4_TCELL_DN	191	123		
GSE17974_CTRL_VS_ACT_IL4_AND_ANTI_IL12_1H_CD4_TCELL_UP	194	120		
GSE17974_CTRL_VS_ACT_IL4_AND_ANTI_IL12_1H_CD4_TCELL_DN	195	142		
GSE17974_CTRL_VS_ACT_IL4_AND_ANTI_IL12_2H_CD4_TCELL_UP	193	140		
GSE17974_CTRL_VS_ACT_IL4_AND_ANTI_IL12_2H_CD4_TCELL_DN	198	153		
GSE17974_CTRL_VS_ACT_IL4_AND_ANTI_IL12_4H_CD4_TCELL_UP	194	127		
GSE17974_CTRL_VS_ACT_IL4_AND_ANTI_IL12_4H_CD4_TCELL_DN	199	166		
GSE17974_CTRL_VS_ACT_IL4_AND_ANTI_IL12_6H_CD4_TCELL_UP	194	123		
GSE17974_CTRL_VS_ACT_IL4_AND_ANTI_IL12_6H_CD4_TCELL_DN	197	146		
GSE17974_CTRL_VS_ACT_IL4_AND_ANTI_IL12_12H_CD4_TCELL_UP	192	116		
GSE17974_CTRL_VS_ACT_IL4_AND_ANTI_IL12_12H_CD4_TCELL_DN	199	156		
GSE17974_CTRL_VS_ACT_IL4_AND_ANTI_IL12_24H_CD4_TCELL_UP	194	129		
GSE17974_CTRL_VS_ACT_IL4_AND_ANTI_IL12_24H_CD4_TCELL_DN	200	170		
GSE17974_CTRL_VS_ACT_IL4_AND_ANTI_IL12_48H_CD4_TCELL_UP	189	110		
GSE17974_CTRL_VS_ACT_IL4_AND_ANTI_IL12_48H_CD4_TCELL_DN	199	161		
GSE17974_CTRL_VS_ACT_IL4_AND_ANTI_IL12_72H_CD4_TCELL_UP	195	139		
GSE17974_CTRL_VS_ACT_IL4_AND_ANTI_IL12_72H_CD4_TCELL_DN	198	146		
GSE17974_IL4_AND_ANTI_IL12_VS_UNTREATED_0.5H_ACT_CD4_TCELL_UP	191	103		
GSE17974_IL4_AND_ANTI_IL12_VS_UNTREATED_0.5H_ACT_CD4_TCELL_DN	186	36		
GSE17974_IL4_AND_ANTI_IL12_VS_UNTREATED_1H_ACT_CD4_TCELL_UP	185	75		
GSE17974_IL4_AND_ANTI_IL12_VS_UNTREATED_1H_ACT_CD4_TCELL_DN	189	49		
GSE17974_IL4_AND_ANTI_IL12_VS_UNTREATED_2H_ACT_CD4_TCELL_UP	197	104		
GSE17974_IL4_AND_ANTI_IL12_VS_UNTREATED_2H_ACT_CD4_TCELL_DN	189	71		
GSE17974_IL4_AND_ANTI_IL12_VS_UNTREATED_4H_ACT_CD4_TCELL_UP	193	114		
GSE17974_IL4_AND_ANTI_IL12_VS_UNTREATED_4H_ACT_CD4_TCELL_DN	187	48		
GSE17974_IL4_AND_ANTI_IL12_VS_UNTREATED_6H_ACT_CD4_TCELL_UP	190	63		
GSE17974_IL4_AND_ANTI_IL12_VS_UNTREATED_6H_ACT_CD4_TCELL_DN	196	120		
GSE17974_IL4_AND_ANTI_IL12_VS_UNTREATED_12H_ACT_CD4_TCELL_UP	194	122		
GSE17974_IL4_AND_ANTI_IL12_VS_UNTREATED_12H_ACT_CD4_TCELL_DN	191	78		
GSE17974_IL4_AND_ANTI_IL12_VS_UNTREATED_24H_ACT_CD4_TCELL_UP	186	57		
GSE17974_IL4_AND_ANTI_IL12_VS_UNTREATED_24H_ACT_CD4_TCELL_DN	193	79		
GSE17974_IL4_AND_ANTI_IL12_VS_UNTREATED_48H_ACT_CD4_TCELL_UP	196	93		
GSE17974_IL4_AND_ANTI_IL12_VS_UNTREATED_48H_ACT_CD4_TCELL_DN	196	94		
GSE17974_IL4_AND_ANTI_IL12_VS_UNTREATED_72H_ACT_CD4_TCELL_UP	185	80		
GSE17974_IL4_AND_ANTI_IL12_VS_UNTREATED_72H_ACT_CD4_TCELL_DN	195	140		
GSE17974_0.5H_VS_72H_UNTREATED_IN_VITRO_CD4_TCELL_UP	194	142		
GSE17974_0.5H_VS_72H_UNTREATED_IN_VITRO_CD4_TCELL_DN	198	158		
GSE17974_1H_VS_72H_UNTREATED_IN_VITRO_CD4_TCELL_UP	197	153		
GSE17974_1H_VS_72H_UNTREATED_IN_VITRO_CD4_TCELL_DN	199	164		
GSE17974_2H_VS_72H_UNTREATED_IN_VITRO_CD4_TCELL_UP	198	136		
GSE17974_2H_VS_72H_UNTREATED_IN_VITRO_CD4_TCELL_DN	199	161		
GSE17974_0.5H_VS_72H_IL4_AND_ANTI_IL12_ACT_CD4_TCELL_UP	196	155		
GSE17974_0.5H_VS_72H_IL4_AND_ANTI_IL12_ACT_CD4_TCELL_DN	196	148		
GSE17974_1.5H_VS_72H_IL4_AND_ANTI_IL12_ACT_CD4_TCELL_UP	198	158		
GSE17974_1.5H_VS_72H_IL4_AND_ANTI_IL12_ACT_CD4_TCELL_DN	199	143		
GSE17974_2.5H_VS_72H_IL4_AND_ANTI_IL12_ACT_CD4_TCELL_UP	198	166		
GSE17974_2.5H_VS_72H_IL4_AND_ANTI_IL12_ACT_CD4_TCELL_DN	196	145		
GSE18148_CBFB_KO_VS_WT_TREG_UP	200	74		
GSE18148_CBFB_KO_VS_WT_TREG_DN	200	66		
GSE18791_CTRL_VS_NEWCASTLE_VIRUS_DC_1H_UP	181	40		
GSE18791_CTRL_VS_NEWCASTLE_VIRUS_DC_1H_DN	184	79		
GSE18791_CTRL_VS_NEWCASTLE_VIRUS_DC_2H_UP	195	110		
GSE18791_CTRL_VS_NEWCASTLE_VIRUS_DC_2H_DN	179	89		
GSE18791_CTRL_VS_NEWCASTLE_VIRUS_DC_4H_UP	198	157		
GSE18791_CTRL_VS_NEWCASTLE_VIRUS_DC_4H_DN	190	117		
GSE18791_CTRL_VS_NEWCASTLE_VIRUS_DC_6H_UP	199	155		
GSE18791_CTRL_VS_NEWCASTLE_VIRUS_DC_6H_DN	198	139		
GSE18791_CTRL_VS_NEWCASTLE_VIRUS_DC_8H_UP	199	159		
GSE18791_CTRL_VS_NEWCASTLE_VIRUS_DC_8H_DN	196	108		
GSE18791_CTRL_VS_NEWCASTLE_VIRUS_DC_10H_UP	199	155		
GSE18791_CTRL_VS_NEWCASTLE_VIRUS_DC_10H_DN	200	122		
GSE18791_CTRL_VS_NEWCASTLE_VIRUS_DC_12H_UP	199	158		
GSE18791_CTRL_VS_NEWCASTLE_VIRUS_DC_12H_DN	198	106		
GSE18791_CTRL_VS_NEWCASTLE_VIRUS_DC_14H_UP	199	170		
GSE18791_CTRL_VS_NEWCASTLE_VIRUS_DC_14H_DN	192	90		
GSE18791_CTRL_VS_NEWCASTLE_VIRUS_DC_16H_UP	199	166		
GSE18791_CTRL_VS_NEWCASTLE_VIRUS_DC_16H_DN	195	112		
GSE18791_CTRL_VS_NEWCASTLE_VIRUS_DC_18H_UP	198	178		
GSE18791_CTRL_VS_NEWCASTLE_VIRUS_DC_18H_DN	193	105		
GSE18791_UNSTIM_VS_NEWCATSLE_VIRUS_DC_1H_UP	188	36		
GSE18791_UNSTIM_VS_NEWCATSLE_VIRUS_DC_1H_DN	193	104		
GSE18791_UNSTIM_VS_NEWCATSLE_VIRUS_DC_2H_UP	183	34		
GSE18791_UNSTIM_VS_NEWCATSLE_VIRUS_DC_2H_DN	181	69		
GSE18791_UNSTIM_VS_NEWCATSLE_VIRUS_DC_6H_UP	198	150		
GSE18791_UNSTIM_VS_NEWCATSLE_VIRUS_DC_6H_DN	195	120		
GSE18791_UNSTIM_VS_NEWCATSLE_VIRUS_DC_10H_UP	198	159		
GSE18791_UNSTIM_VS_NEWCATSLE_VIRUS_DC_10H_DN	197	112		
GSE18791_UNSTIM_VS_NEWCATSLE_VIRUS_DC_18H_UP	198	158		
GSE18791_UNSTIM_VS_NEWCATSLE_VIRUS_DC_18H_DN	192	86		
GSE19825_NAIVE_VS_IL2RALOW_DAY3_EFF_CD8_TCELL_UP	200	37		
GSE19825_NAIVE_VS_IL2RALOW_DAY3_EFF_CD8_TCELL_DN	200	175		
GSE19825_NAIVE_VS_IL2RAHIGH_DAY3_EFF_CD8_TCELL_UP	200	54		
GSE19825_NAIVE_VS_IL2RAHIGH_DAY3_EFF_CD8_TCELL_DN	200	184		
GSE19825_CD24LOW_VS_IL2RA_HIGH_DAY3_EFF_CD8_TCELL_UP	200	157		
GSE19825_CD24LOW_VS_IL2RA_HIGH_DAY3_EFF_CD8_TCELL_DN	200	173		
GSE19825_NAIVE_VS_DAY3_EFF_CD8_TCELL_UP	200	38		
GSE19825_NAIVE_VS_DAY3_EFF_CD8_TCELL_DN	199	182		
GSE20151_CTRL_VS_FUSOBACT_NUCLEATUM_NEUTROPHIL_UP	197	103		
GSE20151_CTRL_VS_FUSOBACT_NUCLEATUM_NEUTROPHIL_DN	199	150		
GSE20366_TREG_VS_TCONV_UP	200	99		
GSE20366_TREG_VS_TCONV_DN	200	141		
GSE20366_EX_VIVO_VS_HOMEOSTATIC_CONVERSION_TREG_UP	200	165		
GSE20366_EX_VIVO_VS_HOMEOSTATIC_CONVERSION_TREG_DN	200	134		
GSE20366_EX_VIVO_VS_DEC205_CONVERSION_UP	199	149		
GSE20366_EX_VIVO_VS_DEC205_CONVERSION_DN	200	137		
GSE20366_EX_VIVO_VS_HOMEOSTATIC_CONVERSION_NAIVE_CD4_TCELL_UP	200	155		
GSE20366_EX_VIVO_VS_HOMEOSTATIC_CONVERSION_NAIVE_CD4_TCELL_DN	200	94		
GSE20366_EX_VIVO_VS_DEC205_CONVERSION_NAIVE_CD4_TCELL_UP	199	155		
GSE20366_EX_VIVO_VS_DEC205_CONVERSION_NAIVE_CD4_TCELL_DN	199	103		
GSE20366_TREG_VS_NAIVE_CD4_TCELL_HOMEOSTATIC_CONVERSION_UP	200	147		
GSE20366_TREG_VS_NAIVE_CD4_TCELL_HOMEOSTATIC_CONVERSION_DN	199	168		
GSE20366_TREG_VS_NAIVE_CD4_TCELL_DEC205_CONVERSION_UP	200	141		
GSE20366_TREG_VS_NAIVE_CD4_TCELL_DEC205_CONVERSION_DN	200	112		
GSE20366_CD103_POS_VS_NEG_TREG_KLRG1NEG_UP	200	69		
GSE20366_CD103_POS_VS_NEG_TREG_KLRG1NEG_DN	200	128		
GSE20366_CD103_KLRG1_DP_VS_DN_TREG_UP	199	119		
GSE20366_CD103_KLRG1_DP_VS_DN_TREG_DN	200	132		
GSE20366_CD103_POS_VS_CD103_KLRG1_DP_TREG_UP	200	132		
GSE20366_CD103_POS_VS_CD103_KLRG1_DP_TREG_DN	200	102		
GSE20366_TREG_VS_NAIVE_CD4_TCELL_UP	200	151		
GSE20366_TREG_VS_NAIVE_CD4_TCELL_DN	199	130		
GSE20715_WT_VS_TLR4_KO_LUNG_UP	200	130		
GSE20715_WT_VS_TLR4_KO_LUNG_DN	199	119		
GSE20715_WT_VS_TLR4_KO_6H_OZONE_LUNG_UP	200	132		
GSE20715_WT_VS_TLR4_KO_6H_OZONE_LUNG_DN	200	141		
GSE20715_WT_VS_TLR4_KO_24H_OZONE_LUNG_UP	200	111		
GSE20715_WT_VS_TLR4_KO_24H_OZONE_LUNG_DN	200	142		
GSE20715_WT_VS_TLR4_KO_48H_OZONE_LUNG_UP	200	115		
GSE20715_WT_VS_TLR4_KO_48H_OZONE_LUNG_DN	200	148		
GSE20715_0H_VS_6H_OZONE_LUNG_UP	200	122		
GSE20715_0H_VS_6H_OZONE_LUNG_DN	200	112		
GSE20715_0H_VS_24H_OZONE_LUNG_UP	200	141		
GSE20715_0H_VS_24H_OZONE_LUNG_DN	200	97		
GSE20715_0H_VS_48H_OZONE_LUNG_UP	200	130		
GSE20715_0H_VS_48H_OZONE_LUNG_DN	200	141		
GSE20715_0H_VS_6H_OZONE_TLR4_KO_LUNG_UP	200	107		
GSE20715_0H_VS_6H_OZONE_TLR4_KO_LUNG_DN	200	135		
GSE20715_0H_VS_24H_OZONE_TLR4_KO_LUNG_UP	199	117		
GSE20715_0H_VS_24H_OZONE_TLR4_KO_LUNG_DN	200	119		
GSE20715_0H_VS_48H_OZONE_TLR4_KO_LUNG_UP	200	112		
GSE20715_0H_VS_48H_OZONE_TLR4_KO_LUNG_DN	200	145		
GSE2197_IMMUNOSUPPRESSIVE_DNA_VS_UNTREATED_IN_DC_UP	200	138		
GSE2197_IMMUNOSUPPRESSIVE_DNA_VS_UNTREATEDIN_DC_DN	199	149		
GSE2197_CPG_DNA_VS_UNTREATED_IN_DC_UP	200	129		
GSE2197_CPG_DNA_VS_UNTREATED_IN_DC_DN	200	150		
GSE22045_TREG_VS_TCONV_UP	189	103		
GSE22045_TREG_VS_TCONV_DN	191	104		
GSE22886_CD8_VS_CD4_NAIVE_TCELL_UP	199	156		
GSE22886_CD8_VS_CD4_NAIVE_TCELL_DN	196	89		
GSE22886_NAIVE_CD8_TCELL_VS_MEMORY_TCELL_UP	194	108		
GSE22886_NAIVE_CD8_TCELL_VS_MEMORY_TCELL_DN	199	168		
GSE22886_UNSTIM_VS_STIM_MEMORY_TCELL_UP	198	128		
GSE22886_UNSTIM_VS_STIM_MEMORY_TCELL_DN	200	182		
GSE22886_NAIVE_CD4_TCELL_VS_MEMORY_TCELL_UP	193	85		
GSE22886_NAIVE_CD4_TCELL_VS_MEMORY_TCELL_DN	200	167		
GSE22886_NAIVE_TCELL_VS_NKCELL_UP	198	151		
GSE22886_NAIVE_TCELL_VS_NKCELL_DN	197	151		
GSE22886_NAIVE_VS_MEMORY_TCELL_UP	194	108		
GSE22886_NAIVE_VS_MEMORY_TCELL_DN	199	165		
GSE22886_NAIVE_CD8_TCELL_VS_NKCELL_UP	198	141		
GSE22886_NAIVE_CD8_TCELL_VS_NKCELL_DN	197	144		
GSE22886_NAIVE_CD4_TCELL_VS_NKCELL_UP	196	123		
GSE22886_NAIVE_CD4_TCELL_VS_NKCELL_DN	198	160		
GSE22886_TCELL_VS_BCELL_NAIVE_UP	199	172		
GSE22886_TCELL_VS_BCELL_NAIVE_DN	198	68		
GSE22886_CD8_TCELL_VS_BCELL_NAIVE_UP	198	161		
GSE22886_CD8_TCELL_VS_BCELL_NAIVE_DN	198	76		
GSE22886_CD4_TCELL_VS_BCELL_NAIVE_UP	198	162		
GSE22886_CD4_TCELL_VS_BCELL_NAIVE_DN	196	87		
GSE22886_NAIVE_VS_IGG_IGA_MEMORY_BCELL_UP	198	99		
GSE22886_NAIVE_VS_IGG_IGA_MEMORY_BCELL_DN	196	151		
GSE22886_NAIVE_VS_IGM_MEMORY_BCELL_UP	196	113		
GSE22886_NAIVE_VS_IGM_MEMORY_BCELL_DN	197	157		
GSE22886_IGA_VS_IGM_MEMORY_BCELL_UP	196	110		
GSE22886_IGA_VS_IGM_MEMORY_BCELL_DN	200	118		
GSE22886_NAIVE_BCELL_VS_BLOOD_PLASMA_CELL_UP	200	129		
GSE22886_NAIVE_BCELL_VS_BLOOD_PLASMA_CELL_DN	198	164		
GSE22886_NAIVE_BCELL_VS_BM_PLASMA_CELL_UP	200	145		
GSE22886_NAIVE_BCELL_VS_BM_PLASMA_CELL_DN	198	144		
GSE22886_IGG_IGA_MEMORY_BCELL_VS_BLOOD_PLASMA_CELL_UP	199	114		
GSE22886_IGG_IGA_MEMORY_BCELL_VS_BLOOD_PLASMA_CELL_DN	198	162		
GSE22886_IGG_IGA_MEMORY_BCELL_VS_BM_PLASMA_CELL_UP	200	159		
GSE22886_IGG_IGA_MEMORY_BCELL_VS_BM_PLASMA_CELL_DN	195	123		
GSE22886_IGM_MEMORY_BCELL_VS_BLOOD_PLASMA_CELL_UP	197	97		
GSE22886_IGM_MEMORY_BCELL_VS_BLOOD_PLASMA_CELL_DN	200	174		
GSE22886_IGM_MEMORY_BCELL_VS_BM_PLASMA_CELL_UP	199	146		
GSE22886_IGM_MEMORY_BCELL_VS_BM_PLASMA_CELL_DN	199	140		
GSE22886_DAY0_VS_DAY1_MONOCYTE_IN_CULTURE_UP	200	133		
GSE22886_DAY0_VS_DAY1_MONOCYTE_IN_CULTURE_DN	200	131		
GSE22886_DAY0_VS_DAY7_MONOCYTE_IN_CULTURE_UP	199	142		
GSE22886_DAY0_VS_DAY7_MONOCYTE_IN_CULTURE_DN	200	159		
GSE22886_DAY1_VS_DAY7_MONOCYTE_IN_CULTURE_UP	198	136		
GSE22886_DAY1_VS_DAY7_MONOCYTE_IN_CULTURE_DN	200	169		
GSE22886_NEUTROPHIL_VS_DC_UP	199	66		
GSE22886_NEUTROPHIL_VS_DC_DN	200	170		
GSE22886_NEUTROPHIL_VS_MONOCYTE_UP	197	43		
GSE22886_NEUTROPHIL_VS_MONOCYTE_DN	199	163		
GSE22886_DC_VS_MONOCYTE_UP	200	135		
GSE22886_DC_VS_MONOCYTE_DN	200	128		
GSE22886_NAIVE_TCELL_VS_NEUTROPHIL_UP	199	172		
GSE22886_NAIVE_TCELL_VS_NEUTROPHIL_DN	199	68		
GSE22886_NAIVE_TCELL_VS_DC_UP	199	165		
GSE22886_NAIVE_TCELL_VS_DC_DN	200	136		
GSE22886_NAIVE_TCELL_VS_MONOCYTE_UP	198	152		
GSE22886_NAIVE_TCELL_VS_MONOCYTE_DN	200	123		
GSE22886_NAIVE_BCELL_VS_NEUTROPHIL_UP	199	150		
GSE22886_NAIVE_BCELL_VS_NEUTROPHIL_DN	200	121		
GSE22886_NAIVE_BCELL_VS_DC_UP	198	108		
GSE22886_NAIVE_BCELL_VS_DC_DN	200	157		
GSE22886_NAIVE_BCELL_VS_MONOCYTE_UP	197	83		
GSE22886_NAIVE_BCELL_VS_MONOCYTE_DN	200	144		
GSE22886_NAIVE_CD8_TCELL_VS_NEUTROPHIL_UP	200	166		
GSE22886_NAIVE_CD8_TCELL_VS_NEUTROPHIL_DN	197	71		
GSE22886_NAIVE_CD8_TCELL_VS_DC_UP	199	149		
GSE22886_NAIVE_CD8_TCELL_VS_DC_DN	200	151		
GSE22886_NAIVE_CD8_TCELL_VS_MONOCYTE_UP	199	141		
GSE22886_NAIVE_CD8_TCELL_VS_MONOCYTE_DN	200	119		
GSE22886_NAIVE_CD4_TCELL_VS_NEUTROPHIL_UP	200	168		
GSE22886_NAIVE_CD4_TCELL_VS_NEUTROPHIL_DN	198	78		
GSE22886_NAIVE_CD4_TCELL_VS_DC_UP	197	151		
GSE22886_NAIVE_CD4_TCELL_VS_DC_DN	200	158		
GSE22886_NAIVE_CD4_TCELL_VS_MONOCYTE_UP	197	136		
GSE22886_NAIVE_CD4_TCELL_VS_MONOCYTE_DN	200	125		
GSE22886_TH1_VS_TH2_12H_ACT_UP	199	119		
GSE22886_TH1_VS_TH2_12H_ACT_DN	197	100		
GSE22886_TH1_VS_TH2_48H_ACT_UP	198	73		
GSE22886_TH1_VS_TH2_48H_ACT_DN	200	149		
GSE22886_IL2_VS_IL15_STIM_NKCELL_UP	196	51		
GSE22886_IL2_VS_IL15_STIM_NKCELL_DN	195	133		
GSE22886_CTRL_VS_LPS_24H_DC_UP	200	160		
GSE22886_CTRL_VS_LPS_24H_DC_DN	200	138		
GSE22886_NAIVE_CD4_TCELL_VS_12H_ACT_TH1_UP	199	143		
GSE22886_NAIVE_CD4_TCELL_VS_12H_ACT_TH1_DN	199	176		
GSE22886_NAIVE_CD4_TCELL_VS_48H_ACT_TH1_UP	200	141		
GSE22886_NAIVE_CD4_TCELL_VS_48H_ACT_TH1_DN	199	175		
GSE22886_NAIVE_CD4_TCELL_VS_12H_ACT_TH2_UP	199	142		
GSE22886_NAIVE_CD4_TCELL_VS_12H_ACT_TH2_DN	200	175		
GSE22886_NAIVE_CD4_TCELL_VS_48H_ACT_TH2_UP	200	129		
GSE22886_NAIVE_CD4_TCELL_VS_48H_ACT_TH2_DN	200	170		
GSE22886_UNSTIM_VS_IL2_STIM_NKCELL_UP	196	133		
GSE22886_UNSTIM_VS_IL2_STIM_NKCELL_DN	200	181		
GSE22886_UNSTIM_VS_IL15_STIM_NKCELL_UP	196	101		
GSE22886_UNSTIM_VS_IL15_STIM_NKCELL_DN	200	183		
GSE24026_PD1_LIGATION_VS_CTRL_IN_ACT_TCELL_LINE_UP	197	128		
GSE24026_PD1_LIGATION_VS_CTRL_IN_ACT_TCELL_LINE_DN	200	156		
GSE24081_CONTROLLER_VS_PROGRESSOR_HIV_SPECIFIC_CD8_TCELL_UP	198	117		
GSE24081_CONTROLLER_VS_PROGRESSOR_HIV_SPECIFIC_CD8_TCELL_DN	196	106		
GSE24102_GRANULOCYSTIC_MDSC_VS_NEUTROPHIL_UP	199	150		
GSE24102_GRANULOCYSTIC_MDSC_VS_NEUTROPHIL_DN	200	139		
GSE24142_EARLY_THYMIC_PROGENITOR_VS_DN2_THYMOCYTE_UP	200	111		
GSE24142_EARLY_THYMIC_PROGENITOR_VS_DN2_THYMOCYTE_DN	199	142		
GSE24142_EARLY_THYMIC_PROGENITOR_VS_DN3_THYMOCYTE_UP	200	105		
GSE24142_EARLY_THYMIC_PROGENITOR_VS_DN3_THYMOCYTE_DN	198	158		
GSE24142_DN2_VS_DN3_THYMOCYTE_UP	200	109		
GSE24142_DN2_VS_DN3_THYMOCYTE_DN	199	161		
GSE24142_EARLY_THYMIC_PROGENITOR_VS_DN2_THYMOCYTE_ADULT_UP	200	114		
GSE24142_EARLY_THYMIC_PROGENITOR_VS_DN2_THYMOCYTE_ADULT_DN	200	146		
GSE24142_EARLY_THYMIC_PROGENITOR_VS_DN3_THYMOCYTE_ADULT_UP	200	131		
GSE24142_EARLY_THYMIC_PROGENITOR_VS_DN3_THYMOCYTE_ADULT_DN	200	159		
GSE24142_DN2_VS_DN3_THYMOCYTE_ADULT_UP	199	104		
GSE24142_DN2_VS_DN3_THYMOCYTE_ADULT_DN	199	150		
GSE24142_EARLY_THYMIC_PROGENITOR_VS_DN2_THYMOCYTE_FETAL_UP	200	110		
GSE24142_EARLY_THYMIC_PROGENITOR_VS_DN2_THYMOCYTE_FETAL_DN	200	97		
GSE24142_EARLY_THYMIC_PROGENITOR_VS_DN3_THYMOCYTE_FETAL_UP	200	118		
GSE24142_EARLY_THYMIC_PROGENITOR_VS_DN3_THYMOCYTE_FETAL_DN	199	151		
GSE24142_DN2_VS_DN3_THYMOCYTE_FETAL_UP	200	112		
GSE24142_DN2_VS_DN3_THYMOCYTE_FETAL_DN	199	144		
GSE24142_ADULT_VS_FETAL_EARLY_THYMIC_PROGENITOR_UP	200	128		
GSE24142_ADULT_VS_FETAL_EARLY_THYMIC_PROGENITOR_DN	200	145		
GSE24142_ADULT_VS_FETAL_DN2_THYMOCYTE_UP	200	149		
GSE24142_ADULT_VS_FETAL_DN2_THYMOCYTE_DN	200	102		
GSE24142_ADULT_VS_FETAL_DN3_THYMOCYTE_UP	200	157		
GSE24142_ADULT_VS_FETAL_DN3_THYMOCYTE_DN	200	113		
GSE24634_NAIVE_CD4_TCELL_VS_DAY3_IL4_CONV_TREG_UP	198	138		
GSE24634_NAIVE_CD4_TCELL_VS_DAY3_IL4_CONV_TREG_DN	200	170		
GSE24634_NAIVE_CD4_TCELL_VS_DAY5_IL4_CONV_TREG_UP	200	138		
GSE24634_NAIVE_CD4_TCELL_VS_DAY5_IL4_CONV_TREG_DN	200	188		
GSE24634_NAIVE_CD4_TCELL_VS_DAY7_IL4_CONV_TREG_UP	200	149		
GSE24634_NAIVE_CD4_TCELL_VS_DAY7_IL4_CONV_TREG_DN	200	167		
GSE24634_NAIVE_CD4_TCELL_VS_DAY10_IL4_CONV_TREG_UP	198	101		
GSE24634_NAIVE_CD4_TCELL_VS_DAY10_IL4_CONV_TREG_DN	200	169		
GSE24634_TREG_VS_TCONV_POST_DAY3_IL4_CONVERSION_UP	200	169		
GSE24634_TREG_VS_TCONV_POST_DAY3_IL4_CONVERSION_DN	200	122		
GSE24634_TREG_VS_TCONV_POST_DAY5_IL4_CONVERSION_UP	200	178		
GSE24634_TREG_VS_TCONV_POST_DAY5_IL4_CONVERSION_DN	198	117		
GSE24634_TREG_VS_TCONV_POST_DAY7_IL4_CONVERSION_UP	200	157		
GSE24634_TREG_VS_TCONV_POST_DAY7_IL4_CONVERSION_DN	198	101		
GSE24634_TREG_VS_TCONV_POST_DAY10_IL4_CONVERSION_UP	199	169		
GSE24634_TREG_VS_TCONV_POST_DAY10_IL4_CONVERSION_DN	200	92		
GSE24634_TEFF_VS_TCONV_DAY3_IN_CULTURE_UP	200	172		
GSE24634_TEFF_VS_TCONV_DAY3_IN_CULTURE_DN	200	96		
GSE24634_TEFF_VS_TCONV_DAY5_IN_CULTURE_UP	200	180		
GSE24634_TEFF_VS_TCONV_DAY5_IN_CULTURE_DN	199	125		
GSE24634_TEFF_VS_TCONV_DAY7_IN_CULTURE_UP	200	171		
GSE24634_TEFF_VS_TCONV_DAY7_IN_CULTURE_DN	200	118		
GSE24634_TEFF_VS_TCONV_DAY10_IN_CULTURE_UP	200	162		
GSE24634_TEFF_VS_TCONV_DAY10_IN_CULTURE_DN	200	117		
GSE24634_IL4_VS_CTRL_TREATED_NAIVE_CD4_TCELL_DAY3_UP	200	120		
GSE24634_IL4_VS_CTRL_TREATED_NAIVE_CD4_TCELL_DAY3_DN	200	116		
GSE24634_IL4_VS_CTRL_TREATED_NAIVE_CD4_TCELL_DAY5_UP	200	113		
GSE24634_IL4_VS_CTRL_TREATED_NAIVE_CD4_TCELL_DAY5_DN	199	121		
GSE24634_IL4_VS_CTRL_TREATED_NAIVE_CD4_TCELL_DAY7_UP	198	145		
GSE24634_IL4_VS_CTRL_TREATED_NAIVE_CD4_TCELL_DAY7_DN	200	123		
GSE24634_IL4_VS_CTRL_TREATED_NAIVE_CD4_TCELL_DAY10_UP	198	124		
GSE24634_IL4_VS_CTRL_TREATED_NAIVE_CD4_TCELL_DAY10_DN	199	121		
GSE25087_FETAL_VS_ADULT_TREG_UP	198	149		
GSE25087_FETAL_VS_ADULT_TREG_DN	191	114		
GSE25087_FETAL_VS_ADULT_TCONV_UP	199	143		
GSE25087_FETAL_VS_ADULT_TCONV_DN	187	106		
GSE25087_TREG_VS_TCONV_FETUS_UP	198	145		
GSE25087_TREG_VS_TCONV_FETUS_DN	193	110		
GSE25087_TREG_VS_TCONV_ADULT_UP	199	148		
GSE25087_TREG_VS_TCONV_ADULT_DN	195	109		
GSE26495_NAIVE_VS_PD1HIGH_CD8_TCELL_UP	193	78		
GSE26495_NAIVE_VS_PD1HIGH_CD8_TCELL_DN	199	140		
GSE26495_NAIVE_VS_PD1LOW_CD8_TCELL_UP	195	94		
GSE26495_NAIVE_VS_PD1LOW_CD8_TCELL_DN	199	137		
GSE26495_PD1HIGH_VS_PD1LOW_CD8_TCELL_UP	192	92		
GSE26495_PD1HIGH_VS_PD1LOW_CD8_TCELL_DN	190	73		
GSE26669_CTRL_VS_COSTIM_BLOCK_MLR_CD4_TCELL_UP	200	145		
GSE26669_CTRL_VS_COSTIM_BLOCK_MLR_CD4_TCELL_DN	200	148		
GSE26669_CTRL_VS_COSTIM_BLOCK_MLR_CD8_TCELL_UP	200	170		
GSE26669_CTRL_VS_COSTIM_BLOCK_MLR_CD8_TCELL_DN	200	140		
GSE26669_CD4_VS_CD8_TCELL_IN_MLR_UP	200	160		
GSE26669_CD4_VS_CD8_TCELL_IN_MLR_DN	199	142		
GSE26669_CD4_VS_CD8_TCELL_IN_MLR_COSTIM_BLOCK_UP	200	154		
GSE26669_CD4_VS_CD8_TCELL_IN_MLR_COSTIM_BLOCK_DN	199	141		
GSE26928_NAIVE_VS_EFF_MEMORY_CD4_TCELL_UP	190	114		
GSE26928_NAIVE_VS_EFF_MEMORY_CD4_TCELL_DN	194	126		
GSE26928_NAIVE_VS_CENT_MEMORY_CD4_TCELL_UP	191	113		
GSE26928_NAIVE_VS_CENT_MEMORY_CD4_TCELL_DN	193	120		
GSE26928_NAIVE_VS_CXCR5_POS_CD4_TCELL_UP	195	104		
GSE26928_NAIVE_VS_CXCR5_POS_CD4_TCELL_DN	194	128		
GSE26928_EFF_MEM_VS_CENTR_MEM_CD4_TCELL_UP	190	94		
GSE26928_EFF_MEM_VS_CENTR_MEM_CD4_TCELL_DN	190	82		
GSE26928_EFF_MEMORY_VS_CXCR5_POS_CD4_TCELL_UP	190	95		
GSE26928_EFF_MEMORY_VS_CXCR5_POS_CD4_TCELL_DN	194	103		
GSE26928_CENTR_MEMORY_VS_CXCR5_POS_CD4_TCELL_UP	190	88		
GSE26928_CENTR_MEMORY_VS_CXCR5_POS_CD4_TCELL_DN	189	101		
GSE2706_UNSTIM_VS_2H_R848_DC_UP	194	128		
GSE2706_UNSTIM_VS_2H_R848_DC_DN	193	120		
GSE2706_UNSTIM_VS_8H_R848_DC_UP	199	103		
GSE2706_UNSTIM_VS_8H_R848_DC_DN	197	113		
GSE2706_UNSTIM_VS_2H_LPS_DC_UP	196	90		
GSE2706_UNSTIM_VS_2H_LPS_DC_DN	194	115		
GSE2706_UNSTIM_VS_8H_LPS_DC_UP	197	147		
GSE2706_UNSTIM_VS_8H_LPS_DC_DN	197	111		
GSE2706_UNSTIM_VS_2H_LPS_AND_R848_DC_UP	191	109		
GSE2706_UNSTIM_VS_2H_LPS_AND_R848_DC_DN	191	116		
GSE2706_UNSTIM_VS_8H_LPS_AND_R848_DC_UP	198	152		
GSE2706_UNSTIM_VS_8H_LPS_AND_R848_DC_DN	196	117		
GSE2706_R848_VS_LPS_2H_STIM_DC_UP	189	52		
GSE2706_R848_VS_LPS_2H_STIM_DC_DN	186	67		
GSE2706_R848_VS_LPS_8H_STIM_DC_UP	187	64		
GSE2706_R848_VS_LPS_8H_STIM_DC_DN	189	98		
GSE2706_R848_VS_R848_AND_LPS_2H_STIM_DC_UP	187	86		
GSE2706_R848_VS_R848_AND_LPS_2H_STIM_DC_DN	190	89		
GSE2706_R848_VS_R848_AND_LPS_8H_STIM_DC_UP	189	87		
GSE2706_R848_VS_R848_AND_LPS_8H_STIM_DC_DN	196	101		
GSE2706_LPS_VS_R848_AND_LPS_2H_STIM_DC_UP	190	61		
GSE2706_LPS_VS_R848_AND_LPS_2H_STIM_DC_DN	181	39		
GSE2706_LPS_VS_R848_AND_LPS_8H_STIM_DC_UP	199	133		
GSE2706_LPS_VS_R848_AND_LPS_8H_STIM_DC_DN	195	82		
GSE2706_2H_VS_8H_R848_STIM_DC_UP	194	116		
GSE2706_2H_VS_8H_R848_STIM_DC_DN	195	103		
GSE2706_2H_VS_8H_LPS_STIM_DC_UP	196	121		
GSE2706_2H_VS_8H_LPS_STIM_DC_DN	194	96		
GSE2706_2H_VS_8H_R848_AND_LPS_STIM_DC_UP	198	147		
GSE2706_2H_VS_8H_R848_AND_LPS_STIM_DC_DN	196	107		
GSE27786_LSK_VS_LIN_NEG_CELL_UP	199	144		
GSE27786_LSK_VS_LIN_NEG_CELL_DN	200	125		
GSE27786_LSK_VS_BCELL_UP	200	140		
GSE27786_LSK_VS_BCELL_DN	199	157		
GSE27786_LSK_VS_CD4_TCELL_UP	200	135		
GSE27786_LSK_VS_CD4_TCELL_DN	200	151		
GSE27786_LSK_VS_CD8_TCELL_UP	199	134		
GSE27786_LSK_VS_CD8_TCELL_DN	200	153		
GSE27786_LSK_VS_NKCELL_UP	200	152		
GSE27786_LSK_VS_NKCELL_DN	200	158		
GSE27786_LSK_VS_NKTCELL_UP	200	129		
GSE27786_LSK_VS_NKTCELL_DN	198	141		
GSE27786_LSK_VS_ERYTHROBLAST_UP	200	168		
GSE27786_LSK_VS_ERYTHROBLAST_DN	200	74		
GSE27786_LSK_VS_NEUTROPHIL_UP	200	158		
GSE27786_LSK_VS_NEUTROPHIL_DN	200	122		
GSE27786_LSK_VS_MONO_MAC_UP	200	162		
GSE27786_LSK_VS_MONO_MAC_DN	200	122		
GSE27786_LIN_NEG_VS_BCELL_UP	200	143		
GSE27786_LIN_NEG_VS_BCELL_DN	200	164		
GSE27786_LIN_NEG_VS_CD4_TCELL_UP	200	138		
GSE27786_LIN_NEG_VS_CD4_TCELL_DN	200	167		
GSE27786_LIN_NEG_VS_CD8_TCELL_UP	200	149		
GSE27786_LIN_NEG_VS_CD8_TCELL_DN	200	168		
GSE27786_LIN_NEG_VS_NKCELL_UP	200	126		
GSE27786_LIN_NEG_VS_NKCELL_DN	200	161		
GSE27786_LIN_NEG_VS_NKTCELL_UP	200	144		
GSE27786_LIN_NEG_VS_NKTCELL_DN	200	171		
GSE27786_LIN_NEG_VS_ERYTHROBLAST_UP	200	164		
GSE27786_LIN_NEG_VS_ERYTHROBLAST_DN	199	85		
GSE27786_LIN_NEG_VS_NEUTROPHIL_UP	199	153		
GSE27786_LIN_NEG_VS_NEUTROPHIL_DN	200	132		
GSE27786_LIN_NEG_VS_MONO_MAC_UP	200	168		
GSE27786_LIN_NEG_VS_MONO_MAC_DN	200	130		
GSE27786_BCELL_VS_CD4_TCELL_UP	200	153		
GSE27786_BCELL_VS_CD4_TCELL_DN	198	134		
GSE27786_BCELL_VS_CD8_TCELL_UP	200	164		
GSE27786_BCELL_VS_CD8_TCELL_DN	198	134		
GSE27786_BCELL_VS_NKCELL_UP	200	149		
GSE27786_BCELL_VS_NKCELL_DN	200	151		
GSE27786_BCELL_VS_NKTCELL_UP	200	151		
GSE27786_BCELL_VS_NKTCELL_DN	200	142		
GSE27786_BCELL_VS_ERYTHROBLAST_UP	200	171		
GSE27786_BCELL_VS_ERYTHROBLAST_DN	200	69		
GSE27786_BCELL_VS_NEUTROPHIL_UP	200	177		
GSE27786_BCELL_VS_NEUTROPHIL_DN	199	102		
GSE27786_BCELL_VS_MONO_MAC_UP	200	168		
GSE27786_BCELL_VS_MONO_MAC_DN	200	109		
GSE27786_CD4_VS_CD8_TCELL_UP	200	155		
GSE27786_CD4_VS_CD8_TCELL_DN	199	147		
GSE27786_CD4_TCELL_VS_NKCELL_UP	200	146		
GSE27786_CD4_TCELL_VS_NKCELL_DN	200	149		
GSE27786_CD4_TCELL_VS_NKTCELL_UP	200	161		
GSE27786_CD4_TCELL_VS_NKTCELL_DN	200	140		
GSE27786_CD4_TCELL_VS_ERYTHTROBLAST_UP	200	180		
GSE27786_CD4_TCELL_VS_ERYTHTROBLAST_DN	200	86		
GSE27786_CD4_TCELL_VS_NEUTROPHIL_UP	200	167		
GSE27786_CD4_TCELL_VS_NEUTROPHIL_DN	200	117		
GSE27786_CD4_TCELL_VS_MONO_MAC_UP	200	167		
GSE27786_CD4_TCELL_VS_MONO_MAC_DN	200	119		
GSE27786_CD8_TCELL_VS_NKCELL_UP	199	151		
GSE27786_CD8_TCELL_VS_NKCELL_DN	200	158		
GSE27786_CD8_TCELL_VS_NKTCELL_UP	200	145		
GSE27786_CD8_TCELL_VS_NKTCELL_DN	200	145		
GSE27786_CD8_TCELL_VS_ERYTHROBLAST_UP	200	185		
GSE27786_CD8_TCELL_VS_ERYTHROBLAST_DN	200	80		
GSE27786_CD8_TCELL_VS_NEUTROPHIL_UP	199	174		
GSE27786_CD8_TCELL_VS_NEUTROPHIL_DN	199	130		
GSE27786_CD8_TCELL_VS_MONO_MAC_UP	199	171		
GSE27786_CD8_TCELL_VS_MONO_MAC_DN	200	128		
GSE27786_NKCELL_VS_NKTCELL_UP	200	148		
GSE27786_NKCELL_VS_NKTCELL_DN	198	132		
GSE27786_NKCELL_VS_ERYTHROBLAST_UP	200	169		
GSE27786_NKCELL_VS_ERYTHROBLAST_DN	200	76		
GSE27786_NKCELL_VS_NEUTROPHIL_UP	200	166		
GSE27786_NKCELL_VS_NEUTROPHIL_DN	200	108		
GSE27786_NKCELL_VS_MONO_MAC_UP	200	168		
GSE27786_NKCELL_VS_MONO_MAC_DN	200	99		
GSE27786_NKTCELL_VS_ERYTHROBLAST_UP	199	174		
GSE27786_NKTCELL_VS_ERYTHROBLAST_DN	200	73		
GSE27786_NKTCELL_VS_NEUTROPHIL_UP	200	173		
GSE27786_NKTCELL_VS_NEUTROPHIL_DN	200	130		
GSE27786_NKTCELL_VS_MONO_MAC_UP	200	170		
GSE27786_NKTCELL_VS_MONO_MAC_DN	200	123		
GSE27786_ERYTHROBLAST_VS_NEUTROPHIL_UP	200	122		
GSE27786_ERYTHROBLAST_VS_NEUTROPHIL_DN	200	166		
GSE27786_ERYTHROBLAST_VS_MONO_MAC_UP	200	102		
GSE27786_ERYTHROBLAST_VS_MONO_MAC_DN	200	172		
GSE27786_NEUTROPHIL_VS_MONO_MAC_UP	199	131		
GSE27786_NEUTROPHIL_VS_MONO_MAC_DN	199	148		
GSE28237_FOLLICULAR_VS_EARLY_GC_BCELL_UP	200	136		
GSE28237_FOLLICULAR_VS_EARLY_GC_BCELL_DN	200	153		
GSE28237_FOLLICULAR_VS_LATE_GC_BCELL_UP	199	99		
GSE28237_FOLLICULAR_VS_LATE_GC_BCELL_DN	200	151		
GSE28237_EARLY_VS_LATE_GC_BCELL_UP	200	80		
GSE28237_EARLY_VS_LATE_GC_BCELL_DN	200	147		
GSE2826_WT_VS_XID_BCELL_UP	200	143		
GSE2826_WT_VS_XID_BCELL_DN	200	110		
GSE2826_WT_VS_BTK_KO_BCELL_UP	200	150		
GSE2826_WT_VS_BTK_KO_BCELL_DN	200	111		
GSE2826_XID_VS_BTK_KO_BCELL_UP	200	132		
GSE2826_XID_VS_BTK_KO_BCELL_DN	200	133		
GSE29614_CTRL_VS_TIV_FLU_VACCINE_PBMC_2007_UP	189	37		
GSE29614_CTRL_VS_TIV_FLU_VACCINE_PBMC_2007_DN	187	82		
GSE29614_CTRL_VS_DAY3_TIV_FLU_VACCINE_PBMC_UP	189	55		
GSE29614_CTRL_VS_DAY3_TIV_FLU_VACCINE_PBMC_DN	185	30		
GSE29614_CTRL_VS_DAY7_TIV_FLU_VACCINE_PBMC_UP	187	49		
GSE29614_CTRL_VS_DAY7_TIV_FLU_VACCINE_PBMC_DN	194	126		
GSE29614_DAY3_VS_DAY7_TIV_FLU_VACCINE_PBMC_UP	187	30		
GSE29614_DAY3_VS_DAY7_TIV_FLU_VACCINE_PBMC_DN	190	116		
GSE29615_CTRL_VS_DAY3_LAIV_IFLU_VACCINE_PBMC_UP	191	114		
GSE29615_CTRL_VS_DAY3_LAIV_IFLU_VACCINE_PBMC_DN	193	104		
GSE29615_CTRL_VS_DAY7_LAIV_FLU_VACCINE_PBMC_UP	193	43		
GSE29615_CTRL_VS_DAY7_LAIV_FLU_VACCINE_PBMC_DN	189	43		
GSE29615_DAY3_VS_DAY7_LAIV_FLU_VACCINE_PBMC_UP	188	74		
GSE29615_DAY3_VS_DAY7_LAIV_FLU_VACCINE_PBMC_DN	191	88		
GSE29615_CTRL_VS_LAIV_FLU_VACCINE_PBMC_UP	191	85		
GSE29615_CTRL_VS_LAIV_FLU_VACCINE_PBMC_DN	188	59		
GSE29617_CTRL_VS_TIV_FLU_VACCINE_PBMC_2008_UP	191	121		
GSE29617_CTRL_VS_TIV_FLU_VACCINE_PBMC_2008_DN	198	151		
GSE29617_CTRL_VS_DAY3_TIV_FLU_VACCINE_PBMC_2008_UP	196	130		
GSE29617_CTRL_VS_DAY3_TIV_FLU_VACCINE_PBMC_2008_DN	199	153		
GSE29617_CTRL_VS_DAY7_TIV_FLU_VACCINE_PBMC_2008_UP	196	123		
GSE29617_CTRL_VS_DAY7_TIV_FLU_VACCINE_PBMC_2008_DN	193	136		
GSE29617_DAY3_VS_DAY7_TIV_FLU_VACCINE_PBMC_2008_UP	189	94		
GSE29617_DAY3_VS_DAY7_TIV_FLU_VACCINE_PBMC_2008_DN	190	109		
GSE29618_BCELL_VS_MONOCYTE_UP	194	126		
GSE29618_BCELL_VS_MONOCYTE_DN	200	125		
GSE29618_BCELL_VS_PDC_UP	195	137		
GSE29618_BCELL_VS_PDC_DN	198	147		
GSE29618_BCELL_VS_MDC_UP	193	130		
GSE29618_BCELL_VS_MDC_DN	200	146		
GSE29618_MONOCYTE_VS_PDC_UP	199	105		
GSE29618_MONOCYTE_VS_PDC_DN	197	136		
GSE29618_MONOCYTE_VS_MDC_UP	200	105		
GSE29618_MONOCYTE_VS_MDC_DN	200	123		
GSE29618_PDC_VS_MDC_UP	198	131		
GSE29618_PDC_VS_MDC_DN	200	128		
GSE29618_BCELL_VS_MONOCYTE_DAY7_FLU_VACCINE_UP	195	128		
GSE29618_BCELL_VS_MONOCYTE_DAY7_FLU_VACCINE_DN	200	119		
GSE29618_BCELL_VS_PDC_DAY7_FLU_VACCINE_UP	193	128		
GSE29618_BCELL_VS_PDC_DAY7_FLU_VACCINE_DN	198	138		
GSE29618_BCELL_VS_MDC_DAY7_FLU_VACCINE_UP	191	124		
GSE29618_BCELL_VS_MDC_DAY7_FLU_VACCINE_DN	200	132		
GSE29618_MONOCYTE_VS_PDC_DAY7_FLU_VACCINE_UP	200	112		
GSE29618_MONOCYTE_VS_PDC_DAY7_FLU_VACCINE_DN	199	137		
GSE29618_MONOCYTE_VS_MDC_DAY7_FLU_VACCINE_UP	200	110		
GSE29618_MONOCYTE_VS_MDC_DAY7_FLU_VACCINE_DN	200	133		
GSE29618_PDC_VS_MDC_DAY7_FLU_VACCINE_UP	199	126		
GSE29618_PDC_VS_MDC_DAY7_FLU_VACCINE_DN	200	132		
GSE29618_PRE_VS_DAY7_FLU_VACCINE_BCELL_UP	196	82		
GSE29618_PRE_VS_DAY7_FLU_VACCINE_BCELL_DN	195	128		
GSE29618_PRE_VS_DAY7_FLU_VACCINE_MONOCYTE_UP	196	80		
GSE29618_PRE_VS_DAY7_FLU_VACCINE_MONOCYTE_DN	199	139		
GSE29618_PRE_VS_DAY7_FLU_VACCINE_PDC_UP	199	57		
GSE29618_PRE_VS_DAY7_FLU_VACCINE_PDC_DN	200	168		
GSE29618_PRE_VS_DAY7_FLU_VACCINE_MDC_UP	196	74		
GSE29618_PRE_VS_DAY7_FLU_VACCINE_MDC_DN	198	126		
GSE29618_PRE_VS_DAY7_POST_LAIV_FLU_VACCINE_BCELL_UP	198	151		
GSE29618_PRE_VS_DAY7_POST_LAIV_FLU_VACCINE_BCELL_DN	199	104		
GSE29618_PRE_VS_DAY7_POST_TIV_FLU_VACCINE_BCELL_UP	196	52		
GSE29618_PRE_VS_DAY7_POST_TIV_FLU_VACCINE_BCELL_DN	196	132		
GSE29618_PRE_VS_DAY7_POST_LAIV_FLU_VACCINE_MONOCYTE_UP	195	107		
GSE29618_PRE_VS_DAY7_POST_LAIV_FLU_VACCINE_MONOCYTE_DN	200	138		
GSE29618_PRE_VS_DAY7_POST_TIV_FLU_VACCINE_MONOCYTE_UP	198	93		
GSE29618_PRE_VS_DAY7_POST_TIV_FLU_VACCINE_MONOCYTE_DN	199	123		
GSE29618_PRE_VS_DAY7_POST_LAIV_FLU_VACCINE_PDC_UP	196	51		
GSE29618_PRE_VS_DAY7_POST_LAIV_FLU_VACCINE_PDC_DN	198	162		
GSE29618_PRE_VS_DAY7_POST_TIV_FLU_VACCINE_PDC_UP	200	80		
GSE29618_PRE_VS_DAY7_POST_TIV_FLU_VACCINE_PDC_DN	200	157		
GSE29618_PRE_VS_DAY7_POST_LAIV_FLU_VACCINE_MDC_UP	197	91		
GSE29618_PRE_VS_DAY7_POST_LAIV_FLU_VACCINE_MDC_DN	196	125		
GSE29618_PRE_VS_DAY7_POST_TIV_FLU_VACCINE_MDC_UP	198	95		
GSE29618_PRE_VS_DAY7_POST_TIV_FLU_VACCINE_MDC_DN	198	120		
GSE29618_LAIV_VS_TIV_FLU_VACCINE_DAY7_BCELL_UP	198	73		
GSE29618_LAIV_VS_TIV_FLU_VACCINE_DAY7_BCELL_DN	198	159		
GSE29618_LAIV_VS_TIV_FLU_VACCINE_DAY7_MONOCYTE_UP	199	126		
GSE29618_LAIV_VS_TIV_FLU_VACCINE_DAY7_MONOCYTE_DN	195	118		
GSE29618_LAIV_VS_TIV_FLU_VACCINE_DAY7_PDC_UP	198	149		
GSE29618_LAIV_VS_TIV_FLU_VACCINE_DAY7_PDC_DN	200	96		
GSE29618_LAIV_VS_TIV_FLU_VACCINE_DAY7_MDC_UP	196	123		
GSE29618_LAIV_VS_TIV_FLU_VACCINE_DAY7_MDC_DN	196	96		
GSE30083_SP1_VS_SP2_THYMOCYTE_UP	200	116		
GSE30083_SP1_VS_SP2_THYMOCYTE_DN	200	93		
GSE30083_SP1_VS_SP3_THYMOCYTE_UP	199	145		
GSE30083_SP1_VS_SP3_THYMOCYTE_DN	200	126		
GSE30083_SP1_VS_SP4_THYMOCYTE_UP	200	138		
GSE30083_SP1_VS_SP4_THYMOCYTE_DN	200	164		
GSE30083_SP2_VS_SP3_THYMOCYTE_UP	200	107		
GSE30083_SP2_VS_SP3_THYMOCYTE_DN	200	106		
GSE30083_SP2_VS_SP4_THYMOCYTE_UP	200	86		
GSE30083_SP2_VS_SP4_THYMOCYTE_DN	200	149		
GSE30083_SP3_VS_SP4_THYMOCYTE_UP	200	82		
GSE30083_SP3_VS_SP4_THYMOCYTE_DN	200	141		
GSE30962_PRIMARY_VS_SECONDARY_ACUTE_LCMV_INF_CD8_TCELL_UP	200	166		
GSE30962_PRIMARY_VS_SECONDARY_ACUTE_LCMV_INF_CD8_TCELL_DN	199	120		
GSE30962_PRIMARY_VS_SECONDARY_CHRONIC_LCMV_INF_CD8_TCELL_UP	198	172		
GSE30962_PRIMARY_VS_SECONDARY_CHRONIC_LCMV_INF_CD8_TCELL_DN	200	102		
GSE30962_ACUTE_VS_CHRONIC_LCMV_PRIMARY_INF_CD8_TCELL_UP	200	156		
GSE30962_ACUTE_VS_CHRONIC_LCMV_PRIMARY_INF_CD8_TCELL_DN	200	167		
GSE30962_ACUTE_VS_CHRONIC_LCMV_SECONDARY_INF_CD8_TCELL_UP	200	146		
GSE30962_ACUTE_VS_CHRONIC_LCMV_SECONDARY_INF_CD8_TCELL_DN	200	168		
GSE31082_DN_VS_DP_THYMOCYTE_UP	200	171		
GSE31082_DN_VS_DP_THYMOCYTE_DN	200	175		
GSE31082_DN_VS_CD4_SP_THYMOCYTE_UP	200	178		
GSE31082_DN_VS_CD4_SP_THYMOCYTE_DN	200	174		
GSE31082_DN_VS_CD8_SP_THYMOCYTE_UP	200	176		
GSE31082_DN_VS_CD8_SP_THYMOCYTE_DN	200	159		
GSE31082_DP_VS_CD4_SP_THYMOCYTE_UP	199	164		
GSE31082_DP_VS_CD4_SP_THYMOCYTE_DN	199	164		
GSE31082_DP_VS_CD8_SP_THYMOCYTE_UP	200	165		
GSE31082_DP_VS_CD8_SP_THYMOCYTE_DN	200	156		
GSE31082_CD4_VS_CD8_SP_THYMOCYTE_UP	200	179		
GSE31082_CD4_VS_CD8_SP_THYMOCYTE_DN	199	147		
GSE32423_MEMORY_VS_NAIVE_CD8_TCELL_UP	200	105		
GSE32423_MEMORY_VS_NAIVE_CD8_TCELL_DN	200	168		
GSE32423_MEMORY_VS_NAIVE_CD8_TCELL_IL7_UP	200	124		
GSE32423_MEMORY_VS_NAIVE_CD8_TCELL_IL7_DN	200	151		
GSE32423_MEMORY_VS_NAIVE_CD8_TCELL_IL7_IL4_UP	198	55		
GSE32423_MEMORY_VS_NAIVE_CD8_TCELL_IL7_IL4_DN	200	158		
GSE32423_CTRL_VS_IL7_MEMORY_CD8_TCELL_UP	198	57		
GSE32423_CTRL_VS_IL7_MEMORY_CD8_TCELL_DN	198	85		
GSE32423_CTRL_VS_IL4_MEMORY_CD8_TCELL_UP	200	133		
GSE32423_CTRL_VS_IL4_MEMORY_CD8_TCELL_DN	200	118		
GSE32423_CTRL_VS_IL7_IL4_MEMORY_CD8_TCELL_UP	200	145		
GSE32423_CTRL_VS_IL7_IL4_MEMORY_CD8_TCELL_DN	200	130		
GSE32423_IL7_VS_IL7_IL4_MEMORY_CD8_TCELL_UP	200	163		
GSE32423_IL7_VS_IL7_IL4_MEMORY_CD8_TCELL_DN	199	134		
GSE32423_IL7_VS_IL4_MEMORY_CD8_TCELL_UP	200	165		
GSE32423_IL7_VS_IL4_MEMORY_CD8_TCELL_DN	200	136		
GSE32423_IL7_VS_IL7_IL4_NAIVE_CD8_TCELL_UP	199	81		
GSE32423_IL7_VS_IL7_IL4_NAIVE_CD8_TCELL_DN	200	153		
GSE3337_CTRL_VS_4H_IFNG_IN_CD8POS_DC_UP	200	141		
GSE3337_CTRL_VS_4H_IFNG_IN_CD8POS_DC_DN	200	147		
GSE3337_CTRL_VS_16H_IFNG_IN_CD8POS_DC_UP	200	117		
GSE3337_CTRL_VS_16H_IFNG_IN_CD8POS_DC_DN	200	160		
GSE3337_4H_VS_16H_IFNG_IN_CD8POS_DC_UP	200	166		
GSE3337_4H_VS_16H_IFNG_IN_CD8POS_DC_DN	200	121		
GSE33513_TCF7_KO_VS_HET_EARLY_THYMIC_PROGENITOR_UP	199	90		
GSE33513_TCF7_KO_VS_HET_EARLY_THYMIC_PROGENITOR_DN	199	145		
GSE339_CD4POS_VS_CD8POS_DC_UP	200	151		
GSE339_CD4POS_VS_CD8POS_DC_DN	200	147		
GSE339_CD4POS_VS_CD4CD8DN_DC_UP	200	140		
GSE339_CD4POS_VS_CD4CD8DN_DC_DN	200	145		
GSE339_CD8POS_VS_CD4CD8DN_DC_UP	200	136		
GSE339_CD8POS_VS_CD4CD8DN_DC_DN	200	142		
GSE339_CD4POS_VS_CD8POS_DC_IN_CULTURE_UP	200	147		
GSE339_CD4POS_VS_CD8POS_DC_IN_CULTURE_DN	200	148		
GSE339_CD4POS_VS_CD4CD8DN_DC_IN_CULTURE_UP	200	105		
GSE339_CD4POS_VS_CD4CD8DN_DC_IN_CULTURE_DN	200	111		
GSE339_CD8POS_VS_CD4CD8DN_DC_IN_CULTURE_UP	200	147		
GSE339_CD8POS_VS_CD4CD8DN_DC_IN_CULTURE_DN	200	151		
GSE339_EX_VIVO_VS_IN_CULTURE_CD4POS_DC_UP	200	167		
GSE339_EX_VIVO_VS_IN_CULTURE_CD4POS_DC_DN	200	141		
GSE339_EX_VIVO_VS_IN_CULTURE_CD8POS_DC_UP	200	170		
GSE339_EX_VIVO_VS_IN_CULTURE_CD8POS_DC_DN	200	150		
GSE339_EX_VIVO_VS_IN_CULTURE_CD4CD8DN_DC_UP	200	165		
GSE339_EX_VIVO_VS_IN_CULTURE_CD4CD8DN_DC_DN	200	144		
GSE34205_HEALTHY_VS_RSV_INF_INFANT_PBMC_UP	194	117		
GSE34205_HEALTHY_VS_RSV_INF_INFANT_PBMC_DN	200	112		
GSE34205_HEALTHY_VS_FLU_INF_INFANT_PBMC_UP	198	126		
GSE34205_HEALTHY_VS_FLU_INF_INFANT_PBMC_DN	200	126		
GSE34205_RSV_VS_FLU_INF_INFANT_PBMC_UP	194	72		
GSE34205_RSV_VS_FLU_INF_INFANT_PBMC_DN	195	124		
GSE360_CTRL_VS_L_DONOVANI_DC_UP	199	136		
GSE360_CTRL_VS_L_DONOVANI_DC_DN	200	96		
GSE360_CTRL_VS_L_MAJOR_DC_UP	199	133		
GSE360_CTRL_VS_L_MAJOR_DC_DN	199	109		
GSE360_CTRL_VS_T_GONDII_DC_UP	199	105		
GSE360_CTRL_VS_T_GONDII_DC_DN	198	114		
GSE360_CTRL_VS_B_MALAYI_HIGH_DOSE_DC_UP	197	124		
GSE360_CTRL_VS_B_MALAYI_HIGH_DOSE_DC_DN	198	109		
GSE360_CTRL_VS_B_MALAYI_LOW_DOSE_DC_UP	198	118		
GSE360_CTRL_VS_B_MALAYI_LOW_DOSE_DC_DN	200	100		
GSE360_CTRL_VS_M_TUBERCULOSIS_DC_UP	200	149		
GSE360_CTRL_VS_M_TUBERCULOSIS_DC_DN	200	102		
GSE360_CTRL_VS_L_DONOVANI_MAC_UP	200	144		
GSE360_CTRL_VS_L_DONOVANI_MAC_DN	199	141		
GSE360_CTRL_VS_L_MAJOR_MAC_UP	199	137		
GSE360_CTRL_VS_L_MAJOR_MAC_DN	197	117		
GSE360_CTRL_VS_T_GONDII_MAC_UP	200	150		
GSE360_CTRL_VS_T_GONDII_MAC_DN	198	131		
GSE360_CTRL_VS_B_MALAYI_HIGH_DOSE_MAC_UP	200	128		
GSE360_CTRL_VS_B_MALAYI_HIGH_DOSE_MAC_DN	200	145		
GSE360_CTRL_VS_B_MALAYI_LOW_DOSE_MAC_UP	200	136		
GSE360_CTRL_VS_B_MALAYI_LOW_DOSE_MAC_DN	200	133		
GSE360_CTRL_VS_M_TUBERCULOSIS_MAC_UP	198	136		
GSE360_CTRL_VS_M_TUBERCULOSIS_MAC_DN	198	130		
GSE360_DC_VS_MAC_UP	200	128		
GSE360_DC_VS_MAC_DN	198	127		
GSE360_DC_VS_MAC_L_DONOVANI_UP	200	126		
GSE360_DC_VS_MAC_L_DONOVANI_DN	200	143		
GSE360_DC_VS_MAC_L_MAJOR_UP	200	120		
GSE360_DC_VS_MAC_L_MAJOR_DN	199	115		
GSE360_DC_VS_MAC_T_GONDII_UP	198	86		
GSE360_DC_VS_MAC_T_GONDII_DN	199	100		
GSE360_DC_VS_MAC_B_MALAYI_HIGH_DOSE_UP	200	134		
GSE360_DC_VS_MAC_B_MALAYI_HIGH_DOSE_DN	200	122		
GSE360_DC_VS_MAC_B_MALAYI_LOW_DOSE_UP	199	152		
GSE360_DC_VS_MAC_B_MALAYI_LOW_DOSE_DN	200	140		
GSE360_DC_VS_MAC_M_TUBERCULOSIS_UP	196	116		
GSE360_DC_VS_MAC_M_TUBERCULOSIS_DN	199	133		
GSE360_L_DONOVANI_VS_L_MAJOR_DC_UP	200	104		
GSE360_L_DONOVANI_VS_L_MAJOR_DC_DN	196	114		
GSE360_L_DONOVANI_VS_T_GONDII_DC_UP	200	83		
GSE360_L_DONOVANI_VS_T_GONDII_DC_DN	197	119		
GSE360_L_DONOVANI_VS_B_MALAYI_HIGH_DOSE_DC_UP	199	111		
GSE360_L_DONOVANI_VS_B_MALAYI_HIGH_DOSE_DC_DN	199	143		
GSE360_L_DONOVANI_VS_B_MALAYI_LOW_DOSE_DC_UP	199	113		
GSE360_L_DONOVANI_VS_B_MALAYI_LOW_DOSE_DC_DN	200	137		
GSE360_L_DONOVANI_VS_M_TUBERCULOSIS_DC_UP	199	123		
GSE360_L_DONOVANI_VS_M_TUBERCULOSIS_DC_DN	199	126		
GSE360_L_MAJOR_VS_T_GONDII_DC_UP	197	65		
GSE360_L_MAJOR_VS_T_GONDII_DC_DN	198	85		
GSE360_L_MAJOR_VS_B_MALAYI_HIGH_DOSE_DC_UP	200	114		
GSE360_L_MAJOR_VS_B_MALAYI_HIGH_DOSE_DC_DN	198	121		
GSE360_L_MAJOR_VS_B_MALAYI_LOW_DOSE_DC_UP	200	125		
GSE360_L_MAJOR_VS_B_MALAYI_LOW_DOSE_DC_DN	200	137		
GSE360_L_MAJOR_VS_M_TUBERCULOSIS_DC_UP	199	122		
GSE360_L_MAJOR_VS_M_TUBERCULOSIS_DC_DN	199	110		
GSE360_T_GONDII_VS_B_MALAYI_HIGH_DOSE_DC_UP	198	107		
GSE360_T_GONDII_VS_B_MALAYI_HIGH_DOSE_DC_DN	200	117		
GSE360_T_GONDII_VS_B_MALAYI_LOW_DOSE_DC_UP	197	113		
GSE360_T_GONDII_VS_B_MALAYI_LOW_DOSE_DC_DN	199	108		
GSE360_T_GONDII_VS_M_TUBERCULOSIS_DC_UP	200	119		
GSE360_T_GONDII_VS_M_TUBERCULOSIS_DC_DN	199	100		
GSE360_HIGH_VS_LOW_DOSE_B_MALAYI_DC_UP	197	124		
GSE360_HIGH_VS_LOW_DOSE_B_MALAYI_DC_DN	200	107		
GSE360_HIGH_DOSE_B_MALAYI_VS_M_TUBERCULOSIS_DC_UP	200	149		
GSE360_HIGH_DOSE_B_MALAYI_VS_M_TUBERCULOSIS_DC_DN	200	117		
GSE360_LOW_DOSE_B_MALAYI_VS_M_TUBERCULOSIS_DC_UP	200	146		
GSE360_LOW_DOSE_B_MALAYI_VS_M_TUBERCULOSIS_DC_DN	199	130		
GSE360_L_DONOVANI_VS_L_MAJOR_MAC_UP	199	126		
GSE360_L_DONOVANI_VS_L_MAJOR_MAC_DN	200	103		
GSE360_L_DONOVANI_VS_T_GONDII_MAC_UP	200	109		
GSE360_L_DONOVANI_VS_T_GONDII_MAC_DN	200	154		
GSE360_L_DONOVANI_VS_B_MALAYI_HIGH_DOSE_MAC_UP	199	108		
GSE360_L_DONOVANI_VS_B_MALAYI_HIGH_DOSE_MAC_DN	200	140		
GSE360_L_DONOVANI_VS_B_MALAYI_LOW_DOSE_MAC_UP	199	134		
GSE360_L_DONOVANI_VS_B_MALAYI_LOW_DOSE_MAC_DN	199	136		
GSE360_L_DONOVANI_VS_M_TUBERCULOSIS_MAC_UP	200	132		
GSE360_L_DONOVANI_VS_M_TUBERCULOSIS_MAC_DN	199	116		
GSE360_L_MAJOR_VS_T_GONDII_MAC_UP	197	90		
GSE360_L_MAJOR_VS_T_GONDII_MAC_DN	199	139		
GSE360_L_MAJOR_VS_B_MALAYI_HIGH_DOSE_MAC_UP	200	97		
GSE360_L_MAJOR_VS_B_MALAYI_HIGH_DOSE_MAC_DN	198	142		
GSE360_L_MAJOR_VS_B_MALAYI_LOW_DOSE_MAC_UP	197	102		
GSE360_L_MAJOR_VS_B_MALAYI_LOW_DOSE_MAC_DN	199	145		
GSE360_L_MAJOR_VS_M_TUBERCULOSIS_MAC_UP	196	88		
GSE360_L_MAJOR_VS_M_TUBERCULOSIS_MAC_DN	197	108		
GSE360_T_GONDII_VS_B_MALAYI_HIGH_DOSE_MAC_UP	199	132		
GSE360_T_GONDII_VS_B_MALAYI_HIGH_DOSE_MAC_DN	199	125		
GSE360_T_GONDII_VS_B_MALAYI_LOW_DOSE_MAC_UP	196	136		
GSE360_T_GONDII_VS_B_MALAYI_LOW_DOSE_MAC_DN	199	139		
GSE360_T_GONDII_VS_M_TUBERCULOSIS_MAC_UP	199	135		
GSE360_T_GONDII_VS_M_TUBERCULOSIS_MAC_DN	198	100		
GSE360_HIGH_VS_LOW_DOSE_B_MALAYI_MAC_UP	199	131		
GSE360_HIGH_VS_LOW_DOSE_B_MALAYI_MAC_DN	200	125		
GSE360_HIGH_DOSE_B_MALAYI_VS_M_TUBERCULOSIS_MAC_UP	199	133		
GSE360_HIGH_DOSE_B_MALAYI_VS_M_TUBERCULOSIS_MAC_DN	199	112		
GSE360_LOW_DOSE_B_MALAYI_VS_M_TUBERCULOSIS_MAC_UP	199	123		
GSE360_LOW_DOSE_B_MALAYI_VS_M_TUBERCULOSIS_MAC_DN	199	129		
GSE36392_TYPE_2_MYELOID_VS_EOSINOPHIL_IL25_TREATED_LUNG_UP	199	125		
GSE36392_TYPE_2_MYELOID_VS_EOSINOPHIL_IL25_TREATED_LUNG_DN	200	123		
GSE36392_TYPE_2_MYELOID_VS_MAC_IL25_TREATED_LUNG_UP	200	57		
GSE36392_TYPE_2_MYELOID_VS_MAC_IL25_TREATED_LUNG_DN	200	154		
GSE36392_TYPE_2_MYELOID_VS_NEUTROPHIL_IL25_TREATED_LUNG_UP	200	124		
GSE36392_TYPE_2_MYELOID_VS_NEUTROPHIL_IL25_TREATED_LUNG_DN	200	156		
GSE36392_EOSINOPHIL_VS_MAC_IL25_TREATED_LUNG_UP	200	50		
GSE36392_EOSINOPHIL_VS_MAC_IL25_TREATED_LUNG_DN	199	163		
GSE36392_EOSINOPHIL_VS_NEUTROPHIL_IL25_TREATED_LUNG_UP	200	127		
GSE36392_EOSINOPHIL_VS_NEUTROPHIL_IL25_TREATED_LUNG_DN	199	156		
GSE36392_MAC_VS_NEUTROPHIL_IL25_TREATED_LUNG_UP	200	156		
GSE36392_MAC_VS_NEUTROPHIL_IL25_TREATED_LUNG_DN	200	84		
GSE36476_CTRL_VS_TSST_ACT_16H_MEMORY_CD4_TCELL_YOUNG_UP	198	155		
GSE36476_CTRL_VS_TSST_ACT_16H_MEMORY_CD4_TCELL_YOUNG_DN	200	156		
GSE36476_CTRL_VS_TSST_ACT_40H_MEMORY_CD4_TCELL_YOUNG_UP	197	152		
GSE36476_CTRL_VS_TSST_ACT_40H_MEMORY_CD4_TCELL_YOUNG_DN	200	167		
GSE36476_CTRL_VS_TSST_ACT_72H_MEMORY_CD4_TCELL_YOUNG_UP	198	150		
GSE36476_CTRL_VS_TSST_ACT_72H_MEMORY_CD4_TCELL_YOUNG_DN	200	176		
GSE36476_CTRL_VS_TSST_ACT_16H_MEMORY_CD4_TCELL_OLD_UP	198	124		
GSE36476_CTRL_VS_TSST_ACT_16H_MEMORY_CD4_TCELL_OLD_DN	200	154		
GSE36476_CTRL_VS_TSST_ACT_40H_MEMORY_CD4_TCELL_OLD_UP	197	112		
GSE36476_CTRL_VS_TSST_ACT_40H_MEMORY_CD4_TCELL_OLD_DN	200	173		
GSE36476_CTRL_VS_TSST_ACT_72H_MEMORY_CD4_TCELL_OLD_UP	197	109		
GSE36476_CTRL_VS_TSST_ACT_72H_MEMORY_CD4_TCELL_OLD_DN	200	173		
GSE36476_YOUNG_VS_OLD_DONOR_MEMORY_CD4_TCELL_UP	193	106		
GSE36476_YOUNG_VS_OLD_DONOR_MEMORY_CD4_TCELL_DN	198	53		
GSE36476_YOUNG_VS_OLD_DONOR_MEMORY_CD4_TCELL_16H_TSST_ACT_UP	196	83		
GSE36476_YOUNG_VS_OLD_DONOR_MEMORY_CD4_TCELL_16H_TSST_ACT_DN	196	103		
GSE36476_YOUNG_VS_OLD_DONOR_MEMORY_CD4_TCELL_40H_TSST_ACT_UP	195	50		
GSE36476_YOUNG_VS_OLD_DONOR_MEMORY_CD4_TCELL_40H_TSST_ACT_DN	197	151		
GSE36476_YOUNG_VS_OLD_DONOR_MEMORY_CD4_TCELL_72H_TSST_ACT_UP	199	72		
GSE36476_YOUNG_VS_OLD_DONOR_MEMORY_CD4_TCELL_72H_TSST_ACT_DN	198	128		
GSE37416_CTRL_VS_0H_F_TULARENSIS_LVS_NEUTROPHIL_UP	189	77		
GSE37416_CTRL_VS_0H_F_TULARENSIS_LVS_NEUTROPHIL_DN	189	43		
GSE37416_CTRL_VS_3H_F_TULARENSIS_LVS_NEUTROPHIL_UP	194	130		
GSE37416_CTRL_VS_3H_F_TULARENSIS_LVS_NEUTROPHIL_DN	195	116		
GSE37416_CTRL_VS_6H_F_TULARENSIS_LVS_NEUTROPHIL_UP	197	146		
GSE37416_CTRL_VS_6H_F_TULARENSIS_LVS_NEUTROPHIL_DN	196	144		
GSE37416_CTRL_VS_12H_F_TULARENSIS_LVS_NEUTROPHIL_UP	195	154		
GSE37416_CTRL_VS_12H_F_TULARENSIS_LVS_NEUTROPHIL_DN	198	143		
GSE37416_CTRL_VS_24H_F_TULARENSIS_LVS_NEUTROPHIL_UP	195	143		
GSE37416_CTRL_VS_24H_F_TULARENSIS_LVS_NEUTROPHIL_DN	200	162		
GSE37416_CTRL_VS_48H_F_TULARENSIS_LVS_NEUTROPHIL_UP	193	103		
GSE37416_CTRL_VS_48H_F_TULARENSIS_LVS_NEUTROPHIL_DN	199	163		
GSE37416_0H_VS_3H_F_TULARENSIS_LVS_NEUTROPHIL_UP	198	149		
GSE37416_0H_VS_3H_F_TULARENSIS_LVS_NEUTROPHIL_DN	197	162		
GSE37416_0H_VS_6H_F_TULARENSIS_LVS_NEUTROPHIL_UP	198	139		
GSE37416_0H_VS_6H_F_TULARENSIS_LVS_NEUTROPHIL_DN	198	154		
GSE37416_0H_VS_12H_F_TULARENSIS_LVS_NEUTROPHIL_UP	197	144		
GSE37416_0H_VS_12H_F_TULARENSIS_LVS_NEUTROPHIL_DN	199	151		
GSE37416_0H_VS_24H_F_TULARENSIS_LVS_NEUTROPHIL_UP	196	140		
GSE37416_0H_VS_24H_F_TULARENSIS_LVS_NEUTROPHIL_DN	199	156		
GSE37416_0H_VS_48H_F_TULARENSIS_LVS_NEUTROPHIL_UP	196	148		
GSE37416_0H_VS_48H_F_TULARENSIS_LVS_NEUTROPHIL_DN	195	147		
GSE37416_12H_VS_24H_F_TULARENSIS_LVS_NEUTROPHIL_UP	199	147		
GSE37416_12H_VS_24H_F_TULARENSIS_LVS_NEUTROPHIL_DN	196	137		
GSE37416_12H_VS_48H_F_TULARENSIS_LVS_NEUTROPHIL_UP	199	154		
GSE37416_12H_VS_48H_F_TULARENSIS_LVS_NEUTROPHIL_DN	190	104		
GSE3982_CTRL_VS_PMA_STIM_EOSINOPHIL_UP	196	134		
GSE3982_CTRL_VS_PMA_STIM_EOSINOPHIL_DN	200	100		
GSE3982_CTRL_VS_IGE_STIM_MAST_CELL_UP	199	144		
GSE3982_CTRL_VS_IGE_STIM_MAST_CELL_DN	199	139		
GSE3982_CTRL_VS_LPS_4H_MAC_UP	200	149		
GSE3982_CTRL_VS_LPS_4H_MAC_DN	198	134		
GSE3982_CTRL_VS_LPS_1H_NEUTROPHIL_UP	198	118		
GSE3982_CTRL_VS_LPS_1H_NEUTROPHIL_DN	198	104		
GSE3982_CTRL_VS_LPS_48H_DC_UP	200	111		
GSE3982_CTRL_VS_LPS_48H_DC_DN	200	122		
GSE3982_MEMORY_CD4_TCELL_VS_TH1_UP	197	127		
GSE3982_MEMORY_CD4_TCELL_VS_TH1_DN	199	157		
GSE3982_MEMORY_CD4_TCELL_VS_TH2_UP	196	129		
GSE3982_MEMORY_CD4_TCELL_VS_TH2_DN	199	163		
GSE3982_MEMORY_CD4_TCELL_VS_BCELL_UP	199	107		
GSE3982_MEMORY_CD4_TCELL_VS_BCELL_DN	197	114		
GSE3982_DC_VS_MAC_LPS_STIM_UP	200	138		
GSE3982_DC_VS_MAC_LPS_STIM_DN	199	105		
GSE3982_DC_VS_NEUTROPHIL_LPS_STIM_UP	199	149		
GSE3982_DC_VS_NEUTROPHIL_LPS_STIM_DN	194	99		
GSE3982_MAC_VS_NEUTROPHIL_LPS_STIM_UP	200	146		
GSE3982_MAC_VS_NEUTROPHIL_LPS_STIM_DN	196	96		
GSE3982_EOSINOPHIL_VS_MAST_CELL_UP	199	105		
GSE3982_EOSINOPHIL_VS_MAST_CELL_DN	198	153		
GSE3982_EOSINOPHIL_VS_DC_UP	199	110		
GSE3982_EOSINOPHIL_VS_DC_DN	200	134		
GSE3982_EOSINOPHIL_VS_MAC_UP	196	115		
GSE3982_EOSINOPHIL_VS_MAC_DN	199	149		
GSE3982_EOSINOPHIL_VS_NEUTROPHIL_UP	199	147		
GSE3982_EOSINOPHIL_VS_NEUTROPHIL_DN	196	108		
GSE3982_EOSINOPHIL_VS_BCELL_UP	199	87		
GSE3982_EOSINOPHIL_VS_BCELL_DN	197	152		
GSE3982_EOSINOPHIL_VS_BASOPHIL_UP	196	110		
GSE3982_EOSINOPHIL_VS_BASOPHIL_DN	198	147		
GSE3982_EOSINOPHIL_VS_EFF_MEMORY_CD4_TCELL_UP	200	140		
GSE3982_EOSINOPHIL_VS_EFF_MEMORY_CD4_TCELL_DN	197	139		
GSE3982_EOSINOPHIL_VS_CENT_MEMORY_CD4_TCELL_UP	200	139		
GSE3982_EOSINOPHIL_VS_CENT_MEMORY_CD4_TCELL_DN	197	149		
GSE3982_EOSINOPHIL_VS_NKCELL_UP	197	117		
GSE3982_EOSINOPHIL_VS_NKCELL_DN	197	127		
GSE3982_EOSINOPHIL_VS_TH1_UP	195	115		
GSE3982_EOSINOPHIL_VS_TH1_DN	200	157		
GSE3982_EOSINOPHIL_VS_TH2_UP	195	106		
GSE3982_EOSINOPHIL_VS_TH2_DN	198	160		
GSE3982_MAST_CELL_VS_DC_UP	199	120		
GSE3982_MAST_CELL_VS_DC_DN	199	102		
GSE3982_MAST_CELL_VS_MAC_UP	199	143		
GSE3982_MAST_CELL_VS_MAC_DN	195	123		
GSE3982_MAST_CELL_VS_NEUTROPHIL_UP	199	157		
GSE3982_MAST_CELL_VS_NEUTROPHIL_DN	197	116		
GSE3982_MAST_CELL_VS_BCELL_UP	200	106		
GSE3982_MAST_CELL_VS_BCELL_DN	197	118		
GSE3982_MAST_CELL_VS_BASOPHIL_UP	197	120		
GSE3982_MAST_CELL_VS_BASOPHIL_DN	199	133		
GSE3982_MAST_CELL_VS_EFF_MEMORY_CD4_TCELL_UP	199	131		
GSE3982_MAST_CELL_VS_EFF_MEMORY_CD4_TCELL_DN	195	103		
GSE3982_MAST_CELL_VS_CENT_MEMORY_CD4_TCELL_UP	199	144		
GSE3982_MAST_CELL_VS_CENT_MEMORY_CD4_TCELL_DN	198	118		
GSE3982_MAST_CELL_VS_NKCELL_UP	199	137		
GSE3982_MAST_CELL_VS_NKCELL_DN	199	109		
GSE3982_MAST_CELL_VS_TH1_UP	198	112		
GSE3982_MAST_CELL_VS_TH1_DN	198	147		
GSE3982_MAST_CELL_VS_TH2_UP	198	118		
GSE3982_MAST_CELL_VS_TH2_DN	200	156		
GSE3982_DC_VS_MAC_UP	200	115		
GSE3982_DC_VS_MAC_DN	200	105		
GSE3982_DC_VS_NEUTROPHIL_UP	200	151		
GSE3982_DC_VS_NEUTROPHIL_DN	197	117		
GSE3982_DC_VS_BCELL_UP	200	109		
GSE3982_DC_VS_BCELL_DN	197	107		
GSE3982_DC_VS_BASOPHIL_UP	200	123		
GSE3982_DC_VS_BASOPHIL_DN	199	131		
GSE3982_DC_VS_EFF_MEMORY_CD4_TCELL_UP	199	117		
GSE3982_DC_VS_EFF_MEMORY_CD4_TCELL_DN	196	107		
GSE3982_DC_VS_CENT_MEMORY_CD4_TCELL_UP	200	118		
GSE3982_DC_VS_CENT_MEMORY_CD4_TCELL_DN	200	109		
GSE3982_DC_VS_NKCELL_UP	200	119		
GSE3982_DC_VS_NKCELL_DN	197	99		
GSE3982_DC_VS_TH1_UP	200	104		
GSE3982_DC_VS_TH1_DN	199	144		
GSE3982_DC_VS_TH2_UP	200	96		
GSE3982_DC_VS_TH2_DN	199	149		
GSE3982_MAC_VS_NEUTROPHIL_UP	198	151		
GSE3982_MAC_VS_NEUTROPHIL_DN	195	108		
GSE3982_MAC_VS_BCELL_UP	200	119		
GSE3982_MAC_VS_BCELL_DN	197	127		
GSE3982_MAC_VS_BASOPHIL_UP	200	135		
GSE3982_MAC_VS_BASOPHIL_DN	197	123		
GSE3982_MAC_VS_EFF_MEMORY_CD4_TCELL_UP	200	129		
GSE3982_MAC_VS_EFF_MEMORY_CD4_TCELL_DN	196	106		
GSE3982_MAC_VS_CENT_MEMORY_CD4_TCELL_UP	200	136		
GSE3982_MAC_VS_CENT_MEMORY_CD4_TCELL_DN	198	122		
GSE3982_MAC_VS_NKCELL_UP	199	126		
GSE3982_MAC_VS_NKCELL_DN	198	101		
GSE3982_MAC_VS_TH1_UP	198	121		
GSE3982_MAC_VS_TH1_DN	199	154		
GSE3982_MAC_VS_TH2_UP	199	125		
GSE3982_MAC_VS_TH2_DN	199	144		
GSE3982_NEUTROPHIL_VS_BCELL_UP	200	96		
GSE3982_NEUTROPHIL_VS_BCELL_DN	198	163		
GSE3982_NEUTROPHIL_VS_BASOPHIL_UP	196	117		
GSE3982_NEUTROPHIL_VS_BASOPHIL_DN	200	154		
GSE3982_NEUTROPHIL_VS_EFF_MEMORY_CD4_TCELL_UP	199	136		
GSE3982_NEUTROPHIL_VS_EFF_MEMORY_CD4_TCELL_DN	199	154		
GSE3982_NEUTROPHIL_VS_CENT_MEMORY_CD4_TCELL_UP	200	136		
GSE3982_NEUTROPHIL_VS_CENT_MEMORY_CD4_TCELL_DN	200	153		
GSE3982_NEUTROPHIL_VS_NKCELL_UP	199	133		
GSE3982_NEUTROPHIL_VS_NKCELL_DN	198	141		
GSE3982_NEUTROPHIL_VS_TH1_UP	197	112		
GSE3982_NEUTROPHIL_VS_TH1_DN	199	163		
GSE3982_NEUTROPHIL_VS_TH2_UP	200	116		
GSE3982_NEUTROPHIL_VS_TH2_DN	198	165		
GSE3982_BCELL_VS_BASOPHIL_UP	199	118		
GSE3982_BCELL_VS_BASOPHIL_DN	200	102		
GSE3982_BCELL_VS_EFF_MEMORY_CD4_TCELL_UP	198	118		
GSE3982_BCELL_VS_EFF_MEMORY_CD4_TCELL_DN	195	71		
GSE3982_BCELL_VS_CENT_MEMORY_CD4_TCELL_UP	198	119		
GSE3982_BCELL_VS_CENT_MEMORY_CD4_TCELL_DN	198	86		
GSE3982_BCELL_VS_NKCELL_UP	197	120		
GSE3982_BCELL_VS_NKCELL_DN	197	73		
GSE3982_BCELL_VS_TH1_UP	198	101		
GSE3982_BCELL_VS_TH1_DN	198	125		
GSE3982_BCELL_VS_TH2_UP	197	103		
GSE3982_BCELL_VS_TH2_DN	199	119		
GSE3982_BASOPHIL_VS_EFF_MEMORY_CD4_TCELL_UP	200	141		
GSE3982_BASOPHIL_VS_EFF_MEMORY_CD4_TCELL_DN	196	113		
GSE3982_BASOPHIL_VS_CENT_MEMORY_CD4_TCELL_UP	200	126		
GSE3982_BASOPHIL_VS_CENT_MEMORY_CD4_TCELL_DN	200	120		
GSE3982_BASOPHIL_VS_NKCELL_UP	198	115		
GSE3982_BASOPHIL_VS_NKCELL_DN	197	105		
GSE3982_BASOPHIL_VS_TH1_UP	199	130		
GSE3982_BASOPHIL_VS_TH1_DN	199	149		
GSE3982_BASOPHIL_VS_TH2_UP	200	124		
GSE3982_BASOPHIL_VS_TH2_DN	199	152		
GSE3982_EFF_MEMORY_VS_CENT_MEMORY_CD4_TCELL_UP	195	103		
GSE3982_EFF_MEMORY_VS_CENT_MEMORY_CD4_TCELL_DN	198	103		
GSE3982_EFF_MEMORY_CD4_TCELL_VS_NKCELL_UP	198	107		
GSE3982_EFF_MEMORY_CD4_TCELL_VS_NKCELL_DN	198	101		
GSE3982_EFF_MEMORY_CD4_TCELL_VS_TH1_UP	198	93		
GSE3982_EFF_MEMORY_CD4_TCELL_VS_TH1_DN	199	150		
GSE3982_EFF_MEMORY_CD4_TCELL_VS_TH2_UP	198	94		
GSE3982_EFF_MEMORY_CD4_TCELL_VS_TH2_DN	200	161		
GSE3982_CENT_MEMORY_CD4_TCELL_VS_NKCELL_UP	198	119		
GSE3982_CENT_MEMORY_CD4_TCELL_VS_NKCELL_DN	198	107		
GSE3982_CENT_MEMORY_CD4_TCELL_VS_TH1_UP	198	109		
GSE3982_CENT_MEMORY_CD4_TCELL_VS_TH1_DN	200	160		
GSE3982_CENT_MEMORY_CD4_TCELL_VS_TH2_UP	198	116		
GSE3982_CENT_MEMORY_CD4_TCELL_VS_TH2_DN	200	154		
GSE3982_NKCELL_VS_TH1_UP	195	80		
GSE3982_NKCELL_VS_TH1_DN	200	156		
GSE3982_NKCELL_VS_TH2_UP	198	87		
GSE3982_NKCELL_VS_TH2_DN	200	163		
GSE39820_CTRL_VS_IL1B_IL6_CD4_TCELL_UP	199	164		
GSE39820_CTRL_VS_IL1B_IL6_CD4_TCELL_DN	199	134		
GSE39820_CTRL_VS_IL1B_IL6_IL23A_CD4_TCELL_UP	200	172		
GSE39820_CTRL_VS_IL1B_IL6_IL23A_CD4_TCELL_DN	200	150		
GSE39820_CTRL_VS_TGFBETA1_IL6_CD4_TCELL_UP	199	172		
GSE39820_CTRL_VS_TGFBETA1_IL6_CD4_TCELL_DN	200	169		
GSE39820_CTRL_VS_TGFBETA1_IL6_IL23A_CD4_TCELL_UP	199	172		
GSE39820_CTRL_VS_TGFBETA1_IL6_IL23A_CD4_TCELL_DN	199	161		
GSE39820_CTRL_VS_TGFBETA3_IL6_CD4_TCELL_UP	200	166		
GSE39820_CTRL_VS_TGFBETA3_IL6_CD4_TCELL_DN	200	164		
GSE39820_CTRL_VS_TGFBETA3_IL6_IL23A_CD4_TCELL_UP	200	172		
GSE39820_CTRL_VS_TGFBETA3_IL6_IL23A_CD4_TCELL_DN	198	157		
GSE39820_IL1B_IL6_VS_IL1B_IL6_IL23A_TREATED_CD4_TCELL_UP	199	108		
GSE39820_IL1B_IL6_VS_IL1B_IL6_IL23A_TREATED_CD4_TCELL_DN	200	112		
GSE39820_TGFBETA1_IL6_VS_TGFBETA1_IL6_IL23A_TREATED_CD4_TCELL_UP	200	167		
GSE39820_TGFBETA1_IL6_VS_TGFBETA1_IL6_IL23A_TREATED_CD4_TCELL_DN	200	149		
GSE39820_TGFBETA3_IL6_VS_TGFBETA3_IL6_IL23A_TREATED_CD4_TCELL_UP	199	148		
GSE39820_TGFBETA3_IL6_VS_TGFBETA3_IL6_IL23A_TREATED_CD4_TCELL_DN	200	125		
GSE39820_TGFBETA1_VS_TGFBETA3_IN_IL6_TREATED_CD4_TCELL_UP	200	165		
GSE39820_TGFBETA1_VS_TGFBETA3_IN_IL6_TREATED_CD4_TCELL_DN	199	121		
GSE39820_TGFBETA1_VS_TGFBETA3_IN_IL6_IL23A_TREATED_CD4_TCELL_UP	200	124		
GSE39820_TGFBETA1_VS_TGFBETA3_IN_IL6_IL23A_TREATED_CD4_TCELL_DN	199	123		
GSE5463_CTRL_VS_DEXAMETHASONE_TREATED_THYMOCYTE_UP	200	171		
GSE5463_CTRL_VS_DEXAMETHASONE_TREATED_THYMOCYTE_DN	199	140		
GSE5960_TH1_VS_ANERGIC_TH1_UP	199	150		
GSE5960_TH1_VS_ANERGIC_TH1_DN	200	157		
GSE6269_HEALTHY_VS_FLU_INF_PBMC_UP	176	124		
GSE6269_HEALTHY_VS_FLU_INF_PBMC_DN	163	121		
GSE6269_HEALTHY_VS_E_COLI_INF_PBMC_UP	175	133		
GSE6269_HEALTHY_VS_E_COLI_INF_PBMC_DN	173	72		
GSE6269_FLU_VS_STAPH_AUREUS_INF_PBMC_UP	184	137		
GSE6269_FLU_VS_STAPH_AUREUS_INF_PBMC_DN	167	94		
GSE6269_HEALTHY_VS_STAPH_PNEUMO_INF_PBMC_UP	187	144		
GSE6269_HEALTHY_VS_STAPH_PNEUMO_INF_PBMC_DN	170	87		
GSE6269_FLU_VS_E_COLI_INF_PBMC_UP	165	129		
GSE6269_FLU_VS_E_COLI_INF_PBMC_DN	164	63		
GSE6269_HEALTHY_VS_STAPH_AUREUS_INF_PBMC_UP	173	130		
GSE6269_HEALTHY_VS_STAPH_AUREUS_INF_PBMC_DN	177	91		
GSE6269_FLU_VS_STREP_PNEUMO_INF_PBMC_UP	171	138		
GSE6269_FLU_VS_STREP_PNEUMO_INF_PBMC_DN	172	74		
GSE6269_E_COLI_VS_STAPH_AUREUS_INF_PBMC_UP	156	100		
GSE6269_E_COLI_VS_STAPH_AUREUS_INF_PBMC_DN	176	122		
GSE6269_E_COLI_VS_STREP_PNEUMO_INF_PBMC_UP	168	90		
GSE6269_E_COLI_VS_STREP_PNEUMO_INF_PBMC_DN	166	88		
GSE6269_STAPH_AUREUS_VS_STREP_PNEUMO_INF_PBMC_UP	177	104		
GSE6269_STAPH_AUREUS_VS_STREP_PNEUMO_INF_PBMC_DN	181	103		
GSE6566_STRONG_VS_WEAK_DC_STIMULATED_CD4_TCELL_UP	191	66		
GSE6566_STRONG_VS_WEAK_DC_STIMULATED_CD4_TCELL_DN	190	110		
GSE7400_CTRL_VS_CSF3_IN_VIVO_TREATED_PBMC_UP	200	160		
GSE7400_CTRL_VS_CSF3_IN_VIVO_TREATED_PBMC_DN	198	106		
GSE7460_TCONV_VS_TREG_LN_UP	200	144		
GSE7460_TCONV_VS_TREG_LN_DN	200	162		
GSE7460_TCONV_VS_TREG_THYMUS_UP	200	147		
GSE7460_TCONV_VS_TREG_THYMUS_DN	200	152		
GSE7460_CTRL_VS_TGFB_TREATED_ACT_CD8_TCELL_UP	200	143		
GSE7460_CTRL_VS_TGFB_TREATED_ACT_CD8_TCELL_DN	200	124		
GSE7460_CTRL_VS_TGFB_TREATED_ACT_TREG_UP	200	164		
GSE7460_CTRL_VS_TGFB_TREATED_ACT_TREG_DN	199	115		
GSE7460_CD8_TCELL_VS_TREG_ACT_UP	200	130		
GSE7460_CD8_TCELL_VS_TREG_ACT_DN	199	169		
GSE7460_CD8_TCELL_VS_CD4_TCELL_ACT_UP	199	140		
GSE7460_CD8_TCELL_VS_CD4_TCELL_ACT_DN	200	165		
GSE7460_TREG_VS_TCONV_ACT_UP	200	146		
GSE7460_TREG_VS_TCONV_ACT_DN	197	104		
GSE7460_TREG_VS_TCONV_ACT_WITH_TGFB_UP	198	97		
GSE7460_TREG_VS_TCONV_ACT_WITH_TGFB_DN	200	145		
GSE7460_CTRL_VS_TGFB_TREATED_ACT_TCONV_UP	199	135		
GSE7460_CTRL_VS_TGFB_TREATED_ACT_TCONV_DN	200	142		
GSE7460_CTRL_VS_TGFB_TREATED_ACT_FOXP3_HET_TCONV_UP	200	158		
GSE7460_CTRL_VS_TGFB_TREATED_ACT_FOXP3_HET_TCONV_DN	200	157		
GSE7460_CTRL_VS_TGFB_TREATED_ACT_FOXP3_MUT_TCONV_UP	200	131		
GSE7460_CTRL_VS_TGFB_TREATED_ACT_FOXP3_MUT_TCONV_DN	200	114		
GSE7460_FOXP3_MUT_VS_WT_ACT_TCONV_UP	200	149		
GSE7460_FOXP3_MUT_VS_WT_ACT_TCONV_DN	198	156		
GSE7460_FOXP3_MUT_VS_WT_ACT_WITH_TGFB_TCONV_UP	200	142		
GSE7460_FOXP3_MUT_VS_WT_ACT_WITH_TGFB_TCONV_DN	199	159		
GSE7460_FOXP3_MUT_VS_HET_ACT_TCONV_UP	200	95		
GSE7460_FOXP3_MUT_VS_HET_ACT_TCONV_DN	199	106		
GSE7460_WT_VS_FOXP3_HET_ACT_TCONV_UP	199	155		
GSE7460_WT_VS_FOXP3_HET_ACT_TCONV_DN	199	158		
GSE7460_WT_VS_FOXP3_HET_ACT_WITH_TGFB_TCONV_UP	199	149		
GSE7460_WT_VS_FOXP3_HET_ACT_WITH_TGFB_TCONV_DN	199	131		
GSE7460_CTRL_VS_FOXP3_OVEREXPR_TCONV_UP	199	74		
GSE7460_CTRL_VS_FOXP3_OVEREXPR_TCONV_DN	200	117		
GSE7460_CTRL_VS_FOXP3_OVEREXPR_TCONV_1_UP	199	107		
GSE7460_CTRL_VS_FOXP3_OVEREXPR_TCONV_1_DN	200	126		
GSE7764_NKCELL_VS_SPLENOCYTE_UP	200	138		
GSE7764_NKCELL_VS_SPLENOCYTE_DN	200	146		
GSE7764_IL15_TREATED_VS_CTRL_NK_CELL_24H_UP	200	178		
GSE7764_IL15_TREATED_VS_CTRL_NK_CELL_24H_DN	200	126		
GSE7764_IL15_NK_CELL_24H_VS_SPLENOCYTE_UP	200	165		
GSE7764_IL15_NK_CELL_24H_VS_SPLENOCYTE_DN	199	151		
GSE7852_TREG_VS_TCONV_LN_UP	200	156		
GSE7852_TREG_VS_TCONV_LN_DN	199	147		
GSE7852_TREG_VS_TCONV_THYMUS_UP	200	152		
GSE7852_TREG_VS_TCONV_THYMUS_DN	199	139		
GSE7852_TREG_VS_TCONV_FAT_UP	200	156		
GSE7852_TREG_VS_TCONV_FAT_DN	200	176		
GSE7852_LN_VS_THYMUS_TREG_UP	199	152		
GSE7852_LN_VS_THYMUS_TREG_DN	200	153		
GSE7852_LN_VS_FAT_TREG_UP	200	171		
GSE7852_LN_VS_FAT_TREG_DN	200	130		
GSE7852_THYMUS_VS_FAT_TREG_UP	200	177		
GSE7852_THYMUS_VS_FAT_TREG_DN	199	122		
GSE7852_LN_VS_THYMUS_TCONV_UP	199	148		
GSE7852_LN_VS_THYMUS_TCONV_DN	200	159		
GSE7852_LN_VS_FAT_TCONV_UP	200	162		
GSE7852_LN_VS_FAT_TCONV_DN	200	146		
GSE7852_THYMUS_VS_FAT_TCONV_UP	200	162		
GSE7852_THYMUS_VS_FAT_TCONV_DN	200	153		
GSE7852_TREG_VS_TCONV_UP	200	160		
GSE7852_TREG_VS_TCONV_DN	200	166		
GSE8384_CTRL_VS_B_ABORTUS_4H_MAC_CELL_LINE_UP	199	147		
GSE8384_CTRL_VS_B_ABORTUS_4H_MAC_CELL_LINE_DN	200	146		
GSE8515_CTRL_VS_IL1_4H_STIM_MAC_UP	199	114		
GSE8515_CTRL_VS_IL1_4H_STIM_MAC_DN	197	122		
GSE8515_CTRL_VS_IL6_4H_STIM_MAC_UP	200	127		
GSE8515_CTRL_VS_IL6_4H_STIM_MAC_DN	195	63		
GSE8515_IL1_VS_IL6_4H_STIM_MAC_UP	200	132		
GSE8515_IL1_VS_IL6_4H_STIM_MAC_DN	195	68		
GSE8678_IL7R_LOW_VS_HIGH_EFF_CD8_TCELL_UP	199	145		
GSE8678_IL7R_LOW_VS_HIGH_EFF_CD8_TCELL_DN	199	171		
GSE8868_SPLEEN_VS_INTESTINE_CD11B_POS_CD11C_NEG_DC_UP	199	141		
GSE8868_SPLEEN_VS_INTESTINE_CD11B_POS_CD11C_NEG_DC_DN	200	114		
GSE9006_HEALTHY_VS_TYPE_1_DIABETES_PBMC_AT_DX_UP	198	129		
GSE9006_HEALTHY_VS_TYPE_1_DIABETES_PBMC_AT_DX_DN	198	112		
GSE9006_HEALTHY_VS_TYPE_1_DIABETES_PBMC_1MONTH_POST_DX_UP	200	178		
GSE9006_HEALTHY_VS_TYPE_1_DIABETES_PBMC_1MONTH_POST_DX_DN	196	104		
GSE9006_HEALTHY_VS_TYPE_1_DIABETES_PBMC_4MONTH_POST_DX_UP	200	179		
GSE9006_HEALTHY_VS_TYPE_1_DIABETES_PBMC_4MONTH_POST_DX_DN	197	115		
GSE9006_HEALTHY_VS_TYPE_2_DIABETES_PBMC_AT_DX_UP	200	180		
GSE9006_HEALTHY_VS_TYPE_2_DIABETES_PBMC_AT_DX_DN	198	121		
GSE9006_TYPE_1_DIABETES_AT_DX_VS_1MONTH_POST_DX_PBMC_UP	200	171		
GSE9006_TYPE_1_DIABETES_AT_DX_VS_1MONTH_POST_DX_PBMC_DN	197	106		
GSE9006_TYPE_1_DIABETES_AT_DX_VS_4MONTH_POST_DX_PBMC_UP	200	160		
GSE9006_TYPE_1_DIABETES_AT_DX_VS_4MONTH_POST_DX_PBMC_DN	195	112		
GSE9006_1MONTH_VS_4MONTH_POST_TYPE_1_DIABETES_DX_PBMC_UP	197	103		
GSE9006_1MONTH_VS_4MONTH_POST_TYPE_1_DIABETES_DX_PBMC_DN	195	82		
GSE9006_TYPE_1_VS_TYPE_2_DIABETES_PBMC_AT_DX_UP	200	182		
GSE9006_TYPE_1_VS_TYPE_2_DIABETES_PBMC_AT_DX_DN	199	145		
GSE9037_CTRL_VS_LPS_1H_STIM_BMDM_UP	200	138		
GSE9037_CTRL_VS_LPS_1H_STIM_BMDM_DN	200	107		
GSE9037_CTRL_VS_LPS_4H_STIM_BMDM_UP	200	140		
GSE9037_CTRL_VS_LPS_4H_STIM_BMDM_DN	199	142		
GSE9037_CTRL_VS_LPS_1H_STIM_IRAK4_KO_BMDM_UP	200	146		
GSE9037_CTRL_VS_LPS_1H_STIM_IRAK4_KO_BMDM_DN	200	125		
GSE9037_CTRL_VS_LPS_4H_STIM_IRAK4_KO_BMDM_UP	199	132		
GSE9037_CTRL_VS_LPS_4H_STIM_IRAK4_KO_BMDM_DN	200	131		
GSE9037_WT_VS_IRAK4_KO_BMDM_UP	200	132		
GSE9037_WT_VS_IRAK4_KO_BMDM_DN	200	94		
GSE9037_WT_VS_IRAK4_KO_LPS_1H_STIM_BMDM_UP	200	131		
GSE9037_WT_VS_IRAK4_KO_LPS_1H_STIM_BMDM_DN	200	92		
GSE9037_WT_VS_IRAK4_KO_LPS_4H_STIM_BMDM_UP	200	152		
GSE9037_WT_VS_IRAK4_KO_LPS_4H_STIM_BMDM_DN	200	129		
GSE9650_NAIVE_VS_EFF_CD8_TCELL_UP	200	171		
GSE9650_NAIVE_VS_EFF_CD8_TCELL_DN	199	160		
GSE9650_NAIVE_VS_EXHAUSTED_CD8_TCELL_UP	200	182		
GSE9650_NAIVE_VS_EXHAUSTED_CD8_TCELL_DN	200	109		
GSE9650_NAIVE_VS_MEMORY_CD8_TCELL_UP	200	160		
GSE9650_NAIVE_VS_MEMORY_CD8_TCELL_DN	200	161		
GSE9650_EFFECTOR_VS_EXHAUSTED_CD8_TCELL_UP	200	169		
GSE9650_EFFECTOR_VS_EXHAUSTED_CD8_TCELL_DN	200	100		
GSE9650_EFFECTOR_VS_MEMORY_CD8_TCELL_UP	199	169		
GSE9650_EFFECTOR_VS_MEMORY_CD8_TCELL_DN	200	176		
GSE9650_EXHAUSTED_VS_MEMORY_CD8_TCELL_UP	200	105		
GSE9650_EXHAUSTED_VS_MEMORY_CD8_TCELL_DN	200	177		
GSE9650_GP33_VS_GP276_LCMV_SPECIFIC_EXHAUSTED_CD8_TCELL_UP	200	84		
GSE9650_GP33_VS_GP276_LCMV_SPECIFIC_EXHAUSTED_CD8_TCELL_DN	200	182		
GSE9988_ANTI_TREM1_VS_LPS_MONOCYTE_UP	198	147		
GSE9988_ANTI_TREM1_VS_LPS_MONOCYTE_DN	198	118		
GSE9988_ANTI_TREM1_VS_LOW_LPS_MONOCYTE_UP	198	139		
GSE9988_ANTI_TREM1_VS_LOW_LPS_MONOCYTE_DN	198	120		
GSE9988_ANTI_TREM1_VS_ANTI_TREM1_AND_LPS_MONOCYTE_UP	199	168		
GSE9988_ANTI_TREM1_VS_ANTI_TREM1_AND_LPS_MONOCYTE_DN	195	111		
GSE9988_ANTI_TREM1_VS_CTRL_TREATED_MONOCYTES_UP	198	131		
GSE9988_ANTI_TREM1_VS_CTRL_TREATED_MONOCYTES_DN	200	165		
GSE9988_ANTI_TREM1_VS_VEHICLE_TREATED_MONOCYTES_UP	194	115		
GSE9988_ANTI_TREM1_VS_VEHICLE_TREATED_MONOCYTES_DN	197	156		
GSE9988_LPS_VS_LOW_LPS_MONOCYTE_UP	193	44		
GSE9988_LPS_VS_LOW_LPS_MONOCYTE_DN	187	47		
GSE9988_LPS_VS_LPS_AND_ANTI_TREM1_MONOCYTE_UP	198	131		
GSE9988_LPS_VS_LPS_AND_ANTI_TREM1_MONOCYTE_DN	194	126		
GSE9988_LPS_VS_CTRL_TREATED_MONOCYTE_UP	196	106		
GSE9988_LPS_VS_CTRL_TREATED_MONOCYTE_DN	200	172		
GSE9988_LPS_VS_VEHICLE_TREATED_MONOCYTE_UP	196	105		
GSE9988_LPS_VS_VEHICLE_TREATED_MONOCYTE_DN	198	169		
GSE9988_LOW_LPS_VS_ANTI_TREM1_AND_LPS_MONOCYTE_UP	196	121		
GSE9988_LOW_LPS_VS_ANTI_TREM1_AND_LPS_MONOCYTE_DN	196	121		
GSE9988_LOW_LPS_VS_CTRL_TREATED_MONOCYTE_UP	196	114		
GSE9988_LOW_LPS_VS_CTRL_TREATED_MONOCYTE_DN	200	171		
GSE9988_LOW_LPS_VS_VEHICLE_TREATED_MONOCYTE_UP	196	109		
GSE9988_LOW_LPS_VS_VEHICLE_TREATED_MONOCYTE_DN	199	168		
GSE9988_ANTI_TREM1_AND_LPS_VS_CTRL_TREATED_MONOCYTES_UP	194	122		
GSE9988_ANTI_TREM1_AND_LPS_VS_CTRL_TREATED_MONOCYTES_DN	197	171		
GSE9988_ANTI_TREM1_AND_LPS_VS_VEHICLE_TREATED_MONOCYTES_UP	195	107		
GSE9988_ANTI_TREM1_AND_LPS_VS_VEHICLE_TREATED_MONOCYTES_DN	197	165		
GSE369_SOCS3_KO_VS_WT_LIVER_UP	199	173		
GSE369_SOCS3_KO_VS_WT_LIVER_DN	198	158		
GSE369_SOCS3_KO_VS_WT_LIVER_POST_IL6_INJECTION_UP	197	134		
GSE369_SOCS3_KO_VS_WT_LIVER_POST_IL6_INJECTION_DN	200	143		
GSE369_IFNG_KO_VS_WT_LIVER_UP	199	166		
GSE369_IFNG_KO_VS_WT_LIVER_DN	200	168		
GSE369_PRE_VS_POST_IL6_INJECTION_IFNG_KO_LIVER_UP	200	142		
GSE369_PRE_VS_POST_IL6_INJECTION_IFNG_KO_LIVER_DN	200	133		
GSE369_PRE_VS_POST_IL6_INJECTION_SOCS3_KO_LIVER_UP	199	148		
GSE369_PRE_VS_POST_IL6_INJECTION_SOCS3_KO_LIVER_DN	200	160		
GSE369_SOCS3_KO_VS_IFNG_KO_LIVER_UP	199	98		
GSE369_PRE_VS_POST_IL6_INJECTION_IFNG_WT_LIVER_UP	200	100		
GSE369_PRE_VS_POST_IL6_INJECTION_IFNG_WT_LIVER_DN	200	170		
GSE369_SOCS3_KO_VS_IFNG_KO_LIVER_DN	199	137		
GSE411_WT_VS_SOCS3_KO_MACROPHAGE_IL6_STIM_400MIN_DN	200	161		
GSE411_UNSTIM_VS_100MIN_IL6_STIM_MACROPHAGE_UP	200	160		
GSE411_UNSTIM_VS_100MIN_IL6_STIM_MACROPHAGE_DN	200	161		
GSE411_WT_VS_SOCS3_KO_MACROPHAGE_UP	200	166		
GSE411_WT_VS_SOCS3_KO_MACROPHAGE_DN	200	166		
GSE411_WT_VS_SOCS3_KO_MACROPHAGE_IL6_STIM_100MIN_UP	200	164		
GSE411_WT_VS_SOCS3_KO_MACROPHAGE_IL6_STIM_100MIN_DN	200	159		
GSE411_WT_VS_SOCS3_KO_MACROPHAGE_IL6_STIM_400MIN_UP	200	140		
GSE411_100MIN_VS_400MIN_IL6_STIM_SOCS3_KO_MACROPHAGE_DN	200	165		
GSE411_UNSTIM_VS_400MIN_IL6_STIM_MACROPHAGE_DN	200	159		
GSE411_100MIN_VS_400MIN_IL6_STIM_MACROPHAGE_UP	200	154		
GSE411_100MIN_VS_400MIN_IL6_STIM_MACROPHAGE_DN	200	183		
GSE411_UNSTIM_VS_400MIN_IL6_STIM_MACROPHAGE_UP	200	149		
GSE411_UNSTIM_VS_100MIN_IL6_STIM_SOCS3_KO_MACROPHAGE_DN	200	159		
GSE411_UNSTIM_VS_400MIN_IL6_STIM_SOCS3_KO_MACROPHAGE_UP	199	152		
GSE411_UNSTIM_VS_400MIN_IL6_STIM_SOCS3_KO_MACROPHAGE_DN	199	159		
GSE411_UNSTIM_VS_100MIN_IL6_STIM_SOCS3_KO_MACROPHAGE_UP	200	151		
GSE411_100MIN_VS_400MIN_IL6_STIM_SOCS3_KO_MACROPHAGE_UP	200	159		
GSE557_WT_VS_CIITA_KO_DC_UP	200	155		
GSE557_WT_VS_CIITA_KO_DC_DN	199	146		
GSE557_WT_VS_I_AB_KO_DC_UP	200	161		
GSE557_WT_VS_I_AB_KO_DC_DN	199	159		
GSE557_CIITA_KO_VS_I_AB_KO_DC_UP	200	145		
GSE557_CIITA_KO_VS_I_AB_KO_DC_DN	200	157		
GSE2770_UNTREATED_VS_TGFB_AND_IL4_TREATED_ACT_CD4_TCELL_2H_DN	199	167		
GSE2770_UNTREATED_VS_TGFB_AND_IL4_TREATED_ACT_CD4_TCELL_2H_UP	200	148		
GSE2770_UNTREATED_VS_ACT_CD4_TCELL_6H_UP	200	150		
GSE2770_UNTREATED_VS_ACT_CD4_TCELL_6H_DN	200	130		
GSE2770_UNTREATED_VS_TGFB_AND_IL4_TREATED_ACT_CD4_TCELL_4H_UP	200	158		
GSE2770_UNTREATED_VS_ACT_CD4_TCELL_2H_DN	200	156		
GSE2770_UNTREATED_VS_IL4_TREATED_ACT_CD4_TCELL_6H_DN	200	167		
GSE2770_UNTREATED_VS_IL4_TREATED_ACT_CD4_TCELL_48H_UP	200	154		
GSE2770_UNTREATED_VS_IL4_TREATED_ACT_CD4_TCELL_48H_DN	199	166		
GSE2770_UNTREATED_VS_ACT_CD4_TCELL_2H_UP	198	156		
GSE2770_IL12_VS_TGFB_AND_IL12_TREATED_ACT_CD4_TCELL_48H_UP	200	149		
GSE2770_IL12_VS_TGFB_AND_IL12_TREATED_ACT_CD4_TCELL_48H_DN	199	124		
GSE2770_IL12_VS_IL4_TREATED_ACT_CD4_TCELL_48H_UP	200	159		
GSE2770_IL12_VS_IL4_TREATED_ACT_CD4_TCELL_48H_DN	199	159		
GSE2770_IL12_ACT_VS_ACT_CD4_TCELL_48H_UP	200	158		
GSE2770_IL12_ACT_VS_ACT_CD4_TCELL_48H_DN	198	165		
GSE2770_IL12_AND_TGFB_VS_IL4_TREATED_ACT_CD4_TCELL_48H_UP	200	168		
GSE2770_UNTREATED_VS_IL4_TREATED_ACT_CD4_TCELL_2H_DN	200	168		
GSE2770_UNTREATED_VS_IL4_TREATED_ACT_CD4_TCELL_6H_UP	200	142		
GSE2770_IL12_AND_TGFB_ACT_VS_ACT_CD4_TCELL_48H_DN	200	163		
GSE2770_IL4_ACT_VS_ACT_CD4_TCELL_48H_UP	199	143		
GSE2770_IL4_ACT_VS_ACT_CD4_TCELL_48H_DN	199	126		
GSE2770_UNTREATED_VS_IL12_TREATED_ACT_CD4_TCELL_6H_DN	200	123		
GSE2770_UNTREATED_VS_IL12_TREATED_ACT_CD4_TCELL_48H_UP	200	148		
GSE2770_UNTREATED_VS_IL12_TREATED_ACT_CD4_TCELL_48H_DN	200	146		
GSE2770_UNTREATED_VS_TGFB_AND_IL12_TREATED_ACT_CD4_TCELL_2H_UP	199	95		
GSE2770_UNTREATED_VS_TGFB_AND_IL12_TREATED_ACT_CD4_TCELL_2H_DN	199	121		
GSE2770_UNTREATED_VS_TGFB_AND_IL12_TREATED_ACT_CD4_TCELL_6H_UP	200	166		
GSE2770_UNTREATED_VS_TGFB_AND_IL12_TREATED_ACT_CD4_TCELL_6H_DN	200	98		
GSE2770_UNTREATED_VS_TGFB_AND_IL12_TREATED_ACT_CD4_TCELL_48H_UP	200	132		
GSE2770_UNTREATED_VS_TGFB_AND_IL12_TREATED_ACT_CD4_TCELL_48H_DN	200	162		
GSE2770_UNTREATED_VS_IL4_TREATED_ACT_CD4_TCELL_2H_UP	200	129		
GSE2770_IL12_VS_TGFB_AND_IL12_TREATED_ACT_CD4_TCELL_6H_UP	197	78		
GSE2770_IL12_VS_TGFB_AND_IL12_TREATED_ACT_CD4_TCELL_6H_DN	199	157		
GSE2770_IL12_VS_IL4_TREATED_ACT_CD4_TCELL_6H_UP	200	113		
GSE2770_IL12_VS_IL4_TREATED_ACT_CD4_TCELL_6H_DN	200	172		
GSE2770_IL12_ACT_VS_ACT_CD4_TCELL_6H_UP	196	145		
GSE2770_IL12_ACT_VS_ACT_CD4_TCELL_6H_DN	192	109		
GSE2770_IL12_AND_TGFB_VS_IL4_TREATED_ACT_CD4_TCELL_6H_UP	200	152		
GSE2770_IL12_AND_TGFB_VS_IL4_TREATED_ACT_CD4_TCELL_6H_DN	199	63		
GSE2770_IL12_AND_TGFB_ACT_VS_ACT_CD4_TCELL_6H_UP	198	104		
GSE2770_IL12_AND_TGFB_ACT_VS_ACT_CD4_TCELL_6H_DN	198	162		
GSE2770_UNTREATED_VS_ACT_CD4_TCELL_48H_UP	198	150		
GSE2770_UNTREATED_VS_ACT_CD4_TCELL_48H_DN	194	101		
GSE2770_TGFB_AND_IL4_VS_IL12_TREATED_ACT_CD4_TCELL_2H_UP	196	130		
GSE2770_TGFB_AND_IL4_VS_IL12_TREATED_ACT_CD4_TCELL_2H_DN	197	128		
GSE2770_TGFB_AND_IL4_VS_TGFB_AND_IL12_TREATED_ACT_CD4_TCELL_2H_UP	191	54		
GSE2770_TGFB_AND_IL4_VS_TGFB_AND_IL12_TREATED_ACT_CD4_TCELL_2H_DN	195	156		
GSE2770_TGFB_AND_IL4_VS_IL4_TREATED_ACT_CD4_TCELL_2H_UP	199	116		
GSE2770_TGFB_AND_IL4_VS_IL4_TREATED_ACT_CD4_TCELL_2H_DN	200	106		
GSE2770_TGFB_AND_IL4_ACT_VS_ACT_CD4_TCELL_2H_UP	196	135		
GSE2770_TGFB_AND_IL4_ACT_VS_ACT_CD4_TCELL_2H_DN	194	144		
GSE2770_IL12_VS_TGFB_AND_IL12_TREATED_ACT_CD4_TCELL_2H_UP	126	67		
GSE2770_IL12_VS_TGFB_AND_IL12_TREATED_ACT_CD4_TCELL_2H_DN	162	94		
GSE2770_IL12_VS_IL4_TREATED_ACT_CD4_TCELL_2H_UP	147	95		
GSE2770_IL12_VS_IL4_TREATED_ACT_CD4_TCELL_2H_DN	159	83		
GSE2770_UNTREATED_VS_TGFB_AND_IL4_TREATED_ACT_CD4_TCELL_4H_DN	129	69		
GSE2770_UNTREATED_VS_TGFB_AND_IL4_TREATED_ACT_CD4_TCELL_48H_UP	154	70		
GSE2770_UNTREATED_VS_TGFB_AND_IL4_TREATED_ACT_CD4_TCELL_48H_DN	198	135		
GSE2770_UNTREATED_VS_IL12_TREATED_ACT_CD4_TCELL_2H_UP	200	149		
GSE2770_UNTREATED_VS_IL12_TREATED_ACT_CD4_TCELL_2H_DN	200	170		
GSE2770_UNTREATED_VS_IL12_TREATED_ACT_CD4_TCELL_6H_UP	200	130		
GSE2770_IL4_ACT_VS_ACT_CD4_TCELL_2H_UP	200	176		
GSE2770_IL4_ACT_VS_ACT_CD4_TCELL_2H_DN	200	161		
GSE2770_TGFB_AND_IL4_VS_IL12_TREATED_ACT_CD4_TCELL_6H_UP	200	179		
GSE2770_TGFB_AND_IL4_VS_IL12_TREATED_ACT_CD4_TCELL_6H_DN	199	170		
GSE2770_TGFB_AND_IL4_VS_TGFB_AND_IL12_TREATED_ACT_CD4_TCELL_6H_UP	199	100		
GSE2770_TGFB_AND_IL4_VS_TGFB_AND_IL12_TREATED_ACT_CD4_TCELL_6H_DN	200	144		
GSE2770_TGFB_AND_IL4_VS_IL4_TREATED_ACT_CD4_TCELL_6H_UP	194	146		
GSE2770_TGFB_AND_IL4_VS_IL4_TREATED_ACT_CD4_TCELL_6H_DN	198	154		
GSE2770_TGFB_AND_IL4_ACT_VS_ACT_CD4_TCELL_6H_UP	198	152		
GSE2770_TGFB_AND_IL4_ACT_VS_ACT_CD4_TCELL_6H_DN	197	151		
GSE2770_TGFB_AND_IL4_VS_IL12_TREATED_ACT_CD4_TCELL_48H_DN	199	162		
GSE2770_TGFB_AND_IL4_VS_TGFB_AND_IL12_TREATED_ACT_CD4_TCELL_48H_UP	198	149		
GSE2770_TGFB_AND_IL4_VS_TGFB_AND_IL12_TREATED_ACT_CD4_TCELL_48H_DN	196	143		
GSE2770_TGFB_AND_IL4_VS_IL4_TREATED_ACT_CD4_TCELL_48H_UP	198	130		
GSE2770_TGFB_AND_IL4_VS_IL4_TREATED_ACT_CD4_TCELL_48H_DN	198	144		
GSE2770_TGFB_AND_IL4_ACT_VS_ACT_CD4_TCELL_48H_UP	200	140		
GSE2770_TGFB_AND_IL4_ACT_VS_ACT_CD4_TCELL_48H_DN	198	138		
GSE2770_IL4_ACT_VS_ACT_CD4_TCELL_6H_DN	199	137		
GSE2770_TGFB_AND_IL4_VS_IL12_TREATED_ACT_CD4_TCELL_48H_UP	198	145		
GSE2770_IL12_AND_TGFB_VS_IL4_TREATED_ACT_CD4_TCELL_2H_UP	198	132		
GSE2770_IL4_ACT_VS_ACT_CD4_TCELL_6H_UP	198	139		
GSE2770_IL12_AND_TGFB_ACT_VS_ACT_CD4_TCELL_2H_UP	197	132		
GSE2770_IL12_AND_TGFB_ACT_VS_ACT_CD4_TCELL_2H_DN	196	142		
GSE2770_IL12_ACT_VS_ACT_CD4_TCELL_2H_DN	200	143		
GSE2770_IL12_AND_TGFB_VS_IL4_TREATED_ACT_CD4_TCELL_2H_DN	198	153		
GSE2770_IL12_AND_TGFB_VS_IL4_TREATED_ACT_CD4_TCELL_48H_DN	196	81		
GSE2770_IL12_ACT_VS_ACT_CD4_TCELL_2H_UP	193	105		
GSE2770_IL12_AND_TGFB_ACT_VS_ACT_CD4_TCELL_48H_UP	199	127		
GSE3400_UNTREATED_VS_IFNB_TREATED_MEF_UP	194	148		
GSE3400_UNTREATED_VS_IFNB_TREATED_MEF_DN	193	67		
GSE1112_HY_CD8AB_VS_HY_CD8AA_THYMOCYTE_RTOC_CULTURE_DN	192	101		
GSE1112_OT1_VS_HY_CD8AB_THYMOCYTE_RTOC_CULTURE_UP	200	126		
GSE1112_OT1_CD8AB_VS_HY_CD8AA_THYMOCYTE_RTOC_CULTURE_UP	184	54		
GSE1112_OT1_CD8AB_VS_HY_CD8AA_THYMOCYTE_RTOC_CULTURE_DN	194	89		
GSE1112_HY_CD8AB_VS_HY_CD8AA_THYMOCYTE_RTOC_CULTURE_UP	192	93		
GSE1112_OT1_VS_HY_CD8AB_THYMOCYTE_RTOC_CULTURE_DN	200	157		
GSE1740_MCSF_VS_MCSF_AND_IFNG_DAY2_DERIVED_MACROPHAGE_WITH_IFNA_STIM_DN	191	60		
GSE1740_UNSTIM_VS_IFNA_STIMULATED_MCSF_DERIVED_MACROPHAGE_UP	183	72		
GSE1740_UNSTIM_VS_IFNA_STIMULATED_MCSF_DERIVED_MACROPHAGE_DN	193	96		
GSE1740_UNSTIM_VS_IFNA_STIMULATED_MCSF_IFNG_DERIVED_MACROPHAGE_DN	197	145		
GSE1740_MCSF_VS_MCSF_AND_IFNG_DAY2_DERIVED_MACROPHAGE_UP	195	69		
GSE1740_MCSF_VS_MCSF_AND_IFNG_DAY2_DERIVED_MACROPHAGE_DN	199	152		
GSE1740_MCSF_VS_MCSF_AND_IFNG_DAY2_DERIVED_MACROPHAGE_WITH_IFNA_STIM_UP	200	161		
GSE1740_UNSTIM_VS_IFNA_STIMULATED_MCSF_IFNG_DERIVED_MACROPHAGE_UP	194	81		
GSE1791_CTRL_VS_NEUROMEDINU_IN_T_CELL_LINE_3H_DN	195	123		
GSE1791_CTRL_VS_NEUROMEDINU_IN_T_CELL_LINE_0.8H_DN	194	80		
GSE1791_CTRL_VS_NEUROMEDINU_IN_T_CELL_LINE_0.8H_UP	197	130		
GSE1791_CTRL_VS_NEUROMEDINU_IN_T_CELL_LINE_6H_UP	198	138		
GSE1791_CTRL_VS_NEUROMEDINU_IN_T_CELL_LINE_3H_UP	188	96		
GSE1791_CTRL_VS_NEUROMEDINU_IN_T_CELL_LINE_12H_UP	198	149		
GSE1791_CTRL_VS_NEUROMEDINU_IN_T_CELL_LINE_12H_DN	193	63		
GSE1791_CTRL_VS_NEUROMEDINU_IN_T_CELL_LINE_6H_DN	199	160		
GSE2128_CTRL_VS_MIMETOPE_NEGATIVE_SELECTION_DP_THYMOCYTE_NOD_DN	196	112		
GSE2128_C57BL6_VS_NOD_CD4CD8_DP_THYMOCYTE_UP	197	130		
GSE2128_CTRL_VS_MIMETOPE_NEGATIVE_SELECTION_DP_THYMOCYTE_C57BL6_UP	190	93		
GSE2128_C57BL6_VS_NOD_THYMOCYTE_MIMETOPE_NEGATIVE_SELECTION_DN	199	148		
GSE2128_C57BL6_VS_NOD_THYMOCYTE_UP	199	164		
GSE2128_C57BL6_VS_NOD_CD4CD8_DP_THYMOCYTE_DN	200	166		
GSE2128_CTRL_VS_MIMETOPE_NEGATIVE_SELECTION_DP_THYMOCYTE_C57BL6_DN	200	128		
GSE2128_CTRL_VS_MIMETOPE_NEGATIVE_SELECTION_DP_THYMOCYTE_NOD_UP	200	127		
GSE2128_C57BL6_VS_NOD_THYMOCYTE_DN	200	127		
GSE2128_C57BL6_VS_NOD_THYMOCYTE_MIMETOPE_NEGATIVE_SELECTION_UP	198	72		
GSE2124_CTRL_VS_LYMPHOTOXIN_BETA_TREATED_MLN_DN	198	126		
GSE2124_CTRL_VS_LYMPHOTOXIN_BETA_TREATED_MLN_UP	197	71		
GSE2405_S_AUREUS_VS_UNTREATED_NEUTROPHIL_UP	199	165		
GSE2405_0H_VS_24H_A_PHAGOCYTOPHILUM_STIM_NEUTROPHIL_DN	200	100		
GSE2405_HEAT_KILLED_VS_LIVE_A_PHAGOCYTOPHILUM_STIM_NEUTROPHIL_9H_UP	199	172		
GSE2405_HEAT_KILLED_VS_LIVE_A_PHAGOCYTOPHILUM_STIM_NEUTROPHIL_9H_DN	200	113		
GSE2405_0H_VS_12H_A_PHAGOCYTOPHILUM_STIM_NEUTROPHIL_UP	199	174		
GSE2405_HEAT_KILLED_LYSATE_VS_LIVE_A_PHAGOCYTOPHILUM_STIM_NEUTROPHIL_9H_UP	199	131		
GSE2405_HEAT_KILLED_LYSATE_VS_LIVE_A_PHAGOCYTOPHILUM_STIM_NEUTROPHIL_9H_DN	199	175		
GSE2405_HEAT_KILLED_LYSATE_VS_LIVE_A_PHAGOCYTOPHILUM_STIM_NEUTROPHIL_24H_UP	200	104		
GSE2405_HEAT_KILLED_LYSATE_VS_LIVE_A_PHAGOCYTOPHILUM_STIM_NEUTROPHIL_24H_DN	200	121		
GSE2405_0H_VS_9H_A_PHAGOCYTOPHILUM_STIM_NEUTROPHIL_DN	200	177		
GSE2405_0H_VS_12H_A_PHAGOCYTOPHILUM_STIM_NEUTROPHIL_DN	199	133		
GSE2405_0H_VS_24H_A_PHAGOCYTOPHILUM_STIM_NEUTROPHIL_UP	200	180		
GSE2405_S_AUREUS_VS_UNTREATED_NEUTROPHIL_DN	199	163		
GSE2405_S_AUREUS_VS_A_PHAGOCYTOPHILUM_NEUTROPHIL_UP	200	98		
GSE2405_S_AUREUS_VS_A_PHAGOCYTOPHILUM_NEUTROPHIL_DN	200	169		
GSE2405_0H_VS_1.5H_A_PHAGOCYTOPHILUM_STIM_NEUTROPHIL_UP	200	85		
GSE2405_0H_VS_1.5H_A_PHAGOCYTOPHILUM_STIM_NEUTROPHIL_DN	199	181		
GSE2405_0H_VS_3H_A_PHAGOCYTOPHILUM_STIM_NEUTROPHIL_UP	200	61		
GSE2405_0H_VS_3H_A_PHAGOCYTOPHILUM_STIM_NEUTROPHIL_DN	198	45		
GSE2405_0H_VS_6H_A_PHAGOCYTOPHILUM_STIM_NEUTROPHIL_UP	199	129		
GSE2405_0H_VS_6H_A_PHAGOCYTOPHILUM_STIM_NEUTROPHIL_DN	198	77		
GSE2405_0H_VS_9H_A_PHAGOCYTOPHILUM_STIM_NEUTROPHIL_UP	198	118		
GSE2405_HEAT_KILLED_VS_LIVE_A_PHAGOCYTOPHILUM_STIM_NEUTROPHIL_24H_UP	199	91		
GSE2405_HEAT_KILLED_VS_LIVE_A_PHAGOCYTOPHILUM_STIM_NEUTROPHIL_24H_DN	197	83		
GSE1566_WT_VS_EZH2_KO_LN_TCELL_UP	198	73		
GSE1566_WT_VS_EZH2_KO_LN_TCELL_DN	198	88		
GSE22601_DOUBLE_NEGATIVE_VS_DOUBLE_POSITIVE_THYMOCYTE_UP	197	91		
GSE22601_DOUBLE_POSITIVE_VS_CD4_SINGLE_POSITIVE_THYMOCYTE_UP	196	84		
GSE22601_DOUBLE_NEGATIVE_VS_IMMATURE_CD4_SP_THYMOCYTE_DN	198	101		
GSE22601_DOUBLE_NEGATIVE_VS_CD8_SINGLE_POSITIVE_THYMOCYTE_DN	198	76		
GSE22601_IMMATURE_CD4_SINGLE_POSITIVE_VS_DOUBLE_POSITIVE_THYMOCYTE_UP	198	39		
GSE22601_DOUBLE_NEGATIVE_VS_IMMATURE_CD4_SP_THYMOCYTE_UP	200	138		
GSE22601_DOUBLE_NEGATIVE_VS_CD8_SINGLE_POSITIVE_THYMOCYTE_UP	199	67		
GSE22601_IMMATURE_CD4_SINGLE_POSITIVE_VS_CD4_SINGLE_POSITIVE_THYMOCYTE_DN	200	123		
GSE22601_IMMATURE_CD4_SINGLE_POSITIVE_VS_CD8_SINGLE_POSITIVE_THYMOCYTE_UP	200	184		
GSE22601_IMMATURE_CD4_SINGLE_POSITIVE_VS_CD8_SINGLE_POSITIVE_THYMOCYTE_DN	200	166		
GSE22601_DOUBLE_NEGATIVE_VS_CD4_SINGLE_POSITIVE_THYMOCYTE_UP	200	177		
GSE22601_DOUBLE_NEGATIVE_VS_CD4_SINGLE_POSITIVE_THYMOCYTE_DN	200	172		
GSE22601_CD4_SINGLE_POSITIVE_VS_CD8_SINGLE_POSITIVE_THYMOCYTE_UP	200	181		
GSE22601_DOUBLE_NEGATIVE_VS_DOUBLE_POSITIVE_THYMOCYTE_DN	200	179		
GSE22601_IMMATURE_CD4_SINGLE_POSITIVE_VS_DOUBLE_POSITIVE_THYMOCYTE_DN	200	163		
GSE22601_IMMATURE_CD4_SINGLE_POSITIVE_VS_CD4_SINGLE_POSITIVE_THYMOCYTE_UP	200	185		
GSE22601_DOUBLE_POSITIVE_VS_CD8_SINGLE_POSITIVE_THYMOCYTE_DN	200	175		
GSE22601_CD4_SINGLE_POSITIVE_VS_CD8_SINGLE_POSITIVE_THYMOCYTE_DN	200	169		
GSE22601_DOUBLE_POSITIVE_VS_CD4_SINGLE_POSITIVE_THYMOCYTE_DN	200	183		
GSE22601_DOUBLE_POSITIVE_VS_CD8_SINGLE_POSITIVE_THYMOCYTE_UP	200	172		
GSE8835_CD4_VS_CD8_TCELL_UP	200	153		
GSE8835_CD4_VS_CD8_TCELL_DN	198	57		
GSE8835_CD4_VS_CD8_TCELL_CLL_PATIENT_UP	200	123		
GSE8835_CD4_VS_CD8_TCELL_CLL_PATIENT_DN	200	110		
GSE8835_HEALTHY_VS_CLL_CD4_TCELL_UP	199	104		
GSE8835_HEALTHY_VS_CLL_CD4_TCELL_DN	200	73		
GSE8835_HEALTHY_VS_CLL_CD8_TCELL_UP	200	155		
GSE8835_HEALTHY_VS_CLL_CD8_TCELL_DN	200	92		
GSE2585_CTEC_VS_THYMIC_MACROPHAGE_DN	199	139		
GSE2585_CTEC_VS_MTEC_THYMUS_UP	200	121		
GSE2585_AIRE_KO_VS_WT_CD80_HIGH_MTEC_UP	200	155		
GSE2585_CTEC_VS_THYMIC_MACROPHAGE_UP	200	102		
GSE2585_CD80_HIGH_VS_LOW_AIRE_KO_MTEC_UP	200	79		
GSE2585_AIRE_KO_VS_WT_CD80_LOW_MTEC_DN	200	127		
GSE2585_CTEC_VS_THYMIC_DC_UP	200	93		
GSE2585_CTEC_VS_THYMIC_DC_DN	200	108		
GSE2585_AIRE_KO_VS_WT_CD80_HIGH_MTEC_DN	200	139		
GSE2585_CTEC_VS_MTEC_THYMUS_DN	200	95		
GSE2585_CD80_HIGH_VS_LOW_AIRE_KO_MTEC_DN	199	80		
GSE2585_CD80_HIGH_VS_LOW_MTEC_UP	200	34		
GSE2585_THYMIC_DC_VS_THYMIC_MACROPHAGE_DN	198	131		
GSE2585_AIRE_KO_VS_WT_CD80_LOW_MTEC_UP	197	75		
GSE2585_THYMIC_MACROPHAGE_VS_MTEC_UP	196	128		
GSE2585_THYMIC_MACROPHAGE_VS_MTEC_DN	198	96		
GSE2585_CD80_HIGH_VS_LOW_MTEC_DN	196	86		
GSE2585_THYMIC_DC_VS_MTEC_DN	199	113		
GSE2585_THYMIC_DC_VS_THYMIC_MACROPHAGE_UP	195	89		
GSE2585_THYMIC_DC_VS_MTEC_UP	199	104		
GSE1925_CTRL_VS_3H_IFNG_STIM_MACROPHAGE_DN	199	83		
GSE1925_3H_VS_24H_IFNG_STIM_MACROPHAGE_DN	197	126		
GSE1925_3H_VS_24H_IFNG_STIM_MACROPHAGE_UP	198	83		
GSE1925_CTRL_VS_24H_IFNG_STIM_MACROPHAGE_UP	196	134		
GSE1925_CTRL_VS_24H_IFNG_STIM_MACROPHAGE_DN	194	124		
GSE1925_CTRL_VS_3H_IFNG_STIM_IFNG_PRIMED_MACROPHAGE_UP	192	114		
GSE1925_CTRL_VS_IFNG_PRIMED_MACROPHAGE_3H_IFNG_STIM_UP	174	155		
GSE1925_CTRL_VS_IFNG_PRIMED_MACROPHAGE_3H_IFNG_STIM_DN	128	31		
GSE1925_CTRL_VS_24H_IFNG_STIM_IFNG_PRIMED_MACROPHAGE_DN	200	163		
GSE1925_3H_VS_24H_IFNG_STIM_IFNG_PRIMED_MACROPHAGE_UP	200	148		
GSE1925_3H_VS_24H_IFNG_STIM_IFNG_PRIMED_MACROPHAGE_DN	200	162		
GSE1925_CTRL_VS_3H_IFNG_STIM_MACROPHAGE_UP	200	167		
GSE1925_CTRL_VS_IFNG_PRIMED_MACROPHAGE_UP	200	125		
GSE1925_CTRL_VS_IFNG_PRIMED_MACROPHAGE_24H_IFNG_STIM_UP	200	132		
GSE1925_CTRL_VS_IFNG_PRIMED_MACROPHAGE_24H_IFNG_STIM_DN	200	158		
GSE1925_CTRL_VS_3H_IFNG_STIM_IFNG_PRIMED_MACROPHAGE_DN	200	117		
GSE1925_CTRL_VS_IFNG_PRIMED_MACROPHAGE_DN	200	150		
GSE1925_CTRL_VS_24H_IFNG_STIM_IFNG_PRIMED_MACROPHAGE_UP	199	131		
GSE2935_UV_INACTIVATED_VS_LIVE_SENDAI_VIRUS_INF_MACROPHAGE_UP	171	129		
GSE2935_UV_INACTIVATED_VS_LIVE_SENDAI_VIRUS_INF_MACROPHAGE_DN	179	141		
GSE3565_CTRL_VS_LPS_INJECTED_DUSP1_KO_SPLENOCYTES_DN	171	158		
GSE3565_CTRL_VS_LPS_INJECTED_DUSP1_KO_SPLENOCYTES_UP	181	142		
GSE3565_DUSP1_VS_WT_SPLENOCYTES_DN	179	170		
GSE3565_CTRL_VS_LPS_INJECTED_SPLENOCYTES_UP	178	130		
GSE3565_CTRL_VS_LPS_INJECTED_SPLENOCYTES_DN	175	163		
GSE3565_DUSP1_VS_WT_SPLENOCYTES_UP	163	117		
GSE3565_DUSP1_VS_WT_SPLENOCYTES_POST_LPS_INJECTION_UP	164	142		
GSE3565_DUSP1_VS_WT_SPLENOCYTES_POST_LPS_INJECTION_DN	157	84		
GSE3720_UNSTIM_VS_LPS_STIM_VD2_GAMMADELTA_TCELL_UP	167	150		
GSE3720_UNSTIM_VS_LPS_STIM_VD2_GAMMADELTA_TCELL_DN	153	61		
GSE3720_UNSTIM_VS_PMA_STIM_VD2_GAMMADELTA_TCELL_UP	175	154		
GSE3720_UNSTIM_VS_LPS_STIM_VD1_GAMMADELTA_TCELL_DN	146	83		
GSE3720_UNSTIM_VS_PMA_STIM_VD1_GAMMADELTA_TCELL_UP	176	158		
GSE3720_UNSTIM_VS_PMA_STIM_VD1_GAMMADELTA_TCELL_DN	135	45		
GSE3720_LPS_VS_PMA_STIM_VD1_GAMMADELTA_TCELL_DN	172	148		
GSE3720_LPS_VS_PMA_STIM_VD2_GAMMADELTA_TCELL_UP	137	83		
GSE3720_LPS_VS_PMA_STIM_VD2_GAMMADELTA_TCELL_DN	155	62		
GSE3720_LPS_VS_PMA_STIM_VD1_GAMMADELTA_TCELL_UP	142	96		
GSE3720_UNSTIM_VS_PMA_STIM_VD2_GAMMADELTA_TCELL_DN	199	146		
GSE3720_VD1_VS_VD2_GAMMADELTA_TCELL_WITH_LPS_STIM_UP	200	155		
GSE3720_VD1_VS_VD2_GAMMADELTA_TCELL_WITH_LPS_STIM_DN	200	155		
GSE3720_VD1_VS_VD2_GAMMADELTA_TCELL_WITH_PMA_STIM_UP	200	161		
GSE3720_UNSTIM_VS_LPS_STIM_VD1_GAMMADELTA_TCELL_UP	200	155		
GSE3720_VD1_VS_VD2_GAMMADELTA_TCELL_DN	200	146		
GSE3720_VD1_VS_VD2_GAMMADELTA_TCELL_WITH_PMA_STIM_DN	200	158		
GSE3720_VD1_VS_VD2_GAMMADELTA_TCELL_UP	198	116		
GSE3691_IFN_PRODUCING_KILLER_DC_VS_CONVENTIONAL_DC_SPLEEN_UP	200	156		
GSE3691_IFN_PRODUCING_KILLER_DC_VS_PLASMACYTOID_DC_SPLEEN_DN	199	114		
GSE3691_IFN_PRODUCING_KILLER_DC_VS_CONVENTIONAL_DC_SPLEEN_DN	200	89		
GSE3691_IFN_PRODUCING_KILLER_DC_VS_PLASMACYTOID_DC_SPLEEN_UP	200	156		
GSE3691_CONVENTIONAL_VS_PLASMACYTOID_DC_SPLEEN_DN	200	90		
GSE3691_CONVENTIONAL_VS_PLASMACYTOID_DC_SPLEEN_UP	200	150		
GSE3994_WT_VS_PAC1_KO_ACTIVATED_MAST_CELL_UP	200	77		
GSE3994_WT_VS_PAC1_KO_ACTIVATED_MAST_CELL_DN	200	159		
GSE4142_NAIVE_BCELL_VS_PLASMA_CELL_DN	200	142		
GSE4142_NAIVE_VS_GC_BCELL_UP	199	123		
GSE4142_NAIVE_VS_GC_BCELL_DN	197	143		
GSE4142_NAIVE_BCELL_VS_PLASMA_CELL_UP	198	141		
GSE4142_PLASMA_CELL_VS_GC_BCELL_DN	200	147		
GSE4142_NAIVE_VS_MEMORY_BCELL_UP	199	77		
GSE4142_NAIVE_VS_MEMORY_BCELL_DN	200	71		
GSE4142_PLASMA_CELL_VS_GC_BCELL_UP	200	116		
GSE4142_GC_BCELL_VS_MEMORY_BCELL_DN	200	146		
GSE4142_PLASMA_CELL_VS_MEMORY_BCELL_UP	199	24		
GSE4142_PLASMA_CELL_VS_MEMORY_BCELL_DN	200	115		
GSE4142_GC_BCELL_VS_MEMORY_BCELL_UP	200	126		
GSE8921_UNSTIM_0H_VS_TLR1_2_STIM_MONOCYTE_3H_UP	200	101		
GSE8921_UNSTIM_0H_VS_TLR1_2_STIM_MONOCYTE_3H_DN	200	44		
GSE8921_UNSTIM_0H_VS_TLR1_2_STIM_MONOCYTE_6H_UP	200	124		
GSE8921_UNSTIM_0H_VS_TLR1_2_STIM_MONOCYTE_6H_DN	200	128		
GSE8921_UNSTIM_0H_VS_TLR1_2_STIM_MONOCYTE_12H_UP	199	155		
GSE8921_UNSTIM_0H_VS_TLR1_2_STIM_MONOCYTE_12H_DN	200	145		
GSE8921_UNSTIM_0H_VS_TLR1_2_STIM_MONOCYTE_24H_UP	199	55		
GSE8921_UNSTIM_0H_VS_TLR1_2_STIM_MONOCYTE_24H_DN	200	173		
GSE8921_UNSTIM_VS_TLR1_2_STIM_MONOCYTE_3H_UP	199	139		
GSE8921_UNSTIM_VS_TLR1_2_STIM_MONOCYTE_3H_DN	200	164		
GSE8921_UNSTIM_VS_TLR1_2_STIM_MONOCYTE_6H_UP	200	144		
GSE8921_UNSTIM_VS_TLR1_2_STIM_MONOCYTE_6H_DN	200	137		
GSE8921_UNSTIM_VS_TLR1_2_STIM_MONOCYTE_12H_UP	200	133		
GSE8921_UNSTIM_VS_TLR1_2_STIM_MONOCYTE_12H_DN	200	147		
GSE8921_UNSTIM_VS_TLR1_2_STIM_MONOCYTE_24H_UP	199	134		
GSE8921_UNSTIM_VS_TLR1_2_STIM_MONOCYTE_24H_DN	200	134		
GSE8921_3H_VS_24H_TLR1_2_STIM_MONOCYTE_UP	200	144		
GSE8921_3H_VS_24H_TLR1_2_STIM_MONOCYTE_DN	200	123		
GSE3039_CD4_TCELL_VS_NKT_CELL_UP	200	160		
GSE3039_NKT_CELL_VS_ALPHABETA_CD8_TCELL_UP	200	160		
GSE3039_NKT_CELL_VS_ALPHABETA_CD8_TCELL_DN	200	155		
GSE3039_CD4_TCELL_VS_NKT_CELL_DN	200	155		
GSE3039_NKT_CELL_VS_B1_BCELL_UP	199	112		
GSE3039_NKT_CELL_VS_B1_BCELL_DN	200	155		
GSE3039_NKT_CELL_VS_B2_BCELL_UP	200	133		
GSE3039_NKT_CELL_VS_B2_BCELL_DN	200	108		
GSE3039_ALPHAALPHA_CD8_TCELL_VS_B2_BCELL_UP	200	120		
GSE3039_ALPHAALPHA_CD8_TCELL_VS_B2_BCELL_DN	200	131		
GSE3039_ALPHAALPHA_CD8_TCELL_VS_B1_BCELL_UP	200	143		
GSE3039_ALPHAALPHA_CD8_TCELL_VS_B1_BCELL_DN	200	139		
GSE3039_ALPHABETA_CD8_TCELL_VS_B2_BCELL_UP	199	145		
GSE3039_ALPHABETA_CD8_TCELL_VS_B2_BCELL_DN	200	147		
GSE3039_ALPHABETA_CD8_TCELL_VS_B1_BCELL_UP	200	146		
GSE3039_ALPHABETA_CD8_TCELL_VS_B1_BCELL_DN	199	150		
GSE3039_B2_VS_B1_BCELL_UP	199	129		
GSE3039_B2_VS_B1_BCELL_DN	200	135		
GSE3039_CD4_TCELL_VS_ALPHAALPHA_CD8_TCELL_UP	200	145		
GSE3039_CD4_TCELL_VS_ALPHAALPHA_CD8_TCELL_DN	200	134		
GSE3039_CD4_TCELL_VS_ALPHABETA_CD8_TCELL_UP	200	107		
GSE3039_CD4_TCELL_VS_ALPHABETA_CD8_TCELL_DN	200	149		
GSE3039_CD4_TCELL_VS_B2_BCELL_UP	200	118		
GSE3039_CD4_TCELL_VS_B2_BCELL_DN	200	144		
GSE3039_CD4_TCELL_VS_B1_BCELL_UP	200	114		
GSE3039_CD4_TCELL_VS_B1_BCELL_DN	200	95		
GSE3039_NKT_CELL_VS_ALPHAALPHA_CD8_TCELL_UP	200	118		
GSE3039_NKT_CELL_VS_ALPHAALPHA_CD8_TCELL_DN	200	153		
GSE3039_ALPHAALPHA_VS_ALPHABETA_CD8_TCELL_DN	200	118		
GSE3039_ALPHAALPHA_VS_ALPHABETA_CD8_TCELL_UP	200	130		
GSE4748_CTRL_VS_CYANOBACTERIUM_LPSLIKE_STIM_DC_3H_UP	200	140		
GSE4748_CTRL_VS_CYANOBACTERIUM_LPSLIKE_STIM_DC_3H_DN	200	165		
GSE4748_CTRL_VS_LPS_STIM_DC_3H_UP	200	117		
GSE4748_CTRL_VS_LPS_STIM_DC_3H_DN	199	130		
GSE4748_CTRL_VS_LPS_AND_CYANOBACTERIUM_LPSLIKE_STIM_DC_3H_UP	200	131		
GSE4748_CTRL_VS_LPS_AND_CYANOBACTERIUM_LPSLIKE_STIM_DC_3H_DN	200	123		
GSE4748_CTRL_VS_CYANOBACTERIUM_LPSLIKE_STIM_DC_1H_UP	200	149		
GSE4748_CTRL_VS_CYANOBACTERIUM_LPSLIKE_STIM_DC_1H_DN	199	120		
GSE4748_CYANOBACTERIUM_LPSLIKE_VS_LPS_AND_CYANOBACTERIUM_LPSLIKE_STIM_DC_3H_UP	194	118		
GSE4748_CYANOBACTERIUM_LPSLIKE_VS_LPS_AND_CYANOBACTERIUM_LPSLIKE_STIM_DC_3H_DN	194	61		
GSE4748_LPS_VS_LPS_AND_CYANOBACTERIUM_LPSLIKE_STIM_DC_3H_UP	194	130		
GSE4748_LPS_VS_LPS_AND_CYANOBACTERIUM_LPSLIKE_STIM_DC_3H_DN	190	61		
GSE4984_UNTREATED_VS_GALECTIN1_TREATED_DC_UP	191	122		
GSE4984_UNTREATED_VS_GALECTIN1_TREATED_DC_DN	191	119		
GSE4984_UNTREATED_VS_LPS_TREATED_DC_UP	151	111		
GSE4984_UNTREATED_VS_LPS_TREATED_DC_DN	173	148		
GSE4984_UNTREATED_VS_VEHICLE_CTRL_TREATED_DC_UP	155	122		
GSE4984_UNTREATED_VS_VEHICLE_CTRL_TREATED_DC_DN	173	132		
GSE4984_GALECTIN1_VS_LPS_STIM_DC_UP	159	145		
GSE4984_GALECTIN1_VS_LPS_STIM_DC_DN	169	110		
GSE4984_GALECTIN1_VS_VEHICLE_CTRL_TREATED_DC_UP	193	126		
GSE4984_GALECTIN1_VS_VEHICLE_CTRL_TREATED_DC_DN	199	151		
GSE4984_LPS_VS_VEHICLE_CTRL_TREATED_DC_UP	197	97		
GSE4984_LPS_VS_VEHICLE_CTRL_TREATED_DC_DN	198	146		
GSE5542_UNTREATED_VS_IFNG_TREATED_EPITHELIAL_CELLS_6H_UP	197	116		
GSE5542_UNTREATED_VS_IFNG_TREATED_EPITHELIAL_CELLS_6H_DN	200	145		
GSE5542_UNTREATED_VS_IFNA_TREATED_EPITHELIAL_CELLS_6H_UP	199	130		
GSE5542_UNTREATED_VS_IFNA_TREATED_EPITHELIAL_CELLS_6H_DN	198	122		
GSE5542_UNTREATED_VS_IFNA_AND_IFNG_TREATED_EPITHELIAL_CELLS_6H_UP	198	109		
GSE5542_UNTREATED_VS_IFNA_AND_IFNG_TREATED_EPITHELIAL_CELLS_6H_DN	199	137		
GSE5542_UNTREATED_VS_IFNG_TREATED_EPITHELIAL_CELLS_24H_UP	198	147		
GSE5542_UNTREATED_VS_IFNG_TREATED_EPITHELIAL_CELLS_24H_DN	199	117		
GSE5542_UNTREATED_VS_IFNA_TREATED_EPITHELIAL_CELLS_24H_UP	200	159		
GSE5542_UNTREATED_VS_IFNA_TREATED_EPITHELIAL_CELLS_24H_DN	197	126		
GSE5542_UNTREATED_VS_IFNA_AND_IFNG_TREATED_EPITHELIAL_CELLS_24H_UP	199	162		
GSE5542_UNTREATED_VS_IFNA_AND_IFNG_TREATED_EPITHELIAL_CELLS_24H_DN	200	127		
GSE5542_IFNG_VS_IFNA_AND_IFNG_TREATED_EPITHELIAL_CELLS_6H_UP	200	137		
GSE5542_IFNG_VS_IFNA_AND_IFNG_TREATED_EPITHELIAL_CELLS_6H_DN	200	155		
GSE5542_IFNG_VS_IFNA_AND_IFNG_TREATED_EPITHELIAL_CELLS_24H_UP	200	162		
GSE5542_IFNG_VS_IFNA_AND_IFNG_TREATED_EPITHELIAL_CELLS_24H_DN	200	122		
GSE5542_IFNA_VS_IFNA_AND_IFNG_TREATED_EPITHELIAL_CELLS_6H_UP	200	123		
GSE5542_IFNA_VS_IFNA_AND_IFNG_TREATED_EPITHELIAL_CELLS_6H_DN	199	134		
GSE5542_IFNA_VS_IFNA_AND_IFNG_TREATED_EPITHELIAL_CELLS_24H_UP	200	123		
GSE5542_IFNA_VS_IFNA_AND_IFNG_TREATED_EPITHELIAL_CELLS_24H_DN	200	133		
GSE5542_IFNG_VS_IFNA_TREATED_EPITHELIAL_CELLS_6H_UP	200	160		
GSE5542_IFNG_VS_IFNA_TREATED_EPITHELIAL_CELLS_6H_DN	200	94		
GSE5542_IFNG_VS_IFNA_TREATED_EPITHELIAL_CELLS_24H_UP	200	171		
GSE5542_IFNG_VS_IFNA_TREATED_EPITHELIAL_CELLS_24H_DN	200	103		
GSE4811_CLASSSICALY_ACTIVATED_VS_TYPE_2_ACTIVATED_MACROPHAGE_UP	199	107		
GSE4811_CLASSSICALY_ACTIVATED_VS_TYPE_2_ACTIVATED_MACROPHAGE_DN	200	53		
GSE5142_CTRL_VS_HTERT_TRANSDUCED_CD8_TCELL_EARLY_PASSAGE_CLONE_UP	200	170		
GSE5142_CTRL_VS_HTERT_TRANSDUCED_CD8_TCELL_EARLY_PASSAGE_CLONE_DN	200	141		
GSE5142_HTERT_TRANSDUCED_VS_CTRL_CD8_TCELL_LATE_PASSAGE_CLONE_UP	200	177		
GSE5142_HTERT_TRANSDUCED_VS_CTRL_CD8_TCELL_LATE_PASSAGE_CLONE_DN	200	165		
GSE5679_CTRL_VS_PPARG_LIGAND_ROSIGLITAZONE_TREATED_DC_UP	200	175		
GSE5679_CTRL_VS_PPARG_LIGAND_ROSIGLITAZONE_TREATED_DC_DN	200	161		
GSE5679_CTRL_VS_RARA_AGONIST_AM580_TREATED_DC_UP	200	173		
GSE5679_CTRL_VS_RARA_AGONIST_AM580_TREATED_DC_DN	200	163		
GSE5679_CTRL_VS_PPARG_LIGAND_ROSIGLITAZONE_AND_RARA_AGONIST_AM580_TREATED_DC_UP	200	128		
GSE5679_CTRL_VS_PPARG_LIGAND_ROSIGLITAZONE_AND_RARA_AGONIST_AM580_TREATED_DC_DN	200	113		
GSE5679_PPARG_LIGAND_ROSIGLITAZONE_VS_RARA_AGONIST_AM580_TREATED_DC_UP	200	160		
GSE5679_PPARG_LIGAND_ROSIGLITAZONE_VS_RARA_AGONIST_AM580_TREATED_DC_DN	200	155		
GSE5679_PPARG_LIGAND_ROSIGLITAZONE_VS_ROSIGLITAZONE_AND_RARA_AGONIST_AM580_TREATED_DC_UP	200	172		
GSE5679_PPARG_LIGAND_ROSIGLITAZONE_VS_ROSIGLITAZONE_AND_RARA_AGONIST_AM580_TREATED_DC_DN	200	131		
GSE5679_RARA_AGONIST_AM580_VS_AM580_AND_ROSIGLITAZONE_TREATED_DC_UP	199	168		
GSE5679_RARA_AGONIST_AM580_VS_AM580_AND_ROSIGLITAZONE_TREATED_DC_DN	200	161		
GSE4535_BM_DERIVED_DC_VS_FOLLICULAR_DC_UP	200	167		
GSE4535_BM_DERIVED_DC_VS_FOLLICULAR_DC_DN	200	142		
GSE5455_HEALTHY_VS_TUMOR_BEARING_MOUSE_SPLEEN_MONOCYTE_UP	197	154		
GSE5455_HEALTHY_VS_TUMOR_BEARING_MOUSE_SPLEEN_MONOCYTE_DN	199	166		
GSE5455_HEALTHY_VS_TUMOR_BEARING_MOUSE_SPLEEN_MONOCYTE_24H_INCUBATION_UP	199	123		
GSE5455_HEALTHY_VS_TUMOR_BEARING_MOUSE_SPLEEN_MONOCYTE_24H_INCUBATION_DN	198	156		
GSE5455_EX_VIVO_VS_POST_24H_INCUBATION_MONOCYTES_FROM_TUMOR_BEARING_MOUSE_UP	200	160		
GSE5455_EX_VIVO_VS_POST_24H_INCUBATION_MONOCYTES_FROM_TUMOR_BEARING_MOUSE_DN	200	137		
GSE5099_UNSTIM_VS_MCSF_TREATED_MONOCYTE_DAY3_UP	199	133		
GSE5099_UNSTIM_VS_MCSF_TREATED_MONOCYTE_DAY3_DN	199	146		
GSE5099_UNSTIM_VS_MCSF_TREATED_MONOCYTE_DAY7_UP	200	163		
GSE5099_UNSTIM_VS_MCSF_TREATED_MONOCYTE_DAY7_DN	200	131		
GSE5099_MONOCYTE_VS_CLASSICAL_M1_MACROPHAGE_UP	200	99		
GSE5099_MONOCYTE_VS_CLASSICAL_M1_MACROPHAGE_DN	200	153		
GSE5099_MONOCYTE_VS_ALTERNATIVE_M2_MACROPHAGE_UP	189	81		
GSE5099_MONOCYTE_VS_ALTERNATIVE_M2_MACROPHAGE_DN	190	114		
GSE5099_DAY3_VS_DAY7_MCSF_TREATED_MACROPHAGE_UP	192	142		
GSE5099_DAY3_VS_DAY7_MCSF_TREATED_MACROPHAGE_DN	183	99		
GSE5099_CLASSICAL_M1_VS_ALTERNATIVE_M2_MACROPHAGE_UP	194	145		
GSE5099_CLASSICAL_M1_VS_ALTERNATIVE_M2_MACROPHAGE_DN	188	71		
GSE5589_UNSTIM_VS_45MIN_LPS_STIM_MACROPHAGE_UP	200	147		
GSE5589_UNSTIM_VS_45MIN_LPS_STIM_MACROPHAGE_DN	200	131		
GSE5589_UNSTIM_VS_180MIN_LPS_STIM_MACROPHAGE_UP	200	141		
GSE5589_UNSTIM_VS_180MIN_LPS_STIM_MACROPHAGE_DN	200	160		
GSE5589_UNSTIM_VS_45MIN_LPS_AND_IL10_STIM_MACROPHAGE_UP	200	147		
GSE5589_UNSTIM_VS_45MIN_LPS_AND_IL10_STIM_MACROPHAGE_DN	200	132		
GSE5589_UNSTIM_VS_180MIN_LPS_AND_IL10_STIM_MACROPHAGE_UP	200	158		
GSE5589_UNSTIM_VS_180MIN_LPS_AND_IL10_STIM_MACROPHAGE_DN	199	154		
GSE5589_UNSTIM_VS_45MIN_LPS_AND_IL6_STIM_MACROPHAGE_UP	200	167		
GSE5589_UNSTIM_VS_45MIN_LPS_AND_IL6_STIM_MACROPHAGE_DN	200	143		
GSE5589_LPS_VS_LPS_AND_IL10_STIM_MACROPHAGE_45MIN_UP	200	144		
GSE5589_LPS_VS_LPS_AND_IL10_STIM_MACROPHAGE_45MIN_DN	200	124		
GSE5589_LPS_VS_LPS_AND_IL6_STIM_MACROPHAGE_45MIN_UP	200	150		
GSE5589_LPS_VS_LPS_AND_IL6_STIM_MACROPHAGE_45MIN_DN	199	158		
GSE5589_LPS_AND_IL10_VS_LPS_AND_IL6_STIM_MACROPHAGE_45MIN_UP	200	154		
GSE5589_LPS_AND_IL10_VS_LPS_AND_IL6_STIM_MACROPHAGE_45MIN_DN	200	156		
GSE5589_LPS_VS_LPS_AND_IL10_STIM_MACROPHAGE_180MIN_UP	200	128		
GSE5589_LPS_VS_LPS_AND_IL10_STIM_MACROPHAGE_180MIN_DN	200	131		
GSE5589_LPS_VS_LPS_AND_IL10_STIM_IL6_KO_MACROPHAGE_45MIN_UP	200	151		
GSE5589_LPS_VS_LPS_AND_IL10_STIM_IL6_KO_MACROPHAGE_45MIN_DN	200	145		
GSE5589_LPS_VS_LPS_AND_IL6_STIM_IL6_KO_MACROPHAGE_45MIN_UP	200	133		
GSE5589_LPS_VS_LPS_AND_IL6_STIM_IL6_KO_MACROPHAGE_45MIN_DN	200	162		
GSE5589_LPS_VS_LPS_AND_IL10_STIM_IL6_KO_MACROPHAGE_180MIN_UP	200	154		
GSE5589_LPS_VS_LPS_AND_IL10_STIM_IL6_KO_MACROPHAGE_180MIN_DN	200	155		
GSE5589_LPS_AND_IL10_VS_LPS_AND_IL6_STIM_IL6_KO_MACROPHAGE_45MIN_UP	200	138		
GSE5589_LPS_AND_IL10_VS_LPS_AND_IL6_STIM_IL6_KO_MACROPHAGE_45MIN_DN	200	152		
GSE5589_LPS_VS_LPS_AND_IL10_STIM_IL10_KO_MACROPHAGE_45MIN_UP	200	150		
GSE5589_LPS_VS_LPS_AND_IL10_STIM_IL10_KO_MACROPHAGE_45MIN_DN	200	134		
GSE5589_LPS_VS_LPS_AND_IL6_STIM_IL10_KO_MACROPHAGE_45MIN_UP	199	76		
GSE5589_LPS_VS_LPS_AND_IL6_STIM_IL10_KO_MACROPHAGE_45MIN_DN	199	144		
GSE5589_LPS_VS_LPS_AND_IL10_STIM_IL10_KO_MACROPHAGE_180MIN_UP	200	85		
GSE5589_LPS_VS_LPS_AND_IL10_STIM_IL10_KO_MACROPHAGE_180MIN_DN	200	137		
GSE5589_LPS_AND_IL10_VS_LPS_AND_IL6_STIM_IL10_KO_MACROPHAGE_45MIN_UP	200	119		
GSE5589_LPS_AND_IL10_VS_LPS_AND_IL6_STIM_IL10_KO_MACROPHAGE_45MIN_DN	200	130		
GSE5589_WT_VS_IL6_KO_LPS_STIM_MACROPHAGE_45MIN_UP	199	138		
GSE5589_WT_VS_IL6_KO_LPS_STIM_MACROPHAGE_45MIN_DN	200	126		
GSE5589_WT_VS_IL6_KO_LPS_AND_IL10_STIM_MACROPHAGE_45MIN_UP	200	161		
GSE5589_WT_VS_IL6_KO_LPS_AND_IL10_STIM_MACROPHAGE_45MIN_DN	199	149		
GSE5589_WT_VS_IL6_KO_LPS_AND_IL6_STIM_MACROPHAGE_45MIN_UP	199	80		
GSE5589_WT_VS_IL6_KO_LPS_AND_IL6_STIM_MACROPHAGE_45MIN_DN	199	116		
GSE5589_WT_VS_IL10_KO_LPS_STIM_MACROPHAGE_45MIN_UP	200	154		
GSE5589_WT_VS_IL10_KO_LPS_STIM_MACROPHAGE_45MIN_DN	199	146		
GSE5589_WT_VS_IL10_KO_LPS_AND_IL10_STIM_MACROPHAGE_45MIN_UP	200	146		
GSE5589_WT_VS_IL10_KO_LPS_AND_IL10_STIM_MACROPHAGE_45MIN_DN	200	151		
GSE5589_WT_VS_IL10_KO_LPS_AND_IL6_STIM_MACROPHAGE_45MIN_UP	199	71		
GSE5589_WT_VS_IL10_KO_LPS_AND_IL6_STIM_MACROPHAGE_45MIN_DN	200	113		
GSE5589_IL6_KO_VS_IL10_KO_LPS_STIM_MACROPHAGE_45MIN_UP	200	156		
GSE5589_IL6_KO_VS_IL10_KO_LPS_STIM_MACROPHAGE_45MIN_DN	199	134		
GSE5589_IL6_KO_VS_IL10_KO_LPS_AND_IL10_STIM_MACROPHAGE_45MIN_UP	200	118		
GSE5589_IL6_KO_VS_IL10_KO_LPS_AND_IL10_STIM_MACROPHAGE_45MIN_DN	199	155		
GSE5589_IL6_KO_VS_IL10_KO_LPS_AND_IL6_STIM_MACROPHAGE_45MIN_UP	200	153		
GSE5589_IL6_KO_VS_IL10_KO_LPS_AND_IL6_STIM_MACROPHAGE_45MIN_DN	200	139		
GSE5589_IL6_KO_VS_IL10_KO_LPS_STIM_MACROPHAGE_180MIN_UP	200	118		
GSE5589_IL6_KO_VS_IL10_KO_LPS_STIM_MACROPHAGE_180MIN_DN	200	109		
GSE5589_IL6_KO_VS_IL10_KO_LPS_AND_IL10_STIM_MACROPHAGE_180MIN_UP	200	148		
GSE5589_IL6_KO_VS_IL10_KO_LPS_AND_IL10_STIM_MACROPHAGE_180MIN_DN	200	129		
GSE5589_WT_VS_IL10_KO_LPS_STIM_MACROPHAGE_180MIN_UP	162	133		
GSE5589_WT_VS_IL10_KO_LPS_STIM_MACROPHAGE_180MIN_DN	155	66		
GSE5589_WT_VS_IL10_KO_LPS_AND_IL10_STIM_MACROPHAGE_180MIN_UP	155	116		
GSE5589_WT_VS_IL10_KO_LPS_AND_IL10_STIM_MACROPHAGE_180MIN_DN	121	27		
GSE5589_WT_VS_IL6_KO_LPS_STIM_MACROPHAGE_180MIN_UP	138	89		
GSE5589_WT_VS_IL6_KO_LPS_STIM_MACROPHAGE_180MIN_DN	142	57		
GSE5589_WT_VS_IL6_KO_LPS_AND_IL10_STIM_MACROPHAGE_180MIN_UP	101	37		
GSE5589_WT_VS_IL6_KO_LPS_AND_IL10_STIM_MACROPHAGE_180MIN_DN	149	95		
GSE3920_UNTREATED_VS_IFNA_TREATED_ENDOTHELIAL_CELL_UP	175	127		
GSE3920_UNTREATED_VS_IFNA_TREATED_ENDOTHELIAL_CELL_DN	165	130		
GSE3920_UNTREATED_VS_IFNB_TREATED_ENDOTHELIAL_CELL_UP	200	147		
GSE3920_UNTREATED_VS_IFNA_TREATED_FIBROBLAST_DN	200	160		
GSE3920_UNTREATED_VS_IFNG_TREATED_FIBROBLAST_UP	166	109		
GSE3920_UNTREATED_VS_IFNG_TREATED_FIBROBLAST_DN	179	143		
GSE3920_IFNA_VS_IFNG_TREATED_FIBROBLAST_UP	175	135		
GSE3920_IFNA_VS_IFNG_TREATED_FIBROBLAST_DN	187	152		
GSE3920_UNTREATED_VS_IFNB_TREATED_ENDOTHELIAL_CELL_DN	175	155		
GSE3920_UNTREATED_VS_IFNG_TREATED_ENDOTHELIAL_CELL_UP	154	92		
GSE3920_UNTREATED_VS_IFNG_TREATED_ENDOTHELIAL_CELL_DN	184	169		
GSE3920_IFNA_VS_IFNG_TREATED_ENDOTHELIAL_CELL_UP	170	141		
GSE3920_IFNA_VS_IFNG_TREATED_ENDOTHELIAL_CELL_DN	167	111		
GSE3920_IFNA_VS_IFNB_TREATED_ENDOTHELIAL_CELL_UP	169	131		
GSE3920_IFNA_VS_IFNB_TREATED_ENDOTHELIAL_CELL_DN	166	108		
GSE3920_IFNB_VS_IFNG_TREATED_ENDOTHELIAL_CELL_UP	167	134		
GSE3920_IFNB_VS_IFNG_TREATED_ENDOTHELIAL_CELL_DN	177	159		
GSE3920_UNTREATED_VS_IFNA_TREATED_FIBROBLAST_UP	168	137		
GSE6092_CTRL_VS_BORRELIA_BIRGDOFERI_INF_ENDOTHELIAL_CELL_UP	156	125		
GSE6092_CTRL_VS_BORRELIA_BIRGDOFERI_INF_ENDOTHELIAL_CELL_DN	149	90		
GSE6092_UNSTIM_VS_IFNG_STIM_ENDOTHELIAL_CELL_UP	200	154		
GSE6092_UNSTIM_VS_IFNG_STIM_ENDOTHELIAL_CELL_DN	199	157		
GSE6092_UNSTIM_VS_IFNG_STIM_AND_B_BURGDORFERI_INF_ENDOTHELIAL_CELL_UP	200	130		
GSE6092_UNSTIM_VS_IFNG_STIM_AND_B_BURGDORFERI_INF_ENDOTHELIAL_CELL_DN	200	49		
GSE6092_B_BURGDOFERI_VS_B_BURGDORFERI_AND_IFNG_STIM_ENDOTHELIAL_CELL_UP	176	141		
GSE6092_B_BURGDOFERI_VS_B_BURGDORFERI_AND_IFNG_STIM_ENDOTHELIAL_CELL_DN	180	141		
GSE6092_IFNG_VS_IFNG_AND_B_BURGDORFERI_INF_ENDOTHELIAL_CELL_UP	180	149		
GSE6092_IFNG_VS_IFNG_AND_B_BURGDORFERI_INF_ENDOTHELIAL_CELL_DN	175	137		
GSE6259_FLT3L_INDUCED_VS_WT_SPLENIC_DC_33D1_POS_UP	178	122		
GSE6259_FLT3L_INDUCED_VS_WT_SPLENIC_DC_33D1_POS_DN	163	66		
GSE6259_33D1_POS_VS_DEC205_POS_FLT3L_INDUCED_SPLENIC_DC_UP	175	94		
GSE6259_33D1_POS_VS_DEC205_POS_FLT3L_INDUCED_SPLENIC_DC_DN	178	136		
GSE6259_33D1_POS_VS_DEC205_POS_SPLENIC_DC_UP	193	118		
GSE6259_33D1_POS_VS_DEC205_POS_SPLENIC_DC_DN	197	129		
GSE6259_BCELL_VS_CD4_TCELL_UP	191	115		
GSE6259_BCELL_VS_CD4_TCELL_DN	198	124		
GSE6259_BCELL_VS_CD8_TCELL_UP	191	118		
GSE6259_BCELL_VS_CD8_TCELL_DN	198	134		
GSE6259_CD4_TCELL_VS_CD8_TCELL_UP	187	90		
GSE6259_CD4_TCELL_VS_CD8_TCELL_DN	181	133		
GSE6259_FLT3L_INDUCED_33D1_POS_DC_VS_BCELL_UP	199	161		
GSE6259_FLT3L_INDUCED_33D1_POS_DC_VS_BCELL_DN	200	173		
GSE6259_FLT3L_INDUCED_33D1_POS_DC_VS_CD4_TCELL_UP	171	82		
GSE6259_FLT3L_INDUCED_33D1_POS_DC_VS_CD4_TCELL_DN	170	129		
GSE6259_FLT3L_INDUCED_33D1_POS_DC_VS_CD8_TCELL_UP	146	85		
GSE6259_FLT3L_INDUCED_33D1_POS_DC_VS_CD8_TCELL_DN	150	94		
GSE6259_33D1_POS_DC_VS_BCELL_UP	155	77		
GSE6259_33D1_POS_DC_VS_BCELL_DN	150	111		
GSE6259_33D1_POS_DC_VS_CD4_TCELL_UP	184	139		
GSE6259_33D1_POS_DC_VS_CD4_TCELL_DN	176	108		
GSE6259_33D1_POS_DC_VS_CD8_TCELL_UP	145	39		
GSE6259_33D1_POS_DC_VS_CD8_TCELL_DN	135	84		
GSE6259_FLT3L_INDUCED_DEC205_POS_DC_VS_BCELL_UP	152	76		
GSE6259_FLT3L_INDUCED_DEC205_POS_DC_VS_BCELL_DN	170	115		
GSE6259_FLT3L_INDUCED_DEC205_POS_DC_VS_CD4_TCELL_UP	163	140		
GSE6259_FLT3L_INDUCED_DEC205_POS_DC_VS_CD4_TCELL_DN	132	18		
GSE6259_FLT3L_INDUCED_DEC205_POS_DC_VS_CD8_TCELL_UP	146	101		
GSE6259_FLT3L_INDUCED_DEC205_POS_DC_VS_CD8_TCELL_DN	172	137		
GSE6259_DEC205_POS_DC_VS_BCELL_UP	157	22		
GSE6259_DEC205_POS_DC_VS_BCELL_DN	171	142		
GSE6259_DEC205_POS_DC_VS_CD4_TCELL_UP	199	131		
GSE6259_DEC205_POS_DC_VS_CD4_TCELL_DN	200	151		
GSE6259_DEC205_POS_DC_VS_CD8_TCELL_UP	184	161		
GSE6259_DEC205_POS_DC_VS_CD8_TCELL_DN	154	77		
GSE6681_DELETED_FOXP3_VS_WT_TREG_UP	199	54		
GSE6681_DELETED_FOXP3_VS_WT_TREG_DN	200	147		
GSE3203_WT_VS_IFNAR1_KO_INFLUENZA_INFECTED_LN_BCELL_UP	200	79		
GSE3203_INFLUENZA_INF_VS_IFNB_TREATED_LN_BCELL_DN	200	146		
GSE3203_HEALTHY_VS_INFLUENZA_INFECTED_LN_BCELL_UP	200	123		
GSE3203_UNTREATED_VS_IFNB_TREATED_LN_BCELL_DN	200	93		
GSE3203_INFLUENZA_INF_VS_IFNB_TREATED_LN_BCELL_UP	200	96		
GSE3203_HEALTHY_VS_INFLUENZA_INFECTED_LN_BCELL_DN	200	73		
GSE3203_UNTREATED_VS_IFNB_TREATED_LN_BCELL_UP	200	120		
GSE3203_WT_VS_IFNAR1_KO_INFLUENZA_INFECTED_LN_BCELL_DN	200	82		
GSE6875_TCONV_VS_TREG_UP	198	123		
GSE6875_TCONV_VS_TREG_DN	199	92		
GSE6875_TCONV_VS_FOXP3_KO_TREG_UP	198	104		
GSE6875_TCONV_VS_FOXP3_KO_TREG_DN	200	150		
GSE6875_WT_VS_FOXP3_KO_TREG_UP	199	147		
GSE6875_WT_VS_FOXP3_KO_TREG_DN	199	121		
GSE7218_UNSTIM_VS_ANTIGEN_STIM_THROUGH_IGM_BCELL_UP	127	51		
GSE7218_UNSTIM_VS_ANTIGEN_STIM_THROUGH_IGM_BCELL_DN	120	66		
GSE7218_IGM_VS_IGG_SIGNAL_THGOUGH_ANTIGEN_BCELL_UP	187	148		
GSE7218_IGM_VS_IGG_SIGNAL_THGOUGH_ANTIGEN_BCELL_DN	170	119		
GSE7218_UNSTIM_VS_ANTIGEN_STIM_THROUGH_IGG_BCELL_UP	187	147		
GSE7218_UNSTIM_VS_ANTIGEN_STIM_THROUGH_IGG_BCELL_DN	169	117		
GSE6090_UNSTIM_VS_DC_SIGN_STIM_DC_UP	165	136		
GSE6090_UNSTIM_VS_DC_SIGN_STIM_DC_DN	146	37		
GSE7509_UNSTIM_VS_IFNA_STIM_IMMATURE_DC_UP	179	128		
GSE7509_UNSTIM_VS_IFNA_STIM_IMMATURE_DC_DN	172	131		
GSE7509_UNSTIM_VS_FCGRIIB_STIM_DC_UP	173	106		
GSE7509_UNSTIM_VS_FCGRIIB_STIM_DC_DN	174	137		
GSE7509_UNSTIM_VS_TNFA_IL1B_IL6_PGE_STIM_DC_UP	188	163		
GSE7509_UNSTIM_VS_TNFA_IL1B_IL6_PGE_STIM_DC_DN	108	26		
GSE7509_FCGRIIB_VS_TNFA_IL1B_IL6_PGE_STIM_DC_UP	185	155		
GSE7509_FCGRIIB_VS_TNFA_IL1B_IL6_PGE_STIM_DC_DN	154	91		
GSE7509_UNSTIM_VS_FCGRIIB_STIM_MONOCYTE_UP	168	134		
GSE7509_UNSTIM_VS_FCGRIIB_STIM_MONOCYTE_DN	166	137		
GSE7509_DC_VS_MONOCYTE_UP	200	143		
GSE7509_DC_VS_MONOCYTE_DN	200	126		
GSE7509_DC_VS_MONOCYTE_WITH_FCGRIIB_STIM_UP	200	163		
GSE7509_DC_VS_MONOCYTE_WITH_FCGRIIB_STIM_DN	197	136		
GSE7548_NAIVE_VS_DAY7_PCC_IMMUNIZATION_CD4_TCELL_UP	200	166		
GSE7548_NAIVE_VS_DAY7_PCC_IMMUNIZATION_CD4_TCELL_DN	199	141		
GSE7548_NAIVE_VS_DAY28_PCC_IMMUNIZATION_CD4_TCELL_UP	199	141		
GSE7548_NAIVE_VS_DAY28_PCC_IMMUNIZATION_CD4_TCELL_DN	198	94		
GSE7548_DAY7_VS_DAY28_PCC_IMMUNIZATION_CD4_TCELL_UP	200	121		
GSE7548_DAY7_VS_DAY28_PCC_IMMUNIZATION_CD4_TCELL_DN	199	124		
GSE7348_UNSTIM_VS_LPS_STIM_MACROPHAGE_UP	155	128		
GSE7348_UNSTIM_VS_LPS_STIM_MACROPHAGE_DN	170	115		
GSE7348_UNSTIM_VS_TOLERIZED_AND_LPS_STIM_MACROPHAGE_UP	162	138		
GSE7348_UNSTIM_VS_TOLERIZED_AND_LPS_STIM_MACROPHAGE_DN	160	113		
GSE7348_LPS_VS_TOLERIZED_AND_LPS_STIM_MACROPHAGE_UP	182	152		
GSE7348_LPS_VS_TOLERIZED_AND_LPS_STIM_MACROPHAGE_DN	174	118		
GSE7768_OVA_ALONE_VS_OVA_WITH_LPS_IMMUNIZED_MOUSE_WHOLE_SPLEEN_6H_UP	169	140		
GSE7768_OVA_ALONE_VS_OVA_WITH_LPS_IMMUNIZED_MOUSE_WHOLE_SPLEEN_6H_DN	170	122		
GSE7768_OVA_WITH_LPS_VS_OVA_WITH_MPL_IMMUNIZED_MOUSE_WHOLE_SPLEEN_6H_UP	171	148		
GSE7768_OVA_WITH_LPS_VS_OVA_WITH_MPL_IMMUNIZED_MOUSE_WHOLE_SPLEEN_6H_DN	169	131		
GSE7768_OVA_ALONE_VS_OVA_WITH_MPL_IMMUNIZED_MOUSE_WHOLE_SPLEEN_6H_UP	181	155		
GSE7768_OVA_ALONE_VS_OVA_WITH_MPL_IMMUNIZED_MOUSE_WHOLE_SPLEEN_6H_DN	164	130		
GSE4590_PRE_BCELL_VS_SMALL_PRE_BCELL_UP	155	88		
GSE4590_PRE_BCELL_VS_SMALL_PRE_BCELL_DN	122	71		
GSE4590_PRE_BCELL_VS_LARGE_PRE_BCELL_UP	160	95		
GSE4590_PRE_BCELL_VS_LARGE_PRE_BCELL_DN	156	121		
GSE4590_PRE_BCELL_VS_VPREB_POS_LARGE_PRE_BCELL_UP	157	83		
GSE4590_PRE_BCELL_VS_VPREB_POS_LARGE_PRE_BCELL_DN	157	130		
GSE4590_SMALL_VS_LARGE_PRE_BCELL_UP	175	107		
GSE4590_SMALL_VS_LARGE_PRE_BCELL_DN	160	108		
GSE4590_SMALL_VS_VPREB_POS_LARGE_PRE_BCELL_UP	169	141		
GSE4590_SMALL_VS_VPREB_POS_LARGE_PRE_BCELL_DN	160	84		
GSE4590_LARGE_PRE_BCELL_VS_VPREB_POS_LARGE_PRE_BCELL_UP	174	131		
GSE4590_LARGE_PRE_BCELL_VS_VPREB_POS_LARGE_PRE_BCELL_DN	180	154		
GSE9601_UNTREATED_VS_NFKB_INHIBITOR_TREATED_HCMV_INF_MONOCYTE_UP	165	81		
GSE9601_UNTREATED_VS_NFKB_INHIBITOR_TREATED_HCMV_INF_MONOCYTE_DN	174	161		
GSE9601_UNTREATED_VS_PI3K_INHIBITOR_TREATED_HCMV_INF_MONOCYTE_UP	175	151		
GSE9601_UNTREATED_VS_PI3K_INHIBITOR_TREATED_HCMV_INF_MONOCYTE_DN	150	104		
GSE9601_NFKB_INHIBITOR_VS_PI3K_INHIBITOR_TREATED_HCMV_INF_MONOCYTE_UP	200	153		
GSE9601_NFKB_INHIBITOR_VS_PI3K_INHIBITOR_TREATED_HCMV_INF_MONOCYTE_DN	200	110		
GSE9316_IL6_KO_VS_IFNG_KO_INVIVO_EXPANDED_CD4_TCELL_UP	200	134		
GSE9316_IL6_KO_VS_IFNG_KO_INVIVO_EXPANDED_CD4_TCELL_DN	200	127		
GSE9316_CD4_TCELL_BALBC_VS_TH17_ENRI_CD4_TCELL_SKG_PMA_IONO_STIM_FR4NEG_UP	200	115		
GSE9316_CD4_TCELL_BALBC_VS_TH17_ENRI_CD4_TCELL_SKG_PMA_IONO_STIM_FR4NEG_DN	200	130		
GSE9509_LPS_VS_LPS_AND_IL10_STIM_IL10_KO_MACROPHAGE_10MIN_UP	199	99		
GSE9509_LPS_VS_LPS_AND_IL10_STIM_IL10_KO_MACROPHAGE_10MIN_DN	200	171		
GSE9509_LPS_VS_LPS_AND_IL10_STIM_IL10_KO_MACROPHAGE_20MIN_UP	194	77		
GSE9509_LPS_VS_LPS_AND_IL10_STIM_IL10_KO_MACROPHAGE_20MIN_DN	197	153		
GSE9509_LPS_VS_LPS_AND_IL10_STIM_IL10_KO_MACROPHAGE_30MIN_UP	197	102		
GSE9509_LPS_VS_LPS_AND_IL10_STIM_IL10_KO_MACROPHAGE_30MIN_DN	193	125		
GSE9509_10MIN_VS_30MIN_LPS_STIM_IL10_KO_MACROPHAGE_UP	200	142		
GSE9509_10MIN_VS_30MIN_LPS_STIM_IL10_KO_MACROPHAGE_DN	194	104		
GSE9509_10MIN_VS_30MIN_LPS_AND_IL10_STIM_IL10_KO_MACROPHAGE_UP	175	154		
GSE9509_10MIN_VS_30MIN_LPS_AND_IL10_STIM_IL10_KO_MACROPHAGE_DN	159	112		
GSE6674_UNSTIM_VS_ANTI_IGM_STIM_BCELL_UP	162	141		
GSE6674_UNSTIM_VS_ANTI_IGM_STIM_BCELL_DN	135	23		
GSE6674_UNSTIM_VS_CPG_STIM_BCELL_UP	147	93		
GSE6674_UNSTIM_VS_CPG_STIM_BCELL_DN	164	128		
GSE6674_UNSTIM_VS_PL2_3_STIM_BCELL_UP	150	89		
GSE6674_UNSTIM_VS_PL2_3_STIM_BCELL_DN	173	127		
GSE6674_UNSTIM_VS_ANTI_IGM_AND_CPG_STIM_BCELL_UP	200	168		
GSE6674_UNSTIM_VS_ANTI_IGM_AND_CPG_STIM_BCELL_DN	199	171		
GSE6674_ANTI_IGM_VS_CPG_STIM_BCELL_UP	200	172		
GSE6674_ANTI_IGM_VS_CPG_STIM_BCELL_DN	199	171		
GSE6674_ANTI_IGM_VS_PL2_3_STIM_BCELL_UP	200	174		
GSE6674_ANTI_IGM_VS_PL2_3_STIM_BCELL_DN	199	175		
GSE6674_ANTI_IGM_VS_ANTI_IGM_AND_CPG_STIM_BCELL_UP	199	177		
GSE6674_ANTI_IGM_VS_ANTI_IGM_AND_CPG_STIM_BCELL_DN	199	166		
GSE6674_CPG_VS_PL2_3_STIM_BCELL_UP	200	166		
GSE6674_CPG_VS_PL2_3_STIM_BCELL_DN	200	166		
GSE6674_CPG_VS_CPG_AND_ANTI_IGM_STIM_BCELL_UP	199	172		
GSE6674_CPG_VS_CPG_AND_ANTI_IGM_STIM_BCELL_DN	200	155		
GSE6674_PL2_3_VS_ANTI_IGM_AND_CPG_STIM_BCELL_UP	200	164		
GSE6674_PL2_3_VS_ANTI_IGM_AND_CPG_STIM_BCELL_DN	200	163		
GSE7831_UNSTIM_VS_CPG_STIM_PDC_1H_UP	200	171		
GSE7831_UNSTIM_VS_CPG_STIM_PDC_1H_DN	200	166		
GSE7831_UNSTIM_VS_INFLUENZA_STIM_PDC_1H_UP	200	152		
GSE7831_UNSTIM_VS_INFLUENZA_STIM_PDC_1H_DN	200	145		
GSE7831_CPG_VS_INFLUENZA_STIM_PDC_1H_UP	200	168		
GSE7831_CPG_VS_INFLUENZA_STIM_PDC_1H_DN	200	104		
GSE7831_UNSTIM_VS_CPG_STIM_PDC_4H_UP	200	166		
GSE7831_UNSTIM_VS_CPG_STIM_PDC_4H_DN	200	128		
GSE7831_UNSTIM_VS_INFLUENZA_STIM_PDC_4H_UP	200	126		
GSE7831_UNSTIM_VS_INFLUENZA_STIM_PDC_4H_DN	200	148		
GSE7831_CPG_VS_INFLUENZA_STIM_PDC_4H_UP	200	138		
GSE7831_CPG_VS_INFLUENZA_STIM_PDC_4H_DN	200	106		
GSE7831_1H_VS_4H_CPG_STIM_PDC_UP	200	140		
GSE7831_1H_VS_4H_CPG_STIM_PDC_DN	199	145		
GSE7831_1H_VS_4H_INFLUENZA_STIM_PDC_UP	200	132		
GSE7831_1H_VS_4H_INFLUENZA_STIM_PDC_DN	199	128		
GSE9239_CTRL_VS_TNF_INHIBITOR_TREATED_DC_UP	200	115		
GSE9239_CTRL_VS_TNF_INHIBITOR_TREATED_DC_DN	200	149		
GSE8621_UNSTIM_VS_LPS_STIM_MACROPHAGE_UP	199	108		
GSE8621_UNSTIM_VS_LPS_STIM_MACROPHAGE_DN	199	168		
GSE8621_LPS_PRIMED_UNSTIM_VS_LPS_PRIMED_AND_LPS_STIM_MACROPHAGE_UP	198	138		
GSE8621_LPS_PRIMED_UNSTIM_VS_LPS_PRIMED_AND_LPS_STIM_MACROPHAGE_DN	200	152		
GSE8621_UNSTIM_VS_LPS_PRIMED_UNSTIM_MACROPHAGE_UP	199	111		
GSE8621_UNSTIM_VS_LPS_PRIMED_UNSTIM_MACROPHAGE_DN	200	156		
GSE8621_LPS_STIM_VS_LPS_PRIMED_AND_LPS_STIM_MACROPHAGE_UP	200	76		
GSE8621_LPS_STIM_VS_LPS_PRIMED_AND_LPS_STIM_MACROPHAGE_DN	200	148		
GSE8621_UNSTIM_VS_LPS_PRIMED_AND_LPS_STIM_MACROPHAGE_UP	199	123		
GSE8621_UNSTIM_VS_LPS_PRIMED_AND_LPS_STIM_MACROPHAGE_DN	199	150		
GSE9878_CTRL_VS_EBF_TRANSDUCED_PAX5_KO_PRO_BCELL_UP	200	118		
GSE9878_CTRL_VS_EBF_TRANSDUCED_PAX5_KO_PRO_BCELL_DN	200	161		
GSE5503_LIVER_DC_VS_MLN_DC_ACTIVATED_ALLOGENIC_TCELL_UP	200	90		
GSE5503_LIVER_DC_VS_MLN_DC_ACTIVATED_ALLOGENIC_TCELL_DN	200	170		
GSE5503_LIVER_DC_VS_PLN_DC_ACTIVATED_ALLOGENIC_TCELL_UP	199	125		
GSE5503_LIVER_DC_VS_PLN_DC_ACTIVATED_ALLOGENIC_TCELL_DN	200	168		
GSE5503_LIVER_DC_VS_SPLEEN_DC_ACTIVATED_ALLOGENIC_TCELL_UP	200	101		
GSE5503_LIVER_DC_VS_SPLEEN_DC_ACTIVATED_ALLOGENIC_TCELL_DN	200	151		
GSE5503_MLN_DC_VS_PLN_DC_ACTIVATED_ALLOGENIC_TCELL_UP	198	140		
GSE5503_MLN_DC_VS_PLN_DC_ACTIVATED_ALLOGENIC_TCELL_DN	200	141		
GSE5503_MLN_DC_VS_SPLEEN_DC_ACTIVATED_ALLOGENIC_TCELL_UP	200	135		
GSE5503_MLN_DC_VS_SPLEEN_DC_ACTIVATED_ALLOGENIC_TCELL_DN	200	159		
GSE5503_PLN_DC_VS_SPLEEN_DC_ACTIVATED_ALLOGENIC_TCELL_UP	200	123		
GSE5503_PLN_DC_VS_SPLEEN_DC_ACTIVATED_ALLOGENIC_TCELL_DN	200	177		
GSE10240_CTRL_VS_IL17_STIM_PRIMARY_BRONCHIAL_EPITHELIAL_CELLS_DN	198	149		
GSE10240_IL22_VS_IL17_STIM_PRIMARY_BRONCHIAL_EPITHELIAL_CELLS_UP	200	161		
GSE10240_CTRL_VS_IL17_STIM_PRIMARY_BRONCHIAL_EPITHELIAL_CELLS_UP	200	126		
GSE10240_CTRL_VS_IL22_STIM_PRIMARY_BRONCHIAL_EPITHELIAL_CELLS_DN	200	168		
GSE10240_CTRL_VS_IL22_STIM_PRIMARY_BRONCHIAL_EPITHELIAL_CELLS_UP	200	138		
GSE10240_CTRL_VS_IL17_AND_IL22_STIM_PRIMARY_BRONCHIAL_EPITHELIAL_CELLS_UP	200	159		
GSE10240_CTRL_VS_IL17_AND_IL22_STIM_PRIMARY_BRONCHIAL_EPITHELIAL_CELLS_DN	200	125		
GSE10240_IL22_VS_IL22_AND_IL17_STIM_PRIMARY_BRONCHIAL_EPITHELIAL_CELLS_UP	200	173		
GSE10240_IL22_VS_IL22_AND_IL17_STIM_PRIMARY_BRONCHIAL_EPITHELIAL_CELLS_DN	200	128		
GSE10240_IL22_VS_IL17_STIM_PRIMARY_BRONCHIAL_EPITHELIAL_CELLS_DN	200	136		
GSE10240_IL17_VS_IL17_AND_IL22_STIM_PRIMARY_BRONCHIAL_EPITHELIAL_CELLS_DN	199	101		
GSE10240_IL17_VS_IL17_AND_IL22_STIM_PRIMARY_BRONCHIAL_EPITHELIAL_CELLS_UP	199	152		
GSE10273_LOW_IL7_VS_HIGH_IL7_AND_IRF4_IN_IRF4_8_NULL_PRE_BCELL_UP	200	115		
GSE10273_HIGH_VS_LOW_IL7_TREATED_IRF4_8_NULL_PRE_BCELL_DN	198	155		
GSE10273_HIGH_IL7_VS_HIGH_IL7_AND_IRF4_IN_IRF4_8_NULL_PRE_BCELL_DN	200	143		
GSE10273_HIGH_VS_LOW_IL7_TREATED_IRF4_8_NULL_PRE_BCELL_UP	200	128		
GSE10273_HIGH_IL7_VS_HIGH_IL7_AND_IRF4_IN_IRF4_8_NULL_PRE_BCELL_UP	200	135		
GSE10273_LOW_IL7_VS_HIGH_IL7_AND_IRF4_IN_IRF4_8_NULL_PRE_BCELL_DN	200	152		
GSE8685_IL2_STARVED_VS_IL2_ACT_IL2_STARVED_CD4_TCELL_UP	199	181		
GSE8685_IL2_STARVED_VS_IL2_ACT_IL2_STARVED_CD4_TCELL_DN	198	144		
GSE8685_IL2_STARVED_VS_IL15_ACT_IL2_STARVED_CD4_TCELL_UP	198	160		
GSE8685_IL2_STARVED_VS_IL15_ACT_IL2_STARVED_CD4_TCELL_DN	200	138		
GSE8685_IL2_STARVED_VS_IL21_ACT_IL2_STARVED_CD4_TCELL_UP	200	140		
GSE8685_IL2_STARVED_VS_IL21_ACT_IL2_STARVED_CD4_TCELL_DN	200	157		
GSE8685_IL2_ACT_IL2_STARVED_VS_IL15_ACT_IL2_STARVED_CD4_TCELL_UP	200	155		
GSE8685_IL2_ACT_IL2_STARVED_VS_IL15_ACT_IL2_STARVED_CD4_TCELL_DN	200	140		
GSE8685_IL2_ACT_IL2_STARVED_VS_IL21_ACT_IL2_STARVED_CD4_TCELL_UP	175	153		
GSE8685_IL2_ACT_IL2_STARVED_VS_IL21_ACT_IL2_STARVED_CD4_TCELL_DN	144	73		
GSE8685_IL15_ACT_IL2_STARVED_VS_IL21_ACT_IL2_STARVED_CD4_TCELL_UP	165	127		
GSE8685_IL15_ACT_IL2_STARVED_VS_IL21_ACT_IL2_STARVED_CD4_TCELL_DN	160	127		
GSE7596_AKT_TRANSD_VS_CTRL_CD4_TCONV_WITH_TGFB_UP	161	146		
GSE7596_AKT_TRANSD_VS_CTRL_CD4_TCONV_WITH_TGFB_DN	129	37		
GSE10211_UV_INACT_SENDAI_VS_LIVE_SENDAI_VIRUS_TRACHEAL_EPITHELIAL_CELLS_DN	164	123		
GSE10211_UV_INACT_SENDAI_VS_LIVE_SENDAI_VIRUS_TRACHEAL_EPITHELIAL_CELLS_UP	152	118		
GSE10147_IL3_VS_IL3_AND_HIVP17_STIM_PDC_UP	166	140		
GSE10147_IL3_VS_IL3_AND_HIVP17_STIM_PDC_DN	144	48		
GSE10147_IL3_VS_IL3_AND_CPG_STIM_PDC_UP	147	74		
GSE10147_IL3_AND_HIVP17_VS_IL3_AND_CPG_STIM_PDC_DN	152	123		
GSE10147_IL3_AND_HIVP17_VS_IL3_AND_CPG_STIM_PDC_UP	154	56		
GSE10147_IL3_VS_IL3_AND_CPG_STIM_PDC_DN	165	140		
GSE10422_WT_VS_BAFF_TRANSGENIC_LN_BCELL_DN	129	64		
GSE10422_WT_VS_BAFF_TRANSGENIC_LN_BCELL_UP	180	148		
GSE10500_ARTHRITIC_SYNOVIAL_FLUID_VS_HEALTHY_MACROPHAGE_UP	155	117		
GSE10500_ARTHRITIC_SYNOVIAL_FLUID_VS_HEALTHY_MACROPHAGE_DN	145	99		
GSE7568_CTRL_VS_3H_TGFB_TREATED_MACROPHAGES_WITH_IL4_AND_DEXAMETHASONE_UP	156	56		
GSE7568_CTRL_VS_3H_TGFB_TREATED_MACROPHAGES_WITH_IL4_AND_DEXAMETHASONE_DN	167	145		
GSE7568_CTRL_VS_24H_TGFB_TREATED_MACROPHAGES_WITH_IL4_AND_DEXAMETHASONE_UP	200	144		
GSE7568_CTRL_VS_24H_TGFB_TREATED_MACROPHAGES_WITH_IL4_AND_DEXAMETHASONE_DN	200	60		
GSE7568_IL4_VS_IL4_AND_TGFB_TREATED_MACROPHAGE_24H_UP	167	154		
GSE7568_IL4_VS_IL4_AND_TGFB_TREATED_MACROPHAGE_24H_DN	188	173		
GSE7568_IL4_VS_IL4_AND_DEXAMETHASONE_TREATED_MACROPHAGE_UP	171	155		
GSE7568_IL4_VS_IL4_AND_DEXAMETHASONE_TREATED_MACROPHAGE_DN	151	116		
GSE7568_IL4_TGFB_DEXAMETHASONE_VS_IL4_TGFB_TREATED_MACROPHAGE_UP	172	149		
GSE7568_IL4_TGFB_DEXAMETHASONE_VS_IL4_TGFB_TREATED_MACROPHAGE_DN	175	158		
GSE11386_NAIVE_VS_MEMORY_BCELL_DN	159	137		
GSE11386_NAIVE_VS_MEMORY_BCELL_UP	185	163		
GSE7219_WT_VS_NIK_NFKB2_KO_DC_UP	185	163		
GSE7219_WT_VS_NIK_NFKB2_KO_DC_DN	169	153		
GSE7219_UNSTIM_VS_LPS_AND_ANTI_CD40_STIM_DC_UP	173	148		
GSE7219_UNSTIM_VS_LPS_AND_ANTI_CD40_STIM_DC_DN	174	136		
GSE7219_UNSTIM_VS_LPS_AND_ANTI_CD40_STIM_NIK_NFKB2_KO_DC_UP	178	156		
GSE7219_UNSTIM_VS_LPS_AND_ANTI_CD40_STIM_NIK_NFKB2_KO_DC_DN	190	166		
GSE7219_WT_VS_NIK_NFKB2_KO_LPS_AND_ANTI_CD40_STIM_DC_UP	200	116		
GSE7219_WT_VS_NIK_NFKB2_KO_LPS_AND_ANTI_CD40_STIM_DC_DN	200	138		
GSE12003_MIR223_KO_VS_WT_BM_PROGENITOR_4D_CULTURE_UP	200	162		
GSE11973_MIR223_KOVS_WT_BONE_MARROW_NEUTROPHIL_UP	200	171		
GSE12003_MIR223_KO_VS_WT_BM_PROGENITOR_4D_CULTURE_DN	200	86		
GSE12001_MIR223_KO_VS_WT_NEUTROPHIL_DN	200	164		
GSE12003_MIR223_KO_VS_WT_BM_PROGENITOR_8D_CULTURE_DN	146	110		
GSE11973_MIR223_KOVS_WT_BONE_MARROW_NEUTROPHIL_DN	177	151		
GSE12003_MIR223_KO_VS_WT_BM_PROGENITOR_8D_CULTURE_UP	125	68		
GSE12001_MIR223_KO_VS_WT_NEUTROPHIL_UP	175	149		
GSE12003_4D_VS_8D_CULTURE_BM_PROGENITOR_UP	174	130		
GSE12003_4D_VS_8D_CULTURE_MIR223_KO_BM_PROGENITOR_DN	168	142		
GSE12003_4D_VS_8D_CULTURE_MIR223_KO_BM_PROGENITOR_UP	152	35		
GSE12003_4D_VS_8D_CULTURE_BM_PROGENITOR_DN	137	84		
GSE11884_WT_VS_FURIN_KO_NAIVE_CD4_TCELL_UP	140	57		
GSE11884_WT_VS_FURIN_KO_NAIVE_CD4_TCELL_DN	128	75		
GSE11818_WT_VS_DICER_KO_TREG_DN	154	127		
GSE11818_WT_VS_DICER_KO_TREG_UP	146	42		
GSE9946_IMMATURE_VS_MATURE_STIMULATORY_DC_UP	137	90		
GSE9946_IMMATURE_VS_MATURE_STIMULATORY_DC_DN	136	24		
GSE9946_IMMATURE_VS_LISTERIA_INF_MATURE_DC_UP	139	41		
GSE9946_IMMATURE_VS_LISTERIA_INF_MATURE_DC_DN	132	53		
GSE9946_IMMATURE_VS_PROSTAGLANDINE2_TREATED_MATURE_DC_UP	149	80		
GSE9946_IMMATURE_VS_PROSTAGLANDINE2_TREATED_MATURE_DC_DN	147	50		
GSE9946_MATURE_STIMULATORY_VS_LISTERIA_INF_MATURE_DC_UP	129	101		
GSE9946_MATURE_STIMULATORY_VS_LISTERIA_INF_MATURE_DC_DN	132	28		
GSE9946_MATURE_STIMULATORY_VS_PROSTAGLANDINE2_TREATED_MATURE_DC_UP	135	70		
GSE9946_MATURE_STIMULATORY_VS_PROSTAGLANDINE2_TREATED_MATURE_DC_DN	137	19		
GSE9946_LISTERIA_INF_MATURE_VS_PROSTAGLANDINE2_TREATED_MATURE_DC_UP	134	77		
GSE9946_LISTERIA_INF_MATURE_VS_PROSTAGLANDINE2_TREATED_MATURE_DC_DN	121	21		
GSE12484_HEALTHY_VS_PERIDONTITIS_NEUTROPHILS_DN	152	102		
GSE12484_HEALTHY_VS_PERIDONTITIS_NEUTROPHILS_UP	139	25		
GSE12707_AT16L1_HYPOMORPH_VS_WT_THYMUS_DN	130	51		
GSE12707_AT16L1_HYPOMORPH_VS_WT_THYMUS_UP	129	74		
GSE12505_WT_VS_E2_2_HET_PDC_UP	131	55		
GSE12507_PDC_CELL_LINE_VS_IMMATUE_T_CELL_LINE_UP	153	117		
GSE12505_WT_VS_E2_2_HET_PDC_DN	158	116		
GSE12507_PDC_CELL_LINE_VS_IMMATUE_T_CELL_LINE_DN	144	38		
GSE12839_CTRL_VS_IL12_TREATED_PBMC_DN	126	52		
GSE12839_CTRL_VS_IL12_TREATED_PBMC_UP	149	106		
GSE12963_UNINF_VS_ENV_AND_NEF_AND_VPR_DEFICIENT_HIV1_INF_CD4_TCELL_UP	135	87		
GSE12963_UNINF_VS_ENV_AND_NEF_AND_VPR_DEFICIENT_HIV1_INF_CD4_TCELL_DN	134	68		
GSE12963_UNINF_VS_ENV_AND_NEF_DEFICIENT_HIV1_INF_CD4_TCELL_UP	141	79		
GSE12963_UNINF_VS_ENV_AND_NEF_DEFICIENT_HIV1_INF_CD4_TCELL_DN	146	75		
GSE12963_ENV_NEF_VS_ENV_NEF_AND_VPR_DEFICIENT_HIV1_INF_CD4_TCELL_UP	134	102		
GSE12963_ENV_NEF_VS_ENV_NEF_AND_VPR_DEFICIENT_HIV1_INF_CD4_TCELL_DN	151	75		
GSE11367_CTRL_VS_IL17_TREATED_SMOOTH_MUSCLE_CELL_UP	137	49		
GSE11367_CTRL_VS_IL17_TREATED_SMOOTH_MUSCLE_CELL_DN	117	46		
GSE7459_UNTREATED_VS_IL6_TREATED_ACT_CD4_TCELL_UP	138	79		
GSE7459_UNTREATED_VS_IL6_TREATED_ACT_CD4_TCELL_DN	145	37		
GSE13173_UNTREATED_VS_IL12_TREATED_ACT_CD8_TCELL_UP	129	26		
GSE13173_UNTREATED_VS_IL12_TREATED_ACT_CD8_TCELL_DN	141	113		
GSE14413_UNSTIM_VS_IFNB_STIM_NIH3T3_CELLS_UP	141	91		
GSE14413_UNSTIM_VS_IFNB_STIM_RAW264_CELLS_UP	146	50		
GSE14413_UNSTIM_VS_IFNB_STIM_RAW264_CELLS_DN	124	17		
GSE14413_UNSTIM_VS_IFNB_STIM_NIH3T3_CELLS_DN	137	115		
GSE14413_UNSTIM_VS_IFNB_STIM_L929_CELLS_DN	118	41		
GSE14413_UNSTIM_VS_IFNB_STIM_L929_CELLS_UP	124	51		
GSE13887_ACT_CD4_VS_NO_TREATED_CD4_TCELL_DN	137	32		
GSE13887_HEALTHY_VS_LUPUS_RESTING_CD4_TCELL_DN	126	75		
GSE13887_RESTING_VS_ACT_CD4_TCELL_UP	106	31		
GSE13887_RESTING_VS_NO_TREATED_CD4_TCELL_DN	113	65		
GSE13887_ACT_CD4_VS_NO_TREATED_CD4_TCELL_UP	129	15		
GSE13887_RESTING_VS_ACT_CD4_TCELL_DN	131	85		
GSE13887_RESTING_VS_NO_TREATED_CD4_TCELL_UP	139	30		
GSE13887_HEALTHY_VS_LUPUS_RESTING_CD4_TCELL_UP	116	51		
GSE13762_CTRL_VS_125_VITAMIND_DAY5_DC_DN	134	52		
GSE13762_CTRL_VS_125_VITAMIND_DAY12_DC_UP	148	86		
GSE13762_CTRL_VS_125_VITAMIND_DAY5_DC_UP	136	34		
GSE13762_CTRL_VS_125_VITAMIND_DAY12_DC_DN	134	56		
GSE13522_WT_VS_IFNG_KO_SKIN_DN	126	41		
GSE13522_CTRL_VS_T_CRUZI_Y_STRAIN_INF_SKIN_BALBC_MOUSE_UP	138	96		
GSE13522_CTRL_VS_T_CRUZI_BRAZIL_STRAIN_INF_SKIN_UP	147	67		
GSE13522_CTRL_VS_T_CRUZI_Y_STRAIN_INF_SKIN_IFNG_KO_DN	140	71		
GSE13522_WT_VS_IFNG_KO_SKING_T_CRUZI_Y_STRAIN_INF_UP	129	21		
GSE13522_CTRL_VS_T_CRUZI_G_STRAIN_INF_SKIN_DN	138	76		
GSE13522_WT_VS_IFNG_KO_SKIN_UP	138	22		
GSE13522_CTRL_VS_T_CRUZI_Y_STRAIN_INF_SKIN_IFNG_KO_UP	157	125		
GSE13522_WT_VS_IFNG_KO_SKING_T_CRUZI_Y_STRAIN_INF_DN	127	73		
GSE13522_CTRL_VS_T_CRUZI_Y_STRAIN_INF_SKIN_129_MOUSE_UP	135	37		
GSE13522_CTRL_VS_T_CRUZI_Y_STRAIN_INF_SKIN_129_MOUSE_DN	200	114		
GSE13522_WT_VS_IFNAR_KO_SKING_T_CRUZI_Y_STRAIN_INF_DN	199	102		
GSE13522_CTRL_VS_T_CRUZI_BRAZIL_STRAIN_INF_SKIN_DN	199	88		
GSE13522_CTRL_VS_T_CRUZI_G_STRAIN_INF_SKIN_UP	198	140		
GSE13522_WT_VS_IFNAR_KO_SKIN_DN	177	144		
GSE13522_CTRL_VS_T_CRUZI_Y_STRAIN_INF_SKIN_BALBC_MOUSE_DN	139	88		
GSE13522_CTRL_VS_T_CRUZI_Y_STRAIN_INF_SKIN_IFNAR_KO_UP	200	157		
GSE13522_CTRL_VS_T_CRUZI_Y_STRAIN_INF_SKIN_IFNAR_KO_DN	200	175		
GSE13522_WT_VS_IFNAR_KO_SKIN_UP	200	151		
GSE13522_WT_VS_IFNAR_KO_SKING_T_CRUZI_Y_STRAIN_INF_UP	200	155		
GSE14699_NAIVE_VS_ACT_CD8_TCELL_UP	199	166		
GSE14699_NAIVE_VS_DELETIONAL_TOLERANCE_CD8_TCELL_DN	200	160		
GSE14699_NAIVE_VS_DELETIONAL_TOLERANCE_CD8_TCELL_UP	152	125		
GSE14699_DELETIONAL_TOLERANCE_VS_ACTIVATED_CD8_TCELL_DN	186	158		
GSE14699_NAIVE_VS_ACT_CD8_TCELL_DN	175	161		
GSE14699_DELETIONAL_TOLERANCE_VS_ACTIVATED_CD8_TCELL_UP	180	149		
GSE13946_CTRL_VS_DSS_COLITIS_GD_TCELL_FROM_COLON_DN	170	148		
GSE13946_CTRL_VS_DSS_COLITIS_GD_TCELL_FROM_COLON_UP	178	137		
GSE14415_ACT_TCONV_VS_ACT_NATURAL_TREG_UP	172	136		
GSE14415_INDUCED_TREG_VS_FOXP3_KO_INDUCED_TREG_DN	181	146		
GSE14415_FOXP3_KO_NATURAL_TREG_VS_TCONV_UP	171	136		
GSE14415_ACT_TCONV_VS_ACT_NATURAL_TREG_DN	178	138		
GSE14415_INDUCED_TREG_VS_FOXP3_KO_INDUCED_TREG_UP	172	145		
GSE14415_INDUCED_TREG_VS_FAILED_INDUCED_TREG_DN	178	151		
GSE14415_FOXP3_KO_NATURAL_TREG_VS_TCONV_DN	173	152		
GSE14415_INDUCED_TREG_VS_FOXP3_KO_INDUCED_TREG_IL2_CULTURE_UP	174	124		
GSE14415_INDUCED_TREG_VS_FAILED_INDUCED_TREG_UP	185	177		
GSE14415_INDUCED_TREG_VS_FOXP3_KO_INDUCED_TREG_IL2_CULTURE_DN	144	76		
GSE14415_INDUCED_TREG_VS_TCONV_UP	179	162		
GSE14415_INDUCED_TREG_VS_TCONV_DN	164	138		
GSE14415_NATURAL_TREG_VS_TCONV_DN	180	146		
GSE14415_ACT_VS_CTRL_NATURAL_TREG_DN	168	147		
GSE14415_TCONV_VS_FOXP3_KO_INDUCED_TREG_UP	172	149		
GSE14415_NATURAL_TREG_VS_FOXP3_KO_NATURAL_TREG_UP	152	100		
GSE14415_TCONV_VS_FOXP3_KO_INDUCED_TREG_DN	185	162		
GSE14415_INDUCED_VS_NATURAL_TREG_UP	149	118		
GSE14415_INDUCED_VS_NATURAL_TREG_DN	181	152		
GSE14415_NATURAL_TREG_VS_FOXP3_KO_NATURAL_TREG_DN	165	106		
GSE14415_ACT_VS_CTRL_NATURAL_TREG_UP	183	147		
GSE14415_NATURAL_TREG_VS_TCONV_UP	157	130		
GSE14386_UNTREATED_VS_IFNA_TREATED_ACT_PBMC_MS_PATIENT_UP	143	42		
GSE14386_UNTREATED_VS_IFNA_TREATED_ACT_PBMC_MS_PATIENT_DN	158	117		
GSE13547_CTRL_VS_ANTI_IGM_STIM_BCELL_12H_DN	179	155		
GSE13547_2H_VS_12_H_ANTI_IGM_STIM_BCELL_UP	175	126		
GSE13547_2H_VS_12_H_ANTI_IGM_STIM_BCELL_DN	184	165		
GSE13547_WT_VS_ZFX_KO_BCELL_ANTI_IGM_STIM_12H_DN	158	117		
GSE13547_CTRL_VS_ANTI_IGM_STIM_BCELL_12H_UP	187	165		
GSE13547_WT_VS_ZFX_KO_BCELL_ANTI_IGM_STIM_2H_DN	160	136		
GSE13547_WT_VS_ZFX_KO_BCELL_ANTI_IGM_STIM_12H_UP	147	25		
GSE13547_CTRL_VS_ANTI_IGM_STIM_ZFX_KO_BCELL_2H_DN	171	149		
GSE13547_CTRL_VS_ANTI_IGM_STIM_BCELL_2H_DN	167	85		
GSE13547_CTRL_VS_ANTI_IGM_STIM_BCELL_2H_UP	182	157		
GSE13547_WT_VS_ZFX_KO_BCELL_ANTI_IGM_STIM_2H_UP	181	159		
GSE13547_2H_VS_12_H_ANTI_IGM_STIM_ZFX_KO_BCELL_UP	166	138		
GSE13547_2H_VS_12_H_ANTI_IGM_STIM_ZFX_KO_BCELL_DN	174	144		
GSE13547_WT_VS_ZFX_KO_BCELL_UP	162	126		
GSE13547_CTRL_VS_ANTI_IGM_STIM_ZFX_KO_BCELL_2H_UP	165	142		
GSE13547_CTRL_VS_ANTI_IGM_STIM_ZFX_KO_BCELL_12H_UP	152	82		
GSE13547_CTRL_VS_ANTI_IGM_STIM_ZFX_KO_BCELL_12H_DN	162	135		
GSE13547_WT_VS_ZFX_KO_BCELL_DN	177	148		
GSE15330_HSC_VS_MEGAKARYOCYTE_ERYTHROID_PROGENITOR_UP	162	146		
GSE15330_HSC_VS_LYMPHOID_PRIMED_MULTIPOTENT_PROGENITOR_DN	181	151		
GSE15330_HSC_VS_MEGAKARYOCYTE_ERYTHROID_PROGENITOR_DN	168	144		
GSE15330_MEGAKARYOCYTE_ERYTHROID_VS_GRANULOCYTE_MONOCYTE_PROGENITOR_UP	178	150		
GSE15330_LYMPHOID_MULTIPOTENT_VS_MEGAKARYOCYTE_ERYTHROID_PROGENITOR_IKAROS_KO_UP	166	140		
GSE15330_LYMPHOID_MULTIPOTENT_VS_MEGAKARYOCYTE_ERYTHROID_PROGENITOR_IKAROS_KO_DN	178	142		
GSE15330_LYMPHOID_MULTIPOTENT_VS_PRO_BCELL_UP	200	113		
GSE15330_LYMPHOID_MULTIPOTENT_VS_PRO_BCELL_DN	200	167		
GSE15330_HSC_VS_MEGAKARYOCYTE_ERYTHROID_PROGENITOR_IKAROS_KO_DN	199	129		
GSE15330_HSC_VS_LYMPHOID_PRIMED_MULTIPOTENT_PROGENITOR_UP	200	148		
GSE15330_LYMPHOID_MULTIPOTENT_VS_MEGAKARYOCYTE_ERYTHROID_PROGENITOR_DN	200	138		
GSE15330_HSC_VS_MEGAKARYOCYTE_ERYTHROID_PROGENITOR_IKAROS_KO_UP	200	168		
GSE15330_LYMPHOID_MULTIPOTENT_VS_GRANULOCYTE_MONOCYTE_PROGENITOR_UP	199	132		
GSE15330_HSC_VS_GRANULOCYTE_MONOCYTE_PROGENITOR_IKAROS_KO_UP	200	162		
GSE15330_HSC_VS_GRANULOCYTE_MONOCYTE_PROGENITOR_IKAROS_KO_DN	200	162		
GSE15330_MEGAKARYOCYTE_ERYTHROID_VS_GRANULOCYTE_MONOCYTE_PROGENITOR_DN	200	158		
GSE15330_WT_VS_IKAROS_KO_GRANULOCYTE_MONOCYTE_PROGENITOR_UP	200	168		
GSE15330_WT_VS_IKAROS_KO_GRANULOCYTE_MONOCYTE_PROGENITOR_DN	200	150		
GSE15330_LYMPHOID_MULTIPOTENT_VS_MEGAKARYOCYTE_ERYTHROID_PROGENITOR_UP	200	167		
GSE15330_MEGAKARYOCYTE_ERYTHROID_VS_GRANULOCYTE_MONOCYTE_PROGENITOR_IKAROS_KO_DN	199	149		
GSE15330_HSC_VS_LYMPHOID_PRIMED_MULTIPOTENT_PROGENITOR_IKAROS_KO_DN	198	156		
GSE15330_WT_VS_IKAROS_KO_HSC_DN	199	155		
GSE15330_WT_VS_IKAROS_KO_LYMPHOID_MULTIPOTENT_PROGENITOR_UP	200	173		
GSE15330_WT_VS_IKAROS_KO_MEGAKARYOCYTE_ERYTHROID_PROGENITOR_UP	200	153		
GSE15330_WT_VS_IKAROS_KO_HSC_UP	200	160		
GSE15330_GRANULOCYTE_MONOCYTE_PROGENITOR_VS_PRO_BCELL_UP	199	166		
GSE15330_GRANULOCYTE_MONOCYTE_PROGENITOR_VS_PRO_BCELL_DN	200	155		
GSE15330_MEGAKARYOCYTE_ERYTHROID_VS_GRANULOCYTE_MONOCYTE_PROGENITOR_IKAROS_KO_UP	200	167		
GSE15330_WT_VS_IKAROS_KO_MEGAKARYOCYTE_ERYTHROID_PROGENITOR_DN	200	148		
GSE15330_MEGAKARYOCYTE_ERYTHROID_PROGENITOR_VS_PRO_BCELL_DN	199	162		
GSE15330_LYMPHOID_MULTIPOTENT_VS_GRANULOCYTE_MONOCYTE_PROGENITOR_IKAROS_KO_UP	198	170		
GSE15330_LYMPHOID_MULTIPOTENT_VS_GRANULOCYTE_MONOCYTE_PROGENITOR_IKAROS_KO_DN	200	158		
GSE15330_HSC_VS_LYMPHOID_PRIMED_MULTIPOTENT_PROGENITOR_IKAROS_KO_UP	198	150		
GSE15330_MEGAKARYOCYTE_ERYTHROID_PROGENITOR_VS_PRO_BCELL_UP	200	155		
GSE15330_HSC_VS_GRANULOCYTE_MONOCYTE_PROGENITOR_DN	200	154		
GSE15330_HSC_VS_PRO_BCELL_UP	200	172		
GSE15330_WT_VS_IKAROS_KO_LYMPHOID_MULTIPOTENT_PROGENITOR_DN	200	158		
GSE15330_LYMPHOID_MULTIPOTENT_VS_GRANULOCYTE_MONOCYTE_PROGENITOR_DN	200	170		
GSE15330_HSC_VS_GRANULOCYTE_MONOCYTE_PROGENITOR_UP	200	155		
GSE15330_HSC_VS_PRO_BCELL_DN	200	160		
GSE12198_LOW_IL2_STIM_NK_CELL_VS_HIGH_IL2_STIM_NK_CELL_UP	200	163		
GSE12198_NK_VS_NK_ACT_EXPANSION_SYSTEM_DERIVED_NK_CELL_DN	200	163		
GSE12198_LOW_IL2_STIM_NK_CELL_VS_HIGH_IL2_STIM_NK_CELL_DN	200	101		
GSE12198_CTRL_VS_HIGH_IL2_STIM_NK_CELL_UP	199	106		
GSE12198_CTRL_VS_HIGH_IL2_STIM_NK_CELL_DN	200	146		
GSE12198_NK_VS_NK_ACT_EXPANSION_SYSTEM_DERIVED_NK_CELL_UP	200	140		
GSE12198_CTRL_VS_LOW_IL2_STIM_NK_CELL_UP	200	158		
GSE12198_CTRL_VS_LOW_IL2_STIM_NK_CELL_DN	200	160		
GSE14908_RESTING_VS_HDM_STIM_CD4_TCELL_ATOPIC_PATIENT_DN	200	163		
GSE14908_RESTING_VS_HDM_STIM_CD4_TCELL_ATOPIC_PATIENT_UP	200	160		
GSE14908_RESTING_VS_HDM_STIM_CD4_TCELL_NONATOPIC_PATIENT_DN	200	162		
GSE14908_ATOPIC_VS_NONATOPIC_PATIENT_RESTING_CD4_TCELL_DN	200	171		
GSE14908_RESTING_VS_HDM_STIM_CD4_TCELL_NONATOPIC_PATIENT_UP	200	147		
GSE14908_ATOPIC_VS_NONATOPIC_PATIENT_HDM_STIM_CD4_TCELL_UP	200	163		
GSE14908_ATOPIC_VS_NONATOPIC_PATIENT_RESTING_CD4_TCELL_UP	200	155		
GSE14908_ATOPIC_VS_NONATOPIC_PATIENT_HDM_STIM_CD4_TCELL_DN	200	135		
GSE15139_GMCSF_TREATED_VS_UNTREATED_NEUTROPHILS_DN	199	173		
GSE15139_GMCSF_TREATED_VS_UNTREATED_NEUTROPHILS_UP	200	149		
GSE15271_CXCR4_POS_VS_NEG_GC_BCELL_DN	175	145		
GSE15271_CXCR4_POS_VS_NEG_GC_BCELL_UP	175	154		
GSE15624_3H_VS_6H_HALOFUGINONE_TREATED_CD4_TCELL_UP	171	143		
GSE15624_CTRL_VS_6H_HALOFUGINONE_TREATED_CD4_TCELL_DN	163	140		
GSE15624_3H_VS_6H_HALOFUGINONE_TREATED_CD4_TCELL_DN	147	113		
GSE15624_CTRL_VS_6H_HALOFUGINONE_TREATED_CD4_TCELL_UP	133	78		
GSE15624_CTRL_VS_3H_HALOFUGINONE_TREATED_CD4_TCELL_DN	171	130		
GSE15624_CTRL_VS_3H_HALOFUGINONE_TREATED_CD4_TCELL_UP	160	140		
GSE9960_HEALTHY_VS_GRAM_NEG_SEPSIS_PBMC_UP	199	150		
GSE9960_HEALTHY_VS_GRAM_NEG_SEPSIS_PBMC_DN	199	134		
GSE9960_HEALTHY_VS_GRAM_POS_SEPSIS_PBMC_UP	195	131		
GSE9960_HEALTHY_VS_GRAM_POS_SEPSIS_PBMC_DN	197	122		
GSE9960_HEALTHY_VS_GRAM_NEG_AND_POS_SEPSIS_PBMC_UP	186	45		
GSE9960_HEALTHY_VS_GRAM_NEG_AND_POS_SEPSIS_PBMC_DN	196	129		
GSE9960_HEALTHY_VS_SEPSIS_PBMC_UP	195	109		
GSE9960_HEALTHY_VS_SEPSIS_PBMC_DN	185	67		
GSE9960_GRAM_NEG_VS_GRAM_POS_SEPSIS_PBMC_UP	198	125		
GSE9960_GRAM_NEG_VS_GRAM_POS_SEPSIS_PBMC_DN	199	141		
GSE9960_GRAM_NEG_VS_GRAM_NEG_AND_POS_SEPSIS_PBMC_UP	190	81		
GSE9960_GRAM_NEG_VS_GRAM_NEG_AND_POS_SEPSIS_PBMC_DN	199	138		
GSE9960_GRAM_POS_VS_GRAM_NEG_AND_POS_SEPSIS_PBMC_UP	200	169		
GSE9960_GRAM_POS_VS_GRAM_NEG_AND_POS_SEPSIS_PBMC_DN	200	114		
GSE12392_CD8A_POS_VS_NEG_SPLEEN_IFNB_KO_DC_DN	200	152		
GSE12392_CD8A_POS_VS_NEG_SPLEEN_DC_UP	200	144		
GSE12392_IFNAR_KO_VS_IFNB_KO_CD8_NEG_SPLEEN_DC_DN	200	113		
GSE12392_CD8A_POS_VS_NEG_SPLEEN_IFNB_KO_DC_UP	200	162		
GSE12392_WT_VS_IFNAR_KO_CD8A_NEG_SPLEEN_DC_DN	198	131		
GSE12392_IFNAR_KO_VS_IFNB_KO_CD8_NEG_SPLEEN_DC_UP	199	146		
GSE12392_CD8A_POS_VS_NEG_SPLEEN_DC_DN	200	157		
GSE12392_WT_VS_IFNB_KO_CD8A_POS_SPLEEN_DC_DN	200	86		
GSE12392_WT_VS_IFNAR_KO_CD8A_NEG_SPLEEN_DC_UP	200	141		
GSE12392_WT_VS_IFNB_KO_CD8A_NEG_SPLEEN_DC_UP	200	155		
GSE12392_WT_VS_IFNB_KO_CD8A_NEG_SPLEEN_DC_DN	200	151		
GSE12392_WT_VS_IFNB_KO_CD8A_POS_SPLEEN_DC_UP	200	157		
GSE16697_CD4_TCELL_VS_TFH_CD4_TCELL_UP	200	150		
GSE16697_CD4_TCELL_VS_TFH_CD4_TCELL_DN	200	178		
GSE15735_CTRL_VS_HDAC_INHIBITOR_TREATED_CD4_TCELL_2H_UP	199	154		
GSE15735_CTRL_VS_HDAC_INHIBITOR_TREATED_CD4_TCELL_12H_DN	200	171		
GSE15735_2H_VS_12H_HDAC_INHIBITOR_TREATED_CD4_TCELL_UP	199	175		
GSE15735_CTRL_VS_HDAC_INHIBITOR_TREATED_CD4_TCELL_2H_DN	200	138		
GSE15735_2H_VS_12H_HDAC_INHIBITOR_TREATED_CD4_TCELL_DN	200	155		
GSE15735_CTRL_VS_HDAC_INHIBITOR_TREATED_CD4_TCELL_12H_UP	200	152		
GSE17812_WT_VS_THPOK_KO_MEMORY_CD8_TCELL_DN	200	154		
GSE17812_WT_VS_THPOK_KO_MEMORY_CD8_TCELL_UP	198	178		
GSE17186_CD21LOW_VS_CD21HIGH_TRANSITIONAL_BCELL_UP	200	150		
GSE17186_MEMORY_VS_NAIVE_BCELL_UP	200	152		
GSE17186_MEMORY_VS_NAIVE_BCELL_DN	200	144		
GSE17186_NAIVE_VS_CD21HIGH_TRANSITIONAL_BCELL_CORD_BLOOD_UP	200	165		
GSE17186_CD21LOW_VS_CD21HIGH_TRANSITIONAL_BCELL_DN	200	146		
GSE17186_NAIVE_VS_CD21LOW_TRANSITIONAL_BCELL_CORD_BLOOD_UP	200	178		
GSE17186_NAIVE_VS_CD21LOW_TRANSITIONAL_BCELL_CORD_BLOOD_DN	200	145		
GSE17186_BLOOD_VS_CORD_BLOOD_NAIVE_BCELL_DN	200	158		
GSE17186_MEMORY_VS_CD21LOW_TRANSITIONAL_BCELL_UP	200	152		
GSE17186_MEMORY_VS_CD21LOW_TRANSITIONAL_BCELL_DN	199	152		
GSE17186_BLOOD_VS_CORD_BLOOD_CD21HIGH_TRANSITIONAL_BCELL_UP	200	169		
GSE17186_BLOOD_VS_CORD_BLOOD_CD21HIGH_TRANSITIONAL_BCELL_DN	199	170		
GSE17186_NAIVE_VS_CD21HIGH_TRANSITIONAL_BCELL_DN	200	157		
GSE17186_NAIVE_VS_CD21HIGH_TRANSITIONAL_BCELL_CORD_BLOOD_DN	199	154		
GSE17186_CD21LOW_VS_CD21HIGH_TRANSITIONAL_BCELL_CORD_BLOOD_UP	200	157		
GSE17186_CD21LOW_VS_CD21HIGH_TRANSITIONAL_BCELL_CORD_BLOOD_DN	200	168		
GSE17186_BLOOD_VS_CORD_BLOOD_NAIVE_BCELL_UP	200	153		
GSE17186_BLOOD_VS_CORD_BLOOD_CD21LOW_TRANSITIONAL_BCELL_UP	199	180		
GSE17186_BLOOD_VS_CORD_BLOOD_CD21LOW_TRANSITIONAL_BCELL_DN	200	143		
GSE17186_NAIVE_VS_CD21LOW_TRANSITIONAL_BCELL_DN	200	172		
GSE17186_NAIVE_VS_CD21HIGH_TRANSITIONAL_BCELL_UP	200	129		
GSE17186_MEMORY_VS_CD21HIGH_TRANSITIONAL_BCELL_UP	198	111		
GSE17186_MEMORY_VS_CD21HIGH_TRANSITIONAL_BCELL_DN	200	183		
GSE17186_NAIVE_VS_CD21LOW_TRANSITIONAL_BCELL_UP	200	171		
GSE18203_CTRL_VS_INTRATUMORAL_CPG_INJ_MC38_TUMOR_UP	200	127		
GSE18203_CTRL_VS_INTRATUMORAL_CPG_INJ_MC38_TUMOR_DN	200	172		
GSE16266_CTRL_VS_HEATSHOCK_AND_LPS_STIM_MEF_DN	200	164		
GSE16266_LPS_VS_HEATSHOCK_AND_LPS_STIM_MEF_UP	199	89		
GSE16266_CTRL_VS_HEATSHOCK_AND_LPS_STIM_MEF_UP	200	178		
GSE16266_CTRL_VS_LPS_STIM_MEF_DN	200	73		
GSE16266_LPS_VS_HEATSHOCK_AND_LPS_STIM_MEF_DN	198	152		
GSE16266_CTRL_VS_LPS_STIM_MEF_UP	198	147		
GSE19198_CTRL_VS_IL21_TREATED_TCELL_6H_UP	200	139		
GSE19198_CTRL_VS_IL21_TREATED_TCELL_1H_DN	199	131		
GSE19198_1H_VS_6H_IL21_TREATED_TCELL_UP	188	44		
GSE19198_CTRL_VS_IL21_TREATED_TCELL_1H_UP	194	63		
GSE19198_6H_VS_24H_IL21_TREATED_TCELL_UP	199	105		
GSE19198_6H_VS_24H_IL21_TREATED_TCELL_DN	198	122		
GSE19198_CTRL_VS_IL21_TREATED_TCELL_6H_DN	198	135		
GSE19198_1H_VS_24H_IL21_TREATED_TCELL_DN	200	117		
GSE19198_CTRL_VS_IL21_TREATED_TCELL_24H_DN	200	145		
GSE19198_1H_VS_6H_IL21_TREATED_TCELL_DN	200	140		
GSE19198_CTRL_VS_IL21_TREATED_TCELL_24H_UP	200	123		
GSE19198_1H_VS_24H_IL21_TREATED_TCELL_UP	200	124		
GSE18281_SUBCAPSULAR_VS_PERIMEDULLARY_CORTICAL_REGION_OF_THYMUS_UP	200	142		
GSE18281_SUBCAPSULAR_VS_CENTRAL_CORTICAL_REGION_OF_THYMUS_DN	200	138		
GSE18281_CORTICAL_THYMOCYTE_VS_WHOLE_CORTEX_THYMUS_UP	196	42		
GSE18281_CORTICAL_THYMOCYTE_VS_WHOLE_CORTEX_THYMUS_DN	200	133		
GSE18281_PERIMEDULLARY_CORTICAL_REGION_VS_WHOLE_MEDULLA_THYMUS_DN	197	64		
GSE18281_CORTEX_VS_MEDULLA_THYMUS_UP	193	117		
GSE18281_CORTEX_VS_MEDULLA_THYMUS_DN	196	109		
GSE18281_SUBCAPSULAR_VS_CENTRAL_CORTICAL_REGION_OF_THYMUS_UP	192	122		
GSE18281_MEDULLARY_THYMOCYTE_VS_WHOLE_MEDULLA_THYMUS_UP	196	118		
GSE18281_MEDULLARY_THYMOCYTE_VS_WHOLE_MEDULLA_THYMUS_DN	197	125		
GSE18281_SUBCAPSULAR_CORTICAL_REGION_VS_WHOLE_CORTEX_THYMUS_UP	200	128		
GSE18281_CORTICAL_VS_MEDULLARY_THYMOCYTE_UP	199	133		
GSE18281_SUBCAPSULAR_CORTICAL_REGION_VS_WHOLE_MEDULLA_THYMUS_UP	199	130		
GSE18281_SUBCAPSULAR_CORTICAL_REGION_VS_WHOLE_MEDULLA_THYMUS_DN	196	69		
GSE18281_PERIMEDULLARY_CORTICAL_REGION_VS_WHOLE_CORTEX_THYMUS_UP	200	126		
GSE18281_CORTICAL_VS_MEDULLARY_THYMOCYTE_DN	196	66		
GSE18281_PERIMEDULLARY_CORTICAL_REGION_VS_WHOLE_MEDULLA_THYMUS_UP	199	114		
GSE18281_SUBCAPSULAR_VS_PERIMEDULLARY_CORTICAL_REGION_OF_THYMUS_DN	199	103		
GSE18281_SUBCAPSULAR_CORTICAL_REGION_VS_WHOLE_CORTEX_THYMUS_DN	198	92		
GSE18281_PERIMEDULLARY_CORTICAL_REGION_VS_WHOLE_CORTEX_THYMUS_DN	195	73		
GSE19374_UNINF_VS_LISTERIA_INFECTED_MACROPHAGE_UP	196	82		
GSE19374_UNINF_VS_LISTERIA_INFECTED_MACROPHAGE_DN	199	116		
GSE19923_E2A_KO_VS_HEB_AND_E2A_KO_DP_THYMOCYTE_DN	189	52		
GSE19923_WT_VS_E2A_KO_DP_THYMOCYTE_DN	198	115		
GSE19923_WT_VS_E2A_KO_DP_THYMOCYTE_UP	200	110		
GSE19923_WT_VS_HEB_AND_E2A_KO_DP_THYMOCYTE_DN	200	153		
GSE19923_HEB_KO_VS_HEB_AND_E2A_KO_DP_THYMOCYTE_UP	200	162		
GSE19923_HEB_KO_VS_HEB_AND_E2A_KO_DP_THYMOCYTE_DN	200	156		
GSE19923_WT_VS_HEB_AND_E2A_KO_DP_THYMOCYTE_UP	200	178		
GSE19923_E2A_KO_VS_HEB_AND_E2A_KO_DP_THYMOCYTE_UP	199	145		
GSE19923_E2A_KO_VS_E2A_AND_HEB_KO_DP_THYMOCYTE_UP	200	166		
GSE19923_E2A_KO_VS_E2A_AND_HEB_KO_DP_THYMOCYTE_DN	200	157		
GSE19923_WT_VS_HEB_KO_DP_THYMOCYTE_DN	199	161		
GSE19923_WT_VS_HEB_KO_DP_THYMOCYTE_UP	200	96		
GSE19772_CTRL_VS_HCMV_INF_MONOCYTES_AND_PI3K_INHIBITION_DN	200	111		
GSE19772_CTRL_VS_HCMV_INF_MONOCYTES_UP	200	155		
GSE19772_HCMV_INFL_VS_HCMV_INF_MONOCYTES_AND_PI3K_INHIBITION_UP	200	93		
GSE19772_HCMV_INFL_VS_HCMV_INF_MONOCYTES_AND_PI3K_INHIBITION_DN	200	166		
GSE19772_CTRL_VS_HCMV_INF_MONOCYTES_DN	194	93		
GSE19772_CTRL_VS_HCMV_INF_MONOCYTES_AND_PI3K_INHIBITION_UP	194	118		
GSE18893_TCONV_VS_TREG_24H_CULTURE_DN	200	150		
GSE18893_TCONV_VS_TREG_24H_CULTURE_UP	200	139		
GSE18893_TCONV_VS_TREG_24H_TNF_STIM_DN	199	141		
GSE18893_TCONV_VS_TREG_2H_CULTURE_DN	200	160		
GSE18893_CTRL_VS_TNF_TREATED_TREG_2H_UP	200	162		
GSE18893_CTRL_VS_TNF_TREATED_TCONV_2H_UP	200	154		
GSE18893_CTRL_VS_TNF_TREATED_TREG_24H_DN	200	132		
GSE18893_TCONV_VS_TREG_2H_TNF_STIM_UP	200	115		
GSE18893_CTRL_VS_TNF_TREATED_TREG_24H_UP	200	113		
GSE18893_TCONV_VS_TREG_2H_CULTURE_UP	200	148		
GSE18893_CTRL_VS_TNF_TREATED_TCONV_2H_DN	200	163		
GSE18893_CTRL_VS_TNF_TREATED_TREG_2H_DN	200	108		
GSE18893_CTRL_VS_TNF_TREATED_TCONV_24H_UP	200	152		
GSE18893_CTRL_VS_TNF_TREATED_TCONV_24H_DN	200	123		
GSE18893_TCONV_VS_TREG_2H_TNF_STIM_DN	194	127		
GSE18893_TCONV_VS_TREG_24H_TNF_STIM_UP	200	179		
GSE19888_CTRL_VS_A3R_INHIBITOR_TREATED_MAST_CELL_DN	195	130		
GSE19888_CTRL_VS_A3R_INHIBITOR_TREATED_MAST_CELL_UP	200	158		
GSE19888_ADENOSINE_A3R_INH_PRETREAT_AND_ACT_BY_A3R_VS_A3R_INH_AND_TCELL_MEMBRANES_ACT_MAST_CELL_UP	194	146		
GSE19888_ADENOSINE_A3R_ACT_VS_A3R_ACT_WITH_A3R_INH_PRETREATMENT_IN_MAST_CELL_UP	196	154		
GSE19888_ADENOSINE_A3R_ACT_VS_TCELL_MEMBRANES_ACT_IN_MAST_CELL_DN	190	126		
GSE19888_ADENOSINE_A3R_ACT_VS_TCELL_MEMBRANES_ACT_AND_A3R_INH_PRETREAT_IN_MAST_CELL_UP	193	99		
GSE19888_ADENOSINE_A3R_ACT_VS_TCELL_MEMBRANES_ACT_AND_A3R_INH_PRETREAT_IN_MAST_CELL_DN	198	123		
GSE19888_ADENOSINE_A3R_INH_PRETREAT_AND_ACT_BY_A3R_VS_TCELL_MEMBRANES_ACT_MAST_CELL_UP	200	132		
GSE19888_ADENOSINE_A3R_INH_PRETREAT_AND_ACT_BY_A3R_VS_TCELL_MEMBRANES_ACT_MAST_CELL_DN	199	146		
GSE19888_ADENOSINE_A3R_INH_VS_ACT_WITH_INHIBITOR_PRETREATMENT_IN_MAST_CELL_UP	200	96		
GSE19888_ADENOSINE_A3R_INH_VS_ACT_WITH_INHIBITOR_PRETREATMENT_IN_MAST_CELL_DN	200	83		
GSE19888_ADENOSINE_A3R_INH_VS_TCELL_MEMBRANES_ACT_MAST_CELL_UP	200	136		
GSE19888_CTRL_VS_A3R_ACTIVATION_MAST_CELL_UP	198	142		
GSE19888_CTRL_VS_A3R_ACTIVATION_MAST_CELL_DN	199	66		
GSE19888_CTRL_VS_A3R_ACT_TREATED_MAST_CELL_PRETREATED_WITH_A3R_INH_UP	199	89		
GSE19888_ADENOSINE_A3R_ACT_VS_A3R_ACT_WITH_A3R_INH_PRETREATMENT_IN_MAST_CELL_DN	199	126		
GSE19888_ADENOSINE_A3R_ACT_VS_TCELL_MEMBRANES_ACT_IN_MAST_CELL_UP	200	114		
GSE19888_CTRL_VS_T_CELL_MEMBRANES_ACT_MAST_CELL_DN	200	108		
GSE19888_CTRL_VS_TCELL_MEMBRANES_ACT_MAST_CELL_PRETREAT_A3R_INH_UP	200	94		
GSE19888_CTRL_VS_TCELL_MEMBRANES_ACT_MAST_CELL_PRETREAT_A3R_INH_DN	200	138		
GSE19888_ADENOSINE_A3R_INH_VS_ACT_IN_MAST_CELL_UP	200	146		
GSE19888_ADENOSINE_A3R_INH_VS_ACT_IN_MAST_CELL_DN	199	89		
GSE19888_ADENOSINE_A3R_INH_VS_INH_PRETREAT_AND_ACT_WITH_TCELL_MEMBRANES_MAST_CELL_UP	200	115		
GSE19888_ADENOSINE_A3R_INH_VS_INH_PRETREAT_AND_ACT_WITH_TCELL_MEMBRANES_MAST_CELL_DN	197	60		
GSE19888_NO_PRETREAT_VS_ADENOSINE_A3R_INHIBITOR_PRETREATED_MAST_CELL_TCELL_MEMBRANES_ACT_DN	200	150		
GSE19888_ADENOSINE_A3R_INH_VS_TCELL_MEMBRANES_ACT_MAST_CELL_DN	200	92		
GSE19888_CTRL_VS_A3R_ACT_TREATED_MAST_CELL_PRETREATED_WITH_A3R_INH_DN	199	134		
GSE19888_CTRL_VS_T_CELL_MEMBRANES_ACT_MAST_CELL_UP	200	167		
GSE19888_ADENOSINE_A3R_INH_PRETREAT_AND_ACT_BY_A3R_VS_A3R_INH_AND_TCELL_MEMBRANES_ACT_MAST_CELL_DN	200	171		
GSE19888_NO_PRETREAT_VS_ADENOSINE_A3R_INHIBITOR_PRETREATED_MAST_CELL_TCELL_MEMBRANES_ACT_UP	200	143		
GSE25890_CTRL_VS_IL33_IL7_TREATED_NUOCYTES_DN	200	180		
GSE25890_CTRL_VS_IL33_IL7_TREATED_NUOCYTES_UP	200	123		
GSE20198_UNTREATED_VS_IL12_TREATED_ACT_CD4_TCELL_DN	199	143		
GSE20198_UNTREATED_VS_IL12_TREATED_ACT_CD4_TCELL_UP	200	157		
GSE20198_UNTREATED_VS_IFNA_TREATED_ACT_CD4_TCELL_UP	199	133		
GSE20198_IL12_VS_IFNA_TREATED_ACT_CD4_TCELL_UP	199	162		
GSE20198_IL12_IL18_VS_IFNA_TREATED_ACT_CD4_TCELL_DN	200	154		
GSE20198_IL12_IL18_VS_IFNA_TREATED_ACT_CD4_TCELL_UP	200	159		
GSE20198_IL12_VS_IL12_IL18_TREATED_ACT_CD4_TCELL_DN	200	167		
GSE20198_UNTREATED_VS_IL12_IL18_TREATED_ACT_CD4_TCELL_DN	199	152		
GSE20198_IL12_VS_IFNA_TREATED_ACT_CD4_TCELL_DN	199	154		
GSE20198_UNTREATED_VS_IFNA_TREATED_ACT_CD4_TCELL_DN	199	161		
GSE20198_UNTREATED_VS_IL12_IL18_TREATED_ACT_CD4_TCELL_UP	199	127		
GSE20198_IL12_VS_IL12_IL18_TREATED_ACT_CD4_TCELL_UP	199	169		
GSE20484_MCSG_VS_CXCL4_MONOCYTE_DERIVED_MACROPHAGE_DN	195	137		
GSE20484_MCSG_VS_CXCL4_MONOCYTE_DERIVED_MACROPHAGE_UP	199	132		
GSE17322_CD103_POS_VS_CD11B_HIGH_LUNG_DC_UP	196	141		
GSE17322_CD103_POS_VS_CD11B_HIGH_LUNG_DC_DN	199	153		
GSE21678_WT_VS_FOXO1_FOXO3_KO_TREG_DN	191	129		
GSE21678_WT_VS_FOXO1_FOXO3_KO_TREG_UP	193	133		
GSE16450_IMMATURE_VS_MATURE_NEURON_CELL_LINE_UP	194	138		
GSE16450_IMMATURE_VS_MATURE_NEURON_CELL_LINE_DN	198	160		
GSE16450_CTRL_VS_IFNA_12H_STIM_IMMATURE_NEURON_CELL_LINE_UP	197	154		
GSE16450_CTRL_VS_IFNA_12H_STIM_IMMATURE_NEURON_CELL_LINE_DN	193	91		
GSE16451_IMMATURE_VS_MATURE_NEURON_CELL_LINE_WEST_EQUINE_ENC_VIRUS_DN	198	173		
GSE16450_CTRL_VS_IFNA_6H_STIM_IMMATURE_NEURON_CELL_LINE_DN	194	125		
GSE16450_CTRL_VS_IFNA_12H_STIM_MATURE_NEURON_CELL_LINE_UP	200	61		
GSE16450_CTRL_VS_IFNA_12H_STIM_MATURE_NEURON_CELL_LINE_DN	200	164		
GSE16451_IMMATURE_VS_MATURE_NEURON_CELL_LINE_WEST_EQUINE_ENC_VIRUS_UP	200	142		
GSE16450_IMMATURE_VS_MATURE_NEURON_CELL_LINE_6H_IFNA_STIM_UP	199	89		
GSE16450_IMMATURE_VS_MATURE_NEURON_CELL_LINE_6H_IFNA_STIM_DN	200	97		
GSE16450_CTRL_VS_IFNA_6H_STIM_IMMATURE_NEURON_CELL_LINE_UP	200	124		
GSE16450_IMMATURE_VS_MATURE_NEURON_CELL_LINE_12H_IFNA_STIM_DN	200	155		
GSE16450_CTRL_VS_IFNA_6H_STIM_MATURE_NEURON_CELL_LINE_UP	199	108		
GSE16450_CTRL_VS_IFNA_6H_STIM_MATURE_NEURON_CELL_LINE_DN	200	170		
GSE16451_CTRL_VS_WEST_EQUINE_ENC_VIRUS_MATURE_NEURON_CELL_LINE_UP	200	147		
GSE16451_CTRL_VS_WEST_EQUINE_ENC_VIRUS_MATURE_NEURON_CELL_LINE_DN	200	162		
GSE16451_CTRL_VS_WEST_EQUINE_ENC_VIRUS_IMMATURE_NEURON_CELL_LINE_UP	200	161		
GSE16451_CTRL_VS_WEST_EQUINE_ENC_VIRUS_IMMATURE_NEURON_CELL_LINE_DN	200	156		
GSE16450_IMMATURE_VS_MATURE_NEURON_CELL_LINE_12H_IFNA_STIM_UP	200	164		
GSE21670_UNTREATED_VS_TGFB_IL6_TREATED_STAT3_KO_CD4_TCELL_UP	200	163		
GSE21670_TGFB_VS_IL6_TREATED_STAT3_KO_CD4_TCELL_DN	200	158		
GSE21670_TGFB_VS_TGFB_AND_IL6_TREATED_CD4_TCELL_UP	200	147		
GSE21670_TGFB_VS_TGFB_AND_IL6_TREATED_CD4_TCELL_DN	200	163		
GSE21670_TGFB_VS_IL6_TREATED_CD4_TCELL_UP	200	47		
GSE21670_TGFB_VS_IL6_TREATED_CD4_TCELL_DN	200	117		
GSE21670_UNTREATED_VS_IL6_TREATED_CD4_TCELL_DN	200	174		
GSE21670_STAT3_KO_VS_WT_CD4_TCELL_TGFB_TREATED_UP	200	159		
GSE21670_STAT3_KO_VS_WT_CD4_TCELL_TGFB_TREATED_DN	199	80		
GSE21670_UNTREATED_VS_TGFB_IL6_TREATED_STAT3_KO_CD4_TCELL_DN	200	184		
GSE21670_TGFB_VS_TGFB_AND_IL6_TREATED_STAT3_KO_CD4_TCELL_UP	200	150		
GSE21670_TGFB_VS_TGFB_AND_IL6_TREATED_STAT3_KO_CD4_TCELL_DN	200	169		
GSE21670_TGFB_VS_IL6_TREATED_STAT3_KO_CD4_TCELL_UP	199	136		
GSE21670_IL6_VS_TGFB_AND_IL6_TREATED_STAT3_KO_CD4_TCELL_UP	200	184		
GSE21670_IL6_VS_TGFB_AND_IL6_TREATED_STAT3_KO_CD4_TCELL_DN	199	147		
GSE21670_STAT3_KO_VS_WT_CD4_TCELL_TGFB_IL6_TREATED_UP	200	162		
GSE21670_STAT3_KO_VS_WT_CD4_TCELL_TGFB_IL6_TREATED_DN	200	129		
GSE21670_STAT3_KO_VS_WT_CD4_TCELL_DN	199	149		
GSE21670_UNTREATED_VS_IL6_TREATED_STAT3_KO_CD4_TCELL_UP	200	122		
GSE21670_UNTREATED_VS_IL6_TREATED_STAT3_KO_CD4_TCELL_DN	197	166		
GSE21670_UNTREATED_VS_IL6_TREATED_CD4_TCELL_UP	197	145		
GSE21670_UNTREATED_VS_TGFB_IL6_TREATED_CD4_TCELL_DN	198	106		
GSE21670_UNTREATED_VS_TGFB_TREATED_STAT3_KO_CD4_TCELL_DN	199	159		
GSE21670_IL6_VS_TGFB_AND_IL6_TREATED_CD4_TCELL_UP	193	122		
GSE21670_UNTREATED_VS_TGFB_IL6_TREATED_CD4_TCELL_UP	194	149		
GSE21670_STAT3_KO_VS_WT_CD4_TCELL_UP	197	104		
GSE21670_STAT3_KO_VS_WT_CD4_TCELL_IL6_TREATED_DN	200	74		
GSE21670_UNTREATED_VS_TGFB_TREATED_CD4_TCELL_UP	200	43		
GSE21670_UNTREATED_VS_TGFB_TREATED_CD4_TCELL_DN	198	108		
GSE21670_IL6_VS_TGFB_AND_IL6_TREATED_CD4_TCELL_DN	200	101		
GSE21670_UNTREATED_VS_TGFB_TREATED_STAT3_KO_CD4_TCELL_UP	199	101		
GSE21670_STAT3_KO_VS_WT_CD4_TCELL_IL6_TREATED_UP	200	127		
GSE22229_UNTREATED_VS_IMMUNOSUPP_THERAPY_RENAL_TRANSPLANT_PATIENT_PBMC_UP	200	104		
GSE22229_RENAL_TRANSPLANT_IMMUNOSUPP_THERAPY_VS_HEALTHY_PBMC_DN	199	120		
GSE22229_RENAL_TRANSPLANT_VS_HEALTHY_PBMC_DN	198	125		
GSE22229_RENAL_TRANSPLANT_IMMUNOSUPP_THERAPY_VS_HEALTHY_PBMC_UP	199	143		
GSE22229_UNTREATED_VS_IMMUNOSUPP_THERAPY_RENAL_TRANSPLANT_PATIENT_PBMC_DN	199	108		
GSE22229_RENAL_TRANSPLANT_VS_HEALTHY_PBMC_UP	199	152		
GSE21774_CD56_BRIGHT_VS_DIM_CD62L_POSITIVE_NK_CELL_UP	200	119		
GSE21774_CD62L_POS_CD56_BRIGHT_VS_CD62L_NEG_CD56_DIM_NK_CELL_UP	200	91		
GSE21774_CD62L_POS_CD56_DIM_VS_CD62L_NEG_CD56_DIM_NK_CELL_UP	199	124		
GSE21774_CD56_BRIGHT_VS_DIM_CD62L_POSITIVE_NK_CELL_DN	200	120		
GSE21774_CD62L_POS_CD56_BRIGHT_VS_CD62L_NEG_CD56_DIM_NK_CELL_DN	200	116		
GSE21774_CD62L_POS_CD56_DIM_VS_CD62L_NEG_CD56_DIM_NK_CELL_DN	199	84		
GSE21379_WT_VS_SAP_KO_TFH_CD4_TCELL_DN	198	124		
GSE21379_WT_VS_SAP_KO_CD4_TCELL_UP	200	116		
GSE21379_TFH_VS_NON_TFH_CD4_TCELL_UP	199	126		
GSE21379_WT_VS_SAP_KO_TFH_CD4_TCELL_UP	200	56		
GSE21380_NON_TFH_VS_TFH_CD4_TCELL_DN	200	147		
GSE21380_NON_TFH_VS_GERMINAL_CENTER_TFH_CD4_TCELL_UP	200	71		
GSE21380_NON_TFH_VS_GERMINAL_CENTER_TFH_CD4_TCELL_DN	200	161		
GSE21380_TFH_VS_GERMINAL_CENTER_TFH_CD4_TCELL_UP	200	94		
GSE21379_TFH_VS_NON_TFH_CD4_TCELL_DN	200	41		
GSE21380_TFH_VS_GERMINAL_CENTER_TFH_CD4_TCELL_DN	200	139		
GSE21379_TFH_VS_NON_TFH_SAP_KO_CD4_TCELL_DN	199	121		
GSE21379_WT_VS_SAP_KO_CD4_TCELL_DN	199	127		
GSE21380_NON_TFH_VS_TFH_CD4_TCELL_UP	200	128		
GSE21379_TFH_VS_NON_TFH_SAP_KO_CD4_TCELL_UP	200	137		
GSE21546_WT_VS_SAP1A_KO_AND_ELK1_KO_DP_THYMOCYTES_DN	200	127		
GSE21546_WT_VS_SAP1A_KO_ANTI_CD3_STIM_DP_THYMOCYTES_UP	200	120		
GSE21546_WT_VS_ELK1_KO_DP_THYMOCYTES_UP	199	129		
GSE21546_WT_VS_SAP1A_KO_AND_ELK1_KO_ANTI_CD3_STIM_DP_THYMOCYTES_DN	199	134		
GSE21546_SAP1A_KO_VS_SAP1A_KO_AND_ELK1_KO_DP_THYMOCYTES_UP	200	124		
GSE21546_SAP1A_KO_VS_SAP1A_KO_AND_ELK1_KO_DP_THYMOCYTES_DN	199	160		
GSE21546_SAP1A_KO_VS_SAP1A_KO_AND_ELK1_KO_ANTI_CD3_STIM_DP_THYMOCYTES_UP	200	126		
GSE21546_SAP1A_KO_VS_SAP1A_KO_AND_ELK1_KO_ANTI_CD3_STIM_DP_THYMOCYTES_DN	200	126		
GSE21546_WT_VS_ELK1_KO_DP_THYMOCYTES_DN	199	105		
GSE21546_WT_VS_SAP1A_KO_AND_ELK1_KO_DP_THYMOCYTES_UP	200	130		
GSE21546_ELK1_KO_VS_SAP1A_KO_AND_ELK1_KO_ANTI_CD3_STIM_DP_THYMOCYTES_UP	199	148		
GSE21546_ELK1_KO_VS_SAP1A_KO_AND_ELK1_KO_ANTI_CD3_STIM_DP_THYMOCYTES_DN	200	137		
GSE21546_WT_VS_SAP1A_KO_ANTI_CD3_STIM_DP_THYMOCYTES_DN	200	145		
GSE21546_WT_VS_ELK1_KO_ANTI_CD3_STIM_DP_THYMOCYTES_UP	200	118		
GSE21546_UNSTIM_VS_ANTI_CD3_STIM_SAP1A_KO_DP_THYMOCYTES_DN	184	41		
GSE21546_UNSTIM_VS_ANTI_CD3_STIM_ELK1_KO_DP_THYMOCYTES_UP	190	84		
GSE21546_UNSTIM_VS_ANTI_CD3_STIM_ELK1_KO_DP_THYMOCYTES_DN	186	73		
GSE21546_UNSTIM_VS_ANTI_CD3_STIM_SAP1A_KO_AND_ELK1_KO_DP_THYMOCYTES_UP	189	71		
GSE21546_UNSTIM_VS_ANTI_CD3_STIM_SAP1A_KO_AND_ELK1_KO_DP_THYMOCYTES_DN	187	40		
GSE21546_WT_VS_SAP1A_KO_DP_THYMOCYTES_UP	196	119		
GSE21546_WT_VS_SAP1A_KO_DP_THYMOCYTES_DN	193	96		
GSE21546_ELK1_KO_VS_SAP1A_KO_AND_ELK1_KO_DP_THYMOCYTES_UP	197	115		
GSE21546_ELK1_KO_VS_SAP1A_KO_AND_ELK1_KO_DP_THYMOCYTES_DN	197	162		
GSE21546_UNSTIM_VS_ANTI_CD3_STIM_DP_THYMOCYTES_UP	199	96		
GSE21546_UNSTIM_VS_ANTI_CD3_STIM_DP_THYMOCYTES_DN	199	149		
GSE21546_UNSTIM_VS_ANTI_CD3_STIM_SAP1A_KO_DP_THYMOCYTES_UP	198	103		
GSE21546_WT_VS_ELK1_KO_ANTI_CD3_STIM_DP_THYMOCYTES_DN	196	151		
GSE21546_WT_VS_SAP1A_KO_AND_ELK1_KO_ANTI_CD3_STIM_DP_THYMOCYTES_UP	199	100		
GSE21927_UNTREATED_VS_GMCSF_IL6_TREATED_BONE_MARROW_UP	194	96		
GSE21927_HEALTHY_VS_TUMOROUS_BALBC_MOUSE_MONOCYTE_DN	188	46		
GSE21927_SPLEEN_VS_C26GM_TUMOR_MONOCYTE_BALBC_UP	187	49		
GSE21927_HEALTHY_VS_TUMOROUS_BALBC_MOUSE_MONOCYTE_UP	192	116		
GSE21927_SPLEEN_VS_4T1_TUMOR_MONOCYTE_BALBC_DN	197	128		
GSE21927_SPLEEN_VS_BONE_MARROW_MONOCYTE_BALBC_UP	196	100		
GSE21927_C26GM_VS_4T1_TUMOR_MONOCYTE_BALBC_UP	198	133		
GSE21927_SPLEEN_MONOCYTE_VS_GMCSF_GCSF_BONE_MARROW_UP	189	91		
GSE21927_SPLEEN_MONOCYTE_VS_GMCSF_GCSF_BONE_MARROW_DN	196	112		
GSE21927_UNTREATED_VS_GMCSF_IL6_TREATED_BONE_MARROW_DN	185	90		
GSE21927_SPLEEN_VS_BONE_MARROW_MONOCYTE_BALBC_DN	194	110		
GSE21927_BALBC_VS_C57BL6_MONOCYTE_SPLEEN_UP	189	92		
GSE21927_BALBC_VS_C57BL6_MONOCYTE_SPLEEN_DN	189	98		
GSE21927_UNTREATED_VS_GMCSF_GCSF_TREATED_BONE_MARROW_DN	192	114		
GSE21927_GMCSF_IL6_VS_GMCSF_GCSF_TREATED_BONE_MARROW_UP	187	80		
GSE21927_SPLEEN_VS_C26GM_TUMOR_MONOCYTE_BALBC_DN	194	109		
GSE21927_SPLEEN_VS_4T1_TUMOR_MONOCYTE_BALBC_UP	190	96		
GSE21927_BALBC_VS_C57BL6_MONOCYTE_TUMOR_DN	193	111		
GSE21927_SPLEEN_VS_TUMOR_MONOCYTE_BALBC_UP	192	86		
GSE21927_SPLEEN_VS_TUMOR_MONOCYTE_BALBC_DN	194	112		
GSE21927_SPLEEN_VS_TUMOR_MONOCYTE_C57BL6_UP	191	56		
GSE21927_SPLEEN_VS_TUMOR_MONOCYTE_C57BL6_DN	186	99		
GSE21927_EL4_VS_MCA203_TUMOR_MONOCYTES_UP	185	76		
GSE21927_EL4_VS_MCA203_TUMOR_MONOCYTES_DN	193	89		
GSE21927_SPLENIC_VS_TUMOR_MONOCYTES_FROM_C26GM_TUMOROUS_MICE_BALBC_UP	193	88		
GSE21927_UNTREATED_VS_GMCSF_GCSF_TREATED_BONE_MARROW_UP	196	121		
GSE21927_SPLENIC_C26GM_TUMOROUS_VS_4T1_TUMOR_MONOCYTES_UP	185	84		
GSE21927_SPLENIC_C26GM_TUMOROUS_VS_4T1_TUMOR_MONOCYTES_DN	196	127		
GSE21927_SPLENIC_C26GM_TUMOROUS_VS_BONE_MARROW_MONOCYTES_UP	185	59		
GSE21927_SPLENIC_C26GM_TUMOROUS_VS_BONE_MARROW_MONOCYTES_DN	190	121		
GSE21927_SPLEEN_C57BL6_VS_4T1_TUMOR_BALBC_MONOCYTES_UP	200	153		
GSE21927_SPLEEN_C57BL6_VS_4T1_TUMOR_BALBC_MONOCYTES_DN	200	145		
GSE21927_SPLEEN_C57BL6_VS_EL4_TUMOR_BALBC_MONOCYTES_UP	199	161		
GSE21927_SPLEEN_C57BL6_VS_EL4_TUMOR_BALBC_MONOCYTES_DN	200	186		
GSE21927_SPLENIC_VS_TUMOR_MONOCYTES_FROM_C26GM_TUMOROUS_MICE_BALBC_DN	198	164		
GSE21927_BALBC_VS_C57BL6_MONOCYTE_TUMOR_UP	200	184		
GSE21927_C26GM_VS_4T1_TUMOR_MONOCYTE_BALBC_DN	199	158		
GSE21927_GMCSF_IL6_VS_GMCSF_GCSF_TREATED_BONE_MARROW_DN	200	176		
GSE21360_PRIMARY_VS_QUATERNARY_MEMORY_CD8_TCELL_DN	198	164		
GSE21360_SECONDARY_VS_TERTIARY_MEMORY_CD8_TCELL_UP	200	175		
GSE21360_NAIVE_VS_TERTIARY_MEMORY_CD8_TCELL_DN	200	136		
GSE21360_NAIVE_VS_QUATERNARY_MEMORY_CD8_TCELL_UP	200	163		
GSE21360_NAIVE_VS_TERTIARY_MEMORY_CD8_TCELL_UP	195	125		
GSE21360_NAIVE_VS_QUATERNARY_MEMORY_CD8_TCELL_DN	200	156		
GSE21360_PRIMARY_VS_SECONDARY_MEMORY_CD8_TCELL_UP	199	95		
GSE21360_PRIMARY_VS_SECONDARY_MEMORY_CD8_TCELL_DN	199	110		
GSE21360_SECONDARY_VS_TERTIARY_MEMORY_CD8_TCELL_DN	167	123		
GSE21360_SECONDARY_VS_QUATERNARY_MEMORY_CD8_TCELL_UP	182	110		
GSE21360_PRIMARY_VS_QUATERNARY_MEMORY_CD8_TCELL_UP	174	119		
GSE21360_NAIVE_VS_PRIMARY_MEMORY_CD8_TCELL_UP	174	111		
GSE21360_NAIVE_VS_PRIMARY_MEMORY_CD8_TCELL_DN	181	130		
GSE21360_NAIVE_VS_SECONDARY_MEMORY_CD8_TCELL_UP	183	112		
GSE21360_NAIVE_VS_SECONDARY_MEMORY_CD8_TCELL_DN	176	129		
GSE21360_SECONDARY_VS_QUATERNARY_MEMORY_CD8_TCELL_DN	164	117		
GSE21360_TERTIARY_VS_QUATERNARY_MEMORY_CD8_TCELL_UP	182	115		
GSE21360_TERTIARY_VS_QUATERNARY_MEMORY_CD8_TCELL_DN	177	118		
GSE21360_PRIMARY_VS_TERTIARY_MEMORY_CD8_TCELL_UP	200	159		
GSE21360_PRIMARY_VS_TERTIARY_MEMORY_CD8_TCELL_DN	199	142		
GSE22140_GERMFREE_VS_SPF_MOUSE_CD4_TCELL_DN	200	141		
GSE22140_GERMFREE_VS_SPF_ARTHRITIC_MOUSE_CD4_TCELL_DN	199	133		
GSE22140_HEALTHY_VS_ARTHRITIC_GERMFREE_MOUSE_CD4_TCELL_DN	200	141		
GSE22140_HEALTHY_VS_ARTHRITIC_GERMFREE_MOUSE_CD4_TCELL_UP	200	145		
GSE22140_GERMFREE_VS_SPF_ARTHRITIC_MOUSE_CD4_TCELL_UP	200	130		
GSE22140_HEALTHY_VS_ARTHRITIC_MOUSE_CD4_TCELL_UP	199	136		
GSE22140_HEALTHY_VS_ARTHRITIC_MOUSE_CD4_TCELL_DN	199	156		
GSE22140_GERMFREE_VS_SPF_MOUSE_CD4_TCELL_UP	199	135		
GSE22196_HEALTHY_VS_OBESE_MOUSE_SKIN_GAMMADELTA_TCELL_DN	200	146		
GSE22196_HEALTHY_VS_OBESE_MOUSE_SKIN_GAMMADELTA_TCELL_UP	199	144		
GSE19401_NAIVE_VS_IMMUNIZED_MOUSE_PLN_FOLLICULAR_DC_UP	199	152		
GSE19401_NAIVE_VS_IMMUNIZED_MOUSE_PLN_FOLLICULAR_DC_DN	200	151		
GSE19401_UNSTIM_VS_RETINOIC_ACID_AND_PAM2CSK4_STIM_FOLLICULAR_DC_DN	199	125		
GSE19401_UNSTIM_VS_RETINOIC_ACID_STIM_FOLLICULAR_DC_UP	200	139		
GSE19401_UNSTIM_VS_RETINOIC_ACID_STIM_FOLLICULAR_DC_DN	195	128		
GSE19401_UNSTIM_VS_RETINOIC_ACID_AND_PAM2CSK4_STIM_FOLLICULAR_DC_UP	200	137		
GSE19401_PLN_VS_PEYERS_PATCH_FOLLICULAR_DC_UP	196	122		
GSE19401_PLN_VS_PEYERS_PATCH_FOLLICULAR_DC_DN	199	151		
GSE19401_PAM2CSK4_VS_RETINOIC_ACID_AND_PAM2CSK4_STIM_FOLLICULAR_DC_DN	200	141		
GSE19401_UNSTIM_VS_PAM2CSK4_STIM_FOLLICULAR_DC_UP	197	117		
GSE19401_UNSTIM_VS_PAM2CSK4_STIM_FOLLICULAR_DC_DN	200	164		
GSE19401_PAM2CSK4_VS_RETINOIC_ACID_STIM_FOLLICULAR_DC_DN	197	101		
GSE19401_PAM2CSK4_VS_RETINOIC_ACID_AND_PAM2CSK4_STIM_FOLLICULAR_DC_UP	198	108		
GSE19401_PAM2CSK4_VS_RETINOIC_ACID_STIM_FOLLICULAR_DC_UP	200	132		
GSE19401_RETINOIC_ACID_VS_RETINOIC_ACID_AND_PAM2CSK4_STIM_FOLLICULAR_DC_DN	199	143		
GSE19401_RETINOIC_ACID_VS_RETINOIC_ACID_AND_PAM2CSK4_STIM_FOLLICULAR_DC_UP	194	107		
GSE20152_HTNFA_OVERXPRESS_ANKLE_VS_CTRL_SPHK1_KO_ANKLE_DN	198	92		
GSE20152_SPHK1_KO_VS_HTNFA_OVEREXPRESS_ANKLE_UP	196	109		
GSE20152_SPHK1_KO_VS_HTNFA_OVEREXPRESS_ANKLE_DN	197	150		
GSE20152_SPHK1_KO_VS_WT_HTNFA_OVERXPRESS_ANKLE_UP	198	122		
GSE20152_SPHK1_KO_VS_WT_HTNFA_OVERXPRESS_ANKLE_DN	200	157		
GSE20152_HTNFA_OVERXPRESS_ANKLE_VS_CTRL_SPHK1_KO_ANKLE_UP	196	104		
GSE22033_UNTREATED_VS_MRL24_TREATED_MEF_UP	200	150		
GSE22033_UNTREATED_VS_ROSIGLITAZONE_TREATED_MEF_DN	198	127		
GSE22033_WT_VS_PPARG_KO_MEF_DN	199	134		
GSE22033_WT_VS_PPARG_KO_MEF_UP	195	102		
GSE22033_UNTREATED_VS_ROSIGLITAZONE_TREATED_MEF_UP	200	159		
GSE22033_UNTREATED_VS_MRL24_TREATED_MEF_DN	197	124		
GSE20500_CTRL_VS_RETINOIC_ACID_TREATED_CD4_TCELL_UP	200	156		
GSE20500_CTRL_VS_RETINOIC_ACID_TREATED_CD4_TCELL_DN	197	102		
GSE20500_RETINOIC_ACID_VS_RARA_ANTAGONIST_TREATED_CD4_TCELL_UP	197	98		
GSE20500_CTRL_VS_RARA_ANTAGONIST_TREATED_CD4_TCELL_UP	195	131		
GSE20500_CTRL_VS_RARA_ANTAGONIST_TREATED_CD4_TCELL_DN	197	156		
GSE20500_RETINOIC_ACID_VS_RARA_ANTAGONIST_TREATED_CD4_TCELL_DN	198	131		
GSE22527_ANTI_CD3_INVIVO_VS_UNTREATED_MOUSE_TREG_DN	200	158		
GSE22527_ANTI_CD3_INVIVO_VS_UNTREATED_MOUSE_TREG_UP	199	101		
GSE21033_CTRL_VS_POLYIC_STIM_DC_3H_DN	199	158		
GSE21033_CTRL_VS_POLYIC_STIM_DC_6H_UP	200	127		
GSE21033_CTRL_VS_POLYIC_STIM_DC_3H_UP	200	165		
GSE21033_CTRL_VS_POLYIC_STIM_DC_1H_DN	198	111		
GSE21033_CTRL_VS_POLYIC_STIM_DC_12H_DN	200	136		
GSE21033_CTRL_VS_POLYIC_STIM_DC_1H_UP	196	84		
GSE21033_3H_VS_12H_POLYIC_STIM_DC_DN	146	53		
GSE21033_1H_VS_12H_POLYIC_STIM_DC_DN	141	104		
GSE21033_3H_VS_24H_POLYIC_STIM_DC_UP	167	127		
GSE21033_3H_VS_24H_POLYIC_STIM_DC_DN	131	102		
GSE21033_1H_VS_12H_POLYIC_STIM_DC_UP	176	143		
GSE21033_CTRL_VS_POLYIC_STIM_DC_12H_UP	159	144		
GSE21033_1H_VS_24H_POLYIC_STIM_DC_UP	161	133		
GSE21033_1H_VS_24H_POLYIC_STIM_DC_DN	170	145		
GSE21033_3H_VS_12H_POLYIC_STIM_DC_UP	166	121		
GSE21033_CTRL_VS_POLYIC_STIM_DC_24H_UP	156	127		
GSE21033_CTRL_VS_POLYIC_STIM_DC_6H_DN	157	102		
GSE21033_CTRL_VS_POLYIC_STIM_DC_24H_DN	159	104		
GSE23308_WT_VS_MINERALCORTICOID_REC_KO_MACROPHAGE_CORTICOSTERONE_TREATED_UP	199	158		
GSE23308_WT_VS_MINERALCORTICOID_REC_KO_MACROPHAGE_DN	200	132		
GSE23308_CTRL_VS_CORTICOSTERONE_TREATED_MACROPHAGE_DN	200	134		
GSE23308_WT_VS_MINERALCORTICOID_REC_KO_MACROPHAGE_UP	200	165		
GSE23308_CTRL_VS_CORTICOSTERONE_TREATED_MACROPHAGE_MINERALCORTICOID_REC_KO_DN	200	169		
GSE23308_CTRL_VS_CORTICOSTERONE_TREATED_MACROPHAGE_UP	200	113		
GSE23308_CTRL_VS_CORTICOSTERONE_TREATED_MACROPHAGE_MINERALCORTICOID_REC_KO_UP	200	171		
GSE23308_WT_VS_MINERALCORTICOID_REC_KO_MACROPHAGE_CORTICOSTERONE_TREATED_DN	200	134		
GSE22935_WT_VS_MYD88_KO_MACROPHAGE_24H_MBOVIS_BCG_STIM_UP	200	165		
GSE22935_UNSTIM_VS_24H_MBOVIS_BCG_STIM_MACROPHAGE_DN	200	121		
GSE22935_WT_VS_MYD88_KO_MACROPHAGE_12H_MBOVIS_BCG_STIM_DN	200	133		
GSE22935_UNSTIM_VS_12H_MBOVIS_BCG_STIM_MACROPHAGE_UP	200	161		
GSE22935_WT_VS_MYD88_KO_MACROPHAGE_24H_MBOVIS_BCG_STIM_DN	200	147		
GSE22935_UNSTIM_VS_24H_MBOVIS_BCG_STIM_MACROPHAGE_UP	200	112		
GSE22935_24H_VS_48H_MBOVIS_BCG_STIM_MACROPHAGE_DN	200	157		
GSE22935_24H_VS_48H_MBOVIS_BCG_STIM_MYD88_KO_MACROPHAGE_UP	199	137		
GSE22935_UNSTIM_VS_12H_MBOVIS_BCG_STIM_MACROPHAGE_DN	200	164		
GSE22935_UNSTIM_VS_12H_MBOVIS_BCG_STIM_MYD88_KO_MACROPHAGE_UP	200	88		
GSE22935_WT_VS_MYD88_KO_MACROPHAGE_UP	200	139		
GSE22935_WT_VS_MYD88_KO_MACROPHAGE_DN	200	75		
GSE22935_WT_VS_MYD88_KO_MACROPHAGE_12H_MBOVIS_BCG_STIM_UP	200	125		
GSE22935_UNSTIM_VS_48H_MBOVIS_BCG_STIM_MYD88_KO_MACROPHAGE_UP	200	108		
GSE22935_WT_VS_MYD88_KO_MACROPHAGE_48H_MBOVIS_BCG_STIM_UP	199	108		
GSE22935_WT_VS_MYD88_KO_MACROPHAGE_48H_MBOVIS_BCG_STIM_DN	200	148		
GSE22935_UNSTIM_VS_24H_MBOVIS_BCG_STIM_MYD88_KO_MACROPHAGE_DN	200	93		
GSE22935_24H_VS_48H_MBOVIS_BCG_STIM_MYD88_KO_MACROPHAGE_DN	199	72		
GSE22935_UNSTIM_VS_48H_MBOVIS_BCG_STIM_MYD88_KO_MACROPHAGE_DN	200	88		
GSE22935_24H_VS_48H_MBOVIS_BCG_STIM_MACROPHAGE_UP	200	103		
GSE22935_UNSTIM_VS_48H_MBOVIS_BCG_STIM_MACROPHAGE_UP	200	83		
GSE22935_UNSTIM_VS_48H_MBOVIS_BCG_STIM_MACROPHAGE_DN	199	126		
GSE22935_UNSTIM_VS_12H_MBOVIS_BCG_STIM_MYD88_KO_MACROPHAGE_DN	200	154		
GSE22935_UNSTIM_VS_24H_MBOVIS_BCG_STIM_MYD88_KO_MACROPHAGE_UP	200	163		
GSE20754_WT_VS_TCF1_KO_MEMORY_CD8_TCELL_DN	199	163		
GSE20754_WT_VS_TCF1_KO_MEMORY_CD8_TCELL_UP	200	146		
GSE23695_CD57_POS_VS_NEG_NK_CELL_UP	199	169		
GSE23695_CD57_POS_VS_NEG_NK_CELL_DN	200	161		
GSE22103_UNSTIM_VS_GMCSF_AND_IFNG_STIM_NEUTROPHIL_UP	200	165		
GSE22103_UNSTIM_VS_LPS_STIM_NEUTROPHIL_DN	200	129		
GSE22103_LPS_VS_GMCSF_AND_IFNG_STIM_NEUTROPHIL_DN	200	157		
GSE22103_UNSTIM_VS_GMCSF_AND_IFNG_STIM_NEUTROPHIL_DN	200	153		
GSE22103_UNSTIM_VS_LPS_STIM_NEUTROPHIL_UP	200	169		
GSE22103_LPS_VS_GMCSF_AND_IFNG_STIM_NEUTROPHIL_UP	200	168		
GSE22589_HEALTHY_VS_HIV_AND_SIV_INFECTED_DC_DN	200	157		
GSE22589_HEALTHY_VS_SIV_INFECTED_DC_UP	199	157		
GSE22589_SIV_VS_HIV_AND_SIV_INFECTED_DC_DN	200	98		
GSE22589_HIV_VS_HIV_AND_SIV_INFECTED_DC_UP	199	114		
GSE22589_HIV_VS_HIV_AND_SIV_INFECTED_DC_DN	200	147		
GSE22589_SIV_VS_HIV_AND_SIV_INFECTED_DC_UP	200	95		
GSE22589_HEALTHY_VS_HIV_INFECTED_DC_UP	200	169		
GSE22589_HEALTHY_VS_HIV_INFECTED_DC_DN	200	125		
GSE22589_HEALTHY_VS_HIV_AND_SIV_INFECTED_DC_UP	200	166		
GSE22589_HEALTHY_VS_SIV_INFECTED_DC_DN	199	113		
GSE22432_CONVENTIONAL_CDC_VS_PLASMACYTOID_PDC_UP	199	170		
GSE22432_CONVENTIONAL_CDC_VS_PLASMACYTOID_PDC_DN	200	140		
GSE22432_MULTIPOTENT_PROGENITOR_VS_PDC_DN	200	167		
GSE22432_MULTIPOTENT_PROGENITOR_VS_CDC_UP	199	102		
GSE22432_MULTIPOTENT_PROGENITOR_VS_CDC_DN	200	158		
GSE22432_MULTIPOTENT_PROGENITOR_VS_PDC_UP	200	144		
GSE22432_MULTIPOTENT_VS_COMMON_DC_PROGENITOR_UP	199	156		
GSE22432_MULTIPOTENT_VS_COMMON_DC_PROGENITOR_DN	200	136		
GSE22432_CDC_VS_COMMON_DC_PROGENITOR_DN	199	151		
GSE22432_UNTREATED_VS_TGFB1_TREATED_COMMON_DC_PROGENITOR_UP	200	143		
GSE22432_UNTREATED_VS_TGFB1_TREATED_COMMON_DC_PROGENITOR_DN	200	161		
GSE22432_MULTIPOTENT_VS_COMMON_DC_PROGENITOR_UNTREATED_DN	200	175		
GSE22432_CDC_VS_COMMON_DC_PROGENITOR_UP	200	163		
GSE22432_MULTIPOTENT_VS_COMMON_DC_PROGENITOR_UNTREATED_UP	200	171		
GSE22432_PDC_VS_TGFB1_TREATEDCOMMON_DC_PROGENITOR_DN	200	170		
GSE22432_PDC_VS_TGFB1_TREATEDCOMMON_DC_PROGENITOR_UP	199	163		
GSE22919_RESTING_VS_IL2_IL12_IL15_STIM_NK_CELL_DN	200	161		
GSE22919_RESTING_VS_IL2_IL12_IL15_STIM_NK_CELL_UP	198	177		
GSE24210_RESTING_TREG_VS_TCONV_UP	200	169		
GSE24210_RESTING_TREG_VS_TCONV_DN	200	169		
GSE24210_CTRL_VS_IL35_TREATED_TCONV_CD4_TCELL_UP	200	169		
GSE24210_CTRL_VS_IL35_TREATED_TCONV_CD4_TCELL_DN	199	174		
GSE24210_IL35_TREATED_VS_RESTING_TREG_DN	199	50		
GSE24210_TCONV_VS_TREG_DN	200	136		
GSE24210_IL35_TREATED_VS_UNTREATED_TCONV_CD4_TCELL_UP	199	132		
GSE24210_IL35_TREATED_VS_RESTING_TREG_UP	200	85		
GSE24210_IL35_TREATED_VS_UNTREATED_TCONV_CD4_TCELL_DN	200	126		
GSE24210_TCONV_VS_TREG_UP	200	116		
GSE23505_UNTREATED_VS_4DAY_IL6_IL1_TGFB_TREATED_CD4_TCELL_UP	199	142		
GSE23505_UNTREATED_VS_4DAY_IL6_IL1_IL23_TREATED_CD4_TCELL_DN	199	125		
GSE23505_UNTREATED_VS_4DAY_IL6_IL1_IL23_TREATED_CD4_TCELL_UP	200	163		
GSE23505_UNTREATED_VS_4DAY_IL6_IL1_TREATED_CD4_TCELL_UP	199	166		
GSE23505_IL6_IL1_VS_IL6_IL1_IL23_TREATED_CD4_TCELL_DN	200	159		
GSE23505_IL6_IL1_VS_IL6_IL1_TGFB_TREATED_CD4_TCELL_DN	200	166		
GSE23505_UNTREATED_VS_4DAY_IL6_IL1_TREATED_CD4_TCELL_DN	200	99		
GSE23505_IL6_IL1_IL23_VS_IL6_IL1_TGFB_TREATED_CD4_TCELL_UP	200	124		
GSE23505_IL6_IL1_IL23_VS_IL6_IL1_TGFB_TREATED_CD4_TCELL_DN	199	152		
GSE23505_UNTREATED_VS_4DAY_IL6_IL1_TGFB_TREATED_CD4_TCELL_DN	200	164		
GSE23505_IL6_IL1_VS_IL6_IL1_IL23_TREATED_CD4_TCELL_UP	200	142		
GSE23505_IL6_IL1_VS_IL6_IL1_TGFB_TREATED_CD4_TCELL_UP	200	154		
GSE24492_LYVE_NEG_VS_POS_MACROPHAGE_DN	200	89		
GSE24492_LYVE_NEG_VS_POS_MACROPHAGE_UP	198	116		
GSE23925_LIGHT_ZONE_VS_DARK_ZONE_BCELL_UP	199	108		
GSE23925_LIGHT_ZONE_VS_DARK_ZONE_BCELL_DN	200	142		
GSE23925_DARK_ZONE_VS_NAIVE_BCELL_UP	200	147		
GSE23925_DARK_ZONE_VS_NAIVE_BCELL_DN	200	142		
GSE23925_LIGHT_ZONE_VS_NAIVE_BCELL_DN	200	153		
GSE23925_LIGHT_ZONE_VS_NAIVE_BCELL_UP	199	155		
GSE16385_MONOCYTE_VS_12H_ROSIGLITAZONE_TREATED_MACROPHAGE_DN	200	166		
GSE16385_UNTREATED_VS_12H_ROSIGLITAZONE_IFNG_TNF_TREATED_MACROPHAGE_UP	200	98		
GSE16385_UNTREATED_VS_12H_ROSIGLITAZONE_IFNG_TNF_TREATED_MACROPHAGE_DN	200	108		
GSE16385_ROSIGLITAZONE_IFNG_TNF_VS_IL4_STIM_MACROPHAGE_UP	200	129		
GSE16385_MONOCYTE_VS_MACROPHAGE_UP	200	120		
GSE16385_ROSIGLITAZONE_VS_UNTREATED_IFNG_TNF_STIM_MACROPHAGE_UP	200	107		
GSE16385_ROSIGLITAZONE_VS_UNTREATED_IFNG_TNF_STIM_MACROPHAGE_DN	200	156		
GSE16385_MONOCYTE_VS_12H_ROSIGLITAZONE_IL4_TREATED_MACROPHAGE_UP	200	136		
GSE16385_MONOCYTE_VS_12H_ROSIGLITAZONE_IL4_TREATED_MACROPHAGE_DN	200	170		
GSE16385_MONOCYTE_VS_MACROPHAGE_DN	200	77		
GSE16385_MONOCYTE_VS_12H_ROSIGLITAZONE_IFNG_TNF_TREATED_MACROPHAGE_UP	198	152		
GSE16385_MONOCYTE_VS_12H_IL4_TREATED_MACROPHAGE_UP	200	93		
GSE16385_MONOCYTE_VS_12H_IL4_TREATED_MACROPHAGE_DN	200	175		
GSE16385_MONOCYTE_VS_12H_ROSIGLITAZONE_TREATED_MACROPHAGE_UP	200	95		
GSE25123_CTRL_VS_ROSIGLITAZONE_STIM_MACROPHAGE_UP	199	171		
GSE25123_CTRL_VS_ROSIGLITAZONE_STIM_MACROPHAGE_DN	200	110		
GSE25123_CTRL_VS_IL4_AND_ROSIGLITAZONE_STIM_MACROPHAGE_UP	200	165		
GSE25123_CTRL_VS_IL4_AND_ROSIGLITAZONE_STIM_MACROPHAGE_DN	200	107		
GSE16385_UNTREATED_VS_12H_ROSIGLITAZONE_IL4_TREATED_MACROPHAGE_UP	200	174		
GSE16385_UNTREATED_VS_12H_ROSIGLITAZONE_IL4_TREATED_MACROPHAGE_DN	200	116		
GSE16385_MONOCYTE_VS_12H_ROSIGLITAZONE_IFNG_TNF_TREATED_MACROPHAGE_DN	200	162		
GSE16386_IL4_VS_IL4_AND_ROSIGLITAZONE_STIM_MACROPHAGE_6H_DN	199	67		
GSE16385_MONOCYTE_VS_12H_IFNG_TNF_TREATED_MACROPHAGE_UP	200	157		
GSE16385_MONOCYTE_VS_12H_IFNG_TNF_TREATED_MACROPHAGE_DN	200	100		
GSE25123_WT_VS_PPARG_KO_MACROPHAGE_IL4_AND_ROSIGLITAZONE_STIM_DN	195	137		
GSE25123_CTRL_VS_IL4_STIM_MACROPHAGE_UP	200	152		
GSE25123_CTRL_VS_IL4_STIM_MACROPHAGE_DN	199	148		
GSE16385_IFNG_TNF_VS_IL4_STIM_MACROPHAGE_ROSIGLITAZONE_TREATED_DN	199	154		
GSE25088_CTRL_VS_IL4_AND_ROSIGLITAZONE_STIM_MACROPHAGE_UP	195	115		
GSE25088_CTRL_VS_IL4_AND_ROSIGLITAZONE_STIM_MACROPHAGE_DN	195	127		
GSE25088_CTRL_VS_IL4_STIM_STAT6_KO_MACROPHAGE_UP	197	84		
GSE25088_CTRL_VS_IL4_STIM_STAT6_KO_MACROPHAGE_DN	190	94		
GSE25088_CTRL_VS_ROSIGLITAZONE_STIM_STAT6_KO_MACROPHAGE_UP	193	100		
GSE16385_UNTREATED_VS_12H_IFNG_TNF_TREATED_MACROPHAGE_UP	194	72		
GSE16385_UNTREATED_VS_12H_IFNG_TNF_TREATED_MACROPHAGE_DN	196	127		
GSE25123_WT_VS_PPARG_KO_MACROPHAGE_ROSIGLITAZONE_STIM_DN	187	76		
GSE25123_WT_VS_PPARG_KO_MACROPHAGE_IL4_AND_ROSIGLITAZONE_STIM_UP	197	104		
GSE16385_UNTREATED_VS_12H_ROSIGLITAZONE_TREATED_MACROPHAGE_UP	188	35		
GSE16385_UNTREATED_VS_12H_ROSIGLITAZONE_TREATED_MACROPHAGE_DN	193	85		
GSE16385_IFNG_TNF_VS_IL4_STIM_MACROPHAGE_ROSIGLITAZONE_TREATED_UP	193	94		
GSE25088_IL4_VS_IL4_AND_ROSIGLITAZONE_STIM_STAT6_KO_MACROPHAGE_DAY10_UP	198	148		
GSE25088_IL4_VS_IL4_AND_ROSIGLITAZONE_STIM_STAT6_KO_MACROPHAGE_DAY10_DN	197	120		
GSE25088_ROSIGLITAZONE_VS_IL4_AND_ROSIGLITAZONE_STIM_STAT6_KO_MACROPHAGE_DAY10_UP	197	136		
GSE25088_ROSIGLITAZONE_VS_IL4_AND_ROSIGLITAZONE_STIM_STAT6_KO_MACROPHAGE_DAY10_DN	198	125		
GSE25123_WT_VS_PPARG_KO_MACROPHAGE_UP	199	111		
GSE25123_WT_VS_PPARG_KO_MACROPHAGE_DN	199	142		
GSE25123_WT_VS_PPARG_KO_MACROPHAGE_IL4_STIM_UP	200	133		
GSE25123_WT_VS_PPARG_KO_MACROPHAGE_IL4_STIM_DN	200	156		
GSE16385_UNTREATED_VS_12H_IL4_TREATED_MACROPHAGE_UP	199	111		
GSE16385_UNTREATED_VS_12H_IL4_TREATED_MACROPHAGE_DN	199	109		
GSE25123_CTRL_VS_IL4_AND_ROSIGLITAZONE_STIM_PPARG_KO_MACROPHAGE_DN	200	142		
GSE25123_IL4_VS_IL4_AND_ROSIGLITAZONE_STIM_MACROPHAGE_DAY10_UP	200	150		
GSE25123_IL4_VS_IL4_AND_ROSIGLITAZONE_STIM_MACROPHAGE_DAY10_DN	199	138		
GSE25123_ROSIGLITAZONE_VS_IL4_AND_ROSIGLITAZONE_STIM_MACROPHAGE_DAY10_UP	199	148		
GSE25123_ROSIGLITAZONE_VS_IL4_AND_ROSIGLITAZONE_STIM_MACROPHAGE_DAY10_DN	121	66		
GSE25123_IL4_VS_IL4_AND_ROSIGLITAZONE_STIM_PPARG_KO_MACROPHAGE_DAY10_UP	142	97		
GSE25123_IL4_VS_IL4_AND_ROSIGLITAZONE_STIM_PPARG_KO_MACROPHAGE_DAY10_DN	195	112		
GSE25088_WT_VS_STAT6_KO_MACROPHAGE_UP	196	135		
GSE25123_CTRL_VS_IL4_STIM_PPARG_KO_MACROPHAGE_UP	200	114		
GSE25123_CTRL_VS_IL4_STIM_PPARG_KO_MACROPHAGE_DN	199	110		
GSE25123_CTRL_VS_ROSIGLITAZONE_STIM_PPARG_KO_MACROPHAGE_UP	197	101		
GSE25123_WT_VS_PPARG_KO_MACROPHAGE_ROSIGLITAZONE_STIM_UP	200	124		
GSE25123_CTRL_VS_IL4_AND_ROSIGLITAZONE_STIM_PPARG_KO_MACROPHAGE_UP	200	100		
GSE25088_IL4_VS_IL4_AND_ROSIGLITAZONE_STIM_MACROPHAGE_DAY10_UP	200	144		
GSE25088_IL4_VS_IL4_AND_ROSIGLITAZONE_STIM_MACROPHAGE_DAY10_DN	200	134		
GSE25088_ROSIGLITAZONE_VS_IL4_AND_ROSIGLITAZONE_STIM_MACROPHAGE_DAY10_UP	199	160		
GSE25088_ROSIGLITAZONE_VS_IL4_AND_ROSIGLITAZONE_STIM_MACROPHAGE_DAY10_DN	199	139		
GSE16385_ROSIGLITAZONE_IL4_VS_ROSIGLITAZONE_ALONE_STIM_MACROPHAGE_UP	200	81		
GSE16385_ROSIGLITAZONE_IL4_VS_ROSIGLITAZONE_ALONE_STIM_MACROPHAGE_DN	200	155		
GSE16385_IFNG_TNF_VS_IL4_STIM_MACROPHAGE_UP	200	144		
GSE25123_ROSIGLITAZONE_VS_IL4_AND_ROSIGLITAZONE_STIM_PPARG_KO_MACROPHAGE_DAY10_UP	200	152		
GSE25123_ROSIGLITAZONE_VS_IL4_AND_ROSIGLITAZONE_STIM_PPARG_KO_MACROPHAGE_DAY10_DN	200	138		
GSE16385_ROSIGLITAZONE_IFNG_TNF_VS_IL4_STIM_MACROPHAGE_DN	200	121		
GSE25088_CTRL_VS_ROSIGLITAZONE_STIM_STAT6_KO_MACROPHAGE_DN	200	162		
GSE25123_CTRL_VS_ROSIGLITAZONE_STIM_PPARG_KO_MACROPHAGE_DN	199	118		
GSE16386_IL4_VS_IL4_AND_ROSIGLITAZONE_STIM_MACROPHAGE_6H_UP	199	165		
GSE25088_WT_VS_STAT6_KO_MACROPHAGE_ROSIGLITAZONE_STIM_DN	199	143		
GSE25088_WT_VS_STAT6_KO_MACROPHAGE_ROSIGLITAZONE_AND_IL4_STIM_UP	199	153		
GSE25088_WT_VS_STAT6_KO_MACROPHAGE_ROSIGLITAZONE_AND_IL4_STIM_DN	196	106		
GSE25088_CTRL_VS_IL4_STIM_MACROPHAGE_UP	194	105		
GSE25088_CTRL_VS_IL4_STIM_MACROPHAGE_DN	200	121		
GSE25088_CTRL_VS_ROSIGLITAZONE_STIM_MACROPHAGE_UP	200	138		
GSE25088_CTRL_VS_ROSIGLITAZONE_STIM_MACROPHAGE_DN	184	75		
GSE16385_IFNG_TNF_VS_IL4_STIM_MACROPHAGE_DN	190	72		
GSE16385_IFNG_TNF_VS_ROSIGLITAZONE_STIM_MACROPHAGE_UP	186	103		
GSE16385_IFNG_TNF_VS_ROSIGLITAZONE_STIM_MACROPHAGE_DN	187	38		
GSE16385_IL4_VS_ROSIGLITAZONE_STIM_MACROPHAGE_UP	194	151		
GSE16385_IL4_VS_ROSIGLITAZONE_STIM_MACROPHAGE_DN	194	94		
GSE25088_WT_VS_STAT6_KO_MACROPHAGE_ROSIGLITAZONE_STIM_UP	194	145		
GSE16385_IFNG_TNF_VS_UNSTIM_MACROPHAGE_ROSIGLITAZONE_TREATED_UP	190	106		
GSE25088_CTRL_VS_IL4_AND_ROSIGLITAZONE_STIM_STAT6_KO_MACROPHAGE_UP	196	145		
GSE25088_CTRL_VS_IL4_AND_ROSIGLITAZONE_STIM_STAT6_KO_MACROPHAGE_DN	196	103		
GSE16385_ROSIGLITAZONE_IL4_VS_IFNG_TNF_STIM_MACROPHAGE_DN	195	65		
GSE16385_ROSIGLITAZONE_IL4_VS_IL4_ALONE_STIM_MACROPHAGE_12H_UP	200	148		
GSE16385_ROSIGLITAZONE_IL4_VS_IL4_ALONE_STIM_MACROPHAGE_12H_DN	199	133		
GSE25088_WT_VS_STAT6_KO_MACROPHAGE_IL4_STIM_UP	199	140		
GSE25088_WT_VS_STAT6_KO_MACROPHAGE_IL4_STIM_DN	198	133		
GSE16385_ROSIGLITAZONE_IL4_VS_IFNG_TNF_STIM_MACROPHAGE_UP	200	155		
GSE25088_WT_VS_STAT6_KO_MACROPHAGE_DN	199	128		
GSE16385_IFNG_TNF_VS_UNSTIM_MACROPHAGE_ROSIGLITAZONE_TREATED_DN	200	154		
GSE17301_ACD3_ACD28_VS_ACD3_ACD28_AND_IFNA5_STIM_CD8_TCELL_DN	200	132		
GSE17301_CTRL_VS_48H_IFNA2_STIM_CD8_TCELL_DN	195	122		
GSE17301_ACD3_ACD28_VS_ACD3_ACD28_AND_IFNA2_STIM_CD8_TCELL_UP	199	130		
GSE17301_IFNA2_VS_IFNA5_STIM_ACD3_ACD28_ACT_CD8_TCELL_UP	197	150		
GSE17301_IFNA2_VS_IFNA5_STIM_ACD3_ACD28_ACT_CD8_TCELL_DN	200	128		
GSE17301_CTRL_VS_48H_IFNA2_STIM_CD8_TCELL_UP	199	157		
GSE17301_CTRL_VS_48H_ACD3_ACD28_IFNA2_STIM_CD8_TCELL_DN	200	131		
GSE17301_ACD3_ACD28_VS_ACD3_ACD28_AND_IFNA2_STIM_CD8_TCELL_DN	200	151		
GSE17301_ACD3_ACD28_VS_ACD3_ACD28_AND_IFNA5_STIM_CD8_TCELL_UP	198	128		
GSE17301_IFNA2_VS_IFNA2_AND_ACD3_ACD28_STIM_CD8_TCELL_UP	200	153		
GSE17301_IFNA2_VS_IFNA2_AND_ACD3_ACD28_STIM_CD8_TCELL_DN	199	110		
GSE17301_CTRL_VS_48H_ACD3_ACD28_STIM_CD8_TCELL_UP	199	132		
GSE17301_CTRL_VS_48H_ACD3_ACD28_STIM_CD8_TCELL_DN	200	130		
GSE17301_CTRL_VS_48H_ACD3_ACD28_IFNA5_STIM_CD8_TCELL_DN	200	158		
GSE17301_CTRL_VS_48H_ACD3_ACD28_IFNA2_STIM_CD8_TCELL_UP	200	150		
GSE17301_CTRL_VS_48H_ACD3_ACD28_IFNA5_STIM_CD8_TCELL_UP	200	152		
GSE23984_CTRL_VS_HYPOCALEMIC_VITAMIND_ANALOG_TCELL_UP	200	142		
GSE23984_CTRL_VS_HYPOCALEMIC_VITAMIND_ANALOG_TCELL_DN	200	145		
GSE24292_WT_VS_PPARG_KO_MACROPHAGE_UP	200	146		
GSE24292_WT_VS_PPARG_KO_MACROPHAGE_DN	200	150		
GSE24726_WT_VS_E2_2_KO_PDC_DAY6_POST_DELETION_DN	200	147		
GSE24726_WT_VS_E2_22_KO_PDC_DAY4_POST_DELETION_DN	200	149		
GSE24726_WT_VS_E2_2_KO_PDC_UP	200	154		
GSE24726_WT_VS_E2_2_KO_PDC_DN	200	149		
GSE24726_WT_VS_E2_2_KO_PDC_DAY6_POST_DELETION_UP	200	170		
GSE24726_WT_VS_E2_2_KO_PDC_DAY4_POST_DELETION_UP	200	154		
GSE22282_HYPOXIA_VS_NORMOXIA_MYELOID_DC_DN	199	116		
GSE22282_HYPOXIA_VS_NORMOXIA_MYELOID_DC_UP	200	126		
GSE25085_FETAL_LIVER_VS_ADULT_BM_SP4_THYMIC_IMPLANT_DN	200	171		
GSE25085_FETAL_BM_VS_ADULT_BM_SP4_THYMIC_IMPLANT_DN	199	138		
GSE25085_FETAL_LIVER_VS_ADULT_BM_SP4_THYMIC_IMPLANT_UP	200	162		
GSE25085_FETAL_BM_VS_ADULT_BM_SP4_THYMIC_IMPLANT_UP	200	147		
GSE25085_FETAL_LIVER_VS_FETAL_BM_SP4_THYMIC_IMPLANT_UP	200	162		
GSE25085_FETAL_LIVER_VS_FETAL_BM_SP4_THYMIC_IMPLANT_DN	200	117		
GSE23398_WT_VS_IL2_KO_CD4_TCELL_SCURFY_MOUSE_DN	200	160		
GSE23398_WT_VS_IL2_KO_CD4_TCELL_SCURFY_MOUSE_UP	199	132		
GSE23502_BM_VS_COLON_TUMOR_HDC_KO_MYELOID_DERIVED_SUPPRESSOR_CELL_DN	200	166		
GSE23502_BM_VS_COLON_TUMOR_HDC_KO_MYELOID_DERIVED_SUPPRESSOR_CELL_UP	200	40		
GSE23502_WT_VS_HDC_KO_MYELOID_DERIVED_SUPPRESSOR_CELL_COLON_TUMOR_UP	200	131		
GSE23502_WT_VS_HDC_KO_MYELOID_DERIVED_SUPPRESSOR_CELL_COLON_TUMOR_DN	199	45		
GSE23502_BM_VS_COLON_TUMOR_MYELOID_DERIVED_SUPPRESSOR_CELL_UP	200	123		
GSE23502_BM_VS_COLON_TUMOR_MYELOID_DERIVED_SUPPRESSOR_CELL_DN	200	147		
GSE23502_WT_VS_HDC_KO_MYELOID_DERIVED_SUPPRESSOR_CELL_BM_DN	200	139		
GSE23502_WT_VS_HDC_KO_MYELOID_DERIVED_SUPPRESSOR_CELL_BM_UP	200	152		
GSE24972_WT_VS_IRF8_KO_SPLEEN_FOLLICULAR_BCELL_UP	197	105		
GSE24972_MARGINAL_ZONE_BCELL_VS_FOLLICULAR_BCELL_IRF8_KO_DN	199	107		
GSE24972_WT_VS_IRF8_KO_MARGINAL_ZONE_SPLEEN_BCELL_DN	199	68		
GSE24972_MARGINAL_ZONE_BCELL_VS_FOLLICULAR_BCELL_DN	200	90		
GSE24972_WT_VS_IRF8_KO_SPLEEN_FOLLICULAR_BCELL_DN	200	143		
GSE24972_WT_VS_IRF8_KO_MARGINAL_ZONE_SPLEEN_BCELL_UP	200	133		
GSE24972_MARGINAL_ZONE_BCELL_VS_FOLLICULAR_BCELL_UP	199	111		
GSE24972_MARGINAL_ZONE_BCELL_VS_FOLLICULAR_BCELL_IRF8_KO_UP	200	116		
GSE19941_LPS_VS_LPS_AND_IL10_STIM_IL10_KO_NFKBP50_KO_MACROPHAGE_DN	199	134		
GSE19941_IL10_KO_VS_IL10_KO_AND_NFKBP50_KO_LPS_STIM_MACROPHAGE_DN	200	164		
GSE19941_UNSTIM_VS_LPS_STIM_IL10_KO_NFKBP50_KO_MACROPHAGE_UP	199	156		
GSE19941_UNSTIM_VS_LPS_STIM_IL10_KO_MACROPHAGE_UP	199	93		
GSE19941_UNSTIM_VS_LPS_STIM_IL10_KO_MACROPHAGE_DN	200	155		
GSE19941_UNSTIM_VS_LPS_AND_IL10_STIM_IL10_KO_MACROPHAGE_UP	199	98		
GSE19941_UNSTIM_VS_LPS_AND_IL10_STIM_IL10_KO_MACROPHAGE_DN	199	160		
GSE19941_IL10_KO_VS_IL10_KO_AND_NFKBP50_KO_UNSTIM_MACROPHAGE_DN	200	111		
GSE19941_UNSTIM_VS_LPS_STIM_IL10_KO_NFKBP50_KO_MACROPHAGE_DN	199	104		
GSE19941_IL10_KO_VS_IL10_KO_AND_NFKBP50_KO_UNSTIM_MACROPHAGE_UP	200	80		
GSE19941_UNSTIM_VS_LPS_AND_IL10_STIM_IL10_KO_NFKBP50_KO_MACROPHAGE_DN	199	133		
GSE19941_IL10_KO_VS_IL10_KO_AND_NFKBP50_KO_LPS_AND_IL10_STIM_MACROPHAGE_UP	199	116		
GSE19941_IL10_KO_VS_IL10_KO_AND_NFKBP50_KO_LPS_STIM_MACROPHAGE_UP	200	118		
GSE19941_LPS_VS_LPS_AND_IL10_STIM_IL10_KO_NFKBP50_KO_MACROPHAGE_UP	198	119		
GSE19941_UNSTIM_VS_LPS_AND_IL10_STIM_IL10_KO_NFKBP50_KO_MACROPHAGE_UP	174	99		
GSE19941_IL10_KO_VS_IL10_KO_AND_NFKBP50_KO_LPS_AND_IL10_STIM_MACROPHAGE_DN	165	140		
GSE19941_LPS_VS_LPS_AND_IL10_STIM_IL10_KO_MACROPHAGE_DN	159	111		
GSE19941_LPS_VS_LPS_AND_IL10_STIM_IL10_KO_MACROPHAGE_UP	182	163		
GSE25146_UNSTIM_VS_HELIOBACTER_PYLORI_LPS_STIM_AGS_CELL_UP	180	164		
GSE25147_UNSTIM_VS_HELIOBACTER_PYLORI_LPS_STIM_MKN45_CELL_DN	167	102		
GSE25146_UNSTIM_VS_HELIOBACTER_PYLORI_LPS_STIM_AGS_CELL_DN	165	146		
GSE25147_UNSTIM_VS_HELIOBACTER_PYLORI_LPS_STIM_MKN45_CELL_UP	170	113		
GSE22342_CD11C_HIGH_VS_LOW_DECIDUAL_MACROPHAGES_UP	198	116		
GSE22342_CD11C_HIGH_VS_LOW_DECIDUAL_MACROPHAGES_DN	194	72		
GSE26290_CTRL_VS_AKT_INHIBITOR_TREATED_ANTI_CD3_AND_IL2_STIM_CD8_TCELL_DN	197	147		
GSE26290_WT_VS_PDK1_KO_ANTI_CD3_AND_IL2_STIM_CD8_TCELL_UP	195	117		
GSE26290_CTRL_VS_AKT_INHIBITOR_TREATED_ANTI_CD3_AND_IL2_STIM_CD8_TCELL_UP	197	91		
GSE26290_WT_VS_PDK1_KO_ANTI_CD3_AND_IL2_STIM_CD8_TCELL_DN	197	142		
GSE25846_IL10_POS_VS_NEG_CD8_TCELL_DAY7_POST_CORONAVIRUS_BRAIN_UP	195	90		
GSE25846_IL10_POS_VS_NEG_CD8_TCELL_DAY7_POST_CORONAVIRUS_BRAIN_DN	195	137		
GSE26023_PHD3_KO_VS_WT_NEUTROPHIL_HYPOXIA_DN	196	107		
GSE26023_PHD3_KO_VS_WT_NEUTROPHIL_HYPOXIA_UP	198	102		
GSE22611_UNSTIM_VS_6H_MDP_STIM_NOD2_TRANSDUCED_HEK293T_CELL_UP	196	101		
GSE22611_MUTANT_NOD2_TRANSDUCED_VS_CTRL_HEK293T_STIMULATED_WITH_MDP_6H_DN	199	116		
GSE22611_UNSTIM_VS_2H_MDP_STIM_NOD2_TRANSDUCED_HEK293T_CELL_UP	195	111		
GSE22611_UNSTIM_VS_2H_MDP_STIM_NOD2_TRANSDUCED_HEK293T_CELL_DN	198	100		
GSE22611_MUTANT_NOD2_TRANSDUCED_VS_CTRL_HEK293T_STIMULATED_WITH_MDP_6H_UP	196	99		
GSE22611_UNSTIM_VS_2H_MDP_STIM_MUTANT_NOD2_TRANSDUCED_HEK293T_CELL_UP	198	127		
GSE22611_NOD2_TRANSD_VS_CTRL_TRANSD_HEK293_MDP_STIM_6H_UP	197	95		
GSE22611_NOD2_TRANSD_VS_CTRL_TRANSD_HEK293_MDP_STIM_6H_DN	195	99		
GSE22611_NOD2_TRANSD_VS_CTRL_TRANSD_HEK293_MDP_STIM_2H_UP	196	83		
GSE22611_UNSTIM_VS_6H_MDP_STIM_MUTANT_NOD2_TRANSDUCED_HEK293T_CELL_UP	198	135		
GSE22611_UNSTIM_VS_6H_MDP_STIM_MUTANT_NOD2_TRANSDUCED_HEK293T_CELL_DN	195	103		
GSE22611_NOD2_VS_MUTANT_NOD2_TRANSDUCED_HEK293T_CELL_UP	199	122		
GSE22611_NOD2_VS_MUTANT_NOD2_TRANSDUCED_HEK293T_CELL_DN	197	81		
GSE22611_NOD2_VS_CTRL_TRANSDUCED_HEK293T_CELL_UP	197	128		
GSE22611_NOD2_VS_CTRL_TRANSDUCED_HEK293T_CELL_DN	198	131		
GSE22611_MUTANT_NOD2_VS_CTRL_TRANSDUCED_HEK293T_CELL_UP	197	106		
GSE22611_MUTANT_NOD2_VS_CTRL_TRANSDUCED_HEK293T_CELL_DN	196	82		
GSE22611_UNSTIM_VS_6H_MDP_STIM_NOD2_TRANSDUCED_HEK293T_CELL_DN	198	125		
GSE22611_NOD2_TRANSD_VS_CTRL_TRANSD_HEK293_MDP_STIM_2H_DN	134	15		
GSE22611_UNSTIM_VS_2H_MDP_STIM_MUTANT_NOD2_TRANSDUCED_HEK293T_CELL_DN	186	171		
GSE22611_NOD2_TRANSDUCED_VS_CTRL_HEK293T_STIMULATED_WITH_MDP_2H_UP	177	154		
GSE22611_NOD2_TRANSDUCED_VS_CTRL_HEK293T_STIMULATED_WITH_MDP_2H_DN	183	157		
GSE25677_MPL_VS_MPL_AND_R848_STIM_BCELL_DN	132	67		
GSE25677_R848_VS_MPL_AND_R848_STIM_BCELL_DN	166	141		
GSE25677_MPL_VS_MPL_AND_R848_STIM_BCELL_UP	160	122		
GSE25677_R848_VS_MPL_AND_R848_STIM_BCELL_UP	143	68		
GSE25677_MPL_VS_R848_STIM_BCELL_UP	173	112		
GSE25677_MPL_VS_R848_STIM_BCELL_DN	181	160		
GSE26488_WT_VS_VP16_TRANSGENIC_HDAC7_KO_DOUBLE_POSITIVE_THYMOCYTE_DN	169	121		
GSE26488_CTRL_VS_PEPTIDE_INJECTION_OT2_THYMOCYTE_DN	183	152		
GSE26488_HDAC7_KO_VS_VP16_TRANSGENIC_HDAC7_KO_DOUBLE_POSITIVE_THYMOCYTE_UP	189	87		
GSE26488_CTRL_VS_PEPTIDE_INJECTION_OT2_THYMOCYTE_UP	186	70		
GSE26488_WT_VS_HDAC7_KO_DOUBLE_POSITIVE_THYMOCYTE_UP	194	109		
GSE26488_WT_VS_HDAC7_KO_DOUBLE_POSITIVE_THYMOCYTE_DN	192	78		
GSE26488_HDAC7_KO_VS_VP16_TRANSGENIC_HDAC7_KO_DOUBLE_POSITIVE_THYMOCYTE_DN	200	108		
GSE26488_WT_VS_HDAC7_DELTAP_TG_OT2_THYMOCYTE_WITH_PEPTIDE_INJECTION_DN	199	134		
GSE26488_WT_VS_HDAC7_DELTAP_TG_OT2_THYMOCYTE_WITH_PEPTIDE_INJECTION_UP	200	99		
GSE26488_CTRL_VS_PEPTIDE_INJECTION_HDAC7_DELTAP_TG_OT2_THYMOCYTE_DN	200	142		
GSE26488_WT_VS_VP16_TRANSGENIC_HDAC7_KO_DOUBLE_POSITIVE_THYMOCYTE_UP	200	116		
GSE26488_CTRL_VS_PEPTIDE_INJECTION_HDAC7_DELTAP_TG_OT2_THYMOCYTE_UP	200	65		
GSE27092_WT_VS_HDAC7_PHOSPHO_DEFICIENT_CD8_TCELL_UP	200	89		
GSE27092_WT_VS_HDAC7_PHOSPHO_DEFICIENT_CD8_TCELL_DN	200	144		
GSE26912_TUMORICIDAL_VS_CTRL_MACROPHAGE_UP	200	111		
GSE26912_TUMORICIDAL_VS_CTRL_MACROPHAGE_DN	200	132		
GSE27670_CTRL_VS_BLIMP1_TRANSDUCED_GC_BCELL_DN	200	106		
GSE27670_BLIMP1_VS_LMP1_TRANSDUCED_GC_BCELL_UP	200	125		
GSE27670_BLIMP1_VS_LMP1_TRANSDUCED_GC_BCELL_DN	199	154		
GSE27670_CTRL_VS_BLIMP1_TRANSDUCED_GC_BCELL_UP	200	75		
GSE27670_CTRL_VS_LMP1_TRANSDUCED_GC_BCELL_UP	200	123		
GSE27670_CTRL_VS_LMP1_TRANSDUCED_GC_BCELL_DN	200	116		
GSE22443_IL2_VS_IL12_TREATED_ACT_CD8_TCELL_DN	200	166		
GSE22443_NAIVE_VS_ACT_AND_IL2_TREATED_CD8_TCELL_DN	200	72		
GSE22443_NAIVE_VS_ACT_AND_IL12_TREATED_CD8_TCELL_UP	200	161		
GSE22443_NAIVE_VS_ACT_AND_IL2_TREATED_CD8_TCELL_UP	200	66		
GSE22443_IL2_VS_IL12_TREATED_ACT_CD8_TCELL_UP	199	68		
GSE22443_NAIVE_VS_ACT_AND_IL12_TREATED_CD8_TCELL_DN	200	121		
GSE27241_CTRL_VS_DIGOXIN_TREATED_RORGT_KO_CD4_TCELL_IN_TH17_POLARIZING_CONDITIONS_UP	195	141		
GSE27241_CTRL_VS_DIGOXIN_TREATED_CD4_TCELL_IN_TH17_POLARIZING_CONDITIONS_DN	195	128		
GSE27241_WT_VS_RORGT_KO_TH17_POLARIZED_CD4_TCELL_TREATED_WITH_DIGOXIN_DN	178	135		
GSE27241_WT_CTRL_VS_DIGOXIN_TREATED_RORGT_KO_CD4_TCELL_IN_TH17_POLARIZING_CONDITIONS_UP	172	135		
GSE27241_WT_VS_RORGT_KO_TH17_POLARIZED_CD4_TCELL_UP	163	124		
GSE27241_CTRL_VS_DIGOXIN_TREATED_RORGT_KO_CD4_TCELL_IN_TH17_POLARIZING_CONDITIONS_DN	186	124		
GSE27241_WT_VS_RORGT_KO_TH17_POLARIZED_CD4_TCELL_TREATED_WITH_DIGOXIN_UP	180	161		
GSE27241_WT_CTRL_VS_DIGOXIN_TREATED_RORGT_KO_CD4_TCELL_IN_TH17_POLARIZING_CONDITIONS_DN	184	153		
GSE27241_WT_VS_RORGT_KO_TH17_POLARIZED_CD4_TCELL_DN	167	149		
GSE27241_CTRL_VS_DIGOXIN_TREATED_CD4_TCELL_IN_TH17_POLARIZING_CONDITIONS_UP	162	129		
GSE27896_HDAC6_KO_VS_WT_TREG_DN	165	126		
GSE27896_HDAC6_KO_VS_WT_TREG_UP	176	159		
GSE21063_CTRL_VS_ANTI_IGM_STIM_BCELL_8H_UP	153	98		
GSE21063_CTRL_VS_ANTI_IGM_STIM_BCELL_3H_DN	161	132		
GSE21063_CTRL_VS_ANTI_IGM_STIM_BCELL_3H_UP	190	106		
GSE21063_WT_VS_NFATC1_KO_16H_ANTI_IGM_STIM_BCELL_DN	188	57		
GSE21063_WT_VS_NFATC1_KO_3H_ANTI_IGM_STIM_BCELL_DN	200	136		
GSE21063_3H_VS_16H_ANTI_IGM_STIM_NFATC1_KOBCELL_UP	199	100		
GSE21063_3H_VS_16H_ANTI_IGM_STIM_NFATC1_KOBCELL_DN	200	170		
GSE21063_CTRL_VS_ANTI_IGM_STIM_BCELL_NFATC1_KO_16H_UP	200	116		
GSE21063_CTRL_VS_ANTI_IGM_STIM_BCELL_NFATC1_KO_16H_DN	199	156		
GSE21063_WT_VS_NFATC1_KO_BCELL_UP	200	105		
GSE21063_WT_VS_NFATC1_KO_BCELL_DN	200	168		
GSE21063_WT_VS_NFATC1_KO_3H_ANTI_IGM_STIM_BCELL_UP	199	96		
GSE21063_3H_VS_16H_ANTI_IGM_STIM_BCELL_UP	200	134		
GSE21063_CTRL_VS_ANTI_IGM_STIM_BCELL_8H_DN	199	72		
GSE21063_CTRL_VS_ANTI_IGM_STIM_BCELL_16H_UP	200	145		
GSE21063_CTRL_VS_ANTI_IGM_STIM_BCELL_16H_DN	200	96		
GSE21063_WT_VS_NFATC1_KO_16H_ANTI_IGM_STIM_BCELL_UP	197	155		
GSE21063_3H_VS_16H_ANTI_IGM_STIM_BCELL_DN	197	150		
GSE21063_CTRL_VS_ANTI_IGM_STIM_BCELL_NFATC1_KO_8H_UP	191	145		
GSE21063_CTRL_VS_ANTI_IGM_STIM_BCELL_NFATC1_KO_8H_DN	198	159		
GSE21063_CTRL_VS_ANTI_IGM_STIM_BCELL_NFATC1_KO_3H_DN	188	130		
GSE21063_WT_VS_NFATC1_KO_8H_ANTI_IGM_STIM_BCELL_UP	199	160		
GSE21063_WT_VS_NFATC1_KO_8H_ANTI_IGM_STIM_BCELL_DN	200	167		
GSE21063_CTRL_VS_ANTI_IGM_STIM_BCELL_NFATC1_KO_3H_UP	200	127		
GSE25502_WT_VS_KLF13_KO_THYMIC_MEMORY_LIKE_CD8_TCELL_UP	194	107		
GSE25502_WT_VS_KLF13_KO_THYMIC_MEMORY_LIKE_CD8_TCELL_DN	188	34		
GSE23114_WT_VS_SLE2C1_MOUSE_PERITONEAL_CAVITY_B1A_BCELL_UP	194	121		
GSE23114_WT_VS_SLE2C1_MOUSE_PERITONEAL_CAVITY_B1A_BCELL_DN	194	48		
GSE23114_PERITONEAL_CAVITY_B1A_BCELL_VS_SPLEEN_BCELL_UP	191	73		
GSE23114_PERITONEAL_CAVITY_B1A_BCELL_VS_SPLEEN_BCELL_IN_SLE2C1_MOUSE_DN	193	105		
GSE23114_WT_VS_SLE2C1_MOUSE_SPLEEN_B1A_BCELL_DN	199	124		
GSE23114_WT_VS_SLE2C1_MOUSE_SPLEEN_B1A_BCELL_UP	199	178		
GSE23114_PERITONEAL_CAVITY_B1A_BCELL_VS_SPLEEN_BCELL_IN_SLE2C1_MOUSE_UP	199	120		
GSE23114_PERITONEAL_CAVITY_B1A_BCELL_VS_SPLEEN_BCELL_DN	200	169		
GSE26156_DOUBLE_POSITIVE_VS_CD4_SINGLE_POSITIVE_THYMOCYTE_UP	199	147		
GSE26156_DOUBLE_POSITIVE_VS_CD4_SINGLE_POSITIVE_THYMOCYTE_DN	199	168		
GSE26727_WT_VS_KLF2_KO_LPS_STIM_MACROPHAGE_UP	199	120		
GSE26727_WT_VS_KLF2_KO_LPS_STIM_MACROPHAGE_DN	199	172		
GSE28726_NAIVE_CD4_TCELL_VS_NAIVE_VA24NEG_NKTCELL_DN	198	99		
GSE28726_ACT_CD4_TCELL_VS_ACT_VA24NEG_NKTCELL_UP	200	172		
GSE28726_ACT_CD4_TCELL_VS_ACT_VA24NEG_NKTCELL_DN	200	164		
GSE28726_NAIVE_CD4_TCELL_VS_NAIVE_VA24NEG_NKTCELL_UP	200	170		
GSE28726_NAIVE_VS_ACTIVATED_VA24NEG_NKTCELL_DN	197	96		
GSE28726_NAIVE_CD4_TCELL_VS_NAIVE_NKTCELL_UP	199	170		
GSE28726_NAIVE_CD4_TCELL_VS_NAIVE_NKTCELL_DN	200	108		
GSE28726_ACT_CD4_TCELL_VS_ACT_NKTCELL_UP	200	175		
GSE28726_ACT_CD4_TCELL_VS_ACT_NKTCELL_DN	199	167		
GSE28726_NAIVE_VS_ACTIVATED_CD4_TCELL_DN	199	167		
GSE28726_NAIVE_VS_ACTIVATED_NKTCELL_UP	199	113		
GSE28726_NAIVE_VS_ACTIVATED_NKTCELL_DN	200	177		
GSE28726_NAIVE_VS_ACTIVATED_CD4_TCELL_UP	200	138		
GSE28726_NAIVE_VS_ACTIVATED_VA24NEG_NKTCELL_UP	200	171		
GSE24574_BCL6_HIGH_VS_LOW_TFH_CD4_TCELL_UP	199	146		
GSE24574_BCL6_HIGH_VS_LOW_TFH_CD4_TCELL_DN	200	170		
GSE24574_BCL6_HIGH_TFH_VS_NAIVE_CD4_TCELL_UP	198	111		
GSE24574_BCL6_HIGH_TFH_VS_NAIVE_CD4_TCELL_DN	200	172		
GSE24574_NAIVE_VS_TCONV_CD4_TCELL_UP	200	113		
GSE24574_NAIVE_VS_TCONV_CD4_TCELL_DN	200	175		
GSE24574_BCL6_HIGH_TFH_VS_TFH_CD4_TCELL_DN	200	167		
GSE24574_BCL6_LOW_TFH_VS_TCONV_CD4_TCELL_DN	200	171		
GSE24574_BCL6_HIGH_TFH_VS_TCONV_CD4_TCELL_DN	198	82		
GSE24574_BCL6_LOW_TFH_VS_NAIVE_CD4_TCELL_UP	198	129		
GSE24574_BCL6_HIGH_TFH_VS_TFH_CD4_TCELL_UP	197	82		
GSE24574_BCL6_HIGH_TFH_VS_TCONV_CD4_TCELL_UP	197	98		
GSE24574_BCL6_LOW_TFH_VS_NAIVE_CD4_TCELL_DN	197	96		
GSE24574_BCL6_LOW_TFH_VS_TCONV_CD4_TCELL_UP	194	87		
GSE28130_ACTIVATED_VS_INDUCEED_TREG_UP	196	99		
GSE28130_ACTIVATED_VS_INDUCEED_TREG_DN	196	82		
GSE28449_WT_VS_LRF_KO_GERMINAL_CENTER_BCELL_DN	197	91		
GSE28449_WT_VS_LRF_KO_GERMINAL_CENTER_BCELL_UP	199	86		
GSE28783_ANTI_MIR33_VS_UNTREATED_ATHEROSCLEROSIS_MACROPHAGE_UP	199	117		
GSE28783_ANTI_MIR33_VS_UNTREATED_ATHEROSCLEROSIS_MACROPHAGE_DN	199	96		
GSE28783_CTRL_ANTI_MIR_VS_UNTREATED_ATHEROSCLEROSIS_MACROPHAGE_UP	199	107		
GSE28783_ANTI_MIR33_VS_CTRL_ATHEROSCLEROSIS_MACROPHAGE_DN	198	81		
GSE28783_CTRL_ANTI_MIR_VS_UNTREATED_ATHEROSCLEROSIS_MACROPHAGE_DN	199	105		
GSE28783_ANTI_MIR33_VS_CTRL_ATHEROSCLEROSIS_MACROPHAGE_UP	199	81		
GSE19512_NAUTRAL_VS_INDUCED_TREG_DN	200	109		
GSE19512_NAUTRAL_VS_INDUCED_TREG_UP	197	60		
GSE22501_PERIPHERAL_BLOOD_VS_CORD_BLOOD_TREG_DN	199	101		
GSE22501_PERIPHERAL_BLOOD_VS_CORD_BLOOD_TREG_UP	198	84		
GSE22025_UNTREATED_VS_TGFB1_TREATED_CD4_TCELL_UP	199	113		
GSE22025_UNTREATED_VS_PROGESTERONE_TREATED_CD4_TCELL_UP	199	96		
GSE22025_PROGESTERONE_VS_TGFB1_AND_PROGESTERONE_TREATED_CD4_TCELL_DN	198	103		
GSE22025_TGFB1_VS_TGFB1_AND_PROGESTERONE_TREATED_CD4_TCELL_UP	198	109		
GSE22025_PROGESTERONE_VS_TGFB1_AND_PROGESTERONE_TREATED_CD4_TCELL_UP	199	145		
GSE22025_UNTREATED_VS_TGFB1_AND_PROGESTERONE_TREATED_CD4_TCELL_UP	200	74		
GSE22025_UNTREATED_VS_PROGESTERONE_TREATED_CD4_TCELL_DN	199	133		
GSE22025_UNTREATED_VS_TGFB1_TREATED_CD4_TCELL_DN	198	84		
GSE22025_UNTREATED_VS_TGFB1_AND_PROGESTERONE_TREATED_CD4_TCELL_DN	198	77		
GSE22025_TGFB1_VS_TGFB1_AND_PROGESTERONE_TREATED_CD4_TCELL_DN	199	104		
GSE29949_MICROGLIA_BRAIN_VS_MONOCYTE_BONE_MARROW_DN	200	151		
GSE29949_CD8_NEG_DC_SPLEEN_VS_CD8_POS_DC_SPLEEN_UP	199	75		
GSE29949_CD8_NEG_DC_SPLEEN_VS_CD8_POS_DC_SPLEEN_DN	200	109		
GSE29949_CD8_NEG_DC_SPLEEN_VS_DC_BRAIN_UP	193	64		
GSE29949_MICROGLIA_BRAIN_VS_CD8_POS_DC_SPLEEN_UP	199	148		
GSE29949_MICROGLIA_BRAIN_VS_CD8_POS_DC_SPLEEN_DN	200	64		
GSE29949_MICROGLIA_VS_DC_BRAIN_UP	198	138		
GSE29949_MICROGLIA_BRAIN_VS_CD8_NEG_DC_SPLEEN_DN	198	75		
GSE29949_MICROGLIA_BRAIN_VS_MONOCYTE_BONE_MARROW_UP	199	82		
GSE29949_CD8_NEG_DC_SPLEEN_VS_DC_BRAIN_DN	200	142		
GSE29949_CD8_NEG_DC_SPLEEN_VS_MONOCYTE_BONE_MARROW_UP	198	148		
GSE29949_MICROGLIA_VS_DC_BRAIN_DN	199	88		
GSE29949_CD8_POS_DC_SPLEEN_VS_DC_BRAIN_UP	198	152		
GSE29949_CD8_POS_DC_SPLEEN_VS_DC_BRAIN_DN	196	66		
GSE29949_CD8_POS_DC_SPLEEN_VS_MONOCYTE_BONE_MARROW_UP	197	113		
GSE29949_CD8_POS_DC_SPLEEN_VS_MONOCYTE_BONE_MARROW_DN	199	135		
GSE29949_DC_BRAIN_VS_MONOCYTE_BONE_MARROW_UP	199	151		
GSE29949_DC_BRAIN_VS_MONOCYTE_BONE_MARROW_DN	198	94		
GSE29949_CD8_NEG_DC_SPLEEN_VS_MONOCYTE_BONE_MARROW_DN	197	118		
GSE29949_MICROGLIA_BRAIN_VS_CD8_NEG_DC_SPLEEN_UP	195	96		
GSE26559_TCF1_KO_VS_WT_LIN_NEG_CELL_DN	196	68		
GSE26559_TCF1_KO_VS_WT_LIN_NEG_CELL_UP	198	156		
GSE30153_LUPUS_VS_HEALTHY_DONOR_BCELL_DN	198	86		
GSE30153_LUPUS_VS_HEALTHY_DONOR_BCELL_UP	199	126		
GSE24814_STAT5_KO_VS_WT_PRE_BCELL_UP	197	61		
GSE24814_STAT5_KO_VS_WT_PRE_BCELL_DN	200	161		
GSE23321_EFFECTOR_MEMORY_VS_NAIVE_CD8_TCELL_UP	196	81		
GSE23321_CD8_STEM_CELL_MEMORY_VS_EFFECTOR_MEMORY_CD8_TCELL_UP	199	129		
GSE23321_CD8_STEM_CELL_MEMORY_VS_EFFECTOR_MEMORY_CD8_TCELL_DN	199	168		
GSE23321_CENTRAL_MEMORY_VS_NAIVE_CD8_TCELL_DN	197	75		
GSE23321_CENTRAL_VS_EFFECTOR_MEMORY_CD8_TCELL_UP	200	147		
GSE23321_CENTRAL_VS_EFFECTOR_MEMORY_CD8_TCELL_DN	200	161		
GSE23321_CENTRAL_MEMORY_VS_NAIVE_CD8_TCELL_UP	199	133		
GSE23321_CD8_STEM_CELL_MEMORY_VS_CENTRAL_MEMORY_CD8_TCELL_UP	200	64		
GSE23321_CD8_STEM_CELL_MEMORY_VS_CENTRAL_MEMORY_CD8_TCELL_DN	196	151		
GSE23321_CD8_STEM_CELL_MEMORY_VS_NAIVE_CD8_TCELL_UP	198	143		
GSE23321_CD8_STEM_CELL_MEMORY_VS_NAIVE_CD8_TCELL_DN	196	162		
GSE23321_EFFECTOR_MEMORY_VS_NAIVE_CD8_TCELL_DN	197	163		
GSE46468_LUNG_INNATE_LYMPHOID_CELL_VS_SPLEEN_CD4_TCELL_UP	195	142		
GSE46468_LUNG_INNATE_LYMPHOID_CELL_VS_SPLEEN_CD4_TCELL_DN	199	176		
GSE27291_0H_VS_6H_STIM_GAMMADELTA_TCELL_UP	193	101		
GSE27291_0H_VS_7D_STIM_GAMMADELTA_TCELL_UP	188	114		
GSE27291_0H_VS_6H_STIM_GAMMADELTA_TCELL_DN	195	100		
GSE27291_0H_VS_7D_STIM_GAMMADELTA_TCELL_DN	190	133		
GSE27291_6H_VS_7D_STIM_GAMMADELTA_TCELL_UP	194	134		
GSE27291_6H_VS_7D_STIM_GAMMADELTA_TCELL_DN	187	87		
GSE32533_WT_VS_MIR17_OVEREXPRESS_ACT_CD4_TCELL_UP	199	148		
GSE32533_WT_VS_MIR17_KO_ACT_CD4_TCELL_DN	197	174		
GSE32533_WT_VS_MIR17_OVEREXPRESS_ACT_CD4_TCELL_DN	200	69		
GSE32533_MIR17_KO_VS_MIR17_OVEREXPRESS_ACT_CD4_TCELL_UP	200	129		
GSE32533_WT_VS_MIR17_KO_ACT_CD4_TCELL_UP	200	104		
GSE32533_MIR17_KO_VS_MIR17_OVEREXPRESS_ACT_CD4_TCELL_DN	200	102		
GSE31622_WT_VS_KLF3_KO_BCELL_DN	200	141		
GSE31622_WT_VS_KLF3_KO_BCELL_UP	200	91		
GSE26351_UNSTIM_VS_WNT_PATHWAY_STIM_HEMATOPOIETIC_PROGENITORS_DN	200	160		
GSE26351_WNT_VS_BMP_PATHWAY_STIM_HEMATOPOIETIC_PROGENITORS_UP	199	121		
GSE26351_WNT_VS_BMP_PATHWAY_STIM_HEMATOPOIETIC_PROGENITORS_DN	200	161		
GSE26351_UNSTIM_VS_BMP_PATHWAY_STIM_HEMATOPOIETIC_PROGENITORS_DN	199	109		
GSE26351_UNSTIM_VS_WNT_PATHWAY_STIM_HEMATOPOIETIC_PROGENITORS_UP	200	151		
GSE26351_UNSTIM_VS_BMP_PATHWAY_STIM_HEMATOPOIETIC_PROGENITORS_UP	200	154		
GSE29164_UNTREATED_VS_CD8_TCELL_AND_IL12_TREATED_MELANOMA_DAY3_UP	200	130		
GSE29164_UNTREATED_VS_CD8_TCELL_AND_IL12_TREATED_MELANOMA_DAY3_DN	200	168		
GSE29164_UNTREATED_VS_CD8_TCELL_TREATED_MELANOMA_DAY3_DN	200	142		
GSE29164_DAY3_VS_DAY7_UNTREATED_MELANOMA_DN	199	151		
GSE29164_DAY3_VS_DAY7_CD8_TCELL_TREATED_MELANOMA_UP	200	115		
GSE29164_UNTREATED_VS_CD8_TCELL_TREATED_MELANOMA_DAY3_UP	200	167		
GSE29164_DAY3_VS_DAY7_CD8_TCELL_AND_IL12_TREATED_MELANOMA_DN	200	82		
GSE29164_CD8_TCELL_VS_CD8_TCELL_AND_IL12_TREATED_MELANOMA_DAY3_UP	200	177		
GSE29164_DAY3_VS_DAY7_CD8_TCELL_TREATED_MELANOMA_DN	200	121		
GSE29164_DAY3_VS_DAY7_CD8_TCELL_AND_IL12_TREATED_MELANOMA_UP	200	157		
GSE29164_UNTREATED_VS_CD8_TCELL_TREATED_MELANOMA_DAY7_DN	200	94		
GSE29164_UNTREATED_VS_CD8_TCELL_AND_IL12_TREATED_MELANOMA_DAY7_UP	200	173		
GSE29164_UNTREATED_VS_CD8_TCELL_AND_IL12_TREATED_MELANOMA_DAY7_DN	200	130		
GSE29164_CD8_TCELL_VS_CD8_TCELL_AND_IL12_TREATED_MELANOMA_DAY7_UP	200	153		
GSE29164_CD8_TCELL_VS_CD8_TCELL_AND_IL12_TREATED_MELANOMA_DAY7_DN	195	102		
GSE29164_DAY3_VS_DAY7_UNTREATED_MELANOMA_UP	196	117		
GSE29164_CD8_TCELL_VS_CD8_TCELL_AND_IL12_TREATED_MELANOMA_DAY3_DN	200	179		
GSE29164_UNTREATED_VS_CD8_TCELL_TREATED_MELANOMA_DAY7_UP	200	168		
GSE23568_ID3_TRANSDUCED_VS_ID3_KO_CD8_TCELL_DN	200	168		
GSE23568_CTRL_VS_ID3_TRANSDUCED_CD8_TCELL_DN	199	156		
GSE23568_CTRL_VS_ID3_TRANSDUCED_CD8_TCELL_UP	200	174		
GSE23568_ID3_KO_VS_WT_CD8_TCELL_UP	199	167		
GSE23568_ID3_TRANSDUCED_VS_ID3_KO_CD8_TCELL_UP	200	182		
GSE23568_ID3_KO_VS_WT_CD8_TCELL_DN	200	129		
GSE23568_CTRL_TRANSDUCED_VS_WT_CD8_TCELL_DN	200	179		
GSE23568_CTRL_TRANSDUCED_VS_WT_CD8_TCELL_UP	200	138		
GSE32164_RESTING_DIFFERENTIATED_VS_ALTERNATIVELY_ACT_M2_MACROPHAGE_DN	200	164		
GSE32164_RESTING_DIFFERENTIATED_VS_ALTERNATIVELY_ACT_M2_MACROPHAGE_UP	200	128		
GSE32164_ALTERNATIVELY_ACT_M2_VS_CMYC_INHIBITED_MACROPHAGE_UP	200	164		
GSE32164_ALTERNATIVELY_ACT_M2_VS_CMYC_INHIBITED_MACROPHAGE_DN	200	167		
GSE32164_RESTING_DIFFERENTIATED_VS_CMYC_INHIBITED_MACROPHAGE_DN	200	178		
GSE32164_RESTING_DIFFERENTIATED_VS_CMYC_INHIBITED_MACROPHAGE_UP	200	117		
GSE33374_CD8_ALPHAALPHA_VS_ALPHABETA_CD161_HIGH_TCELL_DN	200	177		
GSE33424_CD161_HIGH_VS_INT_CD8_TCELL_UP	200	135		
GSE33374_CD8_ALPHAALPHA_VS_ALPHABETA_CD161_HIGH_TCELL_UP	199	111		
GSE33425_CD161_INT_VS_NEG_CD8_TCELL_UP	200	180		
GSE33424_CD161_HIGH_VS_INT_CD8_TCELL_DN	200	152		
GSE33424_CD161_HIGH_VS_NEG_CD8_TCELL_UP	200	135		
GSE33424_CD161_HIGH_VS_NEG_CD8_TCELL_DN	199	149		
GSE33425_CD161_INT_VS_NEG_CD8_TCELL_DN	200	148		
GSE33425_CD161_HIGH_VS_INT_CD8_TCELL_DN	200	177		
GSE33425_CD8_ALPHAALPHA_VS_ALPHABETA_CD161_HIGH_TCELL_UP	200	141		
GSE33425_CD8_ALPHAALPHA_VS_ALPHABETA_CD161_HIGH_TCELL_DN	200	176		
GSE33425_CD161_HIGH_VS_INT_CD8_TCELL_UP	200	142		
GSE33425_CD161_HIGH_VS_NEG_CD8_TCELL_UP	199	151		
GSE33425_CD161_HIGH_VS_NEG_CD8_TCELL_DN	200	149		
GSE33424_CD161_INT_VS_NEG_CD8_TCELL_DN	200	153		
GSE33424_CD161_INT_VS_NEG_CD8_TCELL_UP	200	154		
GSE26890_CXCR1_NEG_VS_POS_EFFECTOR_CD8_TCELL_DN	200	152		
GSE26890_CXCR1_NEG_VS_POS_EFFECTOR_CD8_TCELL_UP	200	157		
GSE26030_TH1_VS_TH17_DAY5_POST_POLARIZATION_DN	197	165		
GSE26030_TH1_VS_TH17_DAY15_POST_POLARIZATION_UP	199	141		
GSE26030_TH1_VS_TH17_DAY5_POST_POLARIZATION_UP	200	133		
GSE26030_UNSTIM_VS_RESTIM_TH1_DAY5_POST_POLARIZATION_UP	200	158		
GSE26030_UNSTIM_VS_RESTIM_TH1_DAY5_POST_POLARIZATION_DN	200	156		
GSE26030_UNSTIM_VS_RESTIM_TH1_DAY15_POST_POLARIZATION_UP	200	154		
GSE26030_TH1_VS_TH17_RESTIMULATED_DAY15_POST_POLARIZATION_DN	199	159		
GSE26030_UNSTIM_VS_RESTIM_TH17_DAY15_POST_POLARIZATION_DN	200	151		
GSE26030_TH1_VS_TH17_RESTIMULATED_DAY5_POST_POLARIZATION_UP	200	153		
GSE26030_TH1_VS_TH17_RESTIMULATED_DAY5_POST_POLARIZATION_DN	200	159		
GSE26030_TH1_VS_TH17_DAY15_POST_POLARIZATION_DN	200	142		
GSE26030_UNSTIM_VS_RESTIM_TH1_DAY15_POST_POLARIZATION_DN	200	147		
GSE26030_UNSTIM_VS_RESTIM_TH17_DAY15_POST_POLARIZATION_UP	175	116		
GSE26030_UNSTIM_VS_RESTIM_TH17_DAY5_POST_POLARIZATION_UP	181	154		
GSE26030_TH1_VS_TH17_RESTIMULATED_DAY15_POST_POLARIZATION_UP	199	142		
GSE26030_UNSTIM_VS_RESTIM_TH17_DAY5_POST_POLARIZATION_DN	198	118		
GSE22313_HEALTHY_VS_SLE_MOUSE_CD4_TCELL_DN	199	135		
GSE22313_HEALTHY_VS_SLE_MOUSE_CD4_TCELL_UP	197	94		
GSE27859_MACROPHAGE_VS_CD11C_INT_F480_INT_DC_DN	199	135		
GSE27859_MACROPHAGE_VS_DC_DN	196	88		
GSE27859_MACROPHAGE_VS_CD11C_INT_F480_HI_MACROPHAGE_DN	187	147		
GSE27859_MACROPHAGE_VS_DC_UP	168	126		
GSE27859_CD11C_INT_F480_HI_MACROPHAGE_VS_CD11C_ING_F480_INT_DC_UP	178	144		
GSE27859_MACROPHAGE_VS_CD11C_INT_F480_HI_MACROPHAGE_UP	175	138		
GSE27859_MACROPHAGE_VS_CD11C_INT_F480_INT_DC_UP	171	114		
GSE27859_DC_VS_CD11C_INT_F480_HI_MACROPHAGE_DN	158	126		
GSE27859_DC_VS_CD11C_INT_F480_INT_DC_UP	200	146		
GSE27859_DC_VS_CD11C_INT_F480_HI_MACROPHAGE_UP	200	174		
GSE27859_CD11C_INT_F480_HI_MACROPHAGE_VS_CD11C_ING_F480_INT_DC_DN	200	149		
GSE27859_DC_VS_CD11C_INT_F480_INT_DC_DN	200	178		
GSE32128_INOS_DEPENDENT_VS_INOS_INDEPENDENT_ACTIVATED_TCELL_DN	200	132		
GSE32128_INOS_DEPENDENT_VS_INOS_INDEPENDENT_ACTIVATED_TCELL_UP	200	140		
GSE32986_UNSTIM_VS_GMCSF_AND_CURDLAN_HIGHDOSE_STIM_DC_DN	198	132		
GSE32986_UNSTIM_VS_GMCSF_AND_CURDLAN_HIGHDOSE_STIM_DC_UP	200	165		
GSE32986_UNSTIM_VS_GMCSF_STIM_DC_UP	199	118		
GSE32986_GMCSF_VS_GMCSF_AND_CURDLAN_LOWDOSE_STIM_DC_UP	200	164		
GSE32986_GMCSF_VS_GMCSF_AND_CURDLAN_LOWDOSE_STIM_DC_DN	197	116		
GSE32986_UNSTIM_VS_CURDLAN_LOWDOSE_STIM_DC_DN	200	164		
GSE32986_UNSTIM_VS_CURDLAN_HIGHDOSE_STIM_DC_UP	200	157		
GSE32986_UNSTIM_VS_CURDLAN_HIGHDOSE_STIM_DC_DN	200	144		
GSE32986_UNSTIM_VS_GMCSF_AND_CURDLAN_LOWDOSE_STIM_DC_UP	199	152		
GSE32986_UNSTIM_VS_GMCSF_AND_CURDLAN_LOWDOSE_STIM_DC_DN	200	152		
GSE32986_GMCSF_AND_CURDLAN_LOWDOSE_VS_GMCSF_AND_CURDLAN_HIGHDOSE_STIM_DC_DN	198	71		
GSE32986_GMCSF_VS_GMCSF_AND_CURDLAN_HIGHDOSE_STIM_DC_DN	198	121		
GSE32986_CURDLAN_LOWDOSE_VS_GMCSF_AND_CURDLAN_LOWDOSE_STIM_DC_UP	200	143		
GSE32986_CURDLAN_LOWDOSE_VS_GMCSF_AND_CURDLAN_LOWDOSE_STIM_DC_DN	198	152		
GSE32986_GMCSF_VS_GMCSF_AND_CURDLAN_HIGHDOSE_STIM_DC_UP	200	132		
GSE32986_CURDLAN_HIGHDOSE_VS_GMCSF_AND_CURDLAN_HIGHDOSE_STIM_DC_DN	200	143		
GSE32986_CURDLAN_LOWDOSE_VS_CURDLAN_HIGHDOSE_STIM_DC_UP	200	148		
GSE32986_CURDLAN_LOWDOSE_VS_CURDLAN_HIGHDOSE_STIM_DC_DN	200	133		
GSE32986_CURDLAN_HIGHDOSE_VS_GMCSF_AND_CURDLAN_HIGHDOSE_STIM_DC_UP	199	146		
GSE32986_UNSTIM_VS_CURDLAN_LOWDOSE_STIM_DC_UP	200	155		
GSE32986_GMCSF_AND_CURDLAN_LOWDOSE_VS_GMCSF_AND_CURDLAN_HIGHDOSE_STIM_DC_UP	199	154		
GSE32986_UNSTIM_VS_GMCSF_STIM_DC_DN	199	143		
GSE26343_WT_VS_NFAT5_KO_MACROPHAGE_LPS_STIM_UP	200	131		
GSE26343_UNSTIM_VS_LPS_STIM_NFAT5_KO_MACROPHAGE_DN	200	141		
GSE26343_WT_VS_NFAT5_KO_MACROPHAGE_UP	200	163		
GSE26343_WT_VS_NFAT5_KO_MACROPHAGE_DN	200	145		
GSE26343_UNSTIM_VS_LPS_STIM_MACROPHAGE_DN	200	148		
GSE26343_UNSTIM_VS_LPS_STIM_NFAT5_KO_MACROPHAGE_UP	198	152		
GSE26343_UNSTIM_VS_LPS_STIM_MACROPHAGE_UP	200	140		
GSE26343_WT_VS_NFAT5_KO_MACROPHAGE_LPS_STIM_DN	200	147		
GSE34392_ST2_KO_VS_WT_DAY8_LCMV_EFFECTOR_CD8_TCELL_UP	200	159		
GSE34392_ST2_KO_VS_WT_DAY8_LCMV_EFFECTOR_CD8_TCELL_DN	200	127		
GSE35825_IFNA_VS_IFNG_STIM_MACROPHAGE_DN	200	155		
GSE35825_UNTREATED_VS_IFNG_STIM_MACROPHAGE_UP	200	136		
GSE35825_UNTREATED_VS_IFNA_STIM_MACROPHAGE_UP	173	151		
GSE35825_UNTREATED_VS_IFNA_STIM_MACROPHAGE_DN	168	115		
GSE35825_UNTREATED_VS_IFNG_STIM_MACROPHAGE_DN	181	160		
GSE35825_IFNA_VS_IFNG_STIM_MACROPHAGE_UP	163	122		
GSE34156_UNTREATED_VS_6H_NOD2_AND_TLR1_TLR2_LIGAND_TREATED_MONOCYTE_DN	158	122		
GSE34156_UNTREATED_VS_6H_NOD2_LIGAND_TREATED_MONOCYTE_UP	168	129		
GSE34156_UNTREATED_VS_6H_NOD2_LIGAND_TREATED_MONOCYTE_DN	175	127		
GSE34156_UNTREATED_VS_6H_TLR1_TLR2_LIGAND_TREATED_MONOCYTE_DN	176	142		
GSE34156_UNTREATED_VS_6H_NOD2_AND_TLR1_TLR2_LIGAND_TREATED_MONOCYTE_UP	188	90		
GSE34156_UNTREATED_VS_24H_NOD2_AND_TLR1_TLR2_LIGAND_TREATED_MONOCYTE_DN	181	49		
GSE34156_NOD2_LIGAND_VS_TLR1_TLR2_LIGAND_24H_TREATED_MONOCYTE_UP	191	85		
GSE34156_UNTREATED_VS_6H_TLR1_TLR2_LIGAND_TREATED_MONOCYTE_UP	197	88		
GSE34156_UNTREATED_VS_24H_NOD2_AND_TLR1_TLR2_LIGAND_TREATED_MONOCYTE_UP	194	88		
GSE34156_NOD2_LIGAND_VS_NOD2_AND_TLR1_TLR2_LIGAND_24H_TREATED_MONOCYTE_DN	195	135		
GSE34156_TLR1_TLR2_LIGAND_VS_NOD2_AND_TLR1_TLR2_LIGAND_24H_TREATED_MONOCYTE_UP	197	91		
GSE34156_NOD2_LIGAND_VS_TLR1_TLR2_LIGAND_24H_TREATED_MONOCYTE_DN	196	138		
GSE34156_NOD2_LIGAND_VS_NOD2_AND_TLR1_TLR2_LIGAND_24H_TREATED_MONOCYTE_UP	191	77		
GSE34156_TLR1_TLR2_LIGAND_VS_NOD2_AND_TLR1_TLR2_LIGAND_6H_TREATED_MONOCYTE_DN	184	58		
GSE34156_UNTREATED_VS_24H_NOD2_LIGAND_TREATED_MONOCYTE_UP	191	84		
GSE34156_UNTREATED_VS_24H_NOD2_LIGAND_TREATED_MONOCYTE_DN	200	103		
GSE34156_UNTREATED_VS_24H_TLR1_TLR2_LIGAND_TREATED_MONOCYTE_UP	194	81		
GSE34156_UNTREATED_VS_24H_TLR1_TLR2_LIGAND_TREATED_MONOCYTE_DN	196	126		
GSE34156_NOD2_LIGAND_VS_TLR1_TLR2_LIGAND_6H_TREATED_MONOCYTE_DN	197	85		
GSE34156_NOD2_LIGAND_VS_NOD2_AND_TLR1_TLR2_LIGAND_6H_TREATED_MONOCYTE_UP	196	131		
GSE34156_NOD2_LIGAND_VS_NOD2_AND_TLR1_TLR2_LIGAND_6H_TREATED_MONOCYTE_DN	200	111		
GSE34156_NOD2_LIGAND_VS_TLR1_TLR2_LIGAND_6H_TREATED_MONOCYTE_UP	200	153		
GSE34156_TLR1_TLR2_LIGAND_VS_NOD2_AND_TLR1_TLR2_LIGAND_24H_TREATED_MONOCYTE_DN	200	101		
GSE34156_TLR1_TLR2_LIGAND_VS_NOD2_AND_TLR1_TLR2_LIGAND_6H_TREATED_MONOCYTE_UP	200	100		
GSE30971_2H_VS_4H_LPS_STIM_MACROPHAGE_WBP7_KO_DN	200	94		
GSE30971_WBP7_HET_VS_KO_MACROPHAGE_UP	200	126		
GSE30971_2H_VS_4H_LPS_STIM_MACROPHAGE_WBP7_KO_UP	200	112		
GSE30971_CTRL_VS_LPS_STIM_MACROPHAGE_WBP7_HET_4H_UP	200	148		
GSE30971_CTRL_VS_LPS_STIM_MACROPHAGE_WBP7_HET_4H_DN	199	142		
GSE30971_CTRL_VS_LPS_STIM_MACROPHAGE_WBP7_HET_2H_UP	195	111		
GSE30971_CTRL_VS_LPS_STIM_MACROPHAGE_WBP7_HET_2H_DN	199	132		
GSE30971_CTRL_VS_LPS_STIM_MACROPHAGE_WBP7_KO_2H_UP	196	103		
GSE30971_CTRL_VS_LPS_STIM_MACROPHAGE_WBP7_KO_2H_DN	198	139		
GSE30971_CTRL_VS_LPS_STIM_MACROPHAGE_WBP7_KO_4H_UP	196	108		
GSE30971_CTRL_VS_LPS_STIM_MACROPHAGE_WBP7_KO_4H_DN	196	116		
GSE30971_WBP7_HET_VS_KO_MACROPHAGE_DN	199	101		
GSE30971_WBP7_HET_VS_KO_MACROPHAGE_2H_LPS_STIM_UP	200	131		
GSE30971_WBP7_HET_VS_KO_MACROPHAGE_2H_LPS_STIM_DN	198	110		
GSE30971_2H_VS_4H_LPS_STIM_MACROPHAGE_WBP7_HET_UP	195	121		
GSE30971_2H_VS_4H_LPS_STIM_MACROPHAGE_WBP7_HET_DN	193	55		
GSE30971_WBP7_HET_VS_KO_MACROPHAGE_4H_LPS_STIM_DN	197	110		
GSE30971_WBP7_HET_VS_KO_MACROPHAGE_4H_LPS_STIM_UP	199	122		
GSE36888_STAT5_AB_KNOCKIN_VS_WT_TCELL_IL2_TREATED_2H_UP	198	110		
GSE36888_UNTREATED_VS_IL2_TREATED_STAT5_AB_KNOCKIN_TCELL_2H_UP	200	111		
GSE36888_UNTREATED_VS_IL2_TREATED_TCELL_17H_UP	199	120		
GSE36888_UNTREATED_VS_IL2_TREATED_TCELL_17H_DN	200	97		
GSE36888_UNTREATED_VS_IL2_TREATED_TCELL_2H_DN	199	99		
GSE36888_UNTREATED_VS_IL2_TREATED_STAT5_AB_KNOCKIN_TCELL_6H_UP	194	99		
GSE36888_UNTREATED_VS_IL2_TREATED_STAT5_AB_KNOCKIN_TCELL_6H_DN	200	147		
GSE36888_UNTREATED_VS_IL2_TREATED_TCELL_6H_UP	195	106		
GSE36888_UNTREATED_VS_IL2_TREATED_TCELL_6H_DN	199	147		
GSE36888_UNTREATED_VS_IL2_TREATED_STAT5_AB_KNOCKIN_TCELL_17H_UP	190	104		
GSE36888_UNTREATED_VS_IL2_TREATED_STAT5_AB_KNOCKIN_TCELL_17H_DN	199	141		
GSE36888_STAT5_AB_KNOCKIN_VS_WT_TCELL_IL2_TREATED_6H_UP	199	139		
GSE36888_STAT5_AB_KNOCKIN_VS_WT_TCELL_IL2_TREATED_6H_DN	200	156		
GSE36888_STAT5_AB_KNOCKIN_VS_WT_TCELL_IL2_TREATED_17H_UP	199	175		
GSE36888_STAT5_AB_KNOCKIN_VS_WT_TCELL_IL2_TREATED_2H_DN	198	103		
GSE36888_UNTREATED_VS_IL2_TREATED_TCELL_2H_UP	197	140		
GSE36888_STAT5_AB_KNOCKIN_VS_WT_TCELL_IL2_TREATED_17H_DN	197	121		
GSE36888_UNTREATED_VS_IL2_TREATED_STAT5_AB_KNOCKIN_TCELL_2H_DN	196	130		
GSE34515_CD16_NEG_MONOCYTE_VS_DC_UP	199	135		
GSE34515_CD16_NEG_VS_POS_MONOCYTE_DN	199	135		
GSE34515_CD16_POS_MONOCYTE_VS_DC_DN	200	140		
GSE34515_CD16_NEG_VS_POS_MONOCYTE_UP	200	107		
GSE34515_CD16_POS_MONOCYTE_VS_DC_UP	200	166		
GSE34515_CD16_NEG_MONOCYTE_VS_DC_DN	200	161		
GSE36009_UNSTIM_VS_LPS_STIM_NLRP10_KO_DC_UP	198	155		
GSE36009_UNSTIM_VS_LPS_STIM_NLRP10_KO_DC_DN	198	142		
GSE36009_WT_VS_NLRP10_KO_DC_LPS_STIM_UP	199	164		
GSE36009_WT_VS_NLRP10_KO_DC_LPS_STIM_DN	199	141		
GSE36009_UNSTIM_VS_LPS_STIM_DC_DN	200	170		
GSE36009_WT_VS_NLRP10_KO_DC_UP	200	141		
GSE36009_WT_VS_NLRP10_KO_DC_DN	199	164		
GSE36009_UNSTIM_VS_LPS_STIM_DC_UP	200	118		
GSE36891_UNSTIM_VS_POLYIC_TLR3_STIM_PERITONEAL_MACROPHAGE_DN	200	149		
GSE36891_UNSTIM_VS_PAM_TLR2_STIM_PERITONEAL_MACROPHAGE_UP	200	157		
GSE36891_POLYIC_TLR3_VS_PAM_TLR2_STIM_PERITONEAL_MACROPHAGE_DN	161	120		
GSE36891_UNSTIM_VS_POLYIC_TLR3_STIM_PERITONEAL_MACROPHAGE_UP	149	67		
GSE36891_UNSTIM_VS_PAM_TLR2_STIM_PERITONEAL_MACROPHAGE_DN	157	127		
GSE36891_POLYIC_TLR3_VS_PAM_TLR2_STIM_PERITONEAL_MACROPHAGE_UP	153	77		
GSE37605_FOXP3_FUSION_GFP_VS_IRES_GFP_TREG_C57BL6_DN	176	90		
GSE37605_TREG_VS_TCONV_C57BL6_FOXP3_IRES_GFP_UP	126	26		
GSE37605_FOXP3_FUSION_GFP_VS_IRES_GFP_TREG_C57BL6_UP	185	102		
GSE37605_TREG_VS_TCONV_C57BL6_FOXP3_FUSION_GFP_UP	135	54		
GSE37605_TREG_VS_TCONV_C57BL6_FOXP3_FUSION_GFP_DN	177	111		
GSE37605_TREG_VS_TCONV_NOD_FOXP3_FUSION_GFP_UP	150	68		
GSE37605_TREG_VS_TCONV_NOD_FOXP3_FUSION_GFP_DN	170	107		
GSE37605_C57BL6_VS_NOD_FOXP3_FUSION_GFP_TREG_UP	121		Rejected!	
GSE37605_C57BL6_VS_NOD_FOXP3_FUSION_GFP_TREG_DN	191	122		
GSE37605_C57BL6_VS_NOD_FOXP3_IRES_GFP_TREG_UP	131	24		
GSE37605_C57BL6_VS_NOD_FOXP3_IRES_GFP_TREG_DN	199	126		
GSE37605_FOXP3_FUSION_GFP_VS_IRES_GFP_TREG_NOD_UP	200	167		
GSE37605_TREG_VS_TCONV_C57BL6_FOXP3_IRES_GFP_DN	152	121		
GSE37605_NOD_VS_C57BL6_IRES_GFP_TREG_UP	159	101		
GSE37605_NOD_VS_C57BL6_IRES_GFP_TREG_DN	153	100		
GSE37605_C57BL6_VS_NOD_FOXP3_IRES_GFP_TCONV_UP	143	86		
GSE37605_FOXP3_FUSION_GFP_VS_IRES_GFP_TREG_NOD_DN	171	122		
GSE37605_C57BL6_VS_NOD_FOXP3_FUSION_GFP_TCONV_UP	167	129		
GSE37605_C57BL6_VS_NOD_FOXP3_FUSION_GFP_TCONV_DN	186	156		
GSE37605_C57BL6_VS_NOD_FOXP3_IRES_GFP_TCONV_DN	162	114		
GSE37301_HEMATOPOIETIC_STEM_CELL_VS_LYMPHOID_PRIMED_MPP_UP	179	153		
GSE37301_HEMATOPOIETIC_STEM_CELL_VS_LYMPHOID_PRIMED_MPP_DN	171	124		
GSE37301_HEMATOPOIETIC_STEM_CELL_VS_MULTIPOTENT_PROGENITOR_DN	165	117		
GSE37301_GRANULOCYTE_MONOCYTE_PROGENITOR_VS_RAG2_KO_NK_CELL_UP	183	145		
GSE37301_GRANULOCYTE_MONOCYTE_PROGENITOR_VS_RAG2_KO_NK_CELL_DN	200	151		
GSE37301_HEMATOPOIETIC_STEM_CELL_VS_MULTIPOTENT_PROGENITOR_UP	200	106		
GSE37301_MULTIPOTENT_PROGENITOR_VS_COMMON_LYMPHOID_PROGENITOR_DN	200	148		
GSE37301_MULTIPOTENT_PROGENITOR_VS_PRO_BCELL_UP	200	115		
GSE37301_RAG2_KO_VS_RAG2_AND_ETS1_KO_NK_CELL_UP	200	117		
GSE37301_RAG2_KO_VS_RAG2_AND_ETS1_KO_NK_CELL_DN	200	138		
GSE37301_MULTIPOTENT_PROGENITOR_VS_CD4_TCELL_DN	200	143		
GSE37301_MULTIPOTENT_PROGENITOR_VS_GRAN_MONO_PROGENITOR_UP	199	118		
GSE37301_MULTIPOTENT_PROGENITOR_VS_GRAN_MONO_PROGENITOR_DN	200	139		
GSE37301_MULTIPOTENT_PROGENITOR_VS_RAG2_KO_NK_CELL_UP	200	130		
GSE37301_MULTIPOTENT_PROGENITOR_VS_RAG2_KO_NK_CELL_DN	200	147		
GSE37301_LYMPHOID_PRIMED_MPP_VS_COMMON_LYMPHOID_PROGENITOR_UP	200	123		
GSE37301_LYMPHOID_PRIMED_MPP_VS_COMMON_LYMPHOID_PROGENITOR_DN	200	146		
GSE37301_LYMPHOID_PRIMED_MPP_VS_PRO_BCELL_UP	200	132		
GSE37301_LYMPHOID_PRIMED_MPP_VS_PRO_BCELL_DN	196	85		
GSE37301_LYMPHOID_PRIMED_MPP_VS_CD4_TCELL_UP	196	76		
GSE37301_LYMPHOID_PRIMED_MPP_VS_CD4_TCELL_DN	198	160		
GSE37301_LYMPHOID_PRIMED_MPP_VS_GRAN_MONO_PROGENITOR_UP	200	154		
GSE37301_LYMPHOID_PRIMED_MPP_VS_GRAN_MONO_PROGENITOR_DN	198	165		
GSE37301_LYMPHOID_PRIMED_MPP_VS_RAG2_KO_NK_CELL_UP	199	157		
GSE37301_LYMPHOID_PRIMED_MPP_VS_RAG2_KO_NK_CELL_DN	194	66		
GSE37301_COMMON_LYMPHOID_PROGENITOR_VS_PRO_BCELL_UP	198	96		
GSE37301_COMMON_LYMPHOID_PROGENITOR_VS_PRO_BCELL_DN	199	160		
GSE37301_COMMON_LYMPHOID_PROGENITOR_VS_CD4_TCELL_UP	200	135		
GSE37301_COMMON_LYMPHOID_PROGENITOR_VS_CD4_TCELL_DN	199	149		
GSE37301_COMMON_LYMPHOID_PROGENITOR_VS_GRAN_MONO_PROGENITOR_UP	200	140		
GSE37301_COMMON_LYMPHOID_PROGENITOR_VS_GRAN_MONO_PROGENITOR_DN	196	100		
GSE37301_COMMON_LYMPHOID_PROGENITOR_VS_RAG2_KO_NK_CELL_UP	195	92		
GSE37301_COMMON_LYMPHOID_PROGENITOR_VS_RAG2_KO_NK_CELL_DN	198	103		
GSE37301_HEMATOPOIETIC_STEM_CELL_VS_COMMON_LYMPHOID_PROGENITOR_UP	196	101		
GSE37301_HEMATOPOIETIC_STEM_CELL_VS_COMMON_LYMPHOID_PROGENITOR_DN	200	120		
GSE37301_HEMATOPOIETIC_STEM_CELL_VS_PRO_BCELL_UP	198	102		
GSE37301_HEMATOPOIETIC_STEM_CELL_VS_PRO_BCELL_DN	171	142		
GSE37301_HEMATOPOIETIC_STEM_CELL_VS_CD4_TCELL_UP	173	122		
GSE37301_HEMATOPOIETIC_STEM_CELL_VS_CD4_TCELL_DN	147	47		
GSE37301_HEMATOPOIETIC_STEM_CELL_VS_GRAN_MONO_PROGENITOR_UP	162	125		
GSE37301_HEMATOPOIETIC_STEM_CELL_VS_GRAN_MONO_PROGENITOR_DN	176	143		
GSE37301_HEMATOPOIETIC_STEM_CELL_VS_RAG2_KO_NK_CELL_UP	174	153		
GSE37301_HEMATOPOIETIC_STEM_CELL_VS_RAG2_KO_NK_CELL_DN	183	159		
GSE37301_MULTIPOTENT_PROGENITOR_VS_LYMPHOID_PRIMED_MPP_UP	158	130		
GSE37301_MULTIPOTENT_PROGENITOR_VS_LYMPHOID_PRIMED_MPP_DN	181	142		
GSE37301_MULTIPOTENT_PROGENITOR_VS_COMMON_LYMPHOID_PROGENITOR_UP	168	152		
GSE37301_PRO_BCELL_VS_GRANULOCYTE_MONOCYTE_PROGENITOR_DN	175	139		
GSE37301_PRO_BCELL_VS_CD4_TCELL_UP	170	151		
GSE37301_MULTIPOTENT_PROGENITOR_VS_PRO_BCELL_DN	179	141		
GSE37301_MULTIPOTENT_PROGENITOR_VS_CD4_TCELL_UP	172	141		
GSE37301_CD4_TCELL_VS_GRANULOCYTE_MONOCYTE_PROGENITOR_DN	180	156		
GSE37301_PRO_BCELL_VS_RAG2_KO_NK_CELL_UP	182	133		
GSE37301_PRO_BCELL_VS_RAG2_KO_NK_CELL_DN	179	156		
GSE37301_CD4_TCELL_VS_GRANULOCYTE_MONOCYTE_PROGENITOR_UP	162	122		
GSE37301_PRO_BCELL_VS_GRANULOCYTE_MONOCYTE_PROGENITOR_UP	146	105		
GSE37301_CD4_TCELL_VS_RAG2_KO_NK_CELL_UP	163	85		
GSE37301_CD4_TCELL_VS_RAG2_KO_NK_CELL_DN	180	148		
GSE37301_PRO_BCELL_VS_CD4_TCELL_DN	165	108		
GSE32255_WT_UNSTIM_VS_JMJD2D_KNOCKDOWN_4H_LPS_STIM_DC_UP	175	155		
GSE32255_WT_UNSTIM_VS_JMJD2D_KNOCKDOWN_4H_LPS_STIM_DC_DN	173	135		
GSE32255_WT_VS_JMJD2D_KNOCKDOWN_4H_LPS_STIM_DC_DN	156	120		
GSE32255_UNSTIM_VS_4H_LPS_STIM_DC_DN	154	119		
GSE32255_WT_VS_JMJD2D_KNOCKDOWN_4H_LPS_STIM_DC_UP	155	109		
GSE32255_UNSTIM_VS_4H_LPS_STIM_DC_UP	186	156		
GSE34217_MIR17_92_OVEREXPRESS_VS_WT_ACT_CD8_TCELL_DN	137	86		
GSE34217_MIR17_92_OVEREXPRESS_VS_WT_ACT_CD8_TCELL_UP	136	63		
GSE37319_WT_VS_RC3H1_KO_CD44LOW_CD8_TCELL_UP	149	80		
GSE37319_WT_VS_RC3H1_KO_CD44LOW_CD8_TCELL_DN	139	68		
GSE32901_TH1_VS_TH17_ENRICHED_CD4_TCELL_DN	156	115		
GSE32901_TH1_VS_TH17_NEG_CD4_TCELL_UP	131	68		
GSE32901_TH1_VS_TH17_NEG_CD4_TCELL_DN	124	54		
GSE32901_TH1_VS_TH17_ENRICHED_CD4_TCELL_UP	174	144		
GSE32901_NAIVE_VS_TH1_CD4_TCELL_DN	169	120		
GSE32901_NAIVE_VS_TH17_ENRICHED_CD4_TCELL_UP	154	104		
GSE32901_NAIVE_VS_TH17_ENRICHED_CD4_TCELL_DN	178	150		
GSE32901_TH17_EMRICHED_VS_TH17_NEG_CD4_TCELL_UP	128	45		
GSE32901_NAIVE_VS_TH17_NEG_CD4_TCELL_DN	125	48		
GSE32901_TH17_EMRICHED_VS_TH17_NEG_CD4_TCELL_DN	173	157		
GSE32901_NAIVE_VS_TH17_NEG_CD4_TCELL_UP	171	134		
GSE32901_NAIVE_VS_TH1_CD4_TCELL_UP	130	72		
GSE36095_WT_VS_HDAC9_KO_TREG_UP	181	150		
GSE36095_WT_VS_HDAC9_KO_TREG_DN	123	30		
GSE37532_TREG_VS_TCONV_CD4_TCELL_FROM_VISCERAL_ADIPOSE_TISSUE_DN	169	142		
GSE37532_VISCERAL_ADIPOSE_TISSUE_VS_LN_DERIVED_PPARG_KO_TCONV_CD4_TCELL_DN	103	37		
GSE37532_TREG_VS_TCONV_CD4_TCELL_FROM_VISCERAL_ADIPOSE_TISSUE_UP	136		Rejected!	
GSE37532_VISCERAL_ADIPOSE_TISSUE_VS_LN_DERIVED_TREG_CD4_TCELL_UP	169	143		
GSE37532_VISCERAL_ADIPOSE_TISSUE_VS_LN_DERIVED_TREG_CD4_TCELL_DN	155	118		
GSE37532_VISCERAL_ADIPOSE_TISSUE_VS_LN_DERIVED_TCONV_CD4_TCELL_UP	128	51		
GSE37532_VISCERAL_ADIPOSE_TISSUE_VS_LN_DERIVED_TCONV_CD4_TCELL_DN	110		Rejected!	
GSE37532_VISCERAL_ADIPOSE_TISSUE_VS_LN_DERIVED_PPARG_KO_TREG_CD4_TCELL_UP	174	155		
GSE37532_VISCERAL_ADIPOSE_TISSUE_VS_LN_DERIVED_PPARG_KO_TREG_CD4_TCELL_DN	138	93		
GSE37532_VISCERAL_ADIPOSE_TISSUE_VS_LN_DERIVED_PPARG_KO_TCONV_CD4_TCELL_UP	165	147		
GSE37532_WT_VS_PPARG_KO_LN_TREG_UP	176	163		
GSE37532_WT_VS_PPARG_KO_LN_TREG_DN	123		Rejected!	
GSE37532_WT_VS_PPARG_KO_LN_TCONV_UP	200	153		
GSE37532_TREG_VS_TCONV_PPARG_KO_CD4_TCELL_FROM_VISCERAL_ADIPOSE_TISSUE_UP	200	172		
GSE37532_TREG_VS_TCONV_PPARG_KO_CD4_TCELL_FROM_VISCERAL_ADIPOSE_TISSUE_DN	199	155		
GSE37532_TREG_VS_TCONV_CD4_TCELL_FROM_LN_UP	200	162		
GSE37532_TREG_VS_TCONV_CD4_TCELL_FROM_LN_DN	200	163		
GSE37532_TREG_VS_TCONV_PPARG_KO_CD4_TCELL_FROM_LN_UP	200	171		
GSE37532_TREG_VS_TCONV_PPARG_KO_CD4_TCELL_FROM_LN_DN	199	173		
GSE37532_WT_VS_PPARG_KO_VISCERAL_ADIPOSE_TISSUE_TREG_UP	199	160		
GSE37532_WT_VS_PPARG_KO_VISCERAL_ADIPOSE_TISSUE_TREG_DN	200	144		
GSE37532_WT_VS_PPARG_KO_VISCERAL_ADIPOSE_TISSUE_TCONV_UP	199	136		
GSE37532_WT_VS_PPARG_KO_VISCERAL_ADIPOSE_TISSUE_TCONV_DN	200	160		
GSE37533_PPARG1_FOXP3_VS_FOXP3_TRANSDUCED_CD4_TCELL_DN	200	133		
GSE37533_PPARG2_FOXP3_VS_FOXP3_TRANSDUCED_CD4_TCELL_UP	200	146		
GSE37533_PPARG2_FOXP3_VS_FOXP3_TRANSDUCED_CD4_TCELL_DN	198	125		
GSE37533_PPARG1_FOXP3_VS_PPARG2_FOXP3_TRANSDUCED_CD4_TCELL_PIOGLITAZONE_TREATED_UP	196	110		
GSE37533_PPARG1_FOXP3_VS_PPARG2_FOXP3_TRANSDUCED_CD4_TCELL_PIOGLITAZONE_TREATED_DN	199	132		
GSE37533_PPARG1_FOXP3_VS_FOXP3_TRANSDUCED_CD4_TCELL_PIOGLITAZONE_TREATED_UP	200	132		
GSE37533_PPARG1_FOXP3_VS_FOXP3_TRANSDUCED_CD4_TCELL_PIOGLITAZONE_TREATED_DN	199	153		
GSE37533_PPARG2_FOXP3_VS_FOXP3_TRANSDUCED_CD4_TCELL_PIOGLITAZONE_TREATED_UP	200	95		
GSE37533_PPARG2_FOXP3_VS_FOXP3_TRANSDUCED_CD4_TCELL_PIOGLITAZONE_TREATED_DN	198	128		
GSE37534_UNTREATED_VS_GW1929_TREATED_CD4_TCELL_PPARG1_AND_FOXP3_TRASDUCED_UP	199	116		
GSE37534_UNTREATED_VS_GW1929_TREATED_CD4_TCELL_PPARG1_AND_FOXP3_TRASDUCED_DN	199	159		
GSE37534_UNTREATED_VS_PIOGLITAZONE_TREATED_CD4_TCELL_PPARG1_AND_FOXP3_TRASDUCED_UP	196	125		
GSE37534_UNTREATED_VS_PIOGLITAZONE_TREATED_CD4_TCELL_PPARG1_AND_FOXP3_TRASDUCED_DN	199	147		
GSE37534_UNTREATED_VS_ROSIGLITAZONE_TREATED_CD4_TCELL_PPARG1_AND_FOXP3_TRASDUCED_UP	196	111		
GSE37534_UNTREATED_VS_ROSIGLITAZONE_TREATED_CD4_TCELL_PPARG1_AND_FOXP3_TRASDUCED_DN	199	131		
GSE37534_GW1929_VS_PIOGLITAZONE_TREATED_CD4_TCELL_PPARG1_FOXP3_TRANSDUCED_UP	198	93		
GSE37534_GW1929_VS_PIOGLITAZONE_TREATED_CD4_TCELL_PPARG1_FOXP3_TRANSDUCED_DN	200	154		
GSE37534_GW1929_VS_ROSIGLITAZONE_TREATED_CD4_TCELL_PPARG1_FOXP3_TRANSDUCED_UP	167	107		
GSE37534_GW1929_VS_ROSIGLITAZONE_TREATED_CD4_TCELL_PPARG1_FOXP3_TRANSDUCED_DN	164	143		
GSE37534_PIOGLITAZONE_VS_ROSIGLITAZONE_TREATED_CD4_TCELL_PPARG1_FOXP3_TRANSDUCED_UP	184	159		
GSE37534_PIOGLITAZONE_VS_ROSIGLITAZONE_TREATED_CD4_TCELL_PPARG1_FOXP3_TRANSDUCED_DN	165	97		
GSE37533_UNTREATED_VS_PIOGLIZATONE_TREATED_CD4_TCELL_PPARG2_AND_FOXP3_TRASDUCED_DN	158	137		
GSE37533_UNTREATED_VS_PIOGLIZATONE_TREATED_CD4_TCELL_FOXP3_TRASDUCED_CD4_TCELL_UP	170	91		
GSE37533_UNTREATED_VS_PIOGLIZATONE_TREATED_CD4_TCELL_FOXP3_TRASDUCED_CD4_TCELL_DN	162	97		
GSE37533_PPARG1_FOXP3_VS_PPARG2_FOXP3_TRANSDUCED_CD4_TCELL_UP	177	156		
GSE37533_PPARG1_FOXP3_VS_PPARG2_FOXP3_TRANSDUCED_CD4_TCELL_DN	200	161		
GSE37533_PPARG1_FOXP3_VS_FOXP3_TRANSDUCED_CD4_TCELL_UP	200	141		
GSE37533_UNTREATED_VS_PIOGLIZATONE_TREATED_CD4_TCELL_PPARG1_AND_FOXP3_TRASDUCED_UP	199	122		
GSE37533_UNTREATED_VS_PIOGLIZATONE_TREATED_CD4_TCELL_PPARG1_AND_FOXP3_TRASDUCED_DN	200	149		
GSE37533_UNTREATED_VS_PIOGLIZATONE_TREATED_CD4_TCELL_PPARG2_AND_FOXP3_TRASDUCED_UP	144	75		
GSE37532_WT_VS_PPARG_KO_LN_TCONV_DN	185	154		
GSE38696_LIGHT_ZONE_VS_DARK_ZONE_BCELL_UP	184	169		
GSE38696_LIGHT_ZONE_VS_DARK_ZONE_BCELL_DN	138	62		
GSE38697_LIGHT_ZONE_VS_DARK_ZONE_BCELL_UP	174	151		
GSE38697_LIGHT_ZONE_VS_DARK_ZONE_BCELL_DN	130	19		
GSE37563_WT_VS_CTLA4_KO_CD4_TCELL_D4_POST_IMMUNIZATION_DN	183	156		
GSE37563_WT_VS_CTLA4_KO_CD4_TCELL_D4_POST_IMMUNIZATION_UP	165	105		
GSE39022_LN_VS_SPLEEN_DC_UP	199	143		
GSE39022_LN_VS_SPLEEN_DC_DN	198	165		
GSE38681_WT_VS_LYL1_KO_LYMPHOID_PRIMED_MULTIPOTENT_PROGENITOR_UP	199	149		
GSE38681_WT_VS_LYL1_KO_LYMPHOID_PRIMED_MULTIPOTENT_PROGENITOR_DN	200	166		
GSE36527_CD62L_HIGH_VS_CD62L_LOW_TREG_CD69_NEG_KLRG1_NEG_DN	199	106		
GSE36527_CD62L_HIGH_VS_CD62L_LOW_TREG_CD69_NEG_KLRG1_NEG_UP	200	158		
GSE36527_CD62L_HIGH_CD69_NEG_VS_CD62L_LOW_CD69_POS_TREG_KLRG1_NEG_UP	199	133		
GSE36527_CD62L_HIGH_CD69_NEG_VS_CD62L_LOW_CD69_POS_TREG_KLRG1_NEG_DN	200	118		
GSE36527_CD69_NEG_VS_POS_TREG_CD62L_LOS_KLRG1_NEG_DN	200	172		
GSE36527_CD69_NEG_VS_POS_TREG_CD62L_LOS_KLRG1_NEG_UP	200	152		
GSE33162_UNTREATED_VS_4H_LPS_STIM_HDAC3_HET_MACROPHAGE_DN	199	148		
GSE33162_UNTREATED_VS_4H_LPS_STIM_HDAC3_KO_MACROPHAGE_UP	200	178		
GSE33162_UNTREATED_VS_4H_LPS_STIM_HDAC3_HET_MACROPHAGE_UP	198	152		
GSE33162_UNTREATED_VS_4H_LPS_STIM_HDAC3_KO_MACROPHAGE_DN	200	179		
GSE33162_HDAC3_KO_VS_HDAC3_KO_MACROPHAGE_UP	199	128		
GSE33162_HDAC3_KO_VS_HDAC3_KO_MACROPHAGE_DN	200	163		
GSE33162_HDAC3_KO_VS_HDAC3_KO_4H_LPS_STIM_MACROPHAGE_DN	200	72		
GSE33162_HDAC3_KO_VS_HDAC3_KO_4H_LPS_STIM_MACROPHAGE_UP	200	177		
GSE34006_WT_VS_A2AR_KO_TREG_DN	200	146		
GSE34006_UNTREATED_VS_A2AR_AGONIST_TREATED_TREG_UP	200	167		
GSE34006_WT_VS_A2AR_KO_TREG_UP	200	119		
GSE34006_A2AR_KO_VS_A2AR_AGONIST_TREATED_TREG_DN	200	162		
GSE34006_UNTREATED_VS_A2AR_AGONIST_TREATED_TREG_DN	200	149		
GSE34006_A2AR_KO_VS_A2AR_AGONIST_TREATED_TREG_UP	200	166		
GSE32034_LY6C_HIGH_VS_LOW_MONOCYTE_UP	200	113		
GSE32034_LY6C_HIGH_VS_LOW_MONOCYTE_DN	200	174		
GSE32034_UNTREATED_VS_ROSIGLIZATONE_TREATED_LY6C_LOW_MONOCYTE_UP	192	66		
GSE32034_UNTREATED_VS_ROSIGLIZATONE_TREATED_LY6C_LOW_MONOCYTE_DN	198	94		
GSE32034_LY6C_HIGH_VS_LOW_ROSIGLIZATONE_TREATED_MONOCYTE_UP	200	145		
GSE32034_UNTREATED_VS_ROSIGLIZATONE_TREATED_LY6C_HIGH_MONOCYTE_UP	200	123		
GSE32034_UNTREATED_VS_ROSIGLIZATONE_TREATED_LY6C_HIGH_MONOCYTE_DN	199	149		
GSE32034_LY6C_HIGH_VS_LOW_ROSIGLIZATONE_TREATED_MONOCYTE_DN	200	131		
GSE39864_WT_VS_GATA3_KO_TREG_DN	200	167		
GSE39864_WT_VS_GATA3_KO_TREG_UP	200	119		
GSE39152_SPLEEN_CD103_NEG_VS_BRAIN_CD103_POS_MEMORY_CD8_TCELL_DN	200	105		
GSE39152_BRAIN_VS_SPLEEN_CD103_NEG_MEMORY_CD8_TCELL_DN	200	157		
GSE39152_CD103_NEG_VS_POS_MEMORY_CD8_TCELL_UP	200	144		
GSE39152_CD103_NEG_VS_POS_MEMORY_CD8_TCELL_DN	200	139		
GSE39152_BRAIN_VS_SPLEEN_CD103_NEG_MEMORY_CD8_TCELL_UP	200	159		
GSE39152_SPLEEN_CD103_NEG_VS_BRAIN_CD103_POS_MEMORY_CD8_TCELL_UP	200	131		
GSE35685_CD34POS_CD38NEG_VS_CD34POS_CD10POS_BONE_MARROW_UP	199	140		
GSE35685_CD34POS_CD38NEG_VS_CD34POS_CD10POS_BONE_MARROW_DN	200	149		
GSE35685_CD34POS_CD10NEG_CD62LPOS_VS_CD34POS_CD10POS_BONE_MARROW_UP	200	170		
GSE35685_CD34POS_CD10NEG_CD62LPOS_VS_CD34POS_CD10POS_BONE_MARROW_DN	200	142		
GSE35685_CD34POS_CD38NEG_VS_CD34POS_CD10NEG_CD62LPOS_BONE_MARROW_UP	200	167		
GSE35685_CD34POS_CD38NEG_VS_CD34POS_CD10NEG_CD62LPOS_BONE_MARROW_DN	200	122		
GSE40274_CTRL_VS_IRF4_TRANSDUCED_ACTIVATED_CD4_TCELL_UP	162	110		
GSE40274_CTRL_VS_IRF4_TRANSDUCED_ACTIVATED_CD4_TCELL_DN	166	128		
GSE40274_CTRL_VS_SATB1_TRANSDUCED_ACTIVATED_CD4_TCELL_UP	169	129		
GSE40274_CTRL_VS_SATB1_TRANSDUCED_ACTIVATED_CD4_TCELL_DN	172	128		
GSE40274_CTRL_VS_LEF1_TRANSDUCED_ACTIVATED_CD4_TCELL_UP	171	121		
GSE40274_CTRL_VS_LEF1_TRANSDUCED_ACTIVATED_CD4_TCELL_DN	170	130		
GSE40274_CTRL_VS_XBP1_TRANSDUCED_ACTIVATED_CD4_TCELL_UP	171	119		
GSE40274_CTRL_VS_XBP1_TRANSDUCED_ACTIVATED_CD4_TCELL_DN	165	135		
GSE40274_CTRL_VS_GATA1_TRANSDUCED_ACTIVATED_CD4_TCELL_UP	148	89		
GSE40274_CTRL_VS_GATA1_TRANSDUCED_ACTIVATED_CD4_TCELL_DN	174	125		
GSE40274_CTRL_VS_HELIOS_TRANSDUCED_ACTIVATED_CD4_TCELL_UP	165	126		
GSE40274_CTRL_VS_HELIOS_TRANSDUCED_ACTIVATED_CD4_TCELL_DN	179	129		
GSE40274_CTRL_VS_FOXP3_AND_EOS_TRANSDUCED_ACTIVATED_CD4_TCELL_UP	169	114		
GSE40274_CTRL_VS_FOXP3_AND_EOS_TRANSDUCED_ACTIVATED_CD4_TCELL_DN	160	110		
GSE40274_CTRL_VS_FOXP3_AND_PBX1_TRANSDUCED_ACTIVATED_CD4_TCELL_UP	165	113		
GSE40274_CTRL_VS_FOXP3_AND_PBX1_TRANSDUCED_ACTIVATED_CD4_TCELL_DN	164	108		
GSE40274_CTRL_VS_FOXP3_AND_GATA1_TRANSDUCED_ACTIVATED_CD4_TCELL_UP	141	90		
GSE40274_CTRL_VS_FOXP3_AND_GATA1_TRANSDUCED_ACTIVATED_CD4_TCELL_DN	150	78		
GSE40274_CTRL_VS_FOXP3_AND_LEF1_TRANSDUCED_ACTIVATED_CD4_TCELL_UP	165	116		
GSE40274_CTRL_VS_FOXP3_AND_LEF1_TRANSDUCED_ACTIVATED_CD4_TCELL_DN	169	119		
GSE40274_CTRL_VS_FOXP3_AND_IRF4_TRANSDUCED_ACTIVATED_CD4_TCELL_UP	160	94		
GSE40274_CTRL_VS_FOXP3_AND_IRF4_TRANSDUCED_ACTIVATED_CD4_TCELL_DN	164	105		
GSE40274_CTRL_VS_FOXP3_AND_SATB1_TRANSDUCED_ACTIVATED_CD4_TCELL_UP	166	141		
GSE40274_CTRL_VS_FOXP3_AND_SATB1_TRANSDUCED_ACTIVATED_CD4_TCELL_DN	163	60		
GSE40274_CTRL_VS_FOXP3_AND_XBP1_TRANSDUCED_ACTIVATED_CD4_TCELL_UP	167	133		
GSE40274_CTRL_VS_FOXP3_AND_XBP1_TRANSDUCED_ACTIVATED_CD4_TCELL_DN	156	106		
GSE40274_CTRL_VS_FOXP3_AND_HELIOS_TRANSDUCED_ACTIVATED_CD4_TCELL_UP	197	161		
GSE40274_CTRL_VS_FOXP3_AND_HELIOS_TRANSDUCED_ACTIVATED_CD4_TCELL_DN	200	166		
GSE40274_FOXP3_VS_FOXP3_AND_EOS_TRANSDUCED_ACTIVATED_CD4_TCELL_UP	200	158		
GSE40274_FOXP3_VS_FOXP3_AND_EOS_TRANSDUCED_ACTIVATED_CD4_TCELL_DN	200	150		
GSE40273_XBP1_KO_VS_WT_TREG_UP	200	159		
GSE40273_XBP1_KO_VS_WT_TREG_DN	199	134		
GSE40273_EOS_KO_VS_WT_TREG_UP	200	168		
GSE40273_EOS_KO_VS_WT_TREG_DN	199	146		
GSE40273_GATA1_KO_VS_WT_TREG_UP	200	168		
GSE40273_GATA1_KO_VS_WT_TREG_DN	199	165		
GSE40274_CTRL_VS_FOXP3_TRANSDUCED_ACTIVATED_CD4_TCELL_UP	200	168		
GSE40274_CTRL_VS_FOXP3_TRANSDUCED_ACTIVATED_CD4_TCELL_DN	200	162		
GSE40274_CTRL_VS_EOS_TRANSDUCED_ACTIVATED_CD4_TCELL_UP	176	130		
GSE40274_CTRL_VS_EOS_TRANSDUCED_ACTIVATED_CD4_TCELL_DN	150	113		
GSE40274_FOXP3_VS_FOXP3_AND_SATB1_TRANSDUCED_ACTIVATED_CD4_TCELL_UP	135	32		
GSE40274_FOXP3_VS_FOXP3_AND_SATB1_TRANSDUCED_ACTIVATED_CD4_TCELL_DN	180	164		
GSE40274_FOXP3_VS_FOXP3_AND_XBP1_TRANSDUCED_ACTIVATED_CD4_TCELL_UP	150	56		
GSE40274_FOXP3_VS_FOXP3_AND_XBP1_TRANSDUCED_ACTIVATED_CD4_TCELL_DN	159	137		
GSE40274_FOXP3_VS_FOXP3_AND_HELIOS_TRANSDUCED_ACTIVATED_CD4_TCELL_UP	154	65		
GSE40274_FOXP3_VS_FOXP3_AND_HELIOS_TRANSDUCED_ACTIVATED_CD4_TCELL_DN	143	113		
GSE40274_EOS_VS_FOXP3_AND_EOS_TRANSDUCED_ACTIVATED_CD4_TCELL_UP	153	127		
GSE40274_EOS_VS_FOXP3_AND_EOS_TRANSDUCED_ACTIVATED_CD4_TCELL_DN	121	24		
GSE40274_IRF4_VS_FOXP3_AND_IRF4_TRANSDUCED_ACTIVATED_CD4_TCELL_UP	180	159		
GSE40274_IRF4_VS_FOXP3_AND_IRF4_TRANSDUCED_ACTIVATED_CD4_TCELL_DN	118	31		
GSE40274_SATB1_VS_FOXP3_AND_SATB1_TRANSDUCED_ACTIVATED_CD4_TCELL_UP	169	123		
GSE40274_SATB1_VS_FOXP3_AND_SATB1_TRANSDUCED_ACTIVATED_CD4_TCELL_DN	121	57		
GSE40274_LEF1_VS_FOXP3_AND_LEF1_TRANSDUCED_ACTIVATED_CD4_TCELL_UP	200	163		
GSE40274_LEF1_VS_FOXP3_AND_LEF1_TRANSDUCED_ACTIVATED_CD4_TCELL_DN	199	150		
GSE40274_XBP1_VS_FOXP3_AND_XBP1_TRANSDUCED_ACTIVATED_CD4_TCELL_UP	200	165		
GSE40274_XBP1_VS_FOXP3_AND_XBP1_TRANSDUCED_ACTIVATED_CD4_TCELL_DN	198	163		
GSE40274_GATA1_VS_FOXP3_AND_GATA1_TRANSDUCED_ACTIVATED_CD4_TCELL_UP	200	159		
GSE40274_GATA1_VS_FOXP3_AND_GATA1_TRANSDUCED_ACTIVATED_CD4_TCELL_DN	200	171		
GSE40274_HELIOS_VS_FOXP3_AND_HELIOS_TRANSDUCED_ACTIVATED_CD4_TCELL_UP	200	158		
GSE40274_HELIOS_VS_FOXP3_AND_HELIOS_TRANSDUCED_ACTIVATED_CD4_TCELL_DN	199	158		
GSE40277_EOS_AND_LEF1_TRANSDUCED_VS_GATA1_AND_SATB1_TRANSDUCED_CD4_TCELL_UP	200	157		
GSE40277_EOS_AND_LEF1_TRANSDUCED_VS_GATA1_AND_SATB1_TRANSDUCED_CD4_TCELL_DN	199	169		
GSE40277_EOS_AND_LEF1_TRANSDUCED_VS_CTRL_CD4_TCELL_UP	200	153		
GSE40277_EOS_AND_LEF1_TRANSDUCED_VS_CTRL_CD4_TCELL_DN	199	166		
GSE40277_GATA1_AND_SATB1_TRANSDUCED_VS_CTRL_CD4_TCELL_UP	200	160		
GSE40277_GATA1_AND_SATB1_TRANSDUCED_VS_CTRL_CD4_TCELL_DN	199	144		
GSE40274_FOXP3_VS_FOXP3_AND_IRF4_TRANSDUCED_ACTIVATED_CD4_TCELL_DN	199	154		
GSE40274_FOXP3_VS_FOXP3_AND_GATA1_TRANSDUCED_ACTIVATED_CD4_TCELL_DN	199	145		
GSE40274_FOXP3_VS_FOXP3_AND_PBX1_TRANSDUCED_ACTIVATED_CD4_TCELL_UP	200	153		
GSE40274_FOXP3_VS_FOXP3_AND_PBX1_TRANSDUCED_ACTIVATED_CD4_TCELL_DN	199	144		
GSE40274_FOXP3_VS_FOXP3_AND_GATA1_TRANSDUCED_ACTIVATED_CD4_TCELL_UP	200	73		
GSE40274_FOXP3_VS_FOXP3_AND_LEF1_TRANSDUCED_ACTIVATED_CD4_TCELL_UP	200	152		
GSE40274_FOXP3_VS_FOXP3_AND_LEF1_TRANSDUCED_ACTIVATED_CD4_TCELL_DN	200	128		
GSE40274_FOXP3_VS_FOXP3_AND_IRF4_TRANSDUCED_ACTIVATED_CD4_TCELL_UP	200	148		
GSE40441_NRP1_POS_INDUCED_TREG_VS_NRP1_NEG_NATURAL_TREG_DN	199	129		
GSE40441_NRP1_POS_INDUCED_TREG_VS_NRP1_NEG_NATURAL_TREG_UP	200	129		
GSE40443_INDUCED_VS_TOTAL_TREG_UP	199	159		
GSE40443_INDUCED_VS_TOTAL_TREG_DN	200	152		
GSE40666_NAIVE_VS_EFFECTOR_CD8_TCELL_UP	200	144		
GSE40666_NAIVE_VS_EFFECTOR_CD8_TCELL_DN	200	148		
GSE40666_WT_VS_STAT1_KO_CD8_TCELL_UP	200	166		
GSE40666_WT_VS_STAT1_KO_CD8_TCELL_DN	200	155		
GSE40666_NAIVE_VS_EFFECTOR_CD8_TCELL_WITH_IFNA_STIM_90MIN_UP	200	146		
GSE40666_NAIVE_VS_EFFECTOR_CD8_TCELL_WITH_IFNA_STIM_90MIN_DN	200	160		
GSE40666_WT_VS_STAT1_KO_CD8_TCELL_WITH_IFNA_STIM_90MIN_UP	199	147		
GSE40666_WT_VS_STAT1_KO_CD8_TCELL_WITH_IFNA_STIM_90MIN_DN	200	162		
GSE40666_WT_VS_STAT4_KO_CD8_TCELL_WITH_IFNA_STIM_90MIN_UP	200	157		
GSE40666_WT_VS_STAT4_KO_CD8_TCELL_WITH_IFNA_STIM_90MIN_DN	200	165		
GSE40666_STAT1_KO_VS_STAT4_KO_CD8_TCELL_WITH_IFNA_STIM_90MIN_UP	195	140		
GSE40666_STAT1_KO_VS_STAT4_KO_CD8_TCELL_WITH_IFNA_STIM_90MIN_DN	183	62		
GSE40666_STAT1_KO_VS_STAT4_KO_CD8_TCELL_UP	199	163		
GSE40666_STAT1_KO_VS_STAT4_KO_CD8_TCELL_DN	182	40		
GSE40666_WT_VS_STAT4_KO_CD8_TCELL_DN	199	145		
GSE40666_UNTREATED_VS_IFNA_STIM_CD8_TCELL_90MIN_UP	188	53		
GSE40666_UNTREATED_VS_IFNA_STIM_CD8_TCELL_90MIN_DN	199	161		
GSE40666_WT_VS_STAT4_KO_CD8_TCELL_UP	186	38		
GSE40666_UNTREATED_VS_IFNA_STIM_EFFECTOR_CD8_TCELL_90MIN_DN	199	157		
GSE40666_UNTREATED_VS_IFNA_STIM_STAT1_KO_CD8_TCELL_90MIN_UP	192	88		
GSE40666_UNTREATED_VS_IFNA_STIM_STAT1_KO_CD8_TCELL_90MIN_DN	198	132		
GSE40666_UNTREATED_VS_IFNA_STIM_EFFECTOR_CD8_TCELL_90MIN_UP	200	151		
GSE40666_UNTREATED_VS_IFNA_STIM_STAT4_KO_EFFECTOR_CD8_TCELL_90MIN_DN	199	123		
GSE40666_UNTREATED_VS_IFNA_STIM_STAT4_KO_EFFECTOR_CD8_TCELL_90MIN_UP	200	154		
GSE40225_WT_VS_RIP_B7X_DIABETIC_MOUSE_PANCREATIC_CD8_TCELL_UP	199	129		
GSE40225_WT_VS_RIP_B7X_DIABETIC_MOUSE_PANCREATIC_CD8_TCELL_DN	200	154		
GSE20727_DNFB_ALLERGEN_VS_ROS_INH_AND_DNFB_ALLERGEN_TREATED_DC_UP	196	77		
GSE20727_CTRL_VS_ROS_INHIBITOR_TREATED_DC_DN	199	148		
GSE20727_CTRL_VS_H2O2_TREATED_DC_DN	196	139		
GSE20727_CTRL_VS_ROS_INHIBITOR_TREATED_DC_UP	198	165		
GSE20727_CTRL_VS_H2O2_TREATED_DC_UP	198	148		
GSE20727_CTRL_VS_ROS_INH_AND_DNFB_ALLERGEN_TREATED_DC_DN	197	163		
GSE20727_ROS_INH_VS_ROS_INH_AND_DNFB_ALLERGEN_TREATED_DC_DN	196	42		
GSE20727_CTRL_VS_DNFB_ALLERGEN_TREATED_DC_DN	194	108		
GSE20727_CTRL_VS_ROS_INH_AND_DNFB_ALLERGEN_TREATED_DC_UP	197	151		
GSE20727_ROS_INH_VS_ROS_INH_AND_DNFB_ALLERGEN_TREATED_DC_UP	199	133		
GSE20727_H2O2_VS_ROS_INHIBITOR_TREATED_DC_DN	198	164		
GSE20727_CTRL_VS_DNFB_ALLERGEN_TREATED_DC_UP	200	160		
GSE20727_H2O2_VS_ROS_INHIBITOR_TREATED_DC_UP	199	168		
GSE20727_DNFB_ALLERGEN_VS_ROS_INH_AND_DNFB_ALLERGEN_TREATED_DC_DN	199	166		
GSE40068_CXCR5POS_BCL6POS_TFH_VS_CXCR5NEG_BCL6NEG_CD4_TCELL_UP	200	163		
GSE40068_BCL6_POS_VS_NEG_CXCR5_POS_TFH_UP	200	161		
GSE40068_BCL6_POS_VS_NEG_CXCR5_POS_TFH_DN	199	166		
GSE40068_CXCR5NEG_BCL6NEG_CD4_TCELL_VS_CXCR5POS_BCL6NEG_TFH_UP	200	159		
GSE40068_CXCR5POS_BCL6POS_TFH_VS_CXCR5NEG_BCL6NEG_CD4_TCELL_DN	200	171		
GSE40068_CXCR5NEG_BCL6NEG_CD4_TCELL_VS_CXCR5POS_BCL6NEG_TFH_DN	200	167		
GSE39916_B_CELL_SPLEEN_VS_PLASMA_CELL_BONE_MARROW_UP	199	155		
GSE39916_B_CELL_SPLEEN_VS_PLASMA_CELL_BONE_MARROW_DN	200	149		
GSE38304_MYC_NEG_VS_POS_GC_BCELL_UP	200	172		
GSE38304_MYC_NEG_VS_POS_GC_BCELL_DN	200	161		
GSE39110_UNTREATED_VS_IL2_TREATED_CD8_TCELL_DAY3_POST_IMMUNIZATION_DN	200	165		
GSE39110_DAY3_VS_DAY6_POST_IMMUNIZATION_CD8_TCELL_UP	200	160		
GSE39110_DAY3_VS_DAY6_POST_IMMUNIZATION_CD8_TCELL_DN	200	165		
GSE39110_UNTREATED_VS_IL2_TREATED_CD8_TCELL_DAY3_POST_IMMUNIZATION_UP	200	142		
GSE39110_DAY3_VS_DAY6_POST_IMMUNIZATION_CD8_TCELL_WITH_IL2_TREATMENT_UP	200	159		
GSE39110_DAY3_VS_DAY6_POST_IMMUNIZATION_CD8_TCELL_WITH_IL2_TREATMENT_DN	199	162		
GSE39110_UNTREATED_VS_IL2_TREATED_CD8_TCELL_DAY6_POST_IMMUNIZATION_UP	200	140		
GSE39110_UNTREATED_VS_IL2_TREATED_CD8_TCELL_DAY6_POST_IMMUNIZATION_DN	200	162		
GSE36078_WT_VS_IL1R_KO_LUNG_DC_AFTER_AD5_INF_UP	200	127		
GSE36078_WT_VS_IL1R_KO_LUNG_DC_AFTER_AD5_INF_DN	199	173		
GSE36078_UNTREATED_VS_AD5_INF_MOUSE_LUNG_DC_UP	200	58		
GSE36078_WT_VS_IL1R_KO_LUNG_DC_DN	200	151		
GSE36078_UNTREATED_VS_AD5_INF_MOUSE_LUNG_DC_DN	200	153		
GSE36078_UNTREATED_VS_AD5_T425A_HEXON_INF_MOUSE_LUNG_DC_UP	200	143		
GSE36078_WT_VS_IL1R_KO_LUNG_DC_AFTER_AD5_T425A_HEXON_INF_UP	200	155		
GSE36078_WT_VS_IL1R_KO_LUNG_DC_AFTER_AD5_T425A_HEXON_INF_DN	199	146		
GSE36078_UNTREATED_VS_AD5_INF_IL1R_KO_MOUSE_LUNG_DC_DN	200	119		
GSE36078_UNTREATED_VS_AD5_T425A_HEXON_INF_IL1R_KO_MOUSE_LUNG_DC_UP	199	89		
GSE36078_UNTREATED_VS_AD5_T425A_HEXON_INF_IL1R_KO_MOUSE_LUNG_DC_DN	198	96		
GSE36078_WT_VS_IL1R_KO_LUNG_DC_UP	200	100		
GSE36078_UNTREATED_VS_AD5_INF_IL1R_KO_MOUSE_LUNG_DC_UP	200	146		
GSE36078_UNTREATED_VS_AD5_T425A_HEXON_INF_MOUSE_LUNG_DC_DN	200	138		
GSE40685_NAIVE_CD4_TCELL_VS_TREG_DN	200	149		
GSE40685_NAIVE_CD4_TCELL_VS_FOXP3_KO_TREG_PRECURSOR_UP	200	145		
GSE40685_NAIVE_CD4_TCELL_VS_TREG_UP	197	124		
GSE40685_TREG_VS_FOXP3_KO_TREG_PRECURSOR_UP	199	119		
GSE40685_TREG_VS_FOXP3_KO_TREG_PRECURSOR_DN	199	118		
GSE40685_NAIVE_CD4_TCELL_VS_FOXP3_KO_TREG_PRECURSOR_DN	195	86		
GSE11961_FOLLICULAR_BCELL_VS_GERMINAL_CENTER_BCELL_DAY40_DN	200	136		
GSE11961_FOLLICULAR_BCELL_VS_MEMORY_BCELL_DAY40_DN	200	101		
GSE11961_FOLLICULAR_BCELL_VS_GERMINAL_CENTER_BCELL_DAY40_UP	200	156		
GSE11961_FOLLICULAR_BCELL_VS_PLASMA_CELL_DAY7_UP	200	114		
GSE11961_FOLLICULAR_BCELL_VS_PLASMA_CELL_DAY7_DN	200	160		
GSE11961_FOLLICULAR_BCELL_VS_MEMORY_BCELL_DAY40_UP	200	113		
GSE11961_MARGINAL_ZONE_BCELL_VS_GERMINAL_CENTER_BCELL_DAY40_UP	199	155		
GSE11961_MARGINAL_ZONE_BCELL_VS_GERMINAL_CENTER_BCELL_DAY40_DN	200	114		
GSE11961_MEMORY_BCELL_DAY7_VS_GERMINAL_CENTER_BCELL_DAY7_UP	200	141		
GSE11961_MARGINAL_ZONE_BCELL_VS_GERMINAL_CENTER_BCELL_DAY7_UP	199	128		
GSE11961_MARGINAL_ZONE_BCELL_VS_GERMINAL_CENTER_BCELL_DAY7_DN	200	149		
GSE11961_MARGINAL_ZONE_BCELL_VS_PLASMA_CELL_DAY7_UP	200	133		
GSE11961_MARGINAL_ZONE_BCELL_VS_PLASMA_CELL_DAY7_DN	199	138		
GSE11961_MARGINAL_ZONE_BCELL_VS_MEMORY_BCELL_DAY40_UP	200	105		
GSE11961_MARGINAL_ZONE_BCELL_VS_MEMORY_BCELL_DAY40_DN	199	159		
GSE11961_GERMINAL_CENTER_BCELL_DAY7_VS_MEMORY_BCELL_DAY40_DN	200	81		
GSE11961_GERMINAL_CENTER_BCELL_DAY7_VS_GERMINAL_CENTER_BCELL_DAY40_UP	199	134		
GSE11961_GERMINAL_CENTER_BCELL_DAY7_VS_GERMINAL_CENTER_BCELL_DAY40_DN	199	126		
GSE11961_UNSTIM_VS_ANTI_IGM_AND_CD40_STIM_6H_FOLLICULAR_BCELL_UP	200	125		
GSE11961_UNSTIM_VS_ANTI_IGM_AND_CD40_STIM_6H_FOLLICULAR_BCELL_DN	199	138		
GSE11961_MARGINAL_ZONE_BCELL_VS_MEMORY_BCELL_DAY7_UP	200	132		
GSE11961_MARGINAL_ZONE_BCELL_VS_MEMORY_BCELL_DAY7_DN	200	41		
GSE11961_FOLLICULAR_BCELL_VS_MEMORY_BCELL_DAY7_UP	200	142		
GSE11961_FOLLICULAR_BCELL_VS_MEMORY_BCELL_DAY7_DN	200	147		
GSE11961_FOLLICULAR_BCELL_VS_GERMINAL_CENTER_BCELL_DAY7_UP	200	148		
GSE11961_FOLLICULAR_BCELL_VS_GERMINAL_CENTER_BCELL_DAY7_DN	200	108		
GSE28737_WT_VS_BCL6_HET_MARGINAL_ZONE_BCELL_UP	200	121		
GSE28737_WT_VS_BCL6_HET_MARGINAL_ZONE_BCELL_DN	200	122		
GSE28737_WT_VS_BCL6_KO_MARGINAL_ZONE_BCELL_UP	199	76		
GSE28737_WT_VS_BCL6_KO_MARGINAL_ZONE_BCELL_DN	198	133		
GSE28737_BCL6_HET_VS_BCL6_KO_MARGINAL_ZONE_BCELL_UP	200	81		
GSE28737_BCL6_HET_VS_BCL6_KO_MARGINAL_ZONE_BCELL_DN	200	159		
GSE28737_FOLLICULAR_VS_MARGINAL_ZONE_BCELL_UP	199	162		
GSE28737_FOLLICULAR_VS_MARGINAL_ZONE_BCELL_DN	200	86		
GSE28737_FOLLICULAR_VS_MARGINAL_ZONE_BCELL_BCL6_HET_UP	199	143		
GSE28737_FOLLICULAR_VS_MARGINAL_ZONE_BCELL_BCL6_HET_DN	200	107		
GSE11961_MEMORY_BCELL_DAY7_VS_MEMORY_BCELL_DAY40_DN	200	138		
GSE11961_MEMORY_BCELL_DAY7_VS_GERMINAL_CENTER_BCELL_DAY40_UP	200	129		
GSE11961_MEMORY_BCELL_DAY7_VS_GERMINAL_CENTER_BCELL_DAY40_DN	199	149		
GSE11961_GERMINAL_CENTER_BCELL_DAY7_VS_PLASMA_CELL_DAY7_UP	200	125		
GSE11961_GERMINAL_CENTER_BCELL_DAY7_VS_PLASMA_CELL_DAY7_DN	200	138		
GSE11961_GERMINAL_CENTER_BCELL_DAY7_VS_MEMORY_BCELL_DAY40_UP	200	129		
GSE11961_MEMORY_BCELL_DAY7_VS_PLASMA_CELL_DAY7_UP	199	129		
GSE11961_MEMORY_BCELL_DAY7_VS_PLASMA_CELL_DAY7_DN	200	151		
GSE11961_MEMORY_BCELL_DAY7_VS_MEMORY_BCELL_DAY40_UP	199	117		
GSE11961_MEMORY_BCELL_DAY7_VS_GERMINAL_CENTER_BCELL_DAY7_DN	200	117		
GSE11961_FOLLICULAR_BCELL_VS_MARGINAL_ZONE_BCELL_DN	200	84		
GSE28737_WT_VS_BCL6_KO_FOLLICULAR_BCELL_DN	200	144		
GSE28737_BCL6_HET_VS_BCL6_KO_FOLLICULAR_BCELL_UP	200	137		
GSE11961_FOLLICULAR_BCELL_VS_MARGINAL_ZONE_BCELL_UP	200	106		
GSE11961_MEMORY_BCELL_DAY40_VS_GERMINAL_CENTER_BCELL_DAY40_DN	200	128		
GSE28737_WT_VS_BCL6_HET_FOLLICULAR_BCELL_DN	200	131		
GSE11961_PLASMA_CELL_DAY7_VS_MEMORY_BCELL_DAY40_UP	200	128		
GSE28737_BCL6_HET_VS_BCL6_KO_FOLLICULAR_BCELL_DN	200	121		
GSE11961_MEMORY_BCELL_DAY40_VS_GERMINAL_CENTER_BCELL_DAY40_UP	198	116		
GSE28737_WT_VS_BCL6_KO_FOLLICULAR_BCELL_UP	200	81		
GSE28737_WT_VS_BCL6_HET_FOLLICULAR_BCELL_UP	200	109		
GSE11961_PLASMA_CELL_DAY7_VS_GERMINAL_CENTER_BCELL_DAY40_UP	200	110		
GSE11961_PLASMA_CELL_DAY7_VS_GERMINAL_CENTER_BCELL_DAY40_DN	199	125		
GSE11961_PLASMA_CELL_DAY7_VS_MEMORY_BCELL_DAY40_DN	198	73		
GSE34179_THPOK_KO_VS_WT_VA14I_NKTCELL_UP	200	97		
GSE34179_THPOK_KO_VS_WT_VA14I_NKTCELL_DN	199	99		
GSE40493_BCL6_KO_VS_WT_TREG_UP	177	159		
GSE40493_BCL6_KO_VS_WT_TREG_DN	117	17		
GSE40184_HEALTHY_VS_HCV_INFECTED_DONOR_PBMC_DN	200	159		
GSE40184_HEALTHY_VS_HCV_INFECTED_DONOR_PBMC_UP	199	117		
GSE39556_CD8A_DC_VS_NK_CELL_UP	200	136		
GSE39556_CD8A_DC_VS_NK_CELL_DN	199	117		
GSE39556_UNTREATED_VS_3H_POLYIC_INJ_MOUSE_CD8A_DC_DN	200	130		
GSE39556_UNTREATED_VS_3H_POLYIC_INJ_MOUSE_NK_CELL_UP	200	131		
GSE39556_UNTREATED_VS_3H_POLYIC_INJ_MOUSE_NK_CELL_DN	200	126		
GSE39556_UNTREATED_VS_3H_POLYIC_INJ_MOUSE_CD8A_DC_UP	200	114		
GSE39556_CD8A_DC_VS_NK_CELL_MOUSE_3H_POST_POLYIC_INJ_DN	199	128		
GSE39556_CD8A_DC_VS_NK_CELL_MOUSE_3H_POST_POLYIC_INJ_UP	200	169		
GSE33292_WT_VS_TCF1_KO_DN3_THYMOCYTE_UP	199	122		
GSE33292_WT_VS_TCF1_KO_DN3_THYMOCYTE_DN	200	169		
GSE33292_DN3_THYMOCYTE_VS_TCELL_LYMPHOMA_FROM_TCF1_KO_DN	199	105		
GSE33292_DN3_THYMOCYTE_VS_TCF1_KO_TCELL_LYMPHOMA_UP	200	144		
GSE33292_DN3_THYMOCYTE_VS_TCELL_LYMPHOMA_FROM_TCF1_KO_UP	173	153		
GSE33292_DN3_THYMOCYTE_VS_TCF1_KO_TCELL_LYMPHOMA_DN	148	72		
GSE35543_IN_VIVO_NTREG_VS_IN_VITRO_ITREG_DN	188	80		
GSE35543_IN_VIVO_NTREG_VS_CONVERTED_EX_ITREG_UP	192	102		
GSE35543_IN_VIVO_NTREG_VS_IN_VITRO_ITREG_UP	199	42		
GSE35543_IN_VIVO_NTREG_VS_CONVERTED_EX_ITREG_DN	199	44		
GSE35543_IN_VITRO_ITREG_VS_CONVERTED_EX_ITREG_DN	198	104		
GSE35543_IN_VITRO_ITREG_VS_CONVERTED_EX_ITREG_UP	200	156		
GSE40655_FOXO1_KO_VS_WT_NTREG_UP	199	164		
GSE40655_FOXO1_KO_VS_WT_NTREG_DN	200	144		
GSE24671_CTRL_VS_SENDAI_VIRUS_INFECTED_MOUSE_SPLENOCYTES_DN	198	170		
GSE24671_BAKIMULC_VS_SENDAI_VIRUS_INFECTED_MOUSE_SPLENOCYTES_UP	200	160		
GSE24671_CTRL_VS_BAKIMULC_INFECTED_MOUSE_SPLENOCYTES_DN	170	100		
GSE24671_CTRL_VS_SENDAI_VIRUS_INFECTED_MOUSE_SPLENOCYTES_UP	161	111		
GSE24671_CTRL_VS_BAKIMULC_INFECTED_MOUSE_SPLENOCYTES_UP	200	166		
GSE24671_BAKIMULC_VS_SENDAI_VIRUS_INFECTED_MOUSE_SPLENOCYTES_DN	199	162		
GSE41867_DAY8_VS_DAY15_LCMV_CLONE13_EFFECTOR_CD8_TCELL_UP	200	170		
GSE41867_DAY8_VS_DAY15_LCMV_CLONE13_EFFECTOR_CD8_TCELL_DN	200	167		
GSE41867_DAY15_EFFECTOR_VS_DAY30_EXHAUSTED_CD8_TCELL_LCMV_CLONE13_UP	199	137		
GSE41867_DAY15_EFFECTOR_VS_DAY30_EXHAUSTED_CD8_TCELL_LCMV_CLONE13_DN	200	172		
GSE41867_NAIVE_VS_DAY6_LCMV_EFFECTOR_CD8_TCELL_UP	200	160		
GSE41867_DAY6_VS_DAY8_LCMV_ARMSTRONG_EFFECTOR_CD8_TCELL_UP	200	146		
GSE41867_DAY6_VS_DAY8_LCMV_ARMSTRONG_EFFECTOR_CD8_TCELL_DN	200	181		
GSE41867_DAY6_EFFECTOR_VS_DAY30_MEMORY_CD8_TCELL_LCMV_ARMSTRONG_UP	200	166		
GSE41867_DAY6_EFFECTOR_VS_DAY30_MEMORY_CD8_TCELL_LCMV_ARMSTRONG_DN	200	175		
GSE41867_DAY8_EFFECTOR_VS_DAY30_MEMORY_CD8_TCELL_LCMV_ARMSTRONG_UP	200	176		
GSE41867_NAIVE_VS_DAY6_LCMV_EFFECTOR_CD8_TCELL_DN	200	171		
GSE41867_NAIVE_VS_DAY8_LCMV_EFFECTOR_CD8_TCELL_UP	200	163		
GSE41867_NAIVE_VS_DAY8_LCMV_EFFECTOR_CD8_TCELL_DN	200	172		
GSE41867_NAIVE_VS_DAY15_LCMV_EFFECTOR_CD8_TCELL_UP	200	178		
GSE41867_NAIVE_VS_DAY15_LCMV_EFFECTOR_CD8_TCELL_DN	200	171		
GSE41867_NAIVE_VS_EFFECTOR_CD8_TCELL_UP	200	177		
GSE41867_NAIVE_VS_EFFECTOR_CD8_TCELL_DN	200	178		
GSE41867_NAIVE_VS_DAY30_LCMV_CLONE13_EXHAUSTED_CD8_TCELL_DN	200	166		
GSE41867_LCMV_ARMSTRONG_VS_CLONE13_DAY6_EFFECTOR_CD8_TCELL_DN	200	179		
GSE41867_LCMV_ARMSTRONG_VS_CLONE13_DAY8_EFFECTOR_CD8_TCELL_UP	200	162		
GSE41867_LCMV_ARMSTRONG_VS_CLONE13_DAY8_EFFECTOR_CD8_TCELL_DN	200	147		
GSE41867_MEMORY_VS_EXHAUSTED_CD8_TCELL_DAY30_LCMV_UP	199	138		
GSE41867_MEMORY_VS_EXHAUSTED_CD8_TCELL_DAY30_LCMV_DN	200	151		
GSE41867_DAY8_EFFECTOR_VS_DAY30_MEMORY_CD8_TCELL_LCMV_ARMSTRONG_DN	200	164		
GSE41867_DAY6_VS_DAY8_LCMV_CLONE13_EFFECTOR_CD8_TCELL_UP	200	129		
GSE41867_DAY6_VS_DAY8_LCMV_CLONE13_EFFECTOR_CD8_TCELL_DN	200	165		
GSE41867_DAY6_EFFECTOR_VS_DAY30_EXHAUSTED_CD8_TCELL_LCMV_CLONE13_UP	200	134		
GSE41867_DAY6_EFFECTOR_VS_DAY30_EXHAUSTED_CD8_TCELL_LCMV_CLONE13_DN	200	171		
GSE41867_DAY8_EFFECTOR_VS_DAY30_EXHAUSTED_CD8_TCELL_LCMV_CLONE13_UP	199	167		
GSE41867_DAY8_EFFECTOR_VS_DAY30_EXHAUSTED_CD8_TCELL_LCMV_CLONE13_DN	200	162		
GSE41867_LCMV_ARMSTRONG_VS_CLONE13_DAY6_EFFECTOR_CD8_TCELL_UP	200	167		
GSE41867_NAIVE_VS_DAY6_LCMV_ARMSTRONG_EFFECTOR_CD8_TCELL_UP	200	152		
GSE41867_NAIVE_VS_DAY6_LCMV_ARMSTRONG_EFFECTOR_CD8_TCELL_DN	200	146		
GSE41867_NAIVE_VS_DAY8_LCMV_ARMSTRONG_EFFECTOR_CD8_TCELL_UP	200	132		
GSE41867_NAIVE_VS_DAY8_LCMV_ARMSTRONG_EFFECTOR_CD8_TCELL_DN	199	152		
GSE41867_NAIVE_VS_DAY15_LCMV_ARMSTRONG_EFFECTOR_CD8_TCELL_UP	200	168		
GSE41867_NAIVE_VS_DAY15_LCMV_ARMSTRONG_EFFECTOR_CD8_TCELL_DN	198	163		
GSE41867_NAIVE_VS_DAY30_LCMV_ARMSTRONG_MEMORY_CD8_TCELL_UP	199	168		
GSE41867_NAIVE_VS_DAY30_LCMV_ARMSTRONG_MEMORY_CD8_TCELL_DN	199	175		
GSE41867_NAIVE_VS_DAY8_LCMV_CLONE13_EFFECTOR_CD8_TCELL_UP	200	160		
GSE41867_NAIVE_VS_DAY8_LCMV_CLONE13_EFFECTOR_CD8_TCELL_DN	194	111		
GSE41867_NAIVE_VS_DAY15_LCMV_CONE13_EFFECTOR_CD8_TCELL_UP	187	45		
GSE41867_NAIVE_VS_DAY15_LCMV_CONE13_EFFECTOR_CD8_TCELL_DN	195	122		
GSE41867_NAIVE_VS_DAY30_LCMV_CLONE13_EXHAUSTED_CD8_TCELL_UP	192	107		
GSE41867_LCMV_ARMSTRONG_VS_CLONE13_DAY15_EFFECTOR_CD8_TCELL_DN	184	51		
GSE41867_DAY6_VS_DAY15_LCMV_CLONE13_EFFECTOR_CD8_TCELL_UP	189	31		
GSE41867_DAY6_VS_DAY15_LCMV_CLONE13_EFFECTOR_CD8_TCELL_DN	190	41		
GSE41867_DAY6_VS_DAY15_LCMV_ARMSTRONG_EFFECTOR_CD8_TCELL_DN	195	133		
GSE41867_DAY8_VS_DAY15_LCMV_ARMSTRONG_EFFECTOR_CD8_TCELL_UP	190	40		
GSE41867_DAY8_VS_DAY15_LCMV_ARMSTRONG_EFFECTOR_CD8_TCELL_DN	184	41		
GSE41867_DAY6_VS_DAY15_LCMV_ARMSTRONG_EFFECTOR_CD8_TCELL_UP	196	81		
GSE41867_DAY15_EFFECTOR_VS_DAY30_MEMORY_CD8_TCELL_LCMV_ARMSTRONG_DN	190	94		
GSE41867_LCMV_ARMSTRONG_VS_CLONE13_DAY15_EFFECTOR_CD8_TCELL_UP	200	146		
GSE41867_DAY15_EFFECTOR_VS_DAY30_MEMORY_CD8_TCELL_LCMV_ARMSTRONG_UP	199	120		
GSE41087_WT_VS_FOXP3_MUT_ANTI_CD3_CD28_STIM_CD4_TCELL_UP	195	118		
GSE41087_WT_VS_FOXP3_MUT_ANTI_CD3_CD28_STIM_CD4_TCELL_DN	200	147		
GSE36826_WT_VS_IL1R_KO_SKIN_DN	198	140		
GSE36826_NORMAL_VS_STAPH_AUREUS_INF_IL1R_KO_SKIN_UP	199	140		
GSE36826_NORMAL_VS_STAPH_AUREUS_INF_IL1R_KO_SKIN_DN	199	161		
GSE36826_WT_VS_IL1R_KO_SKIN_STAPH_AUREUS_INF_DN	200	123		
GSE36826_NORMAL_VS_STAPH_AUREUS_INF_SKIN_UP	198	146		
GSE36826_NORMAL_VS_STAPH_AUREUS_INF_SKIN_DN	200	144		
GSE36826_WT_VS_IL1R_KO_SKIN_STAPH_AUREUS_INF_UP	200	160		
GSE36826_WT_VS_IL1R_KO_SKIN_UP	197	100		
GSE39382_IL3_VS_IL3_IL33_TREATED_MAST_CELL_DN	199	121		
GSE39382_IL3_VS_IL3_IL33_TREATED_MAST_CELL_UP	200	158		
GSE35435_RESTING_VS_IL4_TREATED_MACROPHAGE_UP	199	132		
GSE35435_RESTING_VS_IL4_TREATED_MACROPHAGE_DN	199	105		
GSE28408_LY6G_POS_VS_NEG_DC_DN	200	154		
GSE28408_LY6G_POS_VS_NEG_DC_UP	197	145		
GSE41978_WT_VS_ID2_KO_AND_BIM_KO_KLRG1_LOW_EFFECTOR_CD8_TCELL_DN	200	127		
GSE41978_WT_VS_ID2_KO_KLRG1_LOW_EFFECTOR_CD8_TCELL_DN	200	109		
GSE41978_WT_VS_ID2_KO_AND_BIM_KO_KLRG1_LOW_EFFECTOR_CD8_TCELL_UP	200	140		
GSE41978_KLRG1_HIGH_VS_LOW_EFFECTOR_CD8_TCELL_UP	200	86		
GSE41978_KLRG1_HIGH_VS_LOW_EFFECTOR_CD8_TCELL_DN	200	150		
GSE41978_WT_VS_ID2_KO_KLRG1_LOW_EFFECTOR_CD8_TCELL_UP	200	68		
GSE41978_WT_VS_BIM_KO_KLRG1_LOW_EFFECTOR_CD8_TCELL_DN	200	115		
GSE41978_ID2_KO_VS_ID2_KO_AND_BIM_KO_KLRG1_LOW_EFFECTOR_CD8_TCELL_UP	200	72		
GSE41978_ID2_KO_VS_ID2_KO_AND_BIM_KO_KLRG1_LOW_EFFECTOR_CD8_TCELL_DN	200	168		
GSE41978_WT_VS_BIM_KO_KLRG1_LOW_EFFECTOR_CD8_TCELL_UP	200	92		
GSE41978_ID2_KO_VS_BIM_KO_KLRG1_LOW_EFFECTOR_CD8_TCELL_DN	200	104		
GSE41978_ID2_KO_AND_BIM_KO_VS_BIM_KO_KLRG1_LOW_EFFECTOR_CD8_TCELL_UP	199	101		
GSE41978_ID2_KO_AND_BIM_KO_VS_BIM_KO_KLRG1_LOW_EFFECTOR_CD8_TCELL_DN	199	110		
GSE41978_ID2_KO_VS_BIM_KO_KLRG1_LOW_EFFECTOR_CD8_TCELL_UP	199	121		
GSE42021_TREG_PLN_VS_TREG_PRECURSORS_THYMUS_UP	196	103		
GSE42021_TREG_PLN_VS_TREG_PRECURSORS_THYMUS_DN	200	127		
GSE42021_TCONV_PLN_VS_TREG_PRECURSORS_THYMUS_UP	198	123		
GSE42021_TREG_VS_TCONV_PLN_UP	200	118		
GSE42021_TREG_VS_TCONV_PLN_DN	199	124		
GSE42021_TREG_PLN_VS_CD24INT_TREG_THYMUS_DN	200	127		
GSE42021_TREG_PLN_VS_CD24LO_TREG_THYMUS_UP	196	128		
GSE42021_TREG_PLN_VS_CD24LO_TREG_THYMUS_DN	197	103		
GSE42021_CD24HI_VS_CD24INT_TREG_THYMUS_UP	200	130		
GSE42021_CD24HI_VS_CD24INT_TREG_THYMUS_DN	200	125		
GSE42021_CD24HI_VS_CD24LOW_TREG_THYMUS_UP	199	121		
GSE42021_CD24HI_VS_CD24LOW_TREG_THYMUS_DN	200	96		
GSE42021_CD24INT_VS_CD24LOW_TREG_THYMUS_UP	197	100		
GSE42021_CD24INT_VS_CD24LOW_TREG_THYMUS_DN	196	101		
GSE42021_CD24HI_VS_CD24INT_TCONV_THYMUS_UP	200	132		
GSE42021_CD24HI_VS_CD24INT_TCONV_THYMUS_DN	200	105		
GSE42021_CD24HI_VS_CD24LOW_TCONV_THYMUS_UP	200	121		
GSE42021_CD24HI_VS_CD24LOW_TCONV_THYMUS_DN	199	122		
GSE42021_CD24INT_VS_CD24LOW_TCONV_THYMUS_UP	198	105		
GSE42021_CD24INT_VS_CD24LOW_TCONV_THYMUS_DN	200	104		
GSE42021_TCONV_PLN_VS_CD24HI_TCONV_THYMUS_UP	200	128		
GSE42021_TCONV_PLN_VS_CD24HI_TCONV_THYMUS_DN	199	105		
GSE42021_TCONV_PLN_VS_CD24INT_TCONV_THYMUS_UP	199	141		
GSE42021_TCONV_PLN_VS_CD24INT_TCONV_THYMUS_DN	200	126		
GSE42021_TCONV_PLN_VS_CD24LO_TCONV_THYMUS_UP	200	121		
GSE42021_TCONV_PLN_VS_CD24LO_TCONV_THYMUS_DN	200	122		
GSE42021_CD24INT_TREG_VS_CD24INT_TCONV_THYMUS_DN	200	95		
GSE42021_CD24LO_TREG_VS_CD24LO_TCONV_THYMUS_UP	200	136		
GSE42021_CD24LO_TREG_VS_CD24LO_TCONV_THYMUS_DN	200	165		
GSE42021_TREG_PLN_VS_CD24HI_TREG_THYMUS_UP	200	134		
GSE42021_TREG_PLN_VS_CD24HI_TREG_THYMUS_DN	200	170		
GSE42021_TREG_PLN_VS_CD24INT_TREG_THYMUS_UP	200	146		
GSE42021_CD24HI_TREG_VS_CD24HI_TCONV_THYMUS_UP	200	166		
GSE42021_CD24HI_TREG_VS_CD24HI_TCONV_THYMUS_DN	200	132		
GSE42021_CD24INT_TREG_VS_CD24INT_TCONV_THYMUS_UP	200	165		
GSE42021_TCONV_PLN_VS_TREG_PRECURSORS_THYMUS_DN	200	146		
GSE27434_WT_VS_DNMT1_KO_TREG_UP	200	152		
GSE27434_WT_VS_DNMT1_KO_TREG_DN	200	138		
GSE43700_UNTREATED_VS_IL10_TREATED_PBMC_UP	200	120		
GSE43700_UNTREATED_VS_IL10_TREATED_PBMC_DN	200	128		
GSE43957_UNTREATED_VS_NACL_TREATED_ANTI_CD3_CD28_STIM_CD4_TCELL_UP	200	93		
GSE43957_UNTREATED_VS_NACL_TREATED_ANTI_CD3_CD28_STIM_CD4_TCELL_DN	200	143		
GSE43956_WT_VS_SGK1_KO_TH17_DIFFERENTIATED_CD4_TCELL_UP	200	103		
GSE43956_WT_VS_SGK1_KO_TH17_DIFFERENTIATED_CD4_TCELL_DN	200	155		
GSE43955_TH0_VS_TGFB_IL6_TH17_ACT_CD4_TCELL_42H_UP	200	138		
GSE43955_TH0_VS_TGFB_IL6_TH17_ACT_CD4_TCELL_42H_DN	200	93		
GSE43955_TH0_VS_TGFB_IL6_TH17_ACT_CD4_TCELL_52H_UP	200	113		
GSE43955_TH0_VS_TGFB_IL6_TH17_ACT_CD4_TCELL_1H_UP	200	119		
GSE43955_TH0_VS_TGFB_IL6_TH17_ACT_CD4_TCELL_1H_DN	200	98		
GSE43955_TH0_VS_TGFB_IL6_TH17_ACT_CD4_TCELL_4H_UP	200	131		
GSE43955_TH0_VS_TGFB_IL6_TH17_ACT_CD4_TCELL_4H_DN	200	144		
GSE43955_TH0_VS_TGFB_IL6_TH17_ACT_CD4_TCELL_10H_UP	200	131		
GSE43955_TH0_VS_TGFB_IL6_TH17_ACT_CD4_TCELL_10H_DN	200	95		
GSE43955_TH0_VS_TGFB_IL6_TH17_ACT_CD4_TCELL_20H_UP	200	120		
GSE43955_TH0_VS_TGFB_IL6_TH17_ACT_CD4_TCELL_20H_DN	200	135		
GSE43955_TH0_VS_TGFB_IL6_TH17_ACT_CD4_TCELL_30H_UP	200	109		
GSE43955_TH0_VS_TGFB_IL6_TH17_ACT_CD4_TCELL_30H_DN	200	131		
GSE43955_1H_VS_60H_ACT_CD4_TCELL_DN	199	116		
GSE43955_TH0_VS_TGFB_IL6_IL23_TH17_ACT_CD4_TCELL_52H_UP	200	135		
GSE43955_TH0_VS_TGFB_IL6_IL23_TH17_ACT_CD4_TCELL_52H_DN	200	142		
GSE43955_TH0_VS_TGFB_IL6_TH17_ACT_CD4_TCELL_52H_DN	200	107		
GSE43955_TH0_VS_TGFB_IL6_TH17_ACT_CD4_TCELL_60H_UP	200	128		
GSE43955_TH0_VS_TGFB_IL6_TH17_ACT_CD4_TCELL_60H_DN	200	110		
GSE43955_1H_VS_10H_ACT_CD4_TCELL_UP	200	143		
GSE43955_1H_VS_10H_ACT_CD4_TCELL_DN	200	102		
GSE43955_1H_VS_20H_ACT_CD4_TCELL_UP	200	139		
GSE43955_1H_VS_20H_ACT_CD4_TCELL_DN	200	117		
GSE43955_1H_VS_42H_ACT_CD4_TCELL_UP	200	152		
GSE43955_1H_VS_42H_ACT_CD4_TCELL_DN	200	84		
GSE43955_1H_VS_60H_ACT_CD4_TCELL_UP	200	145		
GSE43955_TGFB_IL6_VS_TGFB_IL6_IL23_TH17_ACT_CD4_TCELL_52H_UP	200	120		
GSE43955_TGFB_IL6_VS_TGFB_IL6_IL23_TH17_ACT_CD4_TCELL_52H_DN	200	148		
GSE43955_TGFB_IL6_VS_TGFB_IL6_IL23_TH17_ACT_CD4_TCELL_60H_UP	200	139		
GSE43955_TGFB_IL6_VS_TGFB_IL6_IL23_TH17_ACT_CD4_TCELL_60H_DN	200	124		
GSE43955_1H_VS_10H_ACT_CD4_TCELL_WITH_TGFB_IL6_UP	199	137		
GSE43955_1H_VS_10H_ACT_CD4_TCELL_WITH_TGFB_IL6_DN	200	116		
GSE43955_1H_VS_20H_ACT_CD4_TCELL_WITH_TGFB_IL6_UP	200	148		
GSE43955_1H_VS_20H_ACT_CD4_TCELL_WITH_TGFB_IL6_DN	200	101		
GSE43955_1H_VS_42H_ACT_CD4_TCELL_WITH_TGFB_IL6_UP	199	150		
GSE43955_1H_VS_42H_ACT_CD4_TCELL_WITH_TGFB_IL6_DN	200	106		
GSE43955_1H_VS_60H_ACT_CD4_TCELL_WITH_TGFB_IL6_UP	200	147		
GSE43955_1H_VS_60H_ACT_CD4_TCELL_WITH_TGFB_IL6_DN	200	118		
GSE43955_10H_VS_60H_ACT_CD4_TCELL_WITH_TGFB_IL6_UP	200	154		
GSE43955_10H_VS_60H_ACT_CD4_TCELL_WITH_TGFB_IL6_DN	200	122		
GSE43955_TH0_VS_TGFB_IL6_IL23_TH17_ACT_CD4_TCELL_60H_DN	200	144		
GSE43955_10H_VS_30H_ACT_CD4_TCELL_UP	200	114		
GSE43955_10H_VS_30H_ACT_CD4_TCELL_DN	200	126		
GSE43955_TH0_VS_TGFB_IL6_IL23_TH17_ACT_CD4_TCELL_60H_UP	200	133		
GSE43955_10H_VS_60H_ACT_CD4_TCELL_DN	200	127		
GSE43955_10H_VS_30H_ACT_CD4_TCELL_WITH_TGFB_IL6_UP	200	122		
GSE43955_10H_VS_30H_ACT_CD4_TCELL_WITH_TGFB_IL6_DN	199	109		
GSE43955_10H_VS_60H_ACT_CD4_TCELL_UP	199	136		
GSE44732_UNSTIM_VS_IL27_STIM_IMATURE_DC_UP	200	130		
GSE44732_UNSTIM_VS_IL27_STIM_IMATURE_DC_DN	197	129		
GSE44955_MCSF_VS_MCSF_AND_IL27_STIM_MACROPHAGE_DN	199	128		
GSE44955_MCSF_VS_MCSF_AND_IL27_STIM_MACROPHAGE_UP	198	131		
GSE46242_CTRL_VS_EGR2_DELETED_TH1_CD4_TCELL_UP	199	112		
GSE46242_CTRL_VS_EGR2_DELETED_TH1_CD4_TCELL_DN	195	85		
GSE46242_CTRL_VS_EGR2_DELETED_ANERGIC_TH1_CD4_TCELL_UP	196	129		
GSE46242_CTRL_VS_EGR2_DELETED_ANERGIC_TH1_CD4_TCELL_DN	197	120		
GSE46242_TH1_VS_ANERGIC_TH1_CD4_TCELL_UP	197	110		
GSE46242_TH1_VS_ANERGIC_TH1_CD4_TCELL_DN	192	76		
GSE46242_TH1_VS_ANERGIC_TH1_CD4_TCELL_WITH_EGR2_DELETED_UP	199	123		
GSE46242_TH1_VS_ANERGIC_TH1_CD4_TCELL_WITH_EGR2_DELETED_DN	192	122		
GSE43863_NAIVE_VS_MEMORY_TH1_CD4_TCELL_D150_LCMV_DN	183	58		
GSE43863_NAIVE_VS_LY6C_LOW_CXCR5NEG_CD4_EFF_TCELL_D6_LCMV_UP	193	63		
GSE43863_NAIVE_VS_LY6C_LOW_CXCR5NEG_CD4_EFF_TCELL_D6_LCMV_DN	196	126		
GSE43863_NAIVE_VS_MEMORY_TH1_CD4_TCELL_D150_LCMV_UP	188	57		
GSE43863_NAIVE_VS_TH1_EFF_CD4_TCELL_D6_LCMV_UP	193	110		
GSE43863_NAIVE_VS_TH1_EFF_CD4_TCELL_D6_LCMV_DN	186	48		
GSE43863_NAIVE_VS_TFH_CD4_EFF_TCELL_D6_LCMV_UP	196	130		
GSE43863_NAIVE_VS_TFH_CD4_EFF_TCELL_D6_LCMV_DN	192	52		
GSE43863_NAIVE_VS_LY6C_INT_CXCR5POS_CD4_EFF_TCELL_D6_LCMV_UP	197	121		
GSE43863_NAIVE_VS_LY6C_INT_CXCR5POS_CD4_EFF_TCELL_D6_LCMV_DN	193	54		
GSE43863_DAY6_EFF_VS_DAY150_MEM_LY6C_INT_CXCR5POS_CD4_TCELL_DN	200	157		
GSE43863_TH1_VS_TFH_MEMORY_CD4_TCELL_UP	200	170		
GSE43863_TH1_VS_TFH_MEMORY_CD4_TCELL_DN	200	162		
GSE43863_TH1_VS_LY6C_INT_CXCR5POS_MEMORY_CD4_TCELL_UP	200	169		
GSE43863_NAIVE_VS_MEMORY_TFH_CD4_TCELL_D150_LCMV_UP	200	153		
GSE43863_NAIVE_VS_MEMORY_TFH_CD4_TCELL_D150_LCMV_DN	200	156		
GSE43863_NAIVE_VS_MEMORY_LY6C_INT_CXCR5POS_CD4_TCELL_D150_LCMV_UP	200	142		
GSE43863_NAIVE_VS_MEMORY_LY6C_INT_CXCR5POS_CD4_TCELL_D150_LCMV_DN	200	166		
GSE43863_DAY6_EFF_VS_DAY150_MEM_TH1_CD4_TCELL_UP	200	153		
GSE43863_DAY6_EFF_VS_DAY150_MEM_TH1_CD4_TCELL_DN	199	143		
GSE43863_DAY6_EFF_VS_DAY150_MEM_TFH_CD4_TCELL_UP	199	147		
GSE43863_DAY6_EFF_VS_DAY150_MEM_TFH_CD4_TCELL_DN	198	85		
GSE43863_DAY6_EFF_VS_DAY150_MEM_LY6C_INT_CXCR5POS_CD4_TCELL_UP	200	145		
GSE43863_TFH_VS_LY6C_INT_CXCR5POS_EFFECTOR_CD4_TCELL_DN	199	111		
GSE43863_TFH_VS_LY6C_LOW_CXCR5NEG_EFFECTOR_CD4_TCELL_UP	199	151		
GSE43863_TFH_VS_LY6C_LOW_CXCR5NEG_EFFECTOR_CD4_TCELL_DN	199	103		
GSE43863_LY6C_INT_CXCR5POS_VS_LY6C_LOW_CXCR5NEG_EFFECTOR_CD4_TCELL_UP	199	126		
GSE43863_LY6C_INT_CXCR5POS_VS_LY6C_LOW_CXCR5NEG_EFFECTOR_CD4_TCELL_DN	200	135		
GSE43863_TH1_VS_LY6C_INT_CXCR5POS_MEMORY_CD4_TCELL_DN	200	74		
GSE43863_TFH_VS_LY6C_INT_CXCR5POS_MEMORY_CD4_TCELL_UP	199	133		
GSE43863_TFH_VS_LY6C_INT_CXCR5POS_MEMORY_CD4_TCELL_DN	200	86		
GSE43863_TH1_VS_TFH_EFFECTOR_CD4_TCELL_UP	200	79		
GSE43863_TH1_VS_TFH_EFFECTOR_CD4_TCELL_DN	200	165		
GSE43863_TH1_VS_LY6C_INT_CXCR5POS_EFFECTOR_CD4_TCELL_UP	200	170		
GSE43863_TH1_VS_LY6C_INT_CXCR5POS_EFFECTOR_CD4_TCELL_DN	200	173		
GSE43863_TH1_VS_LY6C_LOW_CXCR5NEG_EFFECTOR_CD4_TCELL_UP	200	172		
GSE43863_TH1_VS_LY6C_LOW_CXCR5NEG_EFFECTOR_CD4_TCELL_DN	200	171		
GSE43863_TFH_VS_LY6C_INT_CXCR5POS_EFFECTOR_CD4_TCELL_UP	200	150		
GSE46143_CTRL_VS_LMP2A_TRANSDUCED_CD10_POS_GC_BCELL_UP	200	117		
GSE46143_CTRL_VS_LMP2A_TRANSDUCED_CD10_POS_GC_BCELL_DN	200	145		
GSE44649_NAIVE_VS_ACTIVATED_CD8_TCELL_UP	200	156		
GSE44649_NAIVE_VS_ACTIVATED_CD8_TCELL_MIR155_KO_UP	200	162		
GSE44649_NAIVE_VS_ACTIVATED_CD8_TCELL_MIR155_KO_DN	200	164		
GSE44649_WT_VS_MIR155_KO_NAIVE_CD8_TCELL_UP	198	101		
GSE44649_NAIVE_VS_ACTIVATED_CD8_TCELL_DN	200	158		
GSE44649_WT_VS_MIR155_KO_ACTIVATED_CD8_TCELL_UP	199	155		
GSE44649_WT_VS_MIR155_KO_ACTIVATED_CD8_TCELL_DN	199	120		
GSE44649_WT_VS_MIR155_KO_NAIVE_CD8_TCELL_DN	200	135		
GSE42724_MEMORY_BCELL_VS_PLASMABLAST_UP	199	163		
GSE42724_B1_BCELL_VS_PLASMABLAST_UP	199	128		
GSE42724_B1_BCELL_VS_PLASMABLAST_DN	200	159		
GSE42724_NAIVE_VS_B1_BCELL_UP	200	139		
GSE42724_MEMORY_BCELL_VS_PLASMABLAST_DN	200	159		
GSE42724_NAIVE_VS_MEMORY_BCELL_UP	200	112		
GSE42724_NAIVE_VS_MEMORY_BCELL_DN	200	142		
GSE42724_MEMORY_VS_B1_BCELL_UP	200	148		
GSE42724_NAIVE_VS_B1_BCELL_DN	199	147		
GSE42724_NAIVE_BCELL_VS_PLASMABLAST_UP	197	129		
GSE42724_NAIVE_BCELL_VS_PLASMABLAST_DN	198	118		
GSE42724_MEMORY_VS_B1_BCELL_DN	197	124		
GSE45382_UNTREATED_VS_TGFB_TREATED_MACROPHAGES_UP	198	148		
GSE45382_UNTREATED_VS_TGFB_TREATED_MACROPHAGES_DN	194	123		
GSE46606_UNSTIM_VS_CD40L_IL2_IL5_1DAY_STIMULATED_IRF4_KO_BCELL_UP	200	137		
GSE46606_UNSTIM_VS_CD40L_IL2_IL5_1DAY_STIMULATED_IRF4_KO_BCELL_DN	194	117		
GSE46606_UNSTIM_VS_CD40L_IL2_IL5_3DAY_STIMULATED_IRF4_KO_BCELL_UP	184	31		
GSE46606_UNSTIM_VS_CD40L_IL2_IL5_3DAY_STIMULATED_IRF4_KO_BCELL_DN	195	119		
GSE46606_IRF4_KO_VS_WT_CD40L_IL2_IL5_1DAY_STIMULATED_BCELL_UP	197	117		
GSE46606_IRF4_KO_VS_WT_CD40L_IL2_IL5_1DAY_STIMULATED_BCELL_DN	195	89		
GSE46606_IRF4_KO_VS_WT_CD40L_IL2_IL5_3DAY_STIMULATED_BCELL_UP	196	118		
GSE46606_IRF4_KO_VS_WT_CD40L_IL2_IL5_3DAY_STIMULATED_BCELL_DN	195	121		
GSE46606_DAY1_VS_DAY3_CD40L_IL2_IL5_STIMULATED_IRF4_KO_BCELL_UP	200	85		
GSE46606_DAY1_VS_DAY3_CD40L_IL2_IL5_STIMULATED_IRF4_KO_BCELL_DN	200	148		
GSE46606_UNSTIM_VS_CD40L_IL2_IL5_1DAY_STIMULATED_IRF4HIGH_SORTED_BCELL_UP	198	92		
GSE46606_UNSTIM_VS_CD40L_IL2_IL5_1DAY_STIMULATED_IRF4HIGH_SORTED_BCELL_DN	200	152		
GSE46606_UNSTIM_VS_CD40L_IL2_IL5_3DAY_STIMULATED_IRF4HIGH_SORTED_BCELL_UP	200	142		
GSE46606_UNSTIM_VS_CD40L_IL2_IL5_3DAY_STIMULATED_IRF4HIGH_SORTED_BCELL_DN	199	64		
GSE46606_UNSTIM_VS_CD40L_IL2_IL5_1DAY_STIMULATED_IRF4MID_SORTED_BCELL_UP	200	162		
GSE46606_UNSTIM_VS_CD40L_IL2_IL5_1DAY_STIMULATED_IRF4MID_SORTED_BCELL_DN	200	71		
GSE46606_UNSTIM_VS_CD40L_IL2_IL5_3DAY_STIMULATED_IRF4MID_SORTED_BCELL_UP	200	171		
GSE46606_UNSTIM_VS_CD40L_IL2_IL5_3DAY_STIMULATED_IRF4MID_SORTED_BCELL_DN	200	154		
GSE46606_DAY1_VS_DAY3_CD40L_IL2_IL5_STIMULATED_IRF4HIGH_BCELL_UP	200	163		
GSE46606_DAY1_VS_DAY3_CD40L_IL2_IL5_STIMULATED_IRF4HIGH_BCELL_DN	200	145		
GSE46606_DAY1_VS_DAY3_CD40L_IL2_IL5_STIMULATED_IRF4MID_BCELL_UP	200	87		
GSE46606_DAY1_VS_DAY3_CD40L_IL2_IL5_STIMULATED_IRF4MID_BCELL_DN	199	167		
GSE46606_IRF4HIGH_VS_IRF4MID_CD40L_IL2_IL5_DAY1_STIMULATED_BCELL_UP	200	177		
GSE46606_IRF4HIGH_VS_IRF4MID_CD40L_IL2_IL5_DAY1_STIMULATED_BCELL_DN	200	88		
GSE46606_IRF4HIGH_VS_IRF4MID_CD40L_IL2_IL5_DAY3_STIMULATED_BCELL_UP	200	172		
GSE46606_IRF4HIGH_VS_IRF4MID_CD40L_IL2_IL5_DAY3_STIMULATED_BCELL_DN	199	125		
GSE46606_IRF4HIGH_VS_WT_CD40L_IL2_IL5_DAY1_STIMULATED_BCELL_UP	200	163		
GSE46606_IRF4HIGH_VS_WT_CD40L_IL2_IL5_DAY1_STIMULATED_BCELL_DN	200	131		
GSE46606_IRF4MID_VS_WT_CD40L_IL2_IL5_DAY1_STIMULATED_BCELL_UP	199	151		
GSE46606_IRF4MID_VS_WT_CD40L_IL2_IL5_DAY1_STIMULATED_BCELL_DN	199	126		
GSE46606_IRF4HIGH_VS_WT_CD40L_IL2_IL5_DAY3_STIMULATED_BCELL_UP	199	156		
GSE46606_IRF4HIGH_VS_WT_CD40L_IL2_IL5_DAY3_STIMULATED_BCELL_DN	200	102		
GSE46606_IRF4MID_VS_WT_CD40L_IL2_IL5_DAY3_STIMULATED_BCELL_UP	200	144		
GSE46606_IRF4MID_VS_WT_CD40L_IL2_IL5_DAY3_STIMULATED_BCELL_DN	200	167		
GSE46606_IRF4_KO_VS_WT_UNSTIM_BCELL_UP	200	146		
GSE46606_IRF4_KO_VS_WT_UNSTIM_BCELL_DN	200	103		
GSE46606_UNSTIM_VS_CD40L_IL2_IL5_DAY1_STIMULATED_BCELL_UP	196	121		
GSE46606_UNSTIM_VS_CD40L_IL2_IL5_DAY1_STIMULATED_BCELL_DN	200	152		
GSE46606_UNSTIM_VS_CD40L_IL2_IL5_DAY3_STIMULATED_BCELL_UP	195	114		
GSE46606_UNSTIM_VS_CD40L_IL2_IL5_DAY3_STIMULATED_BCELL_DN	199	149		
GSE46606_DAY1_VS_DAY3_CD40L_IL2_IL5_STIMULATED_BCELL_UP	188	66		
GSE46606_DAY1_VS_DAY3_CD40L_IL2_IL5_STIMULATED_BCELL_DN	199	133		
GSE46025_WT_VS_FOXO1_KO_KLRG1_LOW_CD8_EFFECTOR_TCELL_UP	195	100		
GSE46025_WT_VS_FOXO1_KO_KLRG1_LOW_CD8_EFFECTOR_TCELL_DN	194	131		
GSE45739_NRAS_KO_VS_WT_UNSTIM_CD4_TCELL_UP	200	163		
GSE45739_NRAS_KO_VS_WT_UNSTIM_CD4_TCELL_DN	196	133		
GSE45739_NRAS_KO_VS_WT_ACD3_ACD28_STIM_CD4_TCELL_UP	200	164		
GSE45739_NRAS_KO_VS_WT_ACD3_ACD28_STIM_CD4_TCELL_DN	198	125		
GSE45739_UNSTIM_VS_ACD3_ACD28_STIM_NRAS_KO_CD4_TCELL_UP	200	152		
GSE45739_UNSTIM_VS_ACD3_ACD28_STIM_NRAS_KO_CD4_TCELL_DN	199	98		
GSE45739_UNSTIM_VS_ACD3_ACD28_STIM_WT_CD4_TCELL_UP	200	119		
GSE45739_UNSTIM_VS_ACD3_ACD28_STIM_WT_CD4_TCELL_DN	199	133		
GSE45881_CXCR6HI_VS_CXCR1LO_COLONIC_LAMINA_PROPRIA_UP	199	151		
GSE45881_CXCR6HI_VS_CXCR1LO_COLONIC_LAMINA_PROPRIA_DN	199	126		
GSE45837_WT_VS_GFI1_KO_PDC_UP	193	92		
GSE45837_WT_VS_GFI1_KO_PDC_DN	200	177		
GSE42088_UNINF_VS_LEISHMANIA_INF_DC_24H_UP	200	159		
GSE42088_UNINF_VS_LEISHMANIA_INF_DC_24H_DN	199	130		
GSE42088_2H_VS_24H_LEISHMANIA_INF_DC_UP	200	151		
GSE42088_UNINF_VS_LEISHMANIA_INF_DC_2H_UP	200	124		
GSE42088_UNINF_VS_LEISHMANIA_INF_DC_2H_DN	200	149		
GSE42088_UNINF_VS_LEISHMANIA_INF_DC_4H_UP	200	141		
GSE42088_UNINF_VS_LEISHMANIA_INF_DC_4H_DN	199	144		
GSE42088_UNINF_VS_LEISHMANIA_INF_DC_8H_UP	200	108		
GSE42088_UNINF_VS_LEISHMANIA_INF_DC_8H_DN	197	80		
GSE42088_2H_VS_24H_LEISHMANIA_INF_DC_DN	197	93		
GSE41176_UNSTIM_VS_ANTI_IGM_STIM_BCELL_1H_DN	199	147		
GSE41176_UNSTIM_VS_ANTI_IGM_STIM_BCELL_3H_UP	199	97		
GSE41176_UNSTIM_VS_ANTI_IGM_STIM_BCELL_3H_DN	197	141		
GSE41176_UNSTIM_VS_ANTI_IGM_STIM_BCELL_1H_UP	197	106		
GSE41176_UNSTIM_VS_ANTI_IGM_STIM_TAK1_KO_BCELL_24H_UP	199	139		
GSE41176_UNSTIM_VS_ANTI_IGM_STIM_TAK1_KO_BCELL_24H_DN	199	96		
GSE41176_WT_VS_TAK1_KO_UNSTIM_BCELL_UP	198	116		
GSE41176_UNSTIM_VS_ANTI_IGM_STIM_BCELL_6H_UP	200	133		
GSE41176_UNSTIM_VS_ANTI_IGM_STIM_BCELL_6H_DN	200	150		
GSE41176_UNSTIM_VS_ANTI_IGM_STIM_BCELL_24H_UP	198	56		
GSE41176_UNSTIM_VS_ANTI_IGM_STIM_BCELL_24H_DN	200	166		
GSE41176_UNSTIM_VS_ANTI_IGM_STIM_TAK1_KO_BCELL_1H_UP	200	163		
GSE41176_UNSTIM_VS_ANTI_IGM_STIM_TAK1_KO_BCELL_1H_DN	200	93		
GSE41176_UNSTIM_VS_ANTI_IGM_STIM_TAK1_KO_BCELL_3H_UP	198	94		
GSE41176_UNSTIM_VS_ANTI_IGM_STIM_TAK1_KO_BCELL_3H_DN	200	37		
GSE41176_UNSTIM_VS_ANTI_IGM_STIM_TAK1_KO_BCELL_6H_UP	200	122		
GSE41176_UNSTIM_VS_ANTI_IGM_STIM_TAK1_KO_BCELL_6H_DN	200	36		
GSE41176_WT_VS_TAK1_KO_ANTI_IGM_STIM_BCELL_1H_UP	198	100		
GSE41176_WT_VS_TAK1_KO_ANTI_IGM_STIM_BCELL_1H_DN	200	63		
GSE41176_WT_VS_TAK1_KO_ANTI_IGM_STIM_BCELL_3H_UP	198	102		
GSE41176_WT_VS_TAK1_KO_UNSTIM_BCELL_DN	199	47		
GSE41176_WT_VS_TAK1_KO_ANTI_IGM_STIM_BCELL_6H_UP	200	117		
GSE41176_WT_VS_TAK1_KO_ANTI_IGM_STIM_BCELL_6H_DN	199	145		
GSE41176_WT_VS_TAK1_KO_ANTI_IGM_STIM_BCELL_24H_UP	200	163		
GSE41176_WT_VS_TAK1_KO_ANTI_IGM_STIM_BCELL_3H_DN	200	154		
GSE41176_WT_VS_TAK1_KO_ANTI_IGM_STIM_BCELL_24H_DN	200	137		
GSE43260_BTLA_POS_VS_NEG_INTRATUMORAL_CD8_TCELL_UP	200	161		
GSE43260_BTLA_POS_VS_NEG_INTRATUMORAL_CD8_TCELL_DN	199	132		
GSE45365_NK_CELL_VS_CD11B_DC_MCMV_INFECTION_UP	200	122		
GSE45365_NK_CELL_VS_CD11B_DC_MCMV_INFECTION_DN	200	150		
GSE45365_NK_CELL_VS_BCELL_MCMV_INFECTION_UP	199	131		
GSE45365_NK_CELL_VS_BCELL_MCMV_INFECTION_DN	199	141		
GSE45365_NK_CELL_VS_CD8_TCELL_MCMV_INFECTION_UP	198	151		
GSE45365_NK_CELL_VS_CD8_TCELL_MCMV_INFECTION_DN	200	124		
GSE45365_WT_VS_IFNAR_KO_CD8A_DC_UP	197	144		
GSE45365_WT_VS_IFNAR_KO_CD8A_DC_DN	199	127		
GSE45365_WT_VS_IFNAR_KO_CD8A_DC_MCMV_INFECTION_UP	198	156		
GSE45365_WT_VS_IFNAR_KO_CD8A_DC_MCMV_INFECTION_DN	193	66		
GSE45365_HEALTHY_VS_MCMV_INFECTION_CD8A_DC_UP	200	151		
GSE45365_HEALTHY_VS_MCMV_INFECTION_CD8A_DC_DN	200	132		
GSE45365_HEALTHY_VS_MCMV_INFECTION_CD8A_DC_IFNAR_KO_UP	197	140		
GSE45365_HEALTHY_VS_MCMV_INFECTION_CD8A_DC_IFNAR_KO_DN	200	143		
GSE45365_WT_VS_IFNAR_KO_CD11B_DC_UP	195	129		
GSE45365_WT_VS_IFNAR_KO_CD11B_DC_DN	191	105		
GSE45365_WT_VS_IFNAR_KO_CD11B_DC_MCMV_INFECTION_UP	193	126		
GSE45365_WT_VS_IFNAR_KO_CD11B_DC_MCMV_INFECTION_DN	190	70		
GSE45365_HEALTHY_VS_MCMV_INFECTION_CD11B_DC_UP	188	116		
GSE45365_HEALTHY_VS_MCMV_INFECTION_CD11B_DC_DN	195	79		
GSE45365_HEALTHY_VS_MCMV_INFECTION_CD11B_DC_IFNAR_KO_UP	194	110		
GSE45365_HEALTHY_VS_MCMV_INFECTION_CD11B_DC_IFNAR_KO_DN	192	90		
GSE45365_WT_VS_IFNAR_KO_BCELL_UP	195	113		
GSE45365_WT_VS_IFNAR_KO_BCELL_DN	192	91		
GSE45365_WT_VS_IFNAR_KO_BCELL_MCMV_INFECTION_UP	184	87		
GSE45365_WT_VS_IFNAR_KO_BCELL_MCMV_INFECTION_DN	195	91		
GSE45365_BCELL_VS_CD8_TCELL_UP	191	41		
GSE45365_BCELL_VS_CD8_TCELL_DN	188	59		
GSE45365_HEALTHY_VS_MCMV_INFECTION_BCELL_IFNAR_KO_UP	200	143		
GSE45365_HEALTHY_VS_MCMV_INFECTION_BCELL_IFNAR_KO_DN	196	114		
GSE45365_CD8A_DC_VS_CD11B_DC_UP	197	106		
GSE45365_CD8A_DC_VS_CD11B_DC_DN	198	130		
GSE45365_CD8A_DC_VS_CD11B_DC_IFNAR_KO_UP	195	86		
GSE45365_CD8A_DC_VS_CD11B_DC_IFNAR_KO_DN	196	108		
GSE45365_CD8A_DC_VS_CD11B_DC_IFNAR_KO_MCMV_INFECTION_UP	197	93		
GSE45365_CD8A_DC_VS_CD11B_DC_IFNAR_KO_MCMV_INFECTION_DN	190	49		
GSE45365_HEALTHY_VS_MCMV_INFECTION_CD8_TCELL_IFNAR_KO_UP	191	69		
GSE45365_HEALTHY_VS_MCMV_INFECTION_CD8_TCELL_IFNAR_KO_DN	193	69		
GSE45365_NK_CELL_VS_CD8_TCELL_DN	190	76		
GSE45365_NK_CELL_VS_CD8A_DC_MCMV_INFECTION_UP	194	76		
GSE45365_NK_CELL_VS_CD8A_DC_MCMV_INFECTION_DN	194	103		
GSE37336_LY6C_POS_VS_NEG_NAIVE_CD4_TCELL_DN	186	34		
GSE18804_SPLEEN_MACROPHAGE_VS_BRAIN_TUMORAL_MACROPHAGE_UP	196	87		
GSE18804_SPLEEN_MACROPHAGE_VS_BRAIN_TUMORAL_MACROPHAGE_DN	197	125		
GSE37336_LY6C_POS_VS_NEG_NAIVE_CD4_TCELL_UP	194	70		
GSE18804_BRAIN_VS_COLON_TUMORAL_MACROPHAGE_DN	194	118		
GSE18804_SPLEEN_MACROPHAGE_VS_TUMORAL_MACROPHAGE_UP	199	119		
GSE18804_SPLEEN_MACROPHAGE_VS_TUMORAL_MACROPHAGE_DN	198	125		
GSE18804_BRAIN_VS_COLON_TUMORAL_MACROPHAGE_UP	194	81		
GSE45365_CTRL_VS_MCMV_INFECTION_NK_CELL_DN	194	125		
GSE45365_NK_CELL_VS_BCELL_DN	145	69		
GSE45365_NK_CELL_VS_CD8_TCELL_UP	159	115		
GSE45365_CTRL_VS_MCMV_INFECTION_NK_CELL_UP	200	100		
GSE45365_NK_CELL_VS_CD11B_DC_DN	199	123		
GSE45365_NK_CELL_VS_CD8A_DC_UP	200	140		
GSE45365_NK_CELL_VS_CD8A_DC_DN	199	76		
GSE45365_NK_CELL_VS_CD11B_DC_UP	199	62		
GSE45365_NK_CELL_VS_BCELL_UP	198	155		
GSE18804_SPLEEN_MACROPHAGE_VS_COLON_TUMORAL_MACROPHAGE_UP	200	135		
GSE18804_SPLEEN_MACROPHAGE_VS_COLON_TUMORAL_MACROPHAGE_DN	200	110		
SCHERER_PBMC_APSV_WETVAX_AGE_18_32YO_5_TO_7DY_DN	187	123		
FOURATI_BLOOD_TWINRIX_AGE_25_83YO_RESPONDERS_VS_POOR_RESPONDERS_0DY_DN	747	298		
ZAK_PBMC_MRKAD5_HIV_1_GAG_POL_NEF_AGE_20_50YO_1DY_DN	1010	601		
THAKAR_PBMC_INACTIVATED_INFLUENZA_AGE_21_30YO_RESPONDERS_28DY_DN	907	635		
THAKAR_PBMC_INACTIVATED_INFLUENZA_AGE_21_30YO_RESPONDERS_7DY_DN	635	461		
THAKAR_PBMC_INACTIVATED_INFLUENZA_AGE_21_30YO_VS_70PLS_0DY_UP	22		Rejected!	
ZAK_PBMC_MRKAD5_HIV_1_GAG_POL_NEF_AGE_20_50YO_1DY_UP	1012	619		
FOURATI_BLOOD_TWINRIX_AGE_25_83YO_RESPONDERS_VS_POOR_RESPONDERS_0DY_UP	585	290		
THAKAR_PBMC_INACTIVATED_INFLUENZA_AGE_21_30YO_RESPONDERS_28DY_UP	443	315		
THAKAR_PBMC_INACTIVATED_INFLUENZA_AGE_21_30YO_RESPONDERS_7DY_UP	658	538		
ZAK_PBMC_MRKAD5_HIV_1_GAG_POL_NEF_AGE_20_50YO_AD5_NAB_TITERS_GTE_200_VS_LTE_200_1DY_UP	170	90		
QI_PBMC_ZOSTAVAX_AGE_50_75YO_CORRELATED_WITH_CONTRACTION_OF_VZV_SPECIFIC_T_CELLS_PEAK_TO_28DY_AT_1DYPOSITIVE	294	233		
QI_PBMC_ZOSTAVAX_AGE_50_75YO_CORRELATED_WITH_EXPANSION_OF_VZV_SPECIFIC_T_CELLS_TO_PEAK_AT_1DY_POSITIVE	248	189		
ZAK_PBMC_MRKAD5_HIV_1_GAG_POL_NEF_AGE_20_50YO_3DY_UP	131	79		
ZAK_PBMC_MRKAD5_HIV_1_GAG_POL_NEF_AGE_20_50YO_AD5_NAB_TITERS_GT_200_VS_LTE_200_1DY_DN	111	37		
SCHERER_PBMC_APSV_WETVAX_AGE_18_32YO_50_TO_60DY_UP	169	131		
HOEK_T_CELL_2011_2012_TIV_ADULT_3DY_DN	14		Rejected!	
SCHERER_PBMC_APSV_WETVAX_AGE_18_32YO_5_TO_7DY_UP	285	171		
ZAK_PBMC_MRKAD5_HIV_1_GAG_POL_NEF_AGE_20_50YO_1DY_ADDNL_EXON_LVL_UP	94	67		
ZAK_PBMC_MRKAD5_HIV_1_GAG_POL_NEF_AGE_20_50YO_CORRELATED_WITH_CD8_T_CELL_RESPONSE_3DY_NEGATIVE	99		Rejected!	
THAKAR_PBMC_INACTIVATED_INFLUENZA_AGE_21_30YO_NONRESPONDER_7DY_DN	72	60		
FULLER_PBMC_F_TULARENSIS_VACCINE_LVS_AGE_22_54YO_48HR_UP	60	24		
FULLER_PBMC_F_TULARENSIS_VACCINE_LVS_AGE_22_54YO_18HR_UP	57	22		
FULLER_PBMC_F_TULARENSIS_VACCINE_LVS_AGE_22_54YO_336HR_UP	46	18		
FULLER_PBMC_F_TULARENSIS_VACCINE_LVS_AGE_22_54YO_192HR_UP	45	18		
SCHERER_PBMC_APSV_WETVAX_AGE_18_32YO_2_TO_4DY_UP	63	29		
THAKAR_PBMC_INACTIVATED_INFLUENZA_AGE_21_30YO_NONRESPONDER_28DY_UP	174	141		
SCHERER_PBMC_APSV_WETVAX_AGE_18_32YO_50_TO_60DY_DN	143	109		
SCHERER_PBMC_APSV_WETVAX_AGE_18_32YO_2_TO_4DY_DN	38	25		
DHIMAN_PBMC_ATTENUVAX_AGE_15_25YO_SUBQ_7_OR_14DY_DN	19		Rejected!	
VAN_DEN_BIGGELAAR_PBMC_PREVNAR_9MO_INFANT_STIMULATED_VS_UNSTIMULATED_8MO_UP	80	42		
HARALAMBIEVA_PBMC_FLUARIX_AGE_50_74YO_CORR_WITH_28D_MEM_B_CELL_RESPONSE_AT_28DY_LEUK_MIGR_MAPK_ACT_CYTOK_SIG_DIAB_OF_THE_YNG_NEGATIVE	11		Rejected!	
PATEL_SKIN_OF_BODY_ZOSTAVAX_AGE_70_93YO_VZV_CHALLENGE_6HR_DN	110	69		
ZAK_PBMC_MRKAD5_HIV_1_GAG_POL_NEF_AGE_20_50YO_CORRELATED_WITH_CD8_T_CELL_RESPONSE_3DY_POSITIVE	84	51		
NAKAYA_PBMC_IMUVAC_MALE_AGE_14_27YO_1D_POSTBOOST_VS_0DY_PREIMM_TIV_UP	44	15		
NAKAYA_PBMC_FLUAD_MALE_AGE_14_27YO_1D_POSTBOOST_VS_0D_PREIMM_MF59_ADJUVANTED_1DY_ATIV_UP	40	17		
HOEK_T_CELL_2011_2012_TIV_ADULT_7DY_UP	8		Rejected!	
QI_PBMC_ZOSTAVAX_AGE_50_75YO_CORRELATED_WITH_EXPANSION_OF_VZV_SPECIFIC_T_CELLS_TO_PEAK_AT_1DY_NEGATIVE	136	98		
SCHERER_PBMC_YF_VAX_AGE_18_40YO_JOINT_TO_VACCINIA_AND_YELLOW_FEVER_UP	55	38		
SCHERER_PBMC_APSV_WETVAX_AGE_18_40YO_JOINT_TO_VACCINIA_AND_YELLOW_FEVER_UP	55	38		
FRANCO_BLOOD_SANOFI_PASTEUR_SA_INACTIVATED_INFLUENZA_VACCINE_CORRELATED_WITH_ANTIBODY_RESPONSE_AGE_18_40YO_0DY_NEGATIVE	14		Rejected!	
PANAPASA_BLOOD_FLUENZ_AGE_03_17YO_3DY_4DY_DN	6		Rejected!	
QI_PBMC_ZOSTAVAX_AGE_50_75YO_CORRELATED_WITH_CONTRACTION_OF_VZV_SPECIFIC_T_CELLS_PEAK_TO_28DYAT_1DY_NEGATIVE	197	136		
THAKAR_PBMC_INACTIVATED_INFLUENZA_AGE_21_30YO_NONRESPONDER_7DY_UP	127	108		
OVSYANNIKOVA_PBMC_FLUARIX_AGE_55_64YO_RESPONDERS_VS_NONRESPONDERS_28DY_UP	9		Rejected!	
OVSYANNIKOVA_PBMC_FLUARIX_AGE_55_64YO_RESPONDERS_VS_NONRESPONDERS_0DY_UP	31	18		
SCHERER_PBMC_YF_VAX_OR_APSV_WETVAX_AGE_18_40YO_JOINT_TO_VACCINIA_AND_YELLOW_FEVER_DN	23	19		
KAZMIN_PBMC_P_FALCIPARUM_RTSS_AS01_AGE_UNKNOWN_CORRELATED_WITH_PROTECTION_56DY_NEGATIVE	49	20		
THAKAR_PBMC_INACTIVATED_INFLUENZA_AGE_70PLS_VS_21_30YO_0DY_UP	5		Rejected!	
HOFT_CD4_POSITIVE_ALPHA_BETA_MEMORY_T_CELL_BCG_VACCINE_AGE_18_45YO_56D_TOP_100_DEG_AFTER_IN_VITRO_RE_STIMULATION_DN	47	36		
FLETCHER_PBMC_BCG_10W_INFANT_PPD_STIMULATED_VS_UNSTIMULATED_10W_DN	181	89		
QUEREC_MODEL_PBMC_YF_17D_VACCINE_AGE_18_45_7DY_PREDICTIVE	37	19		
THAKAR_PBMC_INACTIVATED_INFLUENZA_AGE_21_30YO_NONRESPONDER_28DY_DN	64	48		
GAUCHER_PBMC_YF_VAX_STAMARIL_UNKNOWN_AGE_28DY_DN	13		Rejected!	
HOEK_MONOCYTE_2011_2012_TIV_ADULT_1DY_UP	11		Rejected!	
FULLER_PBMC_F_TULARENSIS_VACCINE_LVS_AGE_22_54YO_192HR_DN	33	17		
FULLER_PBMC_F_TULARENSIS_VACCINE_LVS_AGE_22_54YO_336HR_DN	32	17		
FULLER_PBMC_F_TULARENSIS_VACCINE_LVS_AGE_22_54YO_18HR_DN	21		Rejected!	
HARALAMBIEVA_PBMC_M_M_R_II_AGE_11_22YO_VACCINATED_VS_UNVACCINATED_LOW_ANTIBODY_RESPONDERS_TO_TREATMENT_7YR_UP	14		Rejected!	
THAKAR_PBMC_INACTIVATED_INFLUENZA_AGE_70PLS_NONRESPONDER_2DY_DN	148	103		
ZAK_PBMC_MRKAD5_HIV_1_GAG_POL_NEF_AGE_20_50YO_3DY_DN	11		Rejected!	
WEINBERGER_BLOOD_TWINRIX_AGE_20_40_AND_60_84YO_CORRELATED_WITH_HIGH_ANTI_HBS_CONC_AT_WEEK_4_POST_BOOSTER_VACC_1DY_POSITIVE	6		Rejected!	
QIU_PBMC_HEPTATITIS_B_SURFACE_ANTIGEN_AGE_UNDER50_NON_RESPONDERS_VS_RESPONDERS_3DY_UP	15		Rejected!	
QIU_PBMC_HEPTATITIS_B_SURFACE_ANTIGEN_AGE_UNDER50_NON_RESPONDERS_VS_RESPONDERS_0_TO_35DY_JOINTLY_UP	9		Rejected!	
MATSUMIYA_PBMC_MODIFIED_VACCINIA_ANKARA_VACCINE_AGE_18_55YO_2DY_UP	66	36		
THAKAR_PBMC_INACTIVATED_INFLUENZA_AGE_70PLS_NONRESPONDER_2DY_UP	111	94		
OVSYANNIKOVA_PBMC_FLUARIX_AGE_55_64YO_RESPONDERS_VS_NONRESPONDERS_28DY_DN	7		Rejected!	
NAKAYA_MONOCYTE_FLUMIST_AGE_18_50YO_7DY_UP	478	373		
HOEK_MONOCYTE_2011_2012_TIV_ADULT_1DY_DN	16		Rejected!	
LI_PBMC_MENACTRA_AGE_18_45YO_ANTI_DT_ANTIBODY_CORRELATION_PROFILE_3DY_DN	19		Rejected!	
LI_PBMC_MENOMUNE_A_C_Y_W_135_AGE_18_45YO_3DY_DN	19		Rejected!	
LI_PBMC_MENACTRA_AGE_18_45YO_ANTI_POLYSACCHARIDE_ANTIBODY_CORRELATION_PROFILE_3DY_UP	32		Rejected!	
LI_PBMC_MENACTRA_AGE_18_45YO_ANTI_DT_ANTIBODY_CORRELATION_PROFILE_3DY_UP	27		Rejected!	
ERWIN_COHEN_PBMC_TC_83_AGE_18_45YO_NON_RESPONDERS_PREVIOUSLY_IMMUNIZED_24HR_DEG_CANONICAL_PATHWAY_MEMBERS_DN	15		Rejected!	
OSMAN_BLOOD_CHAD63_KH_AGE_18_50YO_HIGH_DOSE_SUBJECTS_24HR_DN	1886	968		
HOWARD_PBMC_INACT_MONOV_INFLUENZA_A_INDONESIA_05_2005_H5N1_AGE_19_39YO_AS03_ADJUVANT_VS_BUFFER_1DY_DN	35		Rejected!	
NAKAYA_B_CELL_FLUMIST_AGE_18_50YO_7DY_DN	399	294		
FRANCO_BLOOD_SANOFI_PASTEUR_SA_INACTIVATED_INFLUENZA_VACCINE_CORRELATED_WITH_ANTIBODY_RESPONSE_AGE_18_40YO_14DY_POSITIVE	24	16		
MATSUMIYA_PBMC_MODIFIED_VACCINIA_ANKARA_VACCINE_AGE_18_55YO_VACCINATED_VS_CONTROL_TREATED_IN_VITRO_WITH_MVA85A_6HR_UP	94	43		
RECHTIEN_PBMC_RVSV_ZEBOV_AGE_18_55YO_1DY_UP	10		Rejected!	
HARALAMBIEVA_PBMC_M_M_R_II_AGE_11_22YO_VACCINATED_VS_UNVACCINATED_HIGH_ANTIBODY_RESPONDERS_TO_TREATMENT_7YR_DN	10		Rejected!	
GARCIA_PINERES_PBMC_HPV_16_L1_VLP_AGE_18_25YO_7MO_CORRELATED_WITH_ANTIBODY_RESPONSE_POSITIVE	21		Rejected!	
GARCIA_PINERES_PBMC_HPV_16_L1_VLP_AGE_18_25YO_12MO_CORRELATED_WITH_ANTIBODY_RESPONSE_POSITIVE	21		Rejected!	
HOEK_MONOCYTE_2011_2012_TIV_ADULT_7DY_UP	9		Rejected!	
HOWARD_DENDRITIC_CELL_INACT_MONOV_INFLUENZA_A_INDONESIA_05_2005_H5N1_AGE_18_49YO_3DY_UP	11		Rejected!	
FULLER_PBMC_F_TULARENSIS_VACCINE_LVS_AGE_22_54YO_48HR_DN	18		Rejected!	
VAN_DEN_BIGGELAAR_PBMC_PREVNAR_9MO_INFANT_STIMULATED_VS_UNSTIMULATED_9MO_DN	5		Rejected!	
HOEK_B_CELL_2011_2012_TIV_ADULT_7DY_DN	9		Rejected!	
ERWIN_COHEN_BLOOD_VACCINE_TC_83_AGE_23_48YO_VACCINATED_VS_CONTROL_2DY_DN	32	20		
VAN_DEN_BIGGELAAR_PBMC_PREVNAR_9MO_INFANT_STIMULATED_VS_UNSTIMULATED_9MO_UP	127	82		
MATSUMIYA_PBMC_MODIFIED_VACCINIA_ANKARA_VACCINE_AGE_18_55YO_HIGH_RESPONDERS_VS_LOW_RESPONDERS_0DY_UP	9		Rejected!	
GAUCHER_PBMC_YF_VAX_STAMARIL_UNKNOWN_AGE_14DY_UP	58	47		
HOEK_NEUTROPHIL_2011_2012_TIV_ADULT_7DY_UP	20		Rejected!	
NAKAYA_PBMC_FLUAD_MALE_AGE_14_27YO_1D_POSTBOOST_VS_0D_PREIMM_MF59_ADJUVANTED_1DY_GENES_IN_BTM_M40_AND_M53_UP	17		Rejected!	
WEINBERGER_BLOOD_TWINRIX_AGE_20_40_AND_60_84YO_CORRELATED_WITH_HIGH_ANTI_HBS_CONC_AT_WEEK_30_PRIMARY_VACC_1DY_POSITIVE	7		Rejected!	
GARCIA_PINERES_PBMC_HPV_16_L1_VLP_AGE_18_25YO_2MO_DN	287	144		
LI_PBMC_MENACTRA_AGE_18_45YO_CORRELATED_WITH_ANTI_DT_ANTIBODY_3DY_NEGATIVE	27		Rejected!	
FULLER_PBMC_F_TULARENSIS_VACCINE_LVS_AGE_22_54YO_18HR_TO_48HR_EARLY_DN	38	29		
HOEK_B_CELL_2011_2012_TIV_ADULT_3DY_UP	39	17		
KANNAN_BLOOD_2012_2013_TIV_AGE_65PLS_REVACCINATED_IN_6_9_MO_VS_REVACCINATED_IN_12_13_MO_UP	226	141		
HOEK_B_CELL_2011_2012_TIV_ADULT_7DY_UP	48	21		
LI_PBMC_MENACTRA_AGE_18_45YO_ANTI_POLYSACCHARIDE_ANTIBODY_CORRELATION_PROFILE_3DY_DN	16		Rejected!	
ANDERSON_BLOOD_CN54GP140_ADJUVANTED_WITH_GLA_AF_AGE_18_45YO_3DY_DN	34	27		
HARALAMBIEVA_PBMC_TIV_AGE_50_74YO_CORRELATED_WITH_MEMORY_B_CELL_RESPONSE_28DY_NEGATIVE	25		Rejected!	
HOWARD_NK_CELL_INACT_MONOV_INFLUENZA_A_INDONESIA_05_2005_H5N1_AGE_18_49YO_1DY_UP	21		Rejected!	
FULLER_PBMC_F_TULARENSIS_VACCINE_LVS_AGE_22_54YO_18HR_TO_48HR_EARLY_UP	19		Rejected!	
QIU_PBMC_HEPTATITIS_B_SURFACE_ANTIGEN_AGE_UNDER50_NON_RESPONDERS_VS_RESPONDERS_0DY_UP	19		Rejected!	
LI_PBMC_MENOMUNE_A_C_Y_W_135_AGE_18_45YO_CORRELATED_WITH_ANTIBODY_RESPONSE_3DY_NEGATIVE	25		Rejected!	
LI_PBMC_MENACTRA_AGE_18_45YO_CORRELATED_WITH_ANTI_POLYSACCHARIDE_ANTIBODY_3DY_POSITIVE	60	25		
MATSUMIYA_PBMC_MODIFIED_VACCINIA_ANKARA_VACCINE_AGE_18_55YO_LOW_VS_HIGH_RESPONDERS_2DY_GO_T_CELL_ACTIV_AND_CO_STIM_UP	10		Rejected!	
NAKAYA_PBMC_FLUMIST_AGE_18_50YO_7DY_IFN_SUBSET_DN	10		Rejected!	
MATSUMIYA_BLOOD_MODIFIED_VACCINIA_ANKARA_VACCINE_AGE_4_6MO_VACCINATED_VS_CANDIN_PLACEBO_BCG_PRIMED_1DY_UP	15		Rejected!	
PATEL_SKIN_OF_BODY_ZOSTAVAX_AGE_70_93YO_VZV_CHALLENGED_POST_VACCINATION_VS_UNCHALLENGED_72HR_TOP_30_DEG_UP	29		Rejected!	
PATEL_SKIN_OF_BODY_ZOSTAVAX_AGE_70_93YO_VZV_CHALLENGE_6HR_TOP_30_DEG_UP	29		Rejected!	
KENNEDY_PBMC_DRYVAX_AGE_18_40YO_STIMULATED_VS_UNSTIMULATED_1_TO_48MO_TOP_DEG_DN	35		Rejected!	
QI_PBMC_ZOSTAVAX_AGE_50_75YO_CORRELATED_WITH_T_CELL_RESPONSES_EXPANSION_AND_CONTRACTION_1D_NOT_INFORMATIVE_OF_LONG_TERM_RESPONSES_POSITIVE	16		Rejected!	
NAKAYA_B_CELL_FLUMIST_AGE_18_50YO_7DY_UP	475	359		
ERWIN_COHEN_PBMC_TC_83_AGE_18_45YO_NON_RESPONDERS_PREVIOUSLY_IMMUNIZED_24HR_DEG_CANONICAL_PATHWAY_MEMBERS_UP	18		Rejected!	
QIU_PBMC_HEPTATITIS_B_SURFACE_ANTIGEN_AGE_UNDER50_NON_RESPONDERS_VS_RESPONDERS_28DY_UP	17		Rejected!	
QIU_PBMC_HEPTATITIS_B_SURFACE_ANTIGEN_AGE_UNDER50_NON_RESPONDERS_VS_RESPONDERS_35DY_UP	15		Rejected!	
CAO_BLOOD_FLUZONE_AGE_05_14YO_7DY_UP	8		Rejected!	
QIU_PBMC_HEPTATITIS_B_SURFACE_ANTIGEN_AGE_UNDER50_NON_RESPONDERS_VS_RESPONDERS_7DY_UP	32		Rejected!	
GAUCHER_PBMC_YF_VAX_STAMARIL_UNKNOWN_AGE_60DY_UP	50	27		
BUCASAS_PBMC_FLUARIX_FLUVIRIN_CAUCASIAN_MALE_AGE_18_40YO_LOW_RESPONDERS_1DY_POSITIVE_PREDICTIVE_OF_TITER	5		Rejected!	
OVSYANNIKOVA_PBMC_FLUARIX_AGE_50_74YO_COMMON_WITH_BOTH_HAI_AND_VNA_28DY_VS_3DY_USED_IN_HAI_AND_VNA_RESPONSE_MODELS_UP	25	17		
QI_PBMC_ZOSTAVAX_AGE_50_75YO_CORRELATED_WITH_T_CELL_RESPONSES_1D_INFORMATIVE_OF_LONG_TERM_RESPONSES_NEGATIVE	13		Rejected!	
HOWARD_NK_CELL_INACT_MONOV_INFLUENZA_A_INDONESIA_05_2005_H5N1_AGE_18_49YO_28DY_DN	62	21		
MATSUMIYA_BLOOD_MODIFIED_VACCINIA_ANKARA_VACCINE_AGE_4_6MO_VACCINATED_VS_CANDIN_PLACEBO_BCG_PRIMED_1DY_DN	11		Rejected!	
NAKAYA_PBMC_FLUARIX_FLUVIRIN_AGE_18_50YO_CORRELATED_WITH_HAI_28DY_RESPONSE_AT_7DY_NEGATIVE	475	380		
HOWARD_NEUTROPHIL_INACT_MONOV_INFLUENZA_A_INDONESIA_05_2005_H5N1_AGE_18_49YO_3DY_DN	8		Rejected!	
FRANCO_BLOOD_SANOFI_PASTEUR_SA_INACTIVATED_INFLUENZA_VACCINE_CORRELATED_WITH_ANTIBODY_RESPONSE_AGE_18_40YO_1DY_NEGATIVE	21	15		
HOFT_CD4_POSITIVE_ALPHA_BETA_MEMORY_T_CELL_BCG_VACCINE_AGE_18_45YO_ID_7DY_TOP_100_DEG_EX_VIVO_UP	28		Rejected!	
HOWARD_MONOCYTE_INACT_MONOV_INFLUENZA_A_INDONESIA_05_2005_H5N1_AGE_18_49YO_1DY_UP	231	109		
HOWARD_NEUTROPHIL_INACT_MONOV_INFLUENZA_A_INDONESIA_05_2005_H5N1_AGE_18_49YO_1DY_UP	394	246		
HOWARD_PBMC_INACT_MONOV_INFLUENZA_A_INDONESIA_05_2005_H5N1_AGE_19_39YO_AS03_ADJUVANT_VS_BUFFER_1DY_UP	377	141		
HOWARD_DENDRITIC_CELL_INACT_MONOV_INFLUENZA_A_INDONESIA_05_2005_H5N1_AGE_18_49YO_1DY_UP	159	75		
LI_PBMC_MENACTRA_AGE_18_45YO_7DY_UP	13		Rejected!	
HOEK_NEUTROPHIL_2011_2012_TIV_ADULT_3DY_DN	10		Rejected!	
GAUCHER_PBMC_YF_VAX_STAMARIL_UNKNOWN_AGE_60DY_DN	34	26		
PATEL_SKIN_OF_BODY_ZOSTAVAX_AGE_70_93YO_VZV_CHALLENGE_6HR_UP	291	177		
ANDERSON_BLOOD_CN54GP140_ADJUVANTED_WITH_GLA_AF_AGE_18_45YO_6HR_UP	37	22		
MATSUMIYA_PBMC_MODIFIED_VACCINIA_ANKARA_VACCINE_AGE_4_6MO_BCG_PRIMED_28DY_UP	10		Rejected!	
ANDERSON_BLOOD_CN54GP140_ADJUVANTED_WITH_GLA_AF_AGE_18_45YO_3DY_UP	40		Rejected!	
NAKAYA_PBMC_FLUARIX_FLUVIRIN_AGE_18_50YO_7DY_UP	572	441		
SOBOLEV_PBMC_PANDEMRIX_AGE_18_64YO_MEDIUM_HIGH_ADVERSE_EVENTS_SCORE_1DY_DN	5		Rejected!	
NAKAYA_PBMC_FLUMIST_AGE_18_50YO_3DY_UP	562	413		
HOEK_MYELOID_DENDRITIC_CELL_2011_2012_TIV_ADULT_7DY_UP	27		Rejected!	
HOWARD_NEUTROPHIL_INACT_MONOV_INFLUENZA_A_INDONESIA_05_2005_H5N1_AGE_18_49YO_1DY_DN	110	73		
SOBOLEV_PBMC_PANDEMRIX_AGE_18_64YO_CORRELATED_WITH_AGE_1DY_POSITIVE	30		Rejected!	
NAKAYA_PBMC_FLUAD_IMUVAC_MALE_AGE_14_27YO_CORRELATED_WITH_HAI_RESPONSE_MF59_ADJUVANTED_AND_NON_1DY_GENES_IN_BTM_M75_POSITIVE	19		Rejected!	
HOEK_NEUTROPHIL_2011_2012_TIV_ADULT_1DY_UP	38	16		
HOEK_NK_CELL_2011_2012_TIV_ADULT_7DY_UP	18		Rejected!	
HOEK_PBMC_INACTIVATED_INFLUENZA_ADULT_3DY_DN	19		Rejected!	
SOBOLEV_PBMC_PANDEMRIX_AGE_18_64YO_LOW_VS_MEDIUM_HIGH_ADVERSE_EVENT_SUBJECTS_0DY_DN	8		Rejected!	
FOURATI_BLOOD_TWINRIX_AGE_65_81YO_RESPONDERS_VS_POOR_RESPONDERS_TRAINING_SET_0DY_NETWORK_INFERENCE_DN	5		Rejected!	
NAKAYA_PLASMACYTOID_DENDRITIC_CELL_FLUMIST_AGE_18_50YO_7DY_DN	909	428		
NAKAYA_PBMC_FLUARIX_FLUVIRIN_AGE_18_50YO_CORRELATED_WITH_HAI_28DY_RESPONSE_AT_3DY_POSITIVE	426	276		
HOEK_MYELOID_DENDRITIC_CELL_2011_2012_TIV_ADULT_1DY_UP	29		Rejected!	
KAZMIN_PBMC_P_FALCIPARUM_RTSS_AS01_UNKN_AGE_IMM_WITH_ARR_VS_IMM_BY_RRR_PRIMARY_IMMUNIZ_WITH_RECOMB_ADENOVIRUS_35_1DY_UP	10		Rejected!	
ERWIN_COHEN_BLOOD_LIVE_VACCINE_TC_83_AGE_23_48YO_VACCINATED_VS_CONTROL_14DY_UP	687	564		
ERWIN_COHEN_BLOOD_VACCINE_TC_83_AGE_23_48YO_VACCINATED_VS_CONTROL_7DY_UP	72	42		
HOWARD_T_CELL_INACT_MONOV_INFLUENZA_A_INDONESIA_05_2005_H5N1_AGE_18_49YO_1DY_UP	42	28		
GARCIA_PINERES_PBMC_HPV_16_L1_VLP_AGE_18_25YO_STIMULATED_VS_UNSTIMULATED_0DY_VACCINATION_INDEPENDENT_UP	257	129		
COLE_BLOOD_FLUMIST_QUADRIVALENT_AGE_03_17YO_7DY_UP	5		Rejected!	
RICHERT_PBMC_HIV_LIPO_5_AGE_37_48YO_STIMULATED_VS_UNSTIMULATED_14W_SIGNIFICANT_VARIATION_UP	6		Rejected!	
RICHERT_PBMC_HIV_LIPO_5_AGE_37_48YO_STIMULATED_VS_UNSTIMULATED_14W_INTERFERON_SUBSET_UP	5		Rejected!	
ERWIN_COHEN_BLOOD_VACCINE_TC_83_AGE_23_48YO_VACCINATED_VS_CONTROL_7DY_DN	7		Rejected!	
HOEK_NK_CELL_2011_2012_TIV_ADULT_1DY_UP	14		Rejected!	
SOBOLEV_PBMC_PANDEMRIX_AGE_18_64YO_RESPONDERS_VS_NONRESPONDERS_7DY_UP	22		Rejected!	
HOEK_PBMC_INACTIVATED_INFLUENZA_ADULT_1DY_UP	13		Rejected!	
HOFT_PBMC_TICE_BCG_RBCG_AG85A_AG85B_AGE_18_40YO_CORRELATED_WITH_WHOLE_BLOOD_BACTERICIDAL_ACTIVITY_NEGATIVE	40	16		
RICHERT_PBMC_HIV_LIPO_5_AGE_37_48YO_STIMULATED_VS_UNSTIMULATED_14W_TOP_FUNCTIONAL_NETWORK_UP	27		Rejected!	
LI_PBMC_MENOMUNE_A_C_Y_W_135_AGE_18_45YO_CORRELATED_WITH_ANTIBODY_RESPONSE_3DY_POSITIVE	43	19		
LI_PBMC_MENACTRA_AGE_18_45YO_CORRELATED_WITH_ANTI_DT_ANTIBODY_3DY_POSITIVE	40	16		
LI_PBMC_MENACTRA_AGE_18_45YO_CORRELATED_WITH_ANTI_POLYSACCHARIDE_ANTIBODY_3DY_NEGATIVE	19		Rejected!	
COLE_BLOOD_FLUZONE_FLUARIX_AGE_03_17YO_7DY_DN	7		Rejected!	
FRANCO_BLOOD_SANOFI_PASTEUR_SA_INACTIVATED_INFLUENZA_VACCINE_CORRELATED_WITH_ANTIBODY_RESPONSE_AGE_18_40YO_3DY_POSITIVE	18		Rejected!	
FLETCHER_PBMC_BCG_10W_INFANT_BCG_STIMULATED_VS_UNSTIMULATED_10W_UP	127	62		
FLETCHER_PBMC_BCG_10W_INFANT_PPD_STIMULATED_VS_UNSTIMULATED_10W_UP	92	36		
GARCIA_PINERES_PBMC_HPV_16_L1_VLP_AGE_18_25YO_7MO_CORRELATED_WITH_ANTIBODY_RESPONSE_NEGATIVE	13		Rejected!	
GARCIA_PINERES_PBMC_HPV_16_L1_VLP_AGE_18_25YO_12MO_CORRELATED_WITH_ANTIBODY_RESPONSE_NEGATIVE	20		Rejected!	
SCHERER_PBMC_APSV_WETVAX_AGE_18_40YO_5_TO_7DY_UP	24		Rejected!	
FOURATI_BLOOD_TWINRIX_AGE_65_83YO_POOR_RESPONDERS_VS_RESPONDERS_0DY_NETWORK_INFERENCE_UP	5		Rejected!	
QUEREC_PBMC_YF_17D_VACCINE_AGE_18_45YO_3DY_UP	46	27		
QUEREC_PBMC_YF_17D_VACCINE_AGE_18_45YO_7DY_UP	46	27		
HOEK_NEUTROPHIL_2011_2012_TIV_ADULT_7DY_DN	40	24		
NAKAYA_PBMC_FLUMIST_AGE_18_50YO_7DY_IFN_SUBSET_UP	33	26		
FRANCO_BLOOD_SANOFI_PASTEUR_SA_INACTIVATED_INFLUENZA_VACCINE_CORRELATED_WITH_ANTIBODY_RESPONSE_AGE_18_40YO_0DY_POSITIVE	22		Rejected!	
SCHERER_PBMC_YF_VAX_AGE_18_40YO_4_TO_7DY_UP	355	213		
ANDERSON_BLOOD_CN54GP140_ADJUVANTED_WITH_GLA_AF_AGE_18_45YO_HIGH_IGM_RESPONDERS_3DY_7D_DN	6		Rejected!	
BUCASAS_PBMC_FLUARIX_FLUVIRIN_CAUCASIAN_MALE_AGE_18_40YO_HIGH_RESPONDERS_1DY_TOP_FUNCTIONAL_NETWORK_POSITIVE	19		Rejected!	
PATEL_SKIN_OF_BODY_ZOSTAVAX_AGE_70_93YO_VZV_CHALLENGE_3DY_DN	42	18		
HOEK_NK_CELL_2011_2012_TIV_ADULT_3DY_UP	23		Rejected!	
GAUCHER_PBMC_YF_VAX_STAMARIL_UNKNOWN_AGE_14DY_DN	12		Rejected!	
HOWARD_MONOCYTE_INACT_MONOV_INFLUENZA_A_INDONESIA_05_2005_H5N1_AGE_18_49YO_1DY_DN	37		Rejected!	
FULLER_PBMC_F_TULARENSIS_VACCINE_LVS_AGE_22_54YO_18HR_TO_336HR_SUSTAINED_UP	9		Rejected!	
SOBOLEV_PBMC_PANDEMRIX_AGE_18_64YO_HIGH_VS_LOW_RESPONDERS_MEDIUM_HIGH_ADVERSE_EVENTS_SCORE_1DY_TRANSIENT_UP	10		Rejected!	
CAO_BLOOD_FLUZONE_AGE_05_14YO_7DY_DN	8		Rejected!	
KANNAN_BLOOD_2012_2013_TIV_AGE_65PLS_REVACCINATED_IN_6_9_MO_VS_REVACCINATED_IN_12_13_MOS_DN	343	242		
GAUCHER_PBMC_YF_VAX_STAMARIL_UNKNOWN_AGE_28DY_UP	27	17		
HOEK_PBMC_INACTIVATED_INFLUENZA_ADULT_1DY_DN	13		Rejected!	
ANDERSON_BLOOD_CN54GP140_ADJUVANTED_WITH_GLA_AF_AGE_18_45YO_6HR_DN	63	38		
OVSYANNIKOVA_PBMC_FLUARIX_AGE_50_74YO_COMMON_WITH_BOTH_HAI_AND_VNA_28DY_VS_3DY_USED_IN_HAI_AND_VNA_RESPONSE_MODELS_DN	18		Rejected!	
NAKAYA_PBMC_FLUARIX_FLUVIRIN_AGE_18_50YO_3DY_UP	625	485		
HOFT_CD4_POSITIVE_ALPHA_BETA_MEMORY_T_CELL_BCG_VACCINE_AGE_18_45YO_7DY_UP	40	26		
OVSYANNIKOVA_PBMC_FLUARIX_AGE_50_74YO_COMMON_WITH_BOTH_HAI_AND_VNA_28DY_VS_0DY_USED_IN_HAI_AND_VNA_RESPONSE_MODELS_DN	9		Rejected!	
SCHERER_PBMC_YF_VAX_AGE_18_40YO_4_TO_7DY_DN	244	181		
CAO_BLOOD_FLUMIST_AGE_05_14YO_30DY_DN	8		Rejected!	
FISCHER_BLOOD_PLASMA_RVSV_EBOV_AGE_18_55YO_HIGH_DOSE_3DY_DN	6		Rejected!	
HOEK_NEUTROPHIL_2011_2012_TIV_ADULT_3DY_UP	10		Rejected!	
HOEK_MONOCYTE_2011_2012_TIV_ADULT_3DY_UP	6		Rejected!	
NAKAYA_MONOCYTE_FLUMIST_AGE_18_50YO_7DY_DN	259	182		
HARALAMBIEVA_PBMC_M_M_R_II_AGE_13_16YO_STIMULATED_VS_UNSTIMULATED_3_TO_7YR_POST_TOP_DEG_UP	42		Rejected!	
HOEK_T_CELL_2011_2012_TIV_ADULT_1DY_DN	7		Rejected!	
HOEK_NK_CELL_2011_2012_TIV_7D_VS_0DY_ADULT_7D_DN	19		Rejected!	
VOIGT_PBMC_FLUARIX_AGE_50_74YO_FEMALES_VS_MALES_0DY_TO_28D_UP	20		Rejected!	
HARALAMBIEVA_PBMC_M_M_R_II_AGE_11_22YO_VACCINATED_VS_UNVACCINATED_7YR_UP	973	411		
OSMAN_BLOOD_CHAD63_KH_AGE_18_50YO_HIGH_DOSE_SUBJECTS_24HR_UP	1992		Rejected!	
RICHERT_PBMC_HIV_LIPO_5_AGE_37_48YO_STIMULATED_VS_UNSTIMULATED_0W_14W_METALLOTHIONEIN_SUBSET_UP	8		Rejected!	
CAO_BLOOD_FLUMIST_AGE_05_14YO_1DY_DN	8		Rejected!	
LI_PBMC_ZOSTAVAX_AGE_25_40_AND_60_79YO_3DY_UP	7		Rejected!	
ANDERSON_BLOOD_CN54GP140_ADJUVANTED_WITH_GLA_AF_AGE_18_45YO_1DY_DN	85	77		
GAUCHER_PBMC_YF_VAX_STAMARIL_UNKNOWN_AGE_7DY_DN	190	140		
HOEK_T_CELL_2011_2012_TIV_ADULT_1DY_UP	13		Rejected!	
HOEK_B_CELL_2011_2012_TIV_ADULT_1DY_UP	11		Rejected!	
NAKAYA_PBMC_FLUMIST_AGE_18_50YO_3DY_DN	680	573		
FRANCO_BLOOD_SANOFI_PASTEUR_SA_INACTIVATED_INFLUENZA_VACCINE_CORRELATED_WITH_ANTIBODY_RESPONSE_AGE_18_40YO_14DY_NEGATIVE	28		Rejected!	
HARALAMBIEVA_PBMC_FLUARIX_AGE_50_74YO_CORR_WITH_28D_MEM_B_CELL_RESPONSE_AT_28DY_LATE_GENE_EXPR_INDIVID_GENE_MODELS_PRED_PEAK_B_CELL_ELISPOT_RESP_NEGATIVE	10		Rejected!	
HOEK_MONOCYTE_2011_2012_TIV_ADULT_3DY_DN	6		Rejected!	
HOEK_PBMC_INACTIVATED_INFLUENZA_ADULT_7DY_UP	49		Rejected!	
ERWIN_COHEN_PBMC_TC_83_AGE_18_45YO_RESPONDERS_PREVIOUSLY_IMMUNIZED_24HR_DEG_CANONICAL_PATHWAY_MEMBERS_UP	34	17		
ERWIN_COHEN_PBMC_TC_83_AGE_18_45YO_NAIVE_NOT_PREVIOUSLY_IMMUNIZED_24HR_DEG_CANONICAL_PATHWAY_MEMBERS_UP	39	17		
CAO_BLOOD_FLUMIST_AGE_05_14YO_7DY_UP	7		Rejected!	
CAO_BLOOD_FLUZONE_AGE_05_14YO_CORRELATED_WITH_H3N1_HI_TITER_1DY_POSITIVE	6		Rejected!	
CAO_BLOOD_FLUMIST_AGE_05_14YO_CORRELATED_WITH_H3N2_VN_TITER_7DY_POSITIVE	9		Rejected!	
HARALAMBIEVA_PBMC_FLUARIX_AGE_50_74YO_CORR_WITH_28D_MEM_B_CELL_RESPONSE_AT_28DY_POSITIVE	1249	766		
HARALAMBIEVA_PBMC_FLUARIX_AGE_50_74YO_CORR_WITH_28D_MEM_B_CELL_RESPONSE_AT_3DY_POSITIVE	367	264		
HOEK_PBMC_INACTIVATED_INFLUENZA_ADULT_3DY_UP	16		Rejected!	
CAO_BLOOD_FLUZONE_AGE_05_14YO_1DY_DN	6		Rejected!	
NAKAYA_PBMC_FLUARIX_FLUVIRIN_AGE_18_50YO_CORRELATED_WITH_HAI_28DY_RESPONSE_AT_3DY_NEGATIVE	364	285		
CAO_BLOOD_FLUZONE_AGE_05_14YO_30DY_DN	8		Rejected!	
NAKAYA_PLASMACYTOID_DENDRITIC_CELL_FLUARIX_FLUVIRIN_AGE_18_50YO_7DY_DN	196	141		
HOEK_NEUTROPHIL_2011_2012_TIV_ADULT_1DY_DN	63	38		
NAKAYA_PBMC_FLUAD_MALE_AGE_14_27YO_1D_POSTBOOST_VS_0D_PREIMM_MF59_ADJUVANTED_1DY_GENES_IN_BTM_M40_AND_M53_DN	56	39		
HOWARD_NK_CELL_INACT_MONOV_INFLUENZA_A_INDONESIA_05_2005_H5N1_AGE_18_49YO_3DY_UP	68	64		
HOWARD_NEUTROPHIL_INACT_MONOV_INFLUENZA_A_INDONESIA_05_2005_H5N1_AGE_18_49YO_3DY_UP	119	72		
FRANCO_BLOOD_SANOFI_PASTEUR_SA_INACTIVATED_INFLUENZA_VACCINE_CORRELATED_WITH_ANTIBODY_RESPONSE_AGE_18_40YO_1DY_POSITIVE	129	81		
NAKAYA_PBMC_FLUMIST_AGE_18_50YO_3DY_IFN_SUBSET_UP	32	25		
NAKAYA_B_CELL_FLUARIX_FLUVIRIN_AGE_18_50YO_7DY_DN	294	217		
HARALAMBIEVA_PBMC_M_M_R_II_AGE_11_22YO_VACCINATED_VS_UNVACCINATED_LOW_ANTIBODY_RESPONDERS_TO_TREATMENT_7YR_DN	11		Rejected!	
HOEK_T_CELL_2011_2012_TIV_ADULT_3DY_UP	17		Rejected!	
HARALAMBIEVA_PBMC_FLUARIX_AGE_50_74YO_CORR_WITH_28D_MEM_B_CELL_RESPONSE_AT_0DY_NEGATIVE	433	271		
HOFT_CD4_POSITIVE_ALPHA_BETA_MEMORY_T_CELL_BCG_VACCINE_AGE_18_45YO_ID_7DY_TOP_100_DEG_EX_VIVO_DN	16		Rejected!	
CAO_BLOOD_FLUMIST_AGE_05_14YO_7DY_DN	8		Rejected!	
HARALAMBIEVA_PBMC_FLUARIX_AGE_50_74YO_CORR_WITH_28D_MEM_B_CELL_RESPONSE_AT_3DY_NEGATIVE	638	459		
SCHERER_PBMC_YF_VAX_AGE_18_40YO_ANYD_DN	19	15		
KAZMIN_PBMC_P_FALCIPARUM_RTSS_AS01_AGE_UNKNOWN_CORRELATED_WITH_PROTECTION_56DY_POSITIVE	5		Rejected!	
ANDERSON_BLOOD_CN54GP140_ADJUVANTED_WITH_GLA_AF_AGE_18_45YO_7DY_DN	7		Rejected!	
NAKAYA_PLASMACYTOID_DENDRITIC_CELL_FLUMIST_AGE_18_50YO_7DY_UP	1215	984		
QI_PBMC_ZOSTAVAX_AGE_50_75YO_1DY_UP	7		Rejected!	
LI_PBMC_ZOSTAVAX_AGE_25_40_AND_60_79YO_1DY_UP	6		Rejected!	
HIPC_SIGNATURES_PROJECT_PBMC_TRIVALENT_INFLUENZA_VACCINE_HIGH_RESPONDERS_VS_LOW_RESPONDERS_YOUNGER_ADULTS_21_35_HIGH_RESPONDERS_0D_DOWN	6		Rejected!	
SCHERER_PBMC_YF_VAX_AGE_18_40YO_ANYD_UP	10		Rejected!	
HIPC_SIGNATURES_PROJECT_PBMC_TRIVALENT_INFLUENZA_VACCINE_HIGH_RESPONDERS_VS_LOW_RESPONDERS_YOUNGER_ADULTS_21_35_HIGH_RESPONDERS_0D_UP	9		Rejected!	
NAKAYA_PBMC_FLUARIX_FLUVIRIN_AGE_18_50YO_7DY_DN	277	218		
NAKAYA_PBMC_FLUMIST_AGE_18_50YO_7DY_DN	844	667		
NAKAYA_MYELOID_DENDRITIC_CELL_FLUMIST_AGE_18_50YO_7DY_DN	267	197		
NAKAYA_PBMC_FLUMIST_AGE_18_50YO_7DY_UP	1573		Rejected!	
QI_PBMC_ZOSTAVAX_AGE_50_75YO_CORRELATED_WITH_28D_PEAK_T_CELL_RESPONSE_14DY_NEGATIVE	37	36		
QUEREC_MODEL_PBMC_YF_17D_VACCINE_AGE_18_45YO_3DY_PREDICTIVE	48	33		
PANAPASA_BLOOD_FLUENZ_AGE_03_17YO_6DY_7DY_UP	9		Rejected!	
ANDERSON_BLOOD_CN54GP140_ADJUVANTED_WITH_GLA_AF_AGE_18_45YO_1DY_UP	86	31		
QIU_PBMC_HEPTATITIS_B_SURFACE_ANTIGEN_AGE_UNDER50_NON_RESPONDERS_VS_RESPONDERS_28DY_DN	11		Rejected!	
SOBOLEV_PBMC_PANDEMRIX_AGE_18_64YO_MEDIUM_HIGH_ADVERSE_EVENT_SUBJECTS_1DY_UP	39		Rejected!	
GARCIA_PINERES_PBMC_HPV_16_L1_VLP_AGE_18_25YO_2MO_UP	324	203		
ERWIN_COHEN_BLOOD_TC_83_AGE_23_48YO_VACCINATED_VS_CONTROL_2DY_UP	119	66		
GAUCHER_PBMC_YF_VAX_STAMARIL_UNKNOWN_AGE_7DY_UP	292	185		
GAUCHER_PBMC_YF_VAX_STAMARIL_UNKNOWN_AGE_10DY_UP	196	134		
GAUCHER_PBMC_YF_VAX_STAMARIL_UNKNOWN_AGE_3DY_UP	219	139		
HOEK_B_CELL_2011_2012_TIV_ADULT_3DY_DN	5		Rejected!	
HOEK_NK_CELL_2011_2012_TIV_3D_VS_0DY_ADULT_3D_DN	258	73		
HOEK_MYELOID_DENDRITIC_CELL_2011_2012_TIV_ADULT_7DY_DN	9		Rejected!	
HOEK_PBMC_INACTIVATED_INFLUENZA_ADULT_7DY_DN	22		Rejected!	
GAUCHER_PBMC_YF_VAX_STAMARIL_UNKNOWN_AGE_3DY_DN	104	76		
ERWIN_COHEN_BLOOD_VACCINE_TC_83_AGE_23_48YO_VACCINATED_VS_CONTROL_14DY_DN	7		Rejected!	
NAKAYA_PBMC_FLUARIX_FLUVIRIN_AGE_18_50YO_3DY_DN	433	358		
LI_PBMC_MENOMUNE_A_C_Y_W_135_AGE_18_45YO_3DY_UP	29		Rejected!	
CAO_BLOOD_FLUZONE_AGE_05_14YO_1DY_UP	6		Rejected!	
FLETCHER_PBMC_BCG_10W_INFANT_BCG_STIMULATED_VS_UNSTIMULATED_10W_DN	256	135		
HOEK_MYELOID_DENDRITIC_CELL_2011_2012_TIV_ADULT_1DY_DN	6		Rejected!	
HARALAMBIEVA_PBMC_FLUARIX_AGE_50_74YO_CORR_WITH_28D_MEM_B_CELL_RESPONSE_AT_28DY_LATE_GENE_EXPR_INDIVID_GENE_MODELS_PRED_PEAK_B_CELL_ELISPOT_RESP_POSITIVE	16		Rejected!	
ANDERSON_BLOOD_CN54GP140_ADJUVANTED_WITH_GLA_AF_AGE_18_45YO_LOW_IGM_RESPONDERS_6HY_1DY_UP	5		Rejected!	
OVSYANNIKOVA_PBMC_FLUARIX_AGE_55_64YO_RESPONDERS_VS_NONRESPONDERS_0DY_DN	17		Rejected!	
GARCIA_PINERES_PBMC_HPV_16_L1_VLP_AGE_18_25YO_STIMULATED_VS_UNSTIMULATED_0DY_VACCINATION_INDEPENDENT_DN	136	49		
HOEK_MYELOID_DENDRITIC_CELL_2011_2012_TIV_ADULT_3DY_DN	33		Rejected!	
NAKAYA_B_CELL_FLUARIX_FLUVIRIN_AGE_18_50YO_7DY_UP	367	288		
HOFT_CD4_POSITIVE_ALPHA_BETA_MEMORY_T_CELL_BCG_VACCINE_AGE_18_45YO_56D_TOP_100_DEG_AFTER_IN_VITRO_RE_STIMULATION_UP	24		Rejected!	
GAUCHER_PBMC_YF_VAX_STAMARIL_UNKNOWN_AGE_10DY_DN	106	73		
WEINBERGER_BLOOD_TWINRIX_AGE_20_40_AND_60_84YO_CORRELATED_WITH_ANTI_HBS_CONC_PRIMARY_VACC_1DY_SIGNIFICANT	33		Rejected!	
SCHERER_PBMC_APSV_WETVAX_AGE_18_40YO_5_TO_7DY_DN	20		Rejected!	
FOURATI_BLOOD_TWINRIX_AGE_65_81Y0_RESPONDERS_VS_POOR_RESPONDERS_TRAINING_SET_0DY_NETWORK_INFERENCE_UP	7		Rejected!	
MATSUMIYA_PBMC_MODIFIED_VACCINIA_ANKARA_VACCINE_AGE_4_6MO_VACCINATED_VS_CANDIN_PLACEBO_BCG_PRIMED_28DY_UP	10		Rejected!	
HOWARD_B_CELL_INACT_MONOV_INFLUENZA_A_INDONESIA_05_2005_H5N1_AGE_18_49YO_1DY_UP	14		Rejected!	
SOBOLEV_PBMC_PANDEMRIX_AGE_18_64YO_1DY_UP	21		Rejected!	
BUCASAS_PBMC_FLUARIX_FLUVIRIN_CAUCASIAN_MALE_AGE_18_40YO_HIGH_RESPONDERS_1DY_3DY_POSITIVE_PREDICTIVE_OF_TITER	6		Rejected!	
HARALAMBIEVA_PBMC_TIV_AGE_50_74YO_CORRELATED_WITH_MEMORY_B_CELL_RESPONSE_3DY_POSITIVE	15		Rejected!	
CAO_BLOOD_FLUMIST_AGE_05_14YO_1DY_UP	7		Rejected!	
OVSYANNIKOVA_PBMC_FLUARIX_AGE_50_74YO_COMMON_WITH_BOTH_HAI_AND_VNA_28DY_VS_0DY_USED_IN_HAI_AND_VNA_RESPONSE_MODELS_UP	7		Rejected!	
NAKAYA_MYELOID_DENDRITIC_CELL_FLUARIX_FLUVIRIN_AGE_18_50YO_7DY_UP	400	320		
NAKAYA_MONOCYTE_FLUARIX_FLUVIRIN_AGE_18_50YO_7DY_UP	89	54		
NAKAYA_MYELOID_DENDRITIC_CELL_FLUMIST_AGE_18_50YO_7DY_UP	378	284		
CAO_BLOOD_FLUMIST_AGE_05_14YO_30DY_UP	6		Rejected!	
PATEL_SKIN_OF_BODY_ZOSTAVAX_AGE_70_93YO_VZV_CHALLENGE_3DY_UP	110	53		
HARALAMBIEVA_PBMC_FLUARIX_AGE_50_74YO_CORR_WITH_28D_MEM_B_CELL_RESPONSE_AT_28DY_LEUK_MIGR_MAPK_ACT_CYTOK_SIG_DIAB_OF_THE_YNG_POSITIVE	14		Rejected!	
OCONNOR_PBMC_MENVEO_ACWYVAX_AGE_30_70YO_7DY_AFTER_SECOND_DOSE_VS_7DY_AFTER_FIRST_DOSE_DN	242	187		
NAKAYA_MONOCYTE_FLUARIX_FLUVIRIN_AGE_18_50YO_7DY_DN	95	67		
HOFT_CD4_POSITIVE_ALPHA_BETA_MEMORY_T_CELL_BCG_VACCINE_AGE_18_45YO_ID_56D_TOP_100_DEG_AFTER_IN_VITRO_RE_STIMULATION_UP	42	34		
GIAROLA_SILVA_BLOOD_INFLUENZA_A_AGE_21_51YO_3DY_UP	5		Rejected!	
GIAROLA_SILVA_BLOOD_PANDEMRIX_AGE_21_51YO_3DY_UP	5		Rejected!	
GIAROLA_SILVA_BLOOD_PANDEMRIX_AGE_21_51YO_30DY_UP	6		Rejected!	
HOFT_CD4_POSITIVE_ALPHA_BETA_MEMORY_T_CELL_BCG_VACCINE_AGE_18_45YO_ID_56D_TOP_100_DEG_AFTER_IN_VITRO_RE_STIMULATION_DN	41	28		
HARALAMBIEVA_PBMC_FLUARIX_AGE_50_74YO_CORR_WITH_28D_MEM_B_CELL_RESPONSE_AT_0DY_POSITIVE	491	333		
HOEK_MONOCYTE_2011_2012_TIV_ADULT_7DY_DN	14		Rejected!	
HOFT_CD4_POSITIVE_ALPHA_BETA_MEMORY_T_CELL_BCG_VACCINE_AGE_18_45YO_7DY_DN	6		Rejected!	
KENNEDY_PBMC_DRYVAX_AGE_18_50YO_STIMULATED_VS_UNSTIMULATED_1_TO_48MO_TOP_DEG_UP	22		Rejected!	
HARALAMBIEVA_PBMC_DRYVAX_AGE_18_40YO_STIMULATED_VS_UNSTIMULATED_9_TO_34MO_UP	17		Rejected!	
OCONNOR_PBMC_MENVEO_ACWYVAX_AGE_30_70YO_7DY_AFTER_SECOND_DOSE_VS_7DY_AFTER_FIRST_DOSE_UP	145	107		
QI_CD4_POSITIVE_ALPHA_BETA_MEMORY_T_CELL_ZOSTAVAX_AGE_52_75YO_CD4_T_CELL_VS_NAIVE_CD4_T_CELL_7_TO_9DY_DN	9		Rejected!	
QI_NAIVE_T_CELL_ZOSTAVAX_AGE_52_75YO_CD4_T_CELL_VS_NAIVE_CD4_T_CELL_7_TO_9DY_DN	7		Rejected!	
QI_NAIVE_T_CELL_ZOSTAVAX_AGE_52_75YO_CD4_T_CELL_VS_NAIVE_CD4_T_CELL_7_TO_9DY_UP	6		Rejected!	
SOBOLEV_PBMC_PANDEMRIX_AGE_18_64YO_7DY_DN	33	20		
MATSUMIYA_PBMC_MODIFIED_VACCINIA_ANKARA_VACCINE_AGE_18_55YO_VACCINATED_VS_CONTROL_TREATED_IN_VITRO_WITH_WILD_TYPE_MVA_6HR_UP	34	18		
TSANG_PBMC_FLUVIRIN_PANDEMRIX_ADULT_CORR_WITH_CELL_FREQ_CD27HI_CD38HI_CD20_NEG_PLASMABLASTS_AND_CD38PLUS_OF_IGD_CD27PLUS_MEM_B_CELLS_7DY_POSITIVE	78	45		
CAO_BLOOD_FLUZONE_AGE_05_14YO_30DY_UP	8		Rejected!	
HOEK_NK_CELL_2011_2012_TIV_1D_VS_0DY_ADULT_1D_DN	54	16		
NAKAYA_PLASMACYTOID_DENDRITIC_CELL_FLUARIX_FLUVIRIN_AGE_18_50YO_7DY_UP	219	152		
HOEK_MYELOID_DENDRITIC_CELL_2011_2012_TIV_ADULT_3DY_UP	7		Rejected!	
SOBOLEV_PBMC_PANDEMRIX_AGE_18_64YO_HIGH_VS_LOW_RESPONDERS_MEDIUM_HIGH_ADVERSE_EVENTS_SCORE_1DY_CORRELATED_WITH_TRANSITIONAL_B_CELLS_UP	21		Rejected!	
HARALAMBIEVA_PBMC_M_M_R_II_AGE_11_22YO_VACCINATED_VS_UNVACCINATED_7YR_DN	738	285		
NAKAYA_MYELOID_DENDRITIC_CELL_FLUARIX_FLUVIRIN_AGE_18_50YO_7DY_DN	269	212		
NAKAYA_PBMC_FLUARIX_FLUVIRIN_AGE_18_50YO_CORRELATED_WITH_HAI_28DY_RESPONSE_AT_7DY_POSITIVE	162	99		
DHIMAN_PBMC_ATTENUVAX_AGE_15_25YO_SUBQ_7_OR_14DY_UP	51	29		
SOBOLEV_T_CELL_PANDEMRIX_AGE_18_64YO_7DY_DN	21	18		
SOBOLEV_T_CELL_PANDEMRIX_AGE_18_64YO_1DY_UP	23	19		
HARALAMBIEVA_PBMC_TIV_AGE_50_74YO_CORRELATED_WITH_MEMORY_B_CELL_RESPONSE_3DY_NEGATIVE	15		Rejected!	
ANDERSON_BLOOD_CN54GP140_ADJUVANTED_WITH_GLA_AF_AGE_18_45YO_7DY_UP	42	15		
HOWARD_DENDRITIC_CELL_INACT_MONOV_INFLUENZA_A_INDONESIA_05_2005_H5N1_AGE_18_49YO_1DY_DN	41		Rejected!	
