NAME	TITLE	SCORE	
CD86		8.165655	
CHCHD10		7.8598084	
WNT10A		7.8369684	
KLRB1C		7.833756	
RXRA		7.8033924	
UNC93B1		7.5219445	
LTA		7.3781705	
PPID		7.250856	
CISH		7.224389	
SERPINC1		7.2084107	
NPM1		7.2081904	
NKG7		6.694526	
S1PR3		6.6016893	
IRF8		6.5798597	
ENO3		6.5308475	
NOP16		6.486107	
LAP3		6.480844	
SIK1		6.48055	
TBX21		6.2461834	
ENDOD1		6.179735	
NHP2		6.136864	
GNL3		6.1265626	
RPF2		6.088015	
NRN1		6.0676	
WDR77		6.0388227	
B4GALT5		5.9680214	
LARP1		5.9633045	
BID		5.961405	
ATP5G1		5.8625135	
HSPE1		5.861594	
NDUFAF4		5.8459125	
PNO1		5.8300624	
C1QBP		5.8123703	
CD74		5.8071246	
NIP7		5.7535806	
PPAN		5.74808	
NHP2L1		5.7406735	
SWAP70		5.738618	
NFKBID		5.680312	
CAR2		5.637699	
MRPL12		5.616093	
CACYBP		5.6090055	
HSPD1		5.5952888	
IL18		5.543049	
PUS1		5.471493	
TCF4		5.4654627	
PRKCA		5.457051	
CD83		5.4512377	
EEF1E1		5.4507403	
GRWD1		5.4469156	
BCL2L11		5.4120917	
BCL2L1		5.4055476	
PTPRK		5.405018	
FAM136A		5.3929377	
WDR43		5.3872232	
GM11974		5.3745146	
PTGER4		5.3617263	
CD226		5.3386517	
RSL1D1		5.337189	
ERGIC1		5.3272896	
EIF2S2		5.300623	
RUNX2		5.2609744	
MAT2A		5.251802	
IPO4		5.189187	
CCDC50		5.0752745	
METTL1		5.02482	
3110082I17RIK		5.0231767	
TNFSF11		5.0153337	
CD22		4.99037	
NPEPPS		4.98061	
LYAR		4.969549	
RPL7A		4.9685607	
CHCHD4		4.921378	
HEATR3		4.9117656	
MRTO4		4.910591	
MNDA		4.885694	
UNC119		4.8800774	
SMIM10L2A		4.872045	
NOP56		4.8559294	
GBP2		4.8387685	
PHB2		4.8296022	
PPAP2A		4.8209324	
RPL5		4.8193197	
NCF1		4.803916	
NOP58		4.801178	
MTAP		4.789094	
CHST2		4.780315	
PHTF2		4.7719254	
FGR		4.7570868	
CD3EAP		4.7300687	
MAPKAPK3		4.7219963	
NOP2		4.7131386	
IARS		4.7113266	
CORO2A		4.7008877	
STRA6		4.667665	
MIR155HG		4.646804	
CD300LF		4.6445513	
KPNB1		4.640429	
NLE1		4.633649	
FBL		4.607915	
HSPA9		4.595105	
WDR74		4.5914025	
IL2RA		4.590159	
CCT4		4.5712547	
DENR		4.57033	
GCSH		4.552402	
CINP		4.5474863	
SNHG5		4.543225	
COQ4		4.5382757	
NDUFAB1		4.534907	
RCL1		4.5087867	
DUSP22		4.5075445	
DKC1		4.505249	
PHB		4.494336	
PLAC8		4.489917	
SHMT1		4.4893494	
PLIN2		4.4876413	
EEF1G		4.4790897	
MRPL17		4.4770555	
PSME2		4.474828	
SLC7A1		4.4657803	
MAGOHB		4.4470606	
LTV1		4.442068	
AJUBA		4.4360237	
FTSJ3		4.435981	
IFRD2		4.4323025	
PUS7		4.427617	
CTSW		4.425945	
MRPL15		4.421437	
SMYD5		4.412929	
RRP9		4.3931065	
PTGES3		4.3891277	
ECI1		4.3715973	
CASP1		4.3651805	
CNBP		4.349665	
GSAP		4.338417	
SYNGR2		4.3227	
TIMM8A1		4.32077	
HSP90AB1		4.3175764	
COQ7		4.3147273	
HOMER1		4.307103	
NOLC1		4.3013487	
DDX56		4.300354	
TSPAN2		4.29687	
ATAD3A		4.2944107	
MRPS18B		4.292644	
CIRH1A		4.291321	
SLC7A5		4.28836	
TRMT61A		4.282327	
EIF4A1		4.28205	
MRPS7		4.2761836	
EIF3G		4.2598453	
AHR		4.259439	
1700017B05RIK		4.251018	
CAB39		4.2490892	
NCL		4.2450233	
BYSL		4.2446556	
GPATCH4		4.244081	
CHST15		4.237172	
MYBBP1A		4.208714	
GJB2		4.2054787	
MTDH		4.1837187	
FAM162A		4.1817584	
PPRC1		4.1749196	
RABGGTB		4.1746645	
TNFRSF18		4.163342	
CCT3		4.142268	
SIGMAR1		4.137571	
SMS		4.1363263	
POLR2H		4.124131	
DDX18		4.1168914	
SNX5		4.1128974	
NARS		4.103938	
COPS7A		4.0988507	
TBRG4		4.0942583	
POLR1C		4.0843744	
PPAT		4.081176	
APIP		4.073735	
MRPL45		4.0678253	
TMA16		4.058251	
TNFRSF4		4.043572	
1810037I17RIK		4.039416	
POLR2E		4.0383554	
PPA1		4.027491	
PABPC4		4.025241	
IFRD1		4.023049	
ST14		4.0168266	
MRPL13		4.0091953	
PCBP1		4.006737	
PRMT7		3.9930367	
REXO2		3.992911	
SNHG1		3.9915254	
CFDP1		3.9861996	
AATF		3.981711	
MRPS35		3.9668338	
PTCD3		3.964483	
SNRPD3		3.959119	
CTTN		3.950185	
UCHL5		3.9457057	
FUBP1		3.9419847	
DCTD		3.939389	
PRELID2		3.9322762	
TOMM5		3.9275851	
CCDC58		3.9221084	
GNB2L1		3.921563	
AIMP2		3.9136708	
GBP5		3.9100094	
CCT6A		3.9063206	
TUFM		3.9052126	
CCR6		3.9039192	
PYCRL		3.8941228	
PSMG2		3.8847663	
RSL24D1		3.8846111	
GTPBP4		3.879687	
ECE2		3.8784246	
NRP1		3.8745418	
TIMM9		3.8439484	
CCND2		3.8307712	
PRMT5		3.82589	
EBI3		3.819607	
RRP1B		3.809215	
METTL16		3.7860823	
BRIX1		3.7848647	
MRPS25		3.780871	
SRM		3.7798803	
CCDC86		3.7725856	
NSUN2		3.771775	
1110038B12RIK		3.7630708	
HIVEP3		3.7589104	
FASTKD3		3.7586262	
PDCD1LG2		3.7561553	
EEF1D		3.7551968	
TXN2		3.7528346	
CCT5		3.7453911	
ZFP120		3.7402103	
NOTCH2		3.7350733	
BCAP29		3.7320187	
PSME3		3.723212	
UCK2		3.7200465	
44815		3.7129138	
RCC2		3.7022667	
RREB1		3.6934123	
DRG2		3.6897402	
DIMT1		3.6896405	
PFDN2		3.683462	
TRP53		3.6727858	
WDR4		3.67244	
RRP15		3.6674356	
EIF5		3.6649237	
CUL3		3.661823	
A430093F15RIK		3.659266	
DHODH		3.6581016	
SLC19A1		3.6525414	
PCGF5		3.6404085	
PA2G4		3.623272	
IRF5		3.579798	
TFRC		3.5780036	
WDR59		3.5759504	
IMP4		3.57581	
MAN1A		3.5717392	
GALK1		3.5634148	
HK2		3.5615416	
UGDH		3.5615103	
RANBP1		3.5571353	
SYNCRIP		3.5561676	
PENK		3.5518148	
TXNL1		3.5458548	
NOB1		3.5448878	
SLC25A3		3.5408857	
MPHOSPH10		3.5360122	
RPP14		3.5332985	
EIF5A		3.5260115	
JADE2		3.5159757	
FKBP3		3.513397	
FOXP4		3.5129828	
SLC39A4		3.5075362	
CCT8		3.5044298	
HSPBP1		3.5025551	
RUVBL2		3.501028	
PLA1A		3.4994023	
TMEM154		3.4955378	
NME1		3.4817107	
MARCKS		3.4759383	
SSSCA1		3.4731183	
EIF4E		3.470888	
UMPS		3.4682865	
MORF4L2		3.4675424	
PRDX3		3.4644837	
NEDD4		3.463337	
CDV3		3.4604409	
SERPINB6B		3.4582663	
TUBA4A		3.4516394	
FKBP4		3.4504955	
EIF3A		3.4497514	
TSR2		3.4462898	
G3BP1		3.441646	
SRSF6		3.4363637	
SLCO4A1		3.4291456	
PSMG1		3.4283276	
RGS16		3.4194925	
LYRM4		3.4148633	
REL		3.4120095	
ZRANB2		3.4091804	
SET		3.406765	
WDR18		3.3959558	
RPL7L1		3.3922656	
NAA15		3.3886874	
PFAS		3.3850994	
EPRS		3.3828578	
ZNHIT3		3.378565	
MECR		3.3714228	
AW209491		3.3708222	
THUMPD1		3.3666422	
ENOPH1		3.3638334	
MAGED2		3.3559902	
POP1		3.3536308	
TRMT6		3.3524952	
ZNHIT6		3.3511024	
HSPA4		3.3485858	
2810004N23RIK		3.345227	
SEH1L		3.3410847	
DDX27		3.3397937	
MPHOSPH6		3.3355708	
MTFP1		3.328914	
CLUH		3.322787	
URB1		3.318186	
MOGS		3.31293	
NACA		3.3071384	
PSMD7		3.3062022	
RUVBL1		3.3010473	
PISD		3.298334	
PSMC6		3.2981129	
PURA		3.294472	
BSPRY		3.2932556	
WDR75		3.2930932	
WDR61		3.2916262	
TOMM40		3.2899556	
SNHG3		3.2860982	
I730030J21RIK		3.2854755	
RGS3		3.2832818	
SLC30A2		3.2828648	
PRPS1		3.278636	
PUSL1		3.2752764	
NUS1		3.2715204	
EXOSC7		3.256929	
NIFK		3.253064	
THYN1		3.2529805	
TMEM70		3.2475982	
EIF3I		3.2467632	
EMC6		3.2402458	
WDR36		3.2375288	
ADSL		3.2343364	
NUDCD1		3.233149	
APOL9B		3.2299054	
NR4A3		3.2254212	
IFITM2		3.2235448	
EIF2S1		3.2216706	
DNMT3A		3.2205122	
PER2		3.2189448	
NOC4L		3.2131815	
NAA25		3.2097957	
PRPF19		3.2075374	
CHAC2		3.2069712	
USP14		3.205945	
COPS4		3.2030613	
NAF1		3.202347	
UTP15		3.2008846	
MTCH2		3.1837363	
EXOSC2		3.17954	
MRPL42		3.1783347	
UBIAD1		3.177922	
NUP54		3.1777596	
RAB11FIP5		3.1742475	
EIF2B1		3.1717181	
GAR1		3.1700208	
PRPF31		3.1682253	
DOHH		3.1645253	
TRMT5		3.1571293	
NLN		3.1566594	
CXCR3		3.1531973	
SCRN2		3.1510942	
IMPDH2		3.1444082	
PIN1		3.1424952	
SACM1L		3.1422029	
HDGF		3.1421793	
PLSCR1		3.137038	
MRPL20		3.1314716	
PRMT1		3.128174	
MRPS10		3.1142707	
XPOT		3.1106975	
GEMIN6		3.106204	
PSMA4		3.0986063	
PPIC		3.0977879	
VCAM1		3.0930886	
NCBP2		3.0930696	
SPR		3.0895522	
BTF3		3.088411	
CHSY1		3.0825768	
LAS1L		3.081577	
RPS5		3.0786116	
HIGD1A		3.073602	
NME6		3.0704477	
ACAA2		3.0699868	
SDHAF1		3.0678167	
EIF1AX		3.0654657	
FARSB		3.0640001	
NDUFAF6		3.060015	
PSMB6		3.059798	
ACADVL		3.0575562	
NUDT5		3.0517898	
RPL6		3.0444946	
WLS		3.0436926	
FARSA		3.040212	
SLC35A1		3.0335753	
DUS1L		3.033384	
ELP3		3.0322573	
RPP30		3.028394	
PDF		3.0281832	
ABI3		3.0213075	
CLPP		3.0159895	
DRG1		3.0147102	
ELL2		3.014076	
RPL14		3.0140193	
FAM111A		3.0101604	
1110032F04RIK		3.0097563	
TCP1		3.009083	
PRMT3		3.0083892	
HEMK1		3.0045547	
EBNA1BP2		3.003479	
RDH13		2.9992323	
ACY1		2.984402	
EIF3M		2.9776306	
SRSF7		2.9767566	
HMGN1		2.9748802	
ARHGAP24		2.9738996	
NUP35		2.9698281	
TXNL4A		2.967594	
9130401M01RIK		2.9664972	
SNX11		2.9653566	
EPB4.1L4AOS		2.9633417	
PFDN1		2.9633117	
NME2		2.9556746	
DIS3		2.955153	
MRPL39		2.9550679	
POLR2F		2.9488552	
FOXK2		2.9486022	
GPR25		2.9482417	
SLC25A15		2.9469888	
ALG3		2.9449184	
GBP7		2.9387605	
RPL29		2.9373746	
BC049352		2.9371498	
POLR1B		2.9345	
CLNS1A		2.9335432	
ABCB1B		2.9302788	
PSMD5		2.9300642	
TNFRSF1B		2.9295025	
TBL3		2.9290628	
SHMT2		2.928217	
HSP90AA1		2.9273252	
DDX21		2.9268064	
CHN2		2.9261124	
SFR1		2.9238544	
5430427O19RIK		2.9237552	
IL10RA		2.9218717	
CUL2		2.9173737	
TSR1		2.9159536	
ARMC6		2.913854	
CDK2AP1		2.9128027	
SOD2		2.9084058	
PDCD5		2.9063776	
POLR1A		2.905291	
CCT7		2.904268	
LSM2		2.900568	
PEBP1		2.8995337	
TLCD2		2.8965025	
TRNAU1AP		2.8963575	
PES1		2.8935664	
BOP1		2.8917933	
CPD		2.8889482	
PWP2		2.8871117	
NAMPT		2.8823318	
MRPL38		2.881499	
HES5		2.8794694	
SLC5A6		2.8659682	
POLR3D		2.8637447	
BCAM		2.8634915	
2310061I04RIK		2.8595066	
BRCC3		2.8571217	
ETF1		2.8532043	
SEC11C		2.8496668	
RPP38		2.8496246	
U2AF2		2.847628	
A430005L14RIK		2.8472226	
RAN		2.8468964	
CCDC148		2.845774	
TIMM50		2.8457444	
POLR1E		2.8454013	
ELAC2		2.8412015	
FAAP100		2.8388464	
ATXN1		2.8368144	
PITRM1		2.8310974	
NUFIP1		2.8304408	
NFKB2		2.8301907	
GEMIN4		2.8299608	
CDK4		2.8296611	
MRPL35		2.8266609	
NTMT1		2.821633	
PGD		2.8189244	
CTPS		2.8173037	
RPS6		2.8166792	
CCR8		2.8164713	
DHX33		2.8154461	
RPS27A		2.8150234	
WDR46		2.812358	
MACC1		2.8120582	
SLC16A10		2.8093278	
DPH1		2.8085084	
HYAL2		2.8065975	
AK2		2.806329	
CD72		2.8054008	
TOMM70A		2.8050597	
DLST		2.804435	
DPH3		2.8006492	
GADD45GIP1		2.7986124	
PSME2B		2.7975352	
SERBP1		2.7919688	
MTHFD1		2.7910607	
SUPV3L1		2.7905133	
ALG13		2.789573	
ATIC		2.7891526	
DHRS3		2.7890596	
EIF3E		2.7856941	
TTC27		2.784263	
TRA2A		2.78412	
CIART		2.7815835	
TARS		2.781351	
NOL11		2.779347	
SURF2		2.7793314	
LSM3		2.7766259	
MRPL19		2.7763102	
MED29		2.7748685	
MTX2		2.7739375	
ABCE1		2.7715657	
SLC52A2		2.767543	
TRMT11		2.7660491	
PSMA3		2.7659729	
AGPAT5		2.762189	
RPS4X		2.7600644	
FAM185A		2.756758	
MCCC2		2.7535024	
EIF2B3		2.750967	
CDYL2		2.750088	
MRPS28		2.7475832	
SFXN1		2.7396638	
LSM7		2.7350938	
UBE2W		2.7296674	
RPL15		2.7212675	
IDH3A		2.7161849	
MRPL1		2.713286	
CAD		2.7120721	
RPS2		2.711987	
TIMM17A		2.7081373	
SP140		2.7050784	
NUDC		2.70239	
OLA1		2.699126	
ST13		2.6957586	
UTP18		2.6956472	
MRPS15		2.6930547	
RPL10		2.6917613	
MRPS34		2.6900136	
HRSP12		2.6897264	
UTP20		2.6815293	
UBQLN4		2.679077	
PSMA5		2.6788905	
CYC1		2.6759017	
TSEN2		2.673909	
SDHD		2.6709504	
WRB		2.6701667	
VDAC2		2.6691906	
TAF1D		2.6683939	
MYO1E		2.6653607	
IL7R		2.6633542	
EIF3D		2.6590958	
USP10		2.6575677	
TRABD		2.6554666	
ALAD		2.6503446	
L2HGDH		2.642983	
GART		2.6419854	
RARA		2.6405277	
RPL3		2.6358345	
NAA20		2.6348088	
NDUFB6		2.6324508	
MMACHC		2.6323752	
EIF4B		2.6312215	
ACAD9		2.624997	
SAC3D1		2.6246696	
GM3636		2.6241944	
ATP7A		2.623284	
RNMTL1		2.623073	
BCL7C		2.6211886	
REEP3		2.6201391	
TRMT1		2.6196148	
NDUFA12		2.6164188	
HOPX		2.6146622	
RHBDF1		2.6124904	
CAPN3		2.6070807	
PHGDH		2.5995421	
SMYD2		2.5967162	
RTN4		2.5949557	
NCLN		2.5911872	
TRMT2A		2.5909224	
UBE2V2		2.5890634	
PSMB7		2.5883107	
LUC7L		2.5817082	
GLS		2.575282	
DCAF13		2.5752134	
SUCLG2		2.571731	
D19BWG1357E		2.5716653	
NAE1		2.5645463	
STRAP		2.5600872	
AK6		2.5573447	
XRCC6		2.5539777	
RBM8A		2.5522077	
TMEM33		2.5500214	
NUP37		2.5497231	
NOC3L		2.549392	
EIF5B		2.5491982	
NOL10		2.545838	
IL17RB		2.5444393	
GATA3		2.541858	
SPIN2C		2.5386064	
RNPS1		2.5350122	
TEX30		2.5323062	
RPS8		2.5322826	
RPLP0		2.531758	
COPS6		2.5309532	
NAT10		2.5308905	
DPH5		2.5302744	
PSME1		2.5216012	
TSPAN31		2.5206296	
ADH5		2.5203114	
RAB8B		2.5174081	
TMEM147		2.5165062	
NSFL1C		2.516217	
HIP1		2.5159128	
SLC25A39		2.515637	
PAM16		2.5152225	
TMED1		2.5150027	
TUBB6		2.514398	
ACADL		2.5138736	
MBD3		2.5121627	
PSMA7		2.5079453	
NOM1		2.5073874	
NOL8		2.50438	
TIMM8B		2.5013127	
APOL10B		2.4997857	
ZMIZ1		2.4961436	
MSTO1		2.495329	
RWDD1		2.495288	
GFOD1		2.490903	
DIEXF		2.490045	
PPP1R11		2.487181	
GTF2H1		2.4859424	
MPHOSPH8		2.4839394	
RPS19BP1		2.4818861	
MRRF		2.481404	
1500012F01RIK		2.4812353	
WDR5		2.4804392	
ELP5		2.4763467	
MGAT4A		2.4722002	
SLC39A10		2.4705236	
PSMD11		2.4680033	
PPIF		2.466418	
PSMD6		2.4623826	
FASL		2.4612534	
DDX31		2.4598763	
PTMA		2.4583619	
METAP1		2.4552245	
MYO19		2.4528887	
THOP1		2.451569	
MARS		2.4507217	
TMEM192		2.4486399	
TIMM23		2.448	
TIMM44		2.4448748	
CPTP		2.4445233	
TRMT10A		2.443744	
DNAJC19		2.4428613	
ERCC6L2		2.4420972	
2010111I01RIK		2.4420261	
N6AMT2		2.4413693	
RBPJ		2.440864	
RPPH1		2.4398942	
C1QTNF6		2.4398484	
NOMO1		2.4360397	
USP7		2.4350169	
LUC7L3		2.4307961	
TNFRSF9		2.4300065	
TMEM206		2.4267209	
RIPK2		2.4241807	
NDUFS7		2.4227633	
RPL8		2.4216013	
POLD2		2.4211822	
BRAF		2.4209304	
RPL7		2.420313	
KDM2B		2.4179096	
PCBP2		2.4147582	
PSMD12		2.4126158	
PRPF39		2.411089	
WDR55		2.4100301	
RRP7A		2.4005764	
MYCBP		2.3959718	
GEMIN5		2.3950796	
ACP1		2.393201	
ETFB		2.3911881	
TXN1		2.3848608	
KLK1B27		2.381627	
MAGOH		2.3813198	
MDN1		2.3808038	
RPL14-PS1		2.3740065	
POLR2D		2.3721087	
PSMB2		2.3695846	
LLPH		2.368468	
CDK10		2.3677812	
GMPS		2.3660965	
NAP1L1		2.3648577	
ITGB1		2.3575552	
NCOA2		2.3565607	
MAPKAPK2		2.3559515	
TIMM10		2.355945	
MRPL49		2.3551836	
ZBED4		2.3545666	
HNRNPC		2.3542542	
SCD2		2.353408	
SAMSN1		2.3531299	
TADA1		2.3523588	
PPIE		2.3520005	
2410002F23RIK		2.3502767	
SSBP1		2.3485801	
EIF2S3X		2.3477972	
PTPN11		2.347699	
GPHN		2.3432024	
1500009L16RIK		2.3427682	
CMSS1		2.3404787	
DHX29		2.3368905	
ZFP961		2.3356793	
INTS2		2.3352075	
PPP5C		2.3349247	
CAND1		2.3341904	
HACD2		2.3296611	
METAP2		2.329605	
BHLHE40		2.3283045	
OGT		2.3278308	
SOAT2		2.3275793	
GM4956		2.3218653	
SMNDC1		2.3210843	
1110008L16RIK		2.3210285	
PSMB8		2.3180585	
GARS		2.312145	
MRPL55		2.3091915	
NUP88		2.3077953	
RPL36AL		2.3073282	
UBFD1		2.3069217	
METTL13		2.30574	
NDUFA9		2.3019936	
CDK7		2.3018854	
GUK1		2.3008156	
POLR3K		2.2993793	
MRPL40		2.2957513	
NTHL1		2.2954013	
UCHL3		2.2953658	
USP16		2.2941604	
MPRIP		2.2938848	
EIF2A		2.2922065	
EIF1A		2.2921166	
COPS5		2.2900634	
PSMG4		2.288043	
LARP4		2.2853973	
NCF4		2.2847643	
RRAS2		2.2840753	
SYTL2		2.2834556	
2700038G22RIK		2.2818503	
DTYMK		2.279601	
LRMP		2.27913	
YTHDF2		2.276158	
MRPL47		2.2734969	
UBE3C		2.2724812	
SNHG6		2.2724013	
NUP43		2.2719193	
CYCS		2.2708132	
IIGP1		2.2704701	
NPM3		2.2674818	
SNX3		2.2666855	
CARS		2.2662091	
METTL5		2.2651942	
MRPS17		2.2644308	
TOMM20		2.2638474	
KBTBD4		2.2631516	
NFKB1		2.2595603	
GSTO1		2.2591562	
RPL35A		2.258914	
AHSA1		2.2565234	
TNPO1		2.2548633	
DNAAF2		2.251746	
ZC3HAV1L		2.2509303	
EXOSC1		2.2498336	
MIR17HG		2.2486665	
FKBP1A		2.247638	
MESDC2		2.2468078	
GTPBP8		2.2467544	
ZFP28		2.2457075	
LY6K		2.2448597	
SLC7A6		2.2447085	
LDLRAD4		2.242253	
MRPL28		2.240512	
KPNA6		2.2402813	
GDE1		2.2397618	
HERPUD1		2.238771	
HSPA8		2.2368875	
STAMBPL1		2.23558	
CD82		2.2335546	
MIPEP		2.2328718	
SP110		2.2316275	
DUS4L		2.227351	
AGFG1		2.224864	
CCBL2		2.2247915	
RPS12		2.2241538	
ICE1		2.2239828	
ZFP219		2.2229095	
PIM2		2.2228205	
RANGRF		2.2201114	
RTCB		2.219472	
STIP1		2.2171493	
GAS5		2.2157493	
EIF6		2.2148418	
DNAJC2		2.21452	
MKKS		2.2137356	
BCLAF1		2.210521	
ADSS		2.2105062	
POGK		2.2090187	
KPNA4		2.2067153	
GUSB		2.2057798	
SLC9B2		2.2042027	
ZFP235		2.203364	
PPP1R14B		2.2026484	
BCAT1		2.198955	
DARS		2.1983542	
KRR1		2.1982028	
QTRT1		2.1976094	
PPP2R2A		2.1969135	
GM3558		2.196453	
ANKRD49		2.195968	
COBLL1		2.1944296	
AW112010		2.193938	
APH1A		2.1923819	
ZC3H8		2.1904492	
SSB		2.189877	
DDX3X		2.1897435	
RPL23		2.1888885	
PDIA4		2.1886072	
APOBR		2.1878161	
SNRPD1		2.183228	
BCO2		2.1830988	
HSF1		2.1819656	
ATP5C1		2.1802392	
MYL4		2.1793282	
RPS27L		2.1790767	
ILF2		2.1771884	
ANXA6		2.1735904	
HUWE1		2.170521	
DDX1		2.169376	
EXOSC4		2.1690662	
DNAJC11		2.1686692	
SRPRB		2.165747	
SCFD2		2.1655476	
MRPS22		2.1653306	
ARHGAP31		2.1637154	
SFTPC		2.1629465	
SNRPA1		2.1585407	
RBMXL1		2.1582646	
UBE2G1		2.1582391	
QTRTD1		2.1561968	
RPL27		2.1523182	
NFAT5		2.1515677	
FAR1		2.1491404	
ERH		2.1491354	
SNHG4		2.1459365	
MIF		2.145371	
DDX51		2.140844	
STOML2		2.1352327	
CHORDC1		2.1334698	
TRMT10C		2.133017	
MRPS18A		2.132914	
LMAN1		2.1325963	
ATP5F1		2.132283	
SUMO1		2.132259	
A130010J15RIK		2.1307933	
TRAP1		2.1300104	
KNOP1		2.1289053	
CLDND1		2.1248243	
TMEM39A		2.1246128	
YWHAE		2.1212673	
POLR3E		2.1195412	
FCF1		2.1194813	
TRA2B		2.1194153	
GBP6		2.1193013	
GPR89		2.11906	
AI506816		2.1180465	
UQCC2		2.1178205	
SREK1		2.115713	
HNRNPA3		2.115518	
YBX3		2.1144207	
MRPL32		2.1141543	
MRFAP1		2.113659	
TG		2.1136372	
ZFP280C		2.1123261	
MRPL11		2.1115131	
DPY30		2.1101117	
RPL27A		2.1094158	
PLAGL2		2.1075215	
FKTN		2.1074107	
GLMN		2.1042824	
RPL22L1		2.1023703	
E2F3		2.1021838	
MRPL2		2.1019871	
PHYKPL		2.100639	
UBE2N		2.09593	
CAR12		2.0952048	
KAT2A		2.0951543	
CCDC101		2.090385	
GBP3		2.0845625	
SRSF10		2.0844557	
ALDH18A1		2.0833988	
CCDC6		2.081502	
NMD3		2.0798726	
TSPAN13		2.07953	
2310057M21RIK		2.0786235	
PPP2R1B		2.0753365	
ERP29		2.074425	
RPL11		2.0743337	
PHF5A		2.0728145	
ITPRIPL1		2.0724282	
RCC1		2.0711887	
ZFP958		2.0703707	
HMBS		2.069684	
CCNH		2.068928	
HAT1		2.0677862	
POLDIP2		2.0663636	
UQCRB		2.0660937	
LRPPRC		2.0660818	
NSUN5		2.0657244	
PNPT1		2.0655687	
RABGAP1L		2.0648324	
IFNG		2.0643883	
FANCF		2.063984	
DHX15		2.0629199	
MYDGF		2.0599897	
BSG		2.05541	
DANCR		2.0521326	
TARDBP		2.0440648	
NIF3L1		2.0434482	
SLC16A1		2.0429223	
TANGO6		2.0426126	
CHRM4		2.040892	
CCDC107		2.039822	
PAICS		2.0372884	
UQCR11		2.037144	
SIVA1		2.0341873	
FYTTD1		2.0340111	
MRPL22		2.032846	
ISYNA1		2.0262086	
SAMM50		2.0257704	
DTWD2		2.0244348	
BZW2		2.0240467	
GPR55		2.0223238	
RPS9		2.0218017	
KARS		2.0195851	
SUZ12		2.0155036	
MRPS33		2.014959	
FASN		2.014077	
EEF1B2		2.0136619	
ORC6		2.0106232	
CCND3		2.010055	
B230118H07RIK		2.0086389	
CNOT4		2.0062542	
MEX3C		2.0056536	
CHCHD1		2.0045724	
CLUAP1		2.003946	
NXT1		2.0038512	
RALBP1		2.003247	
RARS		2.0031977	
AARSD1		2.0029414	
ERI3		2.0027444	
CEBPZ		2.0026517	
BOLA2		1.99945	
PDCD4		1.9993435	
HPRT		1.9962127	
MS4A6C		1.9961857	
DDX20		1.9915824	
BCL2A1B		1.9871912	
TELO2		1.9853799	
MED22		1.9852086	
ABHD11		1.9846319	
HAX1		1.9827694	
TARS2		1.98139	
TESK1		1.9800527	
SRP72		1.9754872	
POLR3F		1.9754797	
PPM1G		1.9743668	
DUT		1.9733777	
SLC29A2		1.9699332	
SNRNP70		1.9692658	
ZC3H15		1.9690244	
MT1		1.9684587	
SMN1		1.9678218	
TMEM97		1.9650577	
NDUFAF5		1.9645627	
CDC37		1.9629452	
RPTOR		1.9589121	
RABL6		1.9562081	
NUTF2		1.9547337	
GYK		1.9510878	
TRIM28		1.9500844	
ZFP213		1.9498827	
EPT1		1.9495232	
CHDH		1.9485068	
ABHD6		1.947605	
PRPSAP1		1.9454565	
ZCCHC10		1.9453194	
SNRPD2		1.9434587	
XRCC5		1.9415954	
SNHG17		1.9403957	
APRT		1.9387704	
TGS1		1.9362365	
YARS		1.9361349	
MTFR1		1.9359295	
UBE2G2		1.93353	
NUDT19		1.9328644	
USP37		1.931537	
TTC3		1.9311144	
RIOK2		1.9306474	
TTC1		1.9297779	
RPP25L		1.9246892	
PTGES3L		1.9245098	
SUMO3		1.9235823	
PCMT1		1.9219259	
TSFM		1.9171293	
ACTG2		1.9162292	
DNAJA3		1.9157612	
HNRNPD		1.9044472	
GALM		1.9043628	
IGSF23		1.9031323	
DUSP4		1.90001	
TNFRSF8		1.898692	
AASDHPPT		1.8984554	
PSMA2		1.8967484	
NOA1		1.8960367	
PLBD2		1.8913261	
SPRYD4		1.8895631	
TXNRD2		1.8890224	
EEF2KMT		1.8885311	
EIF2B4		1.8880228	
NPEPL1		1.8835216	
DHX37		1.8803589	
THG1L		1.8776542	
MTG1		1.876419	
IPO11		1.8727981	
NANS		1.8713843	
BST2		1.871147	
STK39		1.8710426	
HILPDA		1.8690367	
HEATR1		1.8687712	
U2AF1		1.8673869	
SLC3A2		1.865608	
EMC4		1.8649405	
BCL2		1.864921	
RPE		1.8635019	
FASTKD2		1.8634841	
AEN		1.8624737	
D830031N03RIK		1.8618957	
EIF3B		1.8578279	
D030028A08RIK		1.8573178	
PRADC1		1.8556005	
P4HB		1.8542494	
SMIM10L1		1.8536011	
GATC		1.8522753	
ST3GAL4		1.8521029	
RRS1		1.8490773	
NADK		1.8482177	
PRDX6		1.8451076	
SNORA65		1.8450935	
RRP12		1.8441919	
PWP1		1.8423036	
TBL1XR1		1.8414052	
COQ5		1.8402908	
RPL12		1.8383545	
MAPK1IP1L		1.8366501	
PSMA1		1.8360759	
PPWD1		1.8353652	
DNAJA1		1.8322237	
ATP5O		1.8301808	
MINA		1.8300201	
LRRC58		1.8288597	
COPS8		1.8272175	
EIF4A3		1.8266355	
HGH1		1.8250703	
DLAT		1.8244826	
UTP14A		1.8237424	
PSMG3		1.8236723	
ADCK1		1.8232181	
TM2D3		1.8231289	
PINX1		1.8220024	
PSMD1		1.8214487	
ASF1A		1.8211755	
ZKSCAN1		1.8206942	
RNASEH1		1.8206018	
BTK		1.8199813	
VDAC1		1.8182207	
SF3A3		1.8166596	
TSPAN4		1.81643	
FAM206A		1.8154187	
DVL1		1.8139341	
CNNM3		1.8132477	
XLR4A		1.8125194	
GNPNAT1		1.8087482	
FPGS		1.8083786	
TEF		1.8064657	
CBX5		1.8060112	
TBL1X		1.8051039	
WDYHV1		1.8044219	
HNRNPDL		1.8036131	
CD38		1.8026981	
USP36		1.8010432	
DHX30		1.8008279	
HSPA5		1.798289	
SHQ1		1.7969649	
TBC1D16		1.7963078	
CBX1		1.7949567	
PDXK		1.7947397	
PPIL3		1.7943584	
GM16712		1.7939334	
SIL1		1.7933933	
SLFN9		1.7933621	
SENP3		1.7922579	
CCT2		1.7901852	
HELLS		1.7875621	
PLCB3		1.7869216	
TWISTNB		1.7868142	
EDC3		1.7862806	
MRPL41		1.7850482	
GNL2		1.7828417	
1810006J02RIK		1.7827251	
IPO5		1.7818317	
RPS7		1.7798781	
UQCRFS1		1.7781245	
JAGN1		1.7770559	
ZFP706		1.775826	
TMX1		1.7733319	
CRELD2		1.7704874	
CTU2		1.7704835	
RPL10A		1.7696542	
ESF1		1.7695884	
RPL13		1.7688005	
FAM207A		1.7672352	
ARL1		1.7644645	
RBM26		1.763677	
DLD		1.762463	
LZIC		1.7621939	
EMC8		1.7620621	
ESR1		1.760939	
TYW3		1.7553842	
MRPS27		1.7553084	
PHACTR4		1.75497	
HUS1		1.7532744	
EHD1		1.7531133	
LAD1		1.752589	
TUBA1B		1.7516191	
HDLBP		1.7510087	
ANAPC10		1.7505604	
ANKRD32		1.7501817	
GPN1		1.7489041	
MLH1		1.7489038	
RNF219		1.748631	
MYC		1.7480862	
ZPR1		1.7464958	
ERAP1		1.74585	
RPL21		1.7452713	
PSMC5		1.7450974	
NFU1		1.7423226	
HTRA2		1.7420441	
CALCRL		1.7393668	
DCUN1D1		1.7386107	
AMPD2		1.7381101	
MRPL24		1.7377316	
POP5		1.7349681	
SUMO2		1.7346382	
MAOA		1.7322922	
NCOA6		1.73109	
GRPEL1		1.730204	
NAA10		1.7282573	
HNRNPLL		1.7276579	
9330175E14RIK		1.7264128	
LIG3		1.7260355	
ZFP395		1.7238735	
YDJC		1.7223982	
RPS13		1.7223217	
LRRC59		1.7220017	
HSP90B1		1.721353	
EXOG		1.720991	
QK		1.7208632	
LANCL1		1.719174	
AKR1C13		1.7166103	
VBP1		1.7156538	
GAS8		1.7154214	
DDX39B		1.7152656	
SEMA4C		1.7150943	
RPL4		1.7132508	
JMJD8		1.7127564	
PRR12		1.7122282	
NAA50		1.7114269	
MRPL51		1.7111833	
IGIP		1.7087775	
CACNA1S		1.7069932	
ACAT1		1.7065033	
UBE2K		1.7054567	
PMEPA1		1.7033067	
SRFBP1		1.7026688	
GID4		1.70194	
PLOD1		1.701643	
TIPIN		1.7008109	
CD274		1.7002699	
PSAT1		1.6992164	
SLC25A5		1.6991739	
ADO		1.6988766	
DCPS		1.6975852	
TSACC		1.6963375	
PHLDA1		1.6915458	
MRPS2		1.6911719	
TAMM41		1.6884112	
WBP11		1.685196	
SNUPN		1.6847428	
9430038I01RIK		1.6838386	
CHCHD2		1.6837046	
UBA5		1.6833841	
MRPS31		1.6825647	
RPL18		1.681915	
GSPT1		1.6815073	
TMEM109		1.6795645	
HDHD2		1.6783154	
ZFP60		1.6773384	
NDUFA5		1.6767194	
MAK16		1.6765105	
SRSF3		1.6751505	
EIF3C		1.6730849	
FCRL1		1.6729056	
RARS2		1.672566	
CWC27		1.6712842	
NDC1		1.670051	
NDUFA10		1.6689893	
MICAL3		1.668767	
YAF2		1.6666523	
PTPN6		1.6649576	
SNHG12		1.663931	
FUBP3		1.6637957	
LSM8		1.6621637	
PDAP1		1.6609687	
ZFYVE21		1.660861	
GTF3C6		1.6595894	
HSD17B14		1.6588638	
NFYA		1.6580899	
RPS11		1.6573718	
EIF4G1		1.6568983	
PRR3		1.6565868	
DHRS11		1.655461	
2510002D24RIK		1.6544373	
DDX10		1.6539581	
POLR2J		1.6527077	
NDUFB4		1.6526912	
TNFAIP1		1.651836	
PGLS		1.6515117	
PCNP		1.6512452	
ZFP280B		1.6496853	
CARM1		1.6495706	
BCKDHB		1.6488605	
FUT4		1.6435366	
ARMT1		1.6432693	
COQ3		1.6403607	
EARS2		1.6401482	
PPA2		1.6395144	
PRKAR2A		1.6382321	
PPFIA1		1.637242	
TMEM251		1.6358452	
POLR3H		1.6338191	
FAM195A		1.6330073	
TOP1		1.6327057	
ANAPC15		1.6321266	
COX17		1.6301856	
EED		1.6300024	
ARL6IP6		1.6282177	
DOT1L		1.6271278	
THAP1		1.6253195	
CCDC132		1.624669	
COMT		1.6244911	
YIF1A		1.621569	
CELF1		1.6210192	
ZFR		1.6206812	
ZSCAN22		1.6195627	
RPN1		1.6184846	
HTATSF1		1.618327	
UBAP2L		1.6171033	
MED17		1.6149508	
ALG11		1.6148831	
ZFP930		1.6147382	
KLC1		1.614003	
PPIA		1.6134893	
CDC34		1.6116358	
CDC27		1.6115394	
BEND5		1.6107374	
TIMM13		1.6101308	
HAUS2		1.6089125	
BCAS2		1.606595	
SNRPA		1.605889	
ENTHD1		1.6045958	
MED9		1.6037282	
NDUFB10		1.6027187	
MMGT1		1.6017206	
PPIH		1.6012487	
PEO1		1.6012449	
POLR2K		1.6005332	
3830406C13RIK		1.5994422	
PGAM1		1.5988038	
TKT		1.5979786	
0610010K14RIK		1.5976418	
CDC25A		1.5965558	
TREX1		1.5963923	
SLC25A13		1.5954355	
POLE4		1.5921993	
UTP6		1.5914866	
OAT		1.5912689	
RPS26		1.5911323	
NDUFB8		1.5902374	
MRPL37		1.5900512	
BCCIP		1.5899454	
MRPL50		1.58993	
RPS10		1.5894754	
CDC26		1.5891565	
ADCK5		1.5889634	
DCLRE1A		1.5883446	
RRP8		1.5875045	
2700097O09RIK		1.5872245	
LIPT1		1.5858667	
RABEPK		1.5851712	
PITPNB		1.5828588	
HDAC7		1.5824486	
SLC35E2		1.5793102	
SYNJ2BP		1.5788726	
RMDN3		1.5784978	
E130012A19RIK		1.57836	
RPL17		1.5763693	
COA3		1.5751566	
SDAD1		1.5746646	
NMT2		1.5741981	
ABCG2		1.5735992	
ZDHHC5		1.5721076	
C130036L24RIK		1.5720425	
ATP5G3		1.5688477	
ZNF41-PS		1.5678031	
DPH6		1.565798	
RPL36A		1.565753	
1810032O08RIK		1.565225	
TSN		1.5639449	
TRNT1		1.5638769	
D10WSU102E		1.5637035	
TEFM		1.5631588	
TSNAX		1.5623809	
FOXN3		1.5608262	
HSPH1		1.5599813	
SLC25A42		1.5599252	
PSME4		1.5585153	
PHF23		1.5583011	
ZFP281		1.5575328	
DYNLL1		1.5572809	
BCS1L		1.5571581	
SRSF1		1.5568795	
MEA1		1.5562581	
ISY1		1.5559405	
SLC35A4		1.5552486	
NDUFS3		1.5548985	
SF3B3		1.5538261	
GZF1		1.5525788	
ABL2		1.5501075	
POLR2L		1.5494865	
PTPMT1		1.5494238	
LARP1B		1.5489653	
ENY2		1.5477602	
RPA3		1.5474492	
GM10033		1.5454388	
UBE2D3		1.5447966	
ANGPTL4		1.5442438	
PYURF		1.5408089	
HARS		1.5402961	
ERO1L		1.539864	
PRPF40A		1.5398461	
WDR3		1.5380481	
44806		1.5369351	
RIF1		1.5359787	
GPRIN3		1.5351452	
RBM15B		1.5349654	
RAD54L2		1.5343525	
ADI1		1.534264	
PDZD11		1.5309517	
D930016D06RIK		1.530119	
RPS23		1.5284324	
DNPH1		1.5281357	
ALKBH6		1.5271657	
JMJD1C		1.526533	
IRF4		1.5249395	
B3GALT6		1.524542	
MTHFD1L		1.5232002	
IPO9		1.5205461	
ELP6		1.5195593	
RQCD1		1.5181898	
CALR		1.5181696	
P3H1		1.5176758	
ZFP119A		1.517362	
VDAC3		1.5166918	
NDUFAF2		1.5161062	
SNRPE		1.5157278	
COX7A2		1.5146127	
IRAK2		1.5144774	
PBDC1		1.5110421	
CAPRIN1		1.5103816	
PABPC1		1.5094396	
DOC2A		1.5088933	
DNAJC24		1.508393	
SARNP		1.5063928	
TCF3		1.5060033	
L3MBTL3		1.5054184	
ADAT1		1.5049816	
ISCA1		1.5044769	
CEP85L		1.5008773	
METTL17		1.5008357	
CLTB		1.500119	
ATP5B		1.4992206	
UBE3A		1.4987483	
SRSF9		1.4983714	
SERPINB9		1.498021	
MRPL3		1.497397	
OTUD6B		1.4965695	
UQCC1		1.4952241	
1700021F05RIK		1.4941336	
USP25		1.4939078	
B3GALNT2		1.4936767	
CREB1		1.492549	
RHBDD2		1.4924669	
MRE11A		1.4921771	
CARS2		1.4913912	
NUBPL		1.4911393	
RPL9		1.4907289	
FAM98B		1.4898353	
MRPL16		1.4893749	
BLZF1		1.4889472	
LPAR2		1.4883026	
COPS2		1.4882883	
TUT1		1.4877595	
G6PC3		1.4857775	
RAB21		1.4857068	
TSEN15		1.4848874	
UBXN2A		1.4846326	
DNAJC15		1.4812304	
DPH2		1.4809588	
FAM98A		1.4806201	
TMEM129		1.4797002	
CKS2		1.4795353	
LXN		1.4752892	
SRSF11		1.4749535	
AI597479		1.473633	
RPS16		1.4720253	
TNFSF8		1.4705398	
FITM2		1.4704822	
IL15RA		1.4704436	
PPP2R2D		1.4702382	
COPS7B		1.4687135	
RGS1		1.4687065	
NOL6		1.4669693	
WDR12		1.4665418	
PELP1		1.4654498	
DDX39		1.4626099	
TMEM201		1.4621056	
HNRNPK		1.46038	
LACTB2		1.4602116	
ANKRD26		1.4591494	
ZNRF3		1.4590341	
ATP8B4		1.458541	
2700062C07RIK		1.4585091	
NDUFAF7		1.4571916	
TMEM38B		1.457044	
PRPF3		1.456422	
DEGS1		1.4562771	
ECD		1.4553789	
POLR1D		1.4543357	
RPL28		1.454231	
PDCD11		1.4540926	
EIF4A2		1.4538248	
FAM20B		1.4525491	
ZFP959		1.4519769	
CUTA		1.4510264	
LONP1		1.4508978	
ASCC3		1.4506813	
ZFP593		1.4484702	
THOC1		1.4470592	
SELENBP1		1.4462563	
PHF20		1.4460214	
ZFP119B		1.4438461	
ZFP318		1.4433838	
4930453N24RIK		1.442095	
TAF9		1.4415919	
MPP6		1.4411805	
ZFP324		1.4402549	
PLEKHM2		1.4396405	
SLC16A13		1.4391618	
RPIA		1.4382973	
MLF2		1.4354732	
EOMES		1.4344392	
SOCS7		1.4340801	
MEMO1		1.4323685	
MAP2K3		1.4317789	
TCERG1		1.4317547	
STRN3		1.4311005	
USP46		1.4281216	
CSE1L		1.4280652	
BCOR		1.4264729	
GTF2H3		1.4261752	
2700060E02RIK		1.4260608	
PVR		1.4253619	
SLMO2		1.4250057	
PSMC1		1.423785	
SOCS5		1.4227524	
SOX4		1.4218405	
MVP		1.420923	
GM3696		1.4205365	
RPS15		1.4204642	
CTSH		1.419916	
PPP1R8		1.4186732	
PVT1		1.416174	
RUNX3		1.4160182	
TNS1		1.4152113	
E2F4		1.413884	
UBE2E1		1.4113299	
DNMT3B		1.4109523	
MRPL46		1.4105043	
1810022K09RIK		1.409677	
1110004E09RIK		1.4086897	
TRUB1		1.4074713	
TMED3		1.4074476	
LAGE3		1.4065083	
POLD3		1.4044435	
RBM17		1.404279	
RPS25		1.4029964	
KCTD5		1.4013042	
NVL		1.4010786	
TFEB		1.4006113	
NASP		1.4000807	
TFG		1.3996851	
ANKRD17		1.3991503	
DCAKD		1.3990988	
TRIP10		1.3988261	
CD320		1.3985949	
MRPL43		1.3978517	
SLC25A51		1.3976005	
POLE3		1.3974172	
ALG8		1.3972638	
DCP2		1.3967416	
NOP10		1.3965778	
ZFP97		1.3957525	
TMEM11		1.3939599	
PSMB3		1.3927733	
CYBB		1.3926641	
GALNT7		1.392552	
EIF3L		1.3921047	
DEB1		1.3898503	
ATXN10		1.3873911	
NEFH		1.3856546	
NUP98		1.3846731	
MTHFSD		1.384512	
UQCRC1		1.3840477	
TBP		1.3815211	
HLCS		1.3810375	
NOP14		1.3805376	
APOO		1.3795972	
RBM14		1.3788906	
SLIRP		1.3781196	
ADPRHL2		1.3773628	
STT3B		1.3771462	
TIMP3		1.3759792	
TMEM41A		1.3757739	
SNRPG		1.3754275	
NUDCD2		1.3749453	
PRDX2		1.3745363	
RPUSD2		1.3742632	
ACACA		1.3733703	
PPP2R5D		1.37212	
NDUFV2		1.3719243	
ITGA9		1.3718935	
DIS3L		1.3707448	
IL4RA		1.370665	
SDHAF3		1.3696511	
FAM60A		1.3680712	
LGALS7		1.3676445	
TARBP2		1.3674923	
VKORC1L1		1.3672658	
RPLP1		1.3671285	
MAGT1		1.3658801	
DUS3L		1.3645976	
ILDR1		1.3633335	
ZFP280D		1.3630583	
BDH1		1.3629291	
ARPP19		1.3628315	
PGRMC2		1.3612932	
XDH		1.3611437	
SKP1A		1.3607002	
NFIC		1.3579257	
SMC3		1.3579054	
SLC6A6		1.3577285	
SDR39U1		1.3566105	
TXNDC15		1.35628	
KPNA3		1.3550404	
KDELC1		1.3547819	
NIPSNAP3B		1.3544534	
SNRNP40		1.3543497	
HMGXB3		1.3526762	
CALHM2		1.3506006	
SGSM3		1.3489013	
GGT1		1.348455	
KMT2A		1.3461648	
TRAPPC4		1.3448766	
SNX27		1.3446144	
GEMIN7		1.3445934	
C230091D08RIK		1.3436551	
GK5		1.3435946	
KCMF1		1.3434873	
TRIM36		1.3412595	
ZFP459		1.34011	
GRAP		1.3400813	
FAM58B		1.3398371	
RPL19		1.3387045	
MDFIC		1.3371571	
SRP19		1.3359916	
BCORL1		1.33599	
ALG6		1.335467	
AHDC1		1.3344948	
UXS1		1.3343883	
CCDC137		1.3338516	
RAVER1		1.333687	
CMTM7		1.3320439	
CRYZ		1.3311121	
MKLN1		1.3306004	
PNPO		1.3304613	
TCEB1		1.3282366	
CETN3		1.3280514	
SDHA		1.3275563	
EXOSC3		1.3269238	
RYBP		1.3268418	
B4GALNT1		1.3265723	
RRN3		1.3264188	
PPARGC1B		1.3259432	
INF2		1.3244036	
IMMP2L		1.3243732	
GM13212		1.324253	
RAD17		1.3234262	
PATZ1		1.3232485	
SMG8		1.3202887	
ZFP827		1.3194022	
RRBP1		1.317963	
CD164		1.3178209	
DR1		1.3176539	
ICK		1.316299	
RPL35		1.314993	
SAP30		1.3145741	
TSC22D1		1.3140812	
AIMP1		1.3137344	
BMP7		1.3129848	
LCLAT1		1.3125576	
PIGA		1.3122507	
RPL38		1.3114804	
ELP2		1.3109264	
TACC2		1.3107183	
COMTD1		1.3105597	
NDUFC2		1.3103126	
MRPS14		1.3089572	
PTPN23		1.3079659	
FBXO42		1.3077002	
PADI2		1.307469	
SRRM1		1.3063737	
NUP85		1.3062077	
PRDM1		1.3036637	
SDF2L1		1.3034245	
AIM2		1.3026506	
CLIC4		1.3023716	
WBSCR16		1.3014082	
PPP1R7		1.3014008	
ABCF1		1.3001608	
THAP11		1.3000298	
RPS17		1.2992139	
2900097C17RIK		1.2969106	
MOB3C		1.2968045	
2010107E04RIK		1.2957275	
CYB5RL		1.2942762	
KLHDC4		1.2929112	
PDGFB		1.2922386	
CAPSL		1.2918197	
PMPCB		1.2909757	
2010109I03RIK		1.2906835	
PRPF4B		1.2905138	
PATL1		1.290385	
TNFRSF21		1.2898307	
EXOSC5		1.2895888	
FAM169B		1.2895803	
TM2D1		1.2876691	
MRPL30		1.2872981	
PIGW		1.286827	
DDOST		1.2868142	
OSTC		1.2857599	
XRCC3		1.2845773	
CRY2		1.2827646	
HINT1		1.282378	
2210016F16RIK		1.2814989	
ELOVL1		1.2809417	
TGTP1		1.2806159	
PPP4R2		1.2787888	
PABPN1		1.2787058	
QDPR		1.2783238	
GPAA1		1.2781721	
TNFSF9		1.2753989	
HAUS3		1.2751412	
2310033P09RIK		1.2750835	
2410004B18RIK		1.2744527	
ZFP275		1.2741289	
TLCD1		1.2740417	
BANK1		1.272221	
DAPL1		1.2716341	
CSTF2T		1.2715477	
SNRPB		1.2680327	
CPSF1		1.2679423	
ADA		1.2677233	
TMEM167		1.2670205	
STAT1		1.2662103	
FRMD6		1.2660995	
ABT1		1.2659112	
EMP2		1.2653792	
STT3A		1.265165	
PDCD6		1.2651476	
ATXN2		1.2648197	
EXOSC9		1.2632742	
GPR180		1.2628976	
GFM1		1.2618484	
TMPRSS3		1.2617209	
ISG20L2		1.2607481	
USP39		1.2593082	
ORC1		1.2588499	
EIF4G2		1.2585585	
DMAP1		1.2574775	
TTL		1.2563645	
MRPL18		1.2557837	
ALG9		1.2546959	
LSM6		1.2536793	
GRSF1		1.2521403	
TBC1D8		1.25078	
SNHG10		1.2502451	
UTP11L		1.2501433	
UBE2I		1.2496263	
PRRC1		1.249037	
PNN		1.2482729	
SLC17A9		1.2466098	
SRD5A1		1.2462	
EDF1		1.2460803	
DUSP2		1.2447174	
ZFP397		1.2446842	
FAM175B		1.2446172	
SPATA5		1.2441713	
MTX1		1.2435029	
PRPF8		1.2435017	
PSMD3		1.2432021	
NONO		1.2429951	
GOT1		1.2413311	
RPL31		1.2412376	
PIGF		1.239727	
NINJ1		1.2361318	
SUCLG1		1.2360418	
PGAM2		1.234408	
ZFP773		1.2341752	
PDHX		1.2331704	
REXO4		1.2330878	
TRIM65		1.2322251	
TVP23B		1.2318848	
ZFP617		1.2315671	
GM3604		1.2303891	
FXR1		1.2272733	
ZFPM1		1.2269208	
STARD3NL		1.2240273	
KDELR2		1.2232256	
PIGB		1.2191253	
IPO7		1.21897	
IFITM3		1.2188	
AU019823		1.2184799	
APEX2		1.2184119	
D130040H23RIK		1.2179458	
THOC3		1.2145306	
EIF4ENIF1		1.2144947	
SF3B5		1.214091	
D2WSU81E		1.2132014	
RAB9		1.2130462	
CHMP2B		1.2125969	
POFUT2		1.2120897	
TXNDC9		1.2119575	
GOT2		1.2109951	
H2-Q5		1.2105787	
LYNX1		1.2100899	
SCAP		1.2099286	
SPRED1		1.2089951	
GIGYF2		1.2089355	
TMTC4		1.2082472	
MRPS24		1.206499	
APLF		1.2057692	
SAP18		1.2057229	
USP34		1.2045568	
DTD2		1.2039905	
DUSP5		1.2039478	
GGA2		1.2022057	
BANF1		1.201942	
ZFP207		1.2018914	
USP15		1.2017498	
SH3BGRL		1.2002708	
HYOU1		1.1988779	
PFDN4		1.1969703	
GNPAT		1.1958952	
RBM27		1.1958755	
RAD50		1.1946578	
SF3A1		1.1939894	
TMBIM1		1.1936489	
LZTFL1		1.1933987	
FAAP24		1.1933899	
NID2		1.1903131	
ATP1A1		1.19012	
CSTF1		1.1900144	
SDHB		1.1883832	
ZWINT		1.1859457	
ATP2A2		1.1852773	
MTCH1		1.1833589	
COX7C		1.1831682	
ERLIN1		1.1831397	
OSGIN2		1.1819243	
CDKN1A		1.1818578	
TRIM24		1.18179	
NCOA1		1.1805612	
ENTPD6		1.1803071	
TNFSF10		1.1795954	
TNF		1.1795778	
VCL		1.1778605	
RPS19		1.1772503	
TRP53RKB		1.1769601	
NOL12		1.1767943	
SERAC1		1.1766922	
MDH2		1.1763405	
MRPS9		1.1753846	
NEK4		1.173517	
SSR2		1.1733533	
NMNAT1		1.1722372	
TBRG1		1.1709067	
ACSL4		1.170728	
MARS2		1.1705773	
SLC25A22		1.1704972	
COX5A		1.1703476	
PMPCA		1.1701726	
GNA14		1.1699136	
METTL2		1.1696426	
CBWD1		1.1692817	
GTF2F2		1.1685075	
AAAS		1.1684529	
SNRPB2		1.1675088	
TTC32		1.1672924	
RBBP7		1.1664162	
UNG		1.1658742	
PRPS1L3		1.1657232	
UQCR10		1.1656933	
GEMIN2		1.1631346	
2310022A10RIK		1.162274	
IMP3		1.1601254	
LRRC41		1.1601069	
ABCA1		1.1595017	
DNAJC1		1.159321	
DCUN1D2		1.1588138	
INTS8		1.1578146	
RDX		1.1571455	
NARS2		1.1570961	
MRPS18C		1.1566252	
UBAC1		1.1565225	
RPS3A1		1.1564957	
PCNA		1.1550744	
NEK1		1.1546098	
GLRX3		1.153207	
TMEM135		1.1515317	
CDCA7		1.1510781	
SERTAD2		1.1499585	
MRPL53		1.1490217	
NSMCE1		1.1480186	
U2SURP		1.1472154	
DROSHA		1.1460885	
CCRL2		1.1447723	
SF3B4		1.1440941	
TPI1		1.1432523	
RPL23A		1.1421803	
TMCO3		1.141947	
4931406H21RIK		1.1416376	
ZBED5		1.1409967	
RFWD2		1.1406804	
TSTA3		1.1393735	
NSDHL		1.1372211	
EIF4H		1.1369548	
CHPF		1.1349803	
FAM210A		1.1340859	
DUSP19		1.1331335	
DUSP16		1.1327577	
TTLL4		1.1327379	
LYRM9		1.1314204	
CCNE2		1.1311255	
ATG5		1.1308794	
CD8B1		1.1299571	
PDRG1		1.128922	
UHRF1BP1		1.1288412	
MRPL21		1.1286715	
UBA3		1.1283877	
FAM69B		1.1272978	
GCN1L1		1.1272305	
FGFR1OP2		1.1254556	
SENP5		1.1254265	
KRT19		1.1231697	
SEC31A		1.1231151	
PEX10		1.1229672	
NOL9		1.1221702	
PDIA6		1.1209139	
ST6GALNAC4		1.1202765	
LSM12		1.1196237	
ZMYND19		1.1194097	
HEATR6		1.118336	
DNAJC21		1.1170262	
SCAF1		1.1167524	
RAP2A		1.1166869	
PTER		1.116371	
ABCC1		1.1152227	
ARL2		1.1144576	
CLN8		1.113478	
RPP40		1.1131724	
RPL37RT		1.1125653	
DBR1		1.1096333	
D11WSU47E		1.1086546	
ZFP574		1.1081316	
ENO1B		1.1072809	
SETD5		1.1071984	
CCDC88A		1.1069715	
NOL7		1.1067655	
TFDP1		1.1058663	
TRIB1		1.1048762	
CASP4		1.1040233	
RPS3		1.104	
FOXJ2		1.1036305	
EYA3		1.1034322	
NFYB		1.1032975	
NANP		1.1018547	
PGPEP1		1.1015085	
AFG3L1		1.1011305	
DCUN1D5		1.1000488	
ZFP420		1.0996909	
GPN2		1.0990828	
TAF3		1.098915	
ESD		1.0988135	
POFUT1		1.0985682	
RWDD4A		1.0969824	
SPARC		1.0963846	
TBRG3		1.0951997	
TOP1MT		1.0946538	
SMG7		1.094072	
TMEM69		1.0935079	
GNB1L		1.0922136	
CDK12		1.0916783	
CTNNB1		1.0906826	
ZFP691		1.090576	
CLCC1		1.0901822	
ENDOG		1.0892116	
TIRAP		1.0881935	
EEA1		1.0879989	
RAE1		1.0874596	
BRD3		1.0838524	
CFAP20		1.0830249	
IFT74		1.0828961	
TMEM68		1.0826321	
NCKIPSD		1.0825211	
EIF2AK4		1.0808504	
CANX		1.0800354	
GPS1		1.0798651	
PEX26		1.0788343	
SLC20A2		1.0784155	
5430416N02RIK		1.0774733	
ALYREF		1.0773076	
TET1		1.0770605	
CSRP2BP		1.0769417	
GCDH		1.0745335	
UTP3		1.0739473	
RPS24		1.0733542	
TRPM7		1.0733284	
EIF1		1.0731417	
ZC4H2		1.0730712	
DNAJC25		1.0719845	
UAP1		1.0709664	
POP4		1.0696348	
GSTCD		1.0655473	
SNX8		1.063144	
CCDC115		1.0621629	
ARL8B		1.0621475	
MRM1		1.0616744	
ABCF3		1.0611211	
RPL24		1.0603479	
RPS20		1.0602314	
MRPS5		1.060189	
HNRNPL		1.0594723	
PELO		1.0591276	
ORC2		1.0583261	
HCCS		1.0571975	
TAF11		1.056954	
NOP9		1.0562416	
ID2		1.0556107	
ATF1		1.0532238	
PEX13		1.0527353	
PSMD14		1.0527333	
RBM7		1.0522214	
HDDC2		1.0509218	
RPN2		1.0504804	
YY1		1.0497591	
MAVS		1.0496695	
RCE1		1.0494666	
AGO2		1.0491587	
TMED5		1.0488826	
MSL1		1.0476993	
MTG2		1.0471096	
44811		1.0464625	
RABL3		1.0456996	
DGCR8		1.0452391	
ANKRD13B		1.0447243	
LMNA		1.0442411	
YTHDF1		1.041859	
XXYLT1		1.0414056	
MRPL27		1.0407966	
TUSC2		1.0406225	
PSMC4		1.0395331	
GM12338		1.0392145	
VPRBP		1.0385581	
DPY19L1		1.0373414	
SLAIN1		1.036499	
TRIM44		1.0364249	
MPC1		1.0363061	
C330007P06RIK		1.0355159	
HNRNPA2B1		1.0347186	
ALKBH2		1.0339413	
OGFOD1		1.0331709	
PGP		1.0327463	
A630089N07RIK		1.0324055	
PPIG		1.031735	
RBM19		1.0315127	
BNIP2		1.031073	
MNDAL		1.0291363	
ARMC1		1.0268426	
ATPIF1		1.0266917	
ZDHHC21		1.025721	
MATR3		1.0243483	
DNTTIP2		1.0232513	
PLOD3		1.023037	
FNTA		1.0229977	
SETD1A		1.0212209	
9530077C05RIK		1.0207514	
ATF4		1.0202342	
PCYOX1		1.0201849	
GNL3L		1.0193775	
LMLN		1.0193173	
NDUFA4		1.0191714	
AKR7A5		1.0180018	
EXOSC8		1.0178049	
ARL6IP4		1.0172124	
SLC31A1		1.0171034	
ATXN2L		1.016184	
LSG1		1.0159234	
BCR		1.0153996	
SCFD1		1.0149443	
ASB13		1.0142112	
ELOF1		1.0139917	
RNF126		1.0135947	
THAP7		1.011545	
NDUFB2		1.0103328	
MB21D1		1.0103194	
CLASP1		1.010127	
PTGFRN		1.0096401	
MED21		1.0090946	
RRNAD1		1.0089606	
ZFP763		1.008344	
WDR89		1.0071157	
TRIP13		1.006113	
PDLIM5		1.005395	
UBE2L3		1.0051602	
2210015D19RIK		1.0050272	
SAAL1		1.0049324	
TRPS1		1.0047413	
PIGU		1.004665	
AKAP8		1.0040038	
PEMT		1.0035417	
PIDD1		1.0027865	
COLQ		1.0015042	
GOLT1B		1.0002278	
FOXP1		0.99916756	
UQCRC2		0.99825424	
RAB14		0.997337	
VARS		0.99727196	
SPAG7		0.9967173	
TRP53RKA		0.99670076	
MTERF4		0.9961356	
GGCX		0.9955043	
OSGEPL1		0.9953184	
PPP1R21		0.99519044	
BAG5		0.99436724	
FAM220A		0.9935059	
AKT1		0.99340105	
SAE1		0.9927101	
BHLHB9		0.9925523	
SUMF2		0.99248934	
SSR1		0.99220717	
NEMF		0.99017256	
CYB5B		0.989482	
TNPO3		0.98939276	
CBX3		0.98927534	
SLC35B1		0.98925996	
FAM53B		0.9889261	
CALU		0.9888175	
PARP2		0.98858047	
LHPP		0.9881387	
RPS14		0.9877768	
WDR92		0.98735845	
ICE2		0.98707336	
SAYSD1		0.9870567	
RFC3		0.9860947	
DICER1		0.9860876	
CCDC34		0.9857829	
PSMB5		0.98565286	
SLC29A3		0.9853828	
GBP10		0.98484814	
PRPS2		0.9837095	
RPL37		0.98324645	
RWDD3		0.9832413	
RABGAP1		0.9810293	
IL9R		0.98055	
TRIM32		0.9804724	
IGSF8		0.979749	
ABCD3		0.9786479	
ISCU		0.9774833	
RAPGEF1		0.97608757	
ZNHIT1		0.9760595	
PPHLN1		0.97593826	
FH1		0.97566354	
MFN2		0.97517496	
ZFP771		0.9749426	
1190007I07RIK		0.97482395	
SKP2		0.97390324	
ROCK2		0.97352487	
NFX1		0.9735136	
CPSF3L		0.97299254	
MTA1		0.97183114	
SEMA4B		0.9716702	
CREBZF		0.97100574	
GPN3		0.97099787	
SSR3		0.97080886	
ALKBH8		0.97035474	
PACS2		0.96921843	
EIF2B5		0.9691481	
GORASP1		0.9689395	
DNAJA2		0.9688132	
IFI203		0.9684722	
PPP3R1		0.9673359	
ATP5A1		0.96632826	
PSMC2		0.9659282	
TTC7B		0.9654124	
ATR		0.9653208	
LRRC57		0.9651711	
REPIN1		0.96507406	
ITM2A		0.964825	
APEX1		0.96419513	
2610301B20RIK		0.9638598	
CBFA2T3		0.96369123	
DNAJC9		0.96348	
NDUFB5		0.9626772	
DXO		0.9626445	
RNF135		0.9614503	
4930404N11RIK		0.9605708	
MED30		0.9596517	
DENND1B		0.95925766	
FAM133B		0.9590367	
MIOS		0.95888144	
MFN1		0.9587998	
USP24		0.9563899	
LUC7L2		0.9563838	
BMF		0.9516434	
RPL22		0.95149815	
NCBP1		0.95006096	
RFFL		0.9499645	
AKIP1		0.94920003	
TMEM177		0.948708	
PGM2		0.9475328	
SMU1		0.9472834	
AKAP1		0.9472447	
SREK1IP1		0.9464656	
TMEM230		0.9464201	
CBX6		0.94641185	
NDUFAF1		0.94638854	
SSRP1		0.9458784	
DHX36		0.9454068	
SOCS4		0.9448507	
DYNLL2		0.9448122	
JADE1		0.94380903	
MED11		0.943728	
SNRNP35		0.9435288	
DCTPP1		0.9430135	
MPP5		0.9429449	
TXLNA		0.9425685	
ZIK1		0.9389986	
DYNC2H1		0.9386008	
DDX49		0.9364636	
TMEM214		0.93405634	
ZFP800		0.9333689	
1600002K03RIK		0.9323289	
YWHAG		0.9311668	
SDHC		0.93057275	
ZFP595		0.9304827	
CYBA		0.9301607	
P2RY1		0.9300537	
SRSF2		0.9295856	
SAR1A		0.929546	
SMARCB1		0.929479	
RTCA		0.9291071	
NHLRC2		0.9280891	
GAA		0.9269485	
CFAP97		0.9268888	
TFB1M		0.9265494	
SLC19A2		0.925462	
GM10336		0.9254064	
AMMECR1		0.92526907	
EMC2		0.92513955	
RPA2		0.9245013	
WDR6		0.9243305	
BUD13		0.92333347	
BOLA3		0.92315155	
TSPAN3		0.92221767	
EXOC5		0.9214564	
MTRR		0.92078775	
LDAH		0.9204987	
AKR1C12		0.9198331	
FBXL5		0.9173975	
TADA2A		0.91735953	
FDXR		0.9157222	
URB2		0.9147925	
TGFB1		0.91472805	
FANCE		0.91434556	
UBR5		0.91340405	
HRAS		0.91333956	
ABCF2		0.9121872	
ADORA2A		0.911544	
TBCCD1		0.9115099	
DPAGT1		0.91144824	
AHCY		0.9107756	
METTL8		0.91033816	
IGBP1		0.9098066	
ARHGAP39		0.9091788	
TMEM199		0.90862554	
WDR83OS		0.90801	
RLIM		0.9076483	
PHAX		0.9076481	
ARF1		0.90730375	
H2-DMA		0.90667343	
PLA2G15		0.9032157	
ECE1		0.90280676	
SSU72		0.90267056	
CYB5D1		0.90240556	
SLC23A2		0.90219533	
TECR		0.90086514	
METTL4		0.9007916	
TTC39B		0.9004746	
CHID1		0.9002306	
TMEM120B		0.9001923	
BC003965		0.8992516	
HNRNPA1		0.89766717	
SLC35B2		0.89646405	
CPSF2		0.8962939	
EXOSC10		0.8960273	
FNDC3A		0.8960038	
MMADHC		0.89559036	
CYTH3		0.8942608	
PRPF40B		0.8941951	
HDHD3		0.8928962	
SLC25A4		0.8923466	
POLR2B		0.89165455	
ALKBH7		0.8912704	
PFKL		0.8911892	
MFSD5		0.89044416	
GTF2E2		0.89004	
ATRX		0.88995653	
PTRH2		0.88966036	
CISD2		0.8892415	
ING5		0.889201	
IGF2R		0.8888472	
IRF1		0.88879687	
ILKAP		0.8885463	
PSMA6		0.8883738	
CHCHD6		0.8867555	
GRPEL2		0.88668483	
RHOT1		0.88665	
YWHAQ		0.88663936	
TOMM22		0.8854329	
YAE1D1		0.8854064	
TTC28		0.8847667	
L7RN6		0.8835412	
EFTUD2		0.883388	
SNHG7		0.8832434	
4931428F04RIK		0.88282585	
IMPDH1		0.88251424	
IL12RB1		0.8821876	
LRRC14		0.88131297	
PRRC2B		0.8807864	
COA6		0.88067275	
UBE2CBP		0.8801434	
GATB		0.87996054	
XBP1		0.8786005	
PRPF38B		0.87775433	
TMEM208		0.8773556	
MRPL23		0.87720066	
2010107G23RIK		0.8770699	
TGIF2		0.8766914	
AGPAT1		0.87640935	
POLR2C		0.87624216	
ZCCHC9		0.8760263	
RIOK1		0.8756644	
RNASEH2B		0.874972	
NR4A2		0.87373745	
CHMP7		0.873296	
SPRYD7		0.87256473	
CLIC3		0.8725465	
ALDOA		0.8725023	
SUGT1		0.87208444	
VMA21		0.87155396	
SPCS2		0.87138873	
TMEM183A		0.87075764	
PRSS36		0.86986226	
RBM28		0.8696157	
SPCS3		0.86900526	
BTBD9		0.8687054	
IDH3B		0.86788994	
ETS2		0.8678756	
MRI1		0.8667875	
SPEN		0.86663795	
TSTD2		0.86616164	
CHTF8		0.8656564	
SRRT		0.86540985	
VARS2		0.86531895	
NUDT4		0.8645207	
XLR4B		0.86415505	
OST4		0.8641531	
FBXO11		0.86326957	
OCIAD1		0.86326164	
PLRG1		0.86290455	
CCNT1		0.8624015	
EWSR1		0.862346	
R3HDM1		0.862034	
WIPF1		0.8618922	
COA7		0.8618078	
AGER		0.86174494	
GLCE		0.8610604	
RPLP2		0.86032397	
RBX1		0.8602858	
NELFA		0.8601975	
FBXO45		0.8600512	
MPP7		0.85991555	
TAF6L		0.858967	
CDC16		0.858753	
PARK7		0.8584687	
EFTUD1		0.8578754	
CPOX		0.8572319	
TMCO4		0.85705465	
SIK2		0.85648406	
CAPG		0.8560428	
B4GALT4		0.8555642	
BAG2		0.8555257	
INO80E		0.855488	
METAP1D		0.85501343	
PKIG		0.8549428	
AAMP		0.8546052	
NDUFA8		0.8538304	
NMT1		0.85365754	
BRI3BP		0.8534985	
2410015M20RIK		0.8522937	
INTS5		0.85175747	
PRR5L		0.8515873	
ACOT7		0.8503227	
SH3BP2		0.85031587	
DDX55		0.8500097	
UBTD2		0.84847164	
SSR4		0.8481731	
ACER2		0.8477718	
PITHD1		0.84697413	
PNKD		0.8469062	
USMG5		0.8456709	
NEDD1		0.84518486	
PRKRIP1		0.8449326	
H2-OA		0.8443924	
CCDC43		0.8443583	
SEPHS1		0.84396297	
MLLT1		0.8439542	
GTF2B		0.84324074	
MARCKSL1		0.84299606	
DDB1		0.8429475	
COX5B		0.84242153	
STK38L		0.8410416	
ADPGK		0.8402117	
1700020I14RIK		0.8400571	
MED6		0.83951485	
TMEM245		0.8392672	
ANP32B		0.8390957	
TUBB5		0.83906615	
HN1L		0.8387557	
ZFP52		0.8386251	
PDE4A		0.83861	
MAPK9		0.8379378	
RPL39		0.8374152	
LDHA		0.83672786	
SF1		0.8366084	
PDCL3		0.8362597	
PREP		0.83603424	
ARL5A		0.8355869	
ACTG1		0.83544743	
PREB		0.83541226	
PDP1		0.83536553	
CCDC90B		0.8350432	
HYPK		0.83405834	
PTS		0.8340126	
ATPAF2		0.8336715	
PRNP		0.8333393	
NOC2L		0.8332218	
CTSZ		0.8319486	
GFER		0.831792	
PCX		0.8306985	
VAPA		0.83023417	
TAF1A		0.8289534	
AASDH		0.8286596	
XPO5		0.8276522	
SLTM		0.82621866	
N4BP2L2		0.82594085	
IMMP1L		0.8256467	
AKT1S1		0.8255419	
ATXN7		0.82430965	
CPNE3		0.8232937	
PHF10		0.82232857	
GTF2E1		0.8217903	
SDE2		0.82046837	
1700048O20RIK		0.8198315	
HSPA14		0.818365	
VCPKMT		0.81785184	
PIM3		0.8178267	
ACTL6A		0.8175038	
INVS		0.81738716	
RPL13A		0.8171855	
HDAC2		0.8165193	
FAM73B		0.8160894	
MTPAP		0.81581706	
ATP5G2		0.81568694	
SNX16		0.8142721	
RAD1		0.8132739	
NRAS		0.8128887	
UBAP2		0.8127974	
MAPK6		0.8127176	
MAP3K8		0.8115199	
MYG1		0.8108396	
TRIM27		0.81043553	
FAM213A		0.8103484	
ASNA1		0.8101323	
TMEM161A		0.8090083	
QSER1		0.80780846	
DAG1		0.80738556	
PUS10		0.80708504	
LCMT1		0.80618453	
DPY19L4		0.8050152	
PHF14		0.8038699	
HIST1H2AF		0.8038218	
BPNT1		0.8030278	
CCL27A		0.8018907	
ZFP146		0.8015729	
FANCC		0.80064726	
RPF1		0.80042315	
LY6C2		0.8003522	
TRAF3IP1		0.7999904	
SFPQ		0.7996889	
CUL9		0.79892945	
TIMM17B		0.79853797	
ZXDA		0.7983957	
BAP1		0.79826814	
BICD2		0.7979836	
OSER1		0.79778546	
ULBP1		0.79751277	
PTGES2		0.79630685	
PTAR1		0.7956696	
CRTC2		0.7954065	
HECTD2		0.7951608	
MND1		0.7930473	
SMARCA5		0.79284674	
GORASP2		0.79266244	
ETFDH		0.79191303	
SF3A2		0.791685	
MTIF2		0.79164517	
HCFC1		0.7909253	
ASRGL1		0.78985864	
RMRP		0.7894189	
ZC3H7B		0.78926224	
IFIH1		0.7891052	
PREPL		0.78843474	
FAM129A		0.7883529	
FTSJ1		0.7876542	
B230354K17RIK		0.7872384	
TANK		0.78687936	
YLPM1		0.786874	
LYPD6B		0.7864689	
RPGR		0.7860784	
LAPTM4B		0.78593504	
RBM15		0.78505176	
RMI1		0.7841287	
ASNSD1		0.78408146	
RASA4		0.7840309	
PLEKHJ1		0.78370214	
RFC5		0.7835364	
ANAPC7		0.78352386	
KLHL15		0.7831193	
SNHG8		0.7824588	
ARF4		0.7823455	
NRROS		0.7821249	
CLDN18		0.7821126	
TMEM126A		0.78202295	
TMED10		0.7818648	
TDP2		0.7791895	
SLC25A37		0.7780717	
ETAA1		0.77779144	
TSSC4		0.7777092	
IRAK1BP1		0.77742666	
NIT2		0.77594864	
PTGR2		0.7740483	
MTHFD2		0.77397805	
PRDM16		0.7732462	
ARFIP2		0.77257967	
PSMB9		0.7718733	
RPS18		0.7717136	
SPDL1		0.77150786	
DTX4		0.7702936	
COA4		0.77012706	
MRPS12		0.77006996	
MCCC1		0.76941735	
ARID1A		0.76933604	
TNFSF13B		0.769027	
ZFP109		0.7681538	
HNRNPA0		0.7679695	
KANSL1L		0.76736975	
ACO2		0.7672319	
0610037L13RIK		0.76694727	
EGLN1		0.76619494	
ZFP599		0.7657329	
ZFP553		0.7657311	
SIMC1		0.7655537	
PCSK4		0.76523453	
DYNLT1A		0.765107	
PUM2		0.7649048	
CASP8		0.76476556	
SOD1		0.7644487	
2210408I21RIK		0.7642339	
SKIL		0.76419383	
PUF60		0.76377773	
ZFP131		0.763183	
USPL1		0.7628925	
CUL1		0.7627866	
SUV39H2		0.76212174	
CCDC22		0.7610111	
RAB33B		0.7606991	
ANP32A		0.760384	
ZFP65		0.7602345	
SEPHS2		0.76001763	
FAM50A		0.75980276	
TNPO2		0.7597781	
CDC123		0.7595727	
ERCC2		0.75919664	
HIBADH		0.7586381	
NUDT3		0.7580107	
SULT2B1		0.7573979	
PDCD2L		0.7569501	
NUP133		0.7566133	
ZFP62		0.7565897	
SLC43A3		0.7557829	
SLC38A1		0.7557402	
PPM1F		0.7554478	
BEND3		0.7552556	
ADRM1		0.75499964	
SNAPC3		0.7545969	
SLC35E1		0.75455546	
CD44		0.75406134	
GTF3C3		0.7539493	
ZCCHC3		0.75392836	
WBSCR22		0.7537258	
UFSP1		0.7537164	
ATP6V1A		0.75356305	
SPG20		0.7531447	
CRLS1		0.7529894	
RAD23B		0.7529191	
SWI5		0.75241417	
COX10		0.7521944	
TCEA1		0.7521072	
TRAPPC6B		0.7517039	
RCCD1		0.75161934	
FAM104A		0.75149053	
SYMPK		0.7513708	
HEXIM1		0.7511673	
GPX1		0.7510103	
RNF43		0.75086164	
ZC3HC1		0.75063235	
MINOS1		0.7492633	
YIF1B		0.74853915	
PPFIBP1		0.74841535	
ACSF3		0.7483375	
GAPDH		0.7475441	
FAM118B		0.74680126	
D5ERTD605E		0.74578524	
HNRNPU		0.7454181	
INSL6		0.74483895	
ECSIT		0.7431156	
RBM34		0.7406148	
ORAI1		0.74059165	
SCARB1		0.74055463	
ZFP322A		0.74020374	
TAGLN2		0.74010926	
BAHD1		0.7397763	
YWHAB		0.73969954	
HNRNPAB		0.7390852	
FAM199X		0.73890775	
PLP2		0.73829985	
ALG2		0.73826045	
TMEM115		0.73804504	
ISOC2A		0.7377856	
CHCHD5		0.7377846	
TTC37		0.7376908	
SNAPC4		0.7370555	
SMPD4		0.73684347	
ATP13A2		0.7366399	
DNLZ		0.7364497	
MAN1B1		0.7359651	
6720489N17RIK		0.73581475	
NEDD8		0.73359746	
TMEM126B		0.7335145	
NCOA5		0.73322654	
TRIM35		0.7330752	
MED4		0.732948	
CBLL1		0.73271567	
LYSMD3		0.7325612	
MCU		0.73228025	
SHOC2		0.73211044	
TIAL1		0.7316329	
KLHL9		0.73131216	
HAUS1		0.7310096	
POLRMT		0.7307309	
STXBP5		0.7302696	
MOB1B		0.7291788	
TPRN		0.7289486	
NUP155		0.7288364	
TMCO1		0.72720087	
NR2C1		0.72649133	
RPRD1B		0.7260848	
ANXA4		0.7259071	
RAB10		0.72483474	
LAMTOR3		0.72456264	
JOSD1		0.72349185	
RTEL1		0.7234591	
1810043H04RIK		0.7230342	
RPUSD1		0.7227409	
TXNRD3		0.7220884	
UBE2M		0.72198004	
44819		0.7216663	
TBC1D13		0.7198132	
KATNA1		0.7193145	
RPSA		0.7191481	
FAM175A		0.71826106	
LNP		0.7170392	
ATP6V1B2		0.7163544	
NCOA4		0.71621925	
KLHDC3		0.7158603	
0610012G03RIK		0.7157029	
BC005624		0.71559066	
ZFP106		0.7155153	
FAM219B		0.71535504	
UBXN7		0.714666	
USB1		0.7137873	
PMM1		0.7132357	
BLCAP		0.71282494	
PDHA1		0.7125115	
RBM39		0.7123118	
MTMR7		0.71166927	
GLTSCR1L		0.71149784	
TIA1		0.71132225	
ASNS		0.7100778	
FAM129C		0.71002597	
SOS2		0.7095587	
METTL22		0.7092444	
L3MBTL2		0.70921266	
CSTF2		0.70913035	
SND1		0.70876724	
CMTR2		0.7080853	
TXNRD1		0.70807844	
PGAM5		0.7077108	
CDC6		0.7071229	
JMJD6		0.7067117	
MIER1		0.70628536	
NT5DC2		0.70581573	
DSCC1		0.7049957	
NDUFS8		0.7031208	
USP20		0.7024584	
HOOK1		0.7021812	
TMEM65		0.7010584	
YARS2		0.70080054	
DHX38		0.7006983	
NRP		0.70067346	
MAP1S		0.7002267	
CPSF7		0.7001049	
AOC2		0.6999658	
SNX15		0.6987474	
RSG1		0.69834214	
2310036O22RIK		0.69708306	
GINS2		0.69689023	
MCM8		0.696458	
CBR4		0.69640934	
PHC2		0.6955413	
RP9		0.69522417	
DHX9		0.6943752	
SFXN4		0.6940467	
GM14420		0.6931235	
ZFP39		0.6924466	
ABCG1		0.69233286	
KLHL23		0.6918516	
ADAMTS20		0.69116986	
TBC1D24		0.69044685	
RPS28		0.690445	
PTCH1		0.6899069	
COX7B		0.6896551	
PCGF6		0.68947995	
COX11		0.6886988	
NUP214		0.6886077	
RETSAT		0.68804467	
PLGRKT		0.6880227	
TTLL9		0.6880118	
RAB10OS		0.6879546	
CAMKK1		0.687925	
UBA2		0.6877957	
SRPR		0.68716085	
PIK3R5		0.68671	
POM121		0.6865629	
ENSA		0.68560153	
HSD17B10		0.68555146	
TRAPPC13		0.68523	
NUP160		0.6851981	
CREM		0.684188	
ARIH1		0.6840888	
D3ERTD254E		0.68297344	
GZMB		0.68282217	
TRMT13		0.68264925	
PHF19		0.6819727	
ETFA		0.6818848	
GTF2A2		0.68144214	
GM12216		0.6811351	
SMURF1		0.6805957	
HNRNPF		0.680074	
3110040N11RIK		0.68002886	
GM17066		0.6799212	
CD24A		0.67869574	
ERCC8		0.6784504	
PARS2		0.6775969	
MAMDC4		0.67732364	
COX16		0.6772266	
POLA2		0.6768581	
TTN		0.6763461	
PEX14		0.67623186	
0610009B22RIK		0.67573977	
CDK11B		0.67560655	
NUP50		0.6752492	
CWC22		0.67411673	
ACSL5		0.67390317	
RTN4IP1		0.67330635	
HAVCR2		0.67324615	
GM5113		0.67289156	
GNL1		0.67115444	
CNOT11		0.6705981	
LRRC42		0.67015797	
TAF13		0.66959554	
CEP170		0.6687837	
NHLRC3		0.66833365	
IVNS1ABP		0.66803384	
EXO1		0.66786087	
WDR34		0.6668717	
TDP1		0.6661443	
RAD18		0.66608506	
ARMCX4		0.6653944	
MGA		0.66470796	
ZDHHC17		0.66459644	
MRPL48		0.6636136	
MTO1		0.66361046	
TSC1		0.6633746	
SHPRH		0.66327065	
SP6		0.6631411	
BMS1		0.6626754	
RPL32		0.6606336	
AIFM1		0.6603175	
MCFD2		0.6602442	
SLC35F5		0.66003126	
GTF3C2		0.6598321	
THY1		0.6595979	
TFAP4		0.6589838	
NF1		0.6584989	
WDR60		0.65831727	
SEC61A1		0.65823126	
DUSP6		0.65769464	
UBXN1		0.65759987	
TRMT44		0.657167	
PRRC2A		0.65709585	
DCLRE1B		0.6570179	
NUP153		0.65693486	
SUV39H1		0.65644616	
NUPL2		0.6561823	
GNG12		0.65605617	
INTS3		0.6557249	
ODC1		0.6550031	
LGALS3		0.65432096	
CHERP		0.6543091	
GM5148		0.6542207	
TMEM107		0.65365106	
DBNL		0.6534961	
TAF1		0.65170956	
OTUD4		0.65077823	
UBA52		0.6497479	
CXCL10		0.6497203	
MMS22L		0.6489154	
CAML		0.6486076	
RPS21		0.64830863	
ZFP442		0.64816993	
RPRD1A		0.64802045	
DGCR6		0.6471695	
MRPL36		0.64642656	
VASP		0.64630675	
DNASE1		0.646266	
MRPS36		0.6450316	
5830415F09RIK		0.6449652	
PRKAG2		0.6442571	
SPOP		0.6440608	
SETD6		0.6433318	
RPL36		0.643028	
BMPR2		0.6429657	
PRKCI		0.6416936	
DESI1		0.64057523	
MSLN		0.6399037	
ELK3		0.63909763	
BBS2		0.63899064	
ARSK		0.63888276	
MRPL54		0.6387578	
NAT9		0.63842666	
UBR3		0.6366728	
ZFP54		0.6366337	
PIP5K1A		0.63632625	
PIN4		0.6362514	
INTU		0.6362245	
GDPGP1		0.63584447	
RAB11FIP1		0.6354474	
PHF21A		0.6350165	
SDCCAG3		0.63418615	
CNIH1		0.632716	
MKRN2		0.6326774	
KRT14		0.6325023	
MVB12A		0.63073534	
RPL41		0.63051945	
ME2		0.63044024	
GGA3		0.63019997	
RDH10		0.629689	
XLR4C		0.6294269	
CHCHD3		0.6291823	
IL2RB		0.6288432	
ZFX		0.6279302	
OXSM		0.62752813	
CDPF1		0.6274207	
4930430F08RIK		0.6269189	
CCZ1		0.626002	
ZFP94		0.62578803	
METTL25		0.62571573	
ZZZ3		0.62569	
CEBPG		0.62561685	
NNT		0.6255968	
NMRAL1		0.62557733	
KCNQ5		0.6254033	
LPAR5		0.6253077	
NIPA2		0.62520576	
COQ9		0.62452126	
RBMX2		0.6244816	
RNF7		0.62424695	
F2RL3		0.6232564	
HEMGN		0.62323266	
LARS2		0.62305355	
NKRF		0.6230071	
CDIP1		0.6225196	
PRAF2		0.6219022	
PSMC3IP		0.6218574	
RBM25		0.6214469	
PWWP2A		0.6211237	
POLQ		0.620548	
D15ERTD621E		0.62028384	
KANSL2		0.6197841	
HMGB3		0.61976665	
IRF2BP1		0.6195543	
FDX1		0.61943537	
THUMPD3		0.6187944	
IARS2		0.6186975	
HSPA13		0.6186221	
KCNK6		0.6185717	
1810055G02RIK		0.61855	
POLR2I		0.61845547	
ZFP770		0.61775225	
2510039O18RIK		0.61748433	
SEC23B		0.6174436	
UPRT		0.6174004	
KHSRP		0.6169053	
AGO1		0.6159527	
XRCC1		0.6158648	
TMEM42		0.6155092	
KLHL7		0.61548156	
NDUFA7		0.61525047	
VCP		0.6152405	
TCF25		0.61505336	
FAM96A		0.61457765	
TICAM1		0.614151	
IFT88		0.6136314	
UQCRQ		0.61334026	
R3HDM2		0.61327636	
INTS4		0.61311615	
ZDHHC6		0.612978	
RNF11		0.61270046	
SNRNP200		0.6125818	
PRKCD		0.612335	
ARRDC4		0.61232924	
MAP2K2		0.6118395	
KLHDC9		0.6113432	
SBNO1		0.61017394	
MED26		0.60929745	
ADAT2		0.60916793	
AKTIP		0.6088849	
FKBP2		0.60851187	
XLR3B		0.6082971	
CREBL2		0.60694784	
MRPS16		0.6068154	
STUB1		0.6066775	
USP30		0.60611576	
ZFP783		0.60571676	
NUP93		0.60517424	
ZFP609		0.6050861	
H2AFZ		0.60493594	
COX20		0.60455424	
TGDS		0.6043152	
NSA2		0.60401833	
NUBP2		0.6036222	
VPS8		0.60340184	
NABP2		0.6033833	
VPS35		0.60269254	
COX19		0.6026735	
TAX1BP3		0.60241866	
SLC7A6OS		0.6023665	
PIGQ		0.6021793	
ZFP566		0.60210466	
GTF2H2		0.6019064	
SEC61G		0.6014508	
RUNDC3B		0.6007629	
RNF10		0.60048336	
RANBP3		0.6003907	
RELB		0.60034555	
AXIN1		0.6001957	
COQ6		0.60018486	
ZFP719		0.6001532	
CDC42BPG		0.5999654	
PSMD2		0.5994822	
CDC7		0.59812284	
CIAPIN1		0.59795815	
TMEM41B		0.59717554	
FNIP1		0.596812	
POLD1		0.5968097	
TUBGCP4		0.59531814	
CACTIN		0.59489584	
PRDX1		0.5942285	
PROSER1		0.59419155	
ZFP738		0.59413916	
TEX2		0.5940384	
FHOD1		0.5939277	
KDM5C		0.5938747	
HIRIP3		0.5937937	
5830417I10RIK		0.5933123	
SLC26A10		0.5927431	
IKBKAP		0.5925869	
ZMYM1		0.5925083	
TSC22D2		0.5923655	
EXOC3L		0.5920839	
ROMO1		0.5910866	
FAM84B		0.59072316	
KCTD3		0.59069014	
STK35		0.59048134	
SLC38A2		0.5900042	
ZFP282		0.58938587	
GTF3C4		0.58920926	
MLKL		0.589118	
NFKBIE		0.58823514	
CPSF4		0.58820057	
SLC35C2		0.5879474	
PRICKLE1		0.5876521	
DHRS13		0.58754635	
TEX10		0.58730906	
RPS15A		0.58727956	
CHAMP1		0.5872219	
ERGIC2		0.5867036	
FAM188A		0.58642673	
PARL		0.5850487	
ARHGEF5		0.58503085	
COTL1		0.58443564	
MORC2A		0.58425176	
PSMB10		0.5839935	
FUNDC2		0.583059	
UGP2		0.5826203	
ATXN7L2		0.5824836	
MLF1		0.58222795	
ARFGEF1		0.5808786	
MED23		0.58067375	
LPGAT1		0.58056146	
FDXACB1		0.58046865	
SLC39A7		0.58015174	
ZNRD1AS		0.5794026	
GMPPB		0.5793928	
C030039L03RIK		0.57878286	
SLC1A4		0.57802427	
SLC29A1		0.5779875	
FPGT		0.577823	
TYMS		0.57778925	
TBC1D4		0.5777768	
OMA1		0.57774717	
SH3BGRL2		0.57709455	
MTFMT		0.5769469	
ZC3H11A		0.57689244	
THEMIS		0.5765212	
ZDHHC3		0.57586765	
ARHGAP5		0.57576305	
SCAF4		0.5752895	
TGM4		0.57490355	
TMEM261		0.57451636	
1110004F10RIK		0.57446814	
ID3		0.5741573	
GM15421		0.574074	
IQCB1		0.5736028	
INO80D		0.57266974	
DHPS		0.57260895	
1110002L01RIK		0.572171	
GTF2H4		0.57199115	
TCTN3		0.57131594	
UBE2A		0.57128376	
TTI2		0.5711857	
RNF168		0.57107204	
TUBG2		0.5704962	
KBTBD6		0.5704439	
TBL2		0.5690394	
RC3H1		0.56812924	
RRP1		0.56790906	
ZFP40		0.5677398	
OPLAH		0.5650938	
CBFA2T2		0.5650892	
KHDRBS1		0.5648887	
TONSL		0.5648035	
USP5		0.5647336	
POLB		0.56433755	
TPP2		0.5621251	
BANP		0.5618788	
PTPN2		0.56182235	
ZFP933		0.56155926	
LENEP		0.5614878	
LRR1		0.56143945	
0610010F05RIK		0.56112397	
SBF2		0.5605417	
RPS4L		0.5603031	
SNTB1		0.5597436	
DET1		0.55972224	
RINT1		0.5596295	
TBC1D7		0.55953336	
NDUFA6		0.5593411	
TMEM14A		0.5592104	
METTL14		0.5591805	
IL11RA1		0.55909103	
POGLUT1		0.55907273	
SF3B6		0.5589828	
CDYL		0.55880404	
XPO7		0.558777	
PTP4A3		0.558238	
CNEP1R1		0.5578534	
CEP41		0.5576711	
CUL5		0.5576151	
ETV4		0.5575172	
ST8SIA6		0.55707663	
STARD7		0.55683595	
ATP13A3		0.5561612	
MAFK		0.5559242	
COG7		0.55561244	
JADE3		0.5548832	
CPSF6		0.5545809	
THOC5		0.55456984	
NDNL2		0.5545397	
EPAS1		0.55423903	
FASTKD1		0.55351955	
INAFM1		0.55347687	
CEP290		0.5530179	
EIF4EBP3		0.5526158	
SARS		0.5515888	
YPEL2		0.5514518	
MGAT5		0.5511733	
GFPT1		0.5510845	
WDR83		0.550934	
PDE12		0.550768	
TRAF5		0.550746	
API5		0.55074376	
BTAF1		0.55068374	
SLC25A19		0.55035675	
PHC3		0.5502034	
ZMIZ2		0.54911387	
B3GAT3		0.54839545	
ERAL1		0.54749125	
RHOC		0.5462951	
CCDC124		0.54599327	
KLHL2		0.5458213	
PRRG2		0.5453649	
PTDSS2		0.5451057	
LY6E		0.545049	
DNAJB4		0.5446807	
PIGC		0.54458	
HOOK3		0.5434862	
ABHD14A		0.54159254	
TDRD3		0.5412993	
MED27		0.5407768	
SIN3A		0.54063594	
ADARB1		0.54009086	
MSI2		0.53991574	
COG6		0.53922045	
PDCD2		0.5389865	
FBXO48		0.53855264	
SLC9A6		0.5382868	
MANF		0.5381235	
CEBPZOS		0.5381168	
TMEM263		0.5380891	
ATG3		0.53738886	
GYPC		0.53738886	
BRE		0.53689677	
AK3		0.53679097	
HNRNPM		0.5366775	
MALSU1		0.5359645	
APOBEC2		0.5358639	
MFSD12		0.5355155	
1700037H04RIK		0.53508496	
FBXO18		0.5350722	
GDAP10		0.53433955	
MTF2		0.53410965	
SRRM2		0.53399235	
AP4M1		0.53387743	
NUFIP2		0.5338067	
A430033K04RIK		0.5337785	
RNF138		0.53352445	
CLYBL		0.5328284	
DHFR		0.53199923	
GTF2H5		0.5308348	
STRADB		0.53009766	
1810014B01RIK		0.5295734	
ELP4		0.5290684	
2410127L17RIK		0.52897066	
D930015E06RIK		0.5280488	
TIMMDC1		0.5279896	
PLAA		0.52778286	
SEC13		0.5276277	
MED20		0.5273146	
PLEKHA1		0.5272726	
LIN9		0.5270158	
RPL18A		0.526948	
LAIR1		0.5267273	
TTC9C		0.5265981	
ARL4D		0.5263485	
NDUFV1		0.5252191	
TBCA		0.5251855	
PIK3C2B		0.52474254	
PECR		0.52436936	
HAUS7		0.5240988	
SMC6		0.5232197	
DESI2		0.52300113	
SCLY		0.52293754	
METTL6		0.52149713	
PARN		0.52145237	
TRMT112		0.5211319	
ACD		0.5208577	
FNBP1		0.5204951	
CPSF3		0.52049434	
KANSL3		0.5204902	
IL10RB		0.5198073	
CDC5L		0.519761	
SNRPF		0.5191314	
DAZAP1		0.5190087	
PGK1		0.5188577	
ORMDL2		0.51859224	
ATP5J		0.5185522	
MBNL3		0.5185248	
RALGDS		0.5178505	
RFC2		0.5177375	
PAPD5		0.517215	
9430015G10RIK		0.51682985	
SUB1		0.51679695	
PQLC1		0.5167352	
NUP205		0.51651883	
ORC3		0.5164591	
ZYX		0.5163857	
MAEA		0.5160483	
SMUG1		0.51572436	
KCTD6		0.5152082	
PCID2		0.51517606	
UBE2V1		0.51504797	
ARF3		0.5149875	
TCEB2		0.5141644	
GATA1		0.5137751	
ZFP850		0.51374763	
2810006K23RIK		0.5136203	
ZFP788		0.5121494	
AP1G1		0.5120656	
CENPJ		0.51196283	
SLC25A1		0.51169527	
PAFAH1B1		0.511572	
XRCC2		0.51150507	
MED18		0.51142293	
STAP1		0.5107697	
ZFP882		0.5104332	
TMA7		0.51021594	
E2F6		0.5101109	
CLPTM1		0.5100757	
REEP5		0.5097564	
RBM12		0.5096404	
TSEN54		0.5086486	
TRIM37		0.50763005	
ACO1		0.5072217	
ZFP451		0.507083	
RANGAP1		0.50633055	
TIMM10B		0.50597584	
HIST1H1A		0.5047226	
SLK		0.50360715	
ALG1		0.5035995	
TECPR2		0.50303864	
KIF1B		0.50301546	
NDUFS1		0.5023509	
WWOX		0.502289	
BZW1		0.50181776	
ITIH5		0.5017693	
NCF2		0.5009079	
MRPL14		0.50018007	
PRPF38A		0.49999553	
SEC22B		0.49974662	
RBM6		0.49906453	
PUS3		0.4982883	
CDKAL1		0.49763048	
SLC30A7		0.4975801	
COL23A1		0.4973316	
SMARCAD1		0.4970241	
NUDT9		0.4968526	
DGKH		0.49652967	
2810403A07RIK		0.49633595	
STX6		0.49588895	
ASH2L		0.4958085	
LSM11		0.49568325	
TOB1		0.49541482	
ENGASE		0.49403444	
APITD1		0.4939834	
MSL2		0.4939546	
DTL		0.49384433	
ZFP169		0.49380308	
USP54		0.49366874	
EIF2D		0.4933801	
ZFP950		0.4926557	
NUP107		0.49228328	
CTDSP1		0.49214634	
KLK15		0.4919713	
IDH2		0.49185196	
UBTF		0.4916534	
SAMD8		0.49152303	
NFKBIB		0.49116609	
GMNN		0.49090376	
MUT		0.49025825	
ZFP937		0.4901719	
ELMSAN1		0.48968983	
NUP188		0.48901826	
SPAST		0.48880276	
GFOD2		0.48841074	
NXN		0.488363	
IFT20		0.48834106	
TMEM101		0.4881458	
GNB2		0.4880296	
ANKRD52		0.48751524	
LEO1		0.48742417	
CFB		0.48649013	
E330009J07RIK		0.48642257	
MCEE		0.48615304	
AARS		0.48491907	
CCAR1		0.48474076	
FGFR1OP		0.48400474	
POMP		0.48371893	
LZTR1		0.48313797	
WEE1		0.48310995	
NPTN		0.4829338	
BNIP1		0.48273075	
ZBTB7B		0.48267153	
D17WSU92E		0.4816078	
ASCC1		0.48146692	
ZFP558		0.48140585	
BC068281		0.48130757	
PDSS1		0.48105866	
LMBRD2		0.4809563	
UBR7		0.47981575	
SMARCC1		0.4796972	
IMMT		0.47926116	
CEP83OS		0.479109	
BC027231		0.47897494	
PTBP1		0.47892457	
URGCP		0.4779818	
SLAMF7		0.47784242	
CHAF1B		0.47748214	
ATP5D		0.47748148	
BRCA2		0.47695556	
ZFP934		0.47668797	
PSMB4		0.47660765	
ACP2		0.47652358	
ZFP874B		0.4764039	
SH3D21		0.4758439	
RNF141		0.47447428	
TMEM173		0.4743993	
MRPS26		0.47368792	
COX8A		0.4729192	
SKIV2L2		0.4727902	
LYSMD1		0.4727441	
GNGT2		0.47252342	
PDK3		0.47246978	
XIAP		0.4721211	
CCNC		0.47148544	
ZBTB45		0.47099578	
KCTD11		0.47075227	
EMC1		0.47073323	
SRL		0.47062626	
PDZK1		0.47034842	
ST3GAL2		0.47019908	
BLOC1S2		0.47006536	
TRUB2		0.47006154	
GTF3C5		0.469989	
MPI		0.4699113	
ATXN7L3B		0.469769	
MED8		0.46963483	
LARS		0.46935993	
ATP5J2		0.46921194	
MFSD2A		0.46827805	
TYW1		0.46814695	
SGTA		0.4680864	
EXOC8		0.4680064	
KLHL11		0.4679367	
JMJD4		0.46761933	
ZBTB21		0.4676079	
ZFP85		0.46646053	
DBP		0.46637145	
FARP2		0.46613884	
2610020H08RIK		0.46605158	
GM14295		0.46600878	
PROSC		0.46600753	
ARCN1		0.46594495	
TMEM184C		0.4657359	
ATP5K		0.46487147	
NDUFB7		0.46475595	
CEP104		0.46415272	
VPS54		0.4638498	
MEN1		0.4632198	
GTF2IRD1		0.46302623	
THRB		0.46254075	
GGCT		0.46226242	
NUDT1		0.4619336	
COPRS		0.46146733	
NME3		0.46135467	
EFHD2		0.46110705	
SPC24		0.46061367	
TMEM17		0.459544	
KLHL12		0.45937186	
TPST1		0.45910737	
C1D		0.4589807	
SUPT3		0.458832	
4930539J05RIK		0.4586087	
CTNNAL1		0.45855027	
RPS27		0.4580252	
QSOX2		0.45786995	
NRDE2		0.45781577	
FAM96B		0.4577037	
PDCD7		0.45755047	
ANKS1		0.45728716	
TTC30A1		0.45714587	
ZFP148		0.45657352	
PTCD2		0.4558868	
SCAF11		0.4557972	
NSD1		0.45529824	
3110056K07RIK		0.45526132	
SURF1		0.4551878	
ZFP110		0.4543723	
TMEM238		0.45418885	
HCFC2		0.45414826	
PTP4A1		0.454128	
AHSA2		0.45396662	
EGFL7		0.4535679	
FILIP1L		0.45316005	
SNX18		0.45305684	
SLC35D1		0.452722	
MAN1A2		0.4526926	
OTUB1		0.452509	
PDPK1		0.45233423	
ARL4A		0.45187628	
DDX47		0.4517865	
PPP2CB		0.4516008	
CD79B		0.4513518	
MEX3B		0.4509989	
ZFP568		0.45063314	
ZCRB1		0.45021045	
8030462N17RIK		0.44887316	
ARFIP1		0.44875294	
GIMAP5		0.44809818	
RPS15A-PS6		0.44721386	
THAP4		0.44605666	
UBL4A		0.44593084	
TYW5		0.44587564	
TM2D2		0.44555694	
FAU		0.44550788	
RWDD2B		0.44531274	
PQBP1		0.44507316	
SEC22A		0.44492942	
BEGAIN		0.44438145	
NT5M		0.4440056	
CSTF3		0.44398475	
PSEN2		0.44394115	
4930520O04RIK		0.44317234	
ZFP369		0.44298568	
NIT1		0.44298315	
STRN4		0.44295835	
ZFP598		0.44168162	
TPT1		0.44089493	
NBAS		0.44071558	
PCNXL4		0.44052362	
LPCAT3		0.44006544	
WDR78		0.4393019	
C330006A16RIK		0.43919876	
RRAGA		0.4379839	
CSNK2A2		0.43795592	
1110001J03RIK		0.43771216	
MMAA		0.43734178	
RNASEH2A		0.43732485	
RAB22A		0.4370243	
SELT		0.43669564	
KCNQ1OT1		0.43643415	
NDUFB3		0.43626273	
TMEM164		0.43583515	
PURB		0.4357925	
SCOC		0.43555942	
SMARCA4		0.43536574	
LINS		0.43514973	
GM6251		0.43491238	
NDUFS6		0.4347049	
NUDT21		0.4346808	
PAPD7		0.43432537	
CENPW		0.43398416	
STAM		0.43366638	
MRPL44		0.43324637	
SLC35G1		0.43255547	
TMEM248		0.4324545	
RPL34		0.43178338	
1700066M21RIK		0.43151522	
CCDC127		0.43130174	
SERP1		0.43114507	
UPF1		0.4310849	
PYGO2		0.43094394	
NCOA7		0.4309361	
RPAIN		0.43086585	
VAC14		0.43077263	
UBXN11		0.43031713	
NKIRAS1		0.4295748	
ALAS1		0.429251	
DMXL1		0.42862213	
FAM3C		0.42809626	
SH3RF1		0.4276768	
PRPF4		0.42720717	
UTP14B		0.4265909	
ZBTB44		0.42641056	
LAMTOR2		0.42628366	
1700019G17RIK		0.4260105	
LRP6		0.42574093	
RNF113A1		0.42544904	
FTSJ2		0.425165	
ATF6B		0.4245508	
CREB3		0.42373958	
ZFP639		0.42347312	
TARSL2		0.42342624	
RHOF		0.42339838	
ATP11A		0.42291284	
NGRN		0.42241424	
EMG1		0.42176086	
TBC1D25		0.4217316	
VKORC1		0.4215959	
MCPH1		0.42151177	
RAPH1		0.4214179	
SLC18A2		0.42082804	
USP31		0.42036518	
PLA2G4F		0.4202934	
FAM222B		0.42020965	
GNE		0.41975462	
FV1		0.41955808	
NENF		0.41939542	
KANTR		0.4193833	
NSUN4		0.4193206	
EFCAB2		0.41810578	
RECQL4		0.4180251	
SLC25A32		0.41753677	
MYEF2		0.41704884	
CSAD		0.41658905	
D8ERTD738E		0.41640198	
FAM109B		0.41639054	
SLC25A46		0.41574296	
ZFP592		0.4157121	
VIPR2		0.4153377	
CYP20A1		0.41533393	
DUSP12		0.41505417	
LMAN2L		0.4142714	
RNF121		0.41381532	
DIDO1		0.41376063	
MSL3		0.41357154	
RXRB		0.41350633	
FAM53C		0.4134323	
SART3		0.41298747	
TBC1D5		0.41257343	
NCDN		0.4124475	
WHSC1		0.41238895	
CNOT7		0.41228122	
GABPB1		0.41184458	
RGS2		0.4117419	
PDIA3		0.41055718	
TMEM180		0.41038144	
APOA1BP		0.41016534	
SURF6		0.40945822	
AMMECR1L		0.40915665	
TCOF1		0.40854818	
TBC1D32		0.40810224	
SLC25A33		0.40792674	
GNG5		0.4079072	
SLBP		0.40744886	
METRN		0.40738663	
MED31		0.40647426	
GRAMD1B		0.40619698	
LRRC20		0.40614554	
ANAPC2		0.40608403	
CDK8		0.40605628	
PHXR4		0.4058002	
FAM208B		0.405756	
SMARCAL1		0.40498176	
P4HTM		0.40441304	
POLR2G		0.40411434	
N4BP1		0.40392503	
BBS12		0.4039108	
RAD54B		0.4038422	
VAMP8		0.40378517	
KDM6B		0.40352184	
GID8		0.40275174	
CCDC116		0.402431	
DYX1C1		0.40194765	
CENPU		0.40190685	
CCDC59		0.40076357	
ADAMTS6		0.40054289	
ZBTB48		0.40043554	
APMAP		0.40025958	
ZFP458		0.40025818	
PCTP		0.40006322	
COMMD1		0.39982837	
LAX1		0.39953437	
WDR5B		0.39940333	
FKBP5		0.3989672	
TMEM5		0.39851972	
SLC25A38		0.39829484	
MYCBP2		0.3981551	
LCMT2		0.39784738	
1110038F14RIK		0.3975785	
ERMP1		0.39724278	
HMOX2		0.39724246	
ATAT1		0.39695644	
MAPKAPK5		0.3969314	
SMIM11		0.39534643	
ANKRD27		0.3952467	
OPA1		0.39446926	
PCGF3		0.3943726	
SMURF2		0.39427978	
RPAP1		0.39391497	
PPIL1		0.39387533	
NET1		0.39373535	
PLEK		0.39365572	
SYNJ1		0.392043	
TRMT1L		0.3915778	
SIAH2		0.3914364	
PLXNA3		0.39045224	
PTDSS1		0.3901474	
PAPOLG		0.3900174	
MGAT2		0.38999388	
GFI1		0.38923457	
CHD1		0.38889304	
COX6A1		0.3886667	
ALKBH1		0.38843614	
MCM5		0.38817084	
NAGPA		0.38792932	
STX18		0.3875598	
PRCC		0.38726047	
BRD7		0.38723502	
PTPN3		0.38677537	
MFSD9		0.38657576	
UFM1		0.38655484	
XPO1		0.38586992	
TAF12		0.38583025	
RNFT1		0.38554376	
FXR2		0.38551593	
GNB1		0.38542572	
MED14		0.38533452	
IDI1		0.38509473	
ERP44		0.38450962	
SNF8		0.38417462	
PRIM1		0.38389874	
TPRKB		0.38379505	
TRMT10B		0.3835357	
PUS7L		0.3832372	
CEP83		0.3830058	
ZFP787		0.38277918	
PPP2R3C		0.3822225	
SOCS6		0.38189918	
SRA1		0.38174722	
ZCCHC17		0.3814223	
SYNE3		0.3812357	
ZBTB3		0.3800197	
RASL11B		0.37991533	
IL2		0.37953115	
ISOC1		0.37941927	
IFT22		0.37885657	
CASC3		0.37840188	
GTF2F1		0.3781845	
GATAD1		0.37817904	
SARDH		0.3772244	
EHMT1		0.37713712	
PCYT2		0.3771277	
AGPAT2		0.37626517	
VEZT		0.37622622	
POLK		0.37621737	
SRCAP		0.37596193	
ABCB6		0.3757057	
ZFP622		0.37532023	
ZCWPW1		0.37497944	
DHRS7B		0.3744318	
BCAS1		0.37383592	
UBE2J1		0.373808	
NUDT6		0.37364542	
BOLA1		0.3733624	
MTMR14		0.3732613	
SVIL		0.3732036	
ADGRE5		0.37315452	
MAP2K4		0.37307444	
ELL3		0.37281844	
HIC2		0.37273395	
STX12		0.37254694	
WARS		0.37253696	
MAPKBP1		0.3722495	
VOPP1		0.3722218	
EHD2		0.37202588	
UBA6		0.37185657	
CCNY		0.371615	
SREBF1		0.37147024	
SF3B1		0.371118	
SLC25A25		0.37106508	
TBCC		0.37097394	
PEPD		0.37084565	
CWF19L1		0.37040806	
LIPO1		0.3702513	
RILPL1		0.37015834	
OGFOD3		0.3701105	
ENC1		0.37006053	
DNA2		0.36946744	
AUNIP		0.36945692	
PHLDB1		0.36943686	
MBD6		0.36876073	
BAG3		0.36853486	
UBP1		0.36788872	
TRIM45		0.3674093	
TRIO		0.367018	
CEP78		0.3668298	
IQCC		0.36680442	
SUPT6		0.36602122	
AHCYL2		0.36572865	
ZFP266		0.36558005	
CCDC117		0.36532375	
GPR65		0.3649837	
RNF115		0.36482704	
GTF3C1		0.36477724	
MYADM		0.36461887	
LEMD3		0.3643915	
FBRS		0.36366597	
ZFP428		0.36355904	
STK16		0.36355743	
PRKACA		0.36346737	
ATF7		0.36286578	
DNAJB12		0.36282855	
RPS6KC1		0.3625563	
TNP2		0.36236086	
RAB11FIP3		0.36213726	
SKA1		0.36212817	
PUM1		0.3616518	
NAB2		0.3614036	
5530601H04RIK		0.36128	
STRBP		0.36126664	
0610007P14RIK		0.36104843	
LSM5		0.36042485	
CERS6		0.3598279	
FAM120A		0.3594438	
STYX		0.3594057	
RBBP5		0.35922167	
EMC7		0.35909393	
UPF2		0.35896954	
RBBP6		0.3586465	
RANBP9		0.35839412	
S100A1		0.35835704	
CMTR1		0.35829636	
SUDS3		0.35815075	
ST8SIA4		0.35781702	
TPK1		0.35737967	
PPP2R1A		0.35722372	
CCDC141		0.35584396	
NUP62		0.35572165	
SLC12A2		0.3554987	
DDX19A		0.35543537	
TPD52L2		0.3553394	
ATP11C		0.3551441	
GLRX5		0.3550914	
PRKAB2		0.35459217	
LARP7		0.3539401	
PARTICL		0.3537563	
5730508B09RIK		0.3536269	
MORN2		0.3534493	
DEF8		0.35339803	
CNOT6		0.35338512	
DDX46		0.35286885	
MCM2		0.35269156	
CCR7		0.35251257	
WFS1		0.3523143	
TOMM40L		0.35217738	
PDSS2		0.35123673	
PIGL		0.35105985	
ZCCHC4		0.35079187	
IRGQ		0.35033032	
ATXN7L1		0.35029495	
EXOC3		0.3498269	
AMER1		0.34960654	
POLM		0.3489686	
1700049G17RIK		0.3483002	
ZFP142		0.3480152	
ZFP637		0.34763157	
PPP3CB		0.34638426	
TRMU		0.3462537	
NUDT2		0.3462078	
ERCC6L		0.3461611	
COX6B1		0.34601796	
ZFP869		0.3458098	
P2RX4		0.3455917	
MTRF1		0.3454671	
ANKRD37		0.34422016	
ABCB7		0.3441447	
LIPT2		0.34387463	
GIT1		0.34365803	
AGAP3		0.34350467	
CEP162		0.34319127	
COQ2		0.3431543	
TERT		0.34243602	
RFWD3		0.34242544	
FBXL14		0.3423042	
SGSM2		0.34214884	
EME2		0.34151468	
UBASH3A		0.341502	
EDRF1		0.34137934	
FEN1		0.34133413	
WDR53		0.34111425	
ABCG3		0.34101698	
HDAC6		0.3408142	
LMBR1		0.34075502	
SFMBT2		0.34034932	
SFN		0.34022382	
XKR8		0.3399738	
AKR1E1		0.33996534	
2610002M06RIK		0.33995506	
CRAMP1L		0.3397402	
PQLC2		0.3396742	
POMT1		0.33916017	
TMED2		0.33834124	
KTI12		0.337918	
EMD		0.3372144	
TMEM216		0.3371794	
TGTP2		0.3367703	
LPIN3		0.33673465	
F2R		0.3365781	
LITAF		0.33647755	
SMG1		0.33623183	
ZFP647		0.33598343	
H6PD		0.3359552	
SOCS2		0.33590534	
POC1B		0.33580184	
TRAM2		0.3350569	
ZC3H13		0.33499658	
E030030I06RIK		0.3345052	
CHST11		0.3342786	
2310039H08RIK		0.33404082	
ZFP526		0.33398417	
TXNDC5		0.33397996	
TBCB		0.3337855	
ARGLU1		0.3334716	
RBM10		0.33337075	
CDK20		0.33309644	
CSDE1		0.33262172	
ZBTB49		0.3325457	
RDH14		0.33232224	
YME1L1		0.33231825	
AZIN1		0.3322998	
H3F3A		0.33208847	
IRF2BPL		0.33105788	
EDARADD		0.33105507	
PSMD4		0.33104947	
CYP4F16		0.3309491	
TAF4B		0.33003986	
HDDC3		0.3299248	
CLPB		0.3297827	
NDUFA2		0.3293666	
FANCD2OS		0.32874098	
MINPP1		0.32828557	
PERM1		0.3277843	
TMEM79		0.32719755	
UFC1		0.3271857	
MCM10		0.32684273	
PPP1R13B		0.32674345	
TRIP6		0.32653108	
ZFP248		0.32618052	
PAPD4		0.32588178	
PDZD8		0.32575458	
BC030336		0.3253881	
MAPK1		0.3251021	
KLHL25		0.3247164	
GNS		0.3246713	
SAV1		0.32455453	
ILF3		0.3244836	
PLA2G4C		0.3244333	
TCEB3		0.3237153	
3000002C10RIK		0.3237122	
TMEM243		0.3234228	
ICAM1		0.32317406	
KXD1		0.32313177	
MMP14		0.3229989	
SLC30A6		0.32286048	
XRCC6BP1		0.3228068	
CACUL1		0.3225961	
VPS13A		0.3218328	
TTC8		0.32145518	
BTBD1		0.32094786	
MAP3K10		0.32087222	
MTR		0.31988588	
DCTN3		0.31983823	
D3ERTD751E		0.31978795	
GAPVD1		0.31973502	
RABL2		0.3196512	
DNAJB2		0.31874722	
BMYC		0.3186053	
TRAF7		0.31806383	
CCDC14		0.3180409	
GM13807		0.3180252	
MGST3		0.31791553	
DYNLT1F		0.31745747	
HINFP		0.3172563	
OBFC1		0.31720757	
COPS3		0.31713638	
COG5		0.31710193	
TFPI		0.3170406	
SEC31B		0.31630236	
1700028J19RIK		0.31582227	
DOCK10		0.31552288	
CHTF18		0.3151911	
ODF2L		0.3151567	
ACLY		0.3148668	
EEF1A1		0.3143252	
ERLIN2		0.31400567	
LPIN2		0.3138888	
MIR6516		0.3138862	
BLM		0.31381112	
AIM1L		0.31358728	
ATAD3AOS		0.3132062	
BCL2L13		0.31300676	
BSN		0.31285948	
AI662270		0.31284946	
CCDC47		0.3127711	
TSSK6		0.31259468	
ACAT2		0.31232458	
GM608		0.3117637	
PJA1		0.31170413	
NEURL4		0.31147882	
OSM		0.3112548	
PLA2G6		0.31051326	
RPS29		0.31025052	
NACC1		0.31000352	
FUNDC1		0.30966073	
2700029M09RIK		0.3094493	
SERF1		0.30924392	
1600012H06RIK		0.3090918	
RAB28		0.3087732	
DNAJB5		0.30857015	
BC055324		0.30788285	
GPD2		0.30772716	
CISD3		0.3076409	
TEC		0.30734855	
SNTB2		0.30728415	
DNAAF5		0.3068885	
6820431F20RIK		0.30669144	
PEX12		0.30570087	
STAT6		0.30555287	
PLEKHF2		0.30550626	
NFKBIL1		0.304861	
GBE1		0.3045762	
SS18		0.30422035	
MLLT10		0.30355218	
INTS7		0.30336517	
PAF1		0.3023822	
ARHGEF7		0.3023766	
DOCK5		0.30201313	
CD81		0.30189663	
COA5		0.30178857	
PICK1		0.30160806	
9430016H08RIK		0.30094028	
MRPS23		0.3006563	
TFCP2		0.30062756	
EBP		0.3004177	
GM15446		0.30004644	
MRPL4		0.2999569	
MIPOL1		0.29964456	
MYO1B		0.29956773	
USP49		0.29943535	
THOC7		0.29918373	
4833417C18RIK		0.2986454	
1500011K16RIK		0.2985842	
MFSD3		0.29853016	
TFPT		0.2984179	
WDHD1		0.29840824	
MZT2		0.29821	
SLC15A4		0.29779232	
A630066F11RIK		0.29768336	
WDR73		0.29752207	
SERPINE2		0.2969381	
PARP8		0.29692292	
FBXO36		0.2958567	
RPS6KL1		0.29555088	
CCNG1		0.2954985	
SNRNP27		0.2950551	
BUD31		0.2949509	
ST6GALNAC6		0.2941661	
KDM1B		0.2940891	
CLK4		0.29382062	
SNRNP25		0.2926862	
MTM1		0.29267102	
CKAP2L		0.29222825	
OXNAD1		0.29200676	
AP2A2		0.29164946	
MCM6		0.29105577	
CNKSR3		0.29093084	
IRAK1		0.2909307	
CDC37L1		0.2902902	
SWT1		0.29017672	
SLC22A5		0.29010034	
AP3S2		0.29004166	
PIAS2		0.28960854	
BTBD2		0.28953752	
RAD51		0.28904966	
ANKRD10		0.28846526	
WRNIP1		0.2882939	
UPF3B		0.2879421	
SMEK1		0.28768244	
RABGEF1		0.28764924	
PPOX		0.287601	
EXOSC6		0.28707984	
CUL4A		0.2869703	
FAM83G		0.28675267	
A330069E16RIK		0.2861906	
SNORA68		0.28570938	
BDP1		0.28551316	
AKAP5		0.28546545	
STARD6		0.2854523	
ZFP101		0.284657	
BAZ1A		0.2843835	
ACTR8		0.28410178	
PTPN7		0.2837722	
GFM2		0.28348204	
ZFP870		0.28326538	
NUCKS1		0.28321195	
FBXO5		0.28318492	
CAMSAP1		0.28265685	
COLGALT1		0.28261492	
POLR3A		0.28256023	
ZFP940		0.2825602	
CDT1		0.2824998	
MSANTD2		0.2823572	
FAM76A		0.2819762	
GM9833		0.2819503	
TMSB15B1		0.281294	
4933404O12RIK		0.28108227	
ABHD17B		0.28062117	
TATDN2		0.2805308	
GM20257		0.2803385	
PGM3		0.28019434	
RUFY3		0.27987748	
ORC4		0.27981544	
STAMBP		0.27956638	
PYROXD1		0.27866563	
AHCTF1		0.27842453	
PTGIR		0.27839512	
SH3BP5		0.27806506	
CPT2		0.2779762	
MARF1		0.27680665	
GCH1		0.2766794	
POP7		0.276678	
PARVG		0.27659947	
PDXP		0.27657363	
CHEK1		0.2763469	
MPZL1		0.27595246	
SMARCE1		0.2758343	
E130309D02RIK		0.27570564	
KHNYN		0.2744164	
POLH		0.27428108	
RNF4		0.27408296	
PEX3		0.2739054	
PTPRS		0.27337688	
MED1		0.2733389	
KDSR		0.27298394	
FAM72A		0.27260292	
UFL1		0.27211982	
PHF6		0.27175352	
PCCB		0.27135026	
HN1		0.271294	
PEX11G		0.27124244	
ZFP873		0.27107638	
GPAM		0.27063045	
ARHGDIA		0.2704731	
CDR2		0.27046114	
ASCC2		0.27006006	
ETV5		0.2700302	
TNFRSF10B		0.2698595	
ATP9B		0.26982355	
CDC73		0.26976103	
TUFT1		0.26969242	
DARS2		0.26952353	
CKS1B		0.26950362	
CNOT8		0.26943055	
HMGN2		0.2688944	
UBQLN2		0.2687221	
RTTN		0.26845843	
CLPTM1L		0.26807988	
GINS4		0.26795667	
MRPS21		0.26757583	
FXYD4		0.2672039	
STRA13		0.26682308	
CGRRF1		0.26646116	
SRSF5		0.2664603	
MMGT2		0.266291	
VEZF1		0.26608357	
PSMB1		0.2657006	
ZFP472		0.2653529	
RTN3		0.2652878	
PARD6G		0.26483226	
YRDC		0.26453343	
CASZ1		0.26381943	
CSNK2B		0.26365745	
ADH1		0.26353675	
CHMP6		0.26352948	
BRF2		0.26342547	
DDX54		0.2629394	
SGOL1		0.26289365	
USP42		0.26285163	
ATP6V0A1		0.26280215	
MIR682		0.2626917	
RAD51B		0.2624257	
RAB1		0.26237735	
ARIH2		0.261784	
DDX50		0.26176143	
RNF19B		0.26162854	
4933434E20RIK		0.26147494	
TAF2		0.26116252	
LUZP1		0.26084188	
SLX4IP		0.26077428	
UBE2Z		0.26076448	
LCA5		0.26029262	
2010012O05RIK		0.26010206	
COX4I1		0.2596917	
AURKAIP1		0.2593264	
PAK1		0.25909817	
CDK9		0.25904825	
SYCE2		0.25868338	
TMEM104		0.25858554	
NADK2		0.2583317	
RFX7		0.2580491	
RIN3		0.25779027	
USP1		0.2573891	
TMC4		0.2570851	
9530068E07RIK		0.2569602	
LARP4B		0.25685284	
CDCA4		0.2566973	
AI987944		0.25645375	
ZFP692		0.25637472	
PIEZO1		0.25596997	
HMBOX1		0.25583008	
TUBB4B		0.2557382	
PTPN4		0.2556186	
NKTR		0.25504398	
PJA2		0.2548945	
2210404O09RIK		0.2546675	
SRP54A		0.25449678	
MTCP1		0.25446558	
LST1		0.25396368	
RNF170		0.2534099	
CACNA1D		0.25306314	
CENPK		0.25288093	
TFB2M		0.25268552	
RBBP9		0.25227085	
GABPA		0.25208196	
CD2AP		0.25207108	
CYB5R1		0.25204423	
TMEM14C		0.2518101	
ADPRH		0.25165683	
GTF3A		0.2513167	
PIAS4		0.2512556	
ARFRP1		0.25119534	
AKIRIN2		0.25111857	
KBTBD8		0.25048527	
GCFC2		0.2502779	
FAM160A2		0.24992324	
SMPDL3B		0.24962391	
2900005J15RIK		0.24943733	
PEX19		0.24928777	
GM13157		0.24923106	
GINS1		0.24898848	
NRD1		0.24874152	
CCDC88B		0.24872841	
MCTS1		0.24858528	
OSBPL8		0.2479058	
METTL3		0.24772888	
ZFP689		0.24769233	
RGS19		0.24765536	
ZFP948		0.24728344	
STXBP4		0.24719791	
FNBP4		0.24707188	
HERC4		0.24689671	
PAIP2B		0.24683341	
SEC61A2		0.24678944	
URI1		0.24669558	
SSFA2		0.24664055	
MUL1		0.24634422	
SAFB		0.2460142	
PMAIP1		0.2460037	
ABL1		0.24598664	
GMDS		0.24573846	
PCBD2		0.2453767	
SPRY1		0.24484834	
VPS72		0.2444126	
RFC1		0.24435577	
WHAMM		0.24425559	
USP22		0.24399704	
PEX7		0.24371904	
HIST1H3C		0.24364355	
CTC1		0.24331492	
PRDX4		0.24266018	
IPO13		0.24095817	
ZFP511		0.24080762	
CPPED1		0.2404549	
FMNL3		0.24041997	
DNASE1L2		0.24041258	
NFIX		0.24009839	
CMC1		0.2400297	
ATRIP		0.23987369	
TET2		0.23982416	
LIF		0.23963371	
1700019D03RIK		0.23960897	
CCDC85B		0.23934379	
CEP295		0.2392645	
GSS		0.23926389	
GM561		0.23897515	
IPPK		0.23894863	
VMN2R96		0.23813742	
2410006H16RIK		0.23800269	
MFAP1A		0.23796663	
MPV17		0.23716715	
RAP1GDS1		0.23695636	
SNRNP48		0.23660813	
CD160		0.23575452	
TMEM222		0.23552617	
AGL		0.23552306	
CD5		0.23534378	
NCAPG2		0.23516147	
2410131K14RIK		0.23514993	
TOMM7		0.23446564	
9930104L06RIK		0.23375884	
LGALS9		0.2335388	
ZFP398		0.23331961	
SALL2		0.23308206	
IGTP		0.23299506	
RPS6KB1		0.23235579	
MAPRE1		0.23191975	
ANAPC1		0.23179749	
RFC4		0.23128024	
FOXRED1		0.2312731	
DNAJC17		0.22990759	
9130019O22RIK		0.22963709	
DNPEP		0.2295318	
HMGB1		0.22844777	
UBE2Q1		0.2284328	
BLVRA		0.22820255	
XYLT1		0.22787885	
ZFP606		0.22745204	
AU022252		0.2274065	
FANCB		0.2269842	
DDX41		0.22666055	
LY6D		0.22656211	
ZDHHC8		0.22648925	
RNPEP		0.22616877	
GCAT		0.2261509	
DTWD1		0.22608386	
POLR2A		0.22594185	
BRIP1OS		0.22593856	
HAAO		0.22592573	
CENPH		0.22550191	
ATAD5		0.22530437	
EIF4E2		0.22508799	
ZFP36L1		0.22471327	
3110001I22RIK		0.22455098	
PDCD1		0.2244712	
RBM45		0.22445756	
MAATS1		0.22441898	
SNX17		0.22418907	
YIPF6		0.22386852	
FARP1		0.22326006	
B2M		0.22289039	
TTC14		0.22271638	
PMF1		0.22266077	
SLC30A5		0.22256824	
MCM4		0.22252424	
WDR70		0.22247766	
PPP6C		0.22232135	
AGPAT6		0.22231694	
LRRC40		0.22211663	
SEL1L		0.22208598	
AKAP11		0.22170104	
ZFP143		0.22158705	
ARL3		0.22150952	
LETM1		0.2214387	
MAD2L2		0.2212306	
MBD1		0.22113374	
AP1S1		0.22095557	
CPNE1		0.22089416	
4931406C07RIK		0.22065926	
MARVELD1		0.22065622	
COMMD2		0.22060831	
SPATA5L1		0.22050348	
APPBP2		0.2204233	
GLRX2		0.22031227	
DUSP7		0.22010516	
DNAJC13		0.22003846	
FAM178A		0.22002268	
DCTN2		0.21992333	
HSD17B12		0.21938817	
MRPL34		0.21936417	
FBXO33		0.21932161	
RPRD2		0.21872629	
PRUNE		0.21832192	
KMT2C		0.2182763	
ACIN1		0.21781722	
WWP1		0.21776779	
CAPN7		0.21762787	
MGME1		0.21760695	
BAG6		0.21736692	
CTU1		0.21708769	
USP48		0.21701029	
SLC35F2		0.21683165	
RNF26		0.21682794	
SYNPO		0.21526039	
CDC42EP4		0.215179	
SIRT4		0.21512017	
ZDHHC13		0.21503995	
ZFP583		0.21498421	
BAZ1B		0.21495588	
3110043O21RIK		0.21486779	
TMEM260		0.21475066	
CISD1		0.21453819	
SAMD1		0.21399444	
WRAP53		0.21398418	
ZC3H3		0.21385473	
KRT5		0.2136808	
SLC25A30		0.21364033	
LRRC8D		0.21352978	
DCAF4		0.21341486	
SLC35A2		0.21325555	
DIABLO		0.21296972	
CBX2		0.21234636	
EEFSEC		0.21217631	
TOX		0.21205328	
SIAH1B		0.21163884	
APPL1		0.21160838	
NFE2		0.21127692	
MRPS11		0.21106659	
PDS5A		0.21098681	
TNFSF4		0.21094997	
CCDC62		0.21080786	
POMGNT1		0.21080527	
SUCLA2		0.21001486	
ZFP418		0.2098743	
NDUFA3		0.20987195	
LIAS		0.20955384	
USP8		0.20936668	
SRSF4		0.20919561	
PER3		0.20918418	
PDHB		0.20918293	
TADA3		0.20874523	
LIG1		0.20847103	
CDC45		0.20823361	
BCAT2		0.20809695	
MAPK1IP1		0.20793909	
2610001J05RIK		0.2077542	
MEX3D		0.20717698	
TMTC3		0.20669451	
EXTL1		0.20632185	
COPZ1		0.2062422	
GSKIP		0.20613249	
RETNLG		0.20590857	
LIMD1		0.20567311	
DDI2		0.2055773	
ACBD6		0.20554268	
ETOHI1		0.20510088	
MCM3		0.20481871	
ARL14EP		0.20472856	
GM14325		0.20458046	
CAPN10		0.20447843	
ZBTB26		0.20402218	
CUEDC2		0.20377396	
D730005E14RIK		0.2030707	
DPH7		0.20298891	
MAP3K7		0.20298292	
SLX4		0.202601	
TOR3A		0.20258644	
ZFP672		0.20090617	
FANCL		0.20080757	
THEM6		0.2004082	
PSMD13		0.20005849	
SF3B2		0.1998227	
CHAF1A		0.19977458	
RCN2		0.19934629	
RRAD		0.1987836	
SNHG20		0.19788475	
6030458C11RIK		0.19767766	
ATP6V1F		0.19767193	
ORMDL1		0.19734684	
MSH3		0.19729386	
NDUFC1		0.19721037	
PERP		0.19708288	
SLC46A1		0.19702794	
ASTE1		0.19700107	
9030025P20RIK		0.19680542	
RGP1		0.19632621	
RAB2A		0.19619434	
DPF2		0.19598931	
IGHMBP2		0.19540949	
ZKSCAN5		0.19499032	
NDUFB9		0.1948517	
SNORA30		0.19476119	
ZFYVE19		0.19453304	
HSF2		0.19426696	
AGPS		0.19406833	
USP21		0.19334342	
N4BP2L1		0.19314212	
PROX2		0.19239482	
POGZ		0.19237548	
D430020J02RIK		0.19213073	
GAPDHS		0.19209468	
NUDT15		0.19065934	
RBBP4		0.19027583	
ZFP760		0.19024056	
TRAF6		0.18998097	
MYL12A		0.18992789	
RFX1		0.18970399	
TOPORS		0.18948592	
THOC6		0.18905818	
GTPBP6		0.18904833	
TMEM242		0.18862067	
DYNLT3		0.18819834	
TXNL4B		0.18771587	
ZC3H18		0.18769401	
TRMT61B		0.18742537	
2210016L21RIK		0.1870949	
TM9SF4		0.18695158	
AFG3L2		0.186917	
ARID2		0.18682633	
MCM7		0.18662731	
VTI1B		0.18646081	
NYNRIN		0.1864447	
ZFP90		0.18639179	
FIGNL1		0.18596157	
ZFP81		0.18586439	
RRM1		0.18582472	
GRIPAP1		0.18559642	
FBXL6		0.18529017	
KDM8		0.18476985	
METTL10		0.18465859	
PPP4C		0.18440492	
TMEM81		0.18429439	
CASD1		0.18413508	
HS6ST1		0.18366759	
UQCRH		0.18305	
MICU3		0.18297392	
TAOK1		0.18266732	
CUL4B		0.18264486	
HDAC3		0.18252432	
PRMT10		0.18170334	
GPALPP1		0.18118025	
REPS1		0.18083084	
TOP3A		0.1807576	
KATNBL1		0.18039224	
N4BP3		0.18011491	
MAP2K7		0.17979215	
SLC39A11		0.1789415	
STX17		0.17887041	
TAOK2		0.17886402	
1810013L24RIK		0.17870316	
FOXRED2		0.17865527	
ZFP653		0.17860533	
TTC33		0.17854254	
THAP2		0.17850244	
TMEM63B		0.17845102	
SCG5		0.17836998	
SETDB1		0.17819193	
1700030K09RIK		0.17760783	
FYCO1		0.17749673	
TXLNG		0.17679943	
2300009A05RIK		0.17666757	
CENPQ		0.1765898	
KDELR1		0.17650546	
TACO1		0.17644478	
ZFP1		0.17628096	
UNC50		0.17607103	
KCTD2		0.17585178	
MPG		0.17575918	
SPSB2		0.17572601	
ENTPD1		0.17572457	
DLG3		0.17568186	
SLX1B		0.17539296	
ZFP623		0.17518884	
WTAP		0.17484087	
PTPN12		0.17435755	
MED28		0.17374939	
SENP2		0.1736916	
FAM151B		0.17322041	
TUBA1C		0.17309387	
PRPSAP2		0.17301825	
SNORD104		0.17294018	
NR4A1		0.17197582	
AP1S3		0.17176597	
ZFP518B		0.17172031	
CRTC1		0.17121188	
MDC1		0.17117007	
HIRA		0.1709341	
PAFAH1B2		0.1704627	
ZFP607		0.17035079	
SNX6		0.17033954	
AGK		0.17007488	
FAIM		0.17001906	
MINK1		0.1697902	
CHM		0.1695208	
TMEM181A		0.16947539	
MTHFR		0.16944988	
ICAM4		0.16927975	
ZSCAN12		0.16897269	
FHIT		0.16865797	
TPMT		0.16846284	
ZFP777		0.16836385	
TMEM168		0.16812603	
SLC38A7		0.16782199	
TRAF4		0.1677277	
TROVE2		0.16772413	
SLC25A17		0.16763854	
EAF1		0.16756941	
RABIF		0.1674855	
WNK1		0.16746908	
9330151L19RIK		0.16734691	
RAB6A		0.16629583	
BOD1L		0.16612476	
ZFP947		0.16495244	
CNPY3		0.16470958	
SZRD1		0.16468166	
NAA35		0.16447708	
BCL2L14		0.16341023	
FASTK		0.16338809	
VASN		0.16286734	
HSD17B7		0.1628641	
FAN1		0.16285074	
POLA1		0.1621598	
RRP36		0.161836	
ZFP523		0.16182622	
RBM4B		0.16124645	
CFL2		0.16092241	
ALYREF2		0.16056567	
ALMS1		0.16041645	
CLSPN		0.16028576	
ATG9B		0.15975331	
NEDD4L		0.15973587	
KAT7		0.15931858	
CFP		0.15885979	
GOLGB1		0.15702909	
SNAPC1		0.15681036	
VPS29		0.15675144	
EML4		0.15651342	
ATP13A1		0.15619889	
TRIM33		0.15598455	
ARHGAP35		0.15581404	
HDGFRP3		0.1556642	
USP12		0.15558377	
CNPY4		0.15525419	
XPO4		0.15479098	
COG2		0.15456694	
AMBRA1		0.15395096	
ABHD17C		0.15290654	
EPN2		0.15269312	
THEM4		0.15245561	
GYG		0.15236218	
GM7120		0.15234832	
LANCL2		0.15221187	
SEC23A		0.15199633	
SLC16A6		0.15168417	
3110009E18RIK		0.1513025	
BABAM1		0.15102425	
IPP		0.15095858	
TMEM198B		0.15094873	
PRKAR2B		0.15081686	
MTF1		0.15037125	
LZTS2		0.15034273	
PFKM		0.15001504	
LYRM7		0.14983302	
HEY1		0.14967974	
ZBTB4		0.14967486	
9930021J03RIK		0.14942883	
PKD1L3		0.14865093	
GBP4		0.14846444	
PACRGL		0.14843844	
PMVK		0.1483079	
ZFP59		0.14828242	
ATP8A1		0.1481948	
EDEM3		0.14812157	
PIGG		0.14806238	
GSTM4		0.14790514	
NBN		0.14777961	
RSF1		0.1473528	
FEM1C		0.14726283	
YWHAZ		0.14720055	
CHML		0.14688604	
LMO4		0.14654224	
ECHDC1		0.14611775	
MCTP2		0.14601581	
ICMT		0.14586757	
OSGEP		0.14563686	
MBTD1		0.14534214	
ELDR		0.1452686	
TMEM110		0.14506443	
CCDC71L		0.14492087	
SPOPL		0.14491102	
BAK1		0.14488319	
EEF2		0.14475612	
ST7		0.14467666	
MTBP		0.14454013	
DZIP3		0.1445296	
TANC1		0.14423494	
RAP1A		0.14422019	
XRN2		0.14409095	
PFKFB3		0.1437112	
SH3GLB1		0.14370142	
BAX		0.1435283	
TEX9		0.14316079	
ATP2C1		0.14315549	
GMPR2		0.14299178	
REV1		0.14299151	
TSPYL2		0.14291604	
KLHL21		0.14237969	
NHEJ1		0.14207439	
RAD23A		0.14191414	
1700037C18RIK		0.14179994	
SEC62		0.14151025	
CMPK1		0.1415082	
GBP8		0.1411477	
DHDDS		0.14066845	
HIPK1		0.14059955	
DHCR24		0.14051442	
SRP9		0.14049533	
D17H6S53E		0.14041698	
TOMM34		0.14041539	
FANCM		0.14028123	
MAP7D1		0.14016119	
2010001A14RIK		0.14013356	
PHPT1		0.14004205	
SYTL1		0.13995965	
PAIP1		0.1398087	
DBT		0.13960706	
RPUSD4		0.13912371	
ZFP764		0.13902453	
EOGT		0.13883366	
COASY		0.13862991	
DCUN1D4		0.13770035	
PAK1IP1		0.13757275	
PGGT1B		0.13751064	
RFXAP		0.13726324	
LOC100504703		0.13719893	
OIP5		0.1371092	
LPPR3		0.13695198	
RCAN1		0.1369235	
VPS25		0.13684364	
DCAF10		0.1365944	
OTULIN		0.13622878	
FIP1L1		0.13616207	
RPGRIP1L		0.13615707	
MTERF3		0.13568126	
MAP4		0.13551879	
SPPL3		0.13547212	
PRIM2		0.13524143	
ANO10		0.13517994	
USO1		0.13457319	
VAMP3		0.13432127	
CENPB		0.13363215	
CNOT2		0.13359863	
FXN		0.13337494	
TMEM18		0.13329276	
4930486L24RIK		0.13312058	
NME7		0.13230176	
KRT15		0.13227558	
SLC25A10		0.1321144	
GEN1		0.13168478	
COL4A3BP		0.13164955	
TAF7		0.13134204	
GM14326		0.13131864	
TLK1		0.13066664	
BLVRB		0.13051097	
UBXN4		0.130387	
LENG1		0.12996174	
PKN2		0.12983592	
DOLK		0.12972273	
BCKDK		0.12971956	
5430405H02RIK		0.12940717	
SPATA24		0.1291109	
ZFP658		0.12893406	
ZNRD1		0.12878118	
STAU1		0.12814997	
ATP5L		0.12809062	
TMEM223		0.12770228	
TAF5L		0.12766705	
HNRNPH1		0.1276233	
MID1		0.12756515	
KIF20B		0.12752484	
ATP5H		0.12740704	
IREB2		0.1270552	
2410016O06RIK		0.12701479	
CWF19L2		0.12676387	
CCDC134		0.12668782	
PDK2		0.12656781	
CENPP		0.12620544	
CHMP3		0.12619118	
EME1		0.1261121	
PFKFB2		0.12597133	
ZFP955B		0.12584995	
IFI204		0.12521714	
PMS2		0.12503344	
DPCD		0.12487928	
MON1B		0.12459642	
2700094K13RIK		0.124347515	
TTI1		0.12426261	
ATP8B2		0.12417323	
HPS4		0.12367437	
HNRNPUL2		0.123630896	
LSS		0.12347205	
MEGF9		0.12339752	
LYPLA1		0.12332399	
CHEK2		0.12316101	
BTRC		0.12303363	
PHIP		0.12289012	
LRCH1		0.12265258	
GSTP1		0.12232507	
EDC4		0.121893845	
DNAJB1		0.12124505	
AMN1		0.12123516	
PBK		0.120933235	
MBIP		0.120857745	
RBMX		0.12084627	
ATF3		0.12041028	
ANGPTL6		0.12036444	
SRP68		0.11993668	
STK19		0.11985515	
HAUS6		0.119531415	
ELAVL1		0.119149834	
DSN1		0.11885222	
ZFAT		0.118686624	
ATAD2		0.118061095	
NAA40		0.11764616	
TNIP1		0.11763043	
CRIM1		0.117458224	
INTS12		0.11736853	
TRIM21		0.117162466	
RBSN		0.11707522	
ZFP654		0.11687382	
MPV17L2		0.11657658	
1700094D03RIK		0.11638198	
AP2B1		0.116364814	
MAGI3		0.11631649	
WDR76		0.11621461	
TIMM21		0.11586243	
SLC9A7		0.11558696	
NKAP		0.11556722	
TRMT2B		0.11547059	
DOC2G		0.11533994	
AUP1		0.11520831	
CABLES2		0.1152028	
NFE2L1		0.11514977	
CCNE1		0.115077004	
PI4K2B		0.1150714	
COQ10B		0.114392996	
UBE2S		0.11429196	
BC065397		0.114148416	
PAK4		0.11403388	
PASK		0.114024125	
PRDM4		0.11389127	
MTFR2		0.11357814	
HIC1		0.11323415	
CCNF		0.1130566	
BC026585		0.11302944	
DCXR		0.11291561	
AI314180		0.11253175	
DPP3		0.112432055	
PCYT1A		0.11233101	
CLTC		0.11226189	
ANKRD23		0.11219413	
AVPR2		0.11208642	
POMT2		0.11163567	
SLC39A3		0.11140731	
ATPAF1		0.11135954	
AGPAT4		0.11099057	
PKMYT1		0.110970125	
CARF		0.110938385	
RPAP2		0.11092056	
RALGPS2		0.11058624	
CBY1		0.11043239	
ING3		0.10990817	
CNTRL		0.10978155	
ANKRD40		0.10965394	
RCSD1		0.109557495	
GPATCH11		0.10942235	
PPP3CA		0.10914579	
CNRIP1		0.10882937	
GM15760		0.10875913	
TYSND1		0.108610585	
BC029722		0.10861007	
REEP2		0.10792754	
PSD		0.107339606	
RAP1B		0.10722283	
ZFP703		0.1071367	
LRRFIP2		0.107113466	
PDZK1IP1		0.1070213	
KPNA2		0.10701455	
ACP6		0.10687729	
WDR82		0.106694415	
CRK		0.10617054	
TLK2		0.10572341	
EIF1AD		0.10569917	
DEDD		0.10560644	
MPLKIP		0.10552594	
ART4		0.10537771	
MIS12		0.105246775	
CREBBP		0.1052137	
TSTD3		0.10495721	
AAR2		0.104933575	
LYSMD2		0.10478941	
KLC2		0.10448767	
TUBG1		0.10444917	
YBX1		0.10439806	
RASA1		0.10436352	
4931406P16RIK		0.10436307	
ISCA2		0.10434096	
CLK2		0.10426532	
PRDM10		0.104221575	
VPS26B		0.10406249	
1700008J07RIK		0.103817604	
VTA1		0.103748985	
MAD1L1		0.10341874	
TLR2		0.10330453	
TMEM218		0.10304763	
EFNB1		0.102814615	
RNF8		0.10267696	
IDH3G		0.1024292	
ZRSR2		0.10218226	
MYBL2		0.102176875	
MLXIP		0.10208697	
CSF2RA		0.10157919	
PPP2CA		0.10092535	
BTBD19		0.100790925	
HDAC1		0.10065569	
KIF3A		0.10063604	
DCAF7		0.100622475	
LRRC45		0.1003338	
PPP1R3B		0.10008015	
ZBTB34		0.09985966	
TSEN34		0.09977526	
ABHD5		0.09973743	
2810002D19RIK		0.09952019	
ZSCAN26		0.09891501	
DUSP10		0.09873044	
SCNM1		0.09854534	
MTOR		0.0985078	
PSMF1		0.09842338	
HAGH		0.09756857	
TESPA1		0.097292654	
GM15545		0.097253755	
CAR9		0.09724387	
TRIM41		0.09705343	
NFS1		0.09695128	
RBM12B2		0.09695025	
PPP6R1		0.096889004	
SUGP1		0.09675104	
44812		0.09665941	
LATS1		0.09616784	
2610005L07RIK		0.09552616	
GNAS		0.095422305	
ALCAM		0.09541144	
SIRT1		0.09535362	
PARP11		0.095337205	
ZFP410		0.09521848	
AUH		0.09439976	
NAIP2		0.0943542	
NEK6		0.094209336	
NETO2		0.09419719	
DONSON		0.09404048	
XPO6		0.094017856	
CAPN15		0.09393235	
MBD4		0.093667954	
JOSD2		0.09362074	
PAK2		0.093465224	
MRPS30		0.09315796	
GUF1		0.09310317	
MFSD10		0.09304536	
CGGBP1		0.09291026	
BRD4		0.092708796	
MOSPD1		0.09270709	
SLC30A9		0.09267261	
MLEC		0.092613906	
MSH5		0.09260298	
COMMD9		0.09240311	
EP300		0.09217342	
TRAF3		0.0921439	
DYNLRB1		0.091452524	
HNRNPH2		0.09105336	
CHRAC1		0.090567105	
TM6SF1		0.090501525	
CCBL1		0.09007868	
OGDH		0.09003797	
FEM1B		0.08985908	
UBOX5		0.08976183	
ARMC10		0.08955653	
RNF5		0.08937675	
RER1		0.08929951	
CLN3		0.089249045	
ZFP708		0.08900857	
SLC38A6		0.08898612	
CLN6		0.088825636	
TIGD3		0.08859165	
ESRP2		0.088341616	
CXCR6		0.088295296	
GM27162		0.088226534	
PPP1CB		0.088208556	
SUPT5		0.08808049	
PRRT2		0.08805922	
MTMR9		0.0880021	
NUDT16L1		0.08798424	
KMT2D		0.08793559	
MANSC1		0.08762961	
ANLN		0.08760448	
DHRS4		0.08745554	
COPE		0.087411284	
TSSK4		0.08724775	
PRMT6		0.08710028	
D330050I16RIK		0.08701168	
MCOLN3		0.08691761	
GT(ROSA)26SOR		0.086789764	
LYRM5		0.08672917	
44625		0.086311996	
CDK5RAP2		0.0863101	
LMNB2		0.08623164	
LANCL3		0.08573213	
PLXNC1		0.085589334	
TICAM2		0.08548639	
ARMC9		0.08547463	
ATP2B4		0.085223906	
ALKBH3		0.08515368	
QRICH1		0.084980994	
CDK1		0.084353656	
ZBTB38		0.08404409	
CNN3		0.083877586	
H13		0.08325863	
PRELID1		0.08322308	
2610507B11RIK		0.08307677	
BAG1		0.08291059	
CHD1L		0.082549885	
ZFP455		0.08240616	
RAD51AP1		0.08213126	
PIGS		0.08204563	
CRCP		0.08188578	
PSPH		0.08168978	
ASUN		0.081548296	
TRAPPC5		0.08137922	
TOM1		0.08134846	
ZBTB43		0.080536366	
9430020K01RIK		0.08024699	
PFN1		0.08008766	
TAF15		0.079929486	
PPARD		0.07969795	
OGFR		0.07933576	
SCYL1		0.07924514	
MBD2		0.07917999	
SCRIB		0.07904463	
RASSF7		0.07862668	
AI450353		0.07858277	
GNA13		0.07850457	
SFT2D2		0.07832247	
GET4		0.07820461	
MEPCE		0.07811825	
WFIKKN1		0.07777495	
TYK2		0.07776692	
ARHGAP12		0.07761739	
GRHPR		0.077462465	
CHD4		0.077256866	
MSH2		0.07725508	
FAF2		0.07725176	
GM17745		0.0771645	
GM4944		0.076571815	
RNASEH2C		0.07644815	
VWA9		0.07607906	
DFFB		0.075847305	
CACFD1		0.07577619	
MAD2L1		0.07565922	
RAD9B		0.075648576	
FADD		0.07463924	
2610318N02RIK		0.074496984	
EMILIN1		0.07443077	
CEP76		0.0744036	
RCOR1		0.07413011	
BC048403		0.0739434	
PLK4		0.07392415	
KRCC1		0.073295414	
FAM120AOS		0.07326292	
ASXL2		0.07317237	
PPIP5K1		0.073132776	
AQR		0.07281941	
CDK13		0.07279894	
TUBGCP3		0.07275912	
BNIP3		0.07235624	
C330027C09RIK		0.0720846	
AP2A1		0.07162104	
ZFP560		0.07141183	
ZWILCH		0.07106395	
PCM1		0.07055259	
ATXN1L		0.07039545	
ALG10B		0.07000223	
IER5		0.06994657	
BOD1		0.06977475	
SPIDR		0.06964558	
PPP2R4		0.06930145	
POLE2		0.069219746	
COMMD5		0.068948045	
RSL1		0.06894714	
TUSC3		0.06858031	
MEAF6		0.06857115	
NDUFA11		0.0684777	
MNAT1		0.06847332	
IPO8		0.06839763	
NXF1		0.06832557	
DDX5		0.068050355	
DUSP28		0.06798645	
RAB20		0.067979634	
POLE		0.06793573	
MRPL52		0.067715585	
SNIP1		0.06753714	
GPATCH3		0.06749921	
KLHL5		0.06736609	
ZFP820		0.06729921	
ATG4D		0.06719358	
RCN1		0.067111365	
PRR11		0.066940434	
SESTD1		0.066586405	
GSG2		0.066508904	
PRORSD1		0.06589234	
CANT1		0.06563131	
EPC2		0.06526878	
TOE1		0.06485607	
1700113A16RIK		0.06470278	
NDUFA13		0.06463421	
DDX19B		0.06433033	
GLE1		0.06423281	
SDR42E1		0.06393512	
INO80		0.06392582	
NPLOC4		0.06387271	
CDK2		0.063749254	
WDR47		0.06342699	
UBE2T		0.063322894	
RSRC2		0.06326043	
ZFP456		0.063258976	
ERDR1		0.06307807	
PHRF1		0.06303885	
F730043M19RIK		0.06297196	
SAR1B		0.06296209	
EBAG9		0.0627537	
CMYA5		0.06267169	
KCTD7		0.06214151	
LRIG1		0.06197652	
PIGK		0.06133926	
CALM1		0.061217535	
GRK5		0.06110033	
FAM57A		0.0610551	
ZFP780B		0.06101909	
SMIM7		0.06068743	
SHCBP1		0.060661223	
OSBPL7		0.060628336	
TMEM67		0.060625404	
RILPL2		0.060593065	
BUB1B		0.06017188	
ATMIN		0.060130164	
STARD4		0.06010295	
MED16		0.06010273	
THRAP3		0.05982589	
INTS9		0.059733044	
IER3IP1		0.05956245	
PNP		0.059339043	
FOXJ3		0.059008945	
GPI1		0.058687948	
RFX5		0.058100443	
MTMR1		0.057533402	
ATP6V0B		0.057474103	
FIZ1		0.057270754	
HIST1H4I		0.05701924	
STAM2		0.056820888	
SLC39A1		0.05669554	
ZFP866		0.05623636	
ALDH9A1		0.05617029	
AARS2		0.05608287	
PCNX		0.055899855	
FAM221A		0.0558859	
FBXO22		0.055769462	
SENP8		0.05532945	
RAD54L		0.054983977	
KMT2B		0.054800026	
RHBDD3		0.054741714	
2810403D21RIK		0.054732252	
VPS36		0.05469128	
SMIM12		0.054009926	
RAB7		0.053914983	
ERCC4		0.053788163	
MTX3		0.05353098	
PGRMC1		0.053468708	
NEU1		0.05334174	
AHCYL1		0.05317836	
ZKSCAN8		0.05254868	
A630072M18RIK		0.05245524	
NUPL1		0.052363694	
UXT		0.0521625	
IFT27		0.052098967	
TATDN3		0.051897943	
PARP1		0.051810913	
GOPC		0.05149273	
LAMTOR5		0.051464498	
BACE1		0.051394556	
ARL6		0.05085265	
COPG1		0.050620764	
GUCY1B3		0.05059297	
HGS		0.050108492	
FBXO28		0.050076097	
TNKS		0.050045893	
CRKL		0.049893647	
4933407K13RIK		0.04983432	
SMAP1		0.04960765	
TUBGCP2		0.049267754	
SRP14		0.04909702	
EEF2K		0.04905065	
KPNA1		0.04877806	
ZCCHC2		0.048545852	
ENPP2		0.04842907	
COPG2		0.048378065	
CEP250		0.048037477	
UHRF1		0.047864158	
ANKLE1		0.04755849	
SMCR8		0.04742866	
COG1		0.047300335	
JTB		0.047284342	
POU2F2		0.04702696	
MPC2		0.046927787	
ITFG2		0.04680863	
ZFP87		0.046753995	
SENP1		0.046473023	
NUCB1		0.045797814	
GM1943		0.04572544	
TMEM62		0.04562717	
ZFAND4		0.04560348	
TRAK1		0.0453176	
FRA10AC1		0.04518815	
PIK3CA		0.044957153	
INTS10		0.04458687	
MAP3K4		0.04455632	
FIRRE		0.044498265	
DPP9		0.044490784	
HERC1		0.044455532	
LYRM1		0.044301163	
RABEP1		0.04421083	
GANAB		0.044075366	
BLOC1S5		0.044072624	
CCNJ		0.0438449	
SEC11A		0.043837912	
INO80DOS		0.043833688	
SEC23IP		0.043814424	
ZFP715		0.043732233	
KDM1A		0.04368551	
RFNG		0.043482166	
YEATS2		0.04299871	
H2-M3		0.042990476	
SNX30		0.042829234	
ZFP446		0.042607903	
TOR1AIP2		0.042557232	
ATG16L2		0.042392265	
CCDC55		0.041895177	
CMTM4		0.041838672	
CCNB1		0.041804794	
FAM120C		0.04174595	
QPCT		0.041311424	
TOR1B		0.041156016	
IQGAP3		0.041069444	
VAV2		0.040658884	
DGKD		0.040582813	
PIP4K2A		0.040549416	
ZSWIM7		0.040439386	
HIST1H1D		0.04038666	
CHCHD7		0.040143415	
MBNL1		0.040003933	
POLR3G		0.039902877	
MIB1		0.039813858	
TOB2		0.03979254	
ACTR2		0.039338533	
IP6K2		0.039150074	
IMPA2		0.038800463	
GTPBP10		0.0385974	
DDX59		0.03845886	
ALDH16A1		0.038131695	
DYNC1I2		0.038078737	
GM14005		0.037948783	
MNS1		0.037833687	
PFKP		0.037796132	
TMEM229B		0.03773256	
RPL37A		0.03768295	
TMEM170B		0.03767359	
HS2ST1		0.03766951	
SUOX		0.037615318	
TOPBP1		0.03696986	
TBC1D19		0.036322773	
NAA30		0.036182597	
PAXIP1		0.035844587	
ACTN4		0.035574272	
DGCR2		0.03532961	
KLHL20		0.035233468	
HSPB6		0.034930244	
DDIAS		0.034788188	
IZUMO1R		0.034664977	
PTPN18		0.034633644	
STIL		0.03457585	
GMFB		0.034543894	
IL18BP		0.034333423	
STX3		0.034319587	
MRS2		0.034223426	
CBX8		0.033895463	
FEM1A		0.033073783	
TRPT1		0.033066727	
PPT2		0.032846164	
CCDC142		0.032832786	
KLHDC10		0.032704975	
CD69		0.032667235	
SMDT1		0.03262334	
CCDC174		0.032561205	
AURKA		0.03251473	
TTK		0.032239005	
SRRD		0.03195169	
HIST1H4N		0.031875864	
ZMYND8		0.031657796	
CCL5		0.03164792	
COX7A1		0.031617787	
MMD		0.03161265	
OARD1		0.031558387	
MTRF1L		0.0315461	
TRAF1		0.031445093	
KIFC5B		0.031291466	
TRIM13		0.031226581	
ZFP330		0.030935515	
DTD1		0.030562485	
SNX29		0.03052653	
SIPA1		0.030425917	
KCTD13		0.030396098	
SLC4A7		0.030379226	
PLA2G12A		0.030370474	
DDX23		0.030153995	
TRRAP		0.030135363	
ITSN1		0.029907366	
SON		0.0297873	
ZMAT2		0.029338866	
IRF3		0.029236618	
IL20RB		0.029036026	
KRTCAP3		0.02902292	
ZFP661		0.028827334	
MRPL10		0.028791338	
RRM2		0.028550962	
SLFN8		0.028133178	
DLG4		0.028126972	
USP47		0.027797768	
SSNA1		0.027588805	
BC030867		0.027381906	
TRIM59		0.027379513	
SEPSECS		0.027346864	
TOMT		0.027278336	
DERL3		0.027270706	
ADAM10		0.027035125	
ACSL1		0.026677867	
RFESD		0.026354304	
RASA2		0.026193803	
BCL2A1D		0.026160868	
PTPN9		0.025820209	
TTC21B		0.025654126	
PON3		0.025585966	
RAB5A		0.025527067	
CUL7		0.02547028	
GDPD5		0.025326166	
NF2		0.024855578	
TM9SF2		0.024660813	
KRTCAP2		0.024534533	
SNRPC		0.02437413	
TOP3B		0.024256175	
NXT2		0.024209103	
HDGFRP2		0.023896787	
HIST4H4		0.02384616	
NICN1		0.023791023	
IFT57		0.023735456	
PNPLA6		0.023691246	
ZFP825		0.02362569	
ZFP932		0.022879262	
TIMELESS		0.022741778	
OVGP1		0.022627162	
4930579G24RIK		0.022398533	
TGFBRAP1		0.022247162	
HS3ST3B1		0.02191007	
ABHD10		0.021876976	
RBM12B1		0.0214789	
DEK		0.021423442	
HMMR		0.021269249	
CCDC94		0.020727703	
DNMT1		0.020726502	
MAPK8		0.020703232	
GLYR1		0.0203213	
TADA2B		0.020019509	
2010320M18RIK		0.019866977	
CAMSAP2		0.019485708	
ZFP709		0.01946557	
ZC3H14		0.019370712	
A930006K02RIK		0.019361027	
YBEY		0.018970413	
GM16576		0.01875489	
C330018D20RIK		0.018741675	
MIEF1		0.018583246	
KHK		0.018518886	
COPB1		0.018410467	
5031439G07RIK		0.018248256	
SLC39A14		0.01823181	
SPPL2B		0.018067066	
BRDT		0.018048152	
3110062M04RIK		0.017412351	
2810417H13RIK		0.017392501	
SUSD2		0.017180135	
TMEM219		0.016965697	
PHF12		0.016820118	
E330033B04RIK		0.016406653	
PHC1		0.016364206	
CRTAP		0.016251935	
OSBP		0.016174963	
FAM219A		0.016058302	
EIF4E3		0.015872752	
SPAG9		0.015866788	
OTUD1		0.015748773	
TNFRSF22		0.015726497	
SENP6		0.015658967	
SLC30A4		0.015227065	
TCTN1		0.015072267	
NGDN		0.014905817	
DAD1		0.014677729	
2310022B05RIK		0.014487085	
RNMT		0.014369888	
DYM		0.014358339	
MDM4		0.014165522	
TRIT1		0.013998242	
SKA2		0.013932393	
RMDN1		0.013602478	
STX2		0.013249199	
1600002H07RIK		0.013021705	
TIGD2		0.012946134	
SERGEF		0.012936352	
GATAD2B		0.012057736	
HELQ		0.011970789	
TRMT12		0.011854113	
MSH6		0.011832837	
SPIN1		0.011755829	
CMC4		0.011714276	
TMEM186		0.011617956	
CS		0.01143603	
FAM129B		0.011014016	
AAMDC		0.010677168	
LPCAT1		0.010565914	
1810026J23RIK		0.009788944	
BRWD3		0.0095337	
PRR33		0.009451086	
CCNA2		0.009331496	
TK1		0.009225683	
DAGLB		0.009016248	
FAM26F		0.008943582	
POLR2M		0.008449473	
ARL16		0.00779481	
SLC25A28		0.007422237	
GM13546		0.007383367	
PIP5K1C		0.007019932	
GM16157		0.006817355	
SNX21		0.006781772	
CAMK2G		0.00677806	
CTDP1		0.006764709	
NISCH		0.006658645	
ZFP687		0.006623605	
TCEANC2		0.006529531	
H2AFY		0.006125226	
E2F1		0.006100952	
IFT172		0.005978878	
CKLF		0.005825573	
KIF18A		0.005730787	
PRMT2		0.005665927	
PHLDA3		0.005159393	
DDHD1		0.005137958	
TAPBPL		0.005018854	
FBXW11		0.004935331	
WDR25		0.004813147	
IMPA1		0.004493752	
CCDC166		0.004396821	
BC031181		0.004367284	
DECR2		0.004266821	
GM10785		0.003867149	
WBP4		0.003696357	
KLHL42		0.003369759	
BLOC1S6		0.003355523	
PPP1R12C		0.0031566	
CYHR1		0.003151576	
ASB3		0.003131649	
ZDHHC16		0.002163819	
YIPF4		0.0020808	
FKRP		0.002069528	
MTERF1A		0.001037364	
RAP2C		7.9378E-4	
SLC31A2		7.04882E-4	
ITGAV		1.19518E-4	
MYO7A		-1.53972E-4	
TAF6		-1.64496E-4	
ZFP931		-3.1063E-4	
RBL1		-5.12546E-4	
PAGR1A		-6.62393E-4	
HIST1H2BK		-6.85271E-4	
VPS41		-7.20997E-4	
CAMKMT		-8.33222E-4	
EPC1		-0.001127437	
VIMP		-0.001471204	
PPM1J		-0.001596769	
TTLL3		-0.001768082	
ATP5E		-0.002160479	
PHLPP1		-0.002268458	
ROGDI		-0.00254411	
AGRN		-0.002568804	
TIPRL		-0.002588108	
CSNK1G1		-0.002771121	
PLXNB1		-0.002818169	
INSIG2		-0.002843994	
IFI47		-0.002993886	
1700086O06RIK		-0.003067981	
MELK		-0.003092774	
TMUB1		-0.003810992	
GLB1L		-0.004218972	
EZH2		-0.004320368	
TNFRSF19		-0.004339533	
IK		-0.004442313	
MXI1		-0.004581614	
PARP6		-0.004610143	
OPTN		-0.004623186	
YOD1		-0.004643682	
KAT8		-0.004870597	
ING2		-0.005264602	
HMGXB4		-0.005486032	
MCAT		-0.005580237	
IBA57		-0.005661923	
PPP4R1L-PS		-0.006008161	
FUK		-0.006065828	
2700099C18RIK		-0.006098905	
TBCK		-0.006169209	
MAN2C1		-0.006229575	
DNM1L		-0.006296716	
LSM14A		-0.006627893	
AP2M1		-0.006633331	
EFCAB14		-0.006674315	
GPSM1		-0.006750299	
TTF2		-0.006851937	
IVD		-0.007009488	
HDAC11		-0.007025051	
AR		-0.007201646	
WDR37		-0.007337974	
FRS2		-0.007719593	
SNX19		-0.00776481	
SLC36A1		-0.007943018	
SNW1		-0.008000205	
2810021J22RIK		-0.008269633	
DRAP1		-0.008423689	
GM5141		-0.008480473	
RNF20		-0.00861695	
AAK1		-0.008900073	
KIF13B		-0.00925939	
EPG5		-0.009300347	
0610011F06RIK		-0.00931262	
PFKFB4		-0.009501125	
ALKBH5		-0.009851268	
DNAJC30		-0.009866358	
WSB2		-0.010229575	
AURKB		-0.010311708	
IFT52		-0.010842795	
CSPP1		-0.011187259	
CAMP		-0.011194933	
PI4K2A		-0.011212915	
WDR1		-0.011236674	
AP5B1		-0.011577216	
RIC1		-0.011741232	
BRPF3		-0.011884272	
LRWD1		-0.011927397	
CREG1		-0.01209039	
MTMR4		-0.012106678	
CCDC97		-0.012159323	
9130011E15RIK		-0.012234043	
HARBI1		-0.012317693	
CASP8AP2		-0.012644513	
HSCB		-0.012758334	
ABCB8		-0.012783081	
TRAK2		-0.012820016	
SLC25A16		-0.01282191	
FAM174B		-0.012944471	
RAB12		-0.013142862	
DENND4B		-0.013214099	
SAP30BP		-0.013379013	
LYZ2		-0.013415539	
GSTZ1		-0.013454691	
ZFP644		-0.013637732	
TCIRG1		-0.013654911	
MAP4K3		-0.013698585	
CDC20		-0.014125378	
ST3GAL3		-0.014152672	
CCDC157		-0.014273088	
FMR1		-0.01483455	
CYP39A1		-0.01488001	
WDPCP		-0.015107475	
RNF187		-0.015268469	
C2CD2L		-0.015346762	
CTR9		-0.015349367	
NELFE		-0.015585988	
DAP3		-0.015640218	
MUM1		-0.015721189	
CCNK		-0.01587332	
TIGAR		-0.01592616	
DTNBP1		-0.016240826	
OSCP1		-0.016918262	
LNPEP		-0.016975554	
U2AF1L4		-0.017123897	
TEX264		-0.017302252	
PPP1R2		-0.01752793	
PFDN6		-0.017652664	
ACTR1B		-0.017663417	
SNORD96A		-0.017897936	
WDR35		-0.017950548	
SAP30L		-0.017983899	
PPP1R10		-0.018097268	
KCTD20		-0.018562105	
TJP2		-0.01862129	
GSR		-0.018749095	
IMPACT		-0.018762978	
YWHAH		-0.018799506	
9130023H24RIK		-0.018805142	
POLR3B		-0.018912585	
LRRC49		-0.018937172	
3830403N18RIK		-0.019078355	
TMEM87A		-0.019553013	
SMARCA2		-0.019598361	
FAM132B		-0.019926762	
E330020D12RIK		-0.01996528	
PPP1R15B		-0.020135686	
2010315B03RIK		-0.020273654	
KCTD9		-0.020575427	
RAB26OS		-0.020857224	
TAB3		-0.021296853	
TMEM159		-0.02151858	
A230072C01RIK		-0.021595286	
ZFP277		-0.021610662	
ACER3		-0.021639751	
YTHDC1		-0.0219488	
PADI4		-0.022157613	
ZFP113		-0.022244837	
ABCC4		-0.022389509	
HIF1AN		-0.022437083	
TPGS2		-0.022438016	
CKAP2		-0.022583043	
DYNLT1B		-0.022679199	
2210018M11RIK		-0.022753906	
CELF2		-0.023089869	
TMEM165		-0.023090534	
FAM173A		-0.023124186	
PPIP5K2		-0.023179993	
EIF1B		-0.023372035	
PSMD10		-0.023564536	
GM16845		-0.023860177	
AVEN		-0.02393053	
GPATCH8		-0.024435833	
TMPO		-0.024671137	
SS18L1		-0.024821822	
LTA4H		-0.025409125	
SKA3		-0.025740262	
ARL6IP5		-0.025881294	
SMEK2		-0.026002312	
LIN7C		-0.026192792	
SMC2		-0.026299018	
NGP		-0.026435455	
FCHO2		-0.026599897	
HMGN5		-0.026935099	
PIK3R4		-0.026959227	
KAT5		-0.027205704	
D10JHU81E		-0.027439477	
FAF1		-0.027444296	
DOCK4		-0.027445773	
ZFP638		-0.027518015	
ACTR10		-0.027682861	
SH3BP1		-0.027833201	
PRDM15		-0.02784682	
AKAP9		-0.027956156	
SERTAD3		-0.027985897	
PPM1B		-0.028745705	
TSHZ1		-0.028921781	
OPN3		-0.029060852	
DHX35		-0.029188322	
TXNDC11		-0.029795637	
CASS4		-0.030022565	
ZKSCAN7		-0.03009409	
MARK3		-0.03009713	
PYCR2		-0.030163258	
NSL1		-0.030406602	
HIST1H2AI		-0.030744277	
FARS2		-0.03075957	
NRG4		-0.030821575	
NKIRAS2		-0.0308936	
CENPO		-0.031428106	
RNF220		-0.031588428	
TMPPE		-0.031875506	
NUF2		-0.03187759	
FKBP7		-0.03249616	
CAPZA2		-0.03259974	
BRWD1		-0.03271267	
1700123M08RIK		-0.03316223	
MRPL57		-0.033169497	
NPAT		-0.03327611	
ANXA1		-0.033304468	
CNOT1		-0.03344069	
EIF2B2		-0.033614825	
COPA		-0.03380761	
ITPA		-0.03393239	
AW146154		-0.034057792	
MLST8		-0.03419168	
ZFP407		-0.034240577	
S100PBP		-0.03426596	
MBLAC1		-0.034476813	
CHIL3		-0.034511715	
PSMC3		-0.034611996	
MARVELD2		-0.035059035	
1110059E24RIK		-0.035109647	
CCNL2		-0.035141706	
SCO1		-0.035276115	
TSG101		-0.03533365	
GNAQ		-0.035364743	
LCN2		-0.03540118	
PPM1D		-0.035401504	
APOOL		-0.03571875	
CNOT3		-0.03576775	
IFT122		-0.035797637	
PDE4D		-0.035991617	
SPRTN		-0.036032114	
CTDSPL2		-0.036072392	
ITGB1BP1		-0.036153283	
NUDCD3		-0.03620761	
PIGN		-0.036269844	
PTPN13		-0.03628317	
CCDC173		-0.036374576	
TMED7		-0.0364181	
IKZF4		-0.036743205	
IDS		-0.037019935	
ANKRD50		-0.037159447	
CYB561D2		-0.03722584	
DCTN5		-0.03725036	
RBFA		-0.038010035	
CD68		-0.038048223	
CPNE2		-0.038294695	
MED7		-0.038333993	
MAD2L1BP		-0.03835812	
BBIP1		-0.038399965	
CEP128		-0.038756978	
XKR5		-0.038865052	
BIVM		-0.039018974	
SMYD3		-0.039113987	
GCC2		-0.03937582	
ZBTB5		-0.03940588	
CD40LG		-0.03946699	
SLC10A3		-0.039664086	
TRP53BP2		-0.039856248	
NEK7		-0.039922155	
ZFPL1		-0.039961454	
ANKRD28		-0.040049564	
TGFBR3L		-0.040355694	
IQSEC1		-0.040372442	
FAM83D		-0.040418338	
LAPTM4A		-0.040564686	
CASC4		-0.041131943	
IWS1		-0.04128024	
FADS1		-0.041453455	
CYB5D2		-0.041477174	
EBPL		-0.04154959	
CASC5		-0.041676383	
EMID1		-0.04193594	
ZMPSTE24		-0.041945603	
CETN2		-0.042237	
ADIPOR2		-0.042297732	
CLPX		-0.042711023	
GAN		-0.042784028	
HACD1		-0.042846594	
ACAP3		-0.04297824	
PIGP		-0.04312785	
APOL9A		-0.043133914	
GAS2		-0.04340146	
RHBDL3		-0.043853484	
AHI1		-0.04431781	
MFF		-0.044345684	
HIST1H2AG		-0.04459309	
GABARAPL1		-0.044650353	
MIS18A		-0.04471186	
USP2		-0.044803593	
DIAP2		-0.044921108	
CTBS		-0.04523516	
FAM168B		-0.045340713	
RMND5A		-0.045471106	
ERGIC3		-0.045497473	
SMC4		-0.045558173	
WASH1		-0.045749143	
SETD3		-0.046371173	
VPS52		-0.046429195	
ACTA2		-0.046766665	
UBXN8		-0.04686302	
1110008F13RIK		-0.046959046	
CHKA		-0.047000878	
FTO		-0.047031038	
PIK3R2		-0.0471086	
COMMD7		-0.047293816	
ELMOD2		-0.047295883	
PLK1		-0.04740853	
BRI3		-0.047492184	
CIAO1		-0.047500357	
ZBTB8OS		-0.04752408	
AMACR		-0.04815808	
PDXDC1		-0.04885159	
WIZ		-0.048861064	
CTNNBL1		-0.049042333	
TRIM11		-0.04921397	
IDNK		-0.0496112	
PSD4		-0.049620662	
GABPB2		-0.049677923	
BRIP1		-0.04968137	
ZFP78		-0.049830347	
DNAJC3		-0.05010778	
CCNI		-0.050111927	
PKM		-0.05028302	
ZFP808		-0.050341688	
CDK17		-0.05053575	
PARG		-0.050727166	
NLRX1		-0.051448066	
PHKB		-0.05149354	
ZBTB14		-0.05185137	
DHX57		-0.052106712	
ZBTB7A		-0.052198123	
NSMCE2		-0.05239979	
ZFP362		-0.05259777	
PTRHD1		-0.052774522	
EIF3F		-0.052810375	
ALDH6A1		-0.05349041	
GLO1		-0.053582013	
6330408A02RIK		-0.05361584	
MDK		-0.05363327	
UHMK1		-0.053897288	
4930515G01RIK		-0.054201014	
AMZ2		-0.054417975	
CENPI		-0.054521743	
EXO5		-0.054527342	
SURF4		-0.054967094	
ZFP384		-0.05498001	
NCAPG		-0.055234518	
FAM35A		-0.055259388	
ICAM5		-0.05562913	
SDHAF4		-0.05565194	
SLMAP		-0.05611549	
CDCA2		-0.056196842	
OSBPL2		-0.056985788	
NRF1		-0.057090186	
TRIM68		-0.057497576	
PTTG1IP		-0.057583194	
SLCO3A1		-0.057817955	
AACS		-0.058063626	
ZFAND5		-0.058190756	
PRRC2C		-0.05831515	
ZC3H6		-0.058354046	
UBQLN1		-0.05842796	
LTF		-0.05869895	
SCLT1		-0.058713652	
S100A9		-0.059060894	
SLC2A1		-0.05912391	
GAB3		-0.05944876	
RP2H		-0.059616	
CLCN5		-0.059620578	
LSM4		-0.059729937	
TYRO3		-0.05982912	
1700021K19RIK		-0.05988961	
PPAPDC1B		-0.06034648	
MAP1LC3A		-0.060352877	
HNRNPH3		-0.0604712	
GPR15		-0.060654476	
WDR45B		-0.06087462	
TTC7		-0.06114473	
DQX1		-0.061165277	
CORO1C		-0.061177623	
GM10548		-0.06121679	
ZDHHC12		-0.061498247	
2900076A07RIK		-0.061594926	
FHL4		-0.061613437	
ZBTB8A		-0.061978415	
RAD51D		-0.062203515	
FDPS		-0.062470954	
TNKS2		-0.06247922	
TPM4		-0.06252937	
TESK2		-0.06254637	
WAC		-0.06264791	
RAB23		-0.062747635	
ZFP367		-0.06315192	
5730455P16RIK		-0.06320159	
CDK16		-0.06327666	
DCP1A		-0.063378885	
CCDC25		-0.06342694	
TEN1		-0.063769154	
FAM8A1		-0.06414933	
TOR1A		-0.06416303	
ANKLE2		-0.06417129	
PXN		-0.06433796	
SNHG9		-0.06458929	
LRRC51		-0.06458975	
TRP53BP1		-0.06466155	
ENPP1		-0.06499176	
PRR14L		-0.06523626	
ZW10		-0.06549199	
CDCA8		-0.06554873	
ATN1		-0.06556908	
EIF3K		-0.065671705	
OSBPL11		-0.06578396	
STRN		-0.06581017	
ANKRD39		-0.0659431	
CASP9		-0.06608112	
BBS4		-0.06608195	
MAML2		-0.06615744	
IMPAD1		-0.06619494	
TUBGCP5		-0.0663309	
DUSP14		-0.06636629	
TUBB4A		-0.06679436	
CDC23		-0.06692359	
EVI2A		-0.06700419	
PPP1CC		-0.067125194	
2900008C10RIK		-0.06717726	
RSRC1		-0.067424245	
PIK3R1		-0.06818898	
CHUK		-0.06826366	
3110002H16RIK		-0.068412974	
ERMARD		-0.068706796	
ZFP128		-0.06879395	
GTSE1		-0.06919619	
ZRANB1		-0.069419816	
AGO3		-0.069580324	
CDK5R1		-0.07007595	
USP9X		-0.070090406	
KIF20A		-0.07009919	
AP3M1		-0.070132114	
TBC1D2		-0.07019931	
HIST2H2BB		-0.07020976	
ZSWIM3		-0.07025023	
NT5C3		-0.07037123	
IGF2BP3		-0.07055475	
ZFP951		-0.0706439	
ARL5B		-0.070682466	
NDUFS4		-0.07069834	
1810030O07RIK		-0.07087418	
PDE7A		-0.07099757	
D430042O09RIK		-0.071083	
PPP2R5E		-0.07115944	
E430018J23RIK		-0.07135734	
METTL18		-0.0715813	
ADAL		-0.07175068	
SMAD1		-0.07189593	
SLC4A1AP		-0.07210841	
CCP110		-0.07213463	
NSUN6		-0.072157055	
AP1M1		-0.072247826	
MKL2		-0.07228748	
SFT2D3		-0.0725677	
VPS53		-0.072736464	
EXTL3		-0.0729432	
PALB2		-0.07301938	
ZFP953		-0.07303285	
SLC39A9		-0.07303912	
PIGT		-0.07317356	
PSMD9		-0.073392645	
LIG4		-0.073397934	
ABI2		-0.0734408	
FBF1		-0.07350005	
SP2		-0.07367039	
ARFGAP2		-0.07401239	
GNAL		-0.07425205	
NADSYN1		-0.07491543	
ITGB3		-0.07494158	
RRAGC		-0.07523348	
ARMC8		-0.075308345	
GM16973		-0.07538194	
ANKHD1		-0.075920254	
VPS13C		-0.07650086	
SGOL2A		-0.07700358	
RPAP3		-0.07712361	
PKD1		-0.077300176	
ZFP317		-0.07750151	
CASP3		-0.07752343	
OGFOD2		-0.07791952	
STARD3		-0.07792176	
CST6		-0.07798236	
EFR3A		-0.07813708	
PER1		-0.078255184	
TTPAL		-0.0782907	
ZCCHC8		-0.07840379	
HIST1H4C		-0.078548044	
S100A8		-0.07885326	
GM20300		-0.07889549	
FKBPL		-0.078987665	
RBM33		-0.07907388	
1700020L24RIK		-0.0792384	
GM15800		-0.07923888	
EHD4		-0.07929824	
PYGM		-0.07991079	
LRRCC1		-0.07995232	
BC002163		-0.0801292	
M6PR		-0.08058492	
TMX2		-0.08060064	
RNF146		-0.081312746	
PANK3		-0.081380226	
UBE2C		-0.08143638	
TACC3		-0.081668794	
POC1A		-0.081742056	
CR1L		-0.081908785	
GINS3		-0.08191314	
APBB2		-0.0820123	
TNNT1		-0.082140714	
RLF		-0.082194515	
DDRGK1		-0.08248686	
TMEM8B		-0.08258511	
MOCS2		-0.08266719	
GM1976		-0.08295045	
PCMTD1		-0.08298268	
BPGM		-0.08319228	
CC2D1B		-0.083521865	
CTDNEP1		-0.08403733	
GM17296		-0.08405669	
SELK		-0.08415392	
NR2F6		-0.08424346	
ZFAND2A		-0.08438384	
PDLIM2		-0.084469065	
SLC37A1		-0.08459708	
ERC1		-0.08515133	
TMEM258		-0.08516734	
TRAPPC1		-0.0852189	
ANP32E		-0.08530619	
A530072M11RIK		-0.085327476	
RBBP8		-0.08569071	
FRRS1		-0.08583626	
GGNBP2OS		-0.08593114	
TMEM86A		-0.086000316	
EEPD1		-0.08601809	
ACRBP		-0.08675774	
PBX4		-0.08703962	
STOM		-0.0872703	
MYO18A		-0.08734935	
SLC27A4		-0.08745062	
GGPS1		-0.0876091	
CCDC163		-0.0880857	
KIF2C		-0.088247366	
LRRC75A		-0.088270105	
HEXDC		-0.08840154	
METTL9		-0.08847486	
RAB11A		-0.08856459	
WDR33		-0.088866964	
BIRC3		-0.08888651	
RIC8B		-0.08909127	
STX7		-0.08913366	
MYEOV2		-0.089433715	
DNAL4		-0.08962742	
ACCS		-0.08978794	
G6PDX		-0.089803495	
TCHP		-0.08987489	
KIF4		-0.089882545	
FNTB		-0.0899142	
5830432E09RIK		-0.0902388	
DDX26B		-0.09050043	
GAS2L3		-0.09068328	
LRRC61		-0.09074914	
EPN1		-0.09106531	
ORC5		-0.091131575	
GOLGA7		-0.09140809	
RN45S		-0.091497906	
MON2		-0.0919304	
COL11A2		-0.091935314	
CCDC15		-0.09202227	
MECP2		-0.09212171	
ZFP12		-0.09214251	
ZFP747		-0.09256317	
ZBTB37		-0.09260423	
MPP1		-0.09269203	
NDUFS2		-0.0929698	
4930558J18RIK		-0.093172565	
TRIAP1		-0.09341732	
TGM2		-0.093459316	
EIF3H		-0.09359409	
DDX17		-0.09424211	
IFNGR2		-0.094472095	
SNX1		-0.09449995	
CSTAD		-0.09475591	
RBCK1		-0.09481986	
ZDHHC9		-0.094941914	
PRPF6		-0.09551072	
HNRNPUL1		-0.095519505	
VPS4B		-0.09554105	
DHX8		-0.09560064	
SLC20A1		-0.09565048	
EIF4G3		-0.09581961	
WASL		-0.095834665	
ZFP236		-0.09583906	
ACADS		-0.09624298	
RRAGB		-0.09641752	
WBP5		-0.09664645	
SACS		-0.09671658	
1810026B05RIK		-0.09673004	
IKBIP		-0.09686874	
DERL2		-0.09727988	
ISPD		-0.097642146	
CPEB4		-0.09792041	
FANCA		-0.09794704	
CD6		-0.09799882	
MAP3K3		-0.09803876	
ZMYM2		-0.0980752	
CAPZA1		-0.098164275	
AI854703		-0.09849244	
EXOC7		-0.09852396	
CNNM4		-0.09877036	
HTT		-0.09880549	
UTP23		-0.09946047	
CEP57L1		-0.09947229	
UNC45A		-0.099780075	
ABHD13		-0.09981775	
SMG5		-0.09987943	
RNF13		-0.09998938	
ANKRD13A		-0.10030078	
THOC2		-0.100318946	
PPIL4		-0.10041587	
GPS2		-0.10059429	
SMAD4		-0.100637406	
YPEL1		-0.10171782	
GOSR2		-0.10174953	
MRPL9		-0.102357164	
MAP2K1		-0.10252893	
FASTKD5		-0.10259894	
ABCB1A		-0.10260728	
CHD3		-0.10301496	
GM20199		-0.10315321	
OGG1		-0.10347188	
MAST2		-0.103481665	
NAPA		-0.10365143	
KNTC1		-0.10373592	
KIF15		-0.10377135	
KNSTRN		-0.103964955	
HAUS5		-0.10403582	
KCNMB4		-0.10406672	
E4F1		-0.10408136	
EXOC6B		-0.10424981	
ZFP91		-0.10450386	
CENPN		-0.104651295	
PLXNA1		-0.10486155	
DGUOK		-0.104997955	
BCAP31		-0.10563605	
E2F8		-0.105857834	
TNRC6A		-0.10616549	
E2F7		-0.10624809	
MORF4L1		-0.10662307	
REC8		-0.10667598	
SH3TC1		-0.106923185	
UBN2		-0.10700031	
SYNRG		-0.10710582	
PEX1		-0.10728235	
SAMD4B		-0.10738367	
LYSMD4		-0.107489035	
ACTB		-0.10759587	
LCOR		-0.10777148	
AIDA		-0.10793082	
CCDC93		-0.1081461	
TES		-0.10823384	
BLOC1S4		-0.108743444	
MAPRE2		-0.10877898	
GM11423		-0.10888285	
BET1		-0.10933134	
SIAH1A		-0.10945559	
LMAN2		-0.109585725	
PPM1A		-0.110123634	
COPB2		-0.110218234	
AK010878		-0.11028124	
ATP6V1H		-0.11031783	
GM1821		-0.11050605	
SH3BP5L		-0.11068097	
PNISR		-0.111150794	
EFCAB7		-0.111464374	
CCDC9		-0.11149063	
STK40		-0.11160016	
FBXO31		-0.11173044	
SORD		-0.111886635	
SNX12		-0.11205556	
CERS5		-0.11210278	
ZGRF1		-0.112321354	
TOX4		-0.112347394	
PIGV		-0.112866536	
AP1AR		-0.11298092	
TAF10		-0.11311726	
CHIC1		-0.11344974	
NUDT13		-0.11349531	
PXMP2		-0.11353248	
THRA		-0.11389014	
C030034I22RIK		-0.11395856	
DGKE		-0.11424562	
HSPA12A		-0.1143757	
PCK2		-0.11447501	
FZR1		-0.1145398	
FNDC9		-0.11458305	
KIF16B		-0.11497347	
ZFP27		-0.11532105	
DNAJB11		-0.11552238	
SCRN3		-0.11556699	
HSPA1B		-0.115601815	
SETD1B		-0.11566299	
PITPNA		-0.11566408	
MUTYH		-0.115825176	
RABAC1		-0.115925595	
NAIF1		-0.116097815	
SBDS		-0.11620428	
HNRNPR		-0.11630388	
FANCD2		-0.11631802	
NMNAT3		-0.11681801	
DEPDC1A		-0.11718614	
TRAPPC2		-0.117532976	
AGGF1		-0.1176508	
MED25		-0.117714494	
COIL		-0.11791684	
2810408I11RIK		-0.11809484	
BRF1		-0.11824541	
WAPAL		-0.118418485	
ERCC3		-0.118577056	
KLF11		-0.11862537	
GLOD4		-0.1188319	
NPRL3		-0.11891721	
ANKRD9		-0.119630896	
XNDC1		-0.119668685	
FBXW2		-0.120030954	
TPX2		-0.12021509	
GABARAP		-0.12033215	
D16ERTD472E		-0.12064783	
FAM173B		-0.120659344	
CLP1		-0.121286266	
MYO9A		-0.12130335	
TMED9		-0.12144206	
2610020C07RIK		-0.12170539	
UVSSA		-0.12183489	
CHMP2A		-0.12222729	
DUSP23		-0.122251995	
MED19		-0.122694865	
ZFP668		-0.12285777	
SART1		-0.12290751	
MYO10		-0.123239815	
GPATCH1		-0.12329506	
UBE2L6		-0.123395346	
TRAIP		-0.12359704	
TRAPPC2L		-0.12368432	
SYN3		-0.12385355	
SHFM1		-0.123883225	
FECH		-0.123901166	
TAF5		-0.12406467	
CTBP1		-0.12430163	
PLCL2		-0.124547936	
BUB1		-0.1245612	
REV3L		-0.12464057	
GSK3A		-0.124846265	
HBS1L		-0.12502764	
RBM3OS		-0.12510467	
ADGRD1		-0.12546821	
FAHD1		-0.12565702	
FBXL17		-0.12586989	
1190002N15RIK		-0.12596032	
CCDC66		-0.12606001	
MOCS3		-0.12614453	
WAS		-0.12678654	
ETAA1OS		-0.1275865	
BBC3		-0.12773769	
NOXO1		-0.12777576	
ERI1		-0.12787823	
LAMTOR1		-0.12792309	
FBXO9		-0.1280325	
POLG2		-0.12818381	
HIATL1		-0.1284598	
MAGEE1		-0.12861054	
NDC80		-0.12876628	
NABP1		-0.12883213	
CXXC1		-0.12883797	
HERPUD2		-0.12886113	
DLG1		-0.12894177	
CD79A		-0.12954016	
RFX3		-0.12996525	
FAM122B		-0.13011388	
AVPI1		-0.13042781	
SMC5		-0.1304428	
PRDM5		-0.13056093	
RSPH3A		-0.13094066	
TMEM29		-0.13108106	
POLI		-0.13109612	
SLC35E3		-0.13111715	
COX15		-0.13204771	
PMS1		-0.13219574	
VPS33B		-0.13256411	
4833439L19RIK		-0.13262133	
POT1A		-0.13264701	
GPR83		-0.13284914	
ESRRA		-0.13301136	
B9D1		-0.1335525	
LRRC47		-0.1335951	
GOLPH3		-0.13404787	
DCP1B		-0.13407053	
GGTA1		-0.1341183	
GRK4		-0.13447969	
GEM		-0.13467556	
TMEM143		-0.13512498	
MBLAC2		-0.13512766	
DDIT3		-0.13524641	
E430025E21RIK		-0.13548422	
MAPK14		-0.13550651	
LRRC8B		-0.13557483	
ZSCAN20		-0.13635787	
EIF4EBP1		-0.13647886	
MILR1		-0.13674808	
SH3D19		-0.13685481	
NELFCD		-0.13704368	
DPP8		-0.13706714	
CREB3L1		-0.13738137	
DIAP3		-0.13795047	
MGMT		-0.13800631	
GBA2		-0.1381182	
TUBGCP6		-0.13836342	
HJURP		-0.1383994	
2310015A10RIK		-0.13854447	
OGDHL		-0.13880485	
ARF2		-0.13952258	
PRKRIR		-0.13955583	
ZFP189		-0.13993782	
TERF2		-0.14020324	
TNRC6B		-0.14034668	
FAM114A2		-0.14059247	
CLSTN1		-0.14072663	
CEP85		-0.14154322	
MAZ		-0.14177623	
KCNMB1		-0.14184235	
PTGER1		-0.14216523	
FBXW9		-0.14229125	
RSBN1		-0.14229164	
RANBP2		-0.1425212	
CSRP1		-0.14261338	
PPP4R1		-0.14293356	
ATP5S		-0.1432199	
NRIP1		-0.14331868	
RNF185		-0.14334315	
UBR4		-0.14339624	
SLFN3		-0.14368203	
USP45		-0.1438583	
HIPK3		-0.14423445	
XPC		-0.14455937	
LSM10		-0.14461873	
DYRK2		-0.14469932	
SHPK		-0.14538787	
ACAD8		-0.14571534	
SMIM19		-0.14602458	
ZFP759		-0.14604907	
SARS2		-0.14649647	
ATP2A1		-0.14678647	
RAPSN		-0.1468037	
LLGL2		-0.14684863	
SNAPC2		-0.14692175	
HIST1H2BJ		-0.14698157	
HIST1H2AB		-0.14699298	
MORN1		-0.14703664	
ECHS1		-0.14711636	
HARS2		-0.14753604	
ANAPC5		-0.14785954	
VAPB		-0.14804323	
TRAF2		-0.14818586	
CEP192		-0.14822546	
ATAD1		-0.1482577	
JRK		-0.14828302	
PPP1R9B		-0.14831688	
AP4E1		-0.14834899	
CLCN3		-0.14852422	
ESPL1		-0.14867261	
RNF113A2		-0.14873266	
TRIM39		-0.14876495	
TSR3		-0.14920624	
ELK1		-0.14927943	
CAPRIN2		-0.14972286	
MTA3		-0.1499086	
PISD-PS2		-0.14993662	
VAULTRC5		-0.15007275	
VPS37C		-0.15051728	
SARM1		-0.15053782	
TIMM22		-0.15064585	
FAM92A		-0.15152077	
RAP2B		-0.15157959	
RELT		-0.15187141	
CENPM		-0.15190198	
ENOX2		-0.15246801	
ARPC5		-0.15272662	
PPP1R37		-0.15291089	
NTPCR		-0.15305825	
KLF7		-0.15330914	
PHF8		-0.1535049	
NR3C1		-0.1535528	
ZFP868		-0.15356041	
ABCD4		-0.15356924	
D5ERTD579E		-0.15363865	
TOMM6		-0.15384011	
NEK9		-0.15385476	
TM7SF3		-0.15389812	
ZBTB40		-0.15395579	
OLFML3		-0.15469857	
ANAPC4		-0.15486708	
MIR684-1		-0.1554835	
RASAL1		-0.15558444	
FOSB		-0.15596734	
ARL8A		-0.15604955	
9330020H09RIK		-0.15680064	
CXX1B		-0.15712659	
CAT		-0.15716596	
GM3435		-0.15723738	
PDLIM7		-0.15741324	
P4HA3		-0.15795223	
ZC3H10		-0.15800959	
RCAN3		-0.15803465	
CCDC82		-0.15845582	
CERS2		-0.15887491	
HYLS1		-0.15903632	
DHCR7		-0.15912312	
CCL4		-0.15914732	
BPTF		-0.1591608	
CDC25C		-0.15926279	
GMCL1		-0.15972127	
ZFAND1		-0.15978934	
ZSCAN21		-0.15987255	
ARMCX3		-0.15994467	
ZFP955A		-0.16015135	
ZFP664		-0.16039537	
ASPM		-0.1606539	
ELAC1		-0.16080232	
RBM44		-0.16102101	
SETMAR		-0.16130228	
CCNB2		-0.16132595	
ZBTB18		-0.1613942	
DYNC1LI2		-0.16180068	
KRAS		-0.16182612	
LTN1		-0.16189623	
GPR155		-0.1624519	
CD52		-0.1624914	
BFAR		-0.16345656	
BRD2		-0.16347408	
CDON		-0.16348836	
ERF		-0.16386282	
SMIM4		-0.16388945	
DNAJC16		-0.16401257	
0610030E20RIK		-0.1645377	
ITPKC		-0.16491427	
ATG4A		-0.16526732	
ARHGEF39		-0.16537608	
UIMC1		-0.16580887	
UFSP2		-0.16622898	
PLXDC2		-0.16650987	
ITGA5		-0.16657582	
GALNT1		-0.16658968	
TMIE		-0.16709284	
CD99L2		-0.16725719	
CAMTA1		-0.16776386	
FOCAD		-0.1679914	
SNORA28		-0.16817926	
TEX261		-0.16819564	
SLC9A3R1		-0.16837661	
TRIP12		-0.16862495	
HIST1H4B		-0.16896686	
AW554918		-0.16922596	
LRSAM1		-0.1693735	
NT5C		-0.16960542	
TLE1		-0.16965772	
NT5C2		-0.170129	
DDX28		-0.17027271	
RNF14		-0.17081806	
EPM2AIP1		-0.1709772	
RBM5		-0.17100924	
RMI2		-0.1712041	
IAH1		-0.17122029	
TMEM220		-0.17164832	
B4GALT3		-0.17168339	
SPG7		-0.17184837	
CDKL3		-0.1719734	
YEATS4		-0.17202058	
E2F5		-0.17227705	
DOPEY2		-0.17273547	
SDHAF2		-0.17335597	
CMTM3		-0.17336634	
RNF139		-0.17338884	
LCP1		-0.17419493	
HACD3		-0.17429657	
HDAC5		-0.174413	
IDE		-0.17447972	
PDDC1		-0.17460479	
4632427E13RIK		-0.1750879	
ARPC4		-0.17645961	
C1GALT1C1		-0.17653412	
ZBTB1		-0.17756924	
CDCA5		-0.17789428	
ZFP942		-0.17790146	
UBR2		-0.17820033	
PAPOLA		-0.17832752	
ACTR3		-0.17881522	
PACSIN2		-0.17885798	
MAP2K6		-0.17888789	
ENTPD7		-0.17940825	
ZFP157		-0.1797929	
SMAD5		-0.1798422	
SYS1		-0.18123315	
CASKIN2		-0.18163013	
TAGAP1		-0.18182744	
PEX6		-0.18187365	
QRSL1		-0.18199927	
SIPA1L3		-0.1821078	
SNX25		-0.18224676	
TCF19		-0.1823581	
NEK2		-0.18249246	
HMGB2		-0.18261617	
NUDT18		-0.18267848	
RAB24		-0.18301557	
KIF1BP		-0.18316951	
GM16907		-0.18323644	
MACF1		-0.18323733	
B3GNT2		-0.18338005	
ADNP2		-0.1834216	
GPLD1		-0.18344848	
ZCCHC11		-0.18384904	
RAPGEF4		-0.18399744	
BC023829		-0.18440622	
PCGF1		-0.18441503	
GM20939		-0.1844617	
CSRNP2		-0.1844756	
ZBTB2		-0.18460986	
NSMCE4A		-0.18465	
FBXL20		-0.1846502	
SSBP2		-0.18515618	
DYNC1H1		-0.1852476	
FBXO4		-0.18547568	
NAT2		-0.18553656	
HIST1H2BM		-0.18566625	
DENND5A		-0.18577988	
MAFF		-0.18591787	
BRPF1		-0.1859266	
WDR8		-0.18593915	
MAPK3		-0.18602046	
NIPBL		-0.18672648	
SETD7		-0.18692048	
CHMP5		-0.18707943	
OXA1L		-0.18749033	
UBN1		-0.187636	
PBX2		-0.18822014	
ZFP41		-0.18825616	
HECA		-0.18828437	
PAQR8		-0.18832019	
PRKCSH		-0.1883599	
MSL3L2		-0.18850547	
FLYWCH2		-0.18900827	
ESCO2		-0.18981647	
SMIM20		-0.18983667	
CDAN1		-0.18989187	
YIPF2		-0.19023147	
GPR174		-0.19024068	
NAB1		-0.19040346	
WDSUB1		-0.19088697	
CYP4F17		-0.1909546	
FAM117A		-0.19100508	
RNF130		-0.19120781	
SSX2IP		-0.19199833	
SNAPIN		-0.19215639	
XYLB		-0.19254966	
HMGCS1		-0.19298723	
PGM1		-0.19310786	
TTF1		-0.19313623	
SOAT1		-0.1936232	
2700049A03RIK		-0.19432539	
H2-AA		-0.19460882	
SNAP29		-0.19474375	
UNK		-0.19476295	
GALE		-0.19490004	
DUS2		-0.19492176	
RAC1		-0.19509466	
GLT8D1		-0.19510692	
INIP		-0.19516487	
RHOG		-0.19518994	
HELB		-0.19560608	
AMIGO3		-0.1963074	
ADAM9		-0.196354	
RALA		-0.19635536	
PFDN5		-0.19639868	
ACAD11		-0.19653912	
FBXL19		-0.19669801	
1110019D14RIK		-0.19675316	
FRMD7		-0.19729121	
CHIC2		-0.19729853	
GM12250		-0.19749333	
FBXL22		-0.19771414	
SFSWAP		-0.19792338	
SESN2		-0.19801469	
KSR1		-0.19820443	
SAFB2		-0.19823734	
D030056L22RIK		-0.19834585	
APLP2		-0.19850056	
RALGPS1		-0.19902815	
FAM102B		-0.19913855	
NRP2		-0.19917633	
TTC4		-0.19919798	
YTHDF3		-0.19968572	
ZFP473		-0.19990611	
CYFIP1		-0.19995877	
BC024978		-0.19999239	
AKR1B10		-0.20047484	
SPATA1		-0.20048569	
PPME1		-0.20134749	
FRY		-0.20172937	
PLOD2		-0.20200782	
PSIP1		-0.20255692	
SNAPC5		-0.20297238	
WDR62		-0.20333067	
NCAPH		-0.20336704	
CLEC2D		-0.20370209	
ACTR1A		-0.20381191	
CKAP5		-0.20392415	
MIR703		-0.20400646	
ATF2		-0.20412754	
COX18		-0.20428471	
SCAMP1		-0.20444871	
WDR90		-0.2045209	
CDK5RAP1		-0.20533797	
TSPAN17		-0.20567428	
NLK		-0.20595686	
TMEM175		-0.20603618	
CCDC32		-0.20608637	
EXT1		-0.20630258	
SMYD4		-0.20670298	
DCAF5		-0.20706302	
PDCL		-0.20711671	
ZFP68		-0.20765966	
ZBTB22		-0.20767052	
OXCT1		-0.20812957	
CDKN3		-0.20826173	
RPP21		-0.20838131	
FAM53A		-0.20861642	
MTMR11		-0.208997	
CMC2		-0.20941235	
SNORA31		-0.20941468	
SEC24B		-0.20956299	
STIM2		-0.20990357	
ZFP191		-0.20994799	
CRIPT		-0.2099871	
RAB3IP		-0.21051499	
RSBN1L		-0.21051675	
CYP51		-0.21082179	
ZFP846		-0.21082626	
1700066B19RIK		-0.21097265	
FAM149B		-0.21107844	
DLGAP5		-0.21108505	
CHST12		-0.21124984	
AP4B1		-0.211276	
SLC2A3		-0.21141164	
RBM43		-0.21141477	
CHRNA2		-0.21205896	
ARF5		-0.21228088	
MFHAS1		-0.21243785	
DCLK2		-0.21276827	
ZFP74		-0.21278895	
DCAF12		-0.2128893	
SLC35A3		-0.21294937	
AP4S1		-0.21305425	
NCK1		-0.21319306	
RUSC1		-0.2145399	
B3GNTL1		-0.21468793	
RFTN1		-0.21517925	
RNF40		-0.21698968	
EXOC4		-0.21701421	
PGS1		-0.21708007	
A730017L22RIK		-0.21768822	
UBA1		-0.2179445	
MCM9		-0.21812122	
MED24		-0.21819434	
BC037034		-0.21835573	
R3HCC1		-0.21938108	
ETOHD2		-0.2196073	
RAD52		-0.22002074	
GALNT12		-0.22010283	
RBMS2		-0.22018018	
TUBD1		-0.22030896	
DNAJC8		-0.22075625	
H2AFJ		-0.22114688	
ZFP444		-0.22136398	
DCTN6		-0.22141135	
CHTOP		-0.2216009	
ZFP3		-0.22193125	
VAV3		-0.22273585	
SEC61B		-0.22277112	
THNSL2		-0.22289477	
C2CD3		-0.22325781	
RNF157		-0.22363022	
ZFP64		-0.22386508	
ARHGAP17		-0.22419688	
1700123O20RIK		-0.2242148	
ZFP605		-0.22421686	
PPP1R3F		-0.22447066	
SEC24C		-0.22475395	
SAP130		-0.22479433	
CCDC91		-0.22481254	
DUSP11		-0.2248239	
ACADM		-0.22497842	
ATG16L1		-0.22506076	
RAB31		-0.22520974	
RNF34		-0.22546305	
TRIM30D		-0.22562319	
KIF3B		-0.2257133	
GM29766		-0.2257727	
ADIPOR1		-0.22582124	
SRR		-0.22652072	
CAAP1		-0.22672525	
GLB1		-0.22682934	
FAM131A		-0.22709079	
ZFAND3		-0.22728439	
NFKBIA		-0.22769584	
ZFP712		-0.22807588	
GNA11		-0.22855927	
MTHFSL		-0.22888198	
UBE2R2		-0.22888815	
LY6G5B		-0.229241	
SLC39A8		-0.22936404	
R74862		-0.22956802	
SPRED2		-0.22962706	
TJAP1		-0.229682	
PPP6R3		-0.23015636	
SETD8		-0.23023778	
DNAJC5		-0.23079166	
PPP1R12A		-0.231039	
NT5E		-0.2311512	
VGLL4		-0.23125738	
MKI67		-0.23145424	
ASB8		-0.23163483	
SRF		-0.23168515	
ZFP93		-0.23195948	
TXNDC17		-0.2321799	
FAM122A		-0.23224247	
NR2C2AP		-0.2324481	
BAD		-0.2329639	
ZFP11		-0.23313259	
MEIS3		-0.23317328	
MTUS2		-0.23351058	
PSTK		-0.23359448	
PTMS		-0.23458862	
PTPRF		-0.23466301	
TTYH2		-0.2351483	
GIGYF1		-0.23533027	
NARFL		-0.23555839	
TPRGL		-0.23563223	
9430091E24RIK		-0.23568209	
FUT11		-0.23574612	
CATSPER2		-0.23604354	
VSIG10L		-0.23630984	
SNAP23		-0.23636	
1700010I14RIK		-0.23643848	
RNF149		-0.23658715	
HOMEZ		-0.23667113	
KIZ		-0.23705104	
UBE2E3		-0.23737702	
KLHL18		-0.23774193	
VPS37A		-0.23818396	
ITM2C		-0.23881698	
HIST1H2AE		-0.23882477	
FIS1		-0.23979966	
ATRAID		-0.2405912	
ACSS2		-0.24114828	
CEP170B		-0.24130887	
DBF4		-0.24154785	
SWSAP1		-0.24157684	
CRELD1		-0.24192725	
0610009O20RIK		-0.2420463	
TEX15		-0.24213001	
PRCP		-0.24228348	
CUEDC1		-0.24320261	
RAB18		-0.24339038	
DIP2A		-0.2436576	
CD48		-0.24395493	
TM9SF3		-0.24445459	
ITPR2		-0.24455601	
HELZ		-0.24460383	
PNPLA8		-0.24582843	
MTHFS		-0.24627087	
MBTPS2		-0.24640213	
SCMH1		-0.24661271	
SLC25A26		-0.24671505	
CDCA7L		-0.246984	
KCNIP2		-0.24700841	
MTMR10		-0.24710615	
FBXO7		-0.2472117	
VTI1A		-0.2476426	
RITA1		-0.24769306	
ARPC1A		-0.24822359	
STRADA		-0.24822807	
1110059G10RIK		-0.24826376	
UFD1L		-0.24856357	
RAB3GAP1		-0.24865794	
RDH11		-0.24891613	
KANK3		-0.248986	
MAGED1		-0.24947633	
VEGFB		-0.249479	
SPC25		-0.24989597	
ARRDC3		-0.250132	
ZFP775		-0.2501956	
VAT1		-0.2505623	
PGAP3		-0.25070724	
APTX		-0.2507404	
LRP12		-0.25097212	
PHF2		-0.2510367	
CLASRP		-0.25142694	
PANK2		-0.2515762	
NAA38		-0.25193238	
GEMIN8		-0.25199357	
BIRC5		-0.25199953	
EIF5A2		-0.25208318	
KATNAL1		-0.25227484	
ZBED3		-0.25245872	
2310009A05RIK		-0.25316736	
MEF2A		-0.25336108	
SLC15A2		-0.25367984	
HEG1		-0.253831	
TBC1D15		-0.2544243	
FAM216A		-0.255093	
ADAM22		-0.2551229	
MTPN		-0.255632	
CSK		-0.25576517	
DCAF17		-0.2559964	
PRC1		-0.25613874	
STAT5A		-0.256603	
MTA2		-0.25671443	
BLMH		-0.25679544	
MNT		-0.25699285	
GNPDA1		-0.25702775	
SLC38A9		-0.25712854	
FOXD2OS		-0.25716045	
GTPBP3		-0.25801423	
BCL2L12		-0.25802118	
VPS33A		-0.25804272	
SPAG5		-0.2582606	
TROAP		-0.25830925	
HAP1		-0.2583633	
5830416I19RIK		-0.25860596	
HSD17B11		-0.25874114	
HEXIM2		-0.2587782	
LDHD		-0.25988686	
DDR1		-0.25995412	
RMDN2		-0.25995633	
BORA		-0.25999194	
ZFP35		-0.2608904	
SMOC1		-0.2608917	
ARFGEF3		-0.2609834	
GALNT10		-0.26111794	
WRN		-0.26161793	
CHD8		-0.26197383	
COMMD6		-0.26199844	
STXBP3		-0.2620301	
5730408K05RIK		-0.2621672	
DHX16		-0.26260224	
LDHB		-0.26282784	
DFFA		-0.26321653	
BC005561		-0.26359108	
KLHL26		-0.2638724	
NDST1		-0.26392776	
ANGEL1		-0.26465622	
HEATR5A		-0.2647488	
FANCG		-0.26479492	
LRRC1		-0.26479924	
ATP6V0E		-0.26559398	
CLK1		-0.26570582	
2500004C02RIK		-0.26618922	
SFXN2		-0.2662157	
PHLPP2		-0.26638547	
MBD5		-0.2667688	
ARHGAP21		-0.26682284	
CSRP2		-0.26698086	
CCHCR1		-0.2671492	
TMEM161B		-0.267464	
TST		-0.26756114	
CLCN7		-0.26820135	
2610015P09RIK		-0.26823452	
BRCA1		-0.26846913	
RCHY1		-0.26899743	
SGK3		-0.26915565	
YTHDC2		-0.26917756	
RNF111		-0.26937658	
SFMBT1		-0.2695624	
HIST1H2BB		-0.26961276	
NDUFB11		-0.26971874	
GMPPA		-0.26978824	
CNOT10		-0.2698137	
WDTC1		-0.2701989	
1700028E10RIK		-0.2707055	
CDS2		-0.27095366	
CTSC		-0.27107152	
METTL15		-0.27173996	
KIF11		-0.27269158	
TPR		-0.2727879	
SLC26A2		-0.2730927	
MFAP1B		-0.2732607	
SUPT16		-0.2736964	
ADAMTS3		-0.273771	
EI24		-0.2743754	
FAM132A		-0.27448347	
CD3E		-0.27544668	
TMEM57		-0.27547586	
4632404H12RIK		-0.27551222	
TWSG1		-0.27603343	
ANK		-0.2763609	
RHBDF2		-0.27651793	
EXTL2		-0.27724278	
GOLGA1		-0.27779433	
ZMAT3		-0.27801746	
WIPF2		-0.2782935	
TLDC1		-0.278736	
WDR41		-0.2788398	
EIF2AK3		-0.27901334	
SMARCD1		-0.2792811	
CHD3OS		-0.2794055	
PPP1R35		-0.27944666	
AFMID		-0.27950537	
SNX9		-0.27969185	
CRAT		-0.27976662	
MIER3		-0.27994442	
MED13		-0.2803062	
LNX2		-0.28057912	
PFKFB1		-0.28069893	
PAN3		-0.28078857	
ZFP748		-0.28126952	
GALK2		-0.28144705	
DPM1		-0.28222752	
TGIF1		-0.2823311	
IL2RG		-0.2824489	
ATL2		-0.28256154	
SNX10		-0.28285182	
DOLPP1		-0.28297335	
A830010M20RIK		-0.2831811	
FAM126A		-0.283907	
ZFP26		-0.28411213	
ZFP341		-0.28414145	
ZFP935		-0.28453165	
DPP4		-0.2846489	
PRKAA1		-0.28489608	
KIF5B		-0.28498435	
MLX		-0.2858213	
MFSD7B		-0.28590485	
MTTP		-0.28590536	
BRMS1		-0.28592476	
FHDC1		-0.2865247	
SLC26A6		-0.2866294	
MESDC1		-0.28730345	
HSPA1A		-0.28759295	
PAFAH2		-0.28868303	
DENND4A		-0.28922716	
USP53		-0.28925154	
ALG12		-0.28949815	
VRK2		-0.289661	
DERA		-0.28969586	
SPTB		-0.28998768	
POT1B		-0.29025924	
OVCA2		-0.2905735	
USP19		-0.2908791	
SRBD1		-0.2909681	
TMEM106C		-0.29108799	
TOP2A		-0.2912863	
KIN		-0.29132536	
CDCA3		-0.29135868	
MYSM1		-0.29135942	
VPS51		-0.29139972	
LRRC39		-0.2916424	
GM20324		-0.29194787	
NRBF2		-0.2924487	
MTFR1L		-0.29259014	
CBFB		-0.2930674	
BUB3		-0.29315078	
ABCB10		-0.2936702	
SPTY2D1		-0.29400688	
CD55		-0.29417127	
DNAJB9		-0.29514176	
RC3H2		-0.29543424	
XK		-0.29580215	
TMCC1		-0.29601893	
DNTT		-0.29633272	
AP5S1		-0.29650885	
ANKFY1		-0.29655224	
GBF1		-0.2968792	
NIM1K		-0.2969633	
RING1		-0.29715285	
AKAP10		-0.2974429	
ASB7		-0.29762357	
CFL1		-0.29819474	
GM4890		-0.29836747	
RBM42		-0.2989351	
CCDC51		-0.2992703	
RASGRF2		-0.29953972	
OXLD1		-0.29971582	
MBP		-0.29976174	
WDR13		-0.29992768	
CFAP36		-0.30029005	
ECT2		-0.3005551	
ZBTB6		-0.3010361	
CIB1		-0.3014309	
CARKD		-0.30147228	
BC005537		-0.30236742	
PARPBP		-0.30244094	
RSPH3B		-0.30259958	
GLA		-0.30265716	
ZFP263		-0.30277014	
TCF20		-0.30283144	
PAFAH1B3		-0.30341017	
NAA16		-0.30354443	
ARFGAP3		-0.3037872	
5430431A17RIK		-0.3038211	
ZMYND11		-0.30392808	
INPP5D		-0.30452776	
STMN1		-0.3045296	
CEP350		-0.30517796	
POC5		-0.30530423	
TEAD2		-0.30569157	
DHX40		-0.30577266	
FKBP8		-0.30670655	
PTOV1		-0.30684394	
TFAM		-0.30687523	
EPB4.1L2		-0.30726674	
SPICE1		-0.3078043	
CAPZB		-0.30793816	
APBB1IP		-0.30842233	
TCF12		-0.30868343	
ZFP239		-0.30884102	
TMEM55A		-0.30887893	
BCDIN3D		-0.30891657	
2310010J17RIK		-0.3089777	
SAPCD2		-0.3091067	
BTD		-0.30920997	
UBE2Q2		-0.30971274	
APH1B		-0.30990064	
PROSER3		-0.3100247	
PLK3		-0.3107214	
SPG11		-0.31093687	
CCDC167		-0.31103167	
ARID4A		-0.31107152	
MIA3		-0.31196344	
DNAJC18		-0.31262964	
FAM107B		-0.3128581	
SLC30A1		-0.3129783	
DDX11		-0.31299624	
BTBD10		-0.31323808	
YKT6		-0.31363097	
APOBEC3		-0.3136763	
ADAM17		-0.31434485	
STAG1		-0.31467956	
TMEM120A		-0.31470495	
UMAD1		-0.3151661	
ANKRD29		-0.3151934	
USP32		-0.31520233	
ARHGAP19		-0.3154723	
ZFP865		-0.31570655	
XPR1		-0.31594786	
ZFP438		-0.31612143	
H2-AB1		-0.3166571	
YIPF5		-0.3168949	
B430212C06RIK		-0.31711856	
RSPRY1		-0.31729704	
BAG4		-0.3176913	
6330549D23RIK		-0.31804013	
ZAN		-0.31850296	
ASF1B		-0.3185229	
COMMD3		-0.31925583	
PIBF1		-0.31931034	
ZMYM4		-0.31931385	
SFT2D1		-0.31958157	
KLHDC2		-0.31958333	
DENND4C		-0.32036075	
SNORA70		-0.32050198	
N6AMT1		-0.32068035	
PCDHGC3		-0.32074687	
CYB5R3		-0.3211421	
8430429K09RIK		-0.32129517	
CEP70		-0.3219803	
GALNT6		-0.32274547	
CSNK1D		-0.32298875	
AS3MT		-0.32309422	
CD101		-0.32376856	
A430046D13RIK		-0.3249851	
RFK		-0.32509756	
H2-Q4		-0.32513806	
ZFP938		-0.32558507	
TMED4		-0.3260834	
CEP55		-0.32637691	
FLCN		-0.32693076	
SLC25A36		-0.32704788	
S1PR2		-0.32766408	
GOLGA3		-0.32789546	
CIT		-0.32836455	
TUBE1		-0.32840917	
9530082P21RIK		-0.328571	
ESCO1		-0.3288241	
CNPY2		-0.3288493	
XPNPEP1		-0.32921112	
RNPEPL1		-0.32928565	
ACBD3		-0.32930183	
HIVEP1		-0.32985005	
GORAB		-0.33007812	
2210013O21RIK		-0.3302325	
TMEM39B		-0.33050108	
ALG5		-0.33061162	
ELF2		-0.33079997	
PEX2		-0.3308395	
TRAPPC12		-0.33088267	
RPS6KB2		-0.33127064	
QARS		-0.33130866	
MKNK1		-0.33143768	
STARD10		-0.3319511	
FRMD4A		-0.33234242	
GOSR1		-0.3326341	
UBE4B		-0.33318964	
SDF4		-0.3336638	
4930427A07RIK		-0.3340335	
PSPC1		-0.3346529	
PRDX5		-0.335207	
CLCN2		-0.33540663	
ABLIM2		-0.33546573	
CFLAR		-0.335594	
SLC39A13		-0.33569294	
GOLGA4		-0.33578187	
CRYBG3		-0.33579314	
AKT3		-0.3359623	
PTPRV		-0.33611423	
ALDH1B1		-0.33630145	
KIF2A		-0.3366521	
ATG2B		-0.3366699	
CENPE		-0.33704478	
CLCF1		-0.3371494	
ARNT		-0.33721676	
VPS11		-0.33731875	
SRPK1		-0.33733332	
DISP1		-0.3375475	
ZFP830		-0.33754987	
FBXO3		-0.33756027	
APBB3		-0.33767396	
TTLL5		-0.33779377	
TFDP2		-0.33834362	
IFI30		-0.33922115	
GTPBP1		-0.33933896	
ZRSR1		-0.33988127	
CST7		-0.3403677	
RHEB		-0.34049374	
ZBTB11OS1		-0.3405106	
DTNB		-0.34126234	
DALRD3		-0.341426	
DYNC1LI1		-0.34159914	
ZDHHC2		-0.34166056	
DYRK1A		-0.34171596	
KLF16		-0.34193814	
COG4		-0.34232244	
ZFP335		-0.34259528	
ATP5SL		-0.3432002	
ARHGEF2		-0.34325966	
BC003331		-0.3436973	
SIRT5		-0.34423965	
SIRT3		-0.3442807	
GHDC		-0.34468693	
RBM38		-0.34510255	
E130317F20RIK		-0.3455786	
AI504432		-0.34588316	
PLSCR3		-0.3460917	
ZFP652		-0.34641665	
PMM2		-0.34677625	
HAUS4		-0.3469073	
NEK3		-0.34709775	
USE1		-0.34733486	
SP3OS		-0.34734514	
ZBTB11		-0.34737247	
BC049715		-0.34787753	
DDHD2		-0.34820032	
STK3		-0.3482316	
TMEM2		-0.34852397	
STX4A		-0.3490005	
PAQR4		-0.34901053	
D330041H03RIK		-0.3494715	
URM1		-0.3495036	
MOCS1		-0.3495136	
HIST1H3G		-0.35013977	
ARV1		-0.35051495	
ZFP82		-0.352692	
DCDC2B		-0.35272986	
WDR20		-0.35278487	
TCEA2		-0.35344815	
COX14		-0.3534748	
TYROBP		-0.35354206	
9230114K14RIK		-0.35385948	
2810408A11RIK		-0.3540476	
SLA2		-0.35458395	
CST3		-0.3551428	
MSANTD4		-0.35519123	
CEP57		-0.35548103	
TATDN1		-0.3558384	
FOXM1		-0.3559398	
MIB2		-0.35614398	
CUTC		-0.3562064	
CRADD		-0.3571665	
MAP2K5		-0.3581045	
USP33		-0.3581209	
NUBP1		-0.35889998	
CENPL		-0.3591451	
PROS1		-0.3596104	
PPCS		-0.35965586	
EFCAB11		-0.36013815	
POLDIP3		-0.36028704	
9030624J02RIK		-0.36065385	
C030006K11RIK		-0.3607972	
RAB40C		-0.36128584	
RHNO1		-0.3615093	
KDM3B		-0.36187205	
KLK8		-0.3623376	
ANAPC16		-0.36238346	
GPKOW		-0.36255103	
XKRX		-0.36258996	
UBE2D2A		-0.3626284	
GPD1L		-0.36326292	
MVD		-0.3634157	
RIBC1		-0.36401585	
A930015D03RIK		-0.36403546	
BTBD6		-0.36419532	
SH3PXD2A		-0.36427754	
ABHD2		-0.36506099	
KIFAP3		-0.3651497	
ZFP273		-0.3654207	
MGAT4B		-0.36558	
ARHGEF9		-0.36576182	
CDADC1		-0.36626348	
IDUA		-0.36629906	
GDI2		-0.3663361	
DOCK11		-0.3663925	
GLUD1		-0.36641285	
ERCC6		-0.3672076	
CHKB		-0.36730003	
AZI2		-0.36748642	
CWC15		-0.36785784	
UBR1		-0.36826715	
PLK2		-0.36847872	
NCOA3		-0.3689797	
ZFP507		-0.36901256	
ZFP7		-0.3690563	
SEC63		-0.36910743	
4930432K21RIK		-0.36931142	
FUOM		-0.36931866	
MZT1		-0.36958462	
VWA8		-0.37097645	
TRAPPC3		-0.37103662	
DOCK6		-0.3710635	
CCDC138		-0.3715692	
KREMEN1		-0.3723085	
HIPK2		-0.37272465	
ARFGAP1		-0.37329072	
ANKRD16		-0.37348554	
PGM2L1		-0.37357706	
9930111J21RIK2		-0.37393114	
ALS2		-0.37408704	
PODNL1		-0.3741596	
PRODH		-0.37463602	
CEP19		-0.37488422	
BCL2L2		-0.37502488	
SPINT2		-0.37529665	
ZFP445		-0.3754001	
TERF2IP		-0.37541363	
ZFP579		-0.37548745	
ABHD17A		-0.3757047	
KCNK5		-0.37573928	
SENP7		-0.37592715	
LMNB1		-0.37676683	
ABRACL		-0.37735155	
TTBK2		-0.3776166	
TMEM189		-0.37789044	
ZFP326		-0.37817177	
MLH3		-0.3785784	
SPACA1		-0.3786844	
ZNF512B		-0.37903565	
TMEM123		-0.37907404	
HINT3		-0.37913513	
SIK3		-0.37952498	
PPP1R16A		-0.37971267	
SMC1A		-0.38002777	
PTPN21		-0.38044846	
DBNDD2		-0.38112584	
OPA3		-0.38112727	
GTDC1		-0.38116327	
TBC1D22B		-0.38176215	
2310009B15RIK		-0.38200203	
SLC35A5		-0.38207924	
CSNK2A1		-0.38240924	
MIR3068		-0.38260385	
KIF22		-0.38282984	
HMGCL		-0.3829157	
D230025D16RIK		-0.38322294	
MDM2		-0.3838206	
ZFP867		-0.38411587	
IFFO2		-0.3841171	
PIK3C3		-0.38424277	
1200014J11RIK		-0.38439438	
UBE2O		-0.3843987	
DENND1A		-0.38556075	
WDR24		-0.38580143	
GMEB2		-0.3858501	
HMCES		-0.3860936	
PIH1D1		-0.38639987	
CCL25		-0.38654667	
DIAP1		-0.3870759	
SMG6		-0.38740024	
5830444B04RIK		-0.38740864	
FAM76B		-0.38773087	
TMEM119		-0.38780525	
KCTD1		-0.38795376	
UBE2F		-0.38823017	
SERF2		-0.38827625	
MOB4		-0.3885214	
ORAI3		-0.38867563	
MCL1		-0.38924465	
MOSPD2		-0.38979638	
STK11		-0.38993734	
CDC42		-0.39013413	
GM11110		-0.3906723	
DVL3		-0.39069828	
RNF169		-0.3907041	
FUCA2		-0.39073163	
CAP1		-0.39102954	
HIGD2A		-0.3911527	
RUNDC1		-0.39117965	
APC		-0.3912381	
GNA12		-0.39154565	
SFI1		-0.39179927	
ANKRD54		-0.39205483	
APP		-0.39211184	
DNAJC14		-0.39218742	
TXLNB		-0.39312965	
CCNT2		-0.39338642	
CLDN10		-0.39340702	
APOPT1		-0.39347377	
CNTROB		-0.39391512	
ZFYVE16		-0.39491063	
BC051226		-0.3952788	
DHX34		-0.39563188	
RAB3GAP2		-0.39567968	
PIP4K2B		-0.39587006	
UBAP1		-0.39653516	
PSMD8		-0.3966754	
CCDC84		-0.39686382	
PDE11A		-0.3979547	
CENPT		-0.39831957	
CYB5R4		-0.39843702	
LIN52		-0.39848927	
MDH1		-0.39892548	
LRRC29		-0.39916772	
CCRN4L		-0.39962986	
MORC3		-0.39978912	
SGCB		-0.40065727	
RSAD1		-0.4007495	
FAM103A1		-0.4009486	
NPC1		-0.40149286	
DDA1		-0.40168864	
MICU2		-0.40245524	
GOLIM4		-0.40307337	
DDX52		-0.40334874	
PPP2R3A		-0.40335274	
TMEM55B		-0.40337375	
MOSPD3		-0.40369955	
ATP6V1C1		-0.403869	
RNASEK		-0.40455914	
CLASP2		-0.4050341	
ZFP871		-0.4051183	
CHRNB1		-0.40518153	
ZBTB33		-0.40604177	
PDCD10		-0.4067189	
CNDP2		-0.40679854	
CPQ		-0.40696958	
RALGAPA1		-0.40716645	
4921524J17RIK		-0.40730157	
MASTL		-0.40741438	
NAPEPLD		-0.40744025	
GM10406		-0.40755862	
B230217O12RIK		-0.40756294	
GM10509		-0.4079078	
CLTA		-0.4079561	
FSD2		-0.4085151	
RAF1		-0.409413	
MAPKAP1		-0.40982318	
LDB1		-0.40993696	
PSEN1		-0.41038358	
BMI1		-0.4123162	
TSPAN6		-0.4125242	
ZUFSP		-0.41294068	
CCDC18		-0.4135502	
AP5M1		-0.41392234	
ACOT9		-0.4145699	
ZDHHC18		-0.4158098	
NAGLU		-0.41613293	
HADH		-0.4162243	
KBTBD7		-0.4163119	
RAB5B		-0.41674525	
MMAB		-0.41719508	
TFIP11		-0.41758198	
CC2D1A		-0.4181501	
SLC33A1		-0.41820052	
TXNDC12		-0.4186907	
TDRD7		-0.41886112	
SQLE		-0.41887137	
MAU2		-0.41932786	
BC064078		-0.41957343	
TMEM237		-0.41984427	
PIKFYVE		-0.42062962	
2310045N01RIK		-0.42080882	
A830080D01RIK		-0.42110613	
1810058I24RIK		-0.42143202	
MIR3101		-0.42147136	
PRKCE		-0.4216626	
B630005N14RIK		-0.4220059	
ELL		-0.42241785	
MED12		-0.4226684	
NFXL1		-0.42314458	
GPATCH2		-0.42318392	
ANKRD55		-0.42321444	
ATG7		-0.42339176	
G2E3		-0.42439348	
DDX42		-0.42491177	
AFTPH		-0.42516842	
EMC10		-0.42537758	
GM3414		-0.42632192	
ZFC3H1		-0.42651877	
REST		-0.42683712	
GSTK1		-0.4270859	
FIG4		-0.4272187	
ANGEL2		-0.4280285	
RNF44		-0.42930415	
ATP6V1G2		-0.42945313	
REXO1		-0.4295178	
NAT6		-0.42954934	
AP1S2		-0.42959532	
GPR19		-0.42992973	
ARID4B		-0.4307388	
TTLL1		-0.4314385	
CCNL1		-0.43223134	
KCTD10		-0.4324607	
SLC25A44		-0.4325845	
GM5595		-0.43353158	
AXL		-0.43378696	
OTUD5		-0.4338349	
MRPL33		-0.43394485	
NSUN3		-0.43430945	
MIR6236		-0.43502086	
SLC17A5		-0.43540934	
KIF18B		-0.43577525	
KLHL17		-0.43592718	
DOCK9		-0.43596047	
TNFAIP8		-0.4362715	
TBC1D20		-0.43697533	
ZSWIM1		-0.43713605	
AP2S1		-0.43783948	
FAM124B		-0.43800947	
SUGP2		-0.4381476	
PHF13		-0.43854612	
4833420G17RIK		-0.43900675	
PDP2		-0.4396678	
RTF1		-0.44005033	
CDKN2AIPNL		-0.44013193	
HIST1H3A		-0.44037947	
TAB1		-0.44070637	
RAI1		-0.44079477	
DEAF1		-0.4413587	
HABP4		-0.44161475	
PCSK7		-0.44209936	
KDM4B		-0.44217464	
B230217C12RIK		-0.44227767	
FBXW7		-0.44228074	
ZFP809		-0.44253597	
SOS1		-0.4426111	
LASP1		-0.44280034	
MYLPF		-0.4439052	
FLII		-0.44413778	
1110032A03RIK		-0.44419917	
FBXO8		-0.44421127	
SRI		-0.44463554	
FBXW5		-0.44479024	
GIMAP9		-0.44508225	
1600020E01RIK		-0.44537035	
SGPP1		-0.4454014	
PARD6A		-0.4454188	
UBE2J2		-0.44614923	
LAMTOR4		-0.44631016	
ZFP626		-0.44662026	
NIPSNAP1		-0.44679922	
KLHL22		-0.44768384	
PIK3R3		-0.447725	
GPBP1		-0.44785216	
CRYZL1		-0.44791186	
KEAP1		-0.44836852	
BIRC6		-0.44908303	
BAMBI		-0.44925866	
PPP2R3D		-0.44945455	
JUND		-0.44979963	
GOLGA2		-0.45062906	
PPP1R16B		-0.45066512	
MIS18BP1		-0.45066863	
ARHGAP11A		-0.45088673	
ZBTB41		-0.4510961	
FAM134A		-0.45254847	
TMBIM4		-0.45270723	
SPECC1L		-0.45318288	
CTDSPL		-0.45395276	
ZCCHC7		-0.4546518	
PIGO		-0.45579186	
DCTN4		-0.45688507	
NPHP4		-0.45694438	
AIG1		-0.45696273	
SSH3		-0.45712638	
5330426P16RIK		-0.45718238	
CRACR2A		-0.45768738	
PAOX		-0.45785552	
PTBP2		-0.4582841	
ACADSB		-0.4584137	
NCAPD3		-0.45845342	
NDUFA1		-0.45856977	
ZFP628		-0.45871657	
MFSD8		-0.4589377	
GSK3B		-0.4599928	
GPX4		-0.46003297	
NBEAL1		-0.4602098	
TMEM181B-PS		-0.46055135	
MRGBP		-0.46063456	
UBASH3B		-0.4606375	
RPS6KA1		-0.46113408	
4930402H24RIK		-0.4613461	
FLNB		-0.46177518	
USP28		-0.46184933	
C130046K22RIK		-0.4619642	
ST6GALNAC2		-0.46223113	
INTS6		-0.46267474	
NRM		-0.46279556	
SH2B3		-0.46288404	
RANBP6		-0.46344453	
CCDC125		-0.46439585	
FAM120B		-0.46449244	
PBRM1		-0.4647773	
GTF2A1		-0.46589938	
SPNS1		-0.46622708	
TRIP4		-0.46628347	
RHOT2		-0.46634537	
HADHA		-0.46639055	
GPC1		-0.46671286	
SCAF8		-0.4669019	
FAM193B		-0.46772397	
PI4KA		-0.46828347	
ZC3H12A		-0.4687709	
MVK		-0.46933493	
FCHSD2		-0.46935695	
MED15		-0.46996185	
CBX7		-0.47250614	
FTH1		-0.47261342	
RNF216		-0.47335073	
MTIF3		-0.47387993	
PLEKHN1		-0.47443345	
ACTR5		-0.47466072	
MTERF1B		-0.4750311	
RALGAPB		-0.4755004	
SIAE		-0.47618803	
CTSB		-0.4762096	
2310011J03RIK		-0.47710276	
1700007L15RIK		-0.47752312	
SNX13		-0.47758973	
FOXN2		-0.47802243	
TRIOBP		-0.47824883	
ENKD1		-0.4783421	
FUS		-0.47859368	
ODF2		-0.4800773	
IQCE		-0.48060548	
FAM63B		-0.48074752	
UBE2D1		-0.48130253	
ATP6AP1		-0.48149747	
MANEA		-0.4816638	
SPHK2		-0.48169708	
MAX		-0.482737	
CRIP2		-0.4828937	
CYB561		-0.4831191	
PEAK1		-0.48409736	
STAG2		-0.48511013	
GIMAP7		-0.48512462	
MLYCD		-0.4852059	
ESPN		-0.48559004	
SC5D		-0.4857695	
DST		-0.48591518	
RAB4A		-0.48596516	
E130308A19RIK		-0.48625085	
MYPOP		-0.4872608	
HIST1H4D		-0.48824286	
HS1BP3		-0.48850062	
PPAP2C		-0.48889303	
TM9SF1		-0.48924783	
HPS6		-0.48964718	
RASSF3		-0.48984787	
NYAP1		-0.48993465	
NFATC2IP		-0.49033707	
AFF3		-0.4911281	
ATXN3		-0.49189067	
ICT1		-0.4928851	
FAM168A		-0.4929801	
COG3		-0.4930374	
4632415L05RIK		-0.4935589	
TNFAIP3		-0.4935843	
ITPRIPL2		-0.49400344	
ZFP784		-0.49408692	
ZFP688		-0.4945198	
USF2		-0.4945518	
UBA1Y		-0.49460155	
KIF1C		-0.49480838	
MTMR2		-0.4960925	
CLOCK		-0.496488	
SECISBP2		-0.49649584	
SMARCD2		-0.49704987	
FBXO46		-0.49753538	
RNF145		-0.49770835	
TMEM209		-0.49780828	
DNAJB6		-0.49864393	
NUSAP1		-0.49904782	
AW549877		-0.50018084	
CTSS		-0.50060445	
RAB11FIP4		-0.5007412	
SH2D2A		-0.50076604	
ZBTB32		-0.5014423	
CMIP		-0.50147593	
INCENP		-0.5032314	
BCL9		-0.503365	
PCNT		-0.5035867	
AVL9		-0.5038286	
CORO1B		-0.50415283	
4930413G21RIK		-0.5053463	
ZBTB25		-0.5054281	
2510009E07RIK		-0.50626844	
NCOR2		-0.5066149	
FOXO3		-0.5068803	
MCMBP		-0.5070202	
ZFP956		-0.5074449	
RNF25		-0.5078117	
SEC16A		-0.5078849	
2810454H06RIK		-0.5085561	
IL1RAP		-0.50883085	
AU041133		-0.50954545	
MFNG		-0.5097308	
ARAF		-0.5098931	
CROCC		-0.50999945	
CTLA4		-0.51042056	
TMCC3		-0.5106745	
OTUB2		-0.51106197	
FBXW4		-0.5113632	
IKZF5		-0.51142824	
UBXN2B		-0.51169664	
A630001G21RIK		-0.5118516	
FBXL4		-0.5120778	
TULP4		-0.5121421	
GAS2L1		-0.5123139	
HIST1H1B		-0.51295376	
GNPDA2		-0.5136021	
TMEM259		-0.51376885	
DAPK3		-0.51378864	
2610044O15RIK8		-0.51392007	
MPZL3		-0.51392514	
TMEM265		-0.5144871	
P4HA1		-0.5144961	
A930013F10RIK		-0.51503927	
LDOC1L		-0.51511943	
ANKMY2		-0.51548934	
CELSR1		-0.51596427	
LIN54		-0.5164049	
2900060B14RIK		-0.51646245	
FAAP20		-0.5169319	
MMP10		-0.5174584	
ATG101		-0.5174776	
WDR7		-0.5177694	
PLS3		-0.5178537	
DNAJC10		-0.5184032	
ZDHHC15		-0.51980674	
2610306M01RIK		-0.5199996	
GM16861		-0.5206476	
SNORA81		-0.52165145	
ZFP260		-0.5218664	
CDC40		-0.5218948	
POMK		-0.5224733	
FLYWCH1		-0.5226042	
HINT2		-0.5234791	
H3F3B		-0.5239445	
UBL7		-0.52397114	
COMMD10		-0.52458537	
NLRC5		-0.52496505	
NUDT22		-0.5255138	
SNX20		-0.52555966	
PLCXD1		-0.52559507	
3110045C21RIK		-0.5259011	
KLHDC8B		-0.52665555	
ZFP160		-0.52670616	
KLF6		-0.5275003	
NCAPD2		-0.52758044	
SCAMP2		-0.52779824	
SP3		-0.5278069	
GXYLT1		-0.5278244	
FAM126B		-0.52809286	
WDR91		-0.5288899	
FAM222A		-0.5293798	
ST3GAL5		-0.5296159	
HDAC10		-0.52965647	
PLXND1		-0.52972376	
NUDT7		-0.5297384	
HIST1H3D		-0.52979136	
RPS6KA3		-0.53030926	
CEP89		-0.5310304	
SLC25A11		-0.5313229	
KLHL36		-0.5314459	
FHL2		-0.5316362	
DNAJB14		-0.5320263	
GM4013		-0.53291774	
TMEM256		-0.5348243	
ZFP202		-0.5353965	
USP4		-0.5354727	
NT5C3B		-0.5364536	
ASB6		-0.5367044	
DSTYK		-0.53716767	
PHLDB3		-0.53907865	
RIPK1		-0.53948176	
KRT10		-0.54043984	
NEK8		-0.54201484	
NCEH1		-0.54250926	
B9D2		-0.54258245	
FAM210B		-0.5437764	
ARHGEF6		-0.5438196	
FAM109A		-0.54435015	
ATG2A		-0.54489815	
SLC52A3		-0.5450275	
ZFP467		-0.54529923	
WSB1		-0.5459169	
CEP152		-0.5462268	
D6WSU163E		-0.5474636	
PLATR17		-0.54752284	
TRDMT1		-0.54758495	
MS4A4C		-0.5476492	
G3BP2		-0.5476784	
LSM14B		-0.54787415	
PTGER2		-0.548072	
ZFP772		-0.5484652	
CLIP2		-0.54918736	
FAM43A		-0.549317	
ZDHHC7		-0.5493726	
SEC24A		-0.54950434	
TCEANC		-0.5502111	
EGR3		-0.5504176	
CSNK1G3		-0.55060947	
ZMYM6		-0.55079347	
ITGAL		-0.55207217	
ZFP433		-0.5529239	
FLAD1		-0.55336535	
AFF4		-0.55372894	
SLC11A2		-0.5537608	
TRAPPC8		-0.55376333	
TICRR		-0.5539115	
NMB		-0.5540027	
MIR22HG		-0.5540756	
BLOC1S3		-0.55442035	
TMEM160		-0.5546279	
CRNKL1		-0.55473167	
SPG21		-0.554741	
ZFP551		-0.55504954	
MAPK8IP3		-0.5559006	
CHRM3		-0.5564087	
ZFP963		-0.5564403	
AGA		-0.5565305	
CCDC17		-0.55669355	
NCOR1		-0.55759764	
ZFP414		-0.5591263	
ALG14		-0.56028664	
GADD45A		-0.5608151	
ASB1		-0.5622499	
ERCC1		-0.5626344	
GM20605		-0.5627427	
GLYCTK		-0.56283444	
IRF6		-0.5632803	
SPTSSA		-0.5633776	
ZFP319		-0.56343424	
SLC35B4		-0.5640981	
RECK		-0.5641805	
WIPI2		-0.5657131	
PRDM9		-0.5660047	
ZFP655		-0.5660379	
EMP3		-0.5665437	
ARHGEF4		-0.5665666	
ASH1L		-0.56662905	
TAF4A		-0.56728905	
CNBD2		-0.56740826	
PPP1R12B		-0.5676084	
ZFP524		-0.5685061	
ATOX1		-0.5691128	
INO80B		-0.5696073	
CCS		-0.57026285	
AKR1A1		-0.57029355	
GADD45G		-0.5703427	
MPDU1		-0.57066125	
MITD1		-0.5707543	
CEP131		-0.570937	
GDAP2		-0.57127756	
WDR19		-0.5713604	
ZPBP2		-0.5723976	
DSEL		-0.5725797	
WDR44		-0.57278264	
SLC37A4		-0.57374245	
GCLM		-0.5737435	
FBXL18		-0.5737711	
ZBTB24		-0.57381094	
ARMC3		-0.5742934	
ATRN		-0.5743295	
CX3CR1		-0.57473886	
NEBL		-0.57551175	
SCYL3		-0.57580143	
IRGM2		-0.57585835	
CXCR4		-0.57656693	
APEH		-0.57672215	
RFT1		-0.57698274	
NAGK		-0.57726926	
UROS		-0.57727075	
ACAD10		-0.5775062	
TANGO2		-0.5787922	
KIF23		-0.57967156	
B3GLCT		-0.5804447	
FBXO34		-0.5806591	
MRPS6		-0.5809069	
H2-KE6		-0.5819312	
NUDT8		-0.5819813	
ALPK1		-0.5821957	
SLAIN2		-0.5823497	
UNC13A		-0.582538	
GGT5		-0.5827383	
DZIP1		-0.5829925	
LIMK1		-0.5839346	
SV2C		-0.5843091	
CXX1A		-0.5849617	
TBC1D17		-0.58500934	
FANCI		-0.5858462	
MORN4		-0.5882541	
TAF1C		-0.5886386	
POU2F1		-0.58893347	
ZFP821		-0.5890003	
ELK4		-0.5897964	
PPP1CA		-0.59034675	
PKNOX1		-0.5906425	
SMAD7		-0.5907418	
USP40		-0.5913973	
PLEKHA8		-0.5917635	
LNX1		-0.592292	
ARHGDIB		-0.5923636	
ICA1L		-0.59289664	
RSU1		-0.59312254	
TGOLN1		-0.59313595	
ATP10D		-0.5938705	
MYB		-0.59387594	
GPBP1L1		-0.59396875	
RAB1B		-0.5940822	
MSMO1		-0.59414005	
PICALM		-0.594785	
CSNK1A1		-0.5961436	
TNFRSF13B		-0.5961758	
SIRT6		-0.5962189	
DTX1		-0.59625256	
MBOAT7		-0.59676856	
ATM		-0.5980493	
PFN2		-0.5990476	
FBXL15		-0.59950775	
ARXES2		-0.5996926	
PLEKHA5		-0.59986615	
SPPL2A		-0.60020226	
EML5		-0.6004657	
ARPC5L		-0.6006111	
SLC25A40		-0.6026062	
PGLYRP1		-0.6026642	
BET1L		-0.6029444	
TBC1D31		-0.6036957	
PEG13		-0.60399944	
AAGAB		-0.60444754	
ACOT13		-0.60553074	
GCLC		-0.6056499	
GPR171		-0.605724	
ALKBH4		-0.60599893	
FAM3A		-0.6060426	
SRPK2		-0.6063649	
BARD1		-0.606719	
RB1		-0.607143	
KIF24		-0.607709	
LEMD2		-0.60776615	
ARF6		-0.60801595	
CEP68		-0.60801965	
NELFB		-0.60823315	
PARP4		-0.6085192	
LRP8		-0.6085538	
MFSD4		-0.6086103	
FHL3		-0.6088513	
BRD8		-0.6088672	
HIST1H1E		-0.6091319	
RBKS		-0.6097179	
PDE1B		-0.6102997	
DBI		-0.6103975	
PRKX		-0.6105959	
SP4		-0.6106579	
1300002E11RIK		-0.610841	
AFF1		-0.6111626	
CD151		-0.61127746	
DIP2C		-0.61262125	
ZFP300		-0.61269873	
BRD1		-0.6138028	
DVL2		-0.6138754	
SLC22A15		-0.61414653	
UBL5		-0.61428165	
EID1		-0.61522394	
EPB4.1		-0.61588156	
1110034G24RIK		-0.6160141	
PEX16		-0.61692464	
GGACT		-0.6170542	
CCDC12		-0.61813045	
HEATR5B		-0.6190632	
FTX		-0.61917835	
SLA		-0.6192576	
SMAD2		-0.619648	
TINF2		-0.6196754	
RFTN2		-0.62017167	
PAXBP1		-0.62135285	
GPNMB		-0.6220099	
ZNRF2		-0.6220495	
CDK6		-0.62214917	
BRMS1L		-0.62253964	
XPNPEP3		-0.62406766	
TTC13		-0.6242347	
ZBED6		-0.62423706	
UHRF2		-0.62465453	
EPS8L1		-0.6246768	
CNR2		-0.6254152	
ADGRL1		-0.62596834	
IST1		-0.62652963	
BROX		-0.6265374	
SPATA2		-0.6267749	
TET3		-0.626904	
DMTF1		-0.62722296	
RRM2B		-0.6285238	
GADD45B		-0.6285295	
CBX4		-0.6288133	
GPR137		-0.6289065	
XAB2		-0.62950784	
AMPD1		-0.6300832	
PPP2R5B		-0.63036203	
HDAC4		-0.63048923	
POLL		-0.63128	
HIST2H2AC		-0.63156307	
DENND6B		-0.63295436	
SMARCC2		-0.6350915	
C87436		-0.63516974	
1110037F02RIK		-0.63517153	
SLC35C1		-0.6354522	
ANKRD13C		-0.635548	
HIST1H2AN		-0.6356122	
SLC35B3		-0.63613564	
TEP1		-0.6361819	
LIN37		-0.636459	
ZFP729A		-0.6367427	
PISD-PS1		-0.6367624	
DIRC2		-0.6373235	
MAST4		-0.63753974	
MXD1		-0.6383875	
RGL1		-0.6397186	
CENPF		-0.6405057	
JKAMP		-0.64077216	
CTCF		-0.64113605	
ZFP422		-0.64115477	
NEU3		-0.6414664	
APBA3		-0.6417678	
2610307P16RIK		-0.64204705	
CDC42EP3		-0.6421576	
TTC19		-0.64229035	
PPIL2		-0.64318514	
TOP2B		-0.6433051	
ARHGAP33		-0.64383	
RRAS		-0.64387757	
MFSD6		-0.6446779	
TRPC4AP		-0.6451356	
RALY		-0.6468196	
FOXO4		-0.6469697	
CHST14		-0.6471837	
PCF11		-0.64723074	
CTAGE5		-0.6477422	
CHD6		-0.6478003	
SDF2		-0.6479706	
FBRSL1		-0.64799863	
SSBP3		-0.6481176	
AKAP17B		-0.6485589	
NAA60		-0.64901865	
GBAS		-0.64952	
SMPD2		-0.65041244	
DNASE1L1		-0.6510546	
CIR1		-0.6532488	
UROD		-0.6534982	
STAR		-0.653536	
DNAJC4		-0.65368056	
TSPYL3		-0.6540948	
1110065P20RIK		-0.6543322	
RALGAPA2		-0.6548329	
KDM4A		-0.6551718	
TRIM14		-0.6553353	
PARP3		-0.6554838	
CHPT1		-0.6557845	
WDR48		-0.655929	
FBXW10		-0.6560533	
FBXO10		-0.65634215	
ANKIB1		-0.65682703	
PHOSPHO2		-0.656857	
DGKZ		-0.65704346	
CEP72		-0.65945274	
KBTBD3		-0.65970737	
ZFP346		-0.65989816	
DNAJC12		-0.6601385	
PIF1		-0.6602443	
INTS1		-0.6608445	
SHARPIN		-0.66106683	
INSIG1		-0.66121525	
WWP2		-0.6612641	
FAM160B1		-0.6622072	
C1QB		-0.66236854	
COG8		-0.66280293	
ZFP729B		-0.66290647	
SPRYD3		-0.66333467	
RNASEL		-0.6635507	
CCDC77		-0.66395074	
SLC25A12		-0.66403157	
FMNL1		-0.6661139	
TRP53I11		-0.6671563	
ARAP1		-0.6680675	
RACGAP1		-0.66823107	
RBM3		-0.6691358	
THADA		-0.66992533	
GMEB1		-0.6703675	
TMEM185B		-0.67059946	
SMIM24		-0.6713329	
PIM1		-0.67159164	
FBXO21		-0.67167854	
ARHGAP10		-0.6716816	
OSBPL3		-0.67202246	
GPM6B		-0.6720864	
FTL1		-0.6722523	
NECAP1		-0.6722719	
ARHGAP27		-0.6722767	
RSRP1		-0.67264766	
GRAMD1C		-0.673521	
CCDC181		-0.67401093	
GGA1		-0.67475706	
NUDT14		-0.67519206	
GPR34		-0.675457	
ARL13B		-0.6758774	
DSCR3		-0.6763963	
NCSTN		-0.67660624	
ATP11B		-0.677139	
MCM3AP		-0.67726153	
SLFN10-PS		-0.67807704	
LPP		-0.678281	
IER2		-0.678524	
ATP6V1E1		-0.67859983	
CCDC64		-0.6787278	
ROCK1		-0.6789587	
ZFP563		-0.67907476	
ZFP952		-0.6805894	
RPUSD3		-0.6806292	
RAD21		-0.6807927	
TSC2		-0.6809081	
DNAJC27		-0.6814154	
KRI1		-0.6818201	
ELF4		-0.68185174	
B3GNT3		-0.6826796	
PNPLA2		-0.68284464	
HMGCR		-0.68304724	
PKN3		-0.68361384	
ZRANB3		-0.68387485	
CCDC61		-0.6843555	
PIGM		-0.68437964	
PSENEN		-0.6857297	
SUSD4		-0.6859631	
GPATCH2L		-0.6860994	
FGGY		-0.68610793	
SZT2		-0.68616337	
ERICH1		-0.6863117	
ZSCAN2		-0.68634164	
RELL1		-0.6865355	
STARD5		-0.686808	
LRCH3		-0.68722284	
UST		-0.68725145	
NDST2		-0.68744963	
PYGB		-0.68976897	
KBTBD2		-0.69035375	
DEPDC1B		-0.6907128	
CDC14A		-0.6907143	
THAP6		-0.6908071	
TFE3		-0.69100106	
PCYOX1L		-0.6917466	
2410089E03RIK		-0.6920872	
IKBKB		-0.6924185	
ZXDC		-0.69287074	
ITSN2		-0.6931973	
LBP		-0.69451314	
VIPAS39		-0.6948633	
NFYC		-0.6949808	
DDT		-0.6950481	
SLC10A7		-0.6951348	
CENPC1		-0.69544095	
DDX3Y		-0.6964774	
FBXO25		-0.6965883	
NDEL1		-0.6978159	
ZFYVE1		-0.69839334	
BC052040		-0.6987261	
ZFP839		-0.6998158	
MIEF2		-0.70013696	
SP1		-0.7001477	
USP3		-0.7003817	
WARS2		-0.70093375	
2810428I15RIK		-0.70129836	
ATG14		-0.7015144	
APOE		-0.70206743	
ALDH1L1		-0.70232373	
ZXDB		-0.70249665	
TRIM12C		-0.70270455	
ADAM15		-0.7029477	
OAS1B		-0.70299274	
KLF3		-0.7035914	
HCFC1R1		-0.70386094	
CBL		-0.7041577	
EPS15		-0.7043761	
B230307C23RIK		-0.705746	
ILK		-0.7060342	
GALNT4		-0.7064487	
POMC		-0.70673376	
RAD9A		-0.70755666	
XRCC4		-0.7076127	
ARPC2		-0.7080508	
RAPGEF5		-0.70857525	
COX6C		-0.70938975	
FICD		-0.7094704	
A930024E05RIK		-0.7109875	
CYFIP2		-0.71119654	
GRIK5		-0.7116596	
DNTTIP1		-0.7120825	
NCK2		-0.71235853	
SLC2A8		-0.7124918	
PGLYRP2		-0.71265346	
RPS6KA2		-0.7127646	
FAM179B		-0.7128306	
PHKG2		-0.7145867	
NUP210		-0.7147835	
CLEC16A		-0.7153396	
HSBP1		-0.7154534	
UPF3A		-0.715568	
IDH1		-0.71569514	
RHOA		-0.7166741	
GRCC10		-0.7167457	
EMC3		-0.71685237	
RNPC3		-0.7171469	
GHITM		-0.71773446	
TBC1D10B		-0.7177648	
STXBP2		-0.71807796	
ADRBK1		-0.71863204	
ABCC10		-0.72047687	
RBM41		-0.7208061	
PRDM2		-0.72087336	
SPCS1		-0.7224401	
SETDB2		-0.72258747	
PAG1		-0.7227782	
CIPC		-0.72291964	
FAM212B		-0.7235897	
SLC38A10		-0.7236377	
MDM1		-0.7237778	
LY6C1		-0.7239377	
GM4285		-0.725324	
DRAM2		-0.7254728	
GON4L		-0.72758865	
GYS1		-0.7276817	
1700001G11RIK		-0.728658	
TLN1		-0.72908884	
VMP1		-0.7292923	
ZFYVE26		-0.7303417	
ZFP276		-0.7305532	
NFATC1		-0.73116416	
PROZ		-0.7317923	
NUP210L		-0.73270506	
ULK2		-0.7336376	
NCAPH2		-0.73382175	
GM4759		-0.7348362	
MGAT1		-0.73498553	
PPM1H		-0.73524284	
MYO1H		-0.7353025	
MED10		-0.7353121	
RWDD2A		-0.7353182	
CSRNP1		-0.73541516	
RTKN2		-0.7358254	
SLAMF1		-0.73582554	
ZBTB9		-0.73586416	
ADCY3		-0.7360352	
ASL		-0.73625565	
RHEBL1		-0.73749465	
IL4		-0.7383607	
ZFP746		-0.73891276	
0610040B10RIK		-0.7392178	
ZFP426		-0.73958254	
LMF1		-0.7397314	
BRAT1		-0.7398252	
MXD3		-0.740209	
STK11IP		-0.7405189	
RASGRP2		-0.74068433	
AMFR		-0.74117684	
TNRC6C		-0.741711	
SMIM3		-0.7426502	
NMI		-0.7447153	
FBXW17		-0.7448242	
TBK1		-0.74491304	
CNTLN		-0.74511415	
PKD2L2		-0.7457285	
KDELC2		-0.74591213	
H2-K1		-0.74597454	
FAM204A		-0.74698657	
THAP3		-0.74699557	
HIST1H2AC		-0.7475083	
NR1H2		-0.74840117	
TMEM184B		-0.74970216	
PARP10		-0.74992794	
TWF1		-0.7500826	
HECTD3		-0.7514663	
SLC27A1		-0.751735	
MRGPRE		-0.7519066	
HIST2H3B		-0.7522864	
4930579G18RIK		-0.7529621	
KMT2E		-0.75298226	
PNRC1		-0.7536782	
DUSP1		-0.7552177	
TAF9B		-0.7553927	
HHAT		-0.7557587	
C1QC		-0.75739586	
MACROD1		-0.7575103	
CML1		-0.757646	
NUMB		-0.7588955	
KLC4		-0.75993454	
DAPP1		-0.7605006	
LCORL		-0.76068985	
ING1		-0.76225954	
SESN1		-0.76250434	
4930523C07RIK		-0.76290154	
MID1IP1		-0.7636829	
NINJ2		-0.7638755	
IFI35		-0.7647685	
NMRK1		-0.7648091	
NTAN1		-0.7648418	
SMCHD1		-0.76499504	
CHURC1		-0.76532316	
SASS6		-0.7662062	
ACOX1		-0.76668423	
LYRM2		-0.7671069	
TLR6		-0.7671622	
RMND5B		-0.7671687	
ZFP946		-0.7676604	
RAB43		-0.7677028	
AP1M2		-0.7677891	
COX7A2L		-0.7679412	
PLEKHG5		-0.76820594	
RPS15A-PS4		-0.76874673	
SSH1		-0.76893425	
ERLEC1		-0.76949614	
DCTN1		-0.7698905	
BRAP		-0.77139324	
TMEM241		-0.77219546	
NT5DC3		-0.7724617	
VAV1		-0.7724952	
RAB11FIP2		-0.77277964	
METTL23		-0.77294475	
ATP6V0A2		-0.77333117	
LRIF1		-0.7742648	
ROM1		-0.77451515	
FAM110A		-0.7754857	
HIST1H3E		-0.77580917	
ZFP758		-0.77591306	
TCTEX1D2		-0.7764986	
ZKSCAN6		-0.7767005	
CALM2		-0.7767234	
PHF3		-0.77697057	
EAPP		-0.7788663	
RNF38		-0.7798399	
GPR18		-0.78052956	
ERI2		-0.7812047	
CBLB		-0.782196	
HIST1H4H		-0.78397614	
PEF1		-0.7845463	
PLCL1		-0.7845843	
CD9		-0.7851165	
INPP4B		-0.7856827	
GM1966		-0.78612226	
MPST		-0.7863727	
HMGN3		-0.78701824	
BBS10		-0.78760403	
IFT80		-0.7877735	
HCLS1		-0.7879078	
ANO8		-0.79004467	
PCED1A		-0.79107964	
SAT1		-0.7921254	
FUZ		-0.7924926	
PRR14		-0.79250616	
CRBN		-0.7926199	
DECR1		-0.79269105	
ADCY7		-0.79376096	
HSPA2		-0.7945797	
TLE4		-0.79475105	
0610009L18RIK		-0.79481834	
ATE1		-0.79582125	
TMEM64		-0.7958958	
ZFP14		-0.79592043	
LDLR		-0.7963892	
BBS9		-0.79719776	
ZFP667		-0.7989892	
CAND2		-0.7998887	
HSDL2		-0.799986	
ZFP180		-0.8003683	
ATG10		-0.80057126	
SSC4D		-0.80140394	
APPL2		-0.8021414	
ITK		-0.8023335	
GOLGA5		-0.80316913	
MAP3K2		-0.80390024	
STK26		-0.80471605	
INAFM2		-0.8065561	
NDOR1		-0.8070404	
5930430L01RIK		-0.80878454	
PSKH1		-0.8089003	
ATG4B		-0.8092015	
TMOD3		-0.8096893	
GM3258		-0.80997586	
5830454E08RIK		-0.8104897	
BIN3		-0.8105481	
TMEM128		-0.8109113	
PELI1		-0.8114405	
WBP1		-0.81208706	
DDB2		-0.8124699	
TPGS1		-0.8125118	
IPCEF1		-0.8128962	
CEP95		-0.8134392	
TM7SF2		-0.8137391	
GRB2		-0.81436557	
JMY		-0.8145072	
JRKL		-0.814954	
ACVR2A		-0.8163963	
HDAC8		-0.8177526	
NQO1		-0.817944	
A930005H10RIK		-0.8185955	
ZFP51		-0.8186865	
AKAP8L		-0.8206706	
RANBP10		-0.82119995	
CTNS		-0.82221127	
FRG1		-0.82226056	
HACE1		-0.82299745	
ZADH2		-0.8230415	
ADCK4		-0.8230459	
AA388235		-0.8231	
LACTB		-0.8233591	
GIPC1		-0.82377315	
FBXO38		-0.82382965	
TMEM19		-0.8240056	
DHX32		-0.82412565	
ASAP2		-0.82459366	
ZFP799		-0.82534593	
RAB35		-0.82548416	
KAT2B		-0.82550186	
HERC2		-0.82749254	
ZFP58		-0.8279129	
CLINT1		-0.8283933	
USP11		-0.8287629	
RPH3AL		-0.8292512	
PXYLP1		-0.8292823	
AI837181		-0.8301598	
KAT6B		-0.83075964	
MSRB1		-0.8310242	
MAT2B		-0.8315067	
LSM1		-0.83151555	
FAM49B		-0.8323326	
EHHADH		-0.83307004	
FAM73A		-0.8330957	
GPANK1		-0.8331303	
AW011738		-0.8333026	
RBM48		-0.8337501	
SLC39A6		-0.8341042	
ATL3		-0.8342014	
ZFP251		-0.8350227	
ELOVL5		-0.83556145	
PCCA		-0.83616537	
GABARAPL2		-0.8362122	
ZDHHC1		-0.83688605	
F8A		-0.8372261	
SNAP47		-0.83727044	
CCR4		-0.8373703	
ERCC5		-0.83738893	
EIF4EBP2		-0.8376798	
PRSS2		-0.83802724	
OSGIN1		-0.8382972	
TNIK		-0.83925337	
ZFP408		-0.8399437	
CAR5B		-0.8408407	
RECQL5		-0.84091705	
CLCN4-2		-0.84142834	
FAHD2A		-0.8415541	
GIN1		-0.84189683	
AIP		-0.8426184	
SLC1A5		-0.8445555	
NUB1		-0.84512043	
HYI		-0.8456802	
FAM89B		-0.8470644	
ANXA3		-0.84763634	
PIWIL2		-0.84813803	
ZFP292		-0.848861	
TSTD1		-0.849326	
MKL1		-0.849877	
MFAP3		-0.85020053	
ARHGAP27OS3		-0.85105306	
SERP2		-0.8512541	
ARRDC2		-0.8512777	
HAUS8		-0.85148937	
LMTK2		-0.85310996	
FAM213B		-0.8540877	
VDR		-0.8551071	
CRTC3		-0.8553981	
PHF7		-0.85556424	
PPM1M		-0.85598546	
SAG		-0.856118	
FOPNL		-0.85637295	
GPC2		-0.857736	
POLG		-0.8582966	
BSDC1		-0.8583134	
ENPP4		-0.8585095	
ESYT2		-0.85871786	
CD4		-0.8603074	
ZFP949		-0.8603507	
GMIP		-0.8604613	
SLC37A3		-0.8607326	
JUNB		-0.8619195	
MLLT4		-0.8621857	
GM15417		-0.86249024	
DDX43		-0.8642751	
GANC		-0.8645846	
CHD2		-0.86484724	
MR1		-0.86533904	
ZFYVE27		-0.8655382	
NEIL3		-0.8656179	
DEXI		-0.86775136	
CAMTA2		-0.86804616	
ANKRD13D		-0.8691954	
RASGRP4		-0.8695572	
DNASE1L3		-0.8710524	
ATAD2B		-0.8712389	
GM4814		-0.8726574	
MYNN		-0.8735908	
PDIK1L		-0.8738058	
LDLRAP1		-0.8759051	
NDUFAF3		-0.87757874	
STX8		-0.87760746	
MTMR12		-0.8780514	
KCNN4		-0.87916654	
CSF1R		-0.8792795	
ZFP943		-0.87988514	
ECI2		-0.8806576	
IL6ST		-0.8809402	
XRN1		-0.88225937	
GGH		-0.8823684	
ELMO1		-0.8827122	
CAB39L		-0.88301384	
TASP1		-0.8846783	
CYB561A3		-0.88589364	
SCAMP4		-0.8882803	
BTBD7		-0.8887179	
LYPLA2		-0.8888447	
EPS15L1		-0.8902572	
MIER2		-0.8919193	
TSC22D3		-0.89202446	
B4GALT7		-0.8923044	
UGGT1		-0.89319193	
SCAI		-0.8934754	
NME4		-0.89529425	
FAM196B		-0.8958239	
ACYP1		-0.8963045	
9330133O14RIK		-0.8971483	
TMSB4X		-0.89727217	
PTTG1		-0.90292114	
PACSIN1		-0.9042535	
SLC8B1		-0.9060853	
INSR		-0.90640897	
HIP1R		-0.9084158	
SNN		-0.90870297	
ZFP597		-0.9092121	
SCAPER		-0.9093615	
RUFY1		-0.9094436	
ETNK1		-0.91004795	
KATNB1		-0.9109021	
WASF2		-0.91127855	
TMEM60		-0.9120832	
FAH		-0.912955	
PPP3CC		-0.91382027	
ARSG		-0.91393894	
SHE		-0.9154082	
TBC1D23		-0.9163641	
ZFP429		-0.9171203	
GSE1		-0.9172618	
TRADD		-0.91756964	
SCYL2		-0.91889167	
1700019L03RIK		-0.91895443	
A230050P20RIK		-0.9195451	
PALM3		-0.9204777	
PIAS1		-0.9214271	
ZMAT1		-0.92161065	
DOS		-0.92246085	
1810044D09RIK		-0.9232789	
IRF2BP2		-0.9234426	
DENND6A		-0.9238824	
DNAJC7		-0.9267192	
GINM1		-0.9267821	
MON1A		-0.9268668	
GLTSCR1		-0.926926	
AI847159		-0.92729443	
ZZEF1		-0.9273318	
HK1		-0.92826915	
CD3G		-0.9289951	
EPHX4		-0.9292174	
MXD4		-0.9306527	
DTX2		-0.93168765	
MAST1		-0.9330521	
ASAH1		-0.93349695	
OAZ2		-0.9340619	
SMIM15		-0.93408483	
CD200R1		-0.9344892	
ITPRIP		-0.9348057	
MIF4GD		-0.93495387	
MAPK7		-0.934975	
PLCB2		-0.93527925	
TBCEL		-0.93619657	
ITCH		-0.9364159	
OSTF1		-0.9367304	
CHD9		-0.9368568	
ZFP46		-0.9378657	
ZFP707		-0.9383087	
MEF2D		-0.939102	
KRIT1		-0.939126	
C1GALT1		-0.9398611	
LOH12CR1		-0.9406902	
FBXO44		-0.94078195	
FAM193A		-0.9411205	
NDUFV3		-0.94113976	
IQGAP1		-0.94154483	
RNGTT		-0.9427537	
DENND2C		-0.94317704	
ERO1LB		-0.94346225	
NDE1		-0.9438822	
TAZ		-0.94415045	
LRRC56		-0.94516313	
WDR26		-0.9452769	
GATAD2A		-0.9456527	
ZGPAT		-0.9459371	
FOXP3		-0.9473974	
6330403K07RIK		-0.9474153	
2610524H06RIK		-0.94753766	
SLC9A8		-0.9484387	
MTMR3		-0.9485411	
ORAOV1		-0.9497679	
HIST1H2BE		-0.95025456	
PLA2G16		-0.9512249	
MOB1A		-0.9525743	
ATP6V1G3		-0.9529469	
KIFC2		-0.95312274	
DPP7		-0.9532399	
PI4KB		-0.95344484	
ITFG1		-0.9534561	
44626		-0.95435923	
SLC36A4		-0.9546636	
HIST1H2BG		-0.9552886	
HIST1H3I		-0.9555312	
PIK3CB		-0.9558407	
P2RY12		-0.9563255	
ITPR1		-0.9564636	
NFRKB		-0.9567661	
PAPSS1		-0.9568641	
CLK3		-0.9570189	
CASP7		-0.9575551	
2200002D01RIK		-0.9589659	
IBTK		-0.9590392	
TMEM203		-0.9596309	
D330023K18RIK		-0.95965976	
GAK		-0.95984316	
FEZ2		-0.9608257	
TMF1		-0.96291906	
PDE4DIP		-0.9631098	
CLIC1		-0.96347946	
ZFP810		-0.9669068	
MKNK2		-0.9672716	
D2HGDH		-0.9673759	
VPS13D		-0.9676571	
IZUMO4		-0.9678549	
UCK1		-0.9686021	
PHYHD1		-0.968697	
ACPP		-0.9710655	
RBAK		-0.9716269	
YY2		-0.9719871	
VPS9D1		-0.97203475	
MSRB2		-0.97263724	
ZFP512		-0.9728675	
MYO1F		-0.97309184	
PEX5		-0.9733249	
LIPE		-0.9743805	
SLC25A14		-0.9750715	
4930581F22RIK		-0.9753331	
TPCN2		-0.9756614	
ZFP212		-0.9768768	
MIEN1		-0.9769132	
ACOT8		-0.9772012	
SCCPDH		-0.97788805	
LSR		-0.97847146	
SLC9A1		-0.978923	
SLC25A29		-0.9790124	
GOLM1		-0.98027873	
SPAG1		-0.9810376	
OXR1		-0.981087	
SGPP2		-0.9834847	
KPTN		-0.98362654	
CDIPT		-0.9840807	
MS4A4D		-0.9855558	
ERBB3		-0.98580533	
GM6548		-0.98580784	
ZFP518A		-0.9862841	
AIM1		-0.98629725	
1110051M20RIK		-0.9867373	
UVRAG		-0.9873388	
ANAPC11		-0.9875875	
H2-DMB1		-0.9876476	
IQGAP2		-0.9879787	
ARL2BP		-0.98884714	
ARL6IP1		-0.99089736	
CD2BP2		-0.9920409	
RGS12		-0.9922431	
EHMT2		-0.9926039	
GCC1		-0.9940457	
NGLY1		-0.99494064	
ARID3A		-0.9956622	
GM19897		-0.9968323	
EIF2S3Y		-0.9994268	
ZFP874A		-0.9998702	
ZFP580		-1.0005273	
VPS13B		-1.0018171	
HK1OS		-1.0023865	
BTF3L4		-1.003649	
PCDHGC4		-1.0036631	
ARHGAP18		-1.0036951	
RNF2		-1.0046288	
PPIB		-1.0055898	
OFD1		-1.005798	
KDM6A		-1.0060939	
PDE3B		-1.0068836	
VPS45		-1.0070909	
ZFP954		-1.007305	
SRGAP2		-1.0073875	
DGAT1		-1.0080204	
LRRC27		-1.0081869	
N4BP2		-1.0084119	
LRBA		-1.0084332	
TBC1D2B		-1.0091608	
PYCARD		-1.0102698	
TMX3		-1.0105729	
ADAM19		-1.0117589	
ZFP217		-1.0120476	
DEPDC5		-1.0126823	
FBXW8		-1.0128537	
RAPGEF2		-1.0132487	
SIN3B		-1.0135258	
CALM3		-1.0138546	
TAB2		-1.0150601	
FAM172A		-1.0152116	
TPD52		-1.0154326	
REEP4		-1.0166442	
ABHD14B		-1.0169965	
KREMEN2		-1.0176781	
CEP63		-1.0182383	
SETD2		-1.0192077	
ATXN7L3		-1.0192634	
PCNXL3		-1.0192947	
TMEM9		-1.0196087	
TAF8		-1.0202566	
CERK		-1.0206888	
ANKS3		-1.0213012	
EID2B		-1.0213417	
PTGR1		-1.0217171	
MCRS1		-1.0222019	
TRAM1		-1.0234586	
SLC29A4		-1.0246986	
GM38426		-1.0260916	
NSMAF		-1.0262883	
WDFY1		-1.0266949	
BC004004		-1.0269729	
BCL7A		-1.0269877	
HIST1H2AK		-1.0273365	
TOM1L2		-1.0280689	
RPGRIP1		-1.0284303	
KIF3C		-1.029616	
STRIP1		-1.0307876	
THUMPD2		-1.0309782	
ORMDL3		-1.0311745	
GALNS		-1.0313286	
KCTD21		-1.0316588	
PNRC2		-1.031663	
DSTN		-1.0328515	
PRKD3		-1.0329912	
CHD7		-1.0361218	
SYVN1		-1.0367506	
B4GALT1		-1.0373306	
BTG2		-1.0376183	
LGALS1		-1.0387541	
FBXO6		-1.0396131	
TMEM131		-1.0404253	
IGFBP4		-1.0414355	
ARMCX5		-1.0420363	
GALT		-1.0429599	
NOSIP		-1.0432652	
TMEM194		-1.0434732	
RASSF1		-1.0442092	
MLLT11		-1.0449023	
ATP6V1G1		-1.04594	
FBXL12		-1.0462908	
TMBIM6		-1.0463536	
DAAM1		-1.0469991	
OTUD7B		-1.0472707	
FDFT1		-1.0474617	
SECISBP2L		-1.0477613	
PPP1R15A		-1.0484067	
TMEM87B		-1.048472	
HGSNAT		-1.0491383	
ZFP329		-1.0518657	
CCDC23		-1.052091	
HMG20B		-1.0525728	
DCAF15		-1.0529786	
MBOAT4		-1.0534137	
ABHD4		-1.0542234	
TAGLN		-1.0553458	
ZFP141		-1.0554578	
DGCR14		-1.0556641	
ZFP619		-1.0558705	
TOPORSOS		-1.0559616	
OCEL1		-1.0562583	
PRKRA		-1.0565996	
SHC1		-1.0575604	
GGNBP2		-1.0587827	
VPS37B		-1.0608692	
ATP6V0D1		-1.0611401	
ST6GALNAC3		-1.0615702	
SPATA2L		-1.0623143	
TGFBR1		-1.0623751	
LFNG		-1.0625503	
ARHGAP29		-1.0630815	
MYO5A		-1.0633878	
SMIM13		-1.0635704	
ACTN1		-1.0645071	
PRKCH		-1.0647869	
UBE4A		-1.0651194	
2810013P06RIK		-1.0651392	
1110007C09RIK		-1.0670016	
CTNNA1		-1.0694835	
LCN4		-1.0699229	
POPDC2		-1.0700837	
TULP3		-1.0704392	
CSGALNACT2		-1.0707853	
H2AFX		-1.0712734	
MMS19		-1.0713229	
NR2C2		-1.0725157	
FBXL3		-1.0726024	
PRKAG1		-1.0726805	
HIAT1		-1.0733006	
SH3GL1		-1.0733743	
ANKRD11		-1.0741248	
OAS1C		-1.0762618	
UTY		-1.0763019	
RNF6		-1.0776645	
TRPM6		-1.0778987	
CCDC71		-1.0786628	
SERHL		-1.0788499	
SUMF1		-1.0789008	
MAP3K12		-1.0798433	
UBB		-1.0809915	
MIR8112		-1.0817106	
GOLPH3L		-1.0823168	
PPM1K		-1.0825992	
E130307A14RIK		-1.0829364	
SAMD10		-1.0831119	
KCNA3		-1.0831355	
TCAIM		-1.0836782	
CNNM2		-1.0842012	
MBTPS1		-1.0850874	
C920009B18RIK		-1.0858713	
POLR3C		-1.0863491	
ATG13		-1.0867246	
MYO1C		-1.0884165	
PIGX		-1.0891278	
FERMT3		-1.090011	
GTF2IRD2		-1.0900518	
RBM22		-1.0901058	
KLF10		-1.0908011	
ZEB1		-1.0908524	
NQO2		-1.0928854	
CCSER2		-1.0933757	
TRIM62		-1.0935873	
ATP1B3		-1.0945367	
GCNT1		-1.0951195	
NAPG		-1.0954779	
IFT46		-1.0958345	
PHF20L1		-1.095907	
DGKQ		-1.0972967	
IFT140		-1.0981592	
TIPARP		-1.0988209	
C8G		-1.0994463	
NECAP2		-1.0994939	
CEP135		-1.0995083	
ZFP790		-1.0999458	
FAM69A		-1.1001996	
PDCD6IP		-1.1002886	
IGFLR1		-1.101239	
3010026O09RIK		-1.101902	
RECQL		-1.1023315	
1810043G02RIK		-1.1043925	
CWC25		-1.1047312	
RUNDC3A		-1.1053505	
GIMAP1		-1.105904	
LY75		-1.1062106	
TRP53INP2		-1.1065199	
HIST1H1C		-1.106773	
NUMA1		-1.1068965	
PRKAB1		-1.1082524	
VPS26A		-1.109122	
MBNL2		-1.1091756	
SNAI3		-1.1106873	
ENDOV		-1.1111462	
VAMP4		-1.1112556	
LMF2		-1.1112846	
ARFGEF2		-1.1130978	
A630033H20RIK		-1.1131285	
MPPE1		-1.113708	
TERF1		-1.1140071	
EDEM1		-1.1142203	
CSNK1G2		-1.1146749	
CIC		-1.1155491	
BCKDHA		-1.1170025	
ADGRG5		-1.1171701	
TOLLIP		-1.1172255	
HSPBAP1		-1.1174752	
PLCG1		-1.1184205	
BRD9		-1.1184796	
TNFSF14		-1.119562	
FAM118A		-1.1199024	
CCR2		-1.1208135	
TRAPPC10		-1.120886	
PLEKHF1		-1.1227093	
CSTB		-1.1232444	
SLC35E4		-1.1235034	
PIGH		-1.1242825	
1810041H14RIK		-1.1243392	
ARHGEF12		-1.1247914	
GPRASP1		-1.1250095	
GM5617		-1.1258049	
SNX4		-1.1258873	
SMO		-1.1261944	
FAM45A		-1.1265335	
ZFP182		-1.1265707	
PRIMPOL		-1.1274086	
R3HCC1L		-1.1274526	
TNK2		-1.1275598	
CENPA		-1.128704	
LEPROTL1		-1.1291395	
LAG3		-1.1293414	
ATP10A		-1.1304737	
STX16		-1.1305577	
NKD2		-1.1306571	
4931414P19RIK		-1.1309395	
RAMP1		-1.1310065	
SOCS1		-1.1314508	
CNST		-1.132737	
PITPNM2		-1.132817	
GNB5		-1.1340939	
RLTPR		-1.1343673	
TRIP11		-1.1345537	
KCTD17		-1.1351736	
IRF2		-1.1352642	
0610039H22RIK		-1.1354264	
TNKS1BP1		-1.1369476	
UGCG		-1.1375135	
CRLF3		-1.1378582	
TPM1		-1.1379275	
BBX		-1.1385366	
AI846148		-1.1395785	
DKKL1		-1.1410722	
SH2B1		-1.1430418	
CHP1		-1.1431047	
RPS6KA4		-1.1454574	
IL21R		-1.1467133	
PLEKHM3		-1.1481447	
4930503L19RIK		-1.1491408	
ZFP646		-1.1493316	
APAF1		-1.1496452	
PDS5B		-1.1503583	
DPM3		-1.150953	
SLC35F6		-1.1524242	
SERINC3		-1.1525043	
ANAPC13		-1.1525284	
KRBA1		-1.1539475	
FN3KRP		-1.1546054	
WDR11		-1.1557322	
GSTT3		-1.1562079	
CAMKK2		-1.1599051	
SYTL3		-1.1609044	
EXOC6		-1.1615173	
RCBTB1		-1.1622851	
CARD6		-1.1638873	
TCTA		-1.1653241	
AP3M2		-1.165704	
CSNK1E		-1.166874	
IL3RA		-1.1669843	
CYLD		-1.1688589	
ZKSCAN17		-1.1723604	
CCDC30		-1.1757412	
H2-T10		-1.1770853	
TPM3		-1.1772714	
RAD51C		-1.1777933	
2610507I01RIK		-1.1783075	
STK25		-1.1795143	
MTERF2		-1.1805338	
FAM195B		-1.181749	
HPS5		-1.1818253	
MAN2A2		-1.1851579	
TBC1D8B		-1.1863757	
PHTF1		-1.186772	
TRPV6		-1.1870241	
GNAI2		-1.1877391	
PPP6R2		-1.1882162	
ART2B		-1.1924987	
METTL20		-1.1927689	
TMEM86B		-1.1928871	
BTG1		-1.1930827	
CCPG1OS		-1.1942369	
ANKRD12		-1.1946591	
DDX24		-1.1955596	
DIS3L2		-1.1965902	
BRK1		-1.1974622	
ITPK1		-1.198974	
CFAP74		-1.1990886	
LENG8		-1.1998875	
NFATC2		-1.2003901	
NAPRT		-1.2008976	
PAIP2		-1.2047653	
LRPAP1		-1.2054657	
RAB3D		-1.2058219	
FCGR3		-1.2066705	
RAB8A		-1.2071657	
RHBDL1		-1.2074349	
RSPH1		-1.207505	
DLGAP4		-1.2082587	
CTSL		-1.208428	
PET100		-1.2109535	
ZSCAN29		-1.2110945	
PXK		-1.2126049	
LCK		-1.2135862	
MST1		-1.2141696	
OAF		-1.2147331	
INPP1		-1.2149268	
CCDC53		-1.2155516	
GAB2		-1.2156172	
BACH2		-1.2157619	
CTLA2B		-1.2173533	
PGAP2		-1.2174289	
H2-DMB2		-1.2176576	
HIST1H2BC		-1.2180293	
RNF103		-1.2184782	
PLEKHB2		-1.219431	
NLRP1B		-1.2195493	
PTPRE		-1.2204942	
PLEKHA2		-1.2212214	
TAF1B		-1.2219517	
ACYP2		-1.2224525	
6530402F18RIK		-1.2225511	
TBC1D10A		-1.2235335	
UEVLD		-1.2244961	
RNF31		-1.2248547	
VPS16		-1.225602	
SCAMP3		-1.2256823	
MYO9B		-1.2258217	
CLCN6		-1.2272174	
PDPR		-1.2274927	
JPX		-1.2278954	
ATP9A		-1.229003	
1810062G17RIK		-1.2293257	
LGALSL		-1.229692	
ABCA3		-1.2302827	
CMAS		-1.2315305	
TRAPPC11		-1.2315305	
NANOS1		-1.2315909	
FAM214B		-1.2318466	
PTCD1		-1.2326123	
PLEKHM1		-1.2334507	
PSRC1		-1.2342886	
RNASET2B		-1.2358251	
TBX6		-1.2361249	
RTFDC1		-1.2364156	
ARRDC1		-1.2364501	
EPSTI1		-1.2369628	
EVL		-1.237481	
FAM13B		-1.2380184	
4930481A15RIK		-1.2383996	
FUCA1		-1.2387428	
DCUN1D3		-1.2389652	
ARL15		-1.2420807	
PLEKHG3		-1.2425117	
TTLL12		-1.2440912	
HERC3		-1.2444983	
STK24		-1.2464317	
RAB32		-1.2494932	
SPATA13		-1.2503146	
TNRC18		-1.2515197	
UBE3B		-1.2541499	
BECN1		-1.2545688	
CRYL1		-1.2550603	
NT5DC1		-1.2555927	
ITGB3BP		-1.2561966	
GLRX		-1.256433	
CPEB2		-1.2569295	
GRAP2		-1.2574216	
KCNB1		-1.2575767	
ANGPTL2		-1.2583258	
SCN11A		-1.258682	
DNAJB13		-1.260367	
ZBTB20		-1.2612586	
9130221H12RIK		-1.262816	
BACH1		-1.2629644	
C2CD5		-1.2634743	
H2-D1		-1.2636442	
MPHOSPH9		-1.2652903	
CCDC186		-1.2655587	
BPHL		-1.266813	
RENBP		-1.2682709	
HIST3H2A		-1.2712966	
KDM2A		-1.2713631	
WHSC1L1		-1.271393	
ZHX3		-1.2720159	
GLIPR1		-1.272296	
SMIM14		-1.2741748	
ARID1B		-1.2742052	
EP400		-1.2745931	
FAM21		-1.275526	
4933439C10RIK		-1.2764211	
LY96		-1.2768023	
PAN2		-1.2768126	
TAPBP		-1.2785625	
ZDHHC24		-1.2792186	
KTN1		-1.2798404	
C920006O11RIK		-1.2835693	
BTBD11		-1.2837168	
KIF14		-1.2848903	
CLN5		-1.285168	
ITGA6		-1.2851909	
DNMBP		-1.286583	
AEBP2		-1.2869233	
IP6K1		-1.2873548	
ACSL3		-1.2879472	
SUV420H1		-1.2896751	
ZFP287		-1.2897139	
COMMD8		-1.2910709	
MAPRE3		-1.2914854	
SERTAD1		-1.2926599	
C1QTNF4		-1.2939646	
DCAF6		-1.2947115	
TAP2		-1.2963108	
CCDC69		-1.2974005	
RABEP2		-1.2981918	
CDKL2		-1.2989815	
EXOC2		-1.3021078	
1500004A13RIK		-1.3041745	
NDRG1		-1.3053409	
NCKAP1L		-1.3068562	
VPS18		-1.3073146	
MROH1		-1.3082112	
SHKBP1		-1.3086683	
ENTHD2		-1.3091872	
EXT2		-1.3105476	
IKBKG		-1.3105688	
GM12942		-1.3112942	
XPA		-1.3114355	
ANXA11		-1.3118572	
CAR13		-1.3154458	
AGTPBP1		-1.3155162	
RNF122		-1.3166014	
FBXO30		-1.3167183	
THNSL1		-1.3169316	
SIKE1		-1.3176385	
SIDT1		-1.318903	
CEPT1		-1.3193061	
SIDT2		-1.319553	
HACL1		-1.32066	
8430419L09RIK		-1.3210382	
PPCDC		-1.3218961	
MSN		-1.3229252	
DYRK1B		-1.3234115	
BC025920		-1.3234595	
GTPBP2		-1.3238802	
VHL		-1.3239014	
PLCXD2		-1.3247285	
VAMP2		-1.3252189	
INPP5F		-1.3254113	
TBPL1		-1.3259946	
GLCCI1		-1.3266267	
FRMD4B		-1.3271347	
ZSWIM4		-1.3285087	
VILL		-1.3299866	
CTNNBIP1		-1.3302506	
TTC5		-1.3303276	
SMPD5		-1.3304839	
CEP164		-1.3305804	
ETV6		-1.3307774	
BC017158		-1.3314893	
ACOT2		-1.3336425	
PRAMEF8		-1.3358213	
SLC25A23		-1.3361154	
RAB6B		-1.33667	
IFT43		-1.3369753	
RUFY2		-1.3373301	
GM6904		-1.3374556	
CNIH4		-1.3375168	
MAN2B1		-1.3376926	
HSD17B4		-1.3385493	
KIDINS220		-1.3389155	
SLC25A35		-1.3392906	
ABI1		-1.3403251	
CALCOCO1		-1.3410577	
ARL4C		-1.3413798	
ACBD5		-1.3434948	
TRPV2		-1.3440174	
ACAP1		-1.3441947	
PLXDC1		-1.3444072	
SKI		-1.3445309	
ABHD12		-1.3446475	
RNH1		-1.3469766	
SELO		-1.3473182	
RAB2B		-1.3475941	
SIPA1L1		-1.3511928	
RNF215		-1.3512493	
ETV3		-1.3513675	
RIOK3		-1.3515956	
RGL2		-1.3521158	
DNAJC6		-1.3535743	
6430562O15RIK		-1.3552436	
PDE2A		-1.3554415	
AA414768		-1.3571877	
VCPIP1		-1.3586065	
KCTD18		-1.3596282	
MYH9		-1.3607236	
PLD2		-1.3612033	
HLTF		-1.363249	
2310047M10RIK		-1.3669801	
ARPC3		-1.3695887	
TBCE		-1.3697996	
NGFRAP1		-1.3706651	
NARF		-1.3742307	
RAB26		-1.3755813	
MTSS1		-1.376533	
BIRC2		-1.3767394	
FADS2		-1.3768129	
INADL		-1.3802049	
RNF214		-1.3826917	
NEURL1B		-1.3828055	
ZMAT5		-1.384007	
KLHL28		-1.3841321	
ERRFI1		-1.3848487	
TAPT1		-1.3857139	
ALDH7A1		-1.3858347	
TMEM8		-1.3865651	
RNF123		-1.3867416	
FAM208A		-1.387719	
MPND		-1.3880548	
NHSL1		-1.3901864	
ING4		-1.3908342	
2310035C23RIK		-1.3910366	
PPP2R5A		-1.3921893	
ZFP944		-1.3922398	
KIFC1		-1.3937352	
ZBTB17		-1.3941439	
LMNTD2		-1.3956363	
SH3BGRL3		-1.3983493	
CCDC171		-1.3987012	
RAB11B		-1.3994795	
ELMOD3		-1.4007634	
CAPNS1		-1.4012071	
4933427D14RIK		-1.4013164	
OCRL		-1.4021304	
MX2		-1.4030278	
SLAMF6		-1.403166	
FRAT2		-1.4049706	
DAND5		-1.4054106	
GRINA		-1.4059418	
PCBP3		-1.4067593	
OXSR1		-1.4081966	
VMAC		-1.4090502	
FAM174A		-1.4097021	
PACS1		-1.4169114	
ZFP740		-1.4175276	
SEMA4D		-1.4175868	
SUPT20		-1.4180404	
ZDHHC4		-1.4181978	
SLC22A17		-1.4216911	
RELA		-1.4220903	
SPTLC2		-1.4231489	
POLR3GL		-1.4249907	
PLEKHA7		-1.4253899	
UBA7		-1.425939	
CELSR2		-1.4260538	
ARAP2		-1.4296255	
AMPD3		-1.4298631	
RHOBTB2		-1.4307106	
UBC		-1.4321425	
RABGGTA		-1.4329633	
LETM2		-1.4333183	
ANXA7		-1.4344457	
NAAA		-1.4345205	
R3HDM4		-1.4350573	
DCAF11		-1.4350919	
STK10		-1.4355887	
RIT1		-1.4358183	
SKIV2L		-1.4359503	
ELMO3		-1.4360358	
UBAC2		-1.4364517	
GNPTG		-1.4374679	
TAGAP		-1.4376683	
BMP2K		-1.4381456	
GALNT9		-1.4406976	
9030617O03RIK		-1.4409685	
MARK4		-1.4413623	
ARHGEF3		-1.4424477	
MAP3K11		-1.4435376	
SLC41A1		-1.4453343	
LGALS8		-1.4463586	
MSRA		-1.4471126	
SH3GLB2		-1.4486072	
1190002F15RIK		-1.4486219	
LCP2		-1.4530427	
ITGA4		-1.453834	
ACAA1A		-1.4539828	
ZFHX2		-1.4571879	
GUCD1		-1.4580207	
TOR4A		-1.4612201	
TBC1D22A		-1.4620261	
ZFP69		-1.4638237	
NFIA		-1.4650874	
RCN3		-1.4662821	
MARK2		-1.4672022	
MANBAL		-1.4677721	
CCDC126		-1.4691336	
HCST		-1.4695992	
TMEM50B		-1.4696491	
HIST2H2BE		-1.4697592	
SYAP1		-1.4712964	
INPP5B		-1.4713265	
SDCCAG8		-1.4728718	
HOOK2		-1.4750848	
TRPM4		-1.4757524	
COMMD4		-1.4804507	
SUCO		-1.4810343	
RASAL3		-1.4850465	
UBLCP1		-1.4879243	
PEX11B		-1.488254	
MOCOS		-1.4887646	
PCYT1B		-1.489898	
SREBF2		-1.4904511	
4921531C22RIK		-1.4925132	
DNAJA4		-1.4933487	
ERN1		-1.495242	
ST3GAL6		-1.4954259	
AGPAT3		-1.4966656	
COQ10A		-1.4980445	
AGTRAP		-1.5001656	
GGT7		-1.5018395	
SCP2		-1.5063845	
ADAMTSL4		-1.5064957	
RCOR3		-1.5065794	
ALS2CL		-1.5095835	
LATS2		-1.5097772	
ADAM8		-1.5105485	
SUPT4A		-1.5109814	
PIP4K2C		-1.5130317	
ALDH4A1		-1.5140516	
ESYT1		-1.5158317	
VPS4A		-1.5171881	
DOPEY1		-1.5208423	
TBCD		-1.5220816	
B230219D22RIK		-1.5237051	
4930526I15RIK		-1.5247875	
ARVCF		-1.5249211	
CD200		-1.5258013	
TMEM43		-1.526274	
H2-T24		-1.5281705	
JARID2		-1.5284787	
E130311K13RIK		-1.5290391	
GPR107		-1.5292063	
PRSS16		-1.5312161	
LRP10		-1.5319629	
USF1		-1.5323433	
PANK4		-1.533214	
MIR3064		-1.5338397	
TRIM26		-1.533923	
ZER1		-1.5341818	
ZYG11B		-1.5354425	
MCUR1		-1.5373403	
METTL21A		-1.5388626	
SNX33		-1.5388665	
RBM18		-1.5399865	
ZMYM3		-1.5411522	
YIPF1		-1.5413297	
LPPOS		-1.5448562	
RASGRP1		-1.5449826	
MICALL1		-1.5452038	
GM5547		-1.5453223	
MAN2B2		-1.547469	
PARP14		-1.5484216	
LBR		-1.5492476	
SEC24D		-1.5492674	
PLEKHO1		-1.5507321	
FAM64A		-1.5511458	
FURIN		-1.5522592	
RHBDD1		-1.5552603	
CEP120		-1.5555195	
TRIM23		-1.5568432	
NAP1L4		-1.5572174	
NPDC1		-1.5585961	
SLC2A4RG-PS		-1.5592386	
NR1D2		-1.5597543	
CABIN1		-1.5598369	
CACNA1A		-1.5598915	
ZFR2		-1.5603151	
APOL7E		-1.5631303	
DOCK8		-1.563797	
DPM2		-1.5649498	
TK2		-1.5662507	
PARP16		-1.5665947	
ZFP61		-1.5668035	
SMIM8		-1.5691218	
CCDC102A		-1.5695994	
ALDOC		-1.5697334	
RORA		-1.5698656	
FAM65A		-1.5707338	
KAT6A		-1.5712793	
CORO1A		-1.5723302	
NAGA		-1.5725554	
SV2A		-1.5729454	
C2CD2		-1.5738614	
TMEM221		-1.5740666	
BCL11B		-1.574983	
ZAP70		-1.5798619	
SPATA6		-1.5806249	
ECH1		-1.581865	
NPRL2		-1.5820004	
MYD88		-1.5823131	
ZC3H4		-1.582342	
TMED8		-1.5826232	
QPRT		-1.5831627	
PPAPDC2		-1.5832652	
9930111J21RIK1		-1.5851535	
STXBP1		-1.5854384	
PML		-1.5855609	
CLEC2I		-1.5857975	
MYL6		-1.5871434	
ZDHHC20		-1.5873802	
LAMP1		-1.5893842	
ITGB2		-1.5902783	
KRT222		-1.5915457	
D17H6S56E-5		-1.5919877	
ART2A-PS		-1.5940343	
WDR81		-1.5954229	
EHBP1L1		-1.5969545	
PCMTD2		-1.5975766	
TRIM12A		-1.5976783	
GNG10		-1.5994319	
RAB5C		-1.5995688	
TACC1		-1.6022093	
GPRC5B		-1.6037062	
NUCB2		-1.604318	
CAMK2D		-1.6052401	
ATHL1		-1.6064085	
TRAPPC6A		-1.606712	
LONP2		-1.6077255	
PHF1		-1.6091185	
CDKN1B		-1.6107326	
SUV420H2		-1.6108173	
SLC12A4		-1.6121716	
PHKA2		-1.6130308	
PRKDC		-1.6135182	
1700040L02RIK		-1.6141248	
FOS		-1.6166171	
XYLT2		-1.6177562	
SMG9		-1.6185687	
ASXL1		-1.6193683	
ALDH3A2		-1.6207354	
PGAP1		-1.6213523	
MYL12B		-1.6235379	
CEBPA		-1.6251043	
EZR		-1.6269704	
CROT		-1.6279956	
ZFYVE28		-1.6287007	
KDM5D		-1.6293234	
EML2		-1.6299552	
DIP2B		-1.6306448	
RYR3		-1.6317421	
CCDC28A		-1.6323086	
QPCTL		-1.6325853	
BCL7B		-1.6343371	
ST7L		-1.6344705	
HES6		-1.6357163	
TSSC1		-1.6404452	
CCAR2		-1.6409062	
TALDO1		-1.6410764	
CCDC88C		-1.642658	
SIAH3		-1.643017	
PEA15A		-1.6433574	
MAML1		-1.643435	
HRH2		-1.6448884	
CYB561D1		-1.6455168	
CDK5RAP3		-1.6458936	
MLLT6		-1.6474252	
LYST		-1.6490334	
1600014C10RIK		-1.6494948	
RNF166		-1.6503972	
ZKSCAN3		-1.6504236	
AP1G2		-1.651697	
TMEM80		-1.6529667	
ITGA3		-1.6545483	
ARID3B		-1.6557596	
AU040320		-1.6568388	
SLC4A2		-1.6571729	
SCPEP1		-1.6593841	
AGBL5		-1.6597048	
BC029214		-1.6599766	
VPS39		-1.664239	
MAST3		-1.6647589	
MANBA		-1.6665212	
TMEM127		-1.6669751	
GPSM2		-1.6681851	
1700056E22RIK		-1.6686633	
FAM32A		-1.6689396	
NIN		-1.6712881	
SPSB3		-1.6739192	
ZFP358		-1.674482	
ACTR6		-1.6756892	
INPP5E		-1.676099	
KCNAB2		-1.6784456	
SNX14		-1.6784468	
FBXL8		-1.6791875	
CCDC130		-1.6798171	
EXD2		-1.6812783	
CXX1C		-1.6820916	
UCKL1		-1.6848612	
PTP4A2		-1.685106	
JDP2		-1.6865944	
ANTXR2		-1.6866187	
SLC45A4		-1.686811	
SUN2		-1.6878353	
OS9		-1.6883131	
RAPGEF6		-1.6894099	
SLC48A1		-1.691333	
EYA2		-1.6916614	
RB1CC1		-1.6926036	
APOBEC1		-1.6945907	
POLD4		-1.6965628	
ZCCHC18		-1.6989129	
2310067B10RIK		-1.7010227	
TUG1		-1.7036823	
PRKCZ		-1.704106	
ADK		-1.7057667	
GPT		-1.7061259	
MOB2		-1.7076932	
FYN		-1.7078538	
TSPAN32		-1.7081968	
GPR137B-PS		-1.7091675	
NEIL1		-1.7104211	
SLC16A3		-1.7145014	
ACAP2		-1.715024	
MUS81		-1.7172573	
EDEM2		-1.7189639	
HBP1		-1.7224247	
LIMD2		-1.7227191	
SLC50A1		-1.7233338	
MOV10		-1.7237087	
KDM4C		-1.7245347	
TMEM234		-1.7249826	
CLIP1		-1.7250268	
A530088E08RIK		-1.7251675	
RARG		-1.7255509	
CERKL		-1.7268517	
INPPL1		-1.7269998	
KCNH2		-1.7291675	
ZCCHC6		-1.7292777	
CYP4F13		-1.7294518	
ANKZF1		-1.7315742	
MAP3K1		-1.73251	
LACE1		-1.7327694	
TTC17		-1.7341347	
NUDT16		-1.7344744	
MOB3B		-1.7363722	
FAM160B2		-1.7382082	
DEGS2		-1.7394891	
PTBP3		-1.739506	
UQCC3		-1.7399883	
FABP5		-1.7405404	
LLGL1		-1.7457877	
RICTOR		-1.746382	
TRIM2		-1.7482563	
FGF13		-1.7482858	
LAMP2		-1.7494861	
UBXN6		-1.7537992	
BAZ2B		-1.7562238	
1500015A07RIK		-1.7566453	
ZNHIT2		-1.7570286	
WDR45		-1.7580597	
UNKL		-1.7592945	
NXPE3		-1.762036	
A230046K03RIK		-1.7711775	
H2-K2		-1.7716315	
ICAM2		-1.7718204	
TOR1AIP1		-1.7720962	
CASP2		-1.775521	
RAC2		-1.7755891	
GLUL		-1.7760503	
ACVR1B		-1.7764833	
AP1B1		-1.7770404	
AKIRIN1		-1.7776462	
DOK1		-1.7782476	
FBXO32		-1.7783372	
PIGYL		-1.7789702	
CYTH2		-1.7792891	
GALNT11		-1.7814378	
ASPSCR1		-1.7853504	
WBP1L		-1.7866449	
ZHX2		-1.7877947	
3110052M02RIK		-1.7890536	
KDM3A		-1.7899063	
ARPC1B		-1.7903987	
EIF2AK1		-1.7917188	
HECTD1		-1.7970339	
TNFRSF12A		-1.7982445	
TSPYL1		-1.8001448	
ITGAM		-1.801299	
4933412E12RIK		-1.801777	
CASP6		-1.801963	
ZSWIM6		-1.8027469	
ZBTB42		-1.8036304	
PLEKHA3		-1.8062015	
ARHGAP9		-1.8081994	
OSBPL9		-1.8096983	
CDK5		-1.8109148	
SYF2		-1.8121469	
DDX60		-1.813373	
CDKN2AIP		-1.8150778	
ADAP1		-1.8153621	
PPDPF		-1.8155909	
STOML1		-1.8165851	
9930012K11RIK		-1.8187298	
PIAS3		-1.8236378	
PITPNC1		-1.8239917	
TMEM134		-1.8261989	
PPT1		-1.8287098	
MAP4K2		-1.8301607	
E230016M11RIK		-1.8325363	
TNIP3		-1.8362784	
TNFRSF23		-1.8385899	
BCL10		-1.839024	
PPP1R18		-1.839683	
UBE2B		-1.8398252	
NTRK3		-1.8398572	
DHRS1		-1.8401583	
44810		-1.8416437	
GM15133		-1.8433069	
ISG15		-1.8457164	
HSPA4L		-1.8463099	
RPA1		-1.8478174	
CCDC28B		-1.8488268	
IRGM1		-1.8523873	
NFE2L2		-1.8524735	
ATG12		-1.8543875	
IL18R1		-1.8554984	
ZFAND2B		-1.8570552	
ATP2A3		-1.858437	
TBXA2R		-1.8692198	
MFSD11		-1.8695034	
MED13L		-1.8699505	
ETHE1		-1.871085	
FAM192A		-1.8725109	
JUP		-1.8736342	
GNB4		-1.8745986	
KDM5A		-1.8768259	
LY9		-1.8773841	
9330179D12RIK		-1.8775402	
RGS11		-1.8781544	
ANKRD6		-1.8782898	
RAMP3		-1.8791153	
RNLS		-1.8795953	
SUSD6		-1.88008	
VAMP5		-1.8816676	
BLOC1S1		-1.8845626	
GRAMD1A		-1.8877383	
SCML4		-1.8913788	
PDE6D		-1.8930118	
TTYH3		-1.8939084	
NIPAL3		-1.8950254	
MALAT1		-1.8964154	
NBR1		-1.8975062	
MS4A6D		-1.8984135	
DCLRE1C		-1.8985666	
LTB		-1.9022566	
CKB		-1.9023007	
AI413582		-1.9032271	
ZFP84		-1.9052595	
CEP44		-1.905894	
ALDH2		-1.9062316	
RASSF5		-1.908178	
TMEM176A		-1.9093605	
INPP4A		-1.9095	
PLIN3		-1.910599	
CD96		-1.9115235	
MCOLN1		-1.915468	
TNIP2		-1.9157159	
MTMR6		-1.9160517	
TUBB2A		-1.9181489	
PIK3IP1		-1.9184289	
IRS2		-1.9209437	
ABCD1		-1.9262593	
ATF7IP		-1.9272588	
KDM5B		-1.9279909	
TAOK3		-1.9289937	
ULK1		-1.932333	
TKFC		-1.9380913	
CPT1A		-1.9385351	
CAMK2B		-1.9467055	
CAPN1		-1.9468645	
44813		-1.9479566	
IRAK4		-1.952292	
CTLA2A		-1.952582	
SSBP4		-1.954097	
TBC1D14		-1.9603945	
CD3D		-1.9608654	
FKBP15		-1.961792	
FCHO1		-1.9633565	
CDKN2C		-1.9635487	
RDM1		-1.9667361	
EPHX1		-1.9679598	
TAP1		-1.9691198	
ZFP945		-1.9702069	
BC017643		-1.9711617	
SEMA4A		-1.9723839	
CHMP1A		-1.9725726	
RNF181		-1.9740689	
1110012L19RIK		-1.9748884	
44805		-1.9762324	
RERE		-1.9806399	
NFATC3		-1.9812945	
MGEA5		-1.9825407	
TBC1D30		-1.9835426	
PDZD2		-1.9854264	
MIIP		-1.985429	
TVP23A		-1.988791	
IL16		-1.9899578	
ZKSCAN14		-1.9904813	
3110057O12RIK		-1.9920304	
NDFIP2		-1.9983249	
TMUB2		-2.00054	
WIBG		-2.0007038	
SEPW1		-2.0029547	
ZFP382		-2.0036523	
PIK3CG		-2.0050433	
SAMHD1		-2.0054102	
STAT4		-2.0064104	
PTEN		-2.0087554	
INO80C		-2.0090308	
CD247		-2.0098631	
HMG20A		-2.0101984	
TMEM138		-2.014876	
DDAH2		-2.0154924	
CCSAP		-2.0181482	
TMEM59		-2.021282	
CDH24		-2.0219285	
MAP1LC3B		-2.0226264	
ADD1		-2.0236168	
1700052K11RIK		-2.0239515	
UCP2		-2.0268192	
STAT3		-2.0282965	
TMEM106B		-2.0287917	
DAZAP2		-2.0289407	
UNC5CL		-2.0290465	
VPS28		-2.0318298	
SLU7		-2.0353696	
SMPDL3A		-2.0359383	
CTSD		-2.038237	
HAGHL		-2.0442293	
FRYL		-2.044245	
NEURL3		-2.0444021	
TNFRSF1A		-2.0485086	
CARNS1		-2.0503998	
ATP2B1		-2.0539207	
ATG9A		-2.0545604	
TMEM194B		-2.054822	
TBC1D9B		-2.0597863	
MAP3K14		-2.0617404	
DPYSL2		-2.06229	
HIST3H2BA		-2.0629778	
FAM49A		-2.0643785	
H1F0		-2.0645103	
B4GAT1		-2.0652108	
1810034E14RIK		-2.065552	
PTPRCAP		-2.0659103	
ZFP386		-2.0686793	
CDC42SE2		-2.0715313	
SMOX		-2.0720716	
DCK		-2.0724363	
GLTSCR2		-2.0747776	
GPR108		-2.0753336	
CORO2B		-2.0757055	
USP6NL		-2.0789227	
ST3GAL1		-2.080148	
TMEM30A		-2.0838645	
CYB5A		-2.0868304	
CBR1		-2.087902	
STX11		-2.0887914	
TDRP		-2.0890741	
RAVER2		-2.0901263	
RALB		-2.0921443	
PANX1		-2.0926487	
PCIF1		-2.0928674	
TRAPPC9		-2.0934234	
ANXA2		-2.1001444	
SLC25A53		-2.1007564	
TBC1D10C		-2.100847	
IFNAR1		-2.1023607	
TMCO6		-2.1043236	
SNX32		-2.1062474	
FOXK1		-2.1066182	
CRY1		-2.1066463	
2210417A02RIK		-2.11251	
CNPPD1		-2.1142468	
HIBCH		-2.114413	
RNF41		-2.1154904	
YPEL5		-2.1238968	
SLC25A20		-2.1249309	
IGF1R		-2.1253538	
SLC46A3		-2.1253548	
EPDR1		-2.126529	
MICU1		-2.1271615	
HPS3		-2.129139	
FCHSD1		-2.1332576	
ADRB2		-2.133376	
HERC6		-2.1392417	
ZFP710		-2.139542	
APLP1		-2.1408572	
ABHD16A		-2.1425269	
TMEM176B		-2.143427	
5830428M24RIK		-2.1484778	
ACSF2		-2.1543927	
BNIP3L		-2.1569083	
MADD		-2.159228	
ARC		-2.1617386	
BAZ2A		-2.1619098	
CIZ1		-2.1624932	
L1CAM		-2.162782	
ACOX3		-2.1629925	
MAP3K5		-2.1687748	
JAK1		-2.168888	
ATP1B1		-2.1709156	
CD7		-2.171743	
ANKRA2		-2.1724117	
TSC22D4		-2.1787589	
CHMP4B		-2.1836748	
STX5A		-2.1838121	
ABAT		-2.1840768	
SLC12A8		-2.1889942	
NDRG2		-2.1895163	
FBXO17		-2.189638	
TRAF3IP2		-2.1909	
TMX4		-2.1919956	
TMPRSS13		-2.1923494	
D930020B18RIK		-2.1925309	
GPR183		-2.1934583	
KANSL1		-2.196664	
POR		-2.1984792	
ARRB1		-2.2050328	
PRICKLE3		-2.2064345	
KLF2		-2.2065988	
PRPF18		-2.207757	
RGS10		-2.207946	
IL18RAP		-2.2079916	
WDFY2		-2.2146666	
CYP4V3		-2.2185667	
NSG2		-2.218637	
TMEM179B		-2.2211983	
HADHB		-2.2212138	
LETMD1		-2.2216687	
1500011B03RIK		-2.2225876	
EVI5L		-2.2269967	
SYPL		-2.2293537	
MYO6		-2.2296987	
EML3		-2.23249	
CELA1		-2.2325566	
MALT1		-2.233153	
EGLN2		-2.2363627	
SPTLC1		-2.2373102	
USP38		-2.2380908	
AES		-2.239192	
PMEL		-2.2502937	
EIF2AK2		-2.251633	
CITED2		-2.254663	
PKN1		-2.2550673	
ZFAND6		-2.2553585	
SERINC1		-2.2565494	
SLC2A9		-2.2594798	
FIBP		-2.2600307	
DCAF8		-2.26009	
44622		-2.260225	
TOR2A		-2.261354	
DLEU2		-2.2630231	
ARHGAP30		-2.2671163	
SLC35D2		-2.2680886	
LRRC8A		-2.2761378	
B3GALT4		-2.276991	
GIMAP8		-2.2769928	
PTK2B		-2.281626	
TXNDC16		-2.2829669	
ZHX1		-2.2863042	
PIK3CD		-2.2886026	
CD47		-2.292231	
RAB3A		-2.2969284	
GM16675		-2.3037202	
1700025G04RIK		-2.3038328	
SIT1		-2.3080888	
ARHGAP15		-2.309075	
ZFP677		-2.3098304	
ARHGEF1		-2.3124733	
GRHL1		-2.3168933	
ZNRF1		-2.3173993	
IL27RA		-2.3184783	
IFIT2		-2.3194246	
GM15708		-2.326878	
CHMP1B		-2.3274364	
CERS4		-2.3304565	
TGFBR3		-2.3320327	
GM17455		-2.3340418	
SORCS2		-2.3343902	
SLC5A3		-2.3363297	
UHRF1BP1L		-2.3377924	
MAP4K1		-2.3391538	
TMEM9B		-2.339753	
SERPINI1		-2.343146	
TRAT1		-2.3464887	
CNN2		-2.3499477	
DOCK2		-2.3514705	
SLC12A9		-2.3516607	
BC147527		-2.3521643	
PNPLA7		-2.3523734	
AFP		-2.3534184	
WBP2		-2.354656	
PDLIM4		-2.3554177	
BZRAP1		-2.3568456	
ARHGEF11		-2.3581192	
PCED1B		-2.3641608	
MAF1		-2.366439	
AP3S1		-2.3667617	
HSPB11		-2.3695064	
LIMS1		-2.370616	
LRIG2		-2.3718941	
D8ERTD82E		-2.3744783	
BATF		-2.37722	
ZFP831		-2.3774178	
CNOT6L		-2.3788588	
EXOC1		-2.3790805	
SRD5A3		-2.3825586	
SMTN		-2.3831642	
GPCPD1		-2.384616	
SFXN3		-2.3850024	
TRIM30A		-2.3866384	
DNASE2A		-2.386842	
NPC2		-2.3955176	
ANXA5		-2.3998904	
TRIM56		-2.4048796	
VWA5A		-2.4050627	
VRK1		-2.4058242	
AP3B1		-2.4075997	
ARHGAP26		-2.4082813	
ANKRD44		-2.4125004	
ZMYM5		-2.4131103	
GDI1		-2.4132266	
PDK1		-2.4148316	
STAT5B		-2.4254723	
NCKAP5L		-2.4284341	
RAB27A		-2.4284585	
TRIM8		-2.433024	
SGMS1		-2.4347343	
ZC3H7A		-2.4359214	
ABCB9		-2.4373574	
STX1A		-2.4380271	
SORBS1		-2.4406235	
PCBP4		-2.4414241	
ITM2B		-2.4438741	
BSCL2		-2.4463928	
ADAT3		-2.4476762	
UBTD1		-2.44823	
ANKRD46		-2.4499211	
KLF8		-2.4511766	
PIPOX		-2.451727	
SPTAN1		-2.456233	
IFIT3		-2.4589217	
KIF13A		-2.4590893	
GRN		-2.4596019	
JUN		-2.4651854	
KLRB1F		-2.4655507	
GNAI3		-2.4656646	
1700096K18RIK		-2.4681046	
MOB3A		-2.4684086	
CREB3L2		-2.4710054	
MYO1G		-2.4714732	
MIDN		-2.4741285	
RIC8		-2.4760587	
ADCK2		-2.478285	
BC094916		-2.478415	
TDRKH		-2.4802046	
DERL1		-2.4817348	
MBOAT1		-2.4819126	
AREL1		-2.4855995	
FOXO1		-2.4861424	
GSTT2		-2.4867742	
CMAH		-2.4879026	
ELMO2		-2.4887378	
ADAR		-2.4908917	
BAIAP2		-2.4911458	
MAP7		-2.4922922	
ARSA		-2.493661	
KDM7A		-2.5001833	
AKT2		-2.506977	
LRRC28		-2.507165	
RFXANK		-2.507211	
2810001G20RIK		-2.5134516	
SGPL1		-2.5160058	
TMEM167B		-2.5160496	
PPP2R5C		-2.5185235	
FUT8		-2.5200737	
AAED1		-2.5204155	
LMBRD1		-2.5238807	
FAM117B		-2.526243	
FAM98C		-2.5275047	
MFSD1		-2.5275357	
TMSB10		-2.5297856	
PRR13		-2.5325494	
B430306N03RIK		-2.5332813	
THTPA		-2.5338674	
UBALD1		-2.5368903	
PEX11A		-2.5375013	
PDLIM1		-2.5376487	
SLC37A2		-2.5391872	
B3GNT5		-2.5446312	
FXYD5		-2.5460153	
PINK1		-2.5518985	
F2RL1		-2.553776	
TLE3		-2.5552292	
2610035D17RIK		-2.5553572	
SEC22C		-2.5554566	
NSF		-2.5572941	
RAB4B		-2.5577624	
BAIAP3		-2.5618548	
HELZ2		-2.562984	
KLHL3		-2.5648596	
FMO5		-2.565064	
CDC25B		-2.5654907	
MAN1C1		-2.568393	
PHF11A		-2.5684776	
SLC12A6		-2.568972	
UNC13D		-2.569169	
MYLIP		-2.5705962	
CECR5		-2.5727391	
AKNA		-2.584225	
GBP9		-2.584817	
VAMP1		-2.5852454	
CAST		-2.5867019	
ZSWIM8		-2.595875	
ENTPD5		-2.596358	
MKS1		-2.5983589	
HIST2H4		-2.5985608	
EMC9		-2.6003184	
FAM134C		-2.600371	
ACBD4		-2.6010547	
FGD3		-2.602984	
D930028M14RIK		-2.605057	
S100A13		-2.607955	
ZBP1		-2.6100118	
MAN2A1		-2.6119356	
ISG20		-2.6138325	
TPCN1		-2.6155546	
TECPR1		-2.615955	
TJP3		-2.616316	
HMOX1		-2.6173506	
SUFU		-2.6294737	
SELPLG		-2.6305978	
DDX6		-2.6310205	
CREBRF		-2.6322496	
LAPTM5		-2.6335697	
ELOVL6		-2.6416695	
SBF1		-2.64185	
MAGEF1		-2.6545594	
TREML2		-2.6550157	
FAM63A		-2.6553187	
TMC3		-2.6585019	
NOTCH1		-2.6587458	
ADAMTS10		-2.6610935	
HEXA		-2.6674159	
ATP6V1D		-2.6708522	
CNGA1		-2.6722062	
LBH		-2.679953	
CRIP1		-2.6834543	
CMTM6		-2.694159	
CD37		-2.6959689	
SDCBP		-2.6993046	
SCAND1		-2.699796	
SUN1		-2.7075794	
VRK3		-2.710294	
IFNGR1		-2.7109416	
GPR68		-2.715191	
RAB37		-2.7167847	
SRGN		-2.7178395	
ULK3		-2.720557	
MVB12B		-2.7215564	
PXMP4		-2.7217736	
ABCC5		-2.7236404	
ARMCX2		-2.7386642	
ATF6		-2.740434	
CTPS2		-2.7440317	
RAB29		-2.745832	
GRB7		-2.7460334	
TIAM1		-2.749403	
DNM2		-2.7500303	
CIRBP		-2.754149	
QSOX1		-2.7579095	
44814		-2.7586856	
1110008P14RIK		-2.766657	
DAXX		-2.7684376	
GLIPR2		-2.7719114	
AGFG2		-2.7749357	
OAS3		-2.7778463	
ZNFX1		-2.7811303	
FBLN1		-2.7817805	
CCPG1		-2.7828465	
GIT2		-2.7870746	
NOD1		-2.7878728	
ARHGEF10		-2.7911959	
MICAL1		-2.7936585	
ZFP513		-2.7971635	
TRAFD1		-2.797915	
TRAF3IP3		-2.7992766	
GBA		-2.800125	
FRAT1		-2.802067	
KLF13		-2.8021975	
TSPAN14		-2.8036125	
RNF125		-2.805017	
SEC14L1		-2.806988	
5830416P10RIK		-2.8233457	
RGCC		-2.8295193	
SH2D3C		-2.8403945	
AB124611		-2.8431625	
SPTBN1		-2.8436358	
LENG9		-2.8445215	
ADCK3		-2.8472903	
FLNA		-2.848611	
IKZF1		-2.8504043	
LIMK2		-2.8601925	
MDP1		-2.8604703	
TMEM106A		-2.8658116	
SORL1		-2.8671334	
ERBB2IP		-2.8689315	
SPO11		-2.8693686	
ARRB2		-2.871328	
KLHL4		-2.87281	
SIRT2		-2.8742433	
S100A10		-2.8753576	
SLFN2		-2.8757718	
DEDD2		-2.8759687	
4930417O13RIK		-2.876431	
LEPROT		-2.8768992	
POU6F1		-2.8801737	
RDH12		-2.8841348	
CCNDBP1		-2.8843307	
DEF6		-2.892303	
HTATIP2		-2.8946426	
TNFRSF14		-2.896996	
5430421N21RIK		-2.8981178	
ECM1		-2.9019637	
KLHL24		-2.902882	
USP18		-2.9057636	
P4HA2		-2.9068034	
ACSBG1		-2.9087622	
EGLN3		-2.9092252	
AFAP1		-2.9125872	
LRRC8C		-2.9136865	
PLD3		-2.914839	
UAP1L1		-2.9163663	
SHISA5		-2.9293137	
YIPF3		-2.9307804	
LRRFIP1		-2.930963	
MGST2		-2.9324293	
PLEKHO2		-2.933954	
EGR1		-2.9364376	
NRBP1		-2.9367952	
JAZF1		-2.9375935	
MPP2		-2.9391665	
RTN4RL1		-2.946323	
GATSL2		-2.9472537	
BC021614		-2.9497147	
A430078G23RIK		-2.950373	
CUX1		-2.9504592	
HPS1		-2.9505894	
EHD3		-2.9539084	
TPP1		-2.9560225	
SETD4		-2.9593036	
MAFG		-2.9620159	
NDFIP1		-2.9638126	
UBE2H		-2.9687629	
PRKD2		-2.97951	
PDE4B		-2.981138	
NATD1		-2.9834533	
ABTB1		-2.985878	
CEP97		-2.9922214	
ISOC2B		-2.995079	
LINCPINT		-3.0038621	
PRKACB		-3.0066018	
ARMC5		-3.0101044	
ANO6		-3.0113273	
AP3D1		-3.0209794	
GRK6		-3.02565	
IFIT1		-3.0316496	
2810474O19RIK		-3.034536	
RNF114		-3.0355706	
SESN3		-3.036569	
TRIB3		-3.0411036	
SH2D1A		-3.0447776	
CHPF2		-3.0475593	
KLHDC1		-3.048352	
ASAP1		-3.0502532	
CCM2		-3.055716	
SYT13		-3.07191	
BCL9L		-3.0728383	
BIN2		-3.0765321	
PRKCB		-3.07833	
HSH2D		-3.0788212	
SBK1		-3.0816178	
CACNB1		-3.083113	
GPSM3		-3.086929	
USP35		-3.0926347	
MX1		-3.0941248	
ITFG3		-3.0951133	
CYTH4		-3.0996933	
SAMD9L		-3.1000886	
FRMD8		-3.1187263	
LPCAT4		-3.122619	
MLLT3		-3.1232452	
HID1		-3.1300383	
ZFP36L2		-3.1339731	
DDIT4		-3.1391184	
AXIN2		-3.1615462	
SLC25A24		-3.1687415	
SDCBP2		-3.1693735	
ARSB		-3.1719449	
IFFO1		-3.174748	
RBMS1		-3.1751118	
PREX1		-3.178115	
ADCY6		-3.1785505	
ASB2		-3.183335	
TUBB2B		-3.1866717	
NBEAL2		-3.1867688	
FAM189B		-3.1877284	
CHFR		-3.1883485	
IL1RL2		-3.1897902	
GNA15		-3.1912816	
SH3KBP1		-3.1939747	
SERPINB6A		-3.202632	
GTF2I		-3.2064726	
CARD11		-3.2110724	
RASSF2		-3.217494	
ZC3HAV1		-3.2176695	
SMPD1		-3.2183468	
GLG1		-3.2204187	
ABR		-3.2219224	
PTPRC		-3.2255778	
FAM105A		-3.2294822	
S100A6		-3.2428558	
SMAD3		-3.2441225	
NCMAP		-3.2443724	
NTN1		-3.2498934	
ATP6AP2		-3.251559	
BCL3		-3.2551444	
RPS6KA5		-3.2558594	
APOLD1		-3.2602894	
IKZF2		-3.270122	
CDH23		-3.270408	
RASGEF1A		-3.2710762	
NLRC3		-3.2735646	
ROPN1L		-3.279056	
BIN1		-3.2801254	
JAK2		-3.2872553	
CYP2S1		-3.2895494	
CD2		-3.3026834	
FLI1		-3.3106637	
PSAP		-3.3156168	
PITPNM1		-3.3253238	
P2RY10		-3.3271544	
5031425E22RIK		-3.3399408	
C920025E04RIK		-3.3481545	
ARHGAP4		-3.3539717	
RAB19		-3.3553898	
PLCB4		-3.3556538	
AMDHD2		-3.3577302	
PTRH1		-3.3636515	
BTLA		-3.364499	
TTC38		-3.3698902	
HP1BP3		-3.3700123	
OSBPL5		-3.370604	
SUPT7L		-3.3736632	
CTDSP2		-3.3786418	
GIMAP4		-3.3786662	
H2-T23		-3.3792577	
BCAS3		-3.379657	
SYNJ2		-3.3824568	
GLTP		-3.385016	
D1ERTD622E		-3.391294	
PRKAR1A		-3.391382	
MKRN1		-3.3976598	
DENND3		-3.398838	
ATP1A3		-3.410696	
DNAH8		-3.4244182	
KLC3		-3.4289577	
KCNA2		-3.4292374	
ITPKB		-3.4326973	
ARMC7		-3.4351702	
CCNG2		-3.4478214	
ABHD15		-3.448259	
SLC41A3		-3.4483244	
RYR1		-3.452294	
FUT7		-3.4533958	
SKAP2		-3.456442	
PBXIP1		-3.4621077	
MS4A4B		-3.4621973	
PSTPIP1		-3.4627836	
ZFP53		-3.463511	
TCF7		-3.465856	
SLC44A2		-3.465987	
OASL2		-3.466655	
CRMP1		-3.4669611	
TPRA1		-3.4683106	
PPTC7		-3.4734097	
ABCA2		-3.4745934	
GM14718		-3.477076	
CTSO		-3.4874547	
TCN2		-3.4875069	
CACNA2D4		-3.4902847	
RAP1GAP2		-3.4953043	
AP5Z1		-3.4981427	
E2F2		-3.5120456	
PTPN22		-3.514886	
NEDD9		-3.5155168	
PQLC3		-3.5230494	
PNKP		-3.5267055	
TRP53INP1		-3.5292928	
2610008E11RIK		-3.53529	
TMEM50A		-3.5354085	
RUNX1		-3.543437	
RNF167		-3.5474858	
IPMK		-3.5581367	
CYTH1		-3.5601258	
DOK2		-3.5731344	
MGRN1		-3.5911164	
TMEM191C		-3.5957553	
S100A4		-3.5982037	
GNPTAB		-3.601602	
AHNAK		-3.6063437	
FAS		-3.60998	
KIT		-3.6254854	
FAM78A		-3.6265576	
SLC25A45		-3.627395	
VIPR1		-3.6275923	
NDRG4		-3.6278403	
MFGE8		-3.6302621	
MTURN		-3.6389194	
SNRK		-3.6392684	
PON2		-3.6445506	
4932438A13RIK		-3.6557012	
S100A11		-3.6560812	
DTX3		-3.6690042	
SUSD1		-3.6725276	
ACVRL1		-3.6772718	
CD1D1		-3.6795838	
METTL7A1		-3.6832576	
SPN		-3.683541	
MAF		-3.6857266	
STK17B		-3.6990767	
CYTIP		-3.7029061	
TPST2		-3.7065995	
TAX1BP1		-3.7092435	
GSDMD		-3.71575	
CARHSP1		-3.737304	
GATSL3		-3.738578	
MAPK11		-3.7450187	
IFIT1BL1		-3.7536442	
CDK19		-3.754518	
STK4		-3.7570217	
CRLF2		-3.7586708	
SLC43A2		-3.7625313	
ITPR3		-3.775326	
KIF5C		-3.7760575	
SQSTM1		-3.777935	
ABHD8		-3.7786205	
FLT3L		-3.779807	
IL1R2		-3.7809134	
CDC14B		-3.7846715	
MATK		-3.7953217	
AGAP2		-3.8050573	
OAS2		-3.8126504	
TGFBR2		-3.8226187	
S100A3		-3.8400226	
LPIN1		-3.840888	
CD84		-3.8581824	
INPP5K		-3.8589816	
TSPYL4		-3.865652	
FYB		-3.8771315	
PYDC3		-3.8927696	
SYP		-3.894205	
ARHGAP1		-3.8967428	
NTNG2		-3.8993149	
RCBTB2		-3.9071627	
WBSCR27		-3.9446084	
RINL		-3.9509687	
6330416G13RIK		-3.9509778	
TMC6		-3.9789991	
DAP		-3.9800127	
ARHGEF18		-3.9867897	
PKP4		-3.988075	
LY6A		-3.9967139	
TCP11L2		-4.006087	
HPCAL1		-4.0083494	
GLMP		-4.0094385	
LMBR1L		-4.017672	
ARNTL		-4.02479	
RSAD2		-4.0341387	
SETX		-4.0358086	
SERINC5		-4.037426	
MAP4K4		-4.053902	
SP100		-4.056593	
TSPAN5		-4.062347	
EPHB6		-4.066073	
ILTIFB		-4.08226	
TNFAIP8L2		-4.085247	
HIVEP2		-4.086632	
FAM20A		-4.088323	
TRIM25		-4.092762	
GIMAP6		-4.1062856	
ST6GAL1		-4.109143	
LEF1		-4.1138296	
SLC43A1		-4.1142793	
SLC4A8		-4.123136	
EVA1B		-4.1293097	
SARAF		-4.1394906	
44627		-4.1485777	
FLOT2		-4.1503634	
C030034L19RIK		-4.159724	
TRIM34A		-4.167851	
PKP3		-4.1731687	
TWF2		-4.177714	
ZC3H12D		-4.177734	
A430088P11RIK		-4.185512	
VIM		-4.195784	
2010016I18RIK		-4.1974406	
IL6RA		-4.201953	
HVCN1		-4.2055416	
DHRS7		-4.207631	
TNFAIP8L1		-4.2090287	
PARP9		-4.212712	
GPR132		-4.222407	
MS4A6B		-4.2300053	
HPGDS		-4.232333	
IKZF3		-4.2324524	
CCDC92		-4.2384005	
ARID5B		-4.2500653	
CD163L1		-4.2513447	
IRF9		-4.257013	
PAQR7		-4.257862	
TIGIT		-4.283779	
STK38		-4.284924	
ATCAY		-4.2863784	
CCDC109B		-4.287406	
DENND1C		-4.2958674	
ZFP36		-4.2981844	
TLR1		-4.2996264	
PECAM1		-4.3274293	
DHX58		-4.3432937	
CORO7		-4.351036	
SMAP2		-4.3606505	
ELF1		-4.368755	
PHYH		-4.3718543	
GM14085		-4.3731523	
FAM102A		-4.382052	
SLFN1		-4.390408	
ARMCX6		-4.4028435	
CDK2AP2		-4.407835	
TTC39C		-4.412066	
AKAP13		-4.4121118	
GM8369		-4.4145956	
TMC8		-4.4155526	
JAK3		-4.4328966	
YPEL3		-4.436994	
SLC12A7		-4.4405284	
CD28		-4.4410496	
B4GALNT4		-4.4470196	
SERPINB1A		-4.4539714	
TUBA1A		-4.4624925	
SCARB2		-4.466253	
1700097N02RIK		-4.4681573	
GABBR1		-4.468961	
OSTM1		-4.4751205	
ILVBL		-4.4902835	
NEAT1		-4.4905915	
CDC42SE1		-4.4915786	
RHOH		-4.496544	
ZFP365		-4.5068235	
TBC1D1		-4.5235667	
IL21		-4.536722	
ABCA7		-4.5370874	
STIM1		-4.5465493	
SNX2		-4.5538697	
SYNE2		-4.556899	
A630023P12RIK		-4.559781	
FAM101B		-4.573524	
EZH1		-4.585873	
SMCO4		-4.603736	
FAM214A		-4.60808	
FLOT1		-4.6105056	
PLEC		-4.6235027	
PYDC4		-4.6241536	
GM2A		-4.6263537	
SQRDL		-4.629889	
OAS1A		-4.640321	
GABRR2		-4.6473217	
NSMF		-4.648455	
CNP		-4.6630583	
AI467606		-4.689449	
SYNE1		-4.703028	
ADPRM		-4.7051597	
PYHIN1		-4.7058287	
H2-OB		-4.726145	
CMPK2		-4.744159	
SGK1		-4.746486	
GSN		-4.751636	
LAT		-4.7619305	
2310001H17RIK		-4.7656035	
GNG2		-4.7678804	
LGALS3BP		-4.771259	
RGS14		-4.77172	
ST8SIA1		-4.782963	
HIF1A		-4.785516	
LSP1		-4.812563	
PIK3C2A		-4.815105	
LPAR6		-4.832385	
H2AFV		-4.8633413	
S1PR4		-4.8688154	
PLEKHG2		-4.869348	
CAMK4		-4.884163	
HSDL1		-4.89449	
EMP1		-4.8988743	
NFKBIZ		-4.901837	
TXK		-4.9258556	
TRERF1		-4.94314	
SLC14A1		-4.949823	
UBL3		-4.9532304	
DTX3L		-4.9606605	
EGR2		-4.9856095	
SIRT7		-4.9860387	
RIPK3		-4.9963574	
4632428N05RIK		-5.0030785	
SBNO2		-5.0155764	
IL17RE		-5.0188417	
XAF1		-5.0192075	
DDX58		-5.030606	
IKBKE		-5.0393705	
PTPRA		-5.0419765	
UNC119B		-5.092745	
PHACTR2		-5.131192	
ADAM12		-5.1507983	
IFI27L2A		-5.1773124	
CD53		-5.182558	
FAM134B		-5.191175	
LPXN		-5.192125	
CPEB1		-5.194388	
SASH3		-5.2040386	
GPR146		-5.208822	
ORAI2		-5.2089224	
CAMK1D		-5.208948	
LIPA		-5.2336087	
UTRN		-5.236989	
CTSE		-5.24351	
AQP3		-5.2453594	
SKAP1		-5.247424	
FAM46C		-5.2496805	
P2RX7		-5.251783	
HEXB		-5.256989	
TNFRSF26		-5.2580714	
HSD11B1		-5.265027	
RNASE4		-5.2668586	
H2-Q2		-5.278872	
IFI27		-5.280821	
NIPAL1		-5.306184	
POU2AF1		-5.3071303	
BCL6		-5.3424144	
SGSH		-5.3425026	
HMHA1		-5.374691	
ACOT11		-5.402694	
KLHL6		-5.421282	
ITGB7		-5.43592	
SPSB1		-5.454723	
ETS1		-5.458328	
NDRG3		-5.481782	
DPY19L3		-5.4850063	
LIME1		-5.5218124	
GM11346		-5.5322466	
ARID5A		-5.543565	
TSPO		-5.5524764	
SATB1		-5.5982556	
RASA3		-5.612404	
SLC16A5		-5.613361	
GALNT2		-5.6805468	
TMEM71		-5.6828213	
SIGIRR		-5.6948338	
TXNIP		-5.7100387	
ADD3		-5.712937	
STAT2		-5.7143927	
PTPN1		-5.7179627	
CTSA		-5.7481203	
TMEM63A		-5.7613387	
CDKN2D		-5.7796926	
RNF144A		-5.790327	
SSH2		-5.805905	
IFNAR2		-5.816097	
RNF19A		-5.8222065	
SLC28A2		-5.8392205	
PHF11B		-5.8837442	
TIMP2		-5.9622016	
ARHGAP25		-5.9873915	
RBL2		-6.0319114	
CD27		-6.0554824	
BAMBI-PS1		-6.074404	
CAPN2		-6.077415	
LGMN		-6.161427	
ABLIM1		-6.163349	
TGFB3		-6.1642942	
ARL5C		-6.1936607	
DGKA		-6.2745423	
PRKCQ		-6.2837067	
GRAMD3		-6.316985	
SLC26A11		-6.318018	
RTP4		-6.3548417	
IL17RA		-6.36151	
THA1		-6.3947873	
ITGA7		-6.4131703	
ACSS1		-6.426239	
IL1R1		-6.4541473	
SEMA4F		-6.4667554	
JAKMIP1		-6.46765	
RORC		-6.5772715	
CXCR5		-6.6123886	
NAV2		-6.776475	
PHF11C		-6.7905107	
ABTB2		-6.8086886	
KIF21B		-6.8722305	
AKAP12		-6.9179525	
TRIB2		-7.0712852	
FAM65B		-7.1297545	
GIMAP3		-7.167274	
GRAMD4		-7.1726465	
TESC		-7.195598	
TRP53I13		-7.252941	
CHST10		-7.2933316	
SEPP1		-7.30191	
CPM		-7.3288083	
FAAH		-7.3452654	
KBTBD11		-7.466123	
GMFG		-7.4779444	
DENND2D		-7.537984	
SLC9A9		-7.579963	
TOX2		-7.613608	
S1PR1		-7.6939125	
ACP5		-7.705058	
ICOS		-7.8139606	
TNFRSF25		-7.9740057	
PEAR1		-8.053896	
SOCS3		-8.08076	
EMB		-8.133697	
SELL		-8.137715	
SLFN5		-8.405981	
SUSD3		-8.733401	
IRF7		-8.90344	
SYT11		-9.471719	
