gene	length	logFC	logCPM	F	PValue	FDR
Syt11	5783	-1.176539269	6.805946711	222.1974195	3.97E-10	4.47E-06
Irf7	1934	-1.544284704	6.083122843	178.6296921	1.72E-09	7.07E-06
Susd3	3651	-1.298882578	6.783277188	176.2377097	1.88E-09	7.07E-06
Wnt10a	1962	3.9747882	2.942828666	129.8854829	1.40E-08	1.13E-05
Cd86	3513	2.675748303	4.229969085	142.5844748	7.64E-09	1.13E-05
Socs3	2732	-2.347844961	3.787617509	141.313748	8.10E-09	1.13E-05
Tox2	4623	-2.213407041	6.270373307	145.5143698	6.69E-09	1.13E-05
Klrb1c	2632	2.094462328	4.348264704	131.5236477	1.29E-08	1.13E-05
Tnfrsf25	2541	-1.746970566	5.179038918	129.2811664	1.45E-08	1.13E-05
Slfn5	6354	-1.6674741	5.775908812	154.6999932	4.47E-09	1.13E-05
Rxra	5703	1.604260731	6.152080529	126.0597685	1.71E-08	1.13E-05
Sell	3206	-1.360002298	7.827835039	134.6762103	1.11E-08	1.13E-05
Chchd10	1555	1.315227808	4.784568351	133.227581	1.19E-08	1.13E-05
Pear1	4715	-1.295097922	5.229138482	136.8979223	9.97E-09	1.13E-05
Icos	4325	-1.04608414	9.179900257	126.1889318	1.69E-08	1.13E-05
Emb	2622	-0.86781075	7.553644139	143.4238215	7.35E-09	1.13E-05
Acp5	2880	-0.860502839	6.888977151	128.1894396	1.53E-08	1.13E-05
Selenop	2218	-1.226515262	7.0429226	120.9641411	2.23E-08	1.25E-05
Gmfg	2451	-1.199236803	7.788822413	122.7333609	2.03E-08	1.25E-05
S1pr1	3029	-1.096021026	7.845542041	119.2159565	2.45E-08	1.25E-05
Unc93b1	2281	1.016356154	5.575818078	119.5146389	2.41E-08	1.25E-05
Dennd2d	5454	-0.972408334	8.958824391	120.5548346	2.28E-08	1.25E-05
Slc9a9	3492	-1.279378983	6.353096577	114.5536838	3.16E-08	1.55E-05
Lta	1627	1.051644854	6.084412985	111.0178242	3.87E-08	1.81E-05
Kbtbd11	8904	-0.900768175	6.646881991	109.9887408	4.10E-08	1.85E-05
Gramd4	8624	-1.311710319	4.741435525	108.7606461	4.41E-08	1.91E-05
Trp53i13	1777	-0.938249919	4.964662787	108.100475	4.58E-08	1.91E-05
Faah	5155	-0.901619277	7.709095132	107.3616485	4.79E-08	1.93E-05
Cpm	5402	-0.925518035	6.138206467	104.7183016	5.61E-08	2.18E-05
Npm1	3519	0.697377277	10.07552184	103.2477851	6.14E-08	2.30E-05
Tesc	1036	-1.552725481	6.116939262	100.6557686	7.22E-08	2.46E-05
Chst10	3248	-1.063635131	5.381176088	101.3213151	6.92E-08	2.46E-05
Ppid	2804	0.759547973	7.119081619	100.2923084	7.38E-08	2.46E-05
Gimap3	2145	-0.72271953	9.633337958	100.2009547	7.43E-08	2.46E-05
Cish	4293	1.697191408	4.692615901	98.50986295	8.27E-08	2.66E-05
Ripor2	10616	-1.154841281	7.761554841	96.48715573	9.43E-08	2.95E-05
Trib2	4448	-1.195947054	7.461993158	95.75862638	9.89E-08	3.01E-05
Itga7	7267	-3.044405927	2.090674398	88.61111352	1.61E-07	4.52E-05
Akap12	6247	-0.912604682	5.611509068	88.66465307	1.60E-07	4.52E-05
Kif21b	9297	-0.730719004	7.321389842	88.69417747	1.60E-07	4.52E-05
Nav2	114472	-2.614480447	3.596160945	87.7597412	1.71E-07	4.69E-05
Abtb2	4558	-0.780537316	6.754338758	87.28634588	1.76E-07	4.73E-05
Nkg7	813	2.627614075	3.655277643	85.72959125	1.97E-07	5.17E-05
Sik1	4553	2.002353737	3.813072122	80.69594427	2.87E-07	7.34E-05
Il17re	3592	-4.184534502	0.110744505	80.05947076	3.01E-07	7.53E-05
Irf8	3435	1.18174776	6.079301007	79.20093461	3.22E-07	7.71E-05
Capn2	3318	-1.122949601	5.753058842	79.42453168	3.16E-07	7.71E-05
Rorc	3564	-2.169213014	2.933684585	78.90327645	3.29E-07	7.72E-05
Nop16	1768	0.788749976	5.893846284	78.53572569	3.39E-07	7.79E-05
Kcna2	14395	-1.678672265	3.150028833	77.87914342	3.57E-07	8.03E-05
Cxcr5	2638	-1.4579052	7.331926021	77.48201478	3.68E-07	8.13E-05
Sema4f	5004	-1.28538373	5.300369346	76.90920119	3.85E-07	8.18E-05
Lap3	2267	0.956588286	5.804409205	77.02852263	3.82E-07	8.18E-05
Jakmip1	10511	-0.812057048	6.026932135	76.43855018	4.00E-07	8.34E-05
Il1r1	6138	-3.379400533	4.209533968	75.73648433	4.23E-07	8.51E-05
Tha1	1840	-2.215119524	3.46858898	75.7263769	4.23E-07	8.51E-05
Acss1	3613	-1.815315378	4.26446686	75.35736393	4.36E-07	8.62E-05
Rtp4	2945	-1.721976428	4.771038726	73.15304914	5.23E-07	0.00010142
Slc26a11	3862	-1.140736229	5.295762887	71.80053765	5.85E-07	0.000111633
Il17ra	3989	-0.750359797	7.75447743	71.46682625	6.02E-07	0.000112908
S1pr3	4484	3.804874219	1.375216883	71.21370648	6.15E-07	0.000113464
Tbx21	2552	2.474810286	2.66108488	70.56727232	6.50E-07	0.000116079
Dgka	4601	-0.702632926	9.441834768	70.69912138	6.42E-07	0.000116079
Gnl3	1940	0.932576377	5.745777958	70.24543818	6.68E-07	0.000117271
Gramd3	2841	-0.803154376	5.892898629	70.08360278	6.77E-07	0.000117271
Arl5c	1673	-1.151938788	6.013948142	69.88789701	6.89E-07	0.000117456
B4galt5	4262	0.894677778	4.937495641	69.60801359	7.05E-07	0.000118532
Nhp2	1112	0.612242444	7.230786098	68.8540374	7.53E-07	0.000124695
Endod1	4567	0.824273486	7.278567795	68.47375255	7.79E-07	0.000127044
Larp1	7190	0.581099764	6.519405359	68.23139943	7.95E-07	0.000127922
Bambi-ps1	1215	-1.164736637	5.770441242	67.22910558	8.69E-07	0.000133824
Rpf2	1890	0.697579943	6.194672222	67.09455564	8.80E-07	0.000133824
Ablim1	10406	-0.657653361	9.404751074	67.106535	8.79E-07	0.000133824
Prkcq	4147	-0.655654309	8.223134574	67.29702006	8.64E-07	0.000133824
Cd27	1812	-1.205213636	7.216669107	66.26468633	9.48E-07	0.000142237
Lgmn	2008	-1.278428905	4.155649368	66.11547636	9.60E-07	0.000142268
Hspe1	768	0.836410128	7.499551129	65.14062333	1.05E-06	0.000153423
Bid	2401	0.906043551	5.807538584	64.18688788	1.15E-06	0.000165341
Wdr77	3553	0.758442606	6.58696939	63.95931917	1.17E-06	0.000166727
Slc16a5	4295	-1.394483486	4.198827023	62.84293415	1.30E-06	0.000181344
Tent5c	5680	-1.219505153	4.739913522	62.47934701	1.34E-06	0.000181344
Timp2	3622	-1.152662277	4.754698042	62.76310617	1.31E-06	0.000181344
Rbl2	4925	-0.684679205	6.33629476	62.40836025	1.35E-06	0.000181344
Atp5g1	998	0.546635915	8.295854802	62.50922527	1.34E-06	0.000181344
Il18	2593	2.094890741	1.872788363	62.07103069	1.40E-06	0.000182891
Cd226	4853	0.605610927	6.32161246	62.10440384	1.39E-06	0.000182891
Pno1	1565	0.626570459	5.823570562	61.74179251	1.44E-06	0.000186554
Arhgap25	4728	-0.647892642	7.268178039	61.61022454	1.46E-06	0.000186769
Swap70	4305	0.816195228	4.907073192	61.35876018	1.50E-06	0.000189178
Tmem63a	8210	-0.796707554	5.124629629	61.1932795	1.52E-06	0.000190076
Ndufaf4	3632	0.736502522	5.134076333	60.50392811	1.62E-06	0.000198763
Nip7	3129	0.663149908	6.74157522	60.50778705	1.62E-06	0.000198763
Phf11b	1518	-0.715561187	6.738608715	60.33330284	1.65E-06	0.000199917
Snu13	1257	0.499415864	7.55876177	60.0824075	1.69E-06	0.000202691
C1qbp	1165	0.739203741	7.030589059	59.7808701	1.74E-06	0.000206568
Cd74	1415	1.283976524	5.001946851	59.64164747	1.77E-06	0.000207231
Ssh2	27595	-0.690619911	7.315848991	59.18869586	1.85E-06	0.000214464
Ctsa	3675	-0.747689447	7.856309606	59.03799967	1.88E-06	0.000215314
Slc28a2	4151	-0.638737461	7.144066168	58.94283696	1.89E-06	0.000215314
Tmem71	4771	-0.934821412	6.371282201	58.42597981	1.99E-06	0.000224425
Txnip	2801	-0.977679405	5.829401532	57.99632797	2.08E-06	0.000225295
Ppan	1671	0.710213007	6.02702118	58.0941099	2.06E-06	0.000225295
Mrpl12	981	0.563553238	6.850366852	58.15737939	2.05E-06	0.000225295
Apex1	1307	0.522703717	6.456723791	58.0341232	2.07E-06	0.000225295
Cdkn2d	1475	-0.723668597	7.321348225	57.87354116	2.11E-06	0.000225925
Nrn1	1769	1.931390875	3.485173999	57.74411176	2.13E-06	0.000226734
Rnf144a	5805	-1.29526599	4.250579112	57.5993075	2.17E-06	0.000227926
Rasa3	4205	-1.046886407	7.058684972	56.54424181	2.41E-06	0.000251452
Galnt2	4110	-0.611853185	5.652742047	56.29914787	2.47E-06	0.000253523
Cacybp	2115	0.584996258	7.802700542	56.2861425	2.48E-06	0.000253523
LOC118567527	5304	-1.440213093	4.663084711	56.12052523	2.52E-06	0.00025557
Add3	5495	-0.631048271	7.966333584	55.69062115	2.63E-06	0.000262485
Rnf19a	4276	-0.511050977	7.796940995	55.71290548	2.63E-06	0.000262485
Bcl2l11	9973	1.171816374	5.577602319	55.56657183	2.67E-06	0.000263563
Gm11346	1116	-1.786547789	3.790603768	55.13590821	2.79E-06	0.000273296
Ifnar2	6674	-0.562588374	6.959983328	54.81536101	2.89E-06	0.000280219
Eef1e1	1039	0.635991428	5.775948079	54.39847135	3.02E-06	0.000290332
Car2	1947	2.576830887	1.843779895	54.27480078	3.06E-06	0.000291672
Dpy19l3	7671	-0.840924106	4.520222018	54.09960322	3.11E-06	0.000292202
Tspo	856	-0.768692599	8.241354872	54.17278414	3.09E-06	0.000292202
Bcl2l1	7261	0.974943352	6.503842738	53.89392059	3.18E-06	0.000295701
Sigirr	2497	-0.61943569	6.822352879	53.83298704	3.20E-06	0.000295701
Hspd1	2588	0.750449813	8.551420827	53.5367271	3.31E-06	0.000300309
Lime1	1959	-0.669891346	8.03985546	53.60711704	3.28E-06	0.000300309
Tgfb3	3385	-2.258541359	2.559097411	52.99218383	3.51E-06	0.000315913
Ptpn1	5914	-0.516708379	8.530506652	52.74550268	3.60E-06	0.0003219
Satb1	13246	-1.057674554	7.443490644	52.65734387	3.64E-06	0.000322441
Grwd1	2334	0.791714051	5.731787284	52.40989062	3.74E-06	0.000328665
Fam136a	1700	0.618256539	6.353081851	52.25711655	3.80E-06	0.000331609
Wdr43	3697	0.577307173	7.218291481	52.10065463	3.87E-06	0.000334748
Cd83	2141	1.185731776	7.678023114	51.99300077	3.91E-06	0.000336142
Ifi27	1322	-0.811704252	6.825435347	51.69772589	4.04E-06	0.000339478
Ptger4	3327	0.690630911	6.889250736	51.7537257	4.02E-06	0.000339478
Eif2s2	2513	0.467021713	7.117729507	51.7360034	4.02E-06	0.000339478
Arid5a	5876	-0.694630652	7.159813704	51.5752133	4.10E-06	0.000341555
Spsb1	3811	-0.733189013	5.70842811	51.28453906	4.23E-06	0.000347588
Ndrg3	3329	-0.65684866	7.440626461	51.3407507	4.20E-06	0.000347588
Runx2	8554	1.632269893	3.278975222	50.76755165	4.48E-06	0.000362628
Itgb7	5708	-0.911212516	9.195206488	50.68827708	4.52E-06	0.000362628
Sgsh	4324	-0.610192972	6.292696702	50.58438372	4.57E-06	0.000362628
Stat2	4476	-0.57476638	5.433191115	50.64661577	4.54E-06	0.000362628
Ets1	5403	-0.493164699	10.13198262	50.78960032	4.47E-06	0.000362628
Hsd11b1	1651	-0.750732339	7.529069055	50.45640848	4.64E-06	0.00036531
Ptprk	7097	1.516440895	3.353642666	50.31162683	4.72E-06	0.000366196
Rsl1d1	1839	0.515483061	7.601535655	50.37052836	4.69E-06	0.000366196
Klhl6	2652	-0.577578787	7.622296378	50.11214169	4.82E-06	0.000371977
Mat2a	3390	0.582018971	8.270289634	49.91760084	4.93E-06	0.000375174
Nfkbid	3046	0.580257487	7.122888101	49.91655631	4.93E-06	0.000375174
Arhgap45	4440	-0.639557898	9.994188137	49.76714669	5.02E-06	0.000379037
Snhg15	592	1.120187431	4.194150842	49.58231444	5.12E-06	0.000384524
Bcl6	5043	-1.162599801	5.890354755	49.45388354	5.20E-06	0.000385072
Prkca	11063	0.658528325	7.16823551	49.50841772	5.17E-06	0.000385072
Ergic1	6090	0.619412324	6.533072768	49.26149287	5.31E-06	0.000391077
Mettl1	2154	0.977965049	4.007655872	48.68664181	5.68E-06	0.000415145
Aqp3	1763	-1.638721038	4.008749839	48.4594372	5.83E-06	0.00042348
Rnase4	1996	-2.166713747	1.608119703	48.31462083	5.93E-06	0.000427913
Cpeb1	8516	-4.154058081	0.678607639	48.1702157	6.03E-06	0.000432408
Tcf4	44311	1.509689635	2.594485684	48.10868971	6.07E-06	0.00043277
Tnfrsf26	4298	-0.944988149	6.864926626	47.95280124	6.19E-06	0.000437964
Ipo4	4071	0.704294034	5.658618276	47.89477461	6.23E-06	0.000438197
Pou2af1	2566	-1.257178443	5.463052002	47.47124522	6.55E-06	0.000457729
Ctse	2120	-0.712467905	8.618872084	47.23574328	6.73E-06	0.000467758
Rpl7a	1173	0.434379375	8.900254022	46.97781064	6.94E-06	0.000479355
Nipal1	4205	-1.17186833	4.138266608	46.84973144	7.05E-06	0.00048376
Cd53	2802	-1.0163095	9.434155347	46.6007431	7.26E-06	0.000495224
Ifi27l2a	883	-0.930373436	10.15552993	46.5525933	7.30E-06	0.000495224
Pus1	1929	0.622576769	5.143139657	46.3520862	7.48E-06	0.000504258
Camk1d	8719	-0.975327823	4.616504248	46.22604211	7.59E-06	0.000508924
Lpxn	2231	-0.80066643	7.541552272	45.71779907	8.08E-06	0.000525587
Retreg1	9430	-0.769179876	6.835371704	45.90630368	7.89E-06	0.000525587
Npepps	4555	0.689751041	5.617508642	45.76789087	8.03E-06	0.000525587
Orai2	6339	-0.648834646	6.608412605	45.74503903	8.05E-06	0.000525587
Skap1	2211	-0.473692646	8.988751457	45.7328765	8.06E-06	0.000525587
Chchd4	1245	0.716259065	5.106188263	45.5899471	8.20E-06	0.000530039
Lipa	2971	-0.585188836	7.024939402	45.50745907	8.29E-06	0.000530039
Unc119	1531	0.581847807	6.293831304	45.51214844	8.28E-06	0.000530039
Acot11	5876	-1.166566608	3.46258183	45.33114745	8.47E-06	0.000535501
Sash3	2680	-0.438770948	9.125449421	45.36610873	8.43E-06	0.000535501
Cd22	4689	3.0155816	1.827585978	45.22407619	8.58E-06	0.000538319
Gpr146	7193	-2.065552983	3.525531615	45.06261518	8.75E-06	0.000538319
Phactr2	10540	-1.151943358	4.325450343	45.07419975	8.74E-06	0.000538319
Tnfsf11	2235	0.631044874	7.064902872	45.09061916	8.72E-06	0.000538319
Rpl5	2025	0.412322186	9.995520236	45.15199503	8.65E-06	0.000538319
3110082I17Rik	1909	0.975994932	4.03483606	44.80454004	9.03E-06	0.00055112
Txnl4a	5714	0.514667181	6.27083572	44.78382914	9.06E-06	0.00055112
Adam12	7675	-4.464505309	0.597331239	44.69023827	9.16E-06	0.000551573
Hexb	1905	-0.633166171	5.032996505	44.72958384	9.12E-06	0.000551573
Trerf1	7411	-0.841831619	5.770534033	44.61065118	9.25E-06	0.000554075
Slc14a1	3995	-1.288991205	3.623949076	44.54176644	9.33E-06	0.000555872
Utrn	22621	-0.595159611	7.356934901	44.08759422	9.88E-06	0.000585139
Xaf1	6113	-0.847845739	5.24605264	44.03084369	9.95E-06	0.000586225
P2rx7	6449	-0.766946749	7.128161836	43.66226674	1.04E-05	0.000609885
Ccdc50	9543	0.700363086	7.068536822	43.63306015	1.05E-05	0.000609885
Ikbke	4519	-0.564533533	7.735246553	43.58086755	1.05E-05	0.000610749
Gbp2	2455	0.619402103	4.665297235	43.53068067	1.06E-05	0.00061148
H2-Q2	2032	-2.549370394	5.493329246	43.3681617	1.08E-05	0.000620998
Serpinc1	2088	3.093247587	3.073573953	42.89721473	1.15E-05	0.000655995
Ubl3	3014	-0.72001566	5.428659039	42.78891612	1.16E-05	0.000661784
Vsir	7464	-0.785469113	6.985891553	42.55189666	1.20E-05	0.000678786
Egr2	9083	-0.791081333	6.095281057	42.37220808	1.23E-05	0.000691201
Fgr	4030	1.410797986	3.60657815	42.27261432	1.24E-05	0.000693804
Lyar	1938	0.642035734	6.038787021	42.2660132	1.24E-05	0.000693804
Ifi211	2007	2.598172333	3.054527481	42.01361304	1.29E-05	0.000709831
Ddx58	4963	-0.993671345	4.956717161	42.02479425	1.28E-05	0.000709831
Txk	3337	-0.923261611	5.97198706	41.61309141	1.36E-05	0.000744208
Fam214a	26478	-0.676969439	4.969303724	41.54385891	1.37E-05	0.000747335
Ifi213	8794	-1.559624465	4.101492813	41.34816475	1.40E-05	0.000757855
Chst15	5922	1.199300671	3.942935351	41.27494565	1.42E-05	0.000757855
Ptpra	3744	-0.750946642	5.225145061	41.09678311	1.45E-05	0.000757855
Cd3eap	2248	0.737726529	4.480983519	41.21748563	1.43E-05	0.000757855
Nfkbiz	3878	-0.686975994	6.432672284	41.15246173	1.44E-05	0.000757855
Heatr3	6282	0.633476006	6.271828234	41.19668713	1.43E-05	0.000757855
Chst2	6242	0.633354424	4.736232597	41.0999512	1.45E-05	0.000757855
Nop56	5989	0.614684762	7.95640663	41.07707801	1.45E-05	0.000757855
Phb2	1360	0.573900721	8.050773055	41.17803019	1.43E-05	0.000757855
Mtap	2558	0.511243573	6.493573429	41.19436984	1.43E-05	0.000757855
S1pr4	2393	-0.747832692	6.973315967	40.95454519	1.48E-05	0.000766683
Oas1a	2010	-1.223967922	3.608861908	40.82547958	1.50E-05	0.000768105
Pik3c2a	8141	-0.756313972	4.713359557	40.80276628	1.51E-05	0.000768105
Plekhg2	7083	-0.611564157	6.745328595	40.8387471	1.50E-05	0.000768105
Hsdl1	3760	-0.521747806	7.571414201	40.87713554	1.49E-05	0.000768105
Mrto4	1238	0.791563026	5.801182365	40.71757376	1.52E-05	0.000773348
Ripk3	1965	-0.558715639	6.791509553	40.65946001	1.54E-05	0.000775855
Dtx3l	5181	-0.521723771	6.127626293	40.53570247	1.56E-05	0.000785234
Smim10l2a	3133	1.769723584	2.614770563	40.41192348	1.59E-05	0.000794775
Emp1	3231	-2.088347168	2.378587344	40.27763253	1.62E-05	0.000798546
Sbno2	8642	-0.778540895	6.141594824	40.30955523	1.61E-05	0.000798546
Eno3	5457	0.629332823	4.543417911	40.33715287	1.60E-05	0.000798546
Ndufab1	2189	0.482628254	7.38989182	40.14109498	1.65E-05	0.000809764
Sirt7	1956	-0.431940559	7.714695494	40.10098635	1.66E-05	0.000810602
Lpar6	2468	-0.763443729	5.197166225	39.88046069	1.71E-05	0.000827858
H2az2	1807	-0.49863667	7.6948764	39.88974866	1.70E-05	0.000827858
Nop58	2184	0.651390427	7.433623464	39.72429155	1.74E-05	0.000841902
Gm6637	1502	2.736448034	1.474914219	39.67691419	1.75E-05	0.000843704
Ncf1	2969	1.636776381	2.844692772	39.49632975	1.80E-05	0.00085012
Flot1	1818	-0.601065373	5.02750833	39.50550815	1.79E-05	0.00085012
Mapkapk3	3554	0.565585536	7.34561509	39.52372923	1.79E-05	0.00085012
Unc119b	3643	-0.453139785	7.26520513	39.54654036	1.78E-05	0.00085012
Arid5b	9976	-1.072777006	5.566973331	39.45260276	1.81E-05	0.000851617
Trbv12-2	372	-0.593662995	7.639793411	39.3602474	1.83E-05	0.00085881
2310001H17Rik	769	-0.959976018	6.714183016	39.26370455	1.86E-05	0.000863013
Syne1	45659	-0.774443442	5.208758325	39.26471064	1.85E-05	0.000863013
Camk4	13074	-0.558950573	6.887901043	39.17708266	1.88E-05	0.000869704
Coro2a	5326	2.321843228	3.083867015	39.10140404	1.90E-05	0.000871593
Ifi209	3497	-1.228912675	6.928664458	39.11153603	1.89E-05	0.000871593
Gm35113	9767	2.372289135	0.932090533	39.01569501	1.92E-05	0.000872624
Sgk1	4158	-1.152910529	4.644311337	38.97939445	1.93E-05	0.000872624
Phtf2	5149	1.062807173	4.255614722	39.00815763	1.92E-05	0.000872624
St8sia1	24990	-0.630023231	6.238016977	38.97480207	1.93E-05	0.000872624
Lat	1571	-0.47289986	9.371921664	38.94114995	1.94E-05	0.000873163
Rgs14	2443	-0.46927898	6.542860722	38.89904653	1.95E-05	0.000874736
Cmpk2	3439	-1.251730089	3.529925368	38.83005667	1.97E-05	0.000879582
Wdr74	1248	0.430470268	5.899557505	38.75240016	1.99E-05	0.000884779
Lsp1	2745	-0.425522354	9.679390899	38.73003444	2.00E-05	0.000884779
Nop2	2666	0.636777988	6.468659194	38.58511074	2.04E-05	0.000895634
Gng2	4327	-0.484493975	6.821392562	38.60879485	2.03E-05	0.000895634
Lgals3bp	2299	-0.762892191	6.647666268	38.41230347	2.09E-05	0.00091379
Kpnb1	5909	0.44961439	6.898591521	38.36314571	2.10E-05	0.000916488
Plpp1	1765	1.436228912	2.966577297	38.18802773	2.15E-05	0.000935493
Gabbr1	5848	-1.506764527	2.9820105	38.11773363	2.17E-05	0.000941087
Il21	3178	-2.82746787	4.685866373	38.02487452	2.20E-05	0.00094611
Fbl	1429	0.514159671	7.203892673	38.05044073	2.19E-05	0.00094611
Cinp	2179	0.671969416	5.562032355	37.91201642	2.24E-05	0.000957538
Sqor	2365	-1.523565707	3.733890362	37.83250148	2.26E-05	0.00096098
Iars	4501	0.700422141	7.101939718	37.84015767	2.26E-05	0.00096098
Stra6	4384	2.099093353	2.249089884	37.60466695	2.34E-05	0.000988583
Gsap	15768	0.44917307	5.985895308	37.51629146	2.37E-05	0.000997254
Cd300lf	1908	2.245978402	1.195697033	37.46689238	2.38E-05	0.0010005
Adprm	1529	-0.537746213	5.875936363	37.39791754	2.41E-05	0.001006566
Snhg5	1011	0.655079067	5.35940276	37.33649809	2.43E-05	0.001011611
Homer1	18067	1.182665376	3.014674104	37.29542362	2.44E-05	0.001013772
Gabrr2	3437	-2.112665844	2.138324467	37.20272321	2.47E-05	0.001021441
Plin2	2928	0.812262292	3.836738881	37.19022243	2.48E-05	0.001021441
Nle1	2347	0.801698515	4.61055823	37.16500409	2.49E-05	0.001021441
H2-Ob	3031	-1.34845093	3.352963756	37.10319736	2.51E-05	0.001026729
Psme2	977	0.469160563	8.916542756	36.96889675	2.56E-05	0.001042811
Denr	2506	0.399698875	6.890865726	36.86235799	2.60E-05	0.001055009
Gcsh	1247	0.601847076	5.784055223	36.83411666	2.61E-05	0.001055477
Mir155hg	1264	1.259094443	2.540738615	36.77623471	2.63E-05	0.001060461
Slc7a1	7379	0.526063595	6.517553528	36.73841879	2.64E-05	0.001062425
AI467606	2200	-0.524870434	7.495491764	36.7088135	2.65E-05	0.001063156
Hif1a	4990	-0.450554128	8.025732211	36.67404856	2.67E-05	0.001064694
Eef1g	1565	0.410604202	9.093212468	36.56806689	2.71E-05	0.001077242
Mrpl17	6712	0.40693725	7.100731654	36.43080211	2.76E-05	0.001094924
Eci1	1091	0.567750626	5.973997603	36.3275187	2.80E-05	0.001107506
Il2ra	4428	1.575726124	4.848228925	36.28594232	2.82E-05	0.001110301
Nsmf	2954	-0.495219883	5.185018496	36.24492752	2.84E-05	0.001113032
B4galnt4	3682	-4.038804124	1.209451906	36.16138327	2.87E-05	0.001118818
Shmt1	3059	0.781362864	6.046641103	36.1773394	2.87E-05	0.001118818
Ctsw	1498	1.997213287	2.783897517	36.02436022	2.93E-05	0.001126344
Rflnb	3512	-1.010169543	6.130117421	36.02084465	2.93E-05	0.001126344
Ezh1	4212	-0.590331871	6.222576271	36.07133894	2.91E-05	0.001126344
Cnbp	2178	0.337410281	9.738361232	36.04148352	2.92E-05	0.001126344
Dusp22	3058	1.305653311	3.003242044	35.9399681	2.97E-05	0.001135831
Gm2a	4257	-0.517593252	8.02611301	35.90785421	2.98E-05	0.001137301
A630023P12Rik	646	-1.433736952	4.472181575	35.64776173	3.10E-05	0.001173502
Rcl1	3671	0.666725724	5.989844174	35.66774683	3.09E-05	0.001173502
Hspa9	3043	0.692405261	8.097297627	35.44449478	3.19E-05	0.001193064
Coq7	1658	0.548055502	5.012899369	35.51003991	3.16E-05	0.001193064
Ltv1	2418	0.461817598	6.081103813	35.45317188	3.19E-05	0.001193064
Cct4	1966	0.410435963	8.405172478	35.46374131	3.18E-05	0.001193064
Phb	1799	0.51474439	6.946473831	35.20830616	3.30E-05	0.001231352
Stim1	6598	-0.404132885	6.904059175	35.18607076	3.31E-05	0.001231352
Ftsj3	3153	0.501742141	6.453245402	35.13826017	3.34E-05	0.001236036
Cnp	2678	-0.492783936	8.503766166	35.1037353	3.35E-05	0.001238314
Casp1	1513	0.925712655	5.295997366	34.98061873	3.42E-05	0.001257072
Slc28a2b	4043	-1.63276923	5.708155832	34.90535449	3.46E-05	0.001267108
Coq4	5500	0.845257312	3.337624169	34.84388503	3.49E-05	0.001274633
Plac8	3910	2.872024736	3.241247695	34.74807868	3.54E-05	0.00128481
Magohb	1127	0.613543679	4.168135298	34.74737718	3.54E-05	0.00128481
Pus7	4783	0.872045359	4.553177732	34.65977522	3.58E-05	0.001297591
Zfp365	4257	-2.317366123	1.863344825	34.55301083	3.64E-05	0.001310123
Plec	17515	-0.492833431	7.004786666	34.56495115	3.64E-05	0.001310123
Mrps18b	1587	0.588336065	5.149748999	34.50733994	3.67E-05	0.001314947
Snx2	2789	-0.688544316	7.251444976	34.46037878	3.69E-05	0.001320066
Smyd5	2493	0.712979843	5.722933491	34.39336129	3.73E-05	0.001327225
Hsp90ab1	2507	0.49392082	11.31930747	34.38246969	3.74E-05	0.001327225
Serpinb1a	2428	-3.092239251	0.35192038	34.31124017	3.78E-05	0.001337348
Smco4	1545	-1.017526633	5.323013576	34.15285633	3.87E-05	0.00134583
Syne2	21718	-0.748990876	4.640058339	34.22645432	3.83E-05	0.00134583
Slc12a7	5867	-0.737063746	6.673010779	34.16703527	3.86E-05	0.00134583
Abca7	7015	-0.5396049	6.603046275	34.14588377	3.87E-05	0.00134583
Syngr2	1558	0.454152739	7.018490142	34.24457044	3.82E-05	0.00134583
Mtdh	5259	0.409289822	6.619283991	34.14803181	3.87E-05	0.00134583
Timm8a1	1226	0.81030779	3.996725958	34.07432481	3.92E-05	0.001348033
Rrp9	1537	0.633033355	6.026767323	34.08438878	3.91E-05	0.001348033
Mrpl15	7205	0.374750839	6.729853496	34.0834469	3.91E-05	0.001348033
Ajuba	3503	2.328029214	1.23541131	34.01790539	3.95E-05	0.001351367
Dkc1	2982	0.688119918	7.471358263	34.0213926	3.95E-05	0.001351367
Ptges3	1954	0.453707218	7.83686226	33.95250315	3.99E-05	0.001358935
Fam162a	681	0.429580525	6.523328871	33.94133294	4.00E-05	0.001358935
1700017B05Rik	6115	0.622230564	6.359792356	33.88984448	4.03E-05	0.001362562
Tnfaip8l1	10110	-0.572508792	5.72453026	33.88427518	4.03E-05	0.001362562
Ifi206	3562	-1.114612298	6.077553887	33.83405822	4.06E-05	0.001368924
Gm8369	2129	-1.168025349	5.116151346	33.80426198	4.08E-05	0.001371057
Gsn	3075	-0.737261101	5.721451392	33.76460201	4.10E-05	0.0013712
Ifrd2	1980	0.722660829	4.756280373	33.78145004	4.09E-05	0.0013712
Gm26740	12704	-1.125402448	3.631311993	33.60508456	4.21E-05	0.001396798
Neat1	20773	-0.70012916	4.914916386	33.61019305	4.20E-05	0.001396798
Tmc8	3793	-0.474163115	6.035216134	33.57303419	4.23E-05	0.001399552
Ypel3	1192	-0.938598506	7.465154604	33.30522731	4.40E-05	0.001454147
Cdk2ap2	2286	-0.445966531	9.14241271	33.15490202	4.51E-05	0.001483976
Smap2	3500	-0.4050113	6.414815886	33.12744818	4.53E-05	0.001485953
Tspan2	4362	0.944075409	3.167369404	33.07552113	4.56E-05	0.001487165
Fam102a	4217	-0.899789232	6.324198352	33.10043789	4.55E-05	0.001487165
Utp4	2249	0.537123867	6.444917208	33.06600715	4.57E-05	0.001487165
Cd28	4553	-0.49253782	8.869388173	33.04233857	4.59E-05	0.001488335
C030034L19Rik	5830	-1.771780114	1.999354715	33.01725202	4.61E-05	0.001489848
Slfn1	1893	-0.87811068	7.093895089	32.97717652	4.63E-05	0.001491171
Tbc1d1	7307	-0.437276781	6.224059225	32.97465155	4.64E-05	0.001491171
Rel	7465	0.721033424	5.583960945	32.93518249	4.66E-05	0.001496076
1700097N02Rik	845	-0.853369148	4.299484349	32.90216026	4.69E-05	0.001499511
Akap13	22593	-0.353212054	8.574322674	32.86894178	4.71E-05	0.001503018
Slc25a45	2562	-0.632183711	5.647243897	32.83797595	4.74E-05	0.001506022
Eif3j1	2413	0.448566336	5.690692481	32.73725612	4.81E-05	0.001525571
Gjb2	2404	1.743682843	2.239541584	32.66512194	4.87E-05	0.00153854
Nolc1	3665	0.63366172	6.696267651	32.57215048	4.94E-05	0.001556737
Ostm1	3009	-0.541314696	6.054109771	32.4862865	5.00E-05	0.00157345
Tuba1a	1591	-0.619975115	7.472975943	32.38029911	5.09E-05	0.001595443
Eif3g	1068	0.382150748	7.56093175	32.2337954	5.21E-05	0.001628202
Arntl	19362	-0.648649696	4.322985929	32.16352329	5.26E-05	0.001637296
Phyh	1474	-0.543887408	5.561297235	32.17960558	5.25E-05	0.001637296
Ddx56	4071	0.506335384	6.460011496	32.12301955	5.30E-05	0.001643288
Slc7a5	3513	0.918104942	5.773930619	31.97981918	5.42E-05	0.001671831
Glrx3	2852	0.39264173	7.564487939	31.97985014	5.42E-05	0.001671831
Eif4a1	1880	0.476747991	8.933463903	31.90098965	5.49E-05	0.001688294
Trmt61a	2433	0.741355528	4.588179871	31.87727627	5.51E-05	0.001690062
Cdc42se1	3200	-0.384563785	8.589926348	31.80393644	5.57E-05	0.001705285
Ahr	5494	1.07205387	5.465064008	31.63198674	5.73E-05	0.001738621
Zfp36	1765	-0.951315063	7.742869405	31.64919364	5.71E-05	0.001738621
Jak3	4085	-0.442170916	8.172476209	31.64186193	5.72E-05	0.001738621
Tigit	2137	-2.810084227	5.480097878	31.56903865	5.79E-05	0.001744893
Bysl	3854	0.575955043	5.593977372	31.5592577	5.80E-05	0.001744893
Marchf7	6499	-0.512267731	6.25747297	31.58671582	5.77E-05	0.001744893
Gpatch4	2250	0.597299541	5.076010861	31.52829001	5.83E-05	0.001748352
Ilvbl	3553	-0.486996521	6.088835018	31.51368063	5.84E-05	0.001748352
A430088P11Rik	4502	-1.514539722	2.729391222	31.46390604	5.89E-05	0.001757713
Sms	3798	0.47193327	6.944569801	31.40300796	5.94E-05	0.001770318
Ikzf3	8936	-0.653323096	5.631067924	31.38089177	5.97E-05	0.001771945
Tlr1	3250	-0.605797621	5.722580519	31.32098316	6.02E-05	0.001777389
Dennd1c	2998	-0.475450349	7.31033087	31.31293236	6.03E-05	0.001777389
Rhoh	6083	-0.409241961	8.193059361	31.33501475	6.01E-05	0.001777389
Atcay	4233	-1.274502151	3.000419765	31.27861094	6.06E-05	0.001782592
Serinc5	5319	-0.914031147	4.363306128	31.23451648	6.11E-05	0.001790655
Atad3a	2882	0.735143856	6.00065036	31.19315509	6.15E-05	0.001792965
Ncl	8770	0.574039051	9.506013164	31.2091758	6.13E-05	0.001792965
Mrpl13	786	0.413215279	6.467225575	31.17840716	6.16E-05	0.001792965
Cd163l1	4508	-5.661270957	0.075713652	31.15795177	6.18E-05	0.001794193
Il6ra	3377	-0.503100049	6.872257294	31.13972731	6.20E-05	0.001794193
Cops7a	11708	0.495223268	5.920701414	31.12647094	6.22E-05	0.001794193
Ms4a6b	1687	-0.693070325	9.285123557	31.08572376	6.26E-05	0.00180146
Ccdc92	2825	-0.882612279	3.959762625	31.04051083	6.30E-05	0.00181009
Mybbp1a	4388	0.758517715	7.556825583	31.00076233	6.34E-05	0.001812562
Pecam1	3333	-0.457291066	6.930115844	31.01084301	6.33E-05	0.001812562
Sigmar1	1640	0.615172134	5.365290635	30.91625723	6.43E-05	0.001832985
Armcx6	2863	-1.414455678	2.298143615	30.88838956	6.46E-05	0.00183667
Hpgds	4019	-1.410933825	2.588775223	30.76091239	6.60E-05	0.001856501
Mcub	1429	-0.866719341	3.695024582	30.79058307	6.56E-05	0.001856501
Dhrs7	1436	-0.704368161	5.499895674	30.77444946	6.58E-05	0.001856501
Rack1	1254	0.351113949	10.24605039	30.78856191	6.57E-05	0.001856501
Cab39	5349	0.524444697	7.063815292	30.69111647	6.67E-05	0.00187312
Paqr7	4200	-0.590398184	4.601793141	30.65583629	6.71E-05	0.00187928
Pprc1	6593	0.761917725	5.437762728	30.5726254	6.80E-05	0.001898683
Snx5	2621	0.343228008	7.305174016	30.56288567	6.81E-05	0.001898683
Ifrd1	1856	0.479322085	5.682097003	30.51448361	6.87E-05	0.001906187
Stk38	4353	-0.4139437	7.542928104	30.50878214	6.87E-05	0.001906187
Rabggtb	1686	0.669065331	5.355009872	30.3964088	7.00E-05	0.001936979
Scarb2	4721	-0.49591294	5.435663225	30.32635269	7.08E-05	0.001954675
Mrps35	3092	0.423502937	5.659490916	30.23699076	7.19E-05	0.001978885
Apip	924	0.51008009	5.220603956	30.16772636	7.27E-05	0.001996812
Ppat	4008	0.562614777	6.64282686	30.13856336	7.31E-05	0.002001599
Polr2h	1389	0.533022845	6.010230376	30.07975144	7.38E-05	0.002016308
Dhx58	2480	-1.012094611	4.245455417	29.99539206	7.48E-05	0.002026381
Arhgef18	7112	-0.723273546	5.863149656	30.02086025	7.45E-05	0.002026381
Gpr132	2743	-0.519143064	5.538518469	29.99157806	7.49E-05	0.002026381
Coro7	3488	-0.474820743	8.286502948	30.00392354	7.47E-05	0.002026381
Vim	1834	-0.734040371	8.778127683	29.95401049	7.53E-05	0.002029327
Irf9	2688	-0.448813113	6.747750666	29.96142481	7.53E-05	0.002029327
Tbrg4	3468	0.533067761	5.604836454	29.93191598	7.56E-05	0.002031944
2010016I18Rik	1558	-0.948227425	4.155165157	29.90691825	7.59E-05	0.002035563
Elf1	4355	-0.356492488	7.901570322	29.88691481	7.62E-05	0.002037508
1810037I17Rik	976	0.491624228	7.409023531	29.86614764	7.65E-05	0.002038694
Cct3	1957	0.402537264	8.664601038	29.85500128	7.66E-05	0.002038694
Uck2	5104	0.54118381	6.840622244	29.81632391	7.71E-05	0.002047056
Polr1c	1305	0.475702029	6.138919043	29.79343822	7.74E-05	0.00205006
Lmbr1l	2761	-0.673560758	5.892141227	29.72542206	7.83E-05	0.002050484
Eva1b	2929	-0.630756418	5.430230549	29.75811119	7.78E-05	0.002050484
Zc3h12d	4255	-0.56348383	7.045221513	29.71186297	7.85E-05	0.002050484
Mrpl45	3398	0.554764273	6.382075556	29.70836355	7.85E-05	0.002050484
Ccdc58	1225	0.525616223	4.417393304	29.72776112	7.82E-05	0.002050484
Parp9	3929	-0.452869828	6.192038433	29.73133857	7.82E-05	0.002050484
Pcbp1	1710	0.410274146	7.15955533	29.60420309	7.99E-05	0.002081761
Ttc39c	5915	-1.601437787	4.07387053	29.55216144	8.06E-05	0.002090353
Agap2	6168	-0.611035941	4.549975006	29.56209399	8.04E-05	0.002090353
Tma16	1170	0.906590784	3.176101457	29.48425397	8.15E-05	0.002109496
Nars	2605	0.464127926	7.846997935	29.4075652	8.26E-05	0.002132018
Gimap6	1612	-0.647348168	9.203802651	29.3907357	8.28E-05	0.002133184
Pkp3	3078	-0.566625083	8.114462026	29.37694665	8.30E-05	0.002133269
Saraf	1883	-0.554492925	8.508713381	29.35223834	8.33E-05	0.002136517
Rexo2	1287	0.362249025	7.149961576	29.34093752	8.35E-05	0.002136517
Flot2	5130	-0.394079388	5.909068152	29.23658495	8.50E-05	0.002169612
Susd1	3964	-1.403030348	1.790688744	29.18634918	8.57E-05	0.002183199
Tnfrsf4	1282	0.537970475	8.073582197	29.10235204	8.69E-05	0.002209532
Septin11	14410	0.629999204	6.80054815	29.07458093	8.74E-05	0.00221442
Lef1	4538	-0.427143047	8.079068208	29.06282931	8.75E-05	0.00221442
Cfdp1	3037	0.355547463	6.706204214	29.04290957	8.78E-05	0.00221695
Hivep3	58026	0.748612964	4.801364556	29.00036089	8.85E-05	0.002228061
Tnfrsf18	1030	0.400990791	6.965820555	28.91377384	8.98E-05	0.002256132
Tnfaip8l2	3032	-0.447385661	6.750771313	28.88000036	9.03E-05	0.002264118
Ddx18	2395	0.546201892	5.918009023	28.82101016	9.12E-05	0.002281969
Cul3	5171	0.535197679	5.897173778	28.80312505	9.15E-05	0.002283883
Aatf	20787	0.444911262	5.581818195	28.7494755	9.23E-05	0.00229985
Snrpd3	604	0.467206719	8.087359691	28.69623894	9.32E-05	0.002310703
Polr2e	1008	0.394302698	7.354447163	28.70130799	9.31E-05	0.002310703
Map4k4	6334	-0.508266829	5.748569245	28.61192244	9.45E-05	0.002339237
Fam20a	3505	-2.139822889	1.834784142	28.5425038	9.57E-05	0.002351823
Mrps7	1747	0.457607549	6.080651033	28.54939916	9.56E-05	0.002351823
Twf2	1594	-0.411821054	7.559006646	28.54284775	9.57E-05	0.002351823
Iltifb	1111	-2.680275012	0.065216135	28.49831017	9.64E-05	0.002352385
Cdc14b	11141	-1.063363229	3.384286022	28.47808288	9.67E-05	0.002352385
St14	4454	0.845271577	4.738111996	28.51261274	9.62E-05	0.002352385
Tomm5	687	0.462605555	6.715571244	28.48059404	9.67E-05	0.002352385
Rsl24d1	1522	0.37978201	6.17379	28.49538908	9.65E-05	0.002352385
Prmt7	2765	0.551690234	5.959051005	28.42245084	9.77E-05	0.00236995
Rrp15	1213	0.693511705	4.80162336	28.23477681	0.000100901	0.002442901
Trim25	5598	-0.501532881	6.338003255	28.18438447	0.000101788	0.002459067
Uchl5	2025	0.509246489	6.752655208	28.09029366	0.000103466	0.002494264
Ppa1	1292	0.569529517	6.927723367	28.05039257	0.000104187	0.002506286
Fubp1	6965	0.379268114	7.735660106	28.03203369	0.000104521	0.002508954
Tcp11l2	2400	-1.07513921	6.609461221	27.99628484	0.000105175	0.00251927
Tnfrsf14	4944	-0.441018181	7.573922563	27.87907924	0.00010735	0.00256592
Psmg2	1333	0.406889429	6.429569958	27.85199863	0.00010786	0.002572647
Snhg1	476	0.448536967	5.174623613	27.82837013	0.000108307	0.002577851
Ptcd3	3656	0.412811836	6.024194609	27.73754171	0.000110046	0.002613711
Cttn	3700	0.715975815	4.30479725	27.70203468	0.000110734	0.002624523
Rsad2	3785	-2.493619567	1.837188154	27.68696874	0.000111028	0.002625953
Gbp5	3021	1.289773018	2.699762721	27.59963901	0.000112747	0.002661025
Tufm	1859	0.372522028	7.040865242	27.56779332	0.000113382	0.002670402
B230118I11Rik	7105	-1.19742005	4.225388659	27.52265488	0.000114288	0.002683799
Gm11454	3418	-0.983645564	3.633347166	27.51575463	0.000114427	0.002683799
Tspan5	15327	-1.349627311	4.373405351	27.49148646	0.000114919	0.00268414
Pabpc4	7233	0.466751818	5.400901836	27.50058098	0.000114734	0.00268414
Pdcd1lg2	3415	0.674252187	4.900920635	27.45187091	0.000115726	0.0026974
Pycrl	1506	0.414993224	5.843353563	27.42814879	0.000116213	0.002703144
Ly6a	1002	-1.222730363	8.197826596	27.36988335	0.000117418	0.002719931
Ifi208	5507	-0.96317786	6.279277756	27.37082562	0.000117398	0.002719931
Hvcn1	3377	-0.485989099	5.798607836	27.31184137	0.000118632	0.002742421
Gtpbp4	3069	0.422902021	6.749615544	27.26370548	0.00011965	0.002760289
Ephb6	5713	-0.54094882	7.405083673	27.22388389	0.0001205	0.002774208
Amd1	3206	0.602935289	5.452555641	27.18296765	0.00012138	0.002788772
Ntng2	1924	-2.878059149	0.554742773	27.16955494	0.00012167	0.002789746
Flt3l	2613	-0.478430282	5.685265982	27.1367887	0.000122383	0.002800372
Cct6a	2302	0.52811862	8.755601411	27.11069225	0.000122953	0.002802044
Hivep2	14058	-0.363222999	7.410818119	27.11068333	0.000122953	0.002802044
Ifit1bl1	3186	-2.37466717	2.245473223	27.08554265	0.000123506	0.002808951
Setx	11456	-0.42579887	6.991972918	27.02992365	0.000124739	0.002831266
Nrp1	9735	1.094948647	6.431024028	26.93499925	0.000126875	0.002873961
A430093F15Rik	2115	0.738254102	4.701039324	26.91436175	0.000127345	0.002878815
Trim34a	3079	-0.618293531	5.122665564	26.73174247	0.000131591	0.002956997
Mettl16	13672	0.60467173	5.598715266	26.74077018	0.000131378	0.002956997
Lpin1	7483	-0.580411548	4.890488056	26.74083896	0.000131376	0.002956997
Zfp120	4096	0.624639534	4.898923023	26.69912806	0.000132367	0.002963321
Pfdn2	1883	0.417506295	5.533883114	26.69776135	0.000132399	0.002963321
1110038B12Rik	590	0.632072451	4.785405798	26.67018489	0.000133059	0.002972179
Timm9	1315	0.717604936	4.533702798	26.44015364	0.000138711	0.003086695
Mrps25	6076	0.483356538	5.408130468	26.43923939	0.000138734	0.003086695
Dctd	3046	1.188080019	3.489797993	26.3464896	0.000141091	0.003132934
Pkp4	5288	-0.612615189	5.171525352	26.30656579	0.000142119	0.00314337
Tmc6	5105	-0.415234157	7.291575822	26.31109128	0.000142002	0.00314337
Txn2	1282	0.318150967	7.881231513	26.27860476	0.000142844	0.003153218
Syp	2482	-1.711474021	2.684588095	26.24667639	0.000143678	0.003165409
Drg2	1791	0.368861503	6.3767084	26.17151079	0.000145662	0.003202853
St6gal1	5174	-0.340208655	7.468219756	26.1572485	0.000146042	0.003204948
Slc19a1	3694	0.397299454	6.257567007	26.12658208	0.000146863	0.003216692
Wdr4	9750	0.687608268	5.469408993	26.10032626	0.00014757	0.003225902
Rreb1	14627	1.173127343	3.350278097	26.08594064	0.000147959	0.003228137
Dap	1481	-0.563719956	6.630165803	26.00454804	0.000150182	0.003270304
Ccnd2	8245	0.597387405	8.444648909	25.98539917	0.00015071	0.003275478
Rcc2	4722	0.477124067	5.928291106	25.97389269	0.000151029	0.003276079
Bcap29	2008	0.396203952	6.612219809	25.89161825	0.00015333	0.003319592
Prmt5	2720	0.464688961	6.781553995	25.75205888	0.000157325	0.00339224
Rrp1b	5602	0.446499559	6.005002722	25.76017944	0.000157089	0.00339224
Hpcal1	2867	-0.353156622	7.561840504	25.74295864	0.000157589	0.00339224
Brix1	2654	0.377321376	6.73281406	25.7162864	0.000158368	0.003402491
Glmp	1537	-0.352113192	7.316991702	25.68661239	0.000159239	0.003414692
Eef1d	3067	0.3978522	7.883474907	25.61702558	0.000161304	0.003452388
Naa25	5843	0.482633091	5.825042001	25.59441532	0.000161981	0.003460308
Srm	1328	1.069498684	6.210450738	25.51788221	0.000164298	0.003503159
Prelid2	724	1.076729143	2.69517863	25.5073156	0.000164621	0.003503408
Ebi3	1171	1.027661338	5.249072897	25.4824995	0.000165382	0.00350635
Slc4a8	11931	-0.615536427	4.369663771	25.48854939	0.000165196	0.00350635
Gm19585	1025	-1.123318512	5.932919502	25.42091201	0.000167288	0.003533459
Pcgf5	6989	0.450089486	5.663169158	25.42477173	0.000167168	0.003533459
Dhodh	2347	0.46636573	5.303735439	25.38097239	0.000168538	0.003553188
Fastkd3	2852	0.477445989	5.200484695	25.36181238	0.000169141	0.003559242
Tspyl4	3900	-0.610397556	4.211960373	25.32368463	0.000170349	0.003577971
Il1r2	2688	-2.174320783	1.800120452	25.26420531	0.000172253	0.003609424
Nsun2	4280	0.493389251	7.741166872	25.24859838	0.000172757	0.003609424
Cct5	2133	0.388061088	9.324402915	25.24699872	0.000172809	0.003609424
Rbms1	5719	-0.792467801	5.484088164	25.1845038	0.000174843	0.003645149
Cd84	6578	-0.460863942	6.738593355	25.09632176	0.00017776	0.003699112
Tmem268	10176	-0.517325233	5.125531951	25.07952137	0.000178322	0.003703961
Gm46762	4775	1.22951097	2.341062456	24.99194565	0.000181284	0.003751656
Arhgap1	3484	-0.491433099	8.076712326	24.99884558	0.000181049	0.003751656
Lyrm4	1515	0.532984494	4.702508324	24.84505936	0.000186381	0.003850044
Pura	15195	0.614073249	5.530022991	24.82184554	0.000187201	0.003859906
Eif5	3966	0.40516262	8.25474187	24.77283802	0.000188946	0.00388877
Dtx3	3420	-0.591082468	5.638696094	24.74251109	0.000190036	0.003904053
Irf5	7512	0.638201325	4.274264562	24.71141727	0.00019116	0.003919997
Matk	3076	-0.988516404	4.496577835	24.67766922	0.000192389	0.003938025
Notch2	10506	0.575843217	6.060236147	24.61830431	0.000194572	0.003975494
Sorl1	11243	-0.916445176	4.754143728	24.59221245	0.000195541	0.003988048
Acvrl1	3788	-1.70919075	3.294953431	24.56794328	0.000196447	0.00399928
Crlf2	2036	-0.698337061	5.249304675	24.53866915	0.000197546	0.004014398
Cacna2d4	6480	-1.25326653	3.147633165	24.48662148	0.000199518	0.00404716
Psme3	4118	0.431132622	8.144602339	24.42480681	0.000201889	0.004087888
Nob1	1647	0.444011337	5.85922907	24.3940651	0.00020308	0.004104622
Atp1a3	4092	-1.792297475	0.668576563	24.36487937	0.000204218	0.004113793
Gsdmd	2014	-0.589688181	5.81832405	24.36369466	0.000204265	0.004113793
Rcbtb2	4952	-0.45915095	5.770053723	24.34184619	0.000205122	0.004119567
Rinl	3129	-0.39877839	8.038012116	24.32908417	0.000205624	0.004119567
Ugdh	2511	0.368749434	6.196511362	24.32845367	0.000205649	0.004119567
Ccdc86	3003	0.710534278	5.167726063	24.30423287	0.000206607	0.0041314
Rnf167	2089	-0.463061053	7.067515425	24.27194601	0.000207891	0.004142372
Spn	5045	-0.397379599	7.833611369	24.2775292	0.000207669	0.004142372
Hspbp1	1750	0.398327936	6.141222978	24.10355549	0.000214741	0.004267255
Slc25a3	1718	0.325845681	8.907863938	24.09930548	0.000214917	0.004267255
Slc43a1	3880	-1.614995498	1.657434863	24.08714343	0.000215422	0.004269752
Mettl27	3127	-1.149163479	2.310711253	24.05405272	0.000216803	0.004289573
Cdk19	6110	-0.555372815	5.46205562	24.03541062	0.000217585	0.004290614
Trp53	2291	0.33054606	7.47093908	24.03464106	0.000217618	0.004290614
Castor1	2424	-0.718109008	4.863499686	23.97948719	0.000219952	0.004329058
Ap5z1	5320	-0.513453577	4.955828888	23.95753254	0.000220889	0.004332355
Tgfbr2	4788	-0.447202828	7.657750826	23.96295674	0.000220657	0.004332355
Kif5c	6868	-2.073425428	0.827230663	23.86493089	0.000224893	0.004403202
Maf	3642	-0.977122015	6.273990178	23.81733218	0.000226983	0.004422411
Ccr6	4243	0.779105023	5.39550364	23.81575461	0.000227052	0.004422411
Inpp5k	4606	-0.338725912	7.124786553	23.8263651	0.000226584	0.004422411
Cd1d1	2754	-0.604393851	5.188774357	23.79967926	0.000227763	0.0044286
Fyb	5464	-0.294414147	8.307216335	23.75933102	0.000229559	0.004455825
Pa2g4	2432	0.568642914	7.730831526	23.70904891	0.00023182	0.004491965
Cytip	6133	-0.437113423	9.169668725	23.67745138	0.000233254	0.004511981
Penk	1593	1.585987318	4.035022238	23.64729888	0.000234632	0.004520539
Mturn	5307	-1.175034902	3.383647154	23.64142558	0.000234901	0.004520539
Jade2	7209	0.613642574	4.837027878	23.65699082	0.000234188	0.004520539
Pon2	1983	-0.437869331	6.691638561	23.62611554	0.000235605	0.004526349
Txnl1	3485	0.35861269	7.146625764	23.58873298	0.000237334	0.004551799
Imp4	2712	0.337784258	7.195571858	23.57975789	0.000237751	0.004552047
Gm51710	5981	-1.612254745	1.194387376	23.55738188	0.000238795	0.004564273
Fkbp3	945	0.427079376	7.138993711	23.54121934	0.000239553	0.004570988
Gm46289	4985	-1.102721769	3.095739662	23.53155391	0.000240007	0.004571906
Nlrc3	8541	-0.650298168	5.900484094	23.48342994	0.000242283	0.004604306
Trbc2	520	-0.378949416	10.17773257	23.47832925	0.000242526	0.004604306
Stk17b	3278	-0.420996714	9.231939803	23.46609781	0.000243109	0.004607606
Itpr3	9381	-0.512387755	5.439695069	23.40746777	0.000245926	0.004637582
Hnrnpa1	2644	0.503769006	8.762577791	23.40856311	0.000245873	0.004637582
Sp100	5034	-0.350002176	8.57150306	23.41672673	0.000245479	0.004637582
Slco4a1	3698	0.99080375	3.367972635	23.31777779	0.000250308	0.004712329
Hmga1	2046	0.640140391	5.868904838	23.26173535	0.000253092	0.004756778
Vipr1	4902	-1.491338123	3.407438624	23.22568081	0.000254902	0.004782802
Galk1	1506	0.540120199	5.896825054	23.21437361	0.000255472	0.004785531
Foxp4	4150	0.499154714	5.269703386	23.18917351	0.000256749	0.004801458
Mapk11	2444	-0.477946331	6.757917632	23.15017546	0.000258739	0.004829147
Stk4	5421	-0.424561076	8.458728718	23.1433841	0.000259087	0.004829147
Sqstm1	5686	-0.310081171	7.785984818	22.99329553	0.000266925	0.00496701
S100a4	597	-2.009454984	2.867039369	22.9614038	0.000268625	0.004990396
Morf4l2	2494	0.364084471	6.47661901	22.88948556	0.000272504	0.005054124
Abhd8	2555	-0.370707594	7.691695291	22.85039704	0.00027464	0.005085349
Znrd2	701	0.437346913	5.472332756	22.83753083	0.000275347	0.005088752
Tmem154	3342	0.428559626	7.434604097	22.83061673	0.000275727	0.005088752
Ranbp1	852	0.486575204	8.260395695	22.82048914	0.000276286	0.005090721
Mphosph10	2202	0.475413906	5.388025803	22.78841165	0.000278065	0.005115122
Ipmk	6337	-0.943757989	3.294764242	22.77131403	0.000279018	0.005115941
Snrk	8836	-0.38193196	6.671926392	22.77874658	0.000278603	0.005115941
Carhsp1	3106	-0.583471632	4.928530549	22.75473578	0.000279946	0.00512461
S100a11	504	-0.882949725	7.526604355	22.71029572	0.000282451	0.005162073
Dok2	5834	-0.47522604	7.438345084	22.70062867	0.000283	0.005163711
Prdx3	1445	0.362586769	7.091677458	22.62733433	0.000287197	0.005231811
S100a3	3206	-1.800949978	1.121564105	22.59915891	0.000288829	0.00524024
9530036M11Rik	12763	1.78439699	1.081523211	22.58812535	0.000289471	0.00524024
Fas	2450	-0.807449302	5.538765039	22.58726259	0.000289521	0.00524024
Pisd	3375	0.396264809	6.117444661	22.59503979	0.000289068	0.00524024
Il1rl2	5016	-0.640247702	4.487441809	22.57037767	0.000290507	0.005249645
Tsr2	3805	0.614190169	4.279696442	22.56035569	0.000291094	0.005251823
Tpst2	2894	-0.414995906	6.793454694	22.54371079	0.000292072	0.005257565
Trmt6	3273	0.356760229	6.129400475	22.53905259	0.000292346	0.005257565
Kit	5182	-2.761096583	1.374228512	22.51205023	0.000293943	0.005269435
Mgrn1	5264	-0.484328705	6.323347387	22.51534474	0.000293747	0.005269435
Hk2	6003	0.954899827	3.68219133	22.49436763	0.000294993	0.005274376
Syncrip	7909	0.442466749	7.640304895	22.49164773	0.000295155	0.005274376
Mettl7a1	4021	-0.963811425	3.27154543	22.46077321	0.000297001	0.005282209
Tuba4a	4165	0.388203538	7.764278158	22.46677948	0.000296641	0.005282209
Srsf6	3547	0.300873906	8.142423246	22.46699973	0.000296628	0.005282209
Psmg1	1044	0.342680801	6.180373477	22.44832175	0.000297749	0.005287163
Tcn2	2260	-0.850074153	4.165380276	22.42495402	0.000299159	0.00530286
Tfrc	5149	0.572870388	6.243343706	22.41700495	0.000299641	0.00530286
Cct8	2391	0.39735374	9.098042678	22.41031469	0.000300046	0.00530286
Slc39a4	2753	0.662236144	5.611104063	22.39152899	0.000301189	0.005314714
Nme1	1380	0.425088032	9.036706024	22.36771974	0.000302645	0.005332042
Marcks	4186	0.815619612	3.879960539	22.3026098	0.000306667	0.005394456
Serpinb6b	2436	0.636801043	4.806582235	22.28589554	0.000307709	0.005404345
Aimp2	1185	0.540425863	5.739471344	22.25000035	0.000309961	0.005435418
Eif4e	10231	0.400567519	7.777336811	22.2409839	0.000310529	0.00543692
Naca	8480	0.297108914	9.157568091	22.22727808	0.000311396	0.005443628
4932438A13Rik	16226	-0.419810664	6.84676898	22.21280242	0.000312314	0.005451217
Slc41a3	3441	-0.652816641	4.088229384	22.20293388	0.000312942	0.00545372
Ctso	3468	-0.537989302	5.166664537	22.07765879	0.000321039	0.005586172
Zranb2	3552	0.368190281	6.528746605	22.03516927	0.000323839	0.0056262
Trp53inp1	5432	-0.61843007	6.918394263	22.02073767	0.000324796	0.00563414
Dimt1	4354	0.497454536	4.602158353	22.00488836	0.000325852	0.005643748
2610008E11Rik	4229	-0.63548806	4.226120956	21.94606805	0.000329802	0.00569396
Gnptab	5477	-0.537834105	5.571906052	21.949243	0.000329587	0.00569396
Exosc7	7205	0.491899897	5.760298839	21.93918478	0.000330268	0.00569396
Gmfg-ps	576	-1.799613618	0.837836841	21.91094064	0.000332187	0.005718295
Ryr1	15442	-1.998604779	0.448076336	21.89413641	0.000333335	0.005729297
Tax1bp1	3787	-0.311464428	7.714701076	21.87547084	0.000334616	0.005742539
Ruvbl2	2280	0.484773987	6.882789496	21.8653825	0.00033531	0.005745698
2810004N23Rik	1382	0.537648386	5.542343849	21.83921902	0.000337119	0.005767911
Cdv3	4681	0.428959065	7.320807879	21.77200038	0.000341817	0.005839418
Tubb2b	1922	-1.353356017	1.935581885	21.70195604	0.000346792	0.005913797
Ahnak	27894	-0.52718707	5.918639205	21.68812196	0.000347785	0.005913797
Fam78a	14389	-0.362324331	6.941438983	21.67405153	0.000348797	0.005913797
Eif3a	5176	0.352380178	8.411277555	21.67705641	0.000348581	0.005913797
Tcf7	12697	-0.326752256	10.5071511	21.67538841	0.000348701	0.005913797
Oasl2	3136	-1.791321449	0.530067739	21.6527031	0.00035034	0.005931025
Tmem191c	1408	-0.744378648	3.756145855	21.63156511	0.000351876	0.005948074
Pqlc3	2194	-0.513749471	6.248888837	21.60192125	0.000354042	0.005975718
Ms4a4b	1259	-0.742035352	10.32241999	21.56240733	0.000356953	0.005997878
Wdr59	5266	0.492337261	4.522808323	21.57040792	0.000356361	0.005997878
G3bp1	3139	0.387029527	9.471129071	21.56315545	0.000356898	0.005997878
Tmem50a	1272	-0.374694179	8.275152664	21.52886977	0.000359445	0.006030756
Pusl1	1601	0.64935315	4.16170291	21.4916877	0.000362232	0.006068212
Enoph1	3139	0.440548216	5.195540507	21.48473148	0.000362756	0.006068212
Naa15	6090	0.41444849	6.655393022	21.46540062	0.000364217	0.006083609
Ttc38	5417	-0.527369743	4.902772936	21.4418379	0.000366006	0.006104446
Gm31813	2673	1.233118004	2.3381595	21.40766218	0.00036862	0.006132847
Pstpip1	2349	-0.354415027	6.641305434	21.40533587	0.000368799	0.006132847
Oas2	4293	-1.593293056	0.545873745	21.36352029	0.000372028	0.006157646
Dnah8	15181	-0.723803235	4.760109725	21.35772148	0.000372478	0.006157646
Wdr18	3000	0.448012475	6.874003087	21.37667188	0.000371009	0.006157646
Wdr61	1609	0.348468492	6.655095891	21.36657186	0.000371791	0.006157646
Thumpd1	2893	0.399159032	6.729513735	21.33711419	0.000374083	0.006175117
Rnf213	17466	-0.781588317	4.602271118	21.29720567	0.000377215	0.006202019
Set	3101	0.473295879	8.276607366	21.29529052	0.000377366	0.006202019
Rpl7l1	2606	0.38858292	7.257526966	21.30575927	0.000376541	0.006202019
Pla1a	3899	2.473055985	0.537963961	21.28435331	0.000378229	0.006207153
Gm3636	5353	1.133050871	3.444820336	21.24908505	0.00038103	0.006244015
Rgs16	2335	1.608018443	4.67857459	21.21313841	0.000383909	0.006272934
Ccng2	2494	-0.492441339	6.574888904	21.21560139	0.000383711	0.006272934
Abca2	10913	-0.553879476	5.583016425	21.18523579	0.000386161	0.006300585
AW209491	2023	0.614916881	3.986366526	21.16314148	0.000387955	0.006311559
Mogs	2784	0.573154399	4.973066911	21.1670524	0.000387637	0.006311559
Nedd4	7090	1.824733254	1.160493827	21.13832208	0.000389982	0.006335373
Lpcat4	1902	-0.586415521	4.726961095	21.10941823	0.000392357	0.006364775
Seh1l	4121	0.405031777	5.858230562	21.06121066	0.000396355	0.006420386
Plcb4	12740	-1.018063213	3.138138635	21.03627023	0.000398442	0.006444917
Skap2	1639	-0.55396214	4.766161778	21.01662053	0.000400095	0.00645671
Mecr	4168	0.519077502	4.809676423	21.01397527	0.000400318	0.00645671
Per2	6106	1.393341523	2.040393231	21.00055914	0.000401452	0.006465734
Fkbp4	2196	0.468011118	7.622678075	20.94594503	0.000406106	0.006531341
Armc7	3467	-0.385674763	6.230654343	20.9282575	0.000407626	0.006546441
Gm14718	758	-1.045442017	3.599010946	20.91196891	0.000409032	0.006559661
Cyth1	7227	-0.394595539	7.88852503	20.8572498	0.000413795	0.006626612
Mfge8	2126	-0.559333628	4.71603248	20.84121695	0.000415203	0.006630292
Nudcd1	3447	0.429923359	5.142770971	20.84334899	0.000415016	0.006630292
Abhd15	3249	-1.373085953	2.566524338	20.72882497	0.000425226	0.006680577
Amdhd2	1640	-0.779757991	4.579689952	20.70055043	0.000427791	0.006680577
I730030J21Rik	961	0.667495296	5.884983999	20.70162945	0.000427693	0.006680577
E2f2	5003	-0.612068228	5.993060806	20.69703267	0.000428111	0.006680577
Znhit6	6517	0.590715941	4.808052715	20.78742346	0.000419966	0.006680577
Mphosph6	1115	0.582747051	5.734579208	20.73912775	0.000424296	0.006680577
Umps	3484	0.455077146	7.234948267	20.74814448	0.000423484	0.006680577
Nus1	4614	0.449577991	5.09432664	20.72419863	0.000425644	0.006680577
Prps1	1975	0.418773441	6.523869747	20.70508381	0.000427378	0.006680577
Hspa4	4640	0.417403295	7.922016671	20.70755691	0.000427154	0.006680577
Ddx27	2592	0.410101076	6.929906097	20.78123844	0.000420518	0.006680577
Pbxip1	4705	-0.40755149	7.173206973	20.73503183	0.000424665	0.006680577
Tpra1	5557	-0.404151329	5.900040762	20.69654185	0.000428156	0.006680577
Runx1	7378	-0.40255745	6.044667675	20.72993259	0.000425126	0.006680577
Ptpn22	6292	-0.36473682	8.268983146	20.77814927	0.000420794	0.006680577
Eif3i	1109	0.338435022	8.144515255	20.69342487	0.00042844	0.006680577
Emc6	1436	0.321536471	6.423334073	20.78550806	0.000420137	0.006680577
Man1a	5273	0.460228588	6.11390847	20.59272052	0.000437736	0.006816083
Rap1gap2	9251	-1.418697784	2.595769396	20.58564425	0.000438397	0.006816959
Mrps10	5073	0.366164952	5.719652598	20.56464621	0.000440368	0.006838156
Ndrg4	3374	-2.217934888	0.686804401	20.5443477	0.000442283	0.006858426
Tmem70	2092	0.405089018	5.952077772	20.51863734	0.000444721	0.006886756
Ptrh1	1079	-1.09145986	3.403983904	20.48676285	0.000447766	0.006915271
Pfas	6369	0.529952121	6.00284666	20.48649987	0.000447791	0.006915271
Nutf2	2355	0.406904451	6.892702262	20.44417626	0.000451871	0.006968718
Ctdsp2	5065	-0.668398223	5.698422376	20.39829575	0.000456342	0.00702804
Eif5a	2097	0.4210092	9.906628075	20.37632796	0.0004585	0.007051637
Rgs3	11820	0.382808787	6.553455276	20.35923734	0.000460188	0.007063002
Eif1ax	4865	0.356674554	7.365244177	20.35614186	0.000460494	0.007063002
Zfp53	10110	-0.33339533	6.991647274	20.31846976	0.000464242	0.007110792
Rab19	2475	-0.56695454	5.891034342	20.31050384	0.000465038	0.007113319
P2ry10	2883	-0.628755726	5.202782094	20.29424253	0.00046667	0.007120643
Wdr75	3123	0.480231384	5.6428394	20.29312585	0.000466782	0.007120643
Gm38960	2784	-0.701362454	4.085920098	20.19873706	0.000476385	0.007248536
Scrn2	1730	0.562464226	4.048994357	20.19807117	0.000476454	0.007248536
Cluh	6109	0.743452474	5.771517725	20.18199106	0.000478112	0.007254164
Dnmt3a	24591	0.416755608	7.076282994	20.18677412	0.000477618	0.007254164
Pop1	4538	0.743183692	4.180218054	20.14868784	0.000481569	0.007291428
Gimap4	1869	-0.416438911	9.774238922	20.13964994	0.000482511	0.007291428
Pnkp	5311	-0.309010296	6.455626542	20.14033482	0.00048244	0.007291428
Rps5	789	0.331832963	9.892087936	20.11489793	0.000485105	0.007320787
Psmd7	1600	0.373573421	7.507683567	20.10588216	0.000486053	0.00732528
H2-T23	1317	-0.400860658	8.543554265	20.08495153	0.000488263	0.007348751
Pou6f1	5353	-1.656462309	1.978968873	20.06494719	0.000490386	0.007370849
Nifk	1894	0.453100766	6.629676763	20.03275251	0.000493825	0.007402771
Glg1	8221	-0.309985549	7.283952197	20.03533339	0.000493548	0.007402771
Dennd3	5647	-1.289590582	2.111168146	20.02459121	0.000494701	0.007406044
Mrpl42	689	0.381927716	7.338696084	19.94705466	0.000503114	0.007520579
Adsl	3712	0.354532835	7.473161588	19.94182	0.000503688	0.007520579
Ruvbl1	1669	0.523910323	6.673670368	19.93539865	0.000504393	0.00752113
Ndufaf6	5036	0.425931576	4.566848228	19.90772741	0.000507443	0.007543279
Supt7l	2677	-0.425100662	4.544371654	19.91147417	0.000507029	0.007543279
Pin1	1176	0.282656755	6.909783652	19.90370892	0.000507888	0.007543279
Apol9b	2604	0.586285475	5.14314311	19.88897591	0.000509523	0.007557585
Maged2	2721	0.736502454	4.982715693	19.84010553	0.000514988	0.00761857
Osbpl5	4805	-0.66980241	4.533351698	19.84543668	0.000514388	0.00761857
Macir	3684	-0.470891717	4.833109545	19.80954514	0.000518439	0.007659565
Tomm40	1827	0.557996654	6.901081517	19.76982636	0.000522965	0.007716299
Ubiad1	2981	0.382596958	4.865698149	19.7620253	0.000523859	0.007719374
Fam189b	3603	-0.527565985	6.828330172	19.7450501	0.00052581	0.007738005
Apoo	1548	0.391674103	5.152785318	19.73323065	0.000527174	0.007747947
Bcas3	11043	-0.508326879	4.929100806	19.71116595	0.000529731	0.007750213
Plscr1	2209	0.489707523	5.232405869	19.71115074	0.000529733	0.007750213
Nup54	3148	0.367632638	5.765206057	19.71872138	0.000528854	0.007750213
Higd1a	1972	0.351529101	7.077695868	19.70814567	0.000530082	0.007750213
Mrpl20	1130	0.335506937	6.947169923	19.69776159	0.000531291	0.007757816
Thyn1	1696	0.522821835	3.840331616	19.67713055	0.000533703	0.007782934
Nr4a3	7626	0.993034281	3.894387138	19.6447447	0.000537514	0.007823972
Ms4a6c	5840	-0.84316959	7.27068244	19.64141857	0.000537907	0.007823972
Fut7	2965	-1.38767926	2.426271851	19.58962518	0.000544071	0.007879397
Gna15	2261	-1.053830943	3.726099651	19.5860356	0.000544501	0.007879397
Exosc2	1931	0.377861847	5.826742246	19.5859075	0.000544517	0.007879397
Mkrn1	4649	-0.314654035	7.320412623	19.59830716	0.000543032	0.007879397
Mtfp1	1396	1.108077707	3.100963074	19.56832835	0.000546629	0.007899813
Rpl6	1575	0.305670776	8.952898835	19.52774417	0.000551543	0.007960597
Wdr36	4123	0.431261568	6.339016619	19.50873806	0.000553861	0.007983821
Cdh23	12151	-0.806343986	3.795528975	19.50215689	0.000554666	0.007985205
Chac2	1330	0.985336032	2.496360122	19.48444845	0.00055684	0.008006259
Ntn1	5738	-2.193708403	0.353360944	19.46571804	0.000559149	0.008029212
Nedd9	4782	-0.414992562	7.01901909	19.44850194	0.000561282	0.008049567
S100a6	719	-1.697659479	5.525828571	19.41834314	0.00056504	0.008093155
Fli1	4804	-0.425482996	6.434176675	19.41079821	0.000565985	0.008096385
Usp35	9685	-2.835476593	0.943744077	19.36665503	0.000571548	0.008165593
Klc3	2465	-0.675937259	3.840319526	19.35702766	0.00057277	0.008168834
Cd2	1144	-0.354837903	9.267056084	19.35343668	0.000573226	0.008168834
Rasgef1a	3582	-1.987929437	1.736974072	19.34464868	0.000574345	0.008174429
Noc4l	2039	0.475356791	6.524798423	19.32400784	0.000576982	0.008201598
Setd4	4936	-0.595148276	4.996227105	19.31530132	0.000578099	0.008207109
Utp15	4071	0.395949023	5.969958759	19.3070139	0.000579164	0.008211876
Eif2s1	3152	0.422514181	8.192857179	19.29750464	0.000580389	0.008218894
Btla	4868	-0.394485217	7.359879751	19.24517674	0.000587183	0.008304661
Prpf19	6333	0.444635704	7.212232719	19.22723658	0.000589534	0.008306595
Mtch2	2712	0.317276199	7.641603893	19.22856715	0.000589359	0.008306595
Rpl14	935	0.288860837	9.784882507	19.22925061	0.000589269	0.008306595
Ccdc148	25202	2.225684366	0.615844188	19.16533744	0.000597726	0.008395942
Psmc6	2346	0.358327405	7.424310694	19.16249916	0.000598104	0.008395942
Slc44a2	3879	-0.325527304	8.581788618	19.16244105	0.000598112	0.008395942
Psmb6	1123	0.299488026	8.543496773	19.13437078	0.000601873	0.008438208
Acaa2	1500	0.41271152	7.104958895	19.1082487	0.000605396	0.008477055
Usp14	4459	0.326342844	7.077618303	19.0914844	0.00060767	0.008498325
Bcl9l	8205	-0.494842664	4.806517993	19.05471324	0.000612692	0.008557925
Eprs	6554	0.458440243	7.606106672	19.0424358	0.000614379	0.008570859
Apold1	3284	-1.771150805	0.746363176	19.03138578	0.000615903	0.008574536
Otulinl	3129	-0.513627049	7.39586677	19.02947592	0.000616166	0.008574536
Cyp2s1	2623	-1.286248322	2.804975546	19.01363464	0.000618358	0.008594419
Bspry	2211	1.297999395	2.273751154	18.99483773	0.000620971	0.008599117
BC049352	5050	1.220340707	3.308701119	18.99003476	0.000621641	0.008599117
Hid1	6349	-1.194752862	3.163335335	18.98923952	0.000621752	0.008599117
Hp1bp3	13085	-0.317179025	7.633833483	18.99385764	0.000621108	0.008599117
Rps6ka5	6258	-0.777191662	3.464982732	18.97938827	0.000623128	0.008607578
Hdgf	2997	0.353620188	6.429603976	18.94418039	0.000628076	0.008665288
Slc30a2	3483	2.361815831	0.563266303	18.91061935	0.000632833	0.008669555
Ropn1l	910	-1.568330399	0.991739028	18.89885329	0.000634511	0.008669555
Adcy6	13136	-1.404692441	1.429486096	18.91866612	0.000631689	0.008669555
Snhg3	437	0.60647845	4.892472404	18.92439788	0.000630875	0.008669555
Arhgap4	3572	-0.44387276	7.853040925	18.90207435	0.000634051	0.008669555
Trac	927	-0.352609822	11.88529848	18.91883503	0.000631665	0.008669555
Prkar1a	4058	-0.273181118	9.750276638	18.91820523	0.000631754	0.008669555
Gltp	1621	-0.272555883	8.804914013	18.8986135	0.000634546	0.008669555
Bcl3	1846	-1.074684104	5.041042597	18.88907072	0.00063591	0.008677668
Btf3	1129	0.295241165	8.436414317	18.86483072	0.000639391	0.008714611
Ncbp2	2037	0.35179114	6.0408391	18.84978817	0.000641563	0.008733633
Naf1	3406	0.901740581	2.586156941	18.83662024	0.00064347	0.008749023
Urb1	7376	0.577232155	5.14298803	18.7671241	0.000653647	0.008876663
Prmt1	1708	0.55427726	7.075848785	18.7442585	0.000657035	0.008901202
Gemin6	1386	0.38944883	5.166549692	18.74749222	0.000656555	0.008901202
Sacm1l	3564	0.349355217	6.536519884	18.71141757	0.000661937	0.008956829
Septin10	5152	-1.594877649	0.506280601	18.7035194	0.000663122	0.008962092
Spr	1226	0.378232211	5.695703581	18.68713375	0.000665588	0.008984638
Sdhaf1	967	0.540701903	5.324339228	18.67140951	0.000667964	0.009005921
Rab11fip5	6171	1.349432849	2.024607781	18.63849087	0.000672971	0.009051745
Ifitm2	1666	1.222393105	2.645907495	18.64046656	0.00067267	0.009051745
Hbp1	5405	-0.548731487	4.912215169	18.60345771	0.000678347	0.009080654
Gar1	1297	0.503270434	5.753449956	18.60461385	0.000678169	0.009080654
Atp6ap2	2368	-0.399822864	7.014991152	18.60915234	0.00067747	0.009080654
Drg1	7070	0.266006512	7.603713764	18.61761277	0.000676169	0.009080654
Ptprc	5872	-0.269868647	11.04154719	18.5668126	0.000684022	0.009145754
Cops4	4408	0.327735177	7.225664729	18.55699048	0.000685553	0.009155344
Zc3hav1	7925	-0.346958392	6.994992123	18.53942547	0.0006883	0.009181134
Sod2	3824	0.318420054	6.415389501	18.50840393	0.000693181	0.009235308
Ccpg1	4260	-0.496556428	5.374913191	18.48131655	0.000697476	0.009270588
Rps6	1394	0.262631935	9.54945405	18.48173908	0.000697409	0.009270588
Macc1	4301	2.258861065	0.748225956	18.47538383	0.000698421	0.009272198
Psma4	1263	0.327345948	8.037561451	18.44574226	0.000703163	0.00932416
Cxcr3	1609	1.16232062	5.031083798	18.41967213	0.000707365	0.009324953
Axin2	5535	-0.830414513	3.334652846	18.42395041	0.000706673	0.009324953
Ppic	1286	0.737612622	5.095363687	18.42942883	0.000705789	0.009324953
Pitpnm1	6204	-0.355080909	7.592768258	18.42417916	0.000706636	0.009324953
Bin1	3156	-0.30054369	7.46840278	18.42758532	0.000706086	0.009324953
Pdf	1537	0.406878753	5.35389145	18.40604451	0.000709572	0.009343114
Cyth4	2905	-0.52914544	6.427743155	18.38824277	0.000712468	0.009357577
Impdh2	1773	0.440526607	7.426597177	18.38957382	0.000712251	0.009357577
Gtf2i	10241	-0.330686757	7.772591421	18.38397387	0.000713164	0.009357577
Iffo1	4072	-0.41521858	4.760413274	18.36996819	0.000715454	0.009376698
Clpp	1207	0.381742851	5.96497657	18.35153056	0.000718482	0.009394506
Acadvl	2188	0.338558796	7.343988329	18.35191444	0.000718419	0.009394506
Nme6	1364	0.537907277	4.086117627	18.33744108	0.000720805	0.009413954
Dus1l	2643	0.333264746	6.278801792	18.2717065	0.00073176	0.009545952
Dedd2	5579	-0.362160564	6.367440915	18.2562294	0.000734367	0.009557808
Pfdn1	1077	0.317082741	6.541719004	18.25625622	0.000734363	0.009557808
Smad3	5529	-0.702350932	5.856974689	18.21681576	0.000741054	0.009620861
Farsb	6480	0.318235926	7.243458651	18.21713371	0.000741	0.009620861
Farsa	1878	0.315904727	7.042635353	18.21258642	0.000741775	0.009620861
Smpd1	2412	-0.396642249	4.99497602	18.17893543	0.000747546	0.009684548
Ikzf2	10741	-0.454134083	6.305197023	18.16137474	0.000750578	0.009712647
Asb2	2899	-1.276296975	3.670574235	18.14404319	0.000753584	0.009740349
Lncpint	1808	-1.536706354	1.819495718	18.13440463	0.000755261	0.009750838
Polr1a	6341	0.539019519	5.166649794	18.10397539	0.000760586	0.009808332
Tnpo1	8766	0.436832203	6.990039562	18.06808906	0.00076692	0.009878705
Arsb	3989	-0.594672202	3.916435642	18.0621742	0.00076797	0.009880923
Vcam1	3398	1.650111228	2.431708141	18.03608838	0.00077262	0.009929399
Fam111a	3287	0.327802889	6.76768651	18.01542232	0.000776326	0.009954307
Eif3m	1230	0.280961	8.139845079	18.01624802	0.000776178	0.009954307
Psap	2773	-0.29466359	8.350621186	18.00764966	0.000777726	0.009960905
Xpot	6181	0.444559887	6.041191304	17.97748468	0.000783184	0.01001941
Mllt3	7593	-0.310986184	6.621770739	17.93629777	0.000790707	0.010104173
Eif2b1	2938	0.362486407	6.545070132	17.9035552	0.000796746	0.010169808
Slc25a24	3383	-0.765519929	4.259363211	17.87055492	0.000802887	0.010235737
9130401M01Rik	1309	0.417072437	5.512167552	17.86604701	0.00080373	0.010235737
Elp3	3042	0.45152023	5.666638193	17.85586426	0.000805638	0.010248443
Chsy1	4446	1.060625958	2.983891453	17.80335223	0.00081556	0.010362949
Zfp36l2	3537	-0.739035258	5.89099749	17.79529656	0.000817094	0.010370741
Psme2b	1066	0.352896201	5.293459618	17.78937302	0.000818225	0.010373393
Mrpl39	3000	0.287344429	6.301385903	17.78285605	0.00081947	0.0103775
Synj2	19419	-0.491009523	5.584761447	17.7664099	0.000822624	0.010405727
Rdh13	4635	0.71905309	3.450038923	17.75517776	0.000824785	0.010421361
4930481B07Rik	7228	1.128545268	1.700002584	17.70788836	0.000833957	0.010513653
Frmd8	3241	-0.281739863	8.235091535	17.70898997	0.000833742	0.010513653
Rpp30	1183	0.352329741	5.696932917	17.69514841	0.000836448	0.01053326
Sdcbp2	2226	-0.923707998	4.424541921	17.66111218	0.000843145	0.010582867
Klhl3	7408	-0.6597247	4.074388025	17.66079461	0.000843208	0.010582867
Rassf2	5494	-0.375661453	7.372909586	17.66921272	0.000841546	0.010582867
1110032F04Rik	2578	0.730527485	3.269067527	17.63781349	0.000847764	0.010628206
Las1l	3869	0.439533999	6.237680379	17.57283163	0.000860801	0.010779647
H2-T-ps	1289	-0.441304576	4.889158104	17.56694376	0.000861994	0.010782587
Alg3	1441	0.391813343	5.173429885	17.55996716	0.00086341	0.010788307
Kcnmb3	8336	-1.660544508	2.068661887	17.54114504	0.000867242	0.010824177
Pdcd5	1061	0.362513134	6.768425287	17.53268057	0.000868971	0.010833755
Card11	4112	-0.380961868	6.373526365	17.47981138	0.000879865	0.010957434
P4ha2	2345	-2.472227475	-0.056999292	17.44780423	0.000886536	0.010987018
Gpsm3	1343	-0.462298958	6.885144309	17.46034725	0.000883915	0.010987018
Prmt3	2537	0.45282386	6.074269454	17.45462633	0.000885109	0.010987018
Polr2f	569	0.432538084	6.227332597	17.45176682	0.000885707	0.010987018
Srsf7	2812	0.319511976	8.960290966	17.44501337	0.00088712	0.010987018
Clns1a	3395	0.26618063	7.413231917	17.40295357	0.000895981	0.011084565
Rps4x	1367	0.298917524	9.774081547	17.3961239	0.000897429	0.011090296
Ell2	3652	0.938394844	2.065761025	17.38395819	0.000900016	0.011110064
Ebna1bp2	2960	0.363163092	6.426916867	17.37594455	0.000901724	0.011118962
Sbk1	5386	-0.817579759	3.765592763	17.32961018	0.000911675	0.011217095
Rps27a	821	0.344889036	9.823897296	17.33159744	0.000911246	0.011217095
Abr	9683	-0.40159332	6.070126995	17.31034132	0.000915851	0.011249063
Nbeal2	8803	-0.348396236	6.314539378	17.30840239	0.000916272	0.011249063
Cpd	9152	0.709750771	3.881691452	17.27884272	0.000922723	0.011315923
Nme2	1168	0.301362346	8.34586768	17.27218975	0.000924182	0.011321483
Arhgap24	14407	1.213386608	1.587372058	17.25704887	0.000927513	0.011349932
Gm46781	2619	-1.646768956	1.338978759	17.22464565	0.000934686	0.011405283
Fam234a	3081	-0.719835668	4.680650925	17.22289761	0.000935075	0.011405283
Foxk2	5377	0.571788579	4.146368752	17.23133578	0.0009332	0.011405283
Sesn3	2158	-0.417613124	5.795990354	17.21120554	0.000937681	0.011424683
Cdk2ap1	1250	0.511865367	4.858303034	17.14865731	0.00095176	0.011571178
Sh3kbp1	6949	-0.331093202	8.970109386	17.1514141	0.000951134	0.011571178
Jak2	10935	-0.42515286	6.055370796	17.13503626	0.000954858	0.011596319
Trib3	2051	-1.217086596	1.247905098	17.12955082	0.000956109	0.011598998
Tsr1	3385	0.512436175	5.117403999	17.12403392	0.000957368	0.011601781
Pebp1	1182	0.293554335	7.788537882	17.10771304	0.000961107	0.011634561
Nup35	2873	0.417554931	5.010022526	17.09163978	0.000964805	0.011666782
Krt83	1757	-1.297245994	2.77655783	17.07490054	0.000968673	0.011700994
Rpl15	1977	0.276932459	9.391570671	17.06337984	0.000971346	0.011720704
Grk6	3785	-0.359681025	6.828025378	17.05440143	0.000973435	0.011733333
Hmgn1	1200	0.345081483	7.66466438	17.0475481	0.000975033	0.011740024
Slc25a15	3775	0.563880332	3.998755234	17.03491865	0.000977986	0.011742718
Hsp90aa1	2850	0.507098419	9.190223145	17.03905581	0.000977017	0.011742718
Ddit4	1685	-0.498329084	5.512706498	17.0332093	0.000978386	0.011742718
Snx11	2805	0.449506225	5.122839229	17.02527744	0.000980246	0.011752518
Tasl	4367	1.129559529	1.981774926	16.98884454	0.000988844	0.011831854
Samd9l	5473	-0.49408835	5.761156506	16.98833111	0.000988966	0.011831854
Rpl29	1169	0.30654904	9.088233018	16.98129415	0.000990636	0.011839261
Il10ra	3498	0.613202483	4.989912863	16.96946019	0.000993453	0.011860336
Dis3	3910	0.701265863	5.228732596	16.94807225	0.000998568	0.011898367
Gadd45gip1	1734	0.341159203	6.03970652	16.94730137	0.000998753	0.011898367
Syt13	3751	-1.767127411	0.262184109	16.94261776	0.000999877	0.011899169
Dph1	2103	0.533427673	3.804068883	16.90831608	0.001008155	0.011985011
Ifit1	2638	-1.581490868	3.478872088	16.89134647	0.001012279	0.012021345
U2af2	6289	0.292205063	6.92607635	16.8646818	0.001018798	0.012086017
Sh2d1a	1039	-0.438417399	8.473634527	16.85624226	0.001020872	0.012097866
Wls	5778	0.614181089	4.016613035	16.8478942	0.001022927	0.01210948
Acy1	1605	0.605143048	4.352399466	16.832587	0.001026709	0.012141481
Lsm2	1133	0.43558315	6.620219176	16.82110411	0.001029556	0.012162377
Cdyl2	18628	0.562033169	4.484729414	16.80888502	0.001032596	0.012185501
Polr1b	5488	0.768943064	5.178972667	16.79606782	0.001035796	0.012210461
Slc5a6	3889	0.585391194	3.870546817	16.79171014	0.001036886	0.01221053
Trbv31	335	-0.540423437	6.525807536	16.7570395	0.001045609	0.01227473
Psmd5	2053	0.315271708	6.8734968	16.7583499	0.001045278	0.01227473
Chfr	3908	-0.309468084	6.677094274	16.76188686	0.001044384	0.01227473
Armc5	4405	-0.366236035	5.5817912	16.7250425	0.001053733	0.01235722
Pwp2	4642	0.607370173	5.453977018	16.69964109	0.001060235	0.012420523
Mpp2	4688	-0.846748763	3.549853392	16.69055497	0.001062571	0.012434956
Tbl3	2515	0.4412014	6.532835918	16.68353016	0.001064382	0.01244321
Pes1	2911	0.310156542	6.939125438	16.67388956	0.001066872	0.012446476
Rpl10	795	0.288486997	9.891583871	16.67496513	0.001066594	0.012446476
2310061I04Rik	2130	0.464008008	4.477606648	16.66374757	0.0010695	0.01246421
Armc6	2917	0.533095702	4.228447883	16.65429463	0.001071955	0.012479907
Ubald2	1482	-0.40203765	4.79820094	16.6430305	0.001074889	0.012501141
Hsh2d	1225	-0.618284216	3.850223648	16.62486811	0.00107964	0.012543433
Gbp7	5622	1.004231611	4.109125466	16.60374807	0.001085194	0.012581997
Tnfrsf1b	4926	0.380427889	7.527095523	16.60749159	0.001084208	0.012581997
Cd72	1732	0.88106313	4.044656807	16.59543151	0.001087391	0.012594489
Mrpl38	1411	0.453336197	4.854531281	16.59112242	0.001088531	0.012594735
Wdfy2	6948	-0.858709512	4.072973917	16.57242618	0.001093492	0.012613254
Fam185a	4477	0.716735512	2.788150035	16.57984569	0.00109152	0.012613254
Hemk1	2889	0.662602535	3.783094209	16.5762098	0.001092486	0.012613254
Abtb1	2285	-0.443280238	5.797670895	16.54738946	0.001100177	0.012677374
Sec11c	1286	0.282398272	8.285533954	16.51484121	0.001108938	0.012765257
Trnau1ap	2882	0.369715389	6.240675104	16.44663608	0.001127556	0.012966314
Bcl7c	6558	0.619077187	4.937947028	16.43391712	0.001131067	0.012991025
Polr3d	2158	0.464117148	4.489291195	16.43049992	0.001132012	0.012991025
Ncmap	2445	-1.121539408	1.72118192	16.42412375	0.001133779	0.012998049
Ripk2	2913	0.662641135	4.246892633	16.41833314	0.001135386	0.013001547
Ccm2	4364	-0.294778532	7.982584045	16.41470724	0.001136394	0.013001547
Trmt11	4361	0.426348031	5.186195026	16.39447141	0.001142036	0.013052838
Resf1	6344	-0.443414442	6.16438361	16.37992074	0.001146113	0.013086152
Tlcd2	1529	0.969255047	2.782490649	16.3699866	0.001148907	0.013087666
Usp6nl	14447	-0.55125568	4.569518655	16.36407125	0.001150573	0.013087666
Ddx21	4743	0.395214324	6.758550335	16.37361482	0.001147886	0.013087666
Brcc3	4998	0.325228298	6.403846152	16.36292698	0.001150896	0.013087666
Pde4b	20779	-0.490060008	6.524429925	16.27585461	0.001175763	0.013323882
Slc43a2	9436	-0.45886349	6.098440996	16.27364325	0.001176402	0.013323882
Cct7	2452	0.31644969	9.032538209	16.27870687	0.001174939	0.013323882
Eif3e	1541	0.231493964	8.532266193	16.2738607	0.00117634	0.013323882
Atxn1	24454	0.680979395	4.439616207	16.25572421	0.001181599	0.013355866
Pld3	2997	-0.271764265	6.680878442	16.25852475	0.001180785	0.013355866
Shmt2	2305	0.511766508	7.183087532	16.21385006	0.001193846	0.013468567
Rps2	999	0.276709306	10.72836527	16.21345251	0.001193962	0.013468567
Chpf2	7409	-0.401706359	5.447043356	16.19012297	0.001200849	0.013532692
Epb41l4aos	433	0.803379473	3.421159633	16.18150933	0.001203403	0.013534379
St13	3124	0.314548597	8.073610485	16.18175106	0.001203331	0.013534379
Tcp1	2499	0.404370558	8.121012408	16.15408115	0.001211578	0.013612717
Wdr46	2253	0.291649858	6.241818123	16.13528521	0.001217216	0.013662434
Etf1	3836	0.313153365	7.600715229	16.1116583	0.001224347	0.01372878
Shisa5	2791	-0.336009349	11.11534872	16.08529241	0.00123236	0.013804886
Ube2h	4780	-0.409636857	6.203397298	16.07584787	0.001235245	0.01382345
Uap1l1	1763	-0.488508267	5.359956599	16.01266561	0.001254746	0.014013818
Slc35a1	6883	0.368439772	5.31848952	16.01436714	0.001254216	0.014013818
Bop1	2546	0.364925851	7.045621492	16.00569911	0.001256917	0.014024159
Klhl4	3884	-4.771257676	0.837210857	15.97428353	0.001266764	0.014050472
Jazf1	3382	-0.935159868	2.499129318	15.97787475	0.001265634	0.014050472
Alg13	5407	0.516662172	3.84224397	15.99066151	0.00126162	0.014050472
Mrpl19	5016	0.369259357	5.626304457	15.98467568	0.001263497	0.014050472
Mrpl35	3695	0.325187791	6.300826279	15.98632829	0.001262978	0.014050472
Psma3	3325	0.307639797	8.89616966	15.97739302	0.001265786	0.014050472
Acsbg1	3375	-1.232042194	2.371676225	15.94409911	0.001276308	0.014073139
Serpinb6a	2096	-0.578218345	4.673634953	15.95192604	0.001273825	0.014073139
Asap1	9092	-0.476454455	7.468691007	15.96008823	0.001271242	0.014073139
Ran	2308	0.428373644	9.808196396	15.95211497	0.001273765	0.014073139
Gstp3	1152	-0.365022431	7.013534021	15.95291929	0.001273511	0.014073139
Rpl3	1541	0.22334767	10.42147965	15.94555807	0.001275845	0.014073139
Serbp1	6685	0.267153333	9.066416002	15.92034138	0.001283878	0.014142754
Afap1	6885	-0.731695945	3.141244043	15.90560738	0.001288598	0.014180877
Bin2	2323	-0.314216272	9.029203446	15.85139325	0.001306139	0.014359871
Lsm3	631	0.273635461	7.318458809	15.84239769	0.001309075	0.014378117
Rnf114	3008	-0.281918191	8.228744647	15.83721323	0.001310771	0.014382713
Chn2	13508	0.69186949	4.940443072	15.81527556	0.001317976	0.014447683
Nudt5	7683	0.43991793	5.948404492	15.81092258	0.001319411	0.014449344
Egln3	3074	-0.700842465	5.669121975	15.79429866	0.001324907	0.01445393
Gpr68	4886	-0.503173194	4.735959896	15.7825218	0.001328817	0.01445393
Trmt5	4870	0.464343432	4.099321335	15.79747304	0.001323855	0.01445393
Mrpl1	4670	0.369768415	5.350066778	15.79990779	0.00132305	0.01445393
Cul2	5068	0.360847052	6.108899351	15.79285359	0.001325386	0.01445393
Polr1e	3691	0.350712664	5.433625881	15.78375218	0.001328408	0.01445393
Ap3d1	5048	-0.288043656	6.772675105	15.78860697	0.001326795	0.01445393
Rplp0	1360	0.233475851	11.31742252	15.77841301	0.001330184	0.014454835
Gm30603	624	-2.142147524	2.095998103	15.76117605	0.001335937	0.014475433
Agpat5	3829	0.442011648	5.077383327	15.76142485	0.001335853	0.014475433
Atic	2611	0.399762631	6.292803111	15.76196596	0.001335672	0.014475433
Nufip1	4191	0.473221365	4.780551465	15.75405249	0.001338322	0.01448734
Castor2	4769	-1.06928891	2.221510817	15.73660921	0.001344185	0.014522875
Ak2	3339	0.353042905	8.194606123	15.7399021	0.001343076	0.014522875
A430005L14Rik	1098	0.354810894	6.210625839	15.72001653	0.001349789	0.01456944
Ano6	7843	-0.411210648	6.219342715	15.70585918	0.001354592	0.014607275
Cdk4	1420	0.324781865	8.276333842	15.6980575	0.001357247	0.014621899
Ctps	3089	0.521747767	6.278582071	15.69183373	0.001359369	0.014630762
Pgd	2293	0.331843064	7.002501758	15.67406589	0.001365449	0.014668151
Mtx2	1258	0.326502365	6.213169958	15.67465777	0.001365246	0.014668151
Coq8a	4557	-0.645559617	4.169591229	15.66702606	0.001367866	0.014680112
Surf2	1315	0.539444002	4.618279687	15.64391022	0.001375838	0.014751609
Nampt	4547	0.392167775	5.720942909	15.63622631	0.0013785	0.014766086
Itpkb	8126	-0.44544773	5.650858719	15.6197639	0.001384223	0.014804309
Nrbp1	2208	-0.26137911	7.178175879	15.61839908	0.001384699	0.014804309
Slc12a6	6863	-0.424619398	5.165261629	15.60839713	0.00138819	0.014815284
Tpp1	3765	-0.361397812	6.12647008	15.60791972	0.001388357	0.014815284
Cep97	8539	-0.50203561	5.829748824	15.59713616	0.001392133	0.014827472
Egr1	3072	-0.467210538	7.704634824	15.59772918	0.001391925	0.014827472
Tmem106a	2601	-0.926889048	2.701933403	15.58856859	0.001395142	0.014845471
Bcam	2407	1.467491499	1.675317894	15.56602226	0.001403095	0.014905919
Zbed4	7604	0.573793322	3.421360382	15.56496046	0.001403471	0.014905919
Yipf3	2090	-0.3059697	6.935945866	15.55573782	0.00140674	0.014926558
Natd1	4159	-0.574607829	4.808314581	15.53995586	0.001412354	0.01497202
Fbln1	3859	-1.138376322	2.850179302	15.53090168	0.001415587	0.014980732
Abi3	8852	0.325815764	5.748764525	15.53020098	0.001415837	0.014980732
Hyal2	2316	0.604745135	3.712434851	15.52521939	0.00141762	0.014985508
Eif2b3	4182	0.549710326	5.180453899	15.51379055	0.001421719	0.015014743
Hps1	7239	-0.383114882	5.439868744	15.50820801	0.001423727	0.015021849
Gpr25	2013	1.743089582	1.450112704	15.48845476	0.001430855	0.015068818
Rdh12	1678	-0.698563233	3.716887762	15.49097448	0.001429943	0.015068818
Zfp513	2836	-0.429351672	4.852008065	15.45663418	0.001442425	0.015176463
Utp25	8291	0.799499807	3.336705026	15.44828342	0.001445478	0.015194394
Ccr8	1156	0.735530827	4.172921826	15.44019347	0.001448444	0.01520815
Nol11	3170	0.386097454	6.311261302	15.43734793	0.001449489	0.01520815
Ntmt1	3602	0.407927087	5.016249272	15.42914347	0.001452506	0.015211453
Sfxn1	3663	0.377623997	7.576285683	15.4320206	0.001451447	0.015211453
Dlst	2777	0.288167632	7.105220507	15.40950036	0.001459759	0.015273203
4930417O13Rik	1093	-1.41776687	2.146278116	15.38237508	0.001469843	0.01532175
Slc16a10	6634	0.675069224	3.769639126	15.39141328	0.001466474	0.01532175
Trmt10a	4755	0.563964714	4.040019781	15.38539492	0.001468716	0.01532175
Utp18	2613	0.315243007	6.52619385	15.38761299	0.001467889	0.01532175
Rtn4rl1	3502	-1.048166338	2.330192834	15.37661828	0.001471993	0.015329971
Prkcb	10009	-0.324627524	7.246439811	15.36123687	0.001477756	0.015371238
Naa20	2879	0.28265213	6.677475683	15.35876099	0.001478686	0.015371238
Timm17a	1060	0.34799785	6.897748765	15.33184353	0.001488841	0.015462524
Crmp1	3436	-1.081376107	3.180423043	15.32345083	0.001492024	0.015469004
Tomm70a	3778	0.378814189	7.162338724	15.32105413	0.001492934	0.015469004
Mrps15	938	0.303304446	6.270943565	15.31933515	0.001493587	0.015469004
Mrps34	914	0.322732824	6.430797771	15.31027285	0.001497037	0.015490479
Grb7	4243	-1.087015916	1.924229916	15.27921504	0.001508928	0.015599181
Nae1	1808	0.280175953	6.205956984	15.26348152	0.001514993	0.015647511
Leng9	1690	-0.740874043	3.365681982	15.25829364	0.001516999	0.015653868
Mccc2	2124	0.458727629	4.456890187	15.24521549	0.001522069	0.015677449
Prkd2	3861	-0.274576858	7.356977763	15.24570565	0.001521878	0.015677449
Dhx33	5179	0.635299131	4.913215013	15.23512079	0.001525996	0.015703529
Ttc27	2911	0.406472182	4.64090335	15.2219288	0.001531145	0.015742129
Zfp235	7799	0.481105669	3.996902891	15.17653087	0.001549018	0.015911149
Erbin	6664	-0.306794074	6.379814904	15.17301669	0.001550411	0.015911149
Dhrs3	4826	0.89790234	4.411918706	15.16846393	0.001552219	0.015915189
AB124611	1987	-0.491559549	5.244840417	15.16475985	0.001553691	0.015915789
Gemin4	3448	0.702475289	5.593181916	15.15411323	0.001557932	0.015944721
S100a10	650	-0.395625156	8.878451321	15.12352391	0.001570189	0.016055577
Ecm1	1989	-0.766354085	3.221294674	15.10440201	0.001577908	0.01611986
Prkacb	5145	-0.30579513	7.494907838	15.09775243	0.001580602	0.016132745
Hes5	4386	1.715637985	1.416509822	15.0826629	0.001586736	0.016137253
Timm50	1179	0.413312622	6.643929943	15.07990111	0.001587861	0.016137253
Ccndbp1	1752	-0.355165467	6.70461041	15.08552013	0.001585572	0.016137253
Nfkb2	11300	0.334403178	7.299188592	15.07904385	0.001588211	0.016137253
Mdp1	1735	-0.313983561	6.739350289	15.08293241	0.001586626	0.016137253
Riox2	3337	0.361254549	6.179247023	15.06683663	0.001593198	0.016173329
Mirt1	5292	-0.878749174	3.211723025	15.05156535	0.001599462	0.016207691
Psma5	1217	0.338873801	7.893249678	15.0539484	0.001598483	0.016207691
Supv3l1	4385	0.356512926	4.85031303	15.02430975	0.001610713	0.016297806
Slc52a2	8597	0.336751191	5.661434386	15.02301181	0.001611251	0.016297806
Plekho2	5799	-0.465486306	6.186134388	15.01102655	0.001616228	0.016318832
Ehd3	3658	-0.317103575	7.226851125	15.01128888	0.001616119	0.016318832
Sac3d1	1521	0.449652793	4.7971795	14.99467223	0.001623049	0.016373016
Pitrm1	3729	0.450189774	6.289050674	14.98277034	0.001628033	0.016408595
Faap100	3175	0.434629587	5.379957511	14.97703595	0.001630441	0.016418165
Zmiz1	10527	0.314502663	6.074029099	14.94417922	0.001644316	0.016543087
Rgcc	914	-0.577834011	5.901253294	14.92918386	0.001650694	0.016562842
Ube2w	15777	0.459288776	4.824945363	14.93370219	0.001648769	0.016562842
Ola1	2304	0.273605523	6.569493924	14.93210183	0.00164945	0.016562842
Gm3739	5766	2.267767358	3.083617811	14.91778039	0.001655562	0.016596902
Arrb2	2619	-0.360048118	7.327248052	14.87490082	0.001674017	0.016752077
Ndufb6	659	0.288524395	7.329097587	14.87770378	0.001672804	0.016752077
Rida	994	0.540819843	4.926518804	14.86266152	0.001679328	0.016790297
Gm51782	5486	-0.872728075	4.878098098	14.83692681	0.001690558	0.016887576
Usp18	1771	-1.112500788	3.768805418	14.82279566	0.001696761	0.016934512
Lrrfip1	12092	-0.281365726	8.277652833	14.81843787	0.001698679	0.016938639
Gm30712	4505	-1.865438391	1.563759531	14.79451017	0.001709255	0.017029018
Armcx2	3847	-0.721571823	3.958446223	14.7890514	0.001711678	0.017038084
Myo19	6179	0.647447697	3.183107867	14.76712625	0.001721451	0.017120229
Frat1	2614	-1.583393418	2.593887579	14.75079278	0.001728773	0.017162726
Abce1	3832	0.435486088	7.388573943	14.75264118	0.001727943	0.017162726
Vdac2	1662	0.297197043	7.883005189	14.73880245	0.001734171	0.017201146
Arhgef10	10606	-0.865817449	2.76663859	14.70590868	0.001749079	0.017327565
Rab3a	1678	-0.695965615	2.861149289	14.70389838	0.001749995	0.017327565
Mgst2	1869	-0.709408186	5.512246204	14.69562654	0.001753769	0.017349675
Pcbp2	3998	0.298200109	6.607342358	14.67943268	0.001761185	0.01740774
Il7r	4314	0.609831831	4.720124494	14.66148713	0.001769444	0.017443437
Idh3a	2404	0.381734154	7.444104995	14.66198376	0.001769215	0.017443437
Limk2	6093	-0.256440793	6.522148706	14.66400063	0.001768285	0.017443437
Pptc7	4611	-0.430710489	4.994031518	14.64583853	0.001776683	0.017468908
Psmb7	1057	0.306664787	7.003278159	14.64661173	0.001776325	0.017468908
Slfn2	1664	-0.241772212	9.317612077	14.64944339	0.001775013	0.017468908
Elac2	3477	0.349601786	6.225916485	14.63903176	0.001779843	0.017484701
Sirt2	2688	-0.298091121	6.34637134	14.63424489	0.001782068	0.017491302
Cyc1	1554	0.334943861	7.879496966	14.6012875	0.001797478	0.017627186
Ikzf1	6331	-0.322742554	8.174868451	14.57539807	0.001809691	0.017731502
Klf13	6396	-0.416394215	6.90748651	14.54543265	0.001823944	0.017855622
Rnps1	2295	0.284758957	7.029534427	14.5387655	0.001827133	0.017871299
Tars	2636	0.420188495	6.927638952	14.53271695	0.001830032	0.017884112
Tsen2	1866	0.499125589	4.073864287	14.52288265	0.001834756	0.017914725
Flna	8813	-0.635113707	10.5708884	14.51842239	0.001836903	0.017920148
Eif5b	7797	0.360808953	6.351308156	14.498696	0.001846433	0.017997527
Ubqln4	3890	0.443169774	5.088955474	14.45900076	0.001865783	0.018139023
Lsm7	603	0.366970995	6.393900608	14.46173353	0.001864444	0.018139023
Tspan14	3128	-0.341599042	6.639884515	14.46358195	0.001863538	0.018139023
Nudc	1347	0.3405157	7.324818311	14.45487871	0.001867806	0.018143019
Usp10	4878	0.330721151	6.520874471	14.4426597	0.001873816	0.018185711
Cad	7348	0.661242135	6.953364226	14.43751927	0.001876352	0.018194631
Alad	4731	0.421688741	5.673347051	14.42792506	0.001881094	0.01822158
Leprot	1940	-0.272638992	6.586114383	14.42535207	0.001882368	0.01822158
Trmt2a	3922	0.295305821	6.543044789	14.41362042	0.00188819	0.018262234
Rpl7	934	0.263545505	10.36639009	14.40812288	0.001890925	0.018272991
Gm37004	358	-0.593174204	5.639194958	14.40297405	0.001893491	0.018282093
Cirbp	2139	-0.734918731	6.396798152	14.37180855	0.001909107	0.018391364
Rps8	740	0.353774438	9.935194013	14.37061378	0.001909709	0.018391364
Qsox1	3361	-0.351667213	5.823512356	14.37115778	0.001909435	0.018391364
Sdhd	1285	0.341902888	7.87647509	14.35040182	0.001919919	0.018473891
Ctps2	6268	-0.376381117	6.260718143	14.29727503	0.001947057	0.018719012
Gm34403	1067	-0.939002903	2.829824592	14.28079413	0.001955564	0.018784762
Metap2	5440	0.290335365	7.856019014	14.27504538	0.001958542	0.018797325
Rpp38	4505	0.813418567	3.26567248	14.27039398	0.001960955	0.018804453
Nln	4702	0.711298957	3.74308162	14.26169119	0.001965478	0.01881578
Cux1	16723	-0.372090808	5.427454001	14.26333558	0.001964623	0.01881578
Rtn4	6674	0.443005748	4.841084074	14.25735894	0.001967735	0.018821376
Gm46412	10914	-1.725802256	1.747828348	14.23652975	0.001978625	0.018896314
Utp20	8831	0.557605245	4.536547686	14.22780985	0.001983205	0.018896314
Capn3	3488	0.410872924	5.802019157	14.2298689	0.001982122	0.018896314
Agfg2	3006	-0.401608859	5.589300828	14.22637016	0.001983962	0.018896314
Rwdd1	1082	0.328590082	6.336559304	14.23052825	0.001981776	0.018896314
Get1	2502	0.735080405	3.740893833	14.21039602	0.001992386	0.018944499
Mrm3	1495	0.607875503	3.690527815	14.21110221	0.001992013	0.018944499
Mx1	2697	-1.476510909	1.414318893	14.18558062	0.002005555	0.019053621
Mmachc	1930	0.658616492	3.163144975	14.17778341	0.002009713	0.019075846
Sh2d3c	4685	-0.287156678	7.446436233	14.17484423	0.002011284	0.019075846
Prex1	6530	-0.657988305	6.479231893	14.15177171	0.002023657	0.019177048
Nod1	4477	-0.672334799	4.696051104	14.1123591	0.002044996	0.019346694
Ulk3	3646	-0.366668668	5.081008148	14.11386448	0.002044176	0.019346694
Psma7	1591	0.263792174	8.870223178	14.10684868	0.002048	0.019358846
Dph5	2731	0.363980223	5.265417321	14.09881341	0.00205239	0.019384061
Gm15411	18344	-1.572097145	1.093494476	14.07133594	0.002067481	0.019510229
Tra2a	2698	0.379994236	6.065036177	14.05646838	0.0020757	0.019571383
Nup37	1385	0.340801822	5.849251441	14.05097082	0.002078749	0.019583725
Eif3d	2134	0.291077539	7.807800228	14.03694652	0.002086549	0.019640773
Gls	12264	0.395745325	5.664122796	14.02685893	0.00209218	0.019677328
Psme1	977	0.249985855	8.578179356	13.99246074	0.002111514	0.019842588
Sec14l1	5769	-0.450256469	5.506011757	13.9727634	0.002122677	0.019930854
Gba	2247	-0.281490829	6.453209335	13.96771524	0.002125548	0.01993911
Ppp1r11	1679	0.245615649	6.668153264	13.96499441	0.002127098	0.01993911
Def6	2277	-0.273064158	7.95550906	13.95765183	0.002131287	0.019961752
Trabd	2965	0.312284268	6.415118115	13.95154802	0.002134776	0.01997781
Gm51770	18656	-1.073447097	2.846342199	13.94366942	0.002139289	0.019994422
Rab29	1433	-0.493592254	4.973505485	13.9422507	0.002140103	0.019994422
Pxmp4	2807	-0.336964483	6.043362207	13.93731617	0.002142936	0.020004294
Crebrf	8512	-0.638667031	4.592942379	13.90243509	0.002163089	0.020175689
Pacc1	2626	0.384635824	4.702825874	13.89141198	0.002169503	0.020218759
Emc9	1059	-0.611050003	4.73735033	13.88106916	0.00217554	0.020258258
Elp5	1728	0.250940711	6.400809993	13.86895589	0.002182636	0.020307535
Glipr2	2019	-0.427423806	6.023036145	13.86409195	0.002185493	0.020317322
Phgdh	1871	0.494450901	8.95999092	13.85527398	0.002190683	0.020348766
Rbm8a	2616	0.287954232	7.434110866	13.84129015	0.002198942	0.020408644
Timm44	1782	0.270807667	6.150721628	13.83774722	0.00220104	0.020411291
Srgn	2775	-0.428249783	9.455030372	13.81886388	0.002212262	0.020498471
Trmt1	4726	0.356179169	5.411513312	13.81060915	0.002217188	0.020527221
Hopx	1531	0.65386368	4.938886843	13.79968395	0.002223727	0.020545991
Sptbn1	16124	-0.3208497	8.12783892	13.7980774	0.00222469	0.020545991
Eif4b	3854	0.296672894	8.179374851	13.79902611	0.002224121	0.020545991
Tspan31	1936	0.304583404	6.912867826	13.79126657	0.00222878	0.020550046
Rpl8	862	0.231902972	9.737462503	13.79294156	0.002227773	0.020550046
Mafg	9178	-0.602046115	4.828398607	13.76459713	0.002244877	0.020553967
Rara	4662	0.433615797	4.465420403	13.77174413	0.00224055	0.020553967
Ubald1	3396	-0.4193128	6.149631529	13.76854007	0.002242489	0.020553967
Acadl	1948	0.362693443	6.250755415	13.76334426	0.002245637	0.020553967
Tmem33	6404	0.339097651	6.075938412	13.78566714	0.002232149	0.020553967
Ube2v2	6047	0.332789864	4.922588119	13.77994283	0.002235599	0.020553967
Htatip2	1589	-0.321582936	5.914869323	13.77540527	0.002238338	0.020553967
Cops6	1094	0.276104228	8.066709958	13.78020879	0.002235438	0.020553967
Slc25a39	2945	0.26368306	6.935102497	13.77339491	0.002239552	0.020553967
Reep3	6588	0.493409587	4.914331203	13.72916418	0.002266471	0.020727804
Nol10	3084	0.457550445	4.644704668	13.71945823	0.002272427	0.020765409
Pkn1	6907	-0.50323279	3.883734707	13.7011339	0.002283721	0.020851691
Atf6	8186	-0.841863327	4.381776751	13.69131419	0.0022898	0.020872351
Klhl24	9996	-0.559537733	5.008748865	13.68353958	0.002294626	0.020872351
Sun1	6083	-0.503342398	5.3106172	13.6842646	0.002294176	0.020872351
Ak6	990	0.41089606	4.827491719	13.68769415	0.002292046	0.020872351
Timm8b	527	0.305399858	6.16565563	13.68252949	0.002295254	0.020872351
Traf3ip3	2121	-0.262641913	7.366528885	13.67036662	0.00230283	0.020924341
Cnga1	2818	-1.432045549	1.239119479	13.66649116	0.00230525	0.020929436
Oas3	4917	-0.811896822	5.229428182	13.65114188	0.002314863	0.020982869
1110008P14Rik	657	-0.428351424	5.956657357	13.65285033	0.00231379	0.020982869
Tdrkh	6357	-0.742913744	3.017860268	13.62148909	0.002333564	0.021088976
Znfx1	8109	-0.423949527	4.909758533	13.62678413	0.002330212	0.021088976
Acad9	3934	0.323067447	6.38437073	13.62182585	0.00233335	0.021088976
Daxx	2914	-0.30500284	6.788548716	13.62070364	0.002334061	0.021088976
Atp7a	8198	0.629501277	3.423920028	13.61268434	0.00233915	0.021101082
Adh5	1687	0.263419484	7.321076451	13.61290154	0.002339012	0.021101082
Trafd1	3620	-0.318413788	5.986697474	13.6089906	0.002341498	0.021105352
Ndufa12	1042	0.34095592	7.226022153	13.59839374	0.002348249	0.021149273
Gfod1	7500	0.87447387	3.10831093	13.58574678	0.002356336	0.02120514
Tecpr1	5544	-0.388841059	7.514191237	13.57709065	0.002361889	0.021221188
Ddx31	3538	0.374099081	4.723371376	13.57933875	0.002360445	0.021221188
Aopep	9141	0.307253395	6.130867592	13.53263762	0.002390645	0.021462422
Igf1r	12973	-0.923450019	2.807952612	13.52298137	0.002396944	0.021501828
Dnajc19	2771	0.330942799	6.441543325	13.51968183	0.002399101	0.021504041
Acbd4	2067	-0.589712375	4.007552474	13.50296191	0.002410064	0.021534223
Luc7l	6650	0.380961615	6.104600201	13.51002347	0.002405427	0.021534223
Ppif	1586	0.360254892	5.314904977	13.50287859	0.002410119	0.021534223
Sap18	3458	0.263847777	7.46970117	13.5080485	0.002406723	0.021534223
Gm17455	1192	-2.016808579	0.214816033	13.49398758	0.002415973	0.021569405
Fasl	1935	1.271353677	3.502923965	13.48011771	0.002425137	0.021582758
Noc3l	5057	0.578106962	4.32126267	13.48082642	0.002424667	0.021582758
Isoc2b	1121	-0.374291191	4.50365294	13.48651726	0.002420903	0.021582758
Nsfl1c	1486	0.285901992	6.819600026	13.48082704	0.002424667	0.021582758
Nat10	6250	0.472210093	5.48245663	13.47208256	0.002430464	0.021613082
Myo1e	4998	1.042517916	3.580451423	13.45362545	0.002442751	0.021705205
Abcb1b	4987	0.443888676	4.684656033	13.43912789	0.002452453	0.021774222
Adamts10	5376	-0.333972394	6.223345303	13.42939726	0.002458989	0.021805485
Tmem192	1361	0.286613289	6.705829672	13.42812113	0.002459848	0.021805485
L2hgdh	3338	0.690551286	3.091426916	13.38767241	0.002487244	0.022030992
Rhbdf1	4991	1.650235182	0.646646233	13.38101348	0.002491787	0.022045609
Abcc5	10903	-0.506218346	4.587774477	13.37951589	0.00249281	0.022045609
Dcaf13	1559	0.296064973	7.013708313	13.36885427	0.002500108	0.022092795
Gart	4932	0.573267045	7.124229864	13.35561927	0.002509202	0.022155761
Atp6v1d	1572	-0.28762509	7.095592524	13.3498629	0.002513169	0.022173397
Vrk3	2492	-0.24446085	6.853279706	13.34002801	0.002519963	0.022215931
Il17rb	2061	0.347005207	5.904937251	13.32384222	0.00253119	0.022297451
Crip1	447	-0.573325946	8.335910494	13.28540319	0.002558084	0.022516743
D930028M14Rik	1074	-1.674232279	0.904493011	13.28172148	0.002560678	0.022521959
Sfr1	1619	0.259764164	6.970915353	13.27751203	0.002563646	0.022530465
Strap	2644	0.27467836	7.55092076	13.26382687	0.002573324	0.022597878
Mphosph8	4437	0.4142724	5.444659189	13.23633653	0.002592891	0.022751963
Tiam1	15763	-0.823294196	4.624054874	13.20151133	0.002617925	0.022918038
Treml2	4730	-0.483386601	4.527964005	13.2047804	0.002615563	0.022918038
Ifngr1	2112	-0.326130573	6.616924368	13.20279071	0.002617	0.022918038
Lbh	3068	-0.326309881	7.295996272	13.197745	0.002620649	0.022924058
Tex30	1458	0.370367688	5.969325791	13.19430225	0.002623141	0.022928048
Lgals4	2127	-0.65289336	2.927513142	13.1852229	0.002629728	0.022967791
Ptma	1389	0.233260964	10.292159	13.18233165	0.00263183	0.022968327
Suclg2	4469	0.397986645	5.44763817	13.16619795	0.002643592	0.02301745
Prpf39	7907	0.263079637	6.105937913	13.16998745	0.002640824	0.02301745
Psmb8	1223	0.246415433	10.08119544	13.16714071	0.002642903	0.02301745
Spin2c	1598	0.812458846	2.838721468	13.16121775	0.002647235	0.023031358
Magef1	1457	-0.691176935	3.105118109	13.15344425	0.002652933	0.023063107
Ddx6	8363	-0.269066185	7.013762987	13.12410076	0.002674569	0.023233251
Vamp1	3154	-0.919990928	3.954957328	13.11087199	0.002684388	0.023259352
Tpcn1	4964	-0.449478984	4.018188251	13.10892457	0.002685837	0.023259352
Rps19bp1	830	0.411934393	4.451132752	13.11649869	0.002680207	0.023259352
Eef1akmt1	935	0.251215435	6.675044932	13.11374571	0.002682252	0.023259352
Rbpj	28891	0.344194909	5.023620957	13.09547303	0.002695871	0.0233283
Slc39a10	15974	0.744296379	4.68249456	13.08059771	0.002707017	0.023381797
Rab37	6512	-0.33001227	7.924934497	13.07614849	0.002710361	0.023381797
Gata3	3888	0.325727677	7.763429957	13.08372736	0.002704668	0.023381797
Usp7	5933	0.254642233	5.91690768	13.07874179	0.002708411	0.023381797
Ncln	3864	0.339395942	6.541343291	13.06081877	0.002721919	0.023463525
Pum3	3978	0.397566587	6.366834896	13.04665314	0.002732649	0.023538002
Klrb1f	4250	-1.313159271	1.353549392	13.03062021	0.002744853	0.023597761
Rab8b	5092	0.28140772	8.289538809	13.02928052	0.002745876	0.023597761
Ndufs7	1107	0.274445509	7.333123869	13.02973435	0.002745529	0.023597761
Llph	1601	0.34143665	6.020889332	13.00488138	0.002764575	0.023729209
Laptm5	2416	-0.24717372	10.83458141	13.00382674	0.002765387	0.023729209
Mical1	4859	-0.340685479	7.602553479	12.99510876	0.002772106	0.023750659
Nom1	7615	0.315769979	5.667234981	12.99539437	0.002771885	0.023750659
Mgat4a	10018	0.697278256	3.766814978	12.96860394	0.002792649	0.023898227
Elovl6	5951	-0.645025321	3.754934628	12.9674141	0.002793575	0.023898227
Smyd2	1879	0.584884036	3.449208933	12.96266673	0.002797274	0.023911703
Lrrc28	4540	-0.550071103	4.039232587	12.9433509	0.002812384	0.024022623
Timm23	1162	0.261968484	7.196429596	12.93532643	0.002818688	0.02405822
Rab4b	1170	-0.37020334	6.951973044	12.90860266	0.002839801	0.024220062
S100a13	918	-0.366615092	7.012452789	12.90445722	0.002843093	0.024229777
Magoh	692	0.286965904	6.688805727	12.89889961	0.002847512	0.024249084
2610035D17Rik	1848	-0.759886095	4.779361123	12.89496862	0.002850643	0.024257395
Gpr55	7109	0.420489961	5.024544357	12.87973774	0.00286281	0.02432416
Metap1	2549	0.312776054	6.557281845	12.87995071	0.002862639	0.02432416
Dnm2	6388	-0.269862937	8.193334119	12.87072282	0.002870039	0.024367196
Prorp	3117	0.585641765	3.649073011	12.85642038	0.002881552	0.024446507
Rpph1	325	0.549434753	5.70895926	12.82427715	0.00290762	0.024649086
Nckap5l	4981	-0.787183696	2.803593119	12.81327144	0.002916608	0.024706673
Msto1	1825	0.380880451	5.488110064	12.79279293	0.002933416	0.024816796
Rpl14-ps1	694	0.305292729	5.117111624	12.79206385	0.002934016	0.024816796
F2rl1	2768	-1.838626452	0.959188653	12.77872539	0.002945026	0.024875851
Acox3	7773	-0.400330175	5.10763446	12.77825267	0.002945417	0.024875851
Mapkapk2	2871	0.436917884	5.265864468	12.77013688	0.002952141	0.024913944
Selplg	2691	-0.390632267	8.581970094	12.75453876	0.002965112	0.025004668
Abhd18	4782	-0.48293068	3.794316781	12.7476637	0.00297085	0.02501558
Acp1	3264	0.281594973	6.789426945	12.74901356	0.002969722	0.02501558
Slc37a2	4436	-1.158155673	1.504896107	12.73875931	0.002978301	0.025045867
Tnfrsf9	2349	0.47275162	5.71847728	12.73804851	0.002978896	0.025045867
Kdm2b	6391	0.350086329	5.935641518	12.72955562	0.002986024	0.025087061
B430306N03Rik	4390	-2.312790366	0.973663931	12.70803166	0.003004177	0.02516445
Map7	7719	-0.72968006	4.186338842	12.71452969	0.002998683	0.02516445
Cep85l	8637	0.681121791	3.031738598	12.70804741	0.003004163	0.02516445
Pink1	2429	-0.635501388	5.690453732	12.710383	0.003002187	0.02516445
Zfas1	738	0.493652918	5.995515521	12.6849957	0.003023744	0.025271948
Eif2s3x	3587	0.34660518	5.263170798	12.68824258	0.003020978	0.025271948
Zbp1	2162	-0.312991528	6.720406499	12.68697239	0.00302206	0.025271948
Polr2d	1057	0.266594172	5.873114288	12.67152102	0.003035258	0.025349359
Baiap3	6167	-1.1848971	1.804336723	12.63988928	0.003062485	0.025538853
Hmox1	1576	-1.074216039	2.389775942	12.64139096	0.003061186	0.025538853
1500004A13Rik	7194	-0.701931488	2.909893746	12.63446416	0.003067182	0.02554019
Mrrf	3086	0.450391681	4.745068312	12.63560123	0.003066197	0.02554019
Gm26885	2969	1.341274132	0.452906323	12.63154427	0.003069714	0.02554238
Cptp	2662	0.467754497	5.014302233	12.62861623	0.003072255	0.025544645
Pcbp4	3342	-0.52768864	3.603259546	12.621668	0.003078295	0.025557115
Luc7l3	4466	0.378728439	5.892389615	12.62188333	0.003078108	0.025557115
Wdr5	3344	0.407640974	5.990077767	12.617603	0.003081835	0.025567649
Pnpla7	5710	-0.498031121	4.469941795	12.61161334	0.00308706	0.025592134
Lrrc8c	7569	-0.265470172	6.734974432	12.59814312	0.003098846	0.025670944
Pam16	552	0.362263314	4.788290025	12.58638788	0.003109175	0.025718654
Sdcbp	2910	-0.324469869	8.169060765	12.58852742	0.003107292	0.025718654
Gtf2h1	2907	0.333891579	6.095505371	12.56826187	0.003125178	0.025794172
Hacd2	17938	0.322489908	5.08993408	12.57173574	0.003122103	0.025794172
Git2	6281	-0.26620915	7.346743682	12.56907619	0.003124457	0.025794172
H4c14	384	-0.511175063	5.294060299	12.56494792	0.003128114	0.02579949
Psmb2	862	0.260421244	8.625306699	12.56027594	0.003132258	0.025814761
Xrcc6	6102	0.352216514	6.658742677	12.55479018	0.003137133	0.025836021
Samsn1	1845	0.31370348	6.065116731	12.5217756	0.003166653	0.026060072
Tjp3	3350	-0.541262783	4.028027627	12.51448957	0.003173211	0.026094963
Psmd6	1337	0.274226553	7.66546354	12.47380579	0.003210115	0.026379176
Cd37	2066	-0.285610968	7.934052678	12.46938908	0.003214151	0.026385212
Nap1l1	4269	0.240764597	7.924217697	12.46787376	0.003215537	0.026385212
Sufu	4525	-0.32213644	5.38973204	12.4619623	0.00322095	0.026410384
Apol10b	2744	1.230265092	1.301542477	12.45652691	0.003225937	0.026432023
Fxyd5	1486	-0.3413998	9.409194496	12.45150738	0.00323055	0.026447418
Retreg3	3907	-0.248332774	6.604745762	12.44937257	0.003232514	0.026447418
Slc35d2	3070	-0.455834174	4.49516013	12.44314724	0.00323825	0.026475107
Gbp9	6320	-0.745927058	5.769842199	12.41916594	0.003260455	0.026637305
1700096K18Rik	1449	-0.745236935	2.544590025	12.40614125	0.003272588	0.026717041
Cast	5807	-0.307434817	7.279718493	12.40306988	0.003275457	0.026721084
Mesd	4722	0.256780747	5.973775755	12.38896648	0.003288667	0.02680942
Mks1	2652	-0.552851784	3.4173182	12.38418334	0.003293161	0.026824501
Cmtm6	3397	-0.270262976	7.520100135	12.38192792	0.003295282	0.026824501
Rfxank	3682	-0.418495738	4.602626614	12.37475282	0.003302041	0.026860103
Gstt2	1740	-0.5464526	6.197529412	12.36700897	0.003309354	0.026861365
Ints2	7385	0.364177831	5.287429498	12.36758207	0.003308813	0.026861365
Ppie	1272	0.294473608	6.257922494	12.37026711	0.003306275	0.026861365
Rrp7a	2646	0.359795266	5.50118191	12.36152369	0.003314546	0.026884119
Hdhd5	3812	-0.355749639	6.065385786	12.35866361	0.003317256	0.026886733
Kdm7a	9553	-0.501518442	4.965353604	12.35517146	0.003320569	0.026894223
Cdc25b	3663	-0.793742627	7.261723005	12.34301098	0.003332136	0.0269685
Man2a1	7039	-0.338065489	5.329659215	12.32947513	0.003345064	0.027053689
Nup88	3047	0.268149642	7.070209001	12.3263116	0.003348094	0.027058756
Sp110	3398	0.249469809	7.591435459	12.31647656	0.003357534	0.027115581
Mthfd1	4150	0.590272191	6.718812062	12.30634779	0.003367288	0.027174858
Sec22c	6202	-0.553424291	3.971231081	12.2981696	0.003375187	0.02719961
Txn1	1051	0.29773713	8.693445619	12.30060367	0.003372834	0.02719961
Wdr55	1525	0.34969351	5.460723052	12.27809201	0.00339467	0.027337046
Rd3	9842	-1.036138786	1.644884884	12.25687693	0.003415396	0.027462078
Thtpa	2839	-0.618808805	4.172788177	12.25181309	0.003420365	0.027462078
Entpd5	6594	-0.476325649	6.044518472	12.25806252	0.003414234	0.027462078
Sgms1	7756	-0.375431483	4.620224056	12.24974904	0.003422393	0.027462078
Mrpl49	1726	0.261543742	5.841357766	12.25276279	0.003419432	0.027462078
Klk1b27	889	4.923403947	0.963268956	13.03468449	0.003427176	0.027480877
2810001G20Rik	901	-0.685880975	3.483904384	12.23117934	0.003440697	0.027569655
Eif1a	3235	0.259922317	6.352238825	12.22392231	0.003447881	0.027607567
Rnf125	5292	-0.451376401	7.013382251	12.21632366	0.003455421	0.02764828
Ssbp1	2693	0.269275195	6.568368595	12.19970856	0.003471975	0.027761002
Thop1	2585	0.553538785	5.496767065	12.19330834	0.003478376	0.027772732
Tmsb10	943	-0.399757527	10.23742027	12.19529511	0.003476387	0.027772732
Braf	10074	0.40219425	4.428690477	12.18878813	0.003482904	0.027789183
Ifi214	1294	-1.29058879	3.251607623	12.18341719	0.003488294	0.027792793
Ldlrad4	29311	0.310189728	6.423216272	12.18491246	0.003486793	0.027792793
Zswim8	7547	-0.510769453	5.137628996	12.17751254	0.003494231	0.027820404
Ercc6l2	10570	0.492685531	4.575150335	12.16217439	0.003509706	0.027923867
B3gnt5	5377	-1.206454722	2.289073752	12.15935595	0.003512558	0.027926823
2410002F23Rik	2514	0.463414047	5.688989961	12.14748469	0.003524601	0.028002793
Ogt	5437	0.318199423	7.597429142	12.13732196	0.003534948	0.028065193
Aph1a	3215	0.3577009	5.233781008	12.11765054	0.003555075	0.0282051
Spo11	3310	-1.008342034	2.618893359	12.10940737	0.003563549	0.028219175
Zfp831	15329	-0.550486355	4.865893988	12.10861031	0.003564369	0.028219175
Uchl3	1261	0.329992327	6.868834673	12.10997841	0.003562961	0.028219175
Rpl27	734	0.301002268	9.238472818	12.09873606	0.003574552	0.028279907
Mrpl40	1573	0.253043598	6.562407662	12.07856423	0.003595459	0.028425333
Mrpl55	1031	0.275111034	6.000191153	12.07584103	0.003598292	0.028427768
Rps12	833	0.238499314	9.325799475	12.07235921	0.003601918	0.02843646
Ube3c	5033	0.422881146	4.36364233	12.0543235	0.003620768	0.028565248
Gemin5	6227	0.381340397	5.587179663	12.04562231	0.003629903	0.028617259
Smndc1	2787	0.279131885	5.773705018	12.03926705	0.003636591	0.028649927
Zfp219	9127	0.660349982	3.925332144	12.02248552	0.003654321	0.028749368
Mbd3	1643	0.450599624	6.519090705	12.0227902	0.003653998	0.028749368
Mdn1	18232	0.470073501	5.683898579	12.01154797	0.00366593	0.028785449
Tmem147	893	0.30189074	5.770026849	12.01093861	0.003666578	0.028785449
Ssb	2096	0.217265163	7.804672054	12.0126217	0.003664788	0.028785449
Psmd12	1723	0.290256316	7.499468912	12.00813756	0.003669558	0.028788771
Jun	3187	-1.163026459	6.607614268	12.00237272	0.003675701	0.028816881
Fam117b	5534	-0.387750329	4.354082456	11.99773403	0.003680652	0.028835617
Klf8	8902	-1.577395042	0.796471381	11.99491285	0.003683667	0.028839169
Tmem167b	2864	-0.30595121	5.144126015	11.98863403	0.003690388	0.028871705
Mrps17	1986	0.257109752	6.43463242	11.97527775	0.00370473	0.028963785
Ciart	2394	1.31878378	2.481323153	11.96372235	0.00371719	0.029041032
Cdk7	7598	0.240036725	6.02248084	11.94880492	0.003733347	0.029147031
Hexa	2334	-0.326192622	5.801141173	11.9455923	0.003736837	0.02915168
Rpl36al	517	0.321631866	7.801024819	11.94349145	0.003739121	0.02915168
Cdk10	1685	0.453736659	4.492164164	11.91972566	0.003765074	0.029333704
Rpl35a	598	0.337607316	8.856066558	11.90099495	0.003785674	0.029473802
Trpv6	2928	-1.153769149	1.258541107	11.88158992	0.003807152	0.0295856
Gm36681	4004	-1.067324517	1.607670564	11.88090072	0.003807917	0.0295856
Prr13	1229	-0.397529466	8.537585502	11.88478005	0.003803612	0.0295856
Cers4	7831	-0.491701158	4.89574107	11.87457671	0.003814949	0.029599376
Snx3	1377	0.218654284	8.195320676	11.87603746	0.003813323	0.029599376
Tle3	5242	-0.307610291	7.079778428	11.86988559	0.003820174	0.029619506
Lzts1	5662	-0.692397298	3.098304855	11.86519386	0.003825409	0.029626149
Helz2	10294	-0.344800338	5.700392061	11.86272261	0.003828169	0.029626149
Akna	6995	-0.234987632	9.057031312	11.86204557	0.003828926	0.029626149
Znhit3	1096	0.409831097	4.574771221	11.85652944	0.003835097	0.029653517
Ifit3	2678	-1.673475876	1.842580408	11.84256612	0.003850769	0.029754264
Chordc1	2205	0.309552243	7.157216833	11.83297949	0.003861572	0.029804576
Psmd11	2968	0.248852338	7.022350611	11.83209052	0.003862576	0.029804576
Tubb6	1744	1.359094065	1.543575342	11.80263755	0.003895993	0.029884351
C1qtnf6	2793	0.920336578	1.716632427	11.81337365	0.003883773	0.029884351
Ubtd1	1744	-0.542687127	5.132055633	11.81096464	0.003886511	0.029884351
Mars1	4681	0.432696595	6.82628756	11.80456933	0.003893791	0.029884351
Fam98c	1287	-0.347465356	4.366306336	11.80760908	0.003890329	0.029884351
Stambpl1	3368	0.307486119	6.336101905	11.81881566	0.003877596	0.029884351
Foxo1	5552	-0.29046511	6.858549736	11.80632509	0.003891791	0.029884351
Cops5	1739	0.284590569	7.021564006	11.81265125	0.003884594	0.029884351
Itm2b	1796	-0.273445782	9.727340817	11.80192538	0.003896805	0.029884351
Guk1	1409	0.287405755	6.106986805	11.79410039	0.003905741	0.02993249
Cacnb1	5450	-0.930554207	2.071771216	11.77262649	0.003930384	0.030100862
Eef1aknmt	2987	0.696178978	4.396338053	11.73576652	0.003973103	0.030407334
Gm46941	398	-2.047236801	0.540683604	11.71826986	0.003993566	0.030439789
Gsto1	1179	0.652332056	3.220719849	11.72866069	0.003981399	0.030439789
Ipo7	4722	0.39449381	6.202297359	11.72240576	0.003988718	0.030439789
Ankrd49	2674	0.39419613	4.246399639	11.72160908	0.003989651	0.030439789
Nomo1	4259	0.379502932	5.787727968	11.71902435	0.003992681	0.030439789
Mfsd1	2978	-0.245159256	6.499763831	11.71915329	0.00399253	0.030439789
Gm39876	2630	-1.298509086	0.502293776	11.70698327	0.004006831	0.030467807
Zfp28	4146	0.694359952	2.840143123	11.70593352	0.004008067	0.030467807
Carns1	9346	-0.660008156	3.706300996	11.70915559	0.004004274	0.030467807
Gm42226	3584	0.64377796	7.162780396	11.71052198	0.004002667	0.030467807
Unc13d	5326	-0.304617115	7.703449871	11.67961322	0.004039208	0.030683812
Ncoa2	15190	0.291932	7.109150532	11.67270266	0.004047431	0.030725539
Glmn	2380	0.51013698	3.681821672	11.65860093	0.004064269	0.030770368
Polr3k	2925	0.268113189	6.680331992	11.66252728	0.004059572	0.030770368
Hnrnpc	4057	0.23124143	8.924172841	11.65904412	0.004063738	0.030770368
Fkbp1a	1983	0.226649259	9.187103648	11.66133518	0.004060998	0.030770368
Pipox	1775	-1.494935317	1.779201513	11.6520773	0.004072085	0.030808829
Creb3l2	3318	-0.84336961	2.09318861	11.6487206	0.004076114	0.030818599
Klhdc1	5560	-0.578523959	3.74088727	11.64620811	0.004079133	0.030820722
Tomm20	4986	0.264880028	6.817165359	11.64054049	0.004085951	0.030830857
Usp16	3049	0.24763639	5.963001213	11.64074577	0.004085704	0.030830857
Slc7a6	13555	0.294787921	6.215740963	11.62905896	0.004099804	0.030914667
Sbf1	7666	-0.239409125	8.018538531	11.6244949	0.004105326	0.030935583
Ppp2r2a	4108	0.224017109	6.962687094	11.61102285	0.004121675	0.031038005
Tmed1	1746	0.835180862	2.482233247	11.59944348	0.004135787	0.031123454
Zfp961	2718	0.466467736	4.180092405	11.58373994	0.004155013	0.031247254
Prag1	4800	-0.681942043	3.156527246	11.57579896	0.004164775	0.031299756
Phf11a	1549	-1.278630773	1.825023962	11.5731234	0.00416807	0.031303621
Ptpn11	5611	0.430809562	7.589959621	11.57018829	0.004171688	0.031309906
Sgpl1	4268	-0.364827328	6.334363704	11.56526739	0.004177761	0.031334602
Eif2a	3538	0.336471197	5.757313815	11.55568301	0.00418962	0.031402627
Sorbs1	10099	-0.628669073	3.737432343	11.52722688	0.004225058	0.031641377
Gbp6	4853	0.547075231	4.490177681	11.52524658	0.004227537	0.031641377
Ppp5c	2510	0.267147462	6.976931458	11.52335623	0.004229905	0.031641377
Ric8a	2967	-0.234262671	6.666932461	11.52059004	0.004233373	0.03164629
Itgb1	4194	0.411439705	8.141210408	11.49177955	0.004269685	0.031896558
Scd2	5453	0.483042992	8.776050997	11.48366906	0.004279972	0.031931027
Sp140	3550	0.361269797	5.414156125	11.48384879	0.004279743	0.031931027
Isg20	4279	-0.393134784	5.449636943	11.47778688	0.00428745	0.031965635
1500009L16Rik	1363	1.012530534	3.593449944	11.46630971	0.004302084	0.032025024
Pdk1	6628	-0.455786178	6.800834584	11.46895287	0.004298709	0.032025024
Eml3	3489	-0.334727543	5.313040029	11.46276196	0.00430662	0.032025024
Cand1	8209	0.310736661	7.036239133	11.46262577	0.004306794	0.032025024
Nthl1	2086	0.991437488	1.386663531	11.43987307	0.004336012	0.032208918
Arsa	3491	-0.421231481	4.615686944	11.43891615	0.004337246	0.032208918
Mvb12b	33987	-0.576510868	3.869481732	11.43141507	0.004346932	0.032259565
Nup43	1290	0.570500366	4.432598632	11.4286452	0.004350515	0.032264886
Cmah	10013	-0.293544096	6.193401431	11.4175315	0.004364925	0.032350209
Ythdf2	4078	0.228602049	7.281835902	11.41534452	0.004367767	0.032350209
Mrpl28	1065	0.267988061	6.891960255	11.40637136	0.00437945	0.032415415
Snhg6	407	0.413274212	4.710706008	11.40061819	0.004386959	0.032449664
Elmo2	5612	-0.305588934	6.348597127	11.3981901	0.004390133	0.032451818
Smtn	6119	-0.801186459	7.25780297	11.3934407	0.004396349	0.032455144
Zmym5	6967	-0.391828528	5.286037311	11.39354267	0.004396215	0.032455144
Herpud1	2038	0.269468978	6.646666798	11.38624483	0.004405785	0.032503494
D930020B18Rik	4453	-2.115019675	0.570196261	11.37629926	0.004418866	0.03254868
Snord118	137	-1.262378967	4.52247343	11.37280328	0.004423475	0.03254868
Ubfd1	5259	0.418906023	6.197818966	11.37343356	0.004422644	0.03254868
Akt2	7146	-0.264587909	7.139546119	11.37542678	0.004420016	0.03254868
Cycs	3154	0.392769707	7.668141211	11.36526359	0.004433433	0.032600646
Iigp1	3481	0.890736075	4.637794611	11.36143527	0.004438499	0.03261419
Adat3	1411	-0.478590398	3.87126771	11.35949534	0.004441069	0.03261419
Bhlhe40	3113	1.09435021	6.967443206	11.35641418	0.004445154	0.032615352
Gm38906	1321	-1.08331042	2.189963473	11.35500667	0.004447021	0.032615352
Larp4	7251	0.374038676	6.153094266	11.33867702	0.004468754	0.032753403
Dus4l	2055	0.608148678	2.9179959	11.33135419	0.004478539	0.032803766
Adck2	3581	-0.364676916	5.413207727	11.32881247	0.004481941	0.03280734
Znrf1	6099	-0.508634106	6.665368552	11.31709181	0.004497667	0.032901065
Afp	2086	-0.67059538	3.520403481	11.30702889	0.00451122	0.032957377
Mipep	3679	0.356639078	4.573457648	11.30811693	0.004509753	0.032957377
Arhgap26	36311	-0.45358848	5.461041307	11.30243685	0.00451742	0.032974435
Kansl1	8200	-0.276035731	5.952718919	11.30096254	0.004519413	0.032974435
Gm4956	1148	1.882974719	2.300271687	11.29686732	0.004524954	0.032993476
Nsf	3766	-0.277259282	7.1315768	11.28985788	0.004534455	0.033041353
Rpl11	1588	0.302022013	8.867698229	11.28760881	0.004537508	0.033042216
Exosc1	1757	0.303357624	5.699759932	11.27745076	0.004551329	0.033121433
Arel1	5949	-0.410535048	6.014264004	11.27151523	0.004559426	0.033137523
Gpcpd1	5527	-0.409458063	6.375817835	11.27235955	0.004558274	0.033137523
Orm3	2491	-1.775455217	0.912506342	11.26562003	0.004567486	0.03317468
Trim8	3739	-0.415014259	5.651992947	11.25992011	0.004575294	0.033205932
Rpl23	1062	0.31216936	9.49542824	11.25817463	0.004577688	0.033205932
Atp5c1	1801	0.220748384	9.411114587	11.25149801	0.004586858	0.033251031
Gmps	8533	0.317596824	7.326107149	11.23983654	0.004602927	0.033346041
Psmg4	554	0.403695697	5.13092552	11.23479096	0.004609899	0.033375076
Gusb	9588	0.319389069	6.515620967	11.22691883	0.004620801	0.033432508
Pmel	3270	-0.683819597	3.433764587	11.20242225	0.004654918	0.033619208
Kbtbd4	2594	0.301645073	5.990024576	11.20414781	0.004652505	0.033619208
Zc3h7a	4055	-0.227427069	6.752282921	11.20195981	0.004655565	0.033619208
Soat2	2283	1.371042866	1.650568596	11.19725958	0.004662145	0.033645144
Ncf4	1709	0.39752262	5.968872333	11.19299094	0.00466813	0.033659079
Ankrd44	12423	-0.301259702	7.062112703	11.19161896	0.004670055	0.033659079
Ddx3x	4571	0.301192593	7.264475346	11.18932672	0.004673274	0.033660731
Qtrt2	3112	0.644837953	3.491632203	11.18550832	0.004678642	0.03367785
Midn	6783	-0.534450958	4.308391128	11.15689772	0.004719091	0.033947298
Neil1	2599	-0.40207667	4.198484361	11.1462145	0.004734297	0.034022126
Rbm26	12366	0.292530731	5.445467401	11.14402035	0.004737427	0.034022126
Ahsa1	1610	0.270108753	7.154686494	11.14322738	0.004738559	0.034022126
Fbxo17	2012	-0.951463027	1.873472596	11.13468634	0.004750769	0.034022999
Ankzf1	3695	-0.537452076	3.684404823	11.13801986	0.004745999	0.034022999
Timm10	666	0.512894387	4.791556023	11.13583898	0.004749119	0.034022999
Nfkb1	4555	0.348673726	6.883651863	11.1353184	0.004749864	0.034022999
Trat1	6098	-0.534323876	5.615492976	11.13021568	0.004757174	0.034047215
Ppp2r5c	6135	-0.24784725	8.983275727	11.1226513	0.004768035	0.034103266
Fmo5	8206	-0.551057555	3.156350637	11.11313082	0.004781745	0.034126405
Baiap2	7087	-0.33686328	5.398274427	11.11324834	0.004781576	0.034126405
Npc2	3262	-0.332711193	7.484922574	11.11401283	0.004780473	0.034126405
Stat5b	7954	-0.245252862	8.000265001	11.11198685	0.004783396	0.034126405
Srd5a3	8037	-0.288035676	5.217758725	11.10647735	0.004791353	0.03416153
Ap3b1	7245	-0.258756451	6.750539311	11.1022991	0.004797398	0.034182982
Trim56	3864	-0.451214672	4.289819808	11.09486921	0.00480817	0.034238061
Kpna6	5809	0.407924909	4.668407789	11.08681399	0.004819879	0.034299744
Ndrg2	3289	-0.47613775	3.961691891	11.07653085	0.004834874	0.03438472
Hspa8	2104	0.405498985	10.73190321	11.07060611	0.004843538	0.03442459
Mettl5	3388	0.423328393	4.386450029	11.05464137	0.004866973	0.034569325
Dot1l	8858	0.284351721	5.392669163	11.03554353	0.004895178	0.034747738
Npm3	862	0.427799514	5.758434869	11.02981492	0.004903675	0.034764214
Adss	2755	0.332441643	7.454652989	11.03059946	0.00490251	0.034764214
Gars	2390	0.350859192	7.707012229	11.01944934	0.004919093	0.034851571
1700025G04Rik	11114	-0.860760656	2.836204502	11.00225731	0.004944787	0.034953424
AW112010	775	0.467744471	8.859246592	11.00456787	0.004941325	0.034953424
Sptan1	8132	-0.332281925	6.92130473	10.9994534	0.004948992	0.034953424
Fcf1	716	0.241668277	6.90720018	10.99980419	0.004948466	0.034953424
Dpy30	1108	0.236807051	6.971119727	11.00361341	0.004942755	0.034953424
Ankrd46	2867	-0.280017021	6.562498898	10.99388836	0.004957351	0.034990506
Nol8	4827	0.471963382	4.687386577	10.98939644	0.004964109	0.035016255
LOC68395	3370	0.913128815	2.331940972	10.97100151	0.004991897	0.035113534
Zfp983	8128	-0.46417451	3.736679292	10.97238993	0.004989793	0.035113534
Abcb9	5176	-0.438075649	5.931618295	10.97759984	0.004981909	0.035113534
Adar	6980	-0.330769506	7.094215063	10.97347397	0.004988151	0.035113534
Dnajc2	2147	0.273103065	6.741077948	10.96994703	0.004993495	0.035113534
Slc12a8	4758	-1.230125473	1.260481501	10.94434694	0.005032479	0.035278051
Prickle3	2738	-0.573216522	3.421004353	10.94318764	0.005034252	0.035278051
Grhl1	3807	-0.481221975	4.870128054	10.94224654	0.005035693	0.035278051
Ap3s1	1791	-0.412149513	6.14347967	10.95038282	0.005023256	0.035278051
Prpf31	3143	0.355493208	5.013222225	10.94673868	0.005028822	0.035278051
Bclaf1	7139	0.238709924	7.46101914	10.94245897	0.005035367	0.035278051
Lrig2	7482	-0.540335073	4.36106764	10.93149641	0.005052179	0.035371537
Pcif1	4106	-0.290185621	6.370984799	10.92774954	0.00505794	0.035389861
Mrps18a	864	0.251220697	6.150614701	10.9253593	0.005061619	0.035393605
Etfb	904	0.290111799	7.26657932	10.92205196	0.005066714	0.035407243
Fgd3	6559	-0.451380583	4.439281572	10.91678007	0.005074849	0.035420115
Ube2g1	3837	0.252739417	6.242867748	10.9170042	0.005074503	0.035420115
Taf1d	3674	0.375431306	6.094371865	10.9041944	0.005094329	0.03549007
Gdi1	2657	-0.258699865	7.869356554	10.90435211	0.005094084	0.03549007
Atp5pb	1302	0.2218508	9.131359865	10.90585885	0.005091748	0.03549007
Cd82	2077	0.362731981	9.293981779	10.89920147	0.005102081	0.035522093
Pdlim1	1505	-0.238104146	7.492572615	10.89054159	0.005115558	0.035593913
Gm34150	1228	-1.205008567	2.437356217	10.88577921	0.005122987	0.035605655
Mkks	3280	0.347602291	4.708213123	10.88540514	0.005123571	0.035605655
Cited2	2615	-0.592494796	4.108421475	10.86008256	0.005163286	0.035803484
Ppp1r14b	919	0.517203224	4.305835877	10.86075478	0.005162228	0.035803484
Mrpl47	872	0.501388344	4.08376721	10.85914795	0.005164759	0.035803484
Lrmp	3174	0.219878439	8.027355791	10.86007265	0.005163302	0.035803484
Sfxn3	3931	-0.460137644	6.181537236	10.85019424	0.005178891	0.035879357
Krr1	4990	0.364372133	4.888260563	10.82985099	0.005211165	0.036080748
Anxa6	2670	0.261957473	9.447285107	10.82553797	0.005218037	0.03609717
Rtcb	1979	0.237681637	7.393588747	10.82433889	0.00521995	0.03609717
Hspb11	2086	-0.457816777	3.58624648	10.82140104	0.005224639	0.036107416
Far1	5572	0.339933711	6.64102912	10.80671966	0.005248143	0.036247606
Gm19765	727	-1.34898222	2.589609	10.8042365	0.005252131	0.036252906
Qtrt1	2204	0.467915544	4.494372128	10.79457206	0.005267683	0.0362935
Trmt10c	1858	0.307608882	5.394200341	10.79637298	0.005264781	0.0362935
Rpl27a	1112	0.291748308	8.68713522	10.79753619	0.005262908	0.0362935
Serpini1	3173	-0.760330511	2.564353049	10.78840449	0.005277636	0.036317621
Gnai3	3273	-0.280073499	7.999928684	10.78912435	0.005276473	0.036317621
Gde1	1529	0.289647388	5.867291946	10.78010774	0.005291059	0.036343346
Snrpd1	837	0.283354817	7.328599277	10.78264381	0.005286952	0.036343346
Notch1	9489	-0.24019787	7.425819817	10.78191181	0.005288137	0.036343346
Grn	2148	-0.432518524	5.533716455	10.77076303	0.005306224	0.036403092
Chmp1b	2529	-0.266422955	5.582232807	10.77227364	0.005303769	0.036403092
Bscl2	3280	-0.227475485	6.7094088	10.75477286	0.00533229	0.036559638
Dleu2	1694	-0.58631054	3.813895287	10.74277774	0.005351941	0.03663512
Cars	4244	0.404357386	5.592610781	10.74209463	0.005353062	0.03663512
Anxa5	1724	-0.303507065	8.040378906	10.74317804	0.005351283	0.03663512
Slc5a3	10913	-0.5877163	3.982740384	10.73460048	0.005365384	0.036674859
Rpl22l1	556	0.278567137	7.64089647	10.73617369	0.005362795	0.036674859
BC147527	3642	-0.430416225	5.315600093	10.72627185	0.005379116	0.036746414
Lzic	2853	0.310482578	5.495668649	10.71671804	0.005394918	0.036832013
Pdlim4	1253	-1.13601396	2.253991691	10.70599375	0.00541272	0.036931152
Trim30a	4064	-0.384422136	6.442411649	10.69546721	0.005430259	0.037028379
Eif6	1495	0.238779768	7.746365634	10.68910475	0.005440891	0.037078423
Mrpl11	3060	0.276024202	5.655127171	10.68589923	0.005446257	0.037092538
Mob3a	2838	-0.209298779	8.721142347	10.67940834	0.005457142	0.037144196
Kpna4	3726	0.314966754	6.589340182	10.67542232	0.005463838	0.037167303
Acvr1b	4413	-0.655018866	2.829900954	10.67151242	0.005470415	0.037171882
Lims1	10800	-0.274993059	7.167272346	10.67109713	0.005471115	0.037171882
Tspoap1	10800	-0.875513957	3.585007345	10.66711989	0.005477816	0.037194964
Huwe1	16528	0.317032114	6.92951301	10.6599911	0.005489851	0.037254212
Erh	1316	0.266958734	8.073213743	10.64409857	0.00551679	0.03741447
Gm15708	1766	-0.842597505	3.490055399	10.64181645	0.005520671	0.037418248
Mycbp	1485	0.512853808	4.401849369	10.63694258	0.005528969	0.037451948
Ptges3l	1648	0.648400627	2.47275154	10.62431111	0.005550544	0.03757548
Maf1	1749	-0.270902817	7.572443529	10.62096502	0.005556275	0.037591674
Tspan13	1923	0.27574355	9.109902665	10.61887735	0.005559854	0.037593298
Man1c1	6382	-1.857541547	0.270844888	10.6142495	0.005567798	0.037624413
Cobll1	6378	0.86968858	2.180527532	10.60969857	0.005575623	0.037654685
Hsf1	2626	0.283575119	5.979988643	10.60594593	0.005582084	0.037675721
Mrps22	1216	0.372898557	4.804503928	10.59468738	0.005601521	0.037784258
Dnajc11	5044	0.377045565	5.869391808	10.5875991	0.005613799	0.037844399
Derl1	3145	-0.219846165	7.176869697	10.58047957	0.005626161	0.037905041
Myo1g	3502	-0.296822516	8.320570351	10.57739949	0.005631519	0.037918448
Dohh	1438	0.33396931	4.502257517	10.5644582	0.005654096	0.038047706
Rras2	3815	0.866549942	3.049985432	10.55255903	0.005674946	0.038165201
Zfp677	2955	-0.510658691	3.796775452	10.54893873	0.005681308	0.038185171
Bloc1s1	550	-0.418575111	5.348714212	10.54628245	0.00568598	0.038193774
Pold2	1694	0.317592693	6.257207696	10.53923065	0.005698406	0.038241773
Stoml2	2140	0.250965789	6.534725215	10.53837294	0.00569992	0.038241773
Gimap8	3748	-0.420642208	6.627210875	10.4987381	0.005770365	0.038680932
Rps27l	2748	0.356050414	7.494122894	10.49768633	0.005772248	0.038680932
Snhg4	1151	0.568465849	3.92044756	10.48949468	0.005786937	0.038700808
Ddx51	7388	0.410299084	5.135501338	10.48836611	0.005788964	0.038700808
Vwa5a	4157	-0.311242127	4.9872017	10.49038699	0.005785335	0.038700808
Vrk1	5627	-0.237963696	7.275095871	10.49001653	0.005786	0.038700808
Cyp4v3	2898	-0.978506551	2.875026693	10.47919415	0.005805469	0.038788115
Fibp	1249	-0.298176959	6.078863277	10.47373883	0.005815312	0.038830831
Ly6k	773	0.823193137	1.883446275	10.46650152	0.005828399	0.038865883
Med29	2162	0.403851589	4.011620589	10.46511063	0.005830918	0.038865883
Kat2a	4464	0.333735988	5.796304899	10.46568657	0.005829875	0.038865883
Mrpl32	768	0.301086596	6.148906443	10.46268981	0.005835305	0.038872111
Kyat3	2620	0.716779699	3.365893322	10.45663238	0.0058463	0.038891202
Srprb	2991	0.264824655	6.08316482	10.45540269	0.005848535	0.038891202
Exosc4	1789	0.260065707	5.846525226	10.45734544	0.005845005	0.038891202
Ice1	10308	0.357929277	4.361477793	10.45321455	0.005852514	0.038894689
Pogk	10686	1.263451547	1.510097096	10.43663187	0.005882772	0.039072709
Tmem9b	1685	-0.270640601	7.289019582	10.42929691	0.005896213	0.039138892
Tra2b	3676	0.264950443	8.317552222	10.42560897	0.005902984	0.03916075
Rbm15b	6148	0.417229033	3.860895435	10.42197207	0.00590967	0.039182019
Gm34771	5091	-1.111694353	1.120717213	10.417285	0.0059183	0.039216141
Chil5	5633	-1.298308138	1.129079459	10.4031935	0.005944333	0.039356392
Zbtb20	47537	-0.663356707	4.560500516	10.40189788	0.005946733	0.039356392
Pim2	2041	0.333006704	7.670905357	10.40016034	0.005949954	0.039356392
B3galt4	1577	-0.385043528	4.927829786	10.39152078	0.005965997	0.03943934
Mir17hg	2339	1.162157008	1.35651746	10.38934336	0.005970048	0.039442961
Eno1	2005	0.273822014	10.39221476	10.38575956	0.005976723	0.0394639
Baz2a	9757	-0.272357721	5.979504152	10.36628779	0.006013139	0.03968108
Dnase2a	1758	-0.713442179	3.223766528	10.35845963	0.006027851	0.039746207
Eri3	2609	0.296514318	5.320325929	10.35728138	0.006030069	0.039746207
Kif13a	7921	-0.921050814	2.08591008	10.33190275	0.006078071	0.040039159
Snord14c	87	1.267093542	0.459585469	10.32222301	0.006096495	0.040053479
Rab27a	3987	-0.300144425	6.193215617	10.32141614	0.006098034	0.040053479
Arhgap31	7722	0.292656407	6.825946722	10.32688683	0.00608761	0.040053479
Arhgef1	5102	-0.280306009	10.06166296	10.32297562	0.00609506	0.040053479
Cbx1	3633	0.250945917	6.550526575	10.32508799	0.006091035	0.040053479
Zc3hav1l	6538	0.80125989	1.743479213	10.31755996	0.006105393	0.040078436
Arhgap15	7992	-0.278466513	6.937332641	10.31035975	0.006119163	0.040145415
A130010J15Rik	4222	0.399326008	3.952171403	10.3082958	0.006123116	0.040147957
Rps9	994	0.265483696	10.19771905	10.29577393	0.006147165	0.04028218
Itpripl1	4361	0.330065465	5.552156911	10.29373227	0.006151097	0.040284494
Zhx1	5231	-0.265545156	5.207659822	10.28494365	0.006168053	0.040372059
Stip1	2173	0.362089158	8.364640722	10.27968583	0.006178223	0.040415127
Cnn2	1782	-0.196158256	10.68749826	10.26640653	0.006203994	0.040560144
Sumo1	1215	0.216308549	7.908360115	10.26282827	0.00621096	0.040582116
Mcoln1	2754	-0.333538703	5.137939043	10.25503145	0.006226168	0.040633932
Uqcc2	757	0.275961763	5.960756866	10.25686439	0.006222589	0.040633932
Fyttd1	4708	0.243519552	5.909793419	10.25321482	0.006229718	0.040633932
Mif	581	0.295407916	8.558924968	10.24973715	0.00623652	0.040654743
Gprc5b	4525	-2.438536302	0.451959701	10.24293821	0.006249842	0.04067094
Fut8	4680	-0.363076544	5.726138013	10.24588172	0.006244071	0.04067094
Wbp2	1828	-0.242170245	7.181314385	10.24330608	0.006249121	0.04067094
Paics	2491	0.304476033	7.616019263	10.23423153	0.006266951	0.040758714
Snrpa1	1250	0.284614162	7.212756052	10.23148017	0.006272368	0.040770395
Bsg	1752	0.220235316	7.81512887	10.22963067	0.006276013	0.040770547
Bzw2	3288	0.270525134	7.819615463	10.22628732	0.006282608	0.040789851
Ptk2b	4711	-0.203066076	8.240518366	10.22309858	0.006288905	0.040807203
Stx1a	3425	-1.036589971	1.137512815	10.21937357	0.006296271	0.040831463
Sftpc	804	5.578774908	1.925589597	10.21163775	0.006311599	0.040907301
Pced1b	8550	-0.387316617	5.422947787	10.20811102	0.006318601	0.040929121
Ccnh	2076	0.254412925	6.535215821	10.20130366	0.006332142	0.040993247
Dars	2509	0.267580987	7.459169985	10.19185893	0.006350985	0.041091601
Rbmxl1	2391	0.293299831	6.69164292	10.18190145	0.00637092	0.041196908
Bcat1	9087	0.834890124	5.855390138	10.17084944	0.006393131	0.041227955
Ccdc6	6866	0.338128248	4.8853836	10.17376355	0.006387266	0.041227955
Sit1	1201	-0.301180226	6.811966783	10.1762984	0.006382169	0.041227955
Pdia4	2655	0.295450713	7.794532407	10.1717131	0.006391392	0.041227955
Cd47	7179	-0.234281063	8.636288694	10.17040211	0.006394032	0.041227955
Zc3h15	1963	0.215288635	6.773529257	10.16791157	0.00639905	0.041236694
Slc12a9	9044	-0.436064557	3.96946335	10.15064245	0.006433971	0.041438011
Ddx1	2469	0.325307518	7.404724636	10.14604912	0.006443296	0.041450644
Dcaf8	7049	-0.229703625	7.24105678	10.14696064	0.006441444	0.041450644
Il18rap	4999	-0.894652321	1.464450051	10.13672027	0.006462283	0.041539994
Slc9b2	9501	0.571990594	4.653468267	10.13560138	0.006464565	0.041539994
Uqcrb	548	0.309371202	8.173835078	10.12954637	0.006476928	0.041595696
Ywhae	5715	0.302248042	8.571694476	10.12629683	0.006483574	0.04161464
Polr3e	4629	0.292200988	5.471084358	10.12256856	0.006491209	0.041639905
Trap1	2622	0.275763649	6.855627618	10.11351555	0.006509792	0.041735326
Cnot6l	9684	-0.293580121	6.721617066	10.10948304	0.006518088	0.041764735
Ifit2	4361	-0.476934293	4.459389231	10.098001	0.006541779	0.041892692
Gm30693	3068	-1.197765089	0.877183422	10.08585963	0.006566938	0.042029899
Ilf2	2222	0.278192221	6.831233723	10.0777866	0.006583729	0.04211342
Scfd2	6395	0.334764469	4.507733586	10.07245405	0.006594847	0.042160581
Pex11a	2338	-0.863304024	2.915184504	10.06824695	0.006603633	0.042192793
Tor2a	2418	-0.361149822	5.75273567	10.06566338	0.006609036	0.042194167
Eef1b2	1933	0.281655107	8.98838805	10.06456017	0.006611344	0.042194167
Cela1	1106	-0.984642829	3.425078194	10.06273058	0.006615174	0.042194694
Sypl	8694	-0.28758931	7.083416482	10.05381977	0.006633867	0.042271407
Mrps33	1055	0.256113794	5.717107724	10.05341796	0.006634711	0.042271407
Rgs10	1543	-0.409434144	8.662828955	10.04234999	0.006658016	0.04239209
Mrfap1	1630	0.24961348	7.488019778	10.04084922	0.006661184	0.04239209
Slfn9	10874	0.452263522	5.074241147	10.03043517	0.00668321	0.042495044
Mrpl2	1119	0.240206119	5.934202441	10.02963293	0.006684911	0.042495044
Enthd1	3151	0.888371224	1.226589679	10.02320941	0.006698542	0.04255767
Hnrnpd	9124	0.266776457	5.907738122	10.01859615	0.006708352	0.042595957
Smox	6796	-0.584209023	3.627342108	10.00008335	0.006747886	0.042822829
E2f3	25205	0.499268532	4.445812409	9.995641068	0.006757412	0.042859123
Bco2	2565	1.473675634	0.197280978	9.990670493	0.006768089	0.042878531
Hmbs	1757	0.282989522	6.394175556	9.992256492	0.00676468	0.042878531
LOC118568610	15356	-1.434935873	1.467840298	9.986480532	0.006777105	0.0429115
Map3k5	7243	-0.462789761	4.641499821	9.982632408	0.006785397	0.042939855
Suz12	4373	0.255108386	5.706058951	9.98083568	0.006789273	0.042940244
Ube2n	4215	0.240907399	7.548289505	9.959578274	0.006835321	0.043182965
Batf	904	-0.215568951	7.574045088	9.960217058	0.006833932	0.043182965
Exoc1	6691	-0.277921496	5.338652522	9.952979461	0.006849688	0.043249463
Gm34702	1424	-1.27042485	1.133773708	9.941666795	0.0068744	0.043318582
Tnfrsf8	3496	1.014724419	4.694162919	9.940923869	0.006876026	0.043318582
Klf2	1816	-0.872862592	5.384731511	9.943570461	0.006870234	0.043318582
Cldnd1	2213	0.471921733	7.372822408	9.946013502	0.006864893	0.043318582
Sorcs2	16057	-1.31571486	0.398721099	9.937398649	0.00688375	0.043318758
Nmd3	1826	0.231674892	6.606262274	9.938384286	0.00688159	0.043318758
Hip1	25858	1.222963238	0.677768031	9.924599707	0.006911876	0.043471452
Tgfbr3	6090	-0.290193758	5.775597003	9.921724914	0.006918212	0.043487005
Ccsap	3743	-0.390447388	4.207618672	9.919341426	0.006923469	0.04349577
Agfg1	8383	0.38677252	6.850421035	9.914209118	0.006934807	0.043518425
Evi5l	5738	-0.354898472	4.593687857	9.914934707	0.006933203	0.043518425
Ybx3	1862	0.524200455	5.144005339	9.883647185	0.007002762	0.043920387
LOC115490137	8110	-1.124631092	1.100188278	9.87412299	0.007024096	0.044029659
Aldh18a1	3527	0.35168963	6.59195931	9.870802028	0.007031552	0.04405187
Uqcr11	436	0.29794863	7.792895546	9.865849495	0.007042688	0.044097099
Srsf10	6461	0.276111228	7.157261161	9.860662184	0.007054374	0.044145718
Tmem39a	3231	0.373073574	4.873133709	9.858726506	0.007058741	0.044148503
Zfand6	2273	-0.234542519	7.181461721	9.848170769	0.007082607	0.044273177
Il27ra	2857	-0.282075038	7.907933609	9.839597688	0.007102059	0.044370133
Plagl2	5407	0.385211899	5.691482976	9.827735458	0.007129075	0.044514214
Samm50	3446	0.256407798	7.052900441	9.821995231	0.007142191	0.044571389
Lrrc8a	4254	-0.316065019	5.313904918	9.814464983	0.007159439	0.044654272
Lman1	3714	0.385299384	5.422474816	9.805356949	0.007180365	0.044759991
Tmprss13	3754	-1.33030841	0.984834608	9.799454152	0.007193964	0.044793701
Abat	4636	-0.950305982	1.517673977	9.798106341	0.007197073	0.044793701
Dph3	3393	0.310008223	5.403804801	9.79783092	0.007197709	0.044793701
Tnfrsf23	4111	-1.497223231	0.588159892	9.795816582	0.007202359	0.044797878
Irs2	6794	-1.242603187	2.814316421	9.787758566	0.007220997	0.044864227
Rcc1	2327	0.47875606	6.909100678	9.788826329	0.007218524	0.044864227
Aplp1	2392	-0.660109227	3.099668103	9.783931361	0.007229868	0.044887886
Pdcd4	8749	0.324044241	7.739746124	9.782676772	0.007232779	0.044887886
Gm6712	2007	0.534920133	3.613728972	9.780811517	0.007237109	0.044890013
Tmco6	1977	-0.348794259	4.503083826	9.775752837	0.007248868	0.044938191
Dancr	1278	0.734262381	2.242495595	9.770322511	0.007261515	0.044991819
Phf5a	1648	0.263710939	7.014465827	9.76516799	0.007273543	0.045041556
Mrpl22	1587	0.229589704	5.902227142	9.756686347	0.007293385	0.0451396
Siva1	782	0.366469752	6.089718017	9.753999998	0.007299683	0.045153752
Zfp280c	6366	0.438266667	3.90848999	9.752161411	0.007303996	0.045155625
Pik3cd	6249	-0.312599531	8.693098281	9.748524615	0.007312538	0.045183617
Ankra2	3294	-0.350812373	4.9079147	9.745068646	0.007320665	0.045207574
Txndc16	4782	-0.333258738	4.617850255	9.743462315	0.007324446	0.045207574
Serinc1	2879	-0.326529333	5.782503694	9.727047787	0.007363213	0.04539707
Dhx15	3755	0.223798534	7.867796509	9.727272073	0.007362682	0.04539707
Tmem179b	848	-0.218783807	6.812794737	9.724694947	0.007368789	0.045406582
Mex3c	12682	0.56906823	4.137907725	9.718903457	0.007382535	0.045466401
Egln2	2629	-0.226284718	5.988282713	9.707897474	0.007408739	0.045602837
Tmx4	5148	-0.435746809	4.268483362	9.702532774	0.007421551	0.045631798
Bola2	337	0.290152449	6.190487034	9.703140713	0.007420098	0.045631798
Lmbrd1	7121	-0.34336671	5.340746812	9.696327672	0.007436402	0.045698149
Herc6	5279	-0.423280151	5.110615809	9.686758625	0.00745937	0.045814286
Bcl2a1b	764	0.292064611	7.28357249	9.684722693	0.007464267	0.045819368
Gphn	16084	0.451998424	3.879477824	9.682899104	0.007468657	0.045821329
Dclre1c	14437	-0.379867235	4.68012086	9.673620713	0.007491038	0.045924248
Cdc37	1741	0.194443793	8.037668166	9.672564283	0.007493591	0.045924248
Erp29	1243	0.246008935	6.542461082	9.667679828	0.007505408	0.045971646
Tg	8695	1.125351864	3.256383697	9.658965127	0.007526546	0.046026953
Sptlc1	3532	-0.278854861	6.066728911	9.658900591	0.007526703	0.046026953
Poldip2	2133	0.275777391	5.827292709	9.660792812	0.007522107	0.046026953
Marchf2	3966	-0.225570254	6.217372012	9.652945773	0.007541186	0.046090486
Map4k1	3503	-0.250095732	7.809866274	9.650477916	0.007547198	0.0461022
Lrpprc	4625	0.420383057	5.884470062	9.642178785	0.007567455	0.046200874
Chmp4b	1606	-0.468650285	4.77831347	9.637087773	0.007579913	0.046251848
Zc3h8	1645	0.493314604	3.214610205	9.627059545	0.007604521	0.046376866
Ypel5	3242	-0.434377345	6.421016097	9.615187585	0.007633772	0.046530051
Gpr89	4679	0.313060002	4.886720365	9.612433124	0.007640577	0.046546329
Hat1	1576	0.328693378	7.389047511	9.608991179	0.007649091	0.046547817
Isyna1	1838	0.240660278	7.49853301	9.610075317	0.007646408	0.046547817
Tbl1x	6334	0.204509972	6.992758815	9.596188514	0.007680853	0.046715854
Arrb1	8693	-0.613376371	3.919299136	9.593988949	0.007686325	0.046723894
Ube3a	16513	0.275387173	6.419835573	9.583707855	0.007711963	0.046854262
Por	3053	-0.207493671	6.509507374	9.582054431	0.007716095	0.046854262
Bnip3l	4336	-0.319349875	7.275677075	9.574193084	0.007735778	0.046948455
Ralbp1	5718	0.267184232	6.372818798	9.567911774	0.007751545	0.047018803
L1cam	5693	-1.037556704	2.477488276	9.543781104	0.007812465	0.047362806
Ubxn2a	4958	0.348030039	5.719953329	9.54161728	0.007817954	0.047370577
Chchd1	595	0.382216251	5.801254855	9.528891541	0.007850329	0.047541156
Aprt	866	0.209945721	7.239679229	9.522824992	0.007865817	0.04760934
1500011B03Rik	1739	-0.413283174	4.723659866	9.515734142	0.007883965	0.047693539
Epdr1	2387	-2.052674218	0.759649798	9.511790804	0.007894078	0.04772907
Knop1	5613	0.312996202	5.189697947	9.505810687	0.007909443	0.0477963
Fchsd1	4351	-0.479982909	3.482493339	9.495084443	0.007937089	0.047907574
Pnpt1	3147	0.329421234	5.68431599	9.493716222	0.007940623	0.047907574
Psma2	946	0.224941569	9.196784037	9.495561728	0.007935856	0.047907574
Gpr183	3065	-0.567356801	7.769058869	9.474193653	0.007991252	0.048187207
Zfp958	4867	0.330266751	4.620999372	9.440509648	0.008079483	0.048693158
Slc2a9	4377	-0.769644061	2.753929479	9.430946872	0.008104735	0.048793108
Sgf29	2185	0.301930096	5.081031534	9.43175481	0.008102598	0.048793108
Gm32643	14800	2.214126349	1.318300015	9.429226344	0.008109288	0.048794425
E230032D23Rik	1195	-1.050517146	1.992988138	9.425641037	0.008118786	0.048800971
Uhrf1bp1l	13461	-0.229386529	5.959762015	9.425542904	0.008119046	0.048800971
Dtwd2	7447	0.499034477	3.461473034	9.421986272	0.00812848	0.048831606
Arhgap30	4488	-0.272034886	8.021640602	9.40875194	0.008163697	0.049017011
Unc5cl	4292	-0.472852426	3.470693876	9.401549787	0.008182935	0.049106335
Hprt	1349	0.248948799	8.115537837	9.399411654	0.008188657	0.049114489
Nxt1	1101	0.262825153	6.029505644	9.392097645	0.008208263	0.049198063
Usp38	5564	-0.229737856	7.022629064	9.390955181	0.008211331	0.049198063
2700038G22Rik	1370	0.924818114	2.41691332	9.385037338	0.008227241	0.049214814
Atp1b1	2590	-0.821193189	1.925619617	9.386398533	0.008223578	0.049214814
Ccdc107	814	0.381652197	5.091259479	9.387905288	0.008219526	0.049214814
Ube2g2	1982	0.241301353	6.401032835	9.379368975	0.008242514	0.04927999
Dhx29	4748	0.347133893	5.515822605	9.375447071	0.0082531	0.049317092
Ifng	1210	2.033430897	1.10096174	9.35941078	0.00829655	0.049471692
Arc	3059	-0.558753036	4.262080122	9.360628798	0.00829324	0.049471692
Slc46a3	5023	-0.50212648	4.193954662	9.362880177	0.008287127	0.049471692
Traf3ip2	3186	-0.267674271	6.148908476	9.360818831	0.008292724	0.049471692
Letmd1	9631	-0.30922337	4.892943187	9.355120787	0.008308218	0.049515042
Ccnd3	2509	0.286350514	8.067429758	9.347453338	0.008329119	0.049613345
Zfp710	6942	-0.548083482	3.682034978	9.344305342	0.008337718	0.049638302
Mylip	3764	-0.612856609	3.633714813	9.332379806	0.008370386	0.049780325
Dock2	6512	-0.33185839	8.037655854	9.332368456	0.008370417	0.049780325
Rpl26	543	0.326972041	9.238126676	9.328507474	0.008381025	0.049790809
Prpf18	3598	-0.308373737	6.775871466	9.32953909	0.008378189	0.049790809
Gm50596	1857	-1.597256609	0.722560926	9.303347949	0.008450532	0.05015081
Hax1	1431	0.320021162	5.728669366	9.304017034	0.008448675	0.05015081
5830428M24Rik	1037	-0.684051965	3.550976978	9.297392038	0.008467083	0.050222559
Nsun5	3325	0.424667857	4.729924176	9.291169103	0.008484416	0.050298869
2210417A02Rik	550	-1.735557292	0.535851104	9.283553229	0.008505684	0.05033002
Coro2b	5419	-1.025035076	3.291362826	9.282885088	0.008507553	0.05033002
Car12	5661	0.885324168	2.341331094	9.285900089	0.008499124	0.05033002
Snrpd2	749	0.260348266	7.054082403	9.285852748	0.008499256	0.05033002
Zfp945	7261	-0.455100862	4.38030169	9.275451684	0.008528376	0.05042671
Srp72	3605	0.190619093	7.24279622	9.251361418	0.008596264	0.050801441
Selenoi	6806	0.3708228	4.345042156	9.237057258	0.008636869	0.051014624
Dtymk	3248	0.220457604	7.045686681	9.233497925	0.008647007	0.051047723
Zcchc10	1257	0.432701295	4.704036854	9.22434226	0.008673148	0.051110198
Smn1	1544	0.431362068	5.229569186	9.223432985	0.008675749	0.051110198
Unkl	11078	-0.431223642	3.637531823	9.226278455	0.008667613	0.051110198
Ppwd1	4937	0.418079141	4.114568354	9.227300026	0.008664693	0.051110198
Snx32	4275	-0.508526234	3.693716872	9.213188018	0.008705119	0.051202836
B4gat1	2035	-0.349934991	4.581323059	9.213836244	0.008703257	0.051202836
Tle5	1505	-0.251504542	6.993145203	9.214890361	0.008700231	0.051202836
Nfat5	20917	0.391968538	4.439215248	9.204183293	0.008731027	0.051274859
Tardbp	7673	0.312231122	7.395662315	9.205883484	0.008726129	0.051274859
Prpsap1	3409	0.199736779	6.607532975	9.205093315	0.008728405	0.051274859
Ndufa9	1322	0.205570755	7.408099057	9.202291288	0.008736482	0.051280144
Ddx20	3040	0.401845862	5.089247986	9.194355511	0.008759405	0.051383544
Twistnb	4409	0.26712936	5.957896508	9.193034916	0.008763227	0.051383544
Raver2	3990	-0.823356103	2.117960234	9.188450038	0.008776509	0.051434635
Orc6	1654	0.351899356	6.264077563	9.184404017	0.008788249	0.051476641
Cmss1	1973	0.518737165	3.649833913	9.167088921	0.008838696	0.051726376
Cebpz	4077	0.369906716	5.706825883	9.16619617	0.008841306	0.051726376
Tars2	4972	0.326449827	6.219084515	9.164670615	0.008845768	0.051726376
Slc25a20	1746	-0.303483184	5.593226909	9.16347651	0.008849263	0.051726376
Tmem176b	2111	-0.708807691	3.979473653	9.155932907	0.008871376	0.051801839
Cnppd1	2787	-0.231053148	7.030076183	9.156896477	0.008868547	0.051801839
Uprt	7052	0.360711807	3.73155013	9.148786766	0.008892382	0.051879828
Rptor	8237	0.355855964	4.391132694	9.148254763	0.008893948	0.051879828
Malt1	6332	-0.32192671	6.676366268	9.145618398	0.008901714	0.051898237
Mtfr1	3825	0.31720054	5.700385645	9.140712462	0.008916186	0.051928825
Eif2b4	2101	0.270049769	6.52681456	9.141568926	0.008913657	0.051928825
Acsf2	3279	-0.978514508	1.641643659	9.135380243	0.008931946	0.051993716
Rabl6	3191	0.272401865	5.623230493	9.129696955	0.008948779	0.052064782
Riok2	3197	0.314218561	4.990433155	9.119592068	0.008978798	0.052185899
Slc3a2	9995	0.293938606	6.886609279	9.118322562	0.008982578	0.052185899
Hadhb	5922	-0.234725132	7.294574315	9.118012135	0.008983503	0.052185899
Ttc1	1467	0.230437875	6.108293501	9.100787812	0.009034971	0.052457816
Hilpda	1106	0.337360355	4.492721294	9.095695856	0.009050252	0.052477217
Trappc9	7361	-0.289308567	5.792394579	9.093464186	0.009056958	0.052477217
Rpl12	638	0.288910946	9.757588646	9.097978424	0.009043398	0.052477217
Rpe	3146	0.220492484	6.305532048	9.094021768	0.009055282	0.052477217
Chrm4	3689	0.698946962	2.847678842	9.090205612	0.009066761	0.052506991
Adrb2	2269	-0.689709186	3.611266195	9.088530695	0.009071804	0.052509187
Phykpl	8529	0.410907083	4.498689382	9.074361088	0.0091146	0.052729785
Mapk1ip1l	8644	0.221898667	6.104219619	9.067625124	0.009135025	0.052820808
Samhd1	4710	-0.439917878	7.626470308	9.065996544	0.009139972	0.052822279
Anxa2	1799	-0.74145811	7.640447412	9.052496094	0.009181094	0.052874612
Cyria	9529	-0.590414082	5.162975547	9.05358545	0.009177768	0.052874612
Tango6	4409	0.562665481	3.648034705	9.05521098	0.009172807	0.052874612
Fasn	10434	0.464277359	7.694643161	9.052231137	0.009181903	0.052874612
Jak1	6041	-0.274416573	9.538257096	9.056786746	0.009168002	0.052874612
Gpr108	3031	-0.223042714	6.572346446	9.053993838	0.009176521	0.052874612
Snrnp70	4924	0.221610588	7.247550794	9.053580288	0.009177784	0.052874612
Kars	2340	0.223825781	7.55102595	9.049782135	0.009189386	0.052890651
Foxk1	7469	-0.292564443	4.881239483	9.045638803	0.009202063	0.052936548
Tesk1	3620	0.614729999	3.019478496	9.025823536	0.009262967	0.053259695
Tdrp	3063	-0.708236905	4.483809118	9.008283562	0.009317265	0.053529291
Snhg17	3172	0.419434013	4.377445524	9.00760766	0.009319365	0.053529291
Xrcc5	2901	0.332818629	5.74131126	9.004635158	0.009328606	0.053555044
Ddah2	2024	-0.788471989	1.937024728	9.002775793	0.009334391	0.053560946
Tsfm	1180	0.305572438	5.476948154	8.992161474	0.009367498	0.053723531
Trav16	350	-1.2105281	1.0610011	8.985758028	0.009387536	0.053783654
Ptprcap	846	-0.221900318	10.14600325	8.985999999	0.009386778	0.053783654
Tgs1	4539	0.312875327	5.345589945	8.981856926	0.009399768	0.053826341
1810034E14Rik	1802	-0.768438594	2.31116737	8.979861988	0.00940603	0.053834817
Zfp386	4877	-0.42864662	5.73368301	8.974595636	0.009422584	0.053902162
Abhd16a	2317	-0.317151771	5.67409437	8.972382509	0.009429551	0.05391462
Ppp2r1b	8032	0.26227705	7.282971488	8.96564649	0.009450792	0.054008639
Dut	2512	0.334284645	7.920725381	8.961310543	0.009464494	0.054044021
Med22	3576	0.305013416	6.117633073	8.960649694	0.009466585	0.054044021
Sumo3	3221	0.267075044	7.596315373	8.953552639	0.009489067	0.054119204
Srek1	13543	0.262666923	5.845259109	8.953457684	0.009489368	0.054119204
Trim28	3242	0.334362016	6.517943901	8.947630409	0.009507875	0.054123488
Rnf41	4498	-0.302529583	5.51924763	8.947881005	0.009507078	0.054123488
Abhd11	1765	0.277944819	4.78691588	8.944144748	0.009518965	0.054123488
Ifnar1	8101	-0.263651864	6.80628216	8.944630285	0.009517419	0.054123488
Rpp25l	839	0.253435817	5.363708825	8.945587986	0.009514371	0.054123488
Txnrd2	1905	0.239901353	5.375479479	8.948128912	0.00950629	0.054123488
Cyb5a	852	-0.371808704	7.794059034	8.94231563	0.00952479	0.054129273
Iftap	2580	1.229196543	0.105562108	8.938914088	0.009535635	0.054163559
Mrpl41	2423	0.205166131	6.247800322	8.931377734	0.009559712	0.054272936
Slc16a1	4430	0.390116948	5.935351876	8.926391295	0.009575681	0.054336196
Atg9a	4394	-0.282024558	5.042256019	8.918052362	0.009602455	0.054449796
Cops8	1843	0.188413721	6.639188936	8.917144907	0.009605374	0.054449796
Rps6-ps4	860	0.53729373	2.789554197	8.911561503	0.009623355	0.054524272
Aarsd1	1775	0.253539507	6.104038271	8.890863684	0.009690351	0.054876245
Gm16675	1319	-0.818508962	1.677964859	8.887300538	0.009701939	0.054886648
Gm5165	2447	0.440935675	3.401406229	8.888383485	0.009698416	0.054886648
Eef2kmt	2140	0.33891618	4.649852559	8.876045445	0.009738647	0.055066641
Rars	2225	0.371942239	6.612358872	8.872843078	0.00974912	0.055082235
Tmem30a	3660	-0.313186537	6.993705006	8.872210679	0.00975119	0.055082235
Hps3	4691	-0.341431682	4.665855056	8.87022746	0.009757684	0.055091278
Hibch	1838	-0.311027899	4.825902969	8.865495317	0.0097732	0.055151222
Ralb	2536	-0.457752833	4.29478034	8.861238222	0.009787183	0.055202458
Cry1	3977	-0.490749977	4.929402904	8.843478531	0.009845765	0.055488648
Rabgap1l	33824	0.247521399	6.996319769	8.842869631	0.009847781	0.055488648
Telo2	4131	0.363025299	4.912758073	8.838311648	0.009862885	0.055518179
Plbd2	3662	0.233505497	5.489988327	8.838653792	0.00986175	0.055518179
H2bu2	462	-0.686185864	2.395672815	8.833692794	0.009878217	0.055576698
Trim65	6943	0.398587017	3.884792732	8.828166287	0.009896599	0.055652305
Tbl1xr1	14231	0.309267344	7.002622421	8.815443996	0.009939065	0.055835326
Micu1	8315	-0.245341897	6.002522379	8.816480432	0.009935598	0.055835326
Panx1	2075	-0.384331306	5.871865598	8.796133749	0.010003923	0.056115675
Polr3f	4160	0.302975542	4.710221017	8.797235082	0.01000021	0.056115675
Ppm1g	2165	0.280653083	7.905571433	8.798510143	0.009995915	0.056115675
Bst2	808	0.333688415	5.16102755	8.789593545	0.010026	0.056211506
Rpl13	780	0.236557845	10.72394241	8.775684262	0.010073139	0.056447684
Pinx1	6343	0.387452331	3.916924764	8.765506659	0.010107793	0.056611613
Npepl1	2507	0.319798368	6.697289576	8.764142268	0.010112449	0.056611613
Eomes	3718	1.787733344	0.875088692	8.757870986	0.010133882	0.056703404
Tmem59	1544	-0.257859143	7.638898514	8.749742343	0.010161741	0.056825625
Emc4	1128	0.2351893	5.809406665	8.748554276	0.010165821	0.056825625
Arhgef11	6890	-0.678322985	3.394387813	8.731991831	0.010222885	0.057116245
Gm39792	1164	-1.348793383	0.947566335	8.728043652	0.010236542	0.057136233
Nemp2	3408	-0.311228304	5.293272319	8.726557702	0.010241688	0.057136233
Tsc22d4	3175	-0.219518793	7.658847538	8.727472434	0.01023852	0.057136233
Cd200r3	8296	-1.015330465	0.892541889	8.723744822	0.010251436	0.057162293
Madd	6229	-0.29366027	7.295973708	8.721875645	0.01025792	0.057170131
2310057M21Rik	5383	0.441364182	3.970074866	8.718417925	0.010269927	0.057208728
Gm20234	1141	-0.807043011	2.075481237	8.71247567	0.010290599	0.057295534
Nif3l1	2644	0.317061841	5.634097092	8.708761145	0.010303546	0.05733926
Eif2ak2	6632	-0.337624804	5.120177353	8.695799249	0.010348871	0.05755205
Ttc3	7799	0.272337839	6.351947024	8.693447445	0.01035712	0.05755205
Prdx6	2754	0.190034207	7.625056482	8.69363207	0.010356472	0.05755205
Rassf5	3738	-0.218641374	6.543478271	8.686394973	0.0103819	0.057661288
Cdh24	4095	-0.717964994	2.802998209	8.67888435	0.010408365	0.0577683
Tbc1d10c	1925	-0.237995152	9.289686825	8.678016022	0.01041143	0.0577683
Trim5	4017	-0.422332094	4.469643298	8.670919937	0.010436515	0.057878957
Tmem106b	6125	-0.299217807	5.794400037	8.667427684	0.010448885	0.057919031
Neurl3	2968	-0.420009673	6.051055421	8.664739448	0.010458419	0.05794335
Nlrp1b	11424	-0.879918353	2.069357709	8.656474339	0.010487795	0.058077521
Fancf	1691	1.176897535	1.169930204	8.653549438	0.010498214	0.058106633
Atp2b1	8195	-0.293633372	5.657262795	8.64811266	0.010517611	0.05818539
Hook2	5275	-0.588575845	2.914262565	8.643744336	0.010533227	0.058243156
St3gal4	14946	0.425321667	4.343923366	8.629181868	0.010585476	0.058503334
Dnaja1	3604	0.23438751	8.188453984	8.625430955	0.010598983	0.058549238
Smpdl3a	1791	-0.366935465	7.389780536	8.61950171	0.010620374	0.05863863
Miip	2977	-0.274029179	6.368088815	8.614303269	0.010639169	0.05871361
Ephx1	1739	-0.46322722	7.343719786	8.612196467	0.010646797	0.058726919
Mindy1	3225	-0.526119898	3.860238627	8.607360724	0.01066433	0.058790405
Haghl	2188	-0.401675203	4.523482775	8.606142818	0.010668751	0.058790405
U2af1	1092	0.26649427	7.283466237	8.601443195	0.01068583	0.058855714
Igsf23	2148	0.419359611	4.152294139	8.599095571	0.010694374	0.058873967
Tmem97	1333	0.575835162	5.803087073	8.594166886	0.010712336	0.058944028
Zfp213	2674	0.422810494	3.703847517	8.589783489	0.01072834	0.059003252
Map3k14	4173	-0.355627403	5.085317728	8.577357335	0.01077386	0.059224665
Sema4a	4532	-0.659829428	4.788132219	8.573392964	0.010788429	0.059246893
Mtg1	1893	0.303380999	4.613178118	8.574092545	0.010785856	0.059246893
Map1lc3b	2560	-0.274012641	8.212905587	8.569420412	0.010803051	0.059298267
Nans	2014	0.259192468	6.647364496	8.56118359	0.010833441	0.059436101
Cbr1	1081	-0.233879144	6.05946885	8.554288138	0.010858958	0.059547078
Ntrk3	23979	-1.426036847	1.776914735	8.550647625	0.010872458	0.059563082
Nudt16	3802	-0.365484161	5.247337364	8.551378769	0.010869745	0.059563082
Rpl4	1597	0.182513052	10.73381321	8.529204501	0.010952369	0.059971675
Galm	2378	0.322721735	5.939958802	8.527578558	0.010958455	0.059975834
Bcl2	7349	0.376479207	5.650463333	8.5220097	0.010979332	0.060060896
Eola1	1057	-0.339529472	4.426227122	8.518681603	0.010991831	0.060100064
Xrn1	13213	-0.316840188	5.265972627	8.507320661	0.01103462	0.060290328
Psma1	1255	0.247157734	8.577705511	8.506600467	0.011037339	0.060290328
Eef1akmt4	984	0.464417715	2.934126756	8.501602939	0.011056228	0.060364216
Ppp6r2	5688	-0.46715925	4.29723514	8.499758442	0.011063209	0.060373051
Spryd4	1570	0.422022003	3.981746885	8.496114232	0.011077016	0.060419112
Gm13842	1160	-0.524746087	3.245546436	8.492869931	0.011089325	0.060427695
Scml4	6805	-0.510124169	5.452658229	8.493724815	0.01108608	0.060427695
H1f0	2293	-0.412394434	7.038291082	8.491127471	0.011095942	0.060434503
Ndc1	4575	0.474555872	5.828372192	8.487623789	0.011109262	0.060475556
Srfbp1	2734	0.379730698	4.650662322	8.486319956	0.011114223	0.060475556
Noa1	3109	0.397114199	5.189653021	8.483181829	0.011126175	0.060482124
Fastkd2	3250	0.352685125	5.132235475	8.484483919	0.011121214	0.060482124
Dlat	4035	0.250693665	5.970770652	8.468738306	0.011181376	0.060752862
Hgh1	2444	0.353373671	4.588894627	8.46521267	0.011194898	0.060767678
Utp14a	2431	0.309566199	4.71521844	8.466393337	0.011190368	0.060767678
Camk2b	5738	-1.011558854	2.636738953	8.463637057	0.011200948	0.060771213
Stx11	4639	-0.539117998	6.995007995	8.460126576	0.011214439	0.060815103
Stk39	3752	0.306820733	5.246132897	8.457645036	0.011223987	0.060837577
Vps28	1042	-0.236608889	8.340359729	8.451280436	0.011248519	0.060941208
Ctla2a	1394	-0.711073185	3.645728273	8.44461363	0.011274283	0.061051406
Ulk1	5753	-0.411759179	4.460305247	8.439922456	0.011292452	0.061120396
Yars	2549	0.377785298	6.307268697	8.437696512	0.011301085	0.06113773
Tm2d3	1040	0.298919918	5.956589321	8.431514222	0.011325103	0.061238235
Ttyh3	5102	-0.483254519	4.000655482	8.429526565	0.011332837	0.061250637
Rps7	961	0.281714698	9.497540702	8.417307949	0.011380516	0.061478812
Tubb2a	1607	-0.767531922	3.726564345	8.413178629	0.011396681	0.061536612
Ndufaf5	2998	0.314378438	4.364329023	8.411606826	0.011402841	0.061540358
Gatc	1777	0.336401384	4.046913278	8.404143051	0.011432146	0.061668951
Dnaja3	2648	0.276150322	5.726243861	8.391035334	0.011483821	0.061918034
Dck	3057	-0.365266913	7.262183782	8.387439511	0.011498044	0.061965044
Wdyhv1	3236	0.261234357	6.245939861	8.379311492	0.011530268	0.062079273
Atp5o	772	0.21431786	8.073162515	8.379346477	0.011530129	0.062079273
Hells	11650	0.501373321	6.89789113	8.376695926	0.01154066	0.062105522
Esf1	3524	0.290223439	5.262906434	8.374257246	0.011550359	0.06212223
Nudt19	4914	0.248699118	6.278669667	8.373141144	0.011554801	0.06212223
Psmg3	871	0.320838913	5.24119267	8.369943219	0.011567539	0.062161029
Selenow	705	-0.336504521	8.273990937	8.36833496	0.011573952	0.062165814
Gm3521	1272	-0.827420487	2.536378323	8.353610761	0.01163285	0.06242617
Gk	4529	0.629163359	3.948086523	8.353445058	0.011633514	0.06242617
Ciz1	3694	-0.226311519	6.000634543	8.350348511	0.011645946	0.062463104
Cdkn2c	2253	-0.503564879	5.513487792	8.330045164	0.011727835	0.062851243
Xlr4a	1282	0.338093802	5.701880272	8.329639522	0.011729478	0.062851243
9330179D12Rik	1494	-1.316475443	0.620982116	8.325128398	0.011747766	0.062919289
Gm16146	4860	-0.907895089	1.228489313	8.323151971	0.011755788	0.062932318
D830031N03Rik	8311	0.820973708	1.941281376	8.320023468	0.0117685	0.06294094
Nop53	1558	-0.189355963	7.869889604	8.320003755	0.01176858	0.06294094
Slc25a53	7510	-0.726945623	2.412782049	8.313504533	0.01179504	0.063052496
Hmg20a	3787	-0.249231178	5.58158941	8.311324205	0.011803931	0.063070081
Aldh2	4155	-0.410371321	3.959566978	8.307115204	0.011821118	0.06313195
Dazap2	2095	-0.268641816	9.287283575	8.292942674	0.011879203	0.063412075
Usp37	7708	0.254351654	5.752599827	8.286233784	0.011906813	0.063529338
Jagn1	1260	0.241826405	5.633967436	8.283636272	0.011917523	0.06355636
Pik3ip1	2243	-0.551038975	5.71705722	8.276967735	0.011945069	0.063612863
Ptges3-ps	1570	0.419430224	3.960425012	8.27877247	0.011937607	0.063612863
Oga	6818	-0.312921753	7.550380789	8.277626228	0.011942346	0.063612863
Snord13	98	-0.737151047	3.248649391	8.27406809	0.01195707	0.063646665
Pym1	2000	-0.294767552	5.44727109	8.265665053	0.011991926	0.063802036
St3gal1	6205	-0.238282235	6.581986657	8.261421846	0.012009572	0.063865735
Ndfip2	6005	-0.212957754	5.86498738	8.256107854	0.012031713	0.063953268
Sytl2	10793	0.723187038	3.489964862	8.253237572	0.012043691	0.063982678
Il15ra	5198	0.582643082	2.958708321	8.252059363	0.012048612	0.063982678
Abhd6	14243	0.443749725	4.359684888	8.239014378	0.012103253	0.064212262
Gnpnat1	3652	0.310488271	5.39736021	8.240294	0.01209788	0.064212262
Carm1	3762	0.509563609	3.179890099	8.236316788	0.012114588	0.064242123
Cd247	6969	-0.223619694	9.633404791	8.223497395	0.01216862	0.06449827
Nfu1	2051	0.213264748	6.368293359	8.221786913	0.012175851	0.064506225
Actg2	1315	1.38957069	2.585431455	8.2056493	0.012244312	0.064838413
Cd3d	1512	-0.277059068	9.870878613	8.192530809	0.012300293	0.06510423
Eif4a3	1463	0.210053926	8.283931241	8.188993074	0.01231544	0.06515377
Vdac1	2394	0.270263201	7.685728355	8.184296423	0.012335582	0.065168459
Ndfip1	1812	-0.256675549	9.553337812	8.185316472	0.012331205	0.065168459
Ucp2	1719	-0.24528703	10.13796725	8.186617534	0.012325623	0.065168459
Pias3	4869	-0.328816036	4.24485539	8.178349983	0.012361139	0.065272846
Rpl10a	1063	0.246643192	8.524917636	8.172187955	0.012387687	0.065382365
Pop5	2663	0.242846055	6.954148263	8.168678134	0.012402838	0.065405387
Fam207a	3539	0.214214777	6.481211235	8.168485925	0.012403669	0.065405387
Pten	9284	-0.285606036	6.464705356	8.164905556	0.012419147	0.065456348
Gm32081	619	-1.638754086	0.791648881	8.16226013	0.012430598	0.065486043
Rere	36093	-0.465442773	5.245075098	8.157144558	0.012452776	0.065541539
Aasdhppt	3032	0.302448271	5.093404812	8.157953126	0.012449268	0.065541539
Ctu2	3169	0.284076659	5.693780811	8.152608531	0.01247248	0.065614568
Mrps28	722	0.338322058	5.197208063	8.147561377	0.012494446	0.065699425
Snora73b	205	0.943036226	1.868080085	8.143574524	0.012511829	0.065757741
Ears2	7769	0.369287268	4.248269468	8.141002263	0.012523059	0.065757741
Emc8	4908	0.283420953	5.612729829	8.142064217	0.012518421	0.065757741
Btk	2902	0.859675092	1.543763125	8.126224409	0.012587803	0.066066892
Senp3	2538	0.231430813	5.988828235	8.123062938	0.012601704	0.06610903
Zkscan14	2236	-0.493908011	4.306699679	8.117756273	0.012625077	0.066169979
Add1	4562	-0.267435859	8.257846105	8.117957211	0.012624191	0.066169979
Trim2	19230	-0.974244215	0.799961011	8.110871387	0.012655476	0.066175266
AI506816	2780	0.687569126	2.290608525	8.115688009	0.0126342	0.066175266
Tnfrsf1a	2155	-0.3420533	4.370757915	8.112039694	0.012650312	0.066175266
Smim10l1	2738	0.293014709	5.108430782	8.112758238	0.012647136	0.066175266
Capn1	3659	-0.220870894	6.363777744	8.113736021	0.012642817	0.066175266
P4hb	2861	0.234134062	8.446764602	8.089454373	0.012750581	0.066641616
Apobec1	4429	-0.655268889	3.349368022	8.087153634	0.012760847	0.066644651
Rdm1	2622	-0.294077608	5.661709342	8.086671031	0.012763001	0.066644651
Dnajc25	4381	0.799721146	1.37377291	8.085307532	0.012769091	0.066645537
Trim12a	6190	-0.350250071	5.813759997	8.08327762	0.012778163	0.066661981
Tbxa2r	2175	-0.59891171	4.363569918	8.081265172	0.012787164	0.066678042
TrnY	67	-0.370608366	5.098155437	8.079502829	0.012795053	0.066688288
Pik3cg	8210	-0.287094478	6.16877849	8.068767959	0.012843226	0.066908392
Grpel1	3338	0.201356327	7.095011724	8.066414309	0.012853816	0.066932589
Ms4a6d	1371	-0.644217398	3.546535181	8.057764581	0.012892821	0.067083824
Gm39556	2242	-0.632523168	2.447491124	8.057331765	0.012894777	0.067083824
Parp16	3672	-0.711044106	2.663858059	8.050059852	0.01292768	0.067192902
Tbc1d9b	6942	-0.282043439	5.873441387	8.050888151	0.012923928	0.067192902
Cdc42se2	3756	-0.237278487	7.917985557	8.045549117	0.012948139	0.067268182
BE692007	3685	-0.885863906	3.501142558	8.041025128	0.012968696	0.06733737
Dpysl2	5672	-0.281011541	7.546971305	8.039986687	0.012973419	0.06733737
Tmem138	2143	-0.369199356	4.149487329	8.034773813	0.012997163	0.06742952
Gbp3	3175	0.793209956	2.576084822	8.027938224	0.013028373	0.067503282
Nfe2l2	3818	-0.258338086	5.814636682	8.028851296	0.013024199	0.067503282
Nadk	3360	0.227446595	7.068075843	8.027720557	0.013029369	0.067503282
D030028A08Rik	2820	0.651726976	2.718465142	8.022838134	0.013051716	0.067587958
Isg15	756	-0.430624906	5.078061595	8.010676952	0.013107572	0.067846
Psmd1	3256	0.278248891	8.082374535	7.995682505	0.013176822	0.068173098
Heatr1	6776	0.438945287	5.888849886	7.989455406	0.013205705	0.068291147
Dnaaf2	3390	0.288064298	5.486679219	7.986235616	0.013220668	0.068305773
Dhx30	5303	0.27399457	6.572527634	7.986701775	0.0132185	0.068305773
Tbc1d30	13208	-1.129505282	2.357728397	7.982872709	0.013236317	0.068355255
Mt1	1258	0.960765341	1.287256324	7.979310046	0.013252919	0.06840961
Qk	10295	0.399031172	4.120549433	7.977833352	0.013259807	0.068413798
Sinhcaf	3642	0.32101913	4.847776488	7.974299517	0.013276308	0.068467557
Ino80c	2360	-0.223290885	5.932606371	7.96909283	0.013300664	0.068561756
Akr1c13	1394	0.509090239	3.582849685	7.966366046	0.01331344	0.068596204
Taok3	6801	-0.241955618	7.094430516	7.958710163	0.013349386	0.068749948
9330175E14Rik	1538	0.964183963	1.143485374	7.946767508	0.013405683	0.06899884
Snora65	118	0.821786755	1.818240473	7.942014914	0.013428163	0.06899884
Zkscan1	8383	0.432981178	4.489795885	7.941973713	0.013428358	0.06899884
Dusp4	2427	0.425234312	4.950846758	7.942472023	0.013425999	0.06899884
Septin1	4748	-0.234293963	8.521198292	7.94254606	0.013425649	0.06899884
Rrs1	2048	0.523902417	5.200277166	7.934414628	0.013464203	0.069119928
Slu7	3926	-0.211175743	6.480878091	7.93501606	0.013461347	0.069119928
Eif3b	2966	0.349029727	8.484316073	7.931656755	0.013477309	0.069155671
Rpl21	1856	0.29728581	9.629283976	7.930140539	0.01348452	0.069161151
Pwp1	2579	0.308915504	6.375417007	7.926627111	0.013501247	0.069215411
Pisd-ps1	2876	-0.510714357	3.320393286	7.918335358	0.013540819	0.069366572
Cnnm3	5292	0.421783158	3.62976797	7.917867483	0.013543056	0.069366572
Vamp5	1648	-0.570454161	3.948032296	7.916097795	0.013551521	0.069378363
Gm30892	914	-0.785742715	2.610825583	7.911099959	0.013575459	0.069467902
Nfatc3	8918	-0.243205939	7.280595689	7.909871354	0.013581351	0.069467902
Il18r1	5096	-1.597861899	1.336033691	7.901448742	0.013621824	0.069643279
Pradc1	1507	0.290215283	4.913903405	7.895862776	0.013648743	0.06974923
Zmynd19	3030	0.622500175	2.412071169	7.886222905	0.013695343	0.069941698
Dvl1	3554	0.508657667	3.253257152	7.884287925	0.013704719	0.069941698
Ctsd	1917	-0.200398755	7.964391179	7.88422086	0.013705044	0.069941698
Plin3	2159	-0.25329584	6.147715561	7.879732345	0.013726822	0.070021099
Uqcrfs1	1313	0.236377934	7.705682991	7.870532087	0.013771587	0.070217629
Usp36	5914	0.360879406	5.244456155	7.868867997	0.013779702	0.070227198
Cdc26	3041	0.285336485	4.995413051	7.864470685	0.013801171	0.07030479
Tnip2	1966	-0.418736781	4.294960409	7.851157118	0.01386641	0.070605175
Rpl18	1648	0.236061529	9.432002211	7.84826437	0.013880632	0.070645639
Rps13	582	0.25913678	9.639171122	7.844074764	0.01390126	0.070718654
Lancl1	4546	0.254048261	6.392971304	7.840928248	0.013916775	0.070765607
Ppfia1	5638	0.340907499	4.316819398	7.839073943	0.013925928	0.070780179
Rnaseh1	1912	0.302591369	4.657687012	7.832781056	0.013957042	0.070874324
Fryl	17978	-0.257177513	6.721007877	7.833671171	0.013952636	0.070874324
Tmx1	2320	0.225071397	6.976729108	7.830055194	0.013970544	0.070910904
Tnfaip1	3816	0.333944776	5.071693727	7.81850981	0.014027901	0.071097939
Prr3	3195	0.268025355	4.386063046	7.817555422	0.014032654	0.071097939
Erap1	5747	0.234721319	6.890255981	7.819614359	0.014022402	0.071097939
Rnf181	2233	-0.186265216	6.450513004	7.820585672	0.014017568	0.071097939
Sf3a3	2096	0.22983733	7.40118593	7.80465301	0.0140971	0.071392329
Cbx5	9119	0.321459564	6.798923167	7.802441635	0.014108179	0.071416315
Zpr1	3092	0.233673465	6.330963732	7.800263283	0.014119104	0.071439491
Itga3	5316	-1.133925001	0.837422967	7.794557903	0.014147762	0.071552336
Rarg	3399	-1.37537604	2.186704367	7.791449309	0.014163404	0.071567148
Gsdme	11750	0.445745758	4.045775583	7.791693394	0.014162175	0.071567148
Fpgs	2808	0.519670415	3.51362779	7.786302772	0.014189346	0.071666065
Tmem176a	1119	-0.994133581	3.156334404	7.78339672	0.014204019	0.071708001
Coq5	2132	0.350709666	5.252411336	7.781341469	0.014214406	0.071728277
Cd96	2186	-0.30899757	7.850891922	7.764020149	0.0143023	0.072139468
Trim23	3992	-0.341852652	4.22392894	7.758447751	0.014330709	0.072185739
Zfp84	5711	-0.268708056	4.803605813	7.75994279	0.014323081	0.072185739
Ppia	746	0.177763694	11.0917412	7.759405293	0.014325823	0.072185739
Ddx39b	1758	0.190833683	7.946313158	7.755894015	0.014343751	0.072219117
Rgs11	3223	-1.008224121	1.399835898	7.74804348	0.014383928	0.072389028
Ramp3	1397	-0.701720714	2.770592448	7.737218415	0.014439541	0.072594019
9930111J21Rik1	3863	-0.492367168	4.386334584	7.736351631	0.014444005	0.072594019
Hdhd2	3940	0.262508367	4.892296776	7.738680526	0.014432015	0.072594019
Gprin3	14763	0.502855338	5.675097555	7.733819287	0.014457055	0.072627186
Esr1	9756	1.450536631	0.381586767	7.728061147	0.01448678	0.072744053
Slf1	5257	0.396811523	4.227318969	7.724567601	0.014504849	0.072778128
Mrpl51	1515	0.192538683	6.728912494	7.724249584	0.014506495	0.072778128
4930453N24Rik	5965	0.219951003	5.641468063	7.722668072	0.014514684	0.072786777
Malat1	6983	-0.469439988	10.47003817	7.718066556	0.014538542	0.072870634
Kdm5b	8146	-0.279651533	5.923267908	7.71694733	0.014544352	0.072870634
Polr2j	586	0.214077524	6.839299767	7.71187705	0.014570705	0.072970194
Naa10	1139	0.209678655	7.497419221	7.69495175	0.014659076	0.073380112
9430038I01Rik	2857	0.399001186	3.763028688	7.691964023	0.014674739	0.073425874
Mre11a	11133	0.25112035	5.731945906	7.689106612	0.014689738	0.073435644
Nbr1	5151	-0.226997411	5.818279098	7.689881484	0.014685669	0.073435644
Gnl2	5459	0.258395231	6.020257254	7.686944045	0.014701101	0.07345983
Trav14-1	364	-0.84861523	3.234404399	7.68521699	0.014710183	0.073472602
Sumo2	998	0.177310877	7.60078952	7.679539579	0.014740085	0.073589302
Tmub2	2684	-0.240925984	6.011199432	7.677439016	0.014751166	0.07361198
Ltb	1095	-0.292563984	8.767152071	7.673503067	0.014771955	0.073683061
Gramd1a	4698	-0.314235377	8.952558862	7.672222523	0.014778726	0.073684188
Cd38	3013	0.797782261	3.302338227	7.660649762	0.01484008	0.073957337
Uba5	2987	0.215497168	5.849804085	7.655260465	0.014868753	0.074067442
Ryr3	16095	-1.358650599	0.664714056	7.653300739	0.014879195	0.074086676
0610010K14Rik	981	0.192372348	6.897852431	7.644167287	0.014927973	0.074296693
Tsc22d1	9939	1.235666579	1.419518939	7.63705387	0.014966091	0.074453492
E230016M11Rik	1762	-1.164668486	0.520799249	7.625905955	0.015026055	0.074718784
Nipal3	8262	-0.393406767	4.529129819	7.623957233	0.015036566	0.074738037
Psme3ip1	2433	-0.204397085	6.298686725	7.618971878	0.015063493	0.074838837
Icam2	1592	-0.298846383	5.448757947	7.617717239	0.015070278	0.074839521
Pdxk	5094	0.399191243	4.57694318	7.616059079	0.015079252	0.074851065
Slc25a5	1295	0.242470176	10.66471525	7.611499681	0.015103957	0.074940657
Shq1	3278	0.496066194	3.965327344	7.608297141	0.015121338	0.074987596
Ncoa6	7215	0.314046927	4.571774349	7.607119179	0.015127737	0.074987596
Ppdpf	998	-0.257587298	6.573346986	7.606077239	0.0151334	0.074987596
Rpl30	629	0.263211987	9.161721291	7.599560085	0.015168875	0.075130309
Dhx37	5174	0.302188247	5.320909703	7.595752442	0.015189645	0.075199167
Ndufb4	454	0.290128661	6.053209229	7.594563705	0.015196137	0.075199167
Glul	2807	-0.343318104	4.066055005	7.589717948	0.015222631	0.075297178
Calcrl	4996	0.384438948	4.19864319	7.588135905	0.015231292	0.075306933
Ankrd6	6371	-1.354799898	1.232105348	7.586522026	0.015240134	0.07531757
Dld	2277	0.250011006	6.646708569	7.58468883	0.015250184	0.075334168
Creld2	1364	0.292396954	6.116653619	7.578628651	0.015283462	0.075465448
Cd274	4092	0.301339672	5.450350346	7.567909756	0.01534253	0.075723892
Ssbp4	2196	-0.212890502	6.864389341	7.565368755	0.015356571	0.075759979
Cpt1a	5043	-0.411381327	5.784812965	7.56250534	0.015372411	0.075804907
Anapc10	3192	0.236875828	5.39993532	7.559729543	0.015387785	0.075847496
Vbp1	1601	0.242330209	7.349529239	7.555812849	0.015409508	0.075921329
Cct2	2217	0.204112567	8.204315797	7.55126924	0.015434752	0.07601244
Pmepa1	4850	0.48426846	3.521439527	7.542776561	0.015482066	0.07621211
Cyb561d1	5687	-0.438593523	4.752560067	7.538374168	0.015506658	0.076257641
Nsg2	4233	-0.21565726	7.675020783	7.537483973	0.015511636	0.076257641
Dcps	1194	0.194406912	6.560759815	7.53895234	0.015503426	0.076257641
Psmc5	1277	0.210413335	8.013877996	7.534303581	0.015529437	0.076311828
Ppa2	3068	0.278265133	5.317735772	7.52331633	0.015591115	0.076581487
Ccdc28b	2230	-0.440927124	5.07756277	7.51738003	0.015624556	0.076678838
Acat1	3373	0.185759159	7.09554768	7.518242561	0.015619692	0.076678838
Bcas2	1519	0.173463334	6.916624396	7.509840178	0.015667151	0.076854374
Abcd1	3648	-0.249621086	6.150039636	7.504701569	0.015696258	0.076963619
Ipo5	5194	0.389552622	7.363229454	7.492451038	0.015765901	0.077271445
Htra2	1725	0.380514274	4.186955082	7.490911734	0.015774677	0.077280813
Jup	5396	-1.218024956	0.726539808	7.483329806	0.015817986	0.077423763
1810006J02Rik	1687	1.047583138	1.627315194	7.482433875	0.015823113	0.077423763
Jmjd8	2092	0.457800628	3.508595154	7.482193725	0.015824487	0.077423763
Ckb	1478	-0.541876799	4.299166544	7.478938566	0.015843132	0.077462737
Nmt2	4558	0.397918065	4.084696357	7.478400886	0.015846215	0.077462737
1700102P08Rik	1933	-0.9999879	0.583697419	7.473781882	0.015872721	0.077558635
Cluap1	6781	0.250975785	5.022201999	7.472136937	0.015882173	0.077571152
Med13l	10382	-0.362426694	5.180239223	7.468612445	0.015902447	0.077636492
Psat1	6229	0.391386783	7.817825625	7.466639447	0.01591381	0.077658288
Gm15133	832	-0.988922303	1.328499175	7.462361255	0.01593848	0.077711306
Top1	3847	0.219337599	6.789513142	7.463349309	0.015932778	0.077711306
Inpp4a	9520	-0.36163094	4.998635896	7.460551507	0.015948929	0.07772859
LOC115490354	8592	-1.173475262	1.543663552	7.457749363	0.015965124	0.07774021
Irak4	3224	-0.199814902	5.914395018	7.458063857	0.015963305	0.07774021
5031425E22Rik	4542	-0.51588864	2.856929333	7.453592543	0.015989183	0.077823702
Snupn	7553	0.299710875	4.515294194	7.448920009	0.016016277	0.077921888
Hnrnpdl	4705	0.236133114	7.601009127	7.44723544	0.016026058	0.077935795
Hspa4l	9674	-0.352817307	5.545027716	7.445685554	0.016035064	0.077945918
Mrpl37	1496	0.227793788	6.304221867	7.440306964	0.01606636	0.078064342
Sox4	4781	1.005605587	2.120823262	7.438258192	0.0160783	0.078088653
Tamm41	1316	0.324080111	5.23527923	7.424954993	0.016156078	0.078432567
Ube2k	4882	0.205795001	6.731043235	7.420478612	0.016182347	0.078526234
Slc16a3	3673	-0.856346577	1.790287561	7.412048405	0.016231953	0.078660659
Tuba1b	1564	0.345656668	9.579601282	7.40983883	0.016244984	0.078660659
Dph6	9135	0.27338285	4.987426774	7.41076504	0.01623952	0.078660659
Pcmt1	8250	0.209564111	6.962550882	7.40984753	0.016244933	0.078660659
Fcho1	3939	-0.186482174	8.002048183	7.41084321	0.016239059	0.078660659
Aen	5100	0.378919521	4.905519516	7.406413291	0.01626521	0.078693669
Il16	6632	-0.163289194	9.515987718	7.406316639	0.016265781	0.078693669
Ptpn6	2430	0.186573596	9.303171869	7.400366383	0.016300985	0.078830109
Rrp12	7768	0.507710236	5.48944573	7.398926626	0.016309517	0.078837501
Zfp60	4057	0.340475632	4.495938314	7.397004346	0.016320915	0.078858741
Thg1l	4038	0.383668387	4.055430833	7.390899637	0.016357176	0.079000038
Myc	2399	0.365109159	5.847254224	7.386653016	0.016382455	0.079054298
Pgls	1167	0.265469327	6.474300056	7.386835655	0.016381367	0.079054298
LOC115489609	133	0.83657173	1.687807514	7.381419419	0.016413671	0.079137093
Plcb3	4564	0.774275989	2.648090078	7.38226704	0.016408611	0.079137093
Cep44	10671	-0.37006056	4.584754498	7.379627692	0.016424374	0.079154796
Jdp2	2558	-1.05609807	1.412452089	7.377656785	0.016436156	0.079177685
Cwc27	15331	0.26084898	4.865417415	7.368822897	0.016489087	0.079398692
Rps26	448	0.230406207	9.549958112	7.364400974	0.016515656	0.079479698
Cybc1	2591	-0.1948534	6.693332242	7.363673908	0.01652003	0.079479698
Dhrs1	1697	-0.331740337	5.53665047	7.360804635	0.016537301	0.079528808
Synj2bp	10825	0.212031601	5.97621189	7.355123261	0.016571563	0.079659544
Trbj2-4	49	-1.031408938	1.073551928	7.34856773	0.016611198	0.079740973
Ndufa5	622	0.328850656	6.730590775	7.348675145	0.016610547	0.079740973
Mtmr6	4220	-0.217314215	6.37367643	7.347636862	0.016616835	0.079740973
Pole4	4322	0.177720173	7.280209013	7.347893775	0.016615279	0.079740973
Tbc1d14	5900	-0.276164687	6.119938184	7.346392119	0.016624376	0.079743171
Mrps31	1629	0.340095797	4.33586735	7.344459134	0.016636094	0.079765396
Ethe1	1815	-0.317798085	4.684194416	7.337028422	0.016681231	0.079947766
Exog	3999	0.380586515	4.487010601	7.33472598	0.016695246	0.079973862
Stat4	3208	-0.217956369	6.770932181	7.333800418	0.016700884	0.079973862
Sema4c	7688	1.102703382	1.740236175	7.329896089	0.016724689	0.080053806
Pde6d	1554	-0.249929059	5.152133657	7.328098739	0.016735661	0.080072281
Fads2	2907	-0.777607484	3.484496557	7.320164505	0.016784196	0.080202242
Lig3	6612	0.346823144	5.449711693	7.32036364	0.016782976	0.080202242
Tap1	2950	-0.170899003	8.407100976	7.320705957	0.016780879	0.080202242
Ddx60	7063	-0.808700271	3.294423127	7.313385278	0.016825795	0.080211657
Zfp395	4466	0.54627496	3.22196408	7.312877453	0.016828916	0.080211657
Mrps27	2116	0.347544905	4.830444598	7.313865852	0.016822842	0.080211657
Pitpnc1	6439	-0.341722227	6.302396152	7.313630734	0.016824287	0.080211657
Cdk5	3040	-0.278707991	5.734223552	7.317106525	0.016802946	0.080211657
Comt	4090	0.218287559	6.439294423	7.317821551	0.01679856	0.080211657
Ptpmt1	1322	0.261243885	4.943968207	7.30623739	0.016869785	0.080372424
Yaf2	2339	0.28786702	5.017146819	7.30123479	0.016900651	0.08048542
Gm52290	2240	-0.456717287	5.656912649	7.299328832	0.016912429	0.080507451
Tmem134	1517	-0.223495929	7.182378532	7.296319961	0.01693104	0.080561982
Hnrnpll	3133	0.324723236	7.635359066	7.293830965	0.016946454	0.080601257
Pdap1	2139	0.261213833	6.017642193	7.287254801	0.016987256	0.080739199
Chchd2	910	0.239223543	8.459394595	7.285691761	0.016996971	0.080739199
Edc3	5821	0.194059881	6.446180333	7.285884283	0.016995774	0.080739199
Gas5	620	0.353059103	8.551375152	7.279260328	0.017037012	0.08089527
Tbc1d16	7135	1.263589329	0.611759213	7.271520019	0.017085347	0.081090572
Gm8995	7929	-0.330333158	6.605570385	7.269388453	0.017098686	0.081119681
Phka2	16285	-0.325674333	4.200599892	7.265799089	0.017121174	0.081192154
Nxpe3	8318	-0.328155131	6.472523266	7.264405625	0.017129913	0.081199396
Coa3	718	0.181120449	6.878841468	7.262293778	0.017143168	0.081228026
Plod1	3252	0.606630568	2.801074485	7.256342129	0.017180588	0.08132684
Chdh	5891	0.341597336	5.872542516	7.255703951	0.017184606	0.08132684
Hdlbp	7074	0.257515047	6.999894726	7.255531017	0.017185695	0.08132684
Zfr	5493	0.197810374	6.811603836	7.251532565	0.017210896	0.081411876
9930012K11Rik	1986	-0.454402137	3.303649243	7.248470012	0.017230227	0.081462379
Rpl34	1222	0.275285112	9.69437079	7.247293009	0.017237663	0.081462379
Ampd2	4047	0.228243439	6.127046736	7.246404272	0.01724328	0.081462379
Prr12	7338	0.395529013	4.302462205	7.243884219	0.01725922	0.081503481
Ndufb8	2332	0.215943016	8.497569248	7.242376785	0.017268763	0.081514354
Mak16	1857	0.242326245	5.851061729	7.238291613	0.017294655	0.081602358
Stoml1	2272	-0.410221006	4.295558556	7.234653265	0.017317753	0.081677111
4933412E12Rik	1724	-0.479938689	2.71214132	7.224166329	0.017384529	0.081957717
Zbtb42	3710	-0.979520014	2.035551758	7.222733857	0.017393674	0.081966503
Kdm3a	5332	-0.305894364	5.740571251	7.218225046	0.017422493	0.082066894
Sil1	6246	0.294940927	4.607773467	7.217121258	0.017429556	0.082066894
Ndufb10	677	0.169647937	7.227060788	7.208776906	0.017483062	0.082284413
Lrrc59	2834	0.478554648	6.859453462	7.19980369	0.017540813	0.08249168
Ndufs3	949	0.192443234	6.52722854	7.199657578	0.017541755	0.08249168
Lad1	2992	1.359854849	0.574806151	7.196455027	0.017562421	0.08253368
Fgf13	9308	-0.417026512	4.903215646	7.196001706	0.017565349	0.08253368
Slc36a3os	566	-0.529345558	3.953216734	7.193389121	0.017582232	0.082565613
Baz2b	17168	-0.387607026	4.246100385	7.190413983	0.017601481	0.082565613
Ube2b	3030	-0.24766591	7.668898216	7.190861857	0.017598582	0.082565613
Susd6	5190	-0.22303465	6.683130364	7.191321609	0.017595606	0.082565613
Tipin	2288	0.340074123	7.324358358	7.177015198	0.017688473	0.082904591
Dcun1d1	11639	0.203189261	6.427289113	7.177695745	0.017684042	0.082904591
Fcrl1	2937	0.412800839	4.735246157	7.171989766	0.017721229	0.083023552
Zswim6	5457	-0.701788173	2.549246244	7.170793634	0.017729036	0.083025576
Snhg12	606	0.544344723	3.514485603	7.16740291	0.017751188	0.083051506
Srsf3	3041	0.248126682	9.131178916	7.167571356	0.017750086	0.083051506
Haus2	3219	0.236737816	5.283767929	7.166559295	0.017756704	0.083051506
Plekha3	3230	-0.407018887	3.542632741	7.162105164	0.017785862	0.083152419
Stat3	4601	-0.171559792	8.417790587	7.161008231	0.017793052	0.083152419
Kdm5a	13262	-0.186837013	7.064544457	7.158672731	0.01780837	0.083189474
Itgam	4682	-0.955461083	2.114174904	7.150784913	0.017860219	0.083295444
Dcakd	2129	0.357981265	4.547654673	7.148272867	0.017876768	0.083295444
Gspt1	6826	0.343635977	7.034354696	7.151601376	0.017854844	0.083295444
Acap2	20473	-0.304226794	5.562877137	7.149471661	0.017868868	0.083295444
Naa50	4778	0.260200114	7.189784958	7.147745909	0.017880242	0.083295444
Mea1	1733	0.213512752	6.454968782	7.150642603	0.017861156	0.083295444
Chmp1a	2171	-0.184158318	7.745231761	7.147350828	0.017882847	0.083295444
Zfp280b	5808	0.210770737	6.715035661	7.143912507	0.017905536	0.083366633
Mrps2	2469	0.252677251	5.449047125	7.141937899	0.017918581	0.083391385
Arl1	2006	0.187639572	6.760491629	7.140866051	0.017925666	0.083391385
Septin9	5262	-0.183534059	8.832515151	7.127193131	0.01801634	0.083778586
Ppp1r18	4517	-0.263424457	8.255291703	7.125071142	0.01803046	0.083809627
Irgm1	2764	-0.274518897	6.530399346	7.120360348	0.018061851	0.083920892
Yif1a	1493	0.203585982	6.077713412	7.116122523	0.018090145	0.084017679
Isy1	1762	0.182402842	6.495548158	7.114991392	0.018097706	0.084018133
Lsm8	750	0.299769993	7.000090205	7.111619379	0.018120267	0.084088196
Atg12	3133	-0.280149963	5.636895556	7.102535075	0.018181209	0.084336237
Ube2d3	4794	0.161407666	9.433304731	7.096393523	0.018222544	0.084493162
Adap1	2696	-0.364681782	3.608579075	7.094020426	0.018238545	0.084532539
Cyth2	4087	-0.251905853	5.690802321	7.09122941	0.018257384	0.084585035
Hus1	6821	0.413435362	4.138068014	7.082271583	0.018318003	0.084815444
Phf23	2522	0.219584915	6.170007664	7.081654907	0.018322185	0.084815444
Galnt11	3163	-0.479692198	4.145740079	7.080466342	0.018330248	0.084817891
Gm38948	4782	-1.159401095	0.512710113	7.078766494	0.018341786	0.084836413
Art2b	4329	-0.423880523	6.35611846	7.077508799	0.018350329	0.084841068
Gid4	4400	0.436760288	4.498378219	7.074946314	0.018367748	0.084886742
Obi1	9947	0.309448621	4.741490676	7.072592731	0.018383764	0.084925897
Tyw3	4419	0.578310434	2.602395131	7.06691936	0.018422437	0.085069645
Eif3c	2882	0.210089469	8.433392808	7.048176265	0.018550873	0.085627605
Cerkl	1759	-0.567387217	2.633132095	7.044609995	0.018575428	0.085635613
Mov10	4601	-0.304350395	5.069629453	7.046768286	0.018560563	0.085635613
Stx5a	2491	-0.28054135	6.023352206	7.045185526	0.018571463	0.085635613
Tsacc	895	0.663576884	1.747074189	7.039837549	0.018608347	0.085752258
Phlda1	1953	0.664857749	4.722157709	7.036887981	0.018628726	0.085811045
Tmem109	2526	0.355375095	6.227459534	7.033564842	0.018651717	0.085846699
Hsp90b1	2759	0.286517856	8.593907284	7.033871039	0.018649597	0.085846699
Gm36851	3585	-1.185075052	0.811429226	7.030119866	0.018675585	0.08588568
Gtf3c6	2624	0.274628614	5.910719068	7.029040294	0.018683072	0.08588568
Bccip	2466	0.211334033	6.431901584	7.030400562	0.018673639	0.08588568
Gpn1	3696	0.261995293	5.712203626	7.023340488	0.01872266	0.086032532
Arl6ip6	2553	0.282747231	5.197058147	7.017785975	0.018761332	0.08617506
AI413582	961	-0.279333623	6.755469372	7.015370437	0.018778178	0.086217263
Cltb	2284	0.266982872	5.183214834	7.013127864	0.018793834	0.086218819
Zfp706	4417	0.175149895	7.691419796	7.013950096	0.018788092	0.086218819
Gm30292	3002	-1.013948893	3.360441366	7.007190102	0.018835359	0.086345948
Mrpl24	2405	0.320108936	4.932779197	7.00697227	0.018836885	0.086345948
Tmem251	1255	0.27031146	5.927853729	7.002431278	0.018868717	0.086455014
Cdkn2aip	3494	-0.251751293	5.480283413	7.001388278	0.018876037	0.086455014
Cacna1s	6638	0.827021306	2.468571241	6.992457308	0.018938853	0.086707444
Zfand2b	1299	-0.200394317	5.897472426	6.9902868	0.018954156	0.086742229
Rpl17	1336	0.272747762	9.591112075	6.984811488	0.018992822	0.086848574
Ppil3	3194	0.265411055	5.81430125	6.985420106	0.018988519	0.086848574
Lrrc58	8592	0.343140554	5.177261903	6.983471955	0.019002295	0.086856615
Fam160b2	4183	-0.296676963	5.781529845	6.978704825	0.019036055	0.08697561
Cdc34	1266	0.310939464	5.314369737	6.977432998	0.019045073	0.086981514
Hsd17b14	1653	1.204864847	0.432772115	6.963426132	0.019144722	0.087401168
Wbp11	3177	0.220290541	6.913583484	6.961533151	0.019158236	0.087427408
Polr3h	6244	0.342045399	4.837335679	6.953951186	0.019212472	0.08763939
Tnfrsf12a	965	-0.904468998	0.863755079	6.952075109	0.01922592	0.087665212
Ttc17	5849	-0.262805528	5.719175948	6.950341717	0.019238355	0.087686396
Atp5g3	1396	0.199041948	9.352531136	6.943600519	0.019286802	0.087871638
Abitram	4661	0.356724792	5.520934991	6.941723636	0.019300316	0.087897636
Eif4a2	4560	0.288999181	7.183620387	6.938035227	0.019326905	0.087983137
Lyst	13794	-0.518072556	3.523470995	6.930699317	0.019379915	0.088188795
Lonp2	2941	-0.197165678	6.857605932	6.925760863	0.019415695	0.088315916
Pold4	967	-0.628285134	2.924942028	6.916507837	0.019482942	0.088488273
Cyb5rl	7846	0.596584195	3.025464031	6.913296272	0.019506345	0.088488273
Fbxo32	6936	-0.585956538	4.364497149	6.913996206	0.019501242	0.088488273
Gm20559	6198	-0.448596732	3.921126111	6.914261934	0.019499305	0.088488273
Eny2	3029	0.332556963	6.037078427	6.912986152	0.019508607	0.088488273
Washc4	7318	-0.328755228	5.794483674	6.913335439	0.019506059	0.088488273
Casp6	1475	-0.237046	5.330292583	6.915360597	0.019491298	0.088488273
Apol7e	2856	-0.564751944	3.656140142	6.909119065	0.019536834	0.088580618
Timm13	1225	0.23798822	7.14905257	6.904839459	0.019568127	0.088686786
Slc25a13	4509	0.474278894	4.769059963	6.901963022	0.019589193	0.088710835
Ccdc28a	2852	-0.455670549	4.201763058	6.902297547	0.019586742	0.088710835
Zfyve21	4091	0.478760657	2.87875768	6.895333325	0.019637846	0.088859677
Rb1cc1	8335	-0.38882436	5.27436872	6.895878783	0.019633838	0.088859677
Adamtsl4	4209	-1.190223278	1.15525041	6.889706804	0.019679248	0.089011238
Mical3	16123	0.595879314	2.494579109	6.887771416	0.019693512	0.089039984
Alg11	5130	0.371442483	3.990908663	6.88280282	0.019730187	0.08916999
Trav8-2	337	-0.651645473	2.094171255	6.879319632	0.019755945	0.089250573
Rps16	615	0.194902241	9.452780721	6.870351089	0.019822446	0.089515081
Inppl1	5718	-0.491296861	3.575724586	6.865243041	0.019860438	0.089640385
Eed	2060	0.359255392	6.134388277	6.864480248	0.019866118	0.089640385
Kcnh2	5153	-1.399219791	1.274834731	6.857401793	0.019918922	0.089781512
Rps10	589	0.25275963	9.395019247	6.857080953	0.01992132	0.089781512
Pabpc1	2867	0.167829395	9.618506039	6.858362104	0.019911749	0.089781512
Gm40406	21290	0.787023727	1.64974502	6.850567204	0.019970062	0.089965168
Coq3	4287	0.423592494	5.06388161	6.837685502	0.020066862	0.090365095
Rac2	3036	-0.160339704	11.61868512	6.830836722	0.02011855	0.090561627
Atf7ip	17200	-0.239638913	6.800823154	6.829385631	0.020129521	0.090574797
Tor1aip1	4577	-0.226787402	5.961935901	6.82829578	0.020137765	0.090575693
Atp2a3	4606	-0.247806956	9.229266279	6.8168514	0.020224576	0.090929821
Rars2	3089	0.306054458	5.45663059	6.812435228	0.02025819	0.090978325
Map3k1	7261	-0.303217415	6.638743055	6.812249205	0.020259608	0.090978325
Pigyl	692	-0.268478814	4.835655346	6.813851321	0.020247404	0.090978325
Gm28707	3244	-1.516800834	0.446021495	6.809598448	0.020279817	0.091016396
Fkbp15	7692	-0.200233425	6.109167669	6.809016808	0.020284255	0.091016396
Eif4g1	5530	0.317036881	8.13002614	6.805185528	0.020313513	0.091111367
Zfp930	3957	0.34149617	4.745574303	6.800078096	0.020352594	0.091250298
Pyurf	5410	0.294526824	5.120418516	6.793015883	0.020406775	0.091456796
Gm16152	17402	-0.662997419	2.50546686	6.789992185	0.020430024	0.091524556
Cnot4	23137	0.267363416	5.147324073	6.785749688	0.020462696	0.091634459
Rps23	555	0.261472205	9.860733091	6.7794186	0.020511565	0.091816779
Rpl36a	489	0.261725679	8.240707839	6.776053212	0.020537597	0.091896769
Znhit2	1262	-0.282151258	5.113236456	6.772622752	0.020564172	0.091940974
Akirin1	2370	-0.246359669	6.638316807	6.771616309	0.020571977	0.091940974
Tarbp2	4164	0.20848149	5.594099484	6.772770284	0.020563029	0.091940974
Rif1	13853	0.206283127	6.021102632	6.766478623	0.020611869	0.092082709
Trim17	3986	-0.885822822	1.388358977	6.76018157	0.020660887	0.092265079
Bckdhb	1769	0.465544946	3.07160197	6.758450812	0.020674383	0.092288741
Ppt1	2634	-0.194458766	6.897090081	6.757002321	0.020685686	0.092302597
Lgals7	759	0.744608267	2.31185156	6.754522948	0.02070505	0.092315822
2510002D24Rik	3202	0.190884787	6.149888368	6.754871367	0.020702327	0.092315822
A530088E08Rik	1795	-1.040674728	0.942510047	6.744142459	0.02078635	0.092612495
Slc45a4	9166	-0.428301997	3.90448889	6.743858709	0.020788577	0.092612495
Cox17	831	0.325326221	7.552270943	6.742879282	0.020796268	0.092612495
Twnk	4178	0.405014126	4.271778986	6.734519285	0.020862049	0.092831997
Memo1	16036	0.216458936	6.174023985	6.7345854	0.020861528	0.092831997
Maml1	6468	-0.415987358	3.735751162	6.72990868	0.020898431	0.092927799
Dok1	1834	-0.293642563	4.567488404	6.727610619	0.020916593	0.092927799
Uqcc3	831	-0.221873382	6.163975615	6.727610139	0.020916596	0.092927799
Septin6	7061	-0.176772333	8.131752193	6.728375037	0.02091055	0.092927799
TrnC	66	-0.977278765	4.48208925	6.724546829	0.020940834	0.092998781
Mboat1	3149	-0.325034879	5.265730934	6.720909171	0.020969658	0.093090068
Nfya	3711	0.350718617	3.726461703	6.716338424	0.021005941	0.093214381
Maoa	4161	0.782478888	1.622599013	6.715001828	0.021016565	0.093224779
Gm30054	4918	-1.144964031	0.996942261	6.711045111	0.021048051	0.093290929
Celf1	9049	0.190470269	7.511076275	6.711375502	0.02104542	0.093290929
Prrg4	6924	0.841260914	0.931507372	6.705722281	0.021090495	0.093350199
Ydjc	1341	0.605553187	2.904974014	6.704634362	0.021099182	0.093350199
Phactr4	8465	0.478638556	2.879384293	6.707220457	0.021078538	0.093350199
Wbp1l	4105	-0.312331324	6.474472211	6.702771667	0.021114065	0.093350199
Tspyl1	2696	-0.241113759	7.211657071	6.704933541	0.021096792	0.093350199
Hectd1	9210	-0.205864257	6.87627617	6.703307838	0.02110978	0.093350199
Bcl10	1959	-0.174707274	6.598157923	6.702096006	0.021119467	0.093350199
Llgl1	4633	-0.341407766	5.389264747	6.697453735	0.021156624	0.093367805
2410004B18Rik	1709	0.320218105	5.158370085	6.698846406	0.021145469	0.093367805
Cops7b	3099	0.260676205	5.219969335	6.698446151	0.021148674	0.093367805
H2-D1	1736	-0.168338163	11.87242748	6.697644927	0.021155092	0.093367805
Zscan22	4145	0.422886568	3.874619242	6.694920413	0.021176932	0.09342081
3830406C13Rik	7994	0.221822008	6.22682139	6.684956505	0.02125703	0.09370072
Ndufa10	1785	0.187579584	7.413898999	6.685355817	0.021253813	0.09370072
Edem2	2706	-0.189293123	6.415462857	6.674965802	0.021337695	0.09401948
Fubp3	3962	0.307990458	5.086718575	6.669509372	0.0213819	0.0941774
Ly9	2591	-0.170617943	7.347306146	6.667324087	0.021399634	0.094218648
Afg1l	3137	-0.606970955	2.043181821	6.665527076	0.02141423	0.094246053
Pakap	15769	-0.583807752	2.651375061	6.65968998	0.02146172	0.094320753
Vps50	5941	0.319129406	4.491910558	6.662187612	0.021441385	0.094320753
Mrpl3	8707	0.211171171	6.227800952	6.659322313	0.021464716	0.094320753
Cox7a2	754	0.185874992	7.974589754	6.659884629	0.021460135	0.094320753
Pitpnb	2827	0.225430181	6.798880422	6.65751146	0.021479476	0.094348786
Rora	51763	-0.62836922	4.307977822	6.652636991	0.021519266	0.094486699
Lamp2	6773	-0.310457412	6.064610608	6.649427212	0.021545514	0.094565067
Med9	3013	0.245819271	5.248381902	6.648144843	0.021556011	0.094574268
Snrpe	492	0.20491033	8.674840867	6.646573497	0.021568882	0.094593872
Ddx10	6726	0.237850912	5.803590879	6.639583137	0.021626246	0.094771615
Adi1	1676	0.175863755	6.20780392	6.639754051	0.021624841	0.094771615
Oat	2155	0.21658809	6.482004305	6.635338257	0.021661167	0.094887711
LOC115488342	8565	-1.533115058	1.006594138	6.632668377	0.021683164	0.094928901
8030431J09Rik	58091	-0.670852409	4.237474312	6.631128141	0.021695866	0.094928901
Rictor	9490	-0.236497669	6.026441816	6.631478214	0.021692979	0.094928901
Wdr45	2399	-0.301135176	5.105120179	6.622700104	0.021765524	0.09519665
Ppih	2495	0.222067459	6.068900554	6.621680084	0.021773972	0.09519665
Tmem221	2285	-1.233509089	0.796589886	6.616350231	0.021818176	0.095315883
Fyn	10480	-0.42890081	7.46168411	6.616497069	0.021816957	0.095315883
Fktn	9818	0.647929683	2.294536861	6.611609531	0.021857582	0.095413983
Trnt1	5867	0.28341829	5.243438455	6.612508419	0.021850104	0.095413983
Armt1	2809	0.237353912	5.302807091	6.608452958	0.021883866	0.095491693
Ubap2l	6441	0.205545649	8.196990757	6.607412431	0.021892539	0.095492523
Sdhaf3	1117	0.389709446	3.305904655	6.606054097	0.021903866	0.095504819
Slc50a1	1130	-0.269067008	6.510976674	6.605040287	0.021912324	0.095504819
Pdzd11	2440	0.224914216	6.382715282	6.602377695	0.021934557	0.095564723
Fos	2109	-0.850132446	6.457649684	6.598618852	0.021965988	0.095629058
Tmem94	6673	-0.334334233	5.554406032	6.598580122	0.021966312	0.095629058
Syf2	1276	-0.217124664	6.728171586	6.589195216	0.022045018	0.095934601
Tut7	6487	-0.236592043	6.687760499	6.585067118	0.022079742	0.096048582
Htatsf1	2975	0.310514258	6.367594489	6.583351015	0.022094195	0.096074334
Znf41-ps	4566	0.797582067	1.750320457	6.580621861	0.022117204	0.096137252
Gm41640	4197	-0.694863776	2.48656051	6.576281481	0.022153854	0.096185146
Rtl8c	953	-0.644443035	3.28644801	6.576757171	0.022149833	0.096185146
Pcnp	3958	0.201602938	6.454872752	6.578151815	0.022138052	0.096185146
Ubxn6	3693	-0.2340277	5.537205156	6.571784553	0.022191899	0.096276071
Eif2ak1	2804	-0.176452885	6.462415417	6.572431314	0.022186423	0.096276071
Sun2	4355	-0.53484797	6.110392796	6.567366533	0.022229352	0.096368473
Tkt	3227	0.285769191	8.49116437	6.567252591	0.022230318	0.096368473
Phf1	2447	-0.475825603	5.111457839	6.565797217	0.022242672	0.096384914
Gtpbp8	1304	0.372518331	3.622371013	6.56362765	0.022261104	0.096427667
Creb1	8703	0.181272338	6.338085041	6.562383604	0.022271681	0.096436377
Limd2	3471	-0.231763529	10.28200521	6.561284802	0.022281027	0.096439756
Gnb4	8302	-0.41769143	3.413956467	6.55968349	0.022294657	0.096461662
Aspscr1	2338	-0.20263095	6.892411709	6.55148632	0.022364577	0.096727011
Rmdn3	2325	0.261845016	5.208179944	6.544444222	0.022424849	0.09695044
Foxn3	9064	0.294787965	7.357920052	6.534516289	0.02251014	0.097266406
Rpl9	725	0.236776465	9.925878137	6.533927268	0.022515212	0.097266406
Mettl17	1623	0.232492404	5.334932959	6.526529607	0.022579027	0.097467286
Tspan32	2331	-0.227268855	8.573501282	6.526806609	0.022576633	0.097467286
Mmgt1	4109	0.394698776	3.930677663	6.51910096	0.02264332	0.097669923
Alkbh8	8194	0.270961371	4.867745988	6.519175653	0.022642673	0.097669923
Pcmtd2	15605	-0.355536573	5.275687245	6.514684748	0.022681642	0.097790473
Wdr81	8710	-0.320041454	5.001149825	6.513879215	0.022688641	0.097790473
Osbpl9	5084	-0.20962101	6.696441671	6.5126696	0.022699154	0.097798346
Gm38326	684	0.99759273	1.389492621	6.506300416	0.022754606	0.097998158
Sdad1	5020	0.265998085	5.533609788	6.505344649	0.022762941	0.097998158
Rrp8	3186	0.281376679	5.355790153	6.497813622	0.022828739	0.09824386
D10Wsu102e	3509	0.267165374	5.839880699	6.492015822	0.022879544	0.098403474
Arpc1b	1551	-0.167853539	10.17553343	6.491586736	0.022883309	0.098403474
Hnrnpk	3463	0.15331982	10.48406416	6.486656146	0.022926627	0.098552106
Smad7	4442	-0.822933888	2.074885677	6.47840277	0.02299935	0.098789273
Mtres1	3250	0.319387387	4.269782282	6.478415397	0.022999239	0.098789273
Cdc25a	3758	0.398574087	5.537321785	6.476108476	0.023019613	0.0988386
Crot	5760	-0.295822584	5.66106256	6.47308618	0.023046338	0.098890988
Rpa3	638	0.255704097	6.134182819	6.472742127	0.023049383	0.098890988
Mcrip2	1104	0.585391256	2.515889923	6.471141879	0.02306355	0.098891341
Tefm	2111	0.358179635	3.683804581	6.469774822	0.02307566	0.098891341
Utp6	3871	0.287740534	6.292238869	6.469757096	0.023075817	0.098891341
Gm14681	572	0.801521973	0.82202188	6.467198987	0.023098499	0.098913239
2700097O09Rik	5582	0.361330801	4.525070692	6.467508596	0.023095753	0.098913239
H2-K2	1324	-0.478074983	4.757583482	6.464903275	0.023118877	0.098938979
Dynll1	2021	0.235242581	8.435012161	6.464541858	0.023122087	0.098938979
Vps39	4454	-0.263636474	5.747657322	6.454152218	0.023214584	0.099297033
Slc35a4	2931	0.233519799	7.547073872	6.452622577	0.023228239	0.099317704
Gpt	1788	-0.538895427	2.783053123	6.451517317	0.023238111	0.099322192
Ptch1	7675	0.420765081	4.043779778	6.449361326	0.023257382	0.09933666
Tmem234	1886	-0.205133054	7.042423077	6.449164355	0.023259143	0.09933666
Prkar2a	4973	0.639664918	3.09214355	6.447230624	0.023276445	0.099372855
Adck5	2035	0.267492872	5.085422172	6.446192055	0.023285744	0.099374868
Tsnax	2363	0.20272758	7.539122596	6.443554135	0.023309381	0.099438049
Dclre1a	4349	0.347151715	3.885898466	6.440526095	0.023336548	0.099516235
Prpf40a	7681	0.171481259	7.529206363	6.439336074	0.023347235	0.099524109
Zfp281	5275	0.378172504	5.687860657	6.436460557	0.023373082	0.099596577
Gas8	4855	0.522247039	3.169069342	6.42985887	0.023432547	0.099812189
Mus81	2475	-0.203974102	5.822582319	6.426953586	0.023458773	0.099886105
Mark4	4291	-0.43380645	3.328352135	6.424587686	0.023480154	0.099939348
Cebpa	2636	-1.947386505	0.981711884	6.419034783	0.023530427	0.100077652
Hdac7	16014	0.22747389	7.54476529	6.419878524	0.02352278	0.100077652
Zdhhc5	4740	0.217841971	6.255131434	6.415511185	0.023562392	0.10017576
Apex2	17578	0.283501922	4.160002476	6.410975087	0.023603617	0.100313146
Phf20	5735	0.288029993	4.864126162	6.407510237	0.023635163	0.100400106
Septin2	3612	0.239196471	6.867123774	6.406769307	0.023641915	0.100400106
Gm36338	10464	-2.150248012	0.316381871	6.4007221	0.023697107	0.100565449
Fut4	3664	1.569674748	0.346730322	6.400546197	0.023698715	0.100565449
Wdr3	3432	0.311563359	6.08473306	6.398557571	0.023716899	0.100571671
Tdg	3546	0.246612891	6.04874698	6.397455752	0.023726981	0.100571671
Isca1	1915	0.232110908	5.28449225	6.398107841	0.023721014	0.100571671
Thap1	2267	0.405547995	3.652730871	6.393428205	0.023763878	0.100690152
Zcchc18	5377	-0.615106187	3.083431019	6.391392	0.023782556	0.100731385
Rpn1	3642	0.277066372	7.987768452	6.386421277	0.023828226	0.100886865
Med17	7313	0.22570315	5.831420439	6.378459519	0.02390159	0.101159436
Trbv13-1	337	-0.541491049	2.808977881	6.377360826	0.023911734	0.101162764
Degs2	3574	-0.462161575	3.033372533	6.376428368	0.023920348	0.101162764
Paxx	3203	-0.322334526	5.073786501	6.37343695	0.023948005	0.101203695
Fbxl8	1901	-0.288142475	5.105742275	6.373789314	0.023944746	0.101203695
4930445K14Rik	1795	-0.769107938	1.401214766	6.366605547	0.024011305	0.10139508
H2-T24	3258	-0.347817905	4.465334721	6.365635133	0.024020313	0.10139508
Rpa1	3399	-0.185174993	8.478736138	6.366017597	0.024016762	0.10139508
Snhg16	1997	0.51824574	3.603600856	6.355651471	0.024113211	0.101648303
Rad54l2	9326	0.387494369	3.815717528	6.355307811	0.024116416	0.101648303
Mrpl50	2103	0.301925838	4.981638981	6.356842404	0.024102108	0.101648303
Aldh3a2	8986	-0.262322851	5.442841554	6.356609885	0.024104275	0.101648303
Uqcc1	10346	0.302816335	5.457673817	6.351963166	0.024147637	0.101741802
Zfhx2	10518	-0.492694665	3.412567063	6.350755017	0.024158926	0.101742135
Tfeb	7548	0.288609625	4.94154219	6.350020644	0.024165791	0.101742135
Gm17764	669	0.551824456	3.62212028	6.348375617	0.024181177	0.101768855
Bcs1l	1901	0.363242717	4.045555463	6.345938819	0.024203989	0.101826797
Lrrc41	3834	0.281883142	4.857558698	6.343143527	0.024230188	0.101898939
Gpr137b-ps	2941	-0.482976907	2.744166434	6.339217329	0.024267043	0.10201582
LOC118568085	24767	-1.355259118	2.454353141	6.337437132	0.024283775	0.102048053
Ccdc102a	2504	-0.852492908	1.315807621	6.332631885	0.024329005	0.102177823
Cdc27	5879	0.27154896	5.828207592	6.332228463	0.024332807	0.102177823
Lactb2	2585	0.331224619	4.195445277	6.329220455	0.024361176	0.102258807
Sf3b3	4472	0.304146092	8.223856333	6.32603709	0.02439124	0.102346845
Mfsd11	4090	-0.341361076	4.298121605	6.322267873	0.024426894	0.102458259
Gm11695	968	-0.920090648	0.523802166	6.320105519	0.024447375	0.102505975
Scpep1	2074	-0.588061214	4.942475105	6.296891077	0.024668516	0.103394694
Aldoc	2873	-1.192775388	3.691404471	6.292915984	0.024706615	0.103484016
Tsn	3736	0.166382873	7.533008406	6.292749665	0.024708211	0.103484016
Elp6	3406	0.303842702	4.72410153	6.281730039	0.024814195	0.103889253
Gm50587	3257	-1.001414443	1.162240085	6.278740146	0.024843042	0.103971362
Alkbh6	945	0.227391129	5.759368437	6.277028571	0.024859573	0.104001884
Dnaja4	5996	-0.875287039	2.531622547	6.272632468	0.024902091	0.104072552
Actr6	1936	-0.237592252	5.011871142	6.273043662	0.02489811	0.104072552
Cuta	1159	0.193280278	6.440214741	6.272414893	0.024904198	0.104072552
Cyp4f13	1967	-0.555449337	3.77551238	6.268811134	0.024939119	0.104179814
Cabcoco1	5034	-1.089198409	0.706707173	6.26771394	0.024949762	0.104185617
Atp8b4	6512	1.014532306	0.924944832	6.264784207	0.024978208	0.104261897
AU040320	5490	-0.261977186	5.793331894	6.263088287	0.024994692	0.104261897
Hars	1989	0.229978268	7.081515573	6.262972968	0.024995813	0.104261897
Hacl1	3697	-0.35444878	4.603499533	6.26131237	0.025011966	0.104290635
B3galt6	3213	0.466403363	3.768462445	6.259990407	0.025024834	0.104305658
Rassf1	2300	-0.328645461	4.053890871	6.253477225	0.025088346	0.104388709
Pgam1	1832	0.320025152	6.936965461	6.253994538	0.025083294	0.104388709
Irf4	4788	0.287196306	6.801439907	6.253192994	0.025091121	0.104388709
Cops2	3364	0.210673363	6.51997241	6.25358082	0.025087334	0.104388709
Vdac3	1423	0.179019824	7.623527799	6.255070762	0.025072789	0.104388709
Inpp5e	4335	-0.289313958	4.752695669	6.250770812	0.025114792	0.104448586
Traj27	59	-0.704803663	1.675760431	6.241814117	0.025202544	0.104736154
Dnajc24	1198	0.274951752	4.473405694	6.242510553	0.025195708	0.104736154
Antxr2	3806	-0.423031879	4.549690304	6.238176134	0.025238289	0.104845997
Uckl1	4041	-0.195228181	6.431007113	6.229562464	0.025323156	0.105159754
Ptp4a2	7885	-0.17678076	8.748463179	6.225994268	0.02535841	0.105267322
Tnip3	3769	-1.062995512	0.981291262	6.224162997	0.025376525	0.105270935
Tef	6989	0.469063163	3.955592858	6.224015781	0.025377982	0.105270935
Zhx2	5129	-0.299433805	5.149901909	6.220753535	0.025410291	0.105366135
Nin	12569	-0.350196279	4.726168435	6.215117806	0.025466221	0.105559172
Usp25	5038	0.256902872	5.784301611	6.212932174	0.02548795	0.105610356
Adk	6107	-0.240733006	7.283860654	6.207757988	0.025539476	0.105784922
Gzf1	4508	0.328202099	4.783855916	6.205674918	0.025560254	0.105832048
LOC118567636	10085	1.272999464	0.345860996	6.204573028	0.025571253	0.105838663
Tvp23a	4418	-0.719766139	1.482401486	6.196336803	0.025653641	0.106140643
Rps25	684	0.242663592	9.858454822	6.186523006	0.025752213	0.106501928
Kmt5c	3070	-0.235251915	5.722021778	6.185761308	0.025759882	0.106501928
Gm38733	6007	-0.499174894	3.736150856	6.180603298	0.025811885	0.106598267
Snrpa	1570	0.289064929	6.981080907	6.181453314	0.025803306	0.106598267
Srsf1	6434	0.256355861	8.216109781	6.181626336	0.025801561	0.106598267
Atp5b	1879	0.212381297	11.05261761	6.178267999	0.025835469	0.106598267
Mob2	2644	-0.186169551	6.245639016	6.177820087	0.025839996	0.106598267
Casp2	3726	-0.174342636	6.459602724	6.178565528	0.025832463	0.106598267
Dhrs11	2032	0.332403111	3.879220998	6.175826773	0.02586015	0.106642334
Zfyve28	11982	-0.598248654	3.579729274	6.174532714	0.025873244	0.106657263
Snx14	3226	-0.311564201	5.225660657	6.171172797	0.025907278	0.10675847
Hsph1	6413	0.397998575	6.980815011	6.169418981	0.025925064	0.106792672
Ankrd26	7499	0.317141396	4.577949694	6.166886589	0.025950771	0.106859464
Arid3b	4937	-0.264412595	5.511024573	6.159787442	0.026022993	0.107078528
Ap1b1	4916	-0.218100615	7.924295607	6.160012111	0.026020704	0.107078528
Xdh	6317	0.427550511	4.064315162	6.152850401	0.026093792	0.107330621
Cdkn1b	2405	-0.435620251	5.557197929	6.149493176	0.026128136	0.107402765
Ipo11	4352	0.283323834	4.661559245	6.149270891	0.026130412	0.107402765
Irak2	3389	0.371871379	4.439197305	6.146164565	0.026162239	0.107486684
Cnot9	3293	0.251404546	7.353359421	6.145415207	0.026169924	0.107486684
Pde2a	5866	-0.794785384	2.915020243	6.140104782	0.026224457	0.107671386
Mpp6	3473	0.449078958	4.125150568	6.136914626	0.026257281	0.107766851
1600014C10Rik	3453	-0.27366033	6.485019193	6.132849713	0.026299175	0.107899457
Rnf166	1875	-0.417972756	5.768553195	6.130845582	0.026319858	0.107944978
Lage3	760	0.216315772	5.495754905	6.126981598	0.02635979	0.108069377
Zfp358	1999	-0.761034185	1.711239799	6.125268916	0.026377511	0.108102665
Taf9	1334	0.193475487	6.854252862	6.123427332	0.026396582	0.108141457
Serpinb9	5326	0.429288162	4.499741272	6.119156226	0.026440875	0.10828351
Tcf3	3771	0.290164818	6.574640385	6.116402868	0.026469474	0.108361212
Ern1	7027	-0.948592509	1.987797051	6.114371912	0.026490592	0.108408246
Mob3b	10906	-0.466156804	3.146429589	6.112050386	0.026514756	0.108428304
Rapgef6	12894	-0.336850514	7.833886718	6.112392535	0.026511193	0.108428304
Eml2	3446	-0.291823138	5.202166754	6.111101728	0.026524637	0.108429327
Epop	2330	0.571884186	2.624697798	6.109302106	0.026543395	0.108466619
Otud6b	3224	0.37339245	5.26576479	6.107529799	0.026561882	0.108502783
Clip1	9741	-0.181337039	6.766636299	6.104679861	0.026591643	0.108584952
Kdm4c	6551	-0.214887207	5.432227252	6.103131497	0.026607827	0.108611647
Nubpl	1729	0.428418792	3.495415635	6.093538399	0.026708359	0.108958915
Pvr	2888	0.28036274	5.080892261	6.093167185	0.026712258	0.108958915
Bend5	2118	0.933136209	1.262011177	6.089492059	0.026750896	0.109076996
1700056E22Rik	967	-0.684926691	1.7604948	6.087089695	0.026776188	0.109140593
Myl12b	939	-0.244709922	9.533540457	6.083094928	0.026818305	0.109272704
Trappc6a	827	-0.325884767	5.414888111	6.076625838	0.026886674	0.109511643
Polr2k	626	0.33170869	4.545020396	6.073353315	0.026921337	0.109573542
Runx3	4388	0.238631533	5.626670863	6.073432709	0.026920496	0.109573542
Dnph1	1106	0.459796244	4.907912157	6.069306829	0.02696427	0.109671139
Ppp1r8	2290	0.201694615	6.233670453	6.069257008	0.026964799	0.109671139
Manba	3901	-0.323402278	5.274970471	6.062469536	0.027036995	0.109925058
Fam98b	1931	0.311619235	4.854353616	6.060188389	0.027061309	0.109984192
Mast3	7938	-0.180847163	6.312912379	6.051823246	0.027150688	0.110307631
Ppcdc	13365	-0.251355111	5.981025622	6.048535657	0.027185909	0.110410881
Zfp72	4187	1.206029767	0.426409741	6.042443078	0.027251321	0.110596746
Fabp5	953	-0.352232797	5.734610525	6.04261418	0.027249482	0.110596746
Slc36a3	1977	-1.16145082	0.451023286	6.029230757	0.027393804	0.110921462
Nucb2	1938	-0.65495019	2.901912124	6.028223797	0.027404699	0.110921462
Ppargc1b	10866	0.567515042	2.740597585	6.030520626	0.027379856	0.110921462
Plekho1	1551	-0.490118149	3.984523143	6.033347067	0.027349321	0.110921462
Rab21	1873	0.362727291	4.034352565	6.029389494	0.027392087	0.110921462
Zfp593	1976	0.319293198	3.814643797	6.032256329	0.0273611	0.110921462
Calr	1943	0.283531677	9.084209498	6.027719823	0.027410153	0.110921462
Rrbp1	8017	0.210097331	5.491361522	6.027720405	0.027410147	0.110921462
Slc25a51	4594	0.229159438	5.6060369	6.022704151	0.027464507	0.111101482
Gm19951	1325	0.983646349	0.69569273	6.020903473	0.027484052	0.111140609
Ero1a	4418	0.257163102	5.453023363	6.018136864	0.027514112	0.111222215
Slc12a4	3866	-0.313570885	4.15091099	6.015368784	0.027544226	0.111303982
Ss18l2	517	0.271803556	5.041276069	6.009188761	0.027611597	0.11153619
St7l	6035	-0.300594168	4.403586711	6.007345028	0.027631734	0.11153749
Tmed8	15757	-0.292714745	4.179153059	6.008097419	0.027623514	0.11153749
Gm51666	24977	1.232525902	1.621891595	6.003392234	0.027674962	0.111602368
Nprl2	1756	-0.222951983	5.097640628	6.003156229	0.027677546	0.111602368
Os9	5338	-0.186184348	7.533197971	6.004054188	0.027667718	0.111602368
Caprin1	7688	0.279725921	8.78693687	6.000125686	0.027710745	0.111656253
Adck1	4065	0.273546174	4.652739332	6.000610975	0.027705426	0.111656253
Gm32031	325	-1.039931414	1.419337312	5.997651596	0.027737883	0.111713379
Cd7	1042	-1.013442318	1.895971382	5.99702431	0.027744769	0.111713379
Slc4a2	5263	-0.229463779	5.804445167	5.990640394	0.027814957	0.111955946
Furin	5282	-0.358740813	4.390302929	5.989647396	0.027825893	0.111959936
Polr1d	2249	0.167036546	7.692898221	5.987604717	0.027848405	0.112010483
Stxbp1	4005	-1.356268079	1.0085674	5.984647472	0.027881034	0.112093072
Angptl4	1903	0.551081695	3.324490709	5.983939478	0.027888852	0.112093072
Pbdc1	3633	0.235152342	6.304724989	5.981686479	0.027913749	0.112153098
Cabin1	10541	-0.204016962	6.673871934	5.980067692	0.027931653	0.112184997
Camk2d	11072	-0.20879609	7.171151064	5.971543656	0.028026152	0.1125244
BC002059	2094	0.346043535	4.04990692	5.969361119	0.028050408	0.112581637
Rhbdd2	4366	0.238722279	4.57581913	5.965028587	0.02809863	0.112734989
Asxl1	7170	-0.203504021	6.001055656	5.963536309	0.028115262	0.112761532
P3h1	3417	0.632145903	1.954807217	5.954280918	0.028218672	0.113135973
Lsm12	2382	0.199016181	6.722170914	5.948073587	0.028288275	0.113374652
Prxl2c	3010	-0.364827293	4.502299969	5.946039274	0.028311129	0.113385517
Dph2	2526	0.315653522	4.549373278	5.946462457	0.028306373	0.113385517
Ptbp3	7512	-0.178208209	7.748576248	5.943854794	0.028335694	0.113443543
Tmem87b	6438	-0.327549345	4.092770537	5.940189614	0.028376966	0.113454431
Cks2	694	0.322320739	7.434190127	5.940928458	0.02836864	0.113454431
Mprip	19682	0.316435434	4.223809471	5.939843349	0.028380868	0.113454431
Ube2e1	1386	0.259467219	4.763097734	5.939139631	0.028388802	0.113454431
Rtraf	1510	0.159287923	7.665657675	5.942001016	0.02835656	0.113454431
Arhgap9	2857	-0.158062896	8.105941272	5.933901717	0.028447934	0.113650403
Trdv1	337	-0.739144585	1.285096096	5.931267689	0.028477724	0.113688729
Rpl19	2326	0.199125651	9.962607826	5.931631579	0.028473606	0.113688729
Sarnp	1317	0.164674255	7.171324707	5.929621789	0.028496357	0.113722789
Ecd	3125	0.226606981	6.826089819	5.927449385	0.028520972	0.11378069
Mlf2	1544	0.153305541	7.774484867	5.924718563	0.02855195	0.113863924
Psme4	7649	0.227560319	4.904426759	5.922852863	0.028573137	0.113908065
Ripor1	13068	-0.407962347	4.013029344	5.916631566	0.028643918	0.114109422
4933427D14Rik	11154	-0.357826441	4.02547738	5.917060338	0.028639033	0.114109422
Eipr1	2181	-0.203584733	6.240585977	5.915393769	0.028658025	0.114125236
LOC118567621	5286	-0.482088256	2.902640549	5.914437218	0.028668932	0.114128301
AI597479	3457	0.309856492	4.783482556	5.910634353	0.028712342	0.114260711
Hes6	2771	-0.22977339	5.836495404	5.907883658	0.02874379	0.114345437
Abl2	13125	0.474820863	3.157291636	5.899266537	0.028842566	0.114622026
Zfp324	4362	0.305993663	4.043150502	5.900176925	0.028832111	0.114622026
Cetn3	7656	0.217613708	6.568219181	5.89915366	0.028843862	0.114622026
Rgs1	1350	0.498891463	6.578963068	5.895756465	0.028882914	0.114736712
Mrpl16	1134	0.229392968	5.595266262	5.894708371	0.028894974	0.114744134
Kcnab2	9761	-0.239858935	7.757363165	5.892059998	0.028925476	0.114824755
C2cd2	12174	-0.718456976	4.390933768	5.887146146	0.028982168	0.115009251
Gm20717	2764	-1.167792218	0.673086369	5.881864426	0.029043249	0.115091807
Plekha7	12458	-0.640178505	2.033724959	5.880928546	0.029054087	0.115091807
Abcg2	3699	0.514044481	2.927275465	5.881173448	0.029051251	0.115091807
Fam98a	2818	0.345907281	5.285262927	5.882208014	0.029039271	0.115091807
Pea15a	2820	-0.225206932	5.523547594	5.881414856	0.029048455	0.115091807
Tut1	3121	0.256906139	5.39479259	5.878394964	0.029083453	0.11516761
Nvl	14379	0.256867611	6.141621915	5.877226995	0.029097002	0.115180749
Ipo9	6632	0.266427117	6.758127123	5.870856737	0.02917103	0.115433202
Xylt2	3681	-0.318574286	5.387835244	5.868830628	0.029194622	0.115485963
Slc48a1	2526	-0.228841653	5.659923157	5.865858375	0.029229269	0.115582408
G6pc3	1543	0.287410033	4.710952843	5.859083852	0.02930842	0.115854702
Mllt6	7738	-0.260623317	5.795043283	5.856400575	0.029339839	0.115860101
Gtf2h3	2664	0.196685124	5.855988517	5.857601176	0.029325776	0.115860101
Skp1	1820	0.146178406	9.040199822	5.856330533	0.02934066	0.115860101
Qpctl	2100	-0.370031925	4.214131706	5.846777749	0.029452839	0.116221542
Pank4	2757	-0.22267915	5.777564831	5.846967997	0.0294506	0.116221542
Hmgxb3	5254	0.311801468	5.417082962	5.845842518	0.029463848	0.116224247
Kdm5d	5863	-0.261388299	5.104974168	5.840901303	0.029522094	0.116413218
Znrf3	7659	0.609124837	2.844012144	5.839209947	0.029542063	0.116442652
Gm32856	8797	0.372039692	3.651749581	5.838517264	0.029550245	0.116442652
Blzf1	4095	0.342878798	4.403123544	5.835858193	0.02958168	0.116525736
Fam20b	5168	0.281337357	5.151093332	5.83474144	0.029594894	0.116537011
Tcerg1	5368	0.247426912	7.107813052	5.830764295	0.029642008	0.116681723
L3mbtl3	5852	0.394646024	5.466659623	5.823672427	0.029726237	0.116972381
Rab5c	2143	-0.261801801	5.586517932	5.821739954	0.029749238	0.117021983
Psmc1	1502	0.210826019	7.97805851	5.815437152	0.029824397	0.117276655
Lxn	1092	0.269032989	5.829868023	5.812110582	0.029864155	0.117391989
Pole3	602	0.243843992	4.685736846	5.810012231	0.029889265	0.117449685
Polr2l	1671	0.287244458	5.847822008	5.808890038	0.029902704	0.117461495
Lamp1	2232	-0.42096081	5.118494404	5.806765298	0.029928169	0.117479542
Arl15	18533	-0.402605327	3.745052961	5.806919702	0.029926318	0.117479542
Myl6	913	-0.212561631	9.978231928	5.801605427	0.029990114	0.117659954
Psmb3	731	0.18116776	8.513342555	5.801196344	0.029995032	0.117659954
Pdcd11	6197	0.38569019	5.414501323	5.79719588	0.03004317	0.117799795
Tbp	1842	0.198975795	5.64014341	5.79649537	0.030051609	0.117799795
Srsf9	1252	0.326962778	4.940526885	5.795138332	0.030067964	0.117822882
Prpf3	3516	0.266500499	5.80819691	5.790302809	0.030126327	0.118010505
Prdx2	1554	0.180617443	8.271777389	5.786537323	0.030171867	0.118147783
4930481A15Rik	2165	-0.671026989	2.569872003	5.783615967	0.030207253	0.118245219
Ppp2r2d	2786	0.292899912	4.142650375	5.782314824	0.030223029	0.118265853
Strn3	9580	0.312104923	4.377592309	5.780374368	0.030246574	0.118316864
Zdhhc20	5823	-0.22290046	6.942334892	5.774096288	0.030322899	0.118574227
Gm38293	1533	-0.993166378	0.606017776	5.771657753	0.030352606	0.11864918
Lppos	854	-0.814274713	1.221475187	5.768808984	0.030387353	0.118661402
Socs7	7540	0.412139956	3.33249189	5.770163891	0.030370821	0.118661402
Atxn10	2552	0.175658505	7.693436806	5.769482734	0.030379131	0.118661402
Gpsm2	3510	-0.323142791	5.671871109	5.766182299	0.030419433	0.118669448
Ddx39a	4454	0.299926538	8.725394771	5.766369636	0.030417143	0.118669448
Gng10	1120	-0.249001077	7.039689393	5.765188722	0.030431577	0.118669448
Bcl7b	1666	-0.191637407	6.043365299	5.765236026	0.030430999	0.118669448
Rplp1	468	0.239958923	9.964845213	5.763894931	0.0304474	0.118690038
Tk2	2951	-0.270137514	5.724644847	5.756322493	0.030540202	0.11901059
Mcur1	5254	-0.350025465	4.851378183	5.754925521	0.030557358	0.119036242
Tmem201	8803	0.240484911	4.864264928	5.749658296	0.030622146	0.119247361
Grap	1672	0.188497863	8.213186794	5.747813066	0.030644881	0.119294629
Zkscan3	3260	-0.254085643	5.225477582	5.74679232	0.030657465	0.119302366
B3galnt2	3916	0.28167591	4.639023772	5.745486094	0.030673579	0.119323825
Pgap1	10579	-0.607110357	2.424553836	5.743709229	0.030695513	0.119337224
Slc2a4rg-ps	2986	-0.42201685	4.627096539	5.74210289	0.030715359	0.119337224
Tmed3	1324	0.190019611	5.93059085	5.742645873	0.030708649	0.119337224
Rnf123	8312	-0.173797689	6.930172625	5.741773992	0.030719424	0.119337224
Degs1	1888	0.240945964	7.129876211	5.738715217	0.030757261	0.119442994
Tspan4	3162	1.100100276	0.889952393	5.736998508	0.03077852	0.119484337
Micall1	7399	-0.277862069	4.099518386	5.735717037	0.0307944	0.119504778
Ahdc1	12647	0.543524326	2.945389167	5.730309983	0.030861512	0.119559155
E130311K13Rik	2091	-0.495154096	3.037930141	5.732103363	0.030839234	0.119559155
Polr3gl	13242	-0.342927267	3.877836798	5.730883739	0.030854383	0.119559155
Acbd5	3878	-0.329810328	4.392929421	5.731203257	0.030850413	0.119559155
Nol6	4622	0.315535506	6.101929216	5.732645284	0.030832506	0.119559155
Tsen15	1133	0.298949616	4.484050273	5.724391078	0.030935173	0.119793363
Tmem80	2198	-0.2505776	4.371160361	5.723743097	0.030943249	0.119793363
Slc16a13	4349	0.497379302	2.781600477	5.717611027	0.031019802	0.119853114
Lonp1	2967	0.334431796	6.108149539	5.721537636	0.030970757	0.119853114
Wdr12	9014	0.309550075	6.294868216	5.719468715	0.030996587	0.119853114
Pelp1	3440	0.254289525	4.824387008	5.717390489	0.031022559	0.119853114
Zmym3	7125	-0.225033026	5.443336113	5.717516346	0.031020986	0.119853114
Tug1	6781	-0.175157232	7.018802565	5.718437104	0.031009477	0.119853114
Rcor3	6054	-0.298887037	4.328383883	5.708637868	0.031132221	0.120210757
Ndufv2	1637	0.182175368	8.245278075	5.708298175	0.031136487	0.120210757
Npdc1	2687	-1.117690097	1.146957004	5.705375205	0.031173215	0.120311298
Myo6	8220	-0.921003402	2.366730233	5.701347368	0.03122391	0.120441564
D17H6S56E-5	3372	-0.473352505	7.765183205	5.700820747	0.031230545	0.120441564
Smg9	5251	-0.225347059	5.432257583	5.700144899	0.031239063	0.120441564
Cse1l	3659	0.245831643	7.17097665	5.696789408	0.031281392	0.120532703
Pex11b	2590	-0.234797536	5.031606809	5.696573818	0.031284114	0.120532703
Txndc15	1527	0.199171409	6.668324423	5.693444695	0.031323652	0.120643749
Pgghg	3246	-0.287795378	5.10200546	5.687552123	0.031398267	0.12088977
Dnajc15	648	0.305685948	6.692627802	5.683623202	0.031448132	0.121014592
Ccar2	4038	-0.243361675	7.191113292	5.683304186	0.031452185	0.121014592
Tm2d1	1073	0.215996041	5.480278462	5.680384638	0.031489304	0.121116019
Naga	1962	-0.266575121	5.116993159	5.679461418	0.031501053	0.121119827
Dip2b	10625	-0.289910079	6.232962798	5.676696636	0.031536267	0.121189767
Cfap298	2822	0.252277269	5.153654657	5.676343158	0.031540773	0.121189767
Ndufaf7	2332	0.252413478	5.458562997	5.673678206	0.031574765	0.121237619
Usf1	2274	-0.216399907	5.901516756	5.674139293	0.03156888	0.121237619
Ap1g2	2688	-0.175905384	6.482125057	5.669850937	0.031623657	0.121383951
4930502C15Rik	38992	-1.630421325	0.381359447	5.663062363	0.031710596	0.121676173
Tmem11	1511	0.225690273	5.856342697	5.657431868	0.031782916	0.121912118
Nipsnap3b	1552	0.186259231	6.232658772	5.655109134	0.031812806	0.121985206
Rpia	1772	0.417034846	3.42436654	5.650608887	0.03187081	0.122166013
Kmt2a	17793	0.227407019	6.135275574	5.646810658	0.031919862	0.122312391
Mlh1	5165	0.344402645	5.494869937	5.644433632	0.031950605	0.122388536
Pimreg	1531	-0.692529493	4.732164711	5.639126739	0.032019365	0.122610207
Zfr2	3488	-1.367887803	0.539267184	5.637018556	0.032046728	0.122673262
Mir3064	67	-0.899098137	1.599684234	5.633735676	0.032089392	0.122757558
Rps15	631	0.276468208	9.143650392	5.633646113	0.032090557	0.122757558
Fitm2	1643	0.692233405	1.639073925	5.624941068	0.032204014	0.123149725
Snrpg	393	0.223364172	8.342250924	5.623666371	0.032220667	0.123171569
Ndufc2	681	0.168313486	7.105545996	5.621831852	0.032244651	0.123221414
Uqcrc1	1656	0.182970808	9.224538883	5.620784354	0.032258356	0.123231954
Acaca	10675	0.423960291	4.463115039	5.612748913	0.032363708	0.123592477
Jmjd1c	41063	0.246658177	6.068052544	5.608443955	0.032420315	0.123766669
Nop10	738	0.275938528	7.504641064	5.606403797	0.032447182	0.123810094
Ccdc88c	10367	-0.21174909	6.47311191	5.605910278	0.032453685	0.123810094
Rbis	1364	0.281780087	6.748586398	5.603527232	0.032485108	0.123878497
Dpm2	861	-0.220837084	6.152995374	5.602881971	0.032493622	0.123878497
Zfp318	14531	0.76466236	2.711248399	5.599326816	0.032540581	0.123999859
Plekhm2	4400	0.47466191	3.257368088	5.598804638	0.032547485	0.123999859
Tacc2	15301	0.367803987	3.329878765	5.597907014	0.032559357	0.124003125
Prelid3b	1389	0.278325057	7.132257133	5.585058443	0.032729844	0.124610275
Hrh2	6989	-0.687038266	3.15898743	5.584171005	0.032741658	0.124613111
Poglut2	5928	0.379269261	3.934954858	5.583144242	0.032755332	0.124623026
Zfp61	2542	-0.368411419	3.70884678	5.578698388	0.032814621	0.124806418
Adam8	4190	-1.006712668	0.923482078	5.576148662	0.032848679	0.124893763
Prkdc	13153	-0.236650386	5.536645666	5.574726892	0.032867689	0.124923849
Mrpl46	1029	0.23018735	6.077621554	5.572647332	0.032895516	0.124987419
Gm16150	28114	-0.484256211	4.208047457	5.570582562	0.032923173	0.125050299
Spata6	2670	-0.267163139	5.323356986	5.564784036	0.033000988	0.125303582
Tns1	12485	0.378050546	5.148903692	5.562175685	0.033036061	0.125394462
Snx33	4647	-0.504516951	3.405818019	5.551676346	0.033177681	0.125889564
Slc25a42	3172	0.595628141	3.20556441	5.549018843	0.033213639	0.125941626
Gm36587	6314	-0.577481573	2.039882753	5.549008761	0.033213776	0.125941626
Spsb3	3088	-0.189011901	6.511146481	5.547613234	0.033232677	0.125948365
Ech1	1138	-0.16693258	7.367185433	5.547225686	0.033237928	0.125948365
Ascc3	7557	0.225986779	5.677931599	5.545743183	0.033258024	0.125982112
Dcp2	8643	0.199173962	5.533741619	5.542852936	0.033297244	0.126088252
B230219D22Rik	4652	-0.21930315	5.565212468	5.540662242	0.033327007	0.126158523
Oxsr1	7758	-0.379298609	4.515049627	5.539778723	0.03333902	0.126161574
Thoc1	3966	0.236638574	5.642784615	5.53754606	0.033369398	0.126234099
Nfia	10979	-0.733373506	2.343651404	5.533596454	0.033423216	0.126352776
Nup98	8245	0.211632707	6.229254743	5.533715919	0.033421587	0.126352776
Slc6a6	7159	0.229598297	6.330592609	5.532619348	0.033436546	0.126360737
Gm5547	459	-0.38671479	5.017638601	5.531556472	0.033451053	0.126373139
Ankrd17	18378	0.227218608	6.06212846	5.52961597	0.033477558	0.126430843
Nkapd1	3886	0.306341527	4.494373946	5.527640964	0.033504559	0.126447979
Mkln1	11626	0.178916615	6.444949554	5.527823501	0.033502062	0.126447979
Eif3l	1893	0.172993403	8.489337635	5.524969307	0.033541124	0.126543559
Smim8	996	-0.216226549	5.587195085	5.523187792	0.033565533	0.126593223
Fam32a	3165	-0.160281845	7.13867262	5.522122174	0.033580143	0.126605911
4921531C22Rik	1905	-0.515100579	2.50482649	5.520998945	0.033595551	0.126621598
Etv6	5860	-0.333889726	4.719376985	5.518895635	0.033624425	0.126645628
Patl1	4765	0.221657999	4.730737479	5.519254511	0.033619497	0.126645628
Prss16	2152	-0.906608922	1.640997422	5.515797505	0.03366701	0.12673731
Man2b2	3678	-0.222126013	6.175248263	5.515486923	0.033671282	0.12673731
Ublcp1	2303	-0.278680209	5.324049883	5.512929385	0.033706488	0.126796074
Clec2i	2407	-0.201131864	6.273721852	5.512716572	0.03370942	0.126796074
LOC115487677	66	0.781073705	1.899955279	5.509350866	0.033755821	0.126861059
Trappc4	1172	0.221248637	6.740170666	5.509019354	0.033760396	0.126861059
Taldo1	1276	-0.166639967	8.20205852	5.509011644	0.033760502	0.126861059
Dnmt3b	5784	0.52186556	3.699377101	5.504010238	0.033829603	0.127078303
Zfp119b	4869	0.3693195	3.737591866	5.500869301	0.033873084	0.127199193
Trav6-7-dv9	368	-1.00034521	1.513701323	5.499321821	0.03389453	0.127226673
E2f4	1993	0.251052849	7.164165157	5.498710696	0.033903004	0.127226673
Pnpo	2036	0.193068736	5.867333397	5.495307042	0.033950244	0.127361495
Galnt9	3070	-0.509316281	3.290408988	5.492294235	0.033992123	0.127476124
Adprhl2	1368	0.177038993	6.056077032	5.486401116	0.034074215	0.127728159
Clk3	4868	-0.174391664	6.20032211	5.485841623	0.034082021	0.127728159
Nr1d2	7763	-0.620118368	2.779915083	5.48452896	0.034100343	0.127754295
Lgals8	3101	-0.307609854	5.287227159	5.477703284	0.0341958	0.128054431
Zyg11b	10697	-0.245387634	4.746758334	5.477174741	0.034203204	0.128054431
Alg8	2294	0.274329365	5.859343532	5.469871345	0.034305714	0.128225009
Birc2	5274	-0.216936748	6.063793661	5.471072573	0.034288829	0.128225009
Rad17	3136	0.21479007	5.135877143	5.47173573	0.034279512	0.128225009
Elovl1	4444	0.192884212	7.272164627	5.470679575	0.034294352	0.128225009
Coro1a	2156	-0.160741928	11.84590155	5.471712134	0.034279843	0.128225009
Usp46	6216	0.623208837	3.011023035	5.468000375	0.034332032	0.12828079
Srp19	889	0.224238366	7.35316197	5.465994278	0.034360278	0.128343731
Ggt7	3005	-0.822004905	1.706513585	5.461916484	0.034417776	0.128515861
Trub1	6410	0.331702325	4.198443117	5.459528523	0.034451499	0.128516418
Xpo5	5052	0.310031668	6.02046165	5.459480911	0.034452172	0.128516418
Pdpr	7748	-0.261605218	4.868119516	5.459749007	0.034448384	0.128516418
Pdzd2	13807	-0.890038057	0.807515614	5.458623623	0.034464288	0.128519031
Agtrap	4029	-0.261655642	5.14035839	5.455828397	0.034503829	0.128623876
Lpar2	5701	0.682034243	2.144823164	5.448423748	0.03460883	0.128972595
Arpp19	4228	0.203473768	6.426140691	5.447008009	0.034628948	0.129004864
Trbv1	350	-0.517534258	2.525501253	5.446199833	0.034640439	0.129004982
Cmtm7	1137	0.205791384	7.349319885	5.444654082	0.034662429	0.129044188
Arvcf	5093	-0.882682938	2.062940559	5.436846109	0.034773755	0.129373077
Mthfsd	8316	0.209902477	5.258167585	5.437346674	0.034766605	0.129373077
Rasgrp1	5115	-0.317579048	7.613176389	5.430149052	0.034869574	0.129673525
Rbm14	3168	0.219934459	6.776264793	5.427986267	0.034900585	0.129673525
Cd164	2830	0.164542426	8.058810994	5.428013513	0.034900194	0.129673525
Cdk5rap3	2656	-0.149575215	6.615578541	5.428499389	0.034893224	0.129673525
Parp14	8491	-0.393640038	5.806596024	5.426490291	0.034922053	0.129710482
Celsr2	11149	-0.894237427	0.895668893	5.421429081	0.034994799	0.129894973
Kat6a	9331	-0.221950237	6.583812403	5.422044854	0.034985939	0.129894973
Tfg	5979	0.20824543	6.687717119	5.418312126	0.035039689	0.130018726
Sf3a1	4916	0.191127342	7.182094258	5.417226375	0.035055341	0.130033947
Sgpp2	4671	-1.07603989	1.130029082	5.416070521	0.035072013	0.130052939
Tmem127	4772	-0.160672838	6.627268066	5.411444046	0.035138838	0.130257832
Tacc1	9330	-0.196902272	6.497401979	5.407976181	0.035189025	0.130400936
Rpl37rt	753	0.282868302	4.508824357	5.406432094	0.035211398	0.130440908
Anxa11	2477	-0.285148127	5.600579316	5.404075419	0.035245577	0.130481654
Scp2	2855	-0.2007676	7.809766185	5.404355731	0.03524151	0.130481654
Acot2	2200	-0.389048236	4.185574141	5.401467493	0.035283446	0.130535994
Rbm17	1585	0.338893557	6.54610899	5.402222455	0.035272478	0.130535994
Mettl21a	8489	-0.223193158	4.869411096	5.398789179	0.035322386	0.130637128
Nefh	3994	0.446233452	3.687939909	5.394306322	0.035387674	0.13083561
Galnt7	4523	0.212395806	5.5500997	5.388085615	0.035478506	0.131128373
Agbl5	5971	-0.297560934	4.277899454	5.383593716	0.035544265	0.1313283
Tmem38b	2919	0.344588841	4.009372	5.375095381	0.035669064	0.13166911
Ehbp1l1	6665	-0.210496029	6.352351594	5.375582714	0.035661894	0.13166911
Pmpcb	1628	0.171787289	6.075040923	5.374923606	0.035671592	0.13166911
Map2k3	2177	0.387484763	7.461845444	5.372477098	0.035707617	0.131758885
Stt3b	4379	0.248791352	7.261471339	5.368420384	0.035767447	0.131916832
Pml	9872	-0.243158517	6.563660211	5.367986196	0.035773858	0.131916832
Coq10a	3818	-0.459036363	3.161611977	5.36625204	0.035799475	0.131929823
Rhbdd1	11530	-0.267872257	4.814290443	5.365239523	0.035814441	0.131929823
Pgrmc2	3007	0.265749824	4.81999336	5.364139625	0.035830708	0.131929823
Kctd5	2457	0.24485603	5.432275896	5.364275083	0.035828704	0.131929823
Map4k2	4940	-0.204015117	7.272960271	5.36378368	0.035835974	0.131929823
Eya2	2916	-0.433484254	4.52350309	5.361250533	0.035873477	0.132024715
Apobr	3722	0.675572456	1.781361342	5.360092417	0.035890638	0.132034236
Ehd1	3182	0.295736634	5.182565296	5.358702397	0.035911248	0.132034236
Cd200	2522	-0.215912547	7.975111497	5.359260629	0.035902969	0.132034236
Pcbp3	4079	-0.336553419	3.898904505	5.356706799	0.035940861	0.132059419
Prrc1	5328	0.227183919	4.625002869	5.35612674	0.035949474	0.132059419
Supt4a	943	-0.216476084	8.260707809	5.355869935	0.035953288	0.132059419
Ezr	3070	-0.172711265	9.148431025	5.354760675	0.035969768	0.132076858
Gemin7	763	0.16938718	6.179101582	5.345938654	0.036101146	0.132516042
Ccnq	1224	0.239395542	5.197154188	5.340445568	0.036183233	0.132774066
Sv2a	3920	-0.616323024	2.007292933	5.339023302	0.036204522	0.132808899
Mrps14	2229	0.219637355	7.502524678	5.335577834	0.036256157	0.132954988
Selenbp1	1685	1.205396114	0.737132131	5.334637578	0.036270263	0.132960648
Magt1	4451	0.194961527	6.513655406	5.333900771	0.036281321	0.132960648
Eif4enif1	4436	0.227617699	5.502183263	5.327806234	0.03637294	0.133253031
Exd2	3450	-0.279693586	4.661519605	5.324712727	0.036419549	0.133349451
Aimp1	1305	0.210647315	5.834033138	5.324487213	0.036422949	0.133349451
Pip4k2c	3538	-0.206075139	5.514181479	5.322445761	0.036453748	0.133418823
Yipf1	1848	-0.178109646	6.610287233	5.320225017	0.036487287	0.133498173
Rpl35	452	0.214406476	9.260326468	5.319101294	0.036504272	0.133516924
Zfp69	4807	-0.550506856	2.082489484	5.315968818	0.036551667	0.133646855
Ctsh	1670	1.780187796	1.67740737	5.314619332	0.036572107	0.133678177
Hcst	442	-0.36450039	7.75959838	5.31227731	0.036607613	0.133750441
Itgb2	2974	-0.142506125	9.571089075	5.311748285	0.036615639	0.133750441
Dr1	3080	0.209421998	6.303321361	5.309300362	0.036652802	0.133842767
H2bc21	2667	-0.585358387	2.251692451	5.308057085	0.036671694	0.133868332
Als2cl	5449	-0.373696441	6.321821944	5.304389694	0.036727488	0.134028544
Smc3	4851	0.163860473	6.924192563	5.30336114	0.036743154	0.134042263
Rpl31	1254	0.220791891	9.209272964	5.299844197	0.036796778	0.134194405
Rcn3	1562	-0.657462522	2.233648734	5.296841489	0.036842634	0.134318128
Calhm2	2049	0.32947672	5.144622481	5.289848714	0.036949685	0.134664795
Mocos	5816	-1.239164069	1.268430396	5.286222784	0.037005336	0.13481537
Zscan29	6375	-0.260225659	4.944997405	5.284039026	0.0370389	0.13481537
Klc1	6693	0.200953228	5.81339099	5.284266132	0.037035408	0.13481537
Mrps24	1010	0.183697111	6.564835558	5.28448718	0.037032009	0.13481537
Hlcs	11572	0.420530431	4.12056719	5.278754786	0.037120266	0.134933922
Cd320	2415	0.372853347	3.745313411	5.279965795	0.0371016	0.134933922
Trim26	3257	-0.246719287	6.768801711	5.278801675	0.037119543	0.134933922
Patz1	3482	0.241714092	4.605006389	5.279068719	0.037115426	0.134933922
Ostc	1062	0.164691341	8.053633072	5.278032798	0.037131399	0.134933922
Zer1	6570	-0.198758075	6.025209489	5.275070244	0.037177123	0.135056486
Ccdc126	2518	-0.50343194	3.450987714	5.272627636	0.037214872	0.135150009
Suco	8724	-0.256936571	4.896756735	5.269910092	0.037256922	0.13518198
Nudcd2	1699	0.247853586	6.10105239	5.270756712	0.037243816	0.13518198
Zc3h4	9982	-0.192829986	6.154255667	5.269730813	0.037259698	0.13518198
LOC102636360	4793	0.934106668	0.753661948	5.268232476	0.037282909	0.135195532
2210016F16Rik	2822	0.149316047	7.059390237	5.26793938	0.037287451	0.135195532
Tbcd	4329	-0.282594807	5.892199202	5.266857472	0.037304224	0.135212798
Il4ra	5219	0.430560232	6.635286818	5.262014183	0.037379417	0.135441736
Snrnp40	1591	0.178149237	7.47938343	5.261010122	0.037395027	0.135454702
Lrp10	3369	-0.281118867	8.77823383	5.258202114	0.037438724	0.135569366
Hspa5	2616	0.244171701	9.017686772	5.257392047	0.037451341	0.135571448
Exosc3	1064	0.200888406	6.920811686	5.254493859	0.037496523	0.13569137
Smg8	3221	0.274874814	4.686799715	5.245118465	0.037643117	0.136178088
A630034I12Rik	12030	0.632961394	2.56643403	5.243811236	0.03766361	0.136208455
Rbm18	2548	-0.215708612	6.014004314	5.242214669	0.037688657	0.136255266
Rnf214	10976	-0.28747625	4.679618245	5.237224455	0.037767068	0.136456285
Fam169b	3357	0.262571082	6.595559513	5.236363117	0.037780622	0.136456285
Fxr1	3177	0.196489626	5.497103507	5.237011859	0.037770413	0.136456285
C130036L24Rik	1799	0.855764469	1.128046629	5.224551012	0.037967066	0.137085705
Hook1	7090	0.317732316	4.461029144	5.221306632	0.038018464	0.137227274
Capsl	1172	0.866606405	1.627601155	5.210183047	0.038195305	0.137821392
Smim14	5629	-0.308397072	6.348770379	5.20448931	0.038286195	0.138096425
Srebf2	5617	-0.262999449	8.385369506	5.203105344	0.038308326	0.138096425
Rexo4	2281	0.16353021	6.241688494	5.203722967	0.038298448	0.138096425
Nasp	7011	0.259799342	6.889904118	5.200874819	0.038344026	0.138180871
Trip10	2748	0.872615064	1.460543922	5.192593183	0.038476914	0.138615391
Tet1	18401	0.331455154	3.976394283	5.190835203	0.038505192	0.13867289
Gucd1	3352	-0.306131179	5.598134383	5.187857784	0.038553141	0.138688699
Ubac2	5602	-0.231855869	7.210876596	5.187774868	0.038554477	0.138688699
Dus3l	5008	0.174356484	5.728566442	5.187503044	0.038558859	0.138688699
Pdcd6	1524	0.164407504	7.438650864	5.187628515	0.038556836	0.138688699
Zap70	2986	-0.174260243	8.769137707	5.18630477	0.038578179	0.138713873
Raver1	3461	0.267757741	5.69771466	5.182239774	0.038643805	0.138905478
Rps17	474	0.232640399	9.523661391	5.181173236	0.038661045	0.138915436
Myd88	1937	-0.216296794	7.270674259	5.180541945	0.038671254	0.138915436
Mdfic	3769	0.3247401	3.865489438	5.17928879	0.038691528	0.138935044
Msl1	7647	0.207830058	5.750549656	5.178679247	0.038701394	0.138935044
Ago2	8031	0.22412049	4.990167741	5.176763665	0.038732419	0.139002096
Ppp2r5d	2953	0.205738307	7.099657937	5.175284949	0.038756389	0.139043793
Slirp	419	0.326976604	5.007807045	5.172779209	0.038797045	0.139145312
Lats2	5643	-0.459948104	5.390129675	5.169591764	0.038848835	0.139286682
Commd4	962	-0.205630632	6.984573312	5.160720716	0.038993398	0.139760482
Rbm27	6463	0.204870206	5.695223639	5.158761607	0.039025408	0.139830696
Cep120	4760	-0.225523309	5.702836724	5.156809811	0.03905733	0.139892866
Tbce	3674	-0.198677534	5.239964778	5.156181575	0.039067611	0.139892866
Vill	3491	-0.619138586	3.472174877	5.152714589	0.039124407	0.139992652
Trpm4	4923	-0.540070453	3.006195991	5.152547908	0.03912714	0.139992652
Bcl11b	12880	-0.24910214	7.485385693	5.152203766	0.039132783	0.139992652
Manbal	1107	-0.263337383	4.647641385	5.148262149	0.039197488	0.14017958
Atp5mpl	729	0.203789201	7.688472291	5.141560643	0.039307786	0.140529391
Cry2	4138	0.495372867	3.477505784	5.138401547	0.039359906	0.140671055
Hint1	641	0.183432629	8.585410764	5.13556596	0.039406758	0.140793806
Tmem167	10809	0.175465514	7.699275407	5.133650015	0.039438452	0.140862339
Trav14-3	361	-1.190709433	0.602741137	5.130975918	0.039482737	0.140931089
Tmem50b	2564	-0.215260819	5.80383613	5.131305389	0.039477278	0.140931089
Atxn2	11380	0.335287611	3.743197937	5.129498241	0.039507234	0.140964114
Atxn7l3	5065	-0.210948434	4.792394032	5.128647296	0.039521348	0.140964114
Sdha	2859	0.159170276	9.029386169	5.128152833	0.039529553	0.140964114
Tmem41a	1359	0.352074388	3.517872937	5.12367266	0.039603982	0.141184809
Thap11	1848	0.20428263	5.129796809	5.121335177	0.03964288	0.14127874
Alg6	3148	0.325409778	3.629513503	5.117804963	0.03970171	0.141443624
Zfp827	39624	0.511058341	3.955425852	5.108929139	0.039850077	0.141886671
Kpna3	4167	0.244242941	6.611803345	5.108291351	0.039860763	0.141886671
Lbr	3766	-0.231185423	9.060672982	5.108105449	0.039863878	0.141886671
Pigf	1195	0.34836167	3.667846498	5.106168077	0.039896362	0.141891931
Sec24d	6670	-0.242892693	4.552356783	5.105932679	0.039900311	0.141891931
Exosc9	1617	0.213301138	5.579694003	5.105762489	0.039903167	0.141891931
Mx2	2422	-0.976110037	0.876164327	5.103333478	0.039943946	0.14199209
Rasal3	3830	-0.240138403	9.109692983	5.102577724	0.039956644	0.141992393
Dock8	8414	-0.180831871	7.921830885	5.101684868	0.039971652	0.142000901
Kcmf1	3564	0.23781429	4.946087087	5.092140069	0.040132499	0.142527341
Klhdc8b	4445	-0.59288411	1.933471518	5.089771304	0.040172534	0.142624531
Art2a	1257	-1.421103314	0.775468122	5.087721531	0.040207216	0.142702659
Pcyt1b	5467	-0.732085676	2.696336661	5.086617701	0.040225907	0.142724002
Qprt	1197	-0.615227278	2.881221836	5.084711806	0.040258203	0.142793589
Srsf11	6931	0.14658858	7.918344466	5.081659363	0.040309991	0.142932247
Klhl11	4031	0.386233582	3.074336761	5.080517265	0.040329389	0.142956
Dcaf6	4256	-0.435206044	3.142572267	5.077887376	0.040374096	0.143068019
Grina	2110	-0.231563565	6.167392841	5.077163783	0.040386406	0.143068019
Prkcz	15677	-0.392313764	3.387565015	5.069616766	0.040515071	0.1434483
Qdpr	1394	0.241346776	6.276499211	5.069146242	0.040523109	0.1434483
Exosc5	1110	0.220008989	5.779823227	5.06862698	0.040531981	0.1434483
Kifc2	4130	-0.496098523	2.393389199	5.064530784	0.04060205	0.143605994
Slc35e2	6984	0.266643905	4.409766749	5.064904912	0.040595644	0.143605994
Pdgfb	5088	1.155722722	0.52414553	5.060855257	0.040665044	0.143783625
Lclat1	4847	0.291519386	4.925988167	5.057799186	0.040717508	0.143923927
Gpaa1	2036	0.167956849	6.405442056	5.056460839	0.040740509	0.143960028
Stat1	5783	0.199762972	9.100527985	5.048910009	0.040870562	0.144374267
Abt1	4456	0.214546458	5.352781515	5.045453908	0.040930251	0.144494439
Snrpb	1434	0.165049831	9.090644854	5.045458314	0.040930175	0.144494439
Gm41607	46067	-0.936729765	1.509816945	5.037974849	0.041059769	0.14481544
Dglucy	3731	-0.733915059	2.122500328	5.038630446	0.041048397	0.14481544
Sap30	1183	0.431798533	3.005731099	5.03943001	0.041034532	0.14481544
Nhsl1	40747	-0.967371818	1.274747711	5.036456883	0.041086115	0.144862977
Plekhg3	6914	-1.015570512	0.957840584	5.029715929	0.041203351	0.145185157
Tmprss3	5495	0.804300306	2.495478767	5.029721591	0.041203252	0.145185157
Ddost	2103	0.150732065	8.325654724	5.028979606	0.041216181	0.145185157
Ndufaf2	904	0.275351397	4.680235967	5.025306754	0.041280246	0.145365344
Tmem43	2899	-0.224750688	5.82110048	5.022019536	0.041337683	0.145476597
Cept1	11206	-0.199703676	6.980300322	5.022323049	0.041332376	0.145476597
Vmac	2276	-0.583996909	3.656653384	5.018839294	0.04139334	0.145572641
C8g	1424	-0.484474335	2.184280193	5.018244133	0.041403766	0.145572641
Rpl38	636	0.247351048	8.152698384	5.018947993	0.041391436	0.145572641
Ly6m	1887	0.437183982	3.238424563	5.014204413	0.041474613	0.145776206
Sidt2	7374	-0.247132533	7.24408469	5.010822955	0.041534024	0.145939464
Utp11	6582	0.187227446	6.109458119	5.009120497	0.041563974	0.145999132
Ccdc137	3861	0.323682534	4.76356873	5.006554025	0.041609171	0.146066744
Haus3	1954	0.195152558	5.806568182	5.006917667	0.041602764	0.146066744
LOC115488162	12601	1.344462902	0.814662755	5.00218155	0.041686306	0.146256257
Rcc1l	4675	0.410713796	4.534061497	5.00128568	0.04170213	0.146256257
Glcci1	6248	-0.33131038	3.853395988	5.002016594	0.041689219	0.146256257
Cybb	4802	0.912125948	2.860365675	4.997964564	0.041760856	0.146384412
Nap1l4	3759	-0.154988975	8.458865176	4.99774869	0.041764677	0.146384412
Rpusd2	5135	0.437836653	3.144349509	4.994131671	0.041828752	0.146563366
Mthfd1l	9284	0.347848886	5.856698251	4.992333186	0.041860655	0.146629514
Mrpl30	2360	0.180164492	6.838035549	4.991225331	0.041880322	0.146652771
4833407H14Rik	1214	-0.82375669	2.858065292	4.989893073	0.041903986	0.146690009
Abcf1	3150	0.178499486	7.334204663	4.986879423	0.041957573	0.146831942
Rps11	602	-0.608666584	1.744853826	4.982849021	0.042029366	0.146991798
Inf2	7768	0.388386661	3.600146263	4.98339529	0.042019627	0.146991798
Frat2	2161	-1.179238838	1.857823854	4.981091909	0.04206071	0.147050396
Rrn3	3713	0.233825392	5.990213006	4.980445692	0.042072244	0.147050396
5430403G16Rik	3136	-0.426492588	3.362239767	4.979533157	0.042088538	0.14706169
Lockd	607	-0.266041051	5.93130067	4.974870711	0.042171906	0.147307267
Sdf2l1	1108	0.269626974	6.880961237	4.971926006	0.04222466	0.147445788
Tmem135	10397	0.224308246	5.057711337	4.967916592	0.042296611	0.147651241
Patj	9366	-0.372935133	4.27684871	4.966702381	0.04231843	0.147681612
Borcs6	1802	-0.372888028	3.614404974	4.96419495	0.042363527	0.14779318
Zdhhc4	2033	-0.212066091	5.759124066	4.962937348	0.042386167	0.147826355
Vps4a	2136	-0.180697635	6.247475658	4.96146725	0.042412651	0.14787291
Grsf1	2839	0.270674695	3.945721282	4.956973838	0.042493719	0.148109688
Ocrl	6187	-0.395527208	3.325006778	4.956067763	0.042510088	0.148120883
Edf1	745	0.154126079	7.701362121	4.954175476	0.042544298	0.148194216
Il12rb2	8324	0.866879175	1.538938558	4.95344738	0.042557469	0.148194243
Zfp959	3621	0.302789452	4.410720143	4.951187608	0.04259838	0.148272709
Tnfsf8	4074	0.291248666	7.289102589	4.950748001	0.042606344	0.148272709
Acaa1a	1989	-0.169130868	6.601396788	4.947368833	0.042667619	0.148440065
Cars2	2507	0.20812578	5.288456954	4.942556024	0.042755069	0.148652428
Srrm1	5808	0.147490114	7.127445354	4.942876796	0.042749234	0.148652428
Rab2b	2834	-0.406072071	4.141727701	4.935477928	0.042884062	0.148871035
Isg20l2	3214	0.312783307	5.21205651	4.935941033	0.042875608	0.148871035
Norad	4917	0.26075837	6.445541083	4.938377238	0.042831169	0.148871035
Aldh4a1	5487	-0.207748221	5.031385848	4.936018458	0.042874195	0.148871035
Atp6v0c	1523	0.144975104	6.594784611	4.937065191	0.042855095	0.148871035
Zfp280d	6369	0.260292795	4.862991127	4.934314448	0.042905309	0.14889888
Elp2	3233	0.213044148	6.993302169	4.931427496	0.042958083	0.149036086
Errfi1	3358	-0.895475831	1.403389478	4.926039812	0.043056775	0.149240509
Zfp944	6660	-0.303520017	4.42798007	4.926278983	0.043052388	0.149240509
Anapc15	4578	0.230758407	5.977717261	4.927060267	0.043038062	0.149240509
Gtf3c3	4764	0.237666241	4.995652386	4.922719401	0.043117731	0.14935982
Ube2i	5119	0.143716418	7.841580432	4.923288447	0.043107277	0.14935982
Gpr107	4155	-0.20872575	5.621513015	4.919449174	0.043177865	0.149522116
Aim2	9900	0.193188884	5.34004422	4.913959283	0.043279035	0.149826377
Gm10052	1428	0.766512989	1.270932122	4.91171557	0.043320464	0.149923695
Clcn6	5181	-0.385577979	2.992500094	4.910518799	0.04334258	0.149954138
Immp2l	5165	0.632226554	1.886756929	4.900288502	0.043532178	0.15050307
Snx27	10133	0.266888437	4.649605234	4.899795022	0.043541348	0.15050307
Anxa7	3098	-0.233936611	6.178612863	4.899914579	0.043539127	0.15050307
Mvp	2861	0.196872944	5.452043456	4.897557434	0.043582958	0.150600656
Stt3a	5810	0.162346014	7.911050851	4.891763057	0.043690924	0.150927408
Pld2	6791	-0.65365247	2.432500008	4.890814842	0.043708622	0.150942228
R3hdm4	1840	-0.160656401	7.411623622	4.889758061	0.043728356	0.15096407
2310033P09Rik	1243	0.228369967	5.453703298	4.884546302	0.043825832	0.151254207
Ppp4r2	5272	0.285418787	4.989012893	4.882521371	0.043863774	0.151292392
Esyt1	3687	-0.232180227	8.176225656	4.882531067	0.043863592	0.151292392
LOC118568405	1334	-1.297484557	0.614323869	4.880496633	0.04390175	0.151377
Naaa	2424	-0.463580487	3.290696891	4.876999876	0.043967427	0.15155704
Mtss1	8675	-0.490061342	3.24162978	4.872917984	0.044044239	0.151775344
Ildr1	3147	0.803193251	2.246998328	4.87025267	0.04409448	0.151811854
Zfp97	3296	0.518736805	2.962141811	4.871216413	0.044076306	0.151811854
Sdccag8	3686	-0.270250945	4.207225351	4.870209792	0.044095289	0.151811854
Aldh7a1	4342	-0.376187013	3.455357229	4.869197508	0.044114388	0.151831178
Elmod3	2812	-0.271908653	4.485668586	4.864210442	0.044208624	0.152109012
Ktn1	4962	-0.268924745	4.926604544	4.860448036	0.044279875	0.152307617
Ndrg1	2890	-0.763281483	1.204207327	4.854851952	0.044386101	0.152355793
Trim36	4947	0.655566983	1.726320574	4.857266879	0.044340223	0.152355793
Fbxo30	13429	-0.649668686	1.391031573	4.856850953	0.044348121	0.152355793
Rgl2	3509	-0.384203844	6.092384275	4.858307084	0.044320479	0.152355793
Cstf2t	3752	0.214982647	6.163091996	4.85487884	0.044385589	0.152355793
Hnrnpa2b1	5302	0.167028438	10.9982957	4.854719805	0.044388613	0.152355793
Agpat3	7481	-0.161234956	7.072180752	4.857958041	0.044327103	0.152355793
LOC108167377	8416	-0.873632304	1.256783413	4.85381982	0.044405725	0.152368075
Mtx1	1208	0.26755585	5.763614751	4.850198556	0.04447466	0.152511642
Txndc9	4941	0.173592665	6.357461189	4.850467958	0.044469527	0.152511642
Suclg1	1392	0.174478463	7.719220803	4.849487611	0.044488208	0.152511647
Gm30189	3559	0.593035739	1.42045029	4.846170456	0.044551487	0.152682081
Dop1a	11952	-0.271791813	4.201170133	4.842527942	0.044621093	0.152874092
Clic4	4065	0.336283593	5.299231081	4.84083831	0.044653425	0.152938319
Bach1	6647	-0.548728986	1.994810345	4.837708971	0.044713378	0.153097082
Dtd2	3542	0.246135959	4.569517234	4.836633379	0.044734006	0.153121143
Fam174a	2107	-0.379344449	5.130421513	4.831782264	0.044827183	0.153393442
Dapl1	573	0.546245359	6.242016659	4.828356478	0.04489312	0.153572393
Pacs1	4540	-0.254024554	6.074152811	4.827178887	0.044915812	0.153603345
Tkfc	3100	-0.397931114	3.333651177	4.824828623	0.044961141	0.153654006
Ppp1r7	3854	0.204840864	6.047669564	4.825119142	0.044955535	0.153654006
Thoc3	2326	0.188864707	6.175366453	4.824288215	0.044971571	0.153654006
Dnajc6	5649	-0.603843372	3.157864677	4.822854736	0.044999253	0.153701937
Syap1	2316	-0.203765141	5.200289249	4.821737564	0.045020839	0.15372903
Relch	5529	-0.288528526	5.181119061	4.819531022	0.045063512	0.153828083
Cnih4	4327	-0.239652102	6.485044819	4.817192343	0.045108792	0.153935973
Pold3	4477	0.269935334	6.606554702	4.815404774	0.045143437	0.15400752
Trbv13-2	340	-0.381546416	4.554846098	4.810393249	0.045240734	0.154292695
Elmo3	3141	-0.436406891	3.187459737	4.808340425	0.04528066	0.154382093
Klhdc4	2221	0.256155089	6.178970864	4.806651971	0.04531353	0.154447388
Tagap	3081	-0.276902316	6.460927079	4.804104223	0.045363182	0.154569825
Socs5	9926	0.56835269	2.267571698	4.801742263	0.04540927	0.154633261
Rit1	2732	-0.202498074	5.558236692	4.802335418	0.045397691	0.154633261
Dand5	1680	-0.689201988	2.275252958	4.800643881	0.045430721	0.154659527
Cilk1	7126	0.358458078	3.251011028	4.798702596	0.045468663	0.1547419
Neurl1b	6273	-1.256627834	0.469855414	4.795400047	0.045533295	0.154915031
Slamf6	3459	-0.165489073	9.519497502	4.789684478	0.045645407	0.155249545
Prpf4b	8903	0.163462314	6.501146459	4.787623592	0.045685911	0.155340377
Usp15	12036	0.173947081	6.941540326	4.785739912	0.04572297	0.155419442
Mark2	7371	-0.243124802	6.876874717	4.780739956	0.045821507	0.155707372
Itga9	7091	1.182969948	1.025633991	4.76958194	0.046042305	0.156365717
Rps3a1	943	0.157271539	10.32849179	4.769545784	0.046043023	0.156365717
Ada	1706	0.291214701	4.374722901	4.768611237	0.046061573	0.156381541
Rhobtb2	8043	-0.3528821	3.83171308	4.764991595	0.046133503	0.156531338
Eif4g2	7760	0.201788056	9.949499952	4.765301064	0.046127348	0.156531338
Msra	4410	-0.217476218	4.856758735	4.764197436	0.046149303	0.156537767
Dusp2	1618	0.252963437	6.142521257	4.762854633	0.046176031	0.156581253
Tapt1	4026	-0.491126673	5.213026015	4.756229531	0.046308172	0.156923163
Calcoco1	3603	-0.2805313	5.298100385	4.756371977	0.046305326	0.156923163
Tmem129	2740	0.186833358	5.259908171	4.755703767	0.046318677	0.156923163
Pvt1	5062	0.345045777	3.68706827	4.749846872	0.046435897	0.157272962
Gigyf2	6161	0.204800368	5.678928322	4.748208826	0.046468743	0.157336875
Bmp7	3670	0.438877737	3.916287008	4.741044634	0.04661272	0.157729488
Tnik	18691	-0.241017577	5.036703789	4.74155069	0.046602533	0.157729488
Mrpl18	2501	0.200782743	7.710989682	4.738053511	0.046672987	0.157838538
Nono	2672	0.158409769	8.861478586	4.738601172	0.046661946	0.157838538
Tmem120b	2769	0.401040116	3.386596322	4.734640646	0.046741864	0.157881759
Ninj1	1150	0.281909464	5.347555754	4.73528891	0.046728772	0.157881759
Socs4	6888	0.271984852	4.190565315	4.735096976	0.046732648	0.157881759
Sf3b5	734	0.187504575	7.143549357	4.73608381	0.046712724	0.157881759
Cpsf1	4586	0.187759093	7.209644286	4.729734295	0.04684109	0.158169464
Psmd3	2147	0.190728196	7.831846521	4.7272225	0.046891985	0.158293843
Ing4	1621	-0.228683323	6.052295216	4.715851963	0.047123192	0.159026646
Pnn	3469	0.184303743	6.673828761	4.714192546	0.047157046	0.159093204
Gm31111	2910	-1.024146396	0.369216288	4.712725579	0.047186998	0.159104346
Spout1	1885	0.235865513	4.912184399	4.712646467	0.047188613	0.159104346
Capns1	2182	-0.181211857	7.255672843	4.711257311	0.047216998	0.159152385
Fosl2	7081	-1.191139166	0.542102184	4.706077466	0.047323016	0.159461991
Rnf103	3696	-0.499313128	2.567061681	4.701296431	0.047421119	0.159696967
Cep164	8079	-0.213439495	4.798108743	4.701609776	0.047414682	0.159696967
6430562O15Rik	1721	-1.529785077	0.815427675	4.698329329	0.047482122	0.159854585
Fbxo42	5942	0.229532721	5.916707	4.697120814	0.047506996	0.15989051
Gnpat	2984	0.152239627	7.009170511	4.690921701	0.047634825	0.16027282
Primpol	5724	-0.253146832	4.479131476	4.68895294	0.047675506	0.160361771
Pdhx	2526	0.203944615	4.880903599	4.687731152	0.047700773	0.160398836
Snrpb2	1230	0.154675347	6.811861409	4.681326588	0.047833479	0.160797046
Frmd4b	6472	-0.385144209	5.062522427	4.675583365	0.047952851	0.161150208
Thnsl1	17265	-0.58550778	2.070991567	4.672975116	0.048007179	0.161202839
Spata5	3380	0.291732378	4.735607127	4.67312685	0.048004016	0.161202839
Gfm1	2598	0.276833361	5.987351648	4.672769291	0.048011469	0.161202839
Nup85	3058	0.220854309	7.022345054	4.670361677	0.048061687	0.161323338
Zfp275	6413	0.385962693	4.009814876	4.669192744	0.048086091	0.16134287
Sema4d	7956	-0.220257608	7.738823011	4.668710212	0.048096169	0.16134287
Usp34	12665	0.205828175	5.804785338	4.664110421	0.048192365	0.161617409
Rab26	1434	-0.665833489	1.16901752	4.662218118	0.048232004	0.161645008
Gstcd	3797	0.379816843	3.083431352	4.661661609	0.048243669	0.161645008
Tor4a	3527	-0.192073394	6.884478356	4.661817619	0.048240399	0.161645008
Rybp	4376	0.66784607	1.539250402	4.657401853	0.048333067	0.16180008
Sgsm3	3346	0.32620712	3.965726408	4.657496381	0.048331081	0.16180008
Sdhb	1079	0.15880526	8.557976413	4.658029877	0.048319875	0.16180008
Gfus	1504	0.144898143	6.277926439	4.655016444	0.048383214	0.161919804
Gm3604	9957	0.541131342	3.176039538	4.651594314	0.048455262	0.162016435
Glipr1	1322	-0.255207557	4.889972729	4.651997793	0.04844676	0.162016435
Tvp23b	1906	0.231184148	5.311364034	4.652570315	0.048434701	0.162016435
Tmem35b	1139	-0.336413776	3.875250802	4.647954485	0.048532031	0.162224943
Agtpbp1	10319	-0.326039333	4.766745341	4.644816319	0.048598335	0.162398355
AA414768	1669	-0.606578259	2.768285061	4.64313731	0.048633853	0.162468819
BC025920	1890	-0.741211429	1.448099627	4.641217827	0.048674496	0.162556355
Slc25a27	12394	-1.08891181	0.811150587	4.633330532	0.048841919	0.163046852
D11Wsu47e	4282	0.278392111	4.131630978	4.632935052	0.048850332	0.163046852
Ttl	4562	0.614128619	1.649063384	4.631931608	0.048871684	0.163069776
Ccdc130	5040	-0.29613669	4.258885085	4.628454556	0.04894576	0.163268552
Uba7	3162	-0.196262623	7.053572218	4.623671023	0.049047884	0.163560747
St3gal6	6052	-0.761801698	1.518576044	4.618362441	0.049161512	0.163891116
Tmtc4	4399	0.519411939	3.797922466	4.610967028	0.049320323	0.164371877
Tulp4	11878	-0.278758206	4.40791506	4.607593668	0.049392964	0.164565254
Lsm6	4147	0.166733673	7.616086674	4.602681203	0.049498973	0.164869657
Tnfsf9	1502	0.457591217	2.342002359	4.600180601	0.049553038	0.164952129
Tom1l2	7897	-0.310522918	4.243375481	4.600282726	0.049550829	0.164952129
Ptpn23	6649	0.254099162	4.239898902	4.594083792	0.049685147	0.165296589
Rab9	1599	0.239870644	4.761135512	4.594049918	0.049685882	0.165296589
Lcp2	3622	-0.150725104	9.261571917	4.593050305	0.049707582	0.165319928
Got1	3757	0.196235104	5.720092999	4.591268853	0.049746282	0.165399776
Padi2	4847	0.700640947	1.76043466	4.590179138	0.049769972	0.165403714
Dlgap4	24124	-0.201116511	5.554098259	4.58986287	0.04977685	0.165403714
Xxylt1	3476	0.414716913	3.330375983	4.586491591	0.049850238	0.165549846
Ndufa1	494	-0.215184086	6.356948915	4.587068717	0.049837666	0.165549846
Gm51701	3421	1.236473394	0.651340114	4.580775594	0.049974958	0.165855272
Rnf215	2053	-0.267460924	4.722594344	4.580801332	0.049974395	0.165855272
Dis3l	5712	0.234563089	5.000499118	4.580251834	0.049986404	0.165855272
Faap24	1788	0.189154291	5.512640198	4.575343226	0.050093829	0.166162736
Rnf122	5537	-0.725659377	1.74448372	4.573430356	0.050135766	0.166248009
Shfl	3142	-0.439983998	3.036692306	4.572823854	0.050149071	0.166248009
Usp39	2273	0.186765954	6.268105297	4.566743759	0.050282684	0.166641877
Ski	5465	-0.274955639	5.54596193	4.56541385	0.050311965	0.166689848
Susd4	3663	-1.070032475	0.434178673	4.561363515	0.050401267	0.166842572
Vcpip1	9749	-0.224639692	5.586953746	4.561413613	0.050400161	0.166842572
Cox7c	449	0.195869346	7.951574323	4.561306671	0.050402522	0.166842572
Gm32046	1166	-1.0707967	0.266654206	4.553098955	0.050584063	0.167393179
Nkd2	4016	-0.828058606	0.962931272	4.552443439	0.050598596	0.167393179
Arap2	8178	-0.274351325	4.924398789	4.550654975	0.050638269	0.167430898
Ogfod1	5551	0.260671463	4.415879713	4.549918658	0.050654613	0.167430898
Eloc	3064	0.167800331	7.283815039	4.550545415	0.050640701	0.167430898
Car13	2299	-0.843539067	0.523995339	4.546299551	0.050735039	0.167504349
Mettl2	4945	0.266283012	5.020681929	4.547716653	0.050703529	0.167504349
Ass1	1631	-0.238979801	6.834473422	4.546522463	0.050730081	0.167504349
Mdh2	1282	0.153847152	9.127063367	4.546240589	0.05073635	0.167504349
Csnk1e	7591	-0.522074596	2.38562187	4.544938074	0.050765333	0.167550899
Cryz	2869	0.639704423	2.345297803	4.541904576	0.050832908	0.167724759
Ikbkg	10179	-0.24882563	5.952098088	4.541122487	0.050850347	0.16773314
Zswim4	4348	-0.409103411	4.682170155	4.537656738	0.050927712	0.167939127
F730311O21Rik	4065	-1.479785402	0.298409027	4.536038216	0.050963889	0.168009213
Arl4c	3967	-0.331120871	5.172406786	4.530171261	0.051095281	0.168361334
Rdx	4842	0.156885532	7.132010722	4.529933635	0.051100611	0.168361334
Scap	4704	0.215579047	6.452817833	4.52778587	0.051148816	0.168470853
Piga	5819	0.346128957	4.614717317	4.525240816	0.051206008	0.168609897
Zfp182	7407	-0.303750588	4.413950409	4.524193246	0.051229571	0.168638159
Hltf	7337	-0.229598996	6.174324473	4.520442575	0.051314037	0.168866832
Ift43	809	-0.745641963	0.620911007	4.518376961	0.051360626	0.168921393
Prpf8	7481	0.208513598	8.075877422	4.518970172	0.051347241	0.168921393
Sh3bgrl3	687	-0.151565982	9.819085819	4.514873305	0.051439763	0.169132258
Spindoc	22190	-0.366823383	4.311288447	4.514130293	0.051456564	0.1691381
Gm12669	1006	0.549788829	1.639018208	4.51111747	0.051524755	0.169263406
Nol12	2708	0.214397789	5.230589238	4.511343795	0.051519629	0.169263406
Renbp	1427	-0.742997644	1.277541095	4.508150641	0.051592009	0.169296662
Gm51653	5321	-0.539357371	1.653453757	4.50913556	0.051569671	0.169296662
Nmnat1	2446	0.397390144	3.531705858	4.508617348	0.051581423	0.169296662
Jarid2	25346	-0.198047105	6.32499853	4.508017499	0.05159503	0.169296662
Selenoo	2428	-0.505488462	3.225978379	4.506767215	0.051623405	0.169340413
Gm52109	3249	-0.875773769	1.240795544	4.505808314	0.05164518	0.169362493
Chmp2b	1966	0.240607312	5.061428845	4.502916906	0.051710904	0.169528642
Zfpm1	4085	0.32763114	4.423781496	4.502235495	0.051726407	0.1695301
Tnf	1653	0.366187415	4.787245938	4.499976437	0.051777844	0.16960232
Sh3bgrl	2836	0.225053792	7.007062909	4.499944445	0.051778573	0.16960232
4933439C10Rik	2583	-0.526033907	2.204560826	4.496295049	0.051861795	0.169825507
Stk10	5421	-0.223083941	7.679097031	4.486955124	0.052075506	0.170422611
B4galnt1	3807	0.20980072	7.570776459	4.48717286	0.052070512	0.170422611
Tbpl1	3444	-0.174059285	5.483402954	4.485683059	0.052104692	0.170422611
Zwint	3728	0.155532521	7.175495337	4.486139075	0.052094227	0.170422611
Plcxd2	7337	-0.354462676	4.121017041	4.481460911	0.052201705	0.170690327
Pan2	9305	-0.226887778	5.639518693	4.478926897	0.052260032	0.170831427
Uevld	7937	-0.36964775	3.127795517	4.473603652	0.052382809	0.171183068
Bank1	3510	0.86816021	1.432267263	4.469624352	0.052474812	0.171356386
Mars2	2882	0.344586543	3.566005287	4.469929821	0.052467743	0.171356386
Xpa	1188	-0.319902262	3.934448318	4.469281814	0.05248274	0.171356386
Fgfr1op2	2836	0.135358148	7.8687531	4.468677592	0.052496729	0.171356386
Fam214b	4074	-0.594949209	2.067791955	4.463543559	0.052615769	0.171695168
Rabggta	2615	-0.203110009	5.521286056	4.461963754	0.052652463	0.171715363
Nsmce1	5306	0.148028896	7.39636751	4.46221571	0.052646609	0.171715363
Slc41a1	4802	-0.199625831	5.562747166	4.458107559	0.052742158	0.171958069
Skiv2l	3963	-0.214091162	7.352870113	4.457271983	0.052761617	0.171971709
Fn3krp	2599	-0.674730077	1.401735034	4.454225574	0.052832634	0.172153341
Uqcr10	583	0.200341242	8.404264527	4.453136111	0.052858059	0.172186349
Narf	4412	-0.261258977	5.899933325	4.450787891	0.052912908	0.172315162
Mterf4	1330	0.278107467	3.935476891	4.448425211	0.052968162	0.17234554
Tmco3	12365	0.223808362	4.535445415	4.448508001	0.052966225	0.17234554
Gnptg	3575	-0.176250968	5.764057421	4.448735178	0.052960909	0.17234554
Bmp2k	11879	-0.35155138	3.551335861	4.446075346	0.053023184	0.172375111
Dcaf15	2993	-0.22018938	5.232972295	4.44702659	0.053000903	0.172375111
Tbrg1	1565	0.15221666	7.339528703	4.446221292	0.053019765	0.172375111
Tnfrsf21	3626	0.679100257	1.655459155	4.441298199	0.05313525	0.172589913
Frmd6	5632	0.442444289	4.46831754	4.441745381	0.053124747	0.172589913
Zfp207	8374	0.215937357	8.211831512	4.442470973	0.053107712	0.172589913
Inpp5b	4519	-0.141436553	8.107436676	4.440069714	0.053164113	0.172633858
Mpnd	1701	-0.13780746	6.378214742	4.438921582	0.053191106	0.172671703
Ccdc186	6450	-0.36760326	4.232578523	4.436663882	0.053244231	0.172794336
Gm8493	4968	-0.894688225	1.492620823	4.43553449	0.05327083	0.172830836
Trav5-4	347	-0.744624383	2.172893592	4.433254033	0.053324586	0.172955398
Oaf	2388	-0.901874082	0.914882418	4.429675108	0.053409079	0.172980267
Gnb5	2706	-0.493536856	2.347769067	4.42982285	0.053405588	0.172980267
Cdon	22159	-0.306962081	4.035716347	4.431545127	0.053364911	0.172980267
Gpr180	3339	0.260607162	4.58745269	4.430818589	0.053382066	0.172980267
Pofut2	2387	0.210689659	5.384030757	4.431333424	0.053369909	0.172980267
Bex3	938	-0.196037961	6.312522795	4.425152889	0.053516067	0.17327693
Lipt1	2267	0.791138463	1.25450853	4.423818195	0.053547692	0.173279655
Gm39326	29670	-0.404703828	2.633782581	4.424192111	0.05353883	0.173279655
Kdelr2	1850	0.204754472	6.239161434	4.420826419	0.053618661	0.173459451
Ssr2	1293	0.154629472	7.168965343	4.413556467	0.053791577	0.173968851
Emp2	3440	2.269636321	0.68339849	4.412674618	0.053812596	0.173986849
Trbv24	347	-0.71196246	2.126583275	4.409470861	0.053889041	0.174142151
Pfdn4	1059	0.409259947	4.265906598	4.409365131	0.053891566	0.174142151
Rabep2	2882	-0.29307367	5.721244591	4.408650354	0.05390864	0.174147337
Dnajb13	1746	-0.469978915	2.903442563	4.405691708	0.053979381	0.174325837
Aaas	1816	0.195729833	6.523229986	4.403514012	0.054031519	0.174344179
Cox5a	3153	0.184711776	8.411590353	4.403720811	0.054026565	0.174344179
Rps3	1879	0.16548752	10.79454928	4.40405704	0.054018512	0.174344179
Pgap6	3464	-0.480454403	3.812478532	4.401614606	0.054077043	0.174441074
Pmpca	4718	0.185570671	6.757701004	4.398311383	0.05415632	0.174646764
Rpl23a	560	0.225430877	9.477001387	4.395957671	0.054212893	0.174779138
Tmem245	17719	0.260678162	4.551439963	4.39410526	0.054257466	0.174848525
Gm13012	3975	0.237718682	5.27561908	4.393772488	0.054265478	0.174848525
Banf1	1209	0.148528957	8.167824953	4.391898103	0.054310631	0.174943944
Gm12764	5916	0.55650076	2.399205742	4.391122714	0.054329323	0.174954095
Mrps9	3465	0.206852426	5.75266548	4.387702997	0.05441185	0.175169749
Gm11655	13173	0.460010291	3.536405299	4.386893813	0.0544314	0.17518259
Zfp119a	4194	0.290598899	3.369343618	4.382956969	0.054526631	0.175438928
2310022A10Rik	2976	0.244565024	5.269266232	4.376078432	0.054693492	0.175925524
Afg3l1	4270	0.14355622	6.496359365	4.374047177	0.054742882	0.176034095
Alg9	4095	0.279227128	4.545575349	4.372793684	0.054773387	0.176081893
Gnb1l	5960	0.265003832	4.407963193	4.370011723	0.05484116	0.176235595
Yy1	6381	0.206809333	5.853047106	4.368904503	0.054868161	0.176235595
Ighm	1491	-0.166256195	9.08454365	4.369430547	0.054855331	0.176235595
Stard3nl	7863	0.202059831	5.698157209	4.368128944	0.054887084	0.176246089
Ttc32	1000	0.283280568	4.170406821	4.362884736	0.055015237	0.176607225
Map3k11	5048	-0.146158085	6.299008345	4.361306149	0.055053882	0.176680902
Pigw	2735	0.641827935	1.98407472	4.359256717	0.055104102	0.176791672
Mtch1	2186	0.276930699	4.872247587	4.357817527	0.0551394	0.176854521
Kifc1	2346	-0.26796474	5.100608873	4.356961818	0.055160401	0.176871487
Rab6b	8269	-0.833270234	1.910203865	4.353145967	0.055254162	0.177076724
Rbm7	1919	0.163962814	6.821436395	4.353076717	0.055255865	0.177076724
Tgtp1	2809	0.575299226	2.751668688	4.351388944	0.055297398	0.177159392
Sipa1l1	9047	-0.228626934	5.899513337	4.3461833	0.05542573	0.17752002
C920006O11Rik	1447	-0.720555105	1.838408281	4.338292098	0.055620939	0.178094577
Slc25a23	3839	-0.701580424	2.51773879	4.334389017	0.055717792	0.178353966
Zfp773	3025	0.737612106	1.096683992	4.33262782	0.05576156	0.178443332
Fam13b	6874	-0.358984742	4.430998408	4.328554969	0.055862931	0.178716931
U2surp	7736	0.135362659	6.964302914	4.327036612	0.055900778	0.178787205
Arpc3	901	-0.162850628	8.678414624	4.317958759	0.056127687	0.179461942
H2-Q5	1181	0.374226137	4.163559619	4.315604916	0.0561867	0.179599623
Zfp212	2709	-0.320805829	3.869259924	4.314081072	0.056224944	0.179670854
Cmas	2018	-0.513889397	5.389271789	4.305656528	0.056436929	0.180245941
Ly96	603	-0.468094574	3.279311484	4.305806929	0.056433136	0.180245941
Rusf1	2727	-0.328581909	3.619352345	4.304941812	0.056454956	0.180252382
Trav3-3	343	-0.521607746	4.011269073	4.302644241	0.056512955	0.180335274
Got2	2385	0.220550176	8.133217189	4.302748549	0.05651032	0.180335274
Mrpl21	1973	0.187202772	6.266451469	4.301354413	0.056545546	0.180388142
Tnrc18	25797	-0.271893049	5.025611574	4.298187029	0.056625671	0.18059258
Zfp740	4941	-0.183464651	6.368126504	4.296893196	0.05665844	0.180645913
Cfap20	1366	0.182551407	5.733457735	4.294982007	0.056706886	0.180749184
Zhx3	4480	-0.425647127	2.817396574	4.29420702	0.056726544	0.180760666
Gm22146	4248	1.128097863	0.91066729	4.292851334	0.056760952	0.180819129
Sertad1	1336	-0.35750814	5.507375707	4.291760849	0.056788647	0.180838109
Aebp2	9105	-0.222926457	6.340546626	4.291351944	0.056799036	0.180838109
Ctnnbip1	2787	-1.077021563	1.394215399	4.289264296	0.056852113	0.180955918
Trim24	7365	0.337765747	4.253297407	4.286426482	0.056924355	0.181134648
Inpp5f	5522	-0.204105629	5.912957814	4.280633235	0.05707217	0.181553683
Cstf1	3395	0.214649154	5.889661684	4.279356194	0.057104814	0.181606215
Atp2a2	5725	0.234746231	5.931203205	4.275293863	0.057208806	0.181847924
Rps19	984	0.190155882	10.68133256	4.27512537	0.057213124	0.181847924
Abhd12	2461	-0.161433228	5.819533338	4.273834674	0.057246214	0.181901743
Tlcd1	1711	0.688098869	1.449443907	4.271298959	0.057311289	0.182057136
Imp3	899	0.168095881	6.044086435	4.27019882	0.057339549	0.182095528
Snhg10	529	0.785568083	1.107735144	4.268894357	0.05737308	0.18215063
Kctd18	4623	-0.209087689	4.508430305	4.26724122	0.057415606	0.182234253
Zfp617	2948	0.376421369	3.706500553	4.266568228	0.057432929	0.182237857
Pramel12	5445	-0.215015365	5.202218469	4.264692336	0.057481248	0.182339784
Dyrk1b	13573	-0.384417793	4.029637407	4.262983599	0.057525303	0.182428131
Mapre3	2736	-0.814739685	1.817787242	4.261907546	0.057553067	0.182433108
Acsl4	5545	0.245341116	5.901389546	4.261666737	0.057559282	0.182433108
H2bc4	2303	-0.521562133	2.338555972	4.259743721	0.057608944	0.18253912
Spred1	7087	0.460970353	2.140422219	4.255646237	0.057714931	0.182699728
Gm36279	7035	-0.456469133	2.142439569	4.255625325	0.057715473	0.182699728
Rapgef2	37617	-0.410346504	3.127778708	4.254648488	0.057740774	0.182699728
Smpd5	2120	-0.409688187	2.970524718	4.255180744	0.057726986	0.182699728
Setd5	16748	0.15943767	6.603782474	4.256443917	0.05769428	0.182699728
Atp1a1	3702	0.248578784	7.492721845	4.252021496	0.057808882	0.182812469
Dcaf11	4248	-0.140770121	7.129225978	4.252320526	0.057801124	0.182812469
Esd	2267	0.150499798	7.417221697	4.250826067	0.057839906	0.182859214
Ifitm3	648	0.921061561	1.048232216	4.249627175	0.05787104	0.182906279
2410022M11Rik	1911	-0.531990018	2.602274152	4.248851929	0.057891183	0.18291859
Tbx6	1715	-1.241052395	0.883389418	4.247421997	0.057928358	0.182973824
Sidt1	4643	-0.289261495	5.284346457	4.246929447	0.057941169	0.182973824
Slc25a22	3430	0.252490213	5.387935594	4.246176898	0.05796075	0.182984332
Sf3b4	1741	0.196482719	7.258718081	4.242825967	0.058048035	0.183208516
Ttll4	8339	0.406792091	4.146194501	4.241793111	0.05807497	0.183242156
Gtf2f2	1748	0.212332012	5.310303459	4.240732822	0.058102636	0.183278081
Rad50	5153	0.186361426	6.054804864	4.236839206	0.058204364	0.183547544
Atrnl1	7207	-1.00566071	0.681381677	4.235488233	0.05823971	0.183607577
Ado	4445	0.620788755	1.213151277	4.228252925	0.058429443	0.184104429
Hnrnpa3	5411	0.194917837	8.699413531	4.22823108	0.058430017	0.184104429
Vamp2	2164	-0.263122493	5.454682217	4.221459617	0.058608249	0.184612427
Prps1l3	4006	0.182977966	6.158400378	4.220860927	0.058624039	0.184612427
Dmap1	1757	0.197911013	5.372349001	4.218511744	0.058686042	0.184756
Nars2	15898	0.287589995	4.129327483	4.216208932	0.058746896	0.184895878
Dusp19	1463	0.23432306	4.481449115	4.214808282	0.058783946	0.184960779
Bphl	1373	-0.291863542	4.49738975	4.212034722	0.058857394	0.185140136
Ubc	2408	-0.204943576	8.561533748	4.206411302	0.059006645	0.185557767
Rnh1	2015	-0.210452122	7.243942099	4.203748538	0.059077472	0.185728619
Ggt1	2976	0.811389051	2.216073359	4.199808642	0.059182456	0.185954811
Dnmbp	10667	-0.307347538	3.910566153	4.200021185	0.059176787	0.185954811
Bcor	10316	0.227388705	6.127503896	4.19847695	0.05921799	0.186010337
Pdrg1	1527	0.143839711	7.234726052	4.197908253	0.059233173	0.186010337
Rbbp7	2587	0.183153269	8.922982892	4.191113603	0.059414927	0.186493081
Acap1	2632	-0.17987975	8.84898141	4.190923239	0.059420029	0.186493081
Acsl3	3950	-0.420358781	3.830543922	4.186864508	0.059528924	0.186782783
Grap2	5620	-0.200951815	7.020289762	4.184956353	0.059580201	0.186891586
Dusp5	1815	0.545738412	3.424248282	4.18374265	0.059612843	0.186941891
Gm32262	56275	-0.673801376	1.851629787	4.1816876	0.059668162	0.18706326
Pcna	1260	0.204416695	8.474681139	4.178814927	0.059745592	0.187253861
1810062G17Rik	911	-1.095780316	0.334116814	4.177541152	0.059779963	0.187257323
Commd8	4230	-0.186718682	7.303956234	4.178019331	0.059767057	0.187257323
Vhl	2758	-0.185331033	5.278447274	4.176921836	0.059796683	0.187257594
Naprt	1891	-0.558657887	2.847634089	4.176241311	0.059815061	0.187263059
Il3ra	3049	-0.418195875	3.406084444	4.174977443	0.059849212	0.187317884
Trbv26	267	-0.451925972	3.376112721	4.168754669	0.060017692	0.18779299
LOC118567594	16526	-0.84823119	0.919048402	4.164856765	0.060123513	0.188071828
Gm29243	452	-0.800699528	1.758025079	4.161386363	0.060217913	0.188314797
Taf11	2806	0.182698338	5.236893655	4.156385865	0.060354243	0.188688718
Gm30569	2455	1.428366528	0.334975766	4.152994792	0.060446903	0.188861946
Pofut1	6538	0.213190515	4.876416301	4.152516709	0.06045998	0.188861946
Rela	2872	-0.142648145	7.203379225	4.152927938	0.060448731	0.188861946
Kcnb1	11501	-0.824242529	1.207303018	4.151265333	0.060494225	0.188916499
Rpl17-ps10	617	0.407109343	2.871721121	4.14981518	0.060533937	0.188935699
Nol7	1811	0.162659986	7.176990329	4.149991076	0.060529119	0.188935699
Pgam2	906	0.549056784	1.271677468	4.148491928	0.060570202	0.188977096
Erlin1	3788	0.463420728	3.501670593	4.148106394	0.060580773	0.188977096
Plekhm1	5986	-0.246479377	4.829773421	4.144992045	0.060666242	0.18919129
Ankrd11	9661	-0.199314356	6.77636583	4.143561642	0.060705546	0.189261434
LOC118568556	5499	1.059794194	0.415981663	4.141211007	0.060770201	0.189410553
Tmbim1	2309	0.380038594	2.781514341	4.139026605	0.060830356	0.189493123
Eif4h	2494	0.201407551	8.878670849	4.139531728	0.060816439	0.189493123
Itga6	6065	-0.381716294	4.330480855	4.136658232	0.060895657	0.189644069
Mboat4	1942	-0.746994903	1.253680851	4.135069809	0.0609395	0.189728122
Scfd1	5030	0.171204923	6.226809133	4.134133283	0.060965367	0.189756179
Orc1	3014	0.556969961	4.348083031	4.13208875	0.061021882	0.189774683
Mrps18c	502	0.212080476	6.887533532	4.132837342	0.061001182	0.189774683
Eif1	1261	0.183269205	9.719971437	4.132198283	0.061018853	0.189774683
Becn1	2414	-0.140020893	7.093602777	4.13139641	0.061041034	0.189781818
Angptl2	3524	-0.496769179	7.122341331	4.128980055	0.061107932	0.189937356
Zfp810	4464	-0.274945881	4.160642359	4.12787389	0.061138586	0.189980183
Ttc5	3661	-0.147724768	6.644430756	4.127128805	0.061159244	0.189991934
Dcun1d3	6420	-0.4503908	3.051598839	4.124556541	0.061230625	0.190161206
Ldlrap1	6562	-0.229660757	5.857444182	4.123474569	0.061260679	0.190202075
Sec31a	4612	0.163689687	7.204432693	4.122781078	0.061279952	0.190209456
Tcta	1840	-0.347813774	3.944623155	4.121874051	0.061305169	0.19023528
Hyou1	4774	0.270758121	6.043363293	4.117514675	0.061426543	0.190559387
Krt222	3233	-0.679828675	1.071950604	4.112973569	0.061553278	0.190899947
St6galnac4	3994	0.282555675	5.77760292	4.111100505	0.061605643	0.191009729
Tnfsf10	4944	0.402228225	3.177043351	4.105978036	0.061749119	0.191401868
Trp53rkb	5238	0.486504608	2.684396027	4.102493134	0.061846955	0.191429395
Cd8b1	1481	0.2434158	6.089852674	4.104539888	0.061789472	0.191429395
Abcc1	7924	0.241078917	5.209429617	4.102028145	0.061860023	0.191429395
Gse1	15251	-0.228596416	4.709305756	4.103397049	0.061821561	0.191429395
Mgat5	6639	0.20468474	5.299458234	4.103059205	0.06183105	0.191429395
Zbtb17	3674	-0.192109408	5.689525662	4.104190116	0.061799291	0.191429395
Cep63	5487	-0.191109609	5.023033516	4.099231535	0.061938688	0.191620155
Osgin2	4996	0.256650479	4.277626028	4.097454678	0.06198873	0.191722285
Cln5	2447	-0.201778075	4.907939395	4.096841425	0.062006012	0.191723066
5430416N02Rik	626	0.346019353	3.554097538	4.095546732	0.062042517	0.191730622
Phf20l1	11835	-0.275148922	6.427463489	4.095612744	0.062040655	0.191730622
Gga2	4891	0.248914749	4.161454732	4.094918486	0.06206024	0.191732761
Rps20	3446	0.187393752	9.529570396	4.088595329	0.062238953	0.192232135
Vps18	4057	-0.202799216	4.54334675	4.084885892	0.062344077	0.19250401
Rnaset2b	1013	-0.288143854	5.34260456	4.08234527	0.062416199	0.192568256
Nsdhl	2218	0.23938273	5.761377215	4.082871604	0.062401249	0.192568256
Kdm2a	8541	-0.15457488	6.338543488	4.083408593	0.062386002	0.192568256
Ints8	5115	0.227760882	5.772493992	4.080246677	0.062475847	0.192699475
Krt19	1416	2.815240881	-0.089180548	4.078929999	0.062513305	0.192762199
Zdhhc18	4448	-0.222173696	5.54813341	4.075109398	0.062622148	0.193044947
Rundc3a	3093	-0.965786725	3.918003199	4.07430928	0.062644971	0.193062437
Srd5a1	3048	0.713679457	0.909612023	4.073357274	0.062672139	0.193093306
Gnl3l	4938	0.15300445	6.36385572	4.071393829	0.062728215	0.193213199
Hspbap1	7498	-0.256178316	4.44391599	4.070453046	0.062755105	0.19322322
Kidins220	9490	-0.212598877	5.66966684	4.070079167	0.062765795	0.19322322
Mfsd4a	20799	-0.200949785	6.407605443	4.066905881	0.062856614	0.193449906
Rab32	2054	-0.344018864	3.905602775	4.065113543	0.062907979	0.193555076
Drosha	4713	0.239537599	5.668812392	4.062835986	0.062973321	0.193703183
Dcaf1	5936	0.24070196	5.426430952	4.059604877	0.063066159	0.193935759
Ccne2	3257	0.458143771	3.521283139	4.057010818	0.063140809	0.194059305
Utp3	1629	0.159878003	6.704579009	4.057162399	0.063136444	0.194059305
Gm46060	16222	0.547530896	2.450046808	4.055094285	0.06319603	0.194176011
Scamp3	1579	-0.555773197	1.698050223	4.054386237	0.063216445	0.194185741
Etv3	5474	-0.285876157	5.186476681	4.053216345	0.063250194	0.194236411
Psrc1	1773	-0.563779904	2.401744364	4.04143172	0.063591347	0.195025291
Letm2	7052	-0.482022786	3.022192445	4.04095876	0.063605084	0.195025291
Rps24	1961	0.227395469	9.400002617	4.040754408	0.06361102	0.195025291
Sike1	2798	-0.205138549	5.441086668	4.042235953	0.063567996	0.195025291
Eya3	5415	0.185617698	5.098605757	4.040801515	0.063609652	0.195025291
Msn	3840	-0.174597682	10.13716433	4.042787463	0.063551989	0.195025291
Hddc2	7673	0.22926518	6.056312661	4.039237484	0.063655108	0.195107326
Myh9	7435	-0.180754699	9.839680142	4.037959337	0.063692284	0.195168137
Rpl24	679	0.168232768	8.987762236	4.036528638	0.063733928	0.195242601
Zdhhc24	2562	-0.345695138	3.042983397	4.033278034	0.063828664	0.195479624
Itga4	13214	-0.181031275	6.829508967	4.029853225	0.063928657	0.195732615
Trpv2	3359	-0.18736358	7.15488565	4.028610052	0.063965	0.195790639
Fcgr3	2799	-1.102519545	0.576812434	4.027022007	0.06401146	0.195879592
Rapgef5	7489	-1.133803915	1.132480866	4.025917517	0.064043797	0.19592529
Uba3	3606	0.208798593	5.570943542	4.025098498	0.064067788	0.195945439
Cpeb2	14970	-0.937709786	0.95403054	4.023367491	0.064118529	0.196047366
Hsd17b4	2685	-0.139260737	6.133497379	4.021443713	0.064174977	0.196166682
Rae1	1990	0.150103374	7.441008881	4.017055934	0.064303944	0.19645422
Spag7	1208	0.1309376	6.433131808	4.017537195	0.064289784	0.19645422
Dusp16	5391	0.959175158	0.476864801	4.015848354	0.064339491	0.196493561
Sh3glb2	4043	-0.13674209	6.482781794	4.015432839	0.064351728	0.196493561
Jpx	3802	-0.78715062	0.95074385	4.012518496	0.064437633	0.196608836
Nek4	5589	0.40651417	3.443295654	4.012374782	0.064441873	0.196608836
Slc36a4	5739	-0.334687041	4.091948214	4.013407699	0.064411408	0.196608836
Ccdc88a	13742	0.431193873	2.660440046	4.010406581	0.06449997	0.196732772
Alkbh2	1948	0.419134406	3.405193957	4.008823311	0.06454675	0.196822131
Mrpl53	620	0.264815467	4.632511481	4.007809446	0.064576727	0.196860219
Arl8b	2928	0.161767649	6.689549365	4.006825341	0.06460584	0.196895654
Ncoa1	8620	0.3499033	4.137038621	4.00446088	0.064675852	0.19705568
Ip6k1	4412	-0.195811167	6.487248137	4.002784419	0.064725546	0.197153734
Ttll12	3770	-0.219175068	6.326694646	4.001616782	0.064760185	0.197205886
Lynx1	3952	0.661895666	1.072935255	4.000241545	0.06480101	0.197276845
Chpf	3235	0.294011037	5.607435215	3.999087802	0.064835284	0.197327825
Uxs1	4877	0.271729931	3.846250055	3.991044262	0.065074826	0.19800335
Pxk	3557	-0.216345492	5.597441255	3.990364253	0.065095126	0.198011598
Pgap2	7316	-0.178827475	5.484126642	3.982977561	0.065316113	0.198630146
Riok3	6585	-0.154152413	6.886764	3.979322024	0.065425805	0.198909995
Cdkn1a	2036	0.776448632	1.077132465	3.975519726	0.065540132	0.199203781
Rpp40	2821	0.343313809	3.403177332	3.973634551	0.065596903	0.199214981
Epsti1	2322	-0.262732239	6.040913273	3.974673632	0.065565605	0.199214981
Herc3	9041	-0.208055792	5.97917244	3.973991313	0.065586155	0.199214981
Tmem68	3011	0.288774959	4.594272775	3.972758237	0.065623313	0.199241439
Slain1	3013	0.250777991	4.687463121	3.971734365	0.065654185	0.199281429
Tpi1	1469	0.359080545	7.980896378	3.970769534	0.065683294	0.199316043
Gab2	6008	-1.097541833	0.592827891	3.968847348	0.06574133	0.199378222
Mst1	2445	-0.710119975	1.498055678	3.968343018	0.065756567	0.199378222
Cln8	7300	0.29652578	3.711622738	3.968331534	0.065756914	0.199378222
Abcf3	3355	0.167520187	6.284465727	3.967682481	0.06577653	0.199384
Nanp	1469	0.490908685	1.932168573	3.963265392	0.06591021	0.199735436
Lgalsl	4059	-0.361664064	3.25804161	3.962557287	0.06593167	0.199746702
Ubac1	4452	0.242986291	5.788231855	3.960240006	0.066001957	0.199798342
Shkbp1	2448	-0.195521154	6.483918489	3.960772243	0.065985806	0.199798342
Septin7	3257	0.144508911	9.41792372	3.960417885	0.065996559	0.199798342
Fam234b	4604	-0.227187609	5.755278411	3.951122992	0.066279355	0.200584133
Fuca1	2523	-0.158822759	6.384713387	3.942983416	0.066528181	0.20128306
Ccrl2	2249	1.377583824	0.881394986	3.941550083	0.066572113	0.201296708
Trbj1-3	50	-0.738994663	2.74470603	3.94108637	0.066586333	0.201296708
Dbr1	2780	0.261625208	5.708389706	3.942154004	0.066553599	0.201296708
Foxj2	5013	0.299035612	4.148748244	3.939452431	0.066636468	0.20139419
Gm20275	1353	0.519496168	2.692260631	3.935387185	0.066761399	0.20170709
Adat1	12391	0.473687506	2.936939478	3.933746084	0.06681191	0.20170709
Cdca7	2694	0.34105754	7.187482183	3.93258621	0.066847638	0.20170709
Nol9	4034	0.331980047	5.564991072	3.932009307	0.066865417	0.20170709
Spata2l	2800	-0.284821724	4.049755974	3.932329143	0.066855559	0.20170709
Pdia6	2146	0.192516428	8.033179688	3.932711729	0.06684377	0.20170709
Ext2	4929	-0.153052558	6.675845491	3.934749924	0.066781008	0.20170709
Bag5	2655	0.232134611	4.981408965	3.928749543	0.06696598	0.201956335
Chd9	35307	-0.215570504	4.978307084	3.927409161	0.067007382	0.202027078
Dcun1d5	22973	0.239494969	7.037308237	3.926044446	0.067049568	0.202100143
Gtpbp2	4766	-0.181104192	6.280597203	3.924769258	0.067089014	0.202164915
Nckipsd	3798	0.368271374	4.000112355	3.923388802	0.067131748	0.202239556
Gemin2	1590	0.223319585	4.926303648	3.921903427	0.067177766	0.202324048
Exoc2	6403	-0.160431812	6.487394414	3.920843237	0.067210634	0.202348487
Mavs	3728	0.159159314	5.646110273	3.920482322	0.067221828	0.202348487
Tasor	12199	-0.228955297	4.803530989	3.917640726	0.067310036	0.202505713
Tmem69	2564	0.220942107	4.927428957	3.917648109	0.067309806	0.202505713
Rgmb	6199	-0.742468603	0.919156862	3.914314408	0.067413464	0.2027263
Crebl2	11468	0.580099491	2.871952826	3.913719013	0.067431997	0.2027263
Ptpre	6078	-0.221377209	4.505524469	3.913546204	0.067437377	0.2027263
Smg7	11431	0.176623881	6.372893789	3.911532883	0.067500098	0.202860678
Nek1	5669	0.373797748	3.769743597	3.910590885	0.067529467	0.20289478
Lztfl1	6678	0.397795746	3.419116889	3.908340111	0.067599703	0.203044499
Tepsin	2938	-0.233204072	4.71386345	3.907838447	0.067615369	0.203044499
Man2b1	4883	-0.194422845	7.332480624	3.906932251	0.06764368	0.203075345
Ndufa4	497	0.152877958	8.645110665	3.904327973	0.067725118	0.203265629
Fnta	1924	0.132212686	6.847299608	3.903635913	0.067746779	0.203276448
Slc26a10	4974	0.387754333	2.968769946	3.901880106	0.067801771	0.203387246
Glrx	1328	-0.207213626	6.82802105	3.901114921	0.067825753	0.203404989
1810041H14Rik	764	-0.497321609	3.38248143	3.893135348	0.068076448	0.204102438
Ythdf1	3171	0.281415669	4.517661	3.888930639	0.068208991	0.204336567
Trpm7	9044	0.19576677	6.241378725	3.889253	0.068198819	0.204336567
Ccdc69	1857	-0.169806764	6.039574605	3.889602853	0.068187781	0.204336567
Kmt5b	10770	-0.221175627	6.0042036	3.886665428	0.068280523	0.204496442
Nanos1	3928	-0.617175972	2.226274032	3.886028727	0.068300645	0.204502303
Clcc1	3882	0.172046795	5.726604733	3.883504495	0.068380489	0.204686931
Vcl	5501	0.450134862	3.0239219	3.880336688	0.068480847	0.204715182
Phtf1	4619	-0.291610139	5.829389408	3.88114342	0.068455273	0.204715182
Scaf1	6703	0.242285284	5.58477706	3.882302443	0.06841855	0.204715182
Tnfrsf13b	2923	-0.151088477	6.681236164	3.880875604	0.068463762	0.204715182
Ube2l3	2629	0.136050156	8.388889345	3.881982837	0.068428674	0.204715182
Cryl1	1410	-0.207234322	5.182377534	3.877740809	0.068563217	0.204907006
Cbwd1	2055	0.257169427	3.7141091	3.875035613	0.06864918	0.205109466
Nemf	3868	0.130187915	6.563645593	3.874116693	0.06867841	0.205142355
Pex10	1647	0.357937756	3.311534333	3.87265245	0.068725016	0.205172695
Abi1	3769	-0.156981507	7.277903324	3.873119294	0.068710153	0.205172695
C1qtnf4	6418	-0.994555276	1.103503326	3.869737788	0.068817901	0.205302685
Arhgef12	19447	-0.494344413	2.755782197	3.870581061	0.068791012	0.205302685
Lyrm9	5053	0.345778521	4.099562753	3.869569561	0.068823266	0.205302685
Snx8	4884	0.523714017	2.012857374	3.86765379	0.068884405	0.205381312
Ndufs5	509	0.161688044	6.567544519	3.867600379	0.068886111	0.205381312
LOC118567667	8698	-0.675911376	2.282519256	3.86272689	0.069041936	0.205791399
Abca3	6603	-0.293678003	5.148830044	3.858014291	0.069193015	0.206187127
Slc17a9	5712	0.290099666	4.189507766	3.855690538	0.069267656	0.206354927
Med11	908	0.167088222	5.738080732	3.855055979	0.069288055	0.206361091
Nckap1l	4838	-0.205613336	8.085002394	3.851628781	0.069398353	0.206634926
Paip2	3230	-0.19059105	7.968374632	3.847444922	0.069533285	0.206981946
H2-T10	2897	-0.206096095	4.846106868	3.844894249	0.069615698	0.207172491
Dcun1d2	3081	0.22648825	5.083139742	3.843706231	0.069654123	0.207177311
Tmed5	3960	0.184287144	6.727750229	3.843888033	0.069648242	0.207177311
Mphosph9	8165	-0.212814467	4.891665673	3.841319549	0.069731394	0.207352361
Kif14	10032	-0.369811961	4.261737108	3.838844889	0.069811621	0.207536105
Trp53inp2	5290	-0.388319648	2.940724592	3.838035934	0.069837871	0.207559332
Ctsl	3576	-0.520616068	2.464259119	3.835899934	0.069907237	0.207665521
1110051M20Rik	5946	-0.374351777	3.54862058	3.83544917	0.069921887	0.207665521
Gpn2	1356	0.231017187	4.550931144	3.835232212	0.069928939	0.207665521
Foxp1	32491	0.2341369	7.891489859	3.833011154	0.070001181	0.207825237
Atxn2l	9253	0.146868109	7.362491044	3.83116165	0.070061406	0.207949199
Pgp	2593	0.324210862	6.395462073	3.829098937	0.070128647	0.208093912
Atg5	2447	0.178676215	5.966911593	3.828036269	0.070163317	0.208141931
Atp6v0c-ps2	1133	0.547041633	1.353131677	3.825000523	0.070262475	0.20829134
Ccnt1	9802	0.185465082	5.639131983	3.824915451	0.070265256	0.20829134
Rab11b	6245	-0.130152664	7.552678483	3.824795194	0.070269187	0.20829134
Btg1	5010	-0.444281409	8.502601971	3.821168927	0.070387864	0.208526665
Washc2	5158	-0.21015132	5.833396547	3.821122731	0.070389378	0.208526665
Ccdc115	1705	0.186920556	5.931953883	3.820672061	0.070404144	0.208526665
Abca1	10432	0.972974819	3.279623415	3.817694031	0.070501811	0.20865126
4931414P19Rik	6037	-0.40947489	2.411882992	3.818179741	0.070485871	0.20865126
Supt20	4314	-0.158334046	7.356235186	3.818492932	0.070475595	0.20865126
Tbc1d8b	5925	-0.415397286	2.846914252	3.81380783	0.070629505	0.208974237
Top1mt	2238	0.321055667	3.497796336	3.811316103	0.070711524	0.209161938
Pi4kb	3831	-0.317660477	4.169681904	3.810425046	0.070740882	0.209193813
Prdm1	9742	0.772936507	1.090514718	3.805556355	0.070901548	0.209613872
Bdh1	3651	0.172954847	5.917172923	3.803388525	0.070973225	0.209770693
Ubb	1620	-0.157113743	10.93136377	3.798910487	0.071121561	0.210153946
Mrnip	2192	-0.370626989	3.548369123	3.797143693	0.071180188	0.210161697
Mrm1	2477	0.283054723	4.347580913	3.797451084	0.071169983	0.210161697
Akr7a5	1698	0.209789865	4.359257308	3.797908189	0.071154813	0.210161697
Nid2	4884	0.845828213	1.025294154	3.793222489	0.071310509	0.21049127
Iscu	1668	0.268232321	5.619996928	3.79045063	0.071402802	0.210708453
Gcn1	8691	0.276182655	6.570363263	3.789299286	0.07144118	0.21071124
Ube3b	5317	-0.169650373	6.872938359	3.78968384	0.071428359	0.21071124
Osgepl1	2661	0.263703842	4.182342927	3.788331244	0.071473467	0.210751254
Tbrg3	7979	0.970421642	1.373162267	3.786298923	0.071541306	0.210840844
Armc1	5989	0.171491297	6.140526999	3.786421929	0.071537198	0.210840844
Myo9b	10485	-0.232053357	6.828189336	3.784680414	0.071595387	0.210945007
Dnajc21	6859	0.384578828	3.251461729	3.781450355	0.071703462	0.211152912
6530402F18Rik	4292	-0.334273455	3.721744012	3.781728225	0.071694158	0.211152912
Gm11946	13145	-1.297018768	0.309332005	3.77984946	0.071757099	0.211255602
Camkk2	9579	-0.252028551	4.248654674	3.779237586	0.071777612	0.211260747
Rnf31	3432	-0.14995573	6.032300964	3.778485997	0.071802818	0.211279699
Zfp287	16364	-0.392815096	4.107348275	3.777616985	0.071831976	0.211297316
Rab3d	4241	-0.290682835	4.245770934	3.777188954	0.071846343	0.211297316
Washc3	15171	-0.17707082	6.682182338	3.776315245	0.071875679	0.211328387
Slc22a17	6366	-1.113964433	0.643544569	3.773711258	0.071963197	0.211522891
Ep400	11840	-0.182210888	6.330293388	3.773229282	0.07197941	0.211522891
Ccser2	10490	-0.238172832	5.499226512	3.771361802	0.072042269	0.211652366
Emc2	1278	0.127868997	6.34526585	3.770690551	0.072064879	0.211663557
Eea1	8171	0.284844392	6.245551475	3.769245377	0.072113587	0.211751373
Gm46358	12767	0.520915004	2.519123417	3.764168727	0.072284999	0.212033487
Btbd11	7798	-0.368426136	5.101248582	3.765399199	0.072243408	0.212033487
Psmd14	1541	0.162677421	8.066203869	3.764569618	0.072271446	0.212033487
Mrpl27	2599	0.133782344	6.40222403	3.764588955	0.072270792	0.212033487
Dis3l2	6300	-0.218999264	5.057460187	3.760791368	0.072399304	0.212313458
Ston2	12385	-1.25477959	0.400466972	3.75670547	0.072537876	0.212664429
Spata13	14068	-0.183498513	8.094823332	3.754907736	0.072598946	0.212788058
Ap3m2	3753	-0.283703308	4.231338092	3.753407641	0.072649951	0.212882132
Rwdd4a	2952	0.172311811	5.759379721	3.751584018	0.072712015	0.212953138
Nsd3	13244	-0.150573926	6.439736246	3.751716884	0.072707491	0.212953138
Cep135	6702	-0.24558559	4.551100974	3.749479151	0.072783728	0.213052317
Srek1ip1	1882	0.206608741	4.601290535	3.749893316	0.072769611	0.213052317
Gm21011	3099	-0.524627563	2.89861376	3.74797506	0.072835025	0.213120557
Heatr6	6594	0.171695709	5.836532536	3.747130931	0.072863832	0.213120557
Rab14	3202	0.143252483	7.322017587	3.747301812	0.072857999	0.213120557
Canx	4289	0.176858666	8.821759259	3.74551898	0.072918881	0.213226171
Il9r	7514	0.549262975	4.457307244	3.74293909	0.073007088	0.213428667
Anapc11	3495	-0.179435484	5.96046639	3.741550029	0.073054633	0.213512216
Znhit1	1340	0.178010884	4.723691496	3.740808656	0.073080024	0.213530991
Lipe	4409	-0.425128234	2.461137269	3.73850969	0.073158827	0.213553223
Casp4	1489	0.279460171	5.221174116	3.73936743	0.073129414	0.213553223
Cbx3	2062	0.159127284	6.706239679	3.738405035	0.073162416	0.213553223
Dnttip2	2403	0.15174548	6.412146251	3.738373188	0.073163509	0.213553223
Psmc4	1436	0.132397944	7.926094321	3.736950518	0.073212329	0.213640331
4833438C02Rik	1788	-0.367063069	2.495607691	3.733745428	0.073322456	0.213795443
Mroh1	7977	-0.200276331	5.431963777	3.733816319	0.073320018	0.213795443
Arl6ip4	1182	0.158217657	5.970779175	3.734372994	0.073300877	0.213795443
Rhbdl1	1543	-0.575696643	1.304257976	3.729499578	0.073468647	0.214055391
Trib1	4026	0.39392543	5.236700395	3.729629631	0.073464164	0.214055391
Arid1b	12000	-0.228575575	5.24787181	3.730453009	0.073435789	0.214055391
Tnks1bp1	9075	-0.361693567	3.493523591	3.725805967	0.073596107	0.214361365
Tfdp1	3838	0.266619011	7.387709453	3.725353285	0.073611746	0.214361365
Dipk1b	1622	0.507903572	1.697421953	3.722354372	0.073715452	0.214543707
Kat14	3751	0.274067766	4.822872929	3.722983457	0.073693683	0.214543707
Orc2	3561	0.216965537	5.716075325	3.72188981	0.073731533	0.214543707
Gm36920	3003	0.401781506	2.650143814	3.72080254	0.073769185	0.2145978
Pet100	1193	-0.229607425	5.81743465	3.718065428	0.073864073	0.214818323
Ppm1k	9503	-0.2687999	3.918562514	3.715190715	0.073963886	0.215053056
Socs1	1340	-0.312184329	4.553152067	3.710100818	0.074141009	0.215508828
Mob3c	6266	0.299656724	5.021622064	3.709485975	0.074162439	0.215508828
Dpm3	927	-0.222241071	4.915338975	3.709037645	0.07417807	0.215508828
Brd3	8671	0.156884262	5.77451183	3.706419175	0.074269441	0.215718617
Akap8	5225	0.14313976	7.217871579	3.705015069	0.074318492	0.215805411
AW011738	2745	-0.316644906	3.496610319	3.701413447	0.074444487	0.216096166
Tap2	2490	-0.120625701	8.716017755	3.701055856	0.074457011	0.216096166
Smu1	3273	0.130274629	7.713922908	3.699367907	0.07451616	0.216212094
Gm40302	16285	-0.768307204	1.104779153	3.698666389	0.074540759	0.216227741
Acot8	3347	-0.201160213	4.64486804	3.697486394	0.074582158	0.216292099
Cfap410	2162	-0.385225413	3.122810486	3.696869801	0.074603801	0.216299148
Fbxo44	3060	-0.660267738	1.92556321	3.694973664	0.074670405	0.216436514
Wdfy1	7886	-0.444194097	2.978205265	3.693735	0.074713953	0.216506997
Stk25	3589	-0.167294173	6.278458628	3.691674883	0.074786448	0.216661305
Mterf2	7338	-0.285859938	3.9992994	3.69091955	0.074813049	0.21668261
Slc20a2	4308	0.408176433	3.097509124	3.688278633	0.074906144	0.216896442
Zfp109	5127	0.556420845	1.95607588	3.685626277	0.074999781	0.217055922
C330007P06Rik	7905	0.1933671	4.850241985	3.685679464	0.074997902	0.217055922
Gm11802	11717	0.542103924	2.403015675	3.683696699	0.075067989	0.217197488
Sag	3695	-0.687533713	0.869609633	3.683060693	0.075090488	0.21720676
Gcdh	4653	0.191691036	5.37044775	3.681853757	0.075133204	0.217218699
Rpn2	4458	0.15511148	8.247785181	3.682311376	0.075117004	0.217218699
Endov	8015	-0.202861126	4.811004728	3.679426098	0.075219213	0.217411528
Irf2	12548	-0.237263581	5.842931599	3.678803012	0.075241307	0.217419567
Elof1	2738	0.182798424	6.513197409	3.677448443	0.075289366	0.217502611
Cnnm2	10515	-0.54406715	1.854172161	3.671071623	0.075516099	0.218101653
Arrdc1	2398	-0.152918618	7.282117191	3.669955389	0.075555872	0.218160554
Atpif1	1550	0.173051325	7.146838924	3.667639904	0.075638454	0.218343003
Gm31718	10593	0.593833738	2.199711732	3.663952112	0.075770202	0.218667248
2610507I01Rik	2905	-0.421370362	3.179513552	3.658434856	0.07596782	0.219181372
Nop9	3828	0.207276182	6.432084427	3.657380535	0.076005653	0.219234344
Rap2a	4174	0.684067302	0.60997762	3.655528948	0.076072151	0.219324745
Ppig	6597	0.146485926	6.541606987	3.655423005	0.076075958	0.219324745
Sytl3	3501	-0.390688149	3.637867934	3.654812155	0.076097912	0.219331872
2610301B20Rik	2369	0.257137494	4.075495768	3.652465333	0.076182329	0.219518981
Gm35363	7908	-1.506902507	0.287007445	3.650565306	0.076250756	0.219579318
Uhrf1bp1	8567	0.569785504	2.072575949	3.65095996	0.076236537	0.219579318
Nhlrc2	8729	0.265488869	5.350339942	3.649718236	0.076281286	0.219579318
Rce1	1539	0.168770835	5.542551376	3.650173157	0.076264888	0.219579318
Pex13	3266	0.213321636	4.551498929	3.646789837	0.076386942	0.219827249
Endog	1531	0.525536863	2.426863255	3.64496572	0.076452845	0.219904477
Ramp1	5991	-0.372285277	6.155750746	3.64512844	0.076446963	0.219904477
Gm46485	20188	-0.378287901	4.030041156	3.643995735	0.076487916	0.219936705
Plekhb2	6482	-0.149355944	7.479305439	3.643575369	0.076503121	0.219936705
Trim44	5612	0.308256674	3.986102563	3.642264386	0.076550564	0.220016913
Ctla2b	1176	-0.384044559	2.902831565	3.639452748	0.076652431	0.220253464
Gps1	2328	0.152101425	7.097170749	3.637700722	0.07671599	0.220379847
Dnajc1	15119	0.169060566	5.694138388	3.633429105	0.076871217	0.220769429
Trav7-4	341	-0.593423561	2.28763355	3.631541516	0.076939929	0.220910412
Trappc11	4322	-0.205172983	5.484788108	3.62702642	0.077104586	0.221271834
Tmem214	2876	0.132763275	6.337262205	3.627011898	0.077105117	0.221271834
Ccdc30	16819	-0.559727963	1.354800055	3.626020155	0.07714134	0.22131937
Bbx	10759	-0.285549354	4.956743075	3.618541463	0.077415155	0.221940376
Zfp646	6621	-0.269391831	5.183377777	3.61914295	0.07739309	0.221940376
Inpp1	11524	-0.176652384	6.289996406	3.618492951	0.077416935	0.221940376
Pdlim5	6838	0.215247582	5.477655396	3.61379985	0.077589359	0.222378055
Gm14167	561	-0.63652418	1.233908097	3.612391805	0.077641179	0.222469941
Eif2ak4	5596	0.318319847	3.877027379	3.611211604	0.077684646	0.22253785
C2cd5	11121	-0.1838836	6.310916712	3.607271969	0.077829954	0.222897386
Tusc2	1661	0.239981058	5.23055175	3.605281945	0.077903477	0.223036295
Evl	2773	-0.15594963	6.867531544	3.604886938	0.07791808	0.223036295
Vps45	10788	-0.154916003	5.460906521	3.600230086	0.078090493	0.223472997
Dennd10	2391	-0.185532916	5.00788947	3.599693746	0.078110379	0.2234731
LOC115488470	12220	-0.447044514	2.304015877	3.597026533	0.078209364	0.223699445
Nfatc2	8696	-0.22386141	6.464881882	3.59539706	0.078269909	0.223702117
Zmat5	1499	-0.197734368	5.103583086	3.59540523	0.078269606	0.223702117
Atf1	3168	0.188912509	6.201861689	3.595987234	0.078247974	0.223702117
Igsf9b	17242	1.299821601	0.82506583	3.593816423	0.078328694	0.223758968
Gstt3	1894	-0.468902297	2.849573258	3.593209375	0.078351285	0.223758968
Mta1	3132	0.245917937	4.401142906	3.593445151	0.07834251	0.223758968
Psmb5	871	0.164245133	7.209832375	3.592725345	0.078369303	0.223758968
Prps2	9680	0.165469733	6.721387509	3.591669989	0.078408606	0.223814423
Pex26	5256	0.455696421	2.660182672	3.58828294	0.078534903	0.224045521
Bcr	7241	0.442088473	2.224931913	3.586577438	0.07859859	0.224045521
Ndufb2	936	0.203337071	6.87053552	3.586299571	0.078608972	0.224045521
Itpk1	2856	-0.200880891	5.42618036	3.587710157	0.078556285	0.224045521
Matr3	4472	0.129568562	8.142385929	3.588962685	0.078509537	0.224045521
Tapbp	2750	-0.119201416	9.034180604	3.586954985	0.078584486	0.224045521
Arhgef3	5871	-0.12816196	8.06198541	3.585126553	0.078652818	0.224113749
Ice2	5407	0.259893231	4.253209246	3.582915331	0.07873555	0.224179266
Akt1	3039	0.231870497	5.558862674	3.583360896	0.078718871	0.224179266
Lck	2397	-0.105691698	11.10675711	3.58367031	0.078707291	0.224179266
Slc35e4	3059	-0.915502709	0.803548462	3.580954421	0.078809003	0.224218969
Rbm19	3952	0.287913982	4.359223542	3.580948004	0.078809243	0.224218969
Id2	1272	0.273627623	6.884611148	3.581739612	0.078779581	0.224218969
Gcnt1	6519	-1.098801358	1.295967454	3.580386924	0.078830276	0.224222144
Snai3	1706	-0.801318323	1.166651863	3.57506683	0.079030037	0.224708463
Dhx36	6257	0.196555062	5.384846282	3.574770749	0.079041172	0.224708463
Srsf2	3553	0.230318949	7.218647188	3.574144553	0.079064728	0.224718685
Ccr2	4725	-1.559377329	0.468353495	3.57322959	0.079099163	0.224759812
Kctd17	3590	-0.351718957	4.48781245	3.56936568	0.079244777	0.225116755
Smo	4090	-0.554448515	3.279157398	3.566384728	0.079357335	0.225334185
Ctnnb1	3623	0.1999852	7.287137397	3.566278582	0.079361347	0.225334185
Slc29a2	7566	0.68376926	1.278016108	3.563972626	0.079448554	0.225411245
AU020206	1401	0.237768762	6.026652903	3.564007937	0.079447218	0.225411245
Zfp574	6932	0.19410769	5.507102514	3.564542911	0.079426976	0.225411245
Alyref	1408	0.362920626	4.867667794	3.556931316	0.079715553	0.225930472
Pigb	4377	0.270984065	3.905028374	3.556501039	0.079731903	0.225930472
Med21	780	0.191215417	5.899937875	3.556618843	0.079727426	0.225930472
Nt5dc1	2955	-0.153449716	6.151506525	3.557685227	0.079686914	0.225930472
Bnip2	6401	0.152330243	6.909484081	3.558611543	0.079651743	0.225930472
Nqo2	4286	-0.252916352	4.44471577	3.555919759	0.079753998	0.225936212
Pop4	1457	0.186492772	5.518770623	3.554090167	0.079823589	0.22607647
Zc4h2	2272	0.41629651	2.925226991	3.553434069	0.079848563	0.226090321
Plekhf1	2147	-0.854570864	1.058203372	3.552691674	0.079876832	0.226113496
Rad51c	4471	-0.330119577	3.102949304	3.550629913	0.079955404	0.22622215
Entpd6	4073	0.180438113	5.673204355	3.550895271	0.079945286	0.22622215
Acvr2a	5705	-0.60513039	1.534052056	3.54914977	0.080011868	0.226235401
Setd1a	5934	0.304443187	4.118784459	3.5489269	0.080020374	0.226235401
Clasp1	9900	0.215343988	5.841253626	3.549392296	0.080002613	0.226235401
Sertad2	16650	0.207760861	4.446474595	3.5480998	0.08005195	0.226267853
Ccpg1os	1039	-0.540608486	1.727485615	3.54643669	0.080115489	0.226333795
Brk1	1095	-0.147145584	7.66198479	3.54645532	0.080114777	0.226333795
Timp3	4681	2.566136555	0.279167059	3.543616946	0.080223354	0.226581664
Rabl3	2058	0.360942244	4.423038965	3.54263211	0.080261068	0.226631327
Atf4	1729	0.336947706	6.720214226	3.540819615	0.080330532	0.226770595
0610039H22Rik	730	-0.491318422	1.863050145	3.540129943	0.080356983	0.226788397
Bhlhb9	3576	0.20224049	5.457581193	3.538256705	0.08042888	0.226934418
Fh1	1632	0.146257655	6.966349846	3.535458041	0.080536438	0.227180961
Pacs2	6228	0.252824368	4.023413596	3.532022253	0.080668717	0.227497098
Mrpl23	1810	0.153908385	6.198314757	3.530747903	0.080717846	0.22757864
LOC115487645	81	0.695037576	0.687910198	3.529867917	0.080751792	0.227617345
LOC118567909	1143	-0.447645177	1.975116102	3.526745703	0.080872372	0.227900166
Bckdha	2179	-0.248899619	4.84878476	3.525514658	0.080919974	0.227977244
Map3k12	9221	-0.403624013	3.490235616	3.51923303	0.081163394	0.228498137
Wdr11	4917	-0.240874415	5.627548008	3.519172264	0.081165753	0.228498137
Cyba	759	0.116645281	9.017710237	3.519913084	0.081136999	0.228498137
Smarcb1	1657	0.124537378	7.069429827	3.516535243	0.081268205	0.228729362
E130307A14Rik	1664	-0.454601128	2.284764491	3.514605132	0.08134329	0.228883469
Man2a2	6707	-0.232939902	5.295881295	3.513678343	0.081379374	0.228927783
Lag3	2003	-0.432254521	4.568087669	3.512380182	0.081429948	0.22901283
Cfap43	7998	0.89923946	0.523171335	3.503879948	0.081762036	0.229790568
Gprasp1	5959	-0.377678648	3.529259115	3.502172019	0.081828956	0.229790568
Hps5	5173	-0.278895918	4.941636585	3.502389626	0.081820426	0.229790568
Rufy2	10303	-0.276423574	4.396973003	3.504520962	0.081736936	0.229790568
Mrps5	1434	0.198965762	5.819287944	3.503445921	0.081779035	0.229790568
Med30	871	0.135225659	6.21195527	3.502295829	0.081824103	0.229790568
Ppp3r1	2829	0.137166385	7.674714941	3.500411247	0.081898016	0.229927147
Gbp10	3528	0.65933402	2.136713309	3.499113881	0.081948945	0.230012769
Exoc5	12666	0.145282017	6.285685121	3.497724763	0.082003517	0.230108573
Zdhhc21	16937	0.289553475	4.302863909	3.496424004	0.082054658	0.230194702
Repin1	3146	0.344878061	3.217920153	3.491520676	0.082247781	0.230667501
Hccs	2746	0.185575018	5.741062197	3.491105214	0.082264169	0.230667501
Ankrd12	13693	-0.223647523	6.459209844	3.487281676	0.082415176	0.231027434
Hnrnpl	5357	0.14872802	8.702773137	3.486816361	0.082433576	0.231027434
Uap1	3309	0.366141498	4.498256135	3.48322515	0.082575748	0.231368285
Svbp	980	-0.211610973	5.283301001	3.479085462	0.082739997	0.23177081
Ugcg	3817	-0.310717723	6.131282478	3.478162814	0.082776658	0.231815824
Ccdc78	1723	0.706159083	0.575154869	3.476637669	0.082837301	0.231927962
Lsg1	2466	0.182316498	5.026660857	3.474887948	0.082906939	0.232065222
Dpy19l1	4740	0.295330301	3.409459415	3.471223365	0.083053016	0.232383203
Pcyox1	4291	0.265402932	4.097800338	3.471002654	0.083061824	0.232383203
Ift140	12914	-0.264284359	4.993938891	3.469838616	0.083108294	0.23239771
Slc35b2	2508	0.152234025	6.53173825	3.470157232	0.083095572	0.23239771
Lrrc27	4565	-0.826326861	0.896851649	3.463620699	0.083357054	0.232788495
Tirap	4868	0.566307433	1.978259876	3.462940084	0.083384337	0.232788495
Pgpep1	5603	0.407943427	2.286756278	3.463005498	0.083381715	0.232788495
Rnf126	6364	0.309381536	3.599909934	3.465164023	0.083295227	0.232788495
Rps14	597	0.215005659	10.60816565	3.463944008	0.083344097	0.232788495
Golt1b	2869	0.17922029	5.983043572	3.463176869	0.083374844	0.232788495
Dnaja2	2936	0.126780164	7.913786782	3.462729343	0.083392787	0.232788495
Atp5a1	2432	0.146213452	10.30437879	3.461414456	0.083445533	0.232827998
Ndufb5	1030	0.138309182	7.403661389	3.461345482	0.083448301	0.232827998
Slc35b1	1372	0.13983525	5.923287656	3.457478203	0.083603671	0.233203699
Lrpap1	2925	-0.15319131	6.174226957	3.45609913	0.08365916	0.233300675
Ddx24	3137	-0.150571867	7.726289363	3.455326262	0.083690277	0.233329652
Fbxl3	4591	-0.290394286	4.527500315	3.454469629	0.083724782	0.23336806
P2ry10b	3473	-0.389445957	3.206405138	3.450718251	0.083876089	0.233731932
Fam174c	651	0.227835958	4.367814472	3.447114664	0.084021743	0.234079876
Pigu	1630	0.195091624	5.819951909	3.445669483	0.084080241	0.234184896
Slc29a3	5303	0.241869464	5.10223701	3.444113795	0.084143266	0.234302471
Zfp691	2436	0.492565951	1.991830046	3.441946847	0.08423115	0.234489191
Gm33682	4937	0.426443423	3.537851359	3.439649468	0.084324444	0.234537085
Arfgef2	8907	-0.325828385	4.388760619	3.439619963	0.084325643	0.234537085
Leprotl1	2585	-0.22878507	7.08035306	3.440103655	0.08430599	0.234537085
Saal1	4791	0.192483909	5.005420174	3.439471253	0.084331686	0.234537085
Kctd21	3101	-0.855807508	0.581007441	3.438336901	0.084377801	0.234549452
Colq	3952	0.483285283	2.472186531	3.438574659	0.084368133	0.234549452
Lhpp	1636	0.467194658	3.157810336	3.436268619	0.084461961	0.234667511
Ppp1r21	3871	0.183380563	4.856844207	3.436599332	0.084448497	0.234667511
Zfp369	24102	0.282417	3.205514095	3.435544766	0.084491438	0.234691491
Zbed5	2889	0.699942746	0.669500703	3.434088253	0.08455079	0.234752346
Sema4b	4254	0.264196066	5.708167298	3.433983734	0.084555051	0.234752346
Stx16	3860	-0.227584421	4.90193693	3.431904179	0.084639883	0.234814145
Trim32	3684	0.191062942	4.465095362	3.432122619	0.084630967	0.234814145
Cbx6	5449	0.136082828	5.860015468	3.432532723	0.084614232	0.234814145
Slc31a1	3763	0.20407601	5.254391176	3.430780777	0.084685752	0.234883518
Plcg1	4435	-0.344222799	6.661262163	3.429714096	0.084729333	0.234946511
H1f2	725	-0.470346376	2.786854915	3.426811434	0.084848062	0.2352178
Ung	2807	0.425208728	4.324660993	3.426197774	0.084873189	0.235229532
Rabepk	4390	0.162548341	5.904689419	3.41439681	0.085358118	0.236515308
Gm5617	633	-0.331773607	3.583879694	3.413623581	0.085390008	0.236545449
Dxo	1782	0.155448956	5.481028137	3.41296516	0.085417173	0.236562494
Cgas	4134	0.419564427	2.164805117	3.411693201	0.085469683	0.236649701
Cfap157	1675	-1.473618126	0.681951854	3.410683713	0.085511384	0.236682435
Gm52186	7989	-0.471622586	1.77034651	3.410389266	0.085523552	0.236682435
Terf1	3354	-0.198897758	5.36708665	3.409732462	0.085550702	0.236699385
St6galnac3	21283	-0.649282548	2.067900862	3.407789261	0.085631087	0.236863581
Rapgef1	6684	0.17998161	5.930374445	3.406904159	0.085667731	0.236906735
Pter	3754	0.545483916	2.336329672	3.405920392	0.085708482	0.236961221
Phf10	4481	0.318144224	4.073021135	3.404577306	0.085764155	0.237056926
Wdr92	3431	0.197407797	4.962298082	3.400537314	0.085931881	0.237462227
2700062C07Rik	1032	0.281032023	3.580790712	3.397474972	0.08605928	0.237697588
Irf1	3359	0.135460885	7.397378891	3.397941467	0.086039858	0.237697588
Ankrd13b	4103	0.652446409	1.579272911	3.396919315	0.08608242	0.237703185
Krba1	9720	-0.246572021	4.689080313	3.395663501	0.086134746	0.237789351
Igsf8	2280	0.186354078	4.610943482	3.393339487	0.086231682	0.237998597
Brd9	5144	-0.17496431	6.196831391	3.391754348	0.086297874	0.238119201
Plekha2	5852	-0.161162979	7.705776217	3.39128029	0.086317682	0.238119201
Rps6ka4	4676	-0.20072686	5.945234768	3.390095172	0.086367223	0.2381975
Rcbtb1	5338	-0.226583137	6.313779383	3.384775979	0.086590001	0.238753423
Trp53rka	1868	0.317541313	4.235781912	3.384067669	0.086619718	0.238776881
Mcrip1	1694	-0.181574395	6.758049944	3.383216422	0.086655448	0.2388169
Vps26a	3252	-0.179061944	5.661520411	3.382587182	0.086681871	0.238831255
Prrc2b	11129	0.143445092	6.332485516	3.3804531	0.086771558	0.239019868
Pigh	2387	-0.262744439	3.648684512	3.377950774	0.086876862	0.239251398
Senp5	16846	0.223850866	5.020296344	3.374588535	0.087018595	0.239583111
Mpc1	1662	0.253308551	4.396279811	3.372305259	0.087115003	0.239789902
Acyp2	2414	-0.600246805	1.049864969	3.368504418	0.087275771	0.240115013
Platr25	19080	0.244311036	4.353495863	3.368651848	0.087269529	0.240115013
Ssr3	2885	0.13069608	7.167808094	3.365307788	0.087411258	0.240429012
Zfp397	7898	0.247864961	4.133046948	3.363890153	0.087471425	0.240476996
Mfn2	5778	0.193602874	6.113336936	3.364241016	0.087456529	0.240476996
Abcd3	6560	0.274221836	4.659779256	3.363379695	0.087493101	0.240477865
Fbxl12	4681	-0.320530296	4.139534091	3.360977682	0.087595189	0.24058225
Dusp6	3214	0.194398362	6.062610837	3.361297593	0.087581585	0.24058225
Napg	3790	-0.17375585	5.057753111	3.361667449	0.087565859	0.24058225
Sdhc	1295	0.142563058	6.546098637	3.357744129	0.087732844	0.240901552
Serinc3	3921	-0.169464991	9.019683969	3.35503397	0.087848418	0.241160081
Erbb3	5999	-0.38908015	3.702941199	3.354141025	0.087886537	0.241205909
Rpl22	2497	0.195798062	8.174778998	3.352603217	0.087952232	0.241327376
Uvrag	3625	-0.213833372	5.258383171	3.340190372	0.088484665	0.242729132
Bach2	57622	-0.402219274	5.282087637	3.337557318	0.088598103	0.242981107
Rock2	8725	0.194881171	4.729607296	3.336209038	0.088656257	0.243018418
Cic	11283	-0.176178652	6.077530465	3.335767591	0.088675308	0.243018418
Rtf2	2142	-0.114608117	7.291341781	3.335740745	0.088676467	0.243018418
Smim27	332	-0.400490998	2.748142233	3.334438859	0.088732679	0.243054136
Smim13	4483	-0.33394283	3.143567084	3.334797449	0.088717192	0.243054136
Tmco4	6435	0.149627986	6.149215947	3.333590777	0.08876932	0.243095355
Tnfsf14	1869	-0.259048556	4.230321372	3.332406398	0.088820521	0.243176417
Abhd14b	2078	-0.670006486	1.464318226	3.330487261	0.088903561	0.243226316
Fam118a	4533	-0.173675179	5.137230561	3.331218808	0.088871897	0.243226316
Ccdc34	7038	0.172440594	4.627522467	3.330693234	0.088894644	0.243226316
Tulp3	4374	-0.939582315	0.892437795	3.329956595	0.088926539	0.243230073
Zfp800	10348	0.228550245	4.840986759	3.328641088	0.088983532	0.243326841
Eapp	5016	-0.163881178	6.163907292	3.326649404	0.089069903	0.243503877
Ifi203	6688	0.213534737	6.994863661	3.324518741	0.089162412	0.243697605
Kif3c	6849	-0.377712529	2.544600084	3.323441549	0.089209225	0.243713415
Ocel1	1679	-0.27592259	3.87475477	3.323389397	0.089211493	0.243713415
Kcna3	1968	-0.480586207	4.299325267	3.321346604	0.089300353	0.243837832
Mfsd14a	5362	-0.174335475	6.713834005	3.321749822	0.089282805	0.243837832
Gm30368	11523	-0.540844637	1.836729917	3.320195265	0.089350483	0.243902802
Igbp1	1518	0.144537574	5.926708203	3.319805135	0.089367477	0.243902802
Izumo4	2276	-0.335367001	5.473876231	3.317696661	0.089459389	0.244094476
Ssu72	1457	0.122870408	7.633940322	3.316572598	0.089508436	0.244169123
Pemt	1316	0.704210672	0.575158581	3.314480868	0.08959979	0.244345595
Mpp5	5647	0.319622896	3.64463789	3.314097722	0.089616536	0.244345595
Xlr4b	1456	0.207006675	5.485637303	3.313088063	0.089660682	0.244406769
Trim62	3312	-0.598191235	2.016714415	3.312189971	0.089699972	0.244423381
Fam53b	5851	0.156500472	6.741752887	3.311956288	0.089710198	0.244423381
Bicra	9178	-0.221058552	4.925800449	3.307643529	0.089899187	0.244879033
Tiparp	4154	-0.297957002	3.561329305	3.306250001	0.089960354	0.244959883
Dnajc9	1631	0.141279725	7.396509912	3.305976041	0.089972386	0.244959883
Otud3	6369	-0.765197184	1.183809602	3.303497603	0.090081315	0.245137889
Cpsf2	7118	0.172268824	6.514935281	3.303947352	0.090061537	0.245137889
Mms19	4586	-0.186031772	5.775052561	3.301824516	0.090154939	0.245219691
Nfx1	7011	0.16225674	7.164031565	3.301995074	0.09014743	0.245219691
Csnk1g2	2703	-0.236926857	4.974695165	3.299384689	0.090262431	0.245368422
Sae1	2631	0.191896429	7.758866549	3.299715779	0.090247835	0.245368422
Dpagt1	4962	0.15777804	5.156835878	3.29909953	0.090275005	0.245368422
Prkra	6610	-0.378164531	3.172853331	3.295813959	0.090420027	0.245654529
BC003965	3023	0.222802412	5.074290942	3.294738664	0.09046755	0.245654529
Leng8	5625	-0.176236885	6.160712284	3.294928646	0.090459151	0.245654529
4930503L19Rik	3882	-0.166789238	5.068019422	3.295090472	0.090451998	0.245654529
Tpm1	5518	-0.180870096	5.322531643	3.292772333	0.09055453	0.245831421
Atp10a	6578	-0.216729276	5.781604368	3.289330933	0.090707002	0.246185976
Igflr1	1186	-0.32235503	6.686733324	3.288503731	0.090743697	0.24622621
Ggcx	6581	0.30896705	3.452223196	3.287025486	0.090809318	0.246344891
Zfp790	12069	-0.257245751	4.284827603	3.285845884	0.090861722	0.246427672
Riok1	3025	0.133486152	6.04461273	3.282465565	0.091012095	0.246776052
Gnai2	2266	-0.138003878	9.751385142	3.281328484	0.091062745	0.246853933
Fbxo6	2149	-0.18474311	5.338396685	3.273775306	0.091400055	0.24770867
Gm34316	1679	-1.452260898	0.716619619	3.27229894	0.091466161	0.247768538
Akip1	1532	0.175338716	5.636845846	3.272648208	0.091450517	0.247768538
Trappc13	3549	0.154358652	5.432729348	3.271206406	0.091515118	0.247841521
Ints11	2366	0.144410089	7.503299643	3.268921666	0.0916176	0.24805939
A630072L19Rik	4202	-0.547604477	1.804134081	3.265200413	0.091784812	0.248273287
Gm32249	4469	0.484531861	2.801588102	3.265462682	0.091773016	0.248273287
Cop1	12606	0.311442357	3.66534289	3.265517727	0.09177054	0.248273287
Zkscan17	4604	-0.212460263	5.551210079	3.265545554	0.091769288	0.248273287
Trbv5	341	-0.379289113	3.145504278	3.264486208	0.091816947	0.248290441
Arf1	2086	0.115609823	9.127377385	3.264079237	0.091835264	0.248290441
Numa1	8749	-0.248541862	7.317194644	3.261347772	0.091958315	0.248503771
Gtf2e2	4903	0.174853409	5.708544019	3.261461629	0.091953182	0.248503771
Plod3	3278	0.352982543	3.209852062	3.259524102	0.092040581	0.248666392
Rfc3	1608	0.232257104	6.075850917	3.2583423	0.092093939	0.248750855
Asf1a	2192	0.332412209	3.160247231	3.256566109	0.092174204	0.248907937
Apaf1	6743	-0.287541126	5.521386403	3.254838126	0.092252371	0.249040811
Rrnad1	4766	0.216760787	4.511620264	3.254500535	0.092267652	0.249040811
Abhd4	2831	-0.28430746	4.434018213	3.252549145	0.092356038	0.249219626
Ccdc171	9978	-0.408002846	2.856943836	3.249735713	0.092483649	0.249395217
R3hdm1	5246	0.14585441	5.407825534	3.249649412	0.092487567	0.249395217
Tecr	1174	0.125739349	8.438222654	3.250084051	0.092467838	0.249395217
Wdr89	2981	0.389667063	3.499061846	3.247642266	0.092578741	0.249461816
Pds5b	7632	-0.199025571	6.086214204	3.248444294	0.092542296	0.249461816
Tmem230	1593	0.178332359	5.306991964	3.24805479	0.092559993	0.249461816
Trpm6	7679	-0.88428632	1.092306229	3.245483463	0.092676925	0.249637008
Cenpa	1740	-0.24730957	8.095346915	3.245237791	0.092688106	0.249637008
Slc25a35	3755	-0.475022307	2.932336176	3.242318759	0.092821083	0.249935364
Vars	8206	0.247532251	8.497061481	3.240862552	0.092887507	0.249990625
Fam210a	9945	0.220299821	4.847359667	3.241015001	0.092880551	0.249990625
Crlf3	9059	-0.149651124	8.127305546	3.240408653	0.092908223	0.249990625
Rffl	6137	0.29148029	3.687315644	3.239346757	0.09295671	0.250061323
Prkab1	2164	-0.140017156	6.526431451	3.237140715	0.093057536	0.250272751
Slc25a36	7427	-0.257986071	5.261323988	3.235612878	0.093127442	0.250366809
Atp6v1g1	1093	-0.163033247	6.409143218	3.235404374	0.093136987	0.250366809
Pex14	1973	0.173420769	4.760426208	3.234358969	0.093184861	0.250435705
Rnf135	2007	0.310723709	4.233456515	3.231855916	0.09329961	0.250564649
Zfp429	3432	-0.25509843	4.25999939	3.232418262	0.093273815	0.250564649
Mef2d	5831	-0.214137005	4.939719609	3.232004098	0.093292812	0.250564649
Zfp991	4955	0.358992024	2.643958578	3.227469499	0.093501108	0.251045905
Pgm1	2968	0.172622046	6.256607399	3.226093969	0.093564404	0.251155951
Mtrr	4509	0.21995165	5.041245343	3.2230115	0.093706431	0.251477236
A130051J06Rik	6925	0.842116376	0.452217502	3.221513182	0.093775561	0.251602781
Osgin1	2291	-0.452171212	2.216771394	3.219199144	0.093882448	0.251709598
Ptcd1	4048	-0.205246346	4.631724476	3.219351466	0.093875408	0.251709598
Tnk2	6926	-0.195768334	5.203116321	3.219849808	0.093852379	0.251709598
Btbd7	8615	-0.233869503	4.014180047	3.217683128	0.093952553	0.251837582
Psmc2	1793	0.170895659	7.829421487	3.215527157	0.09405236	0.252045101
Crbn	4122	-0.153703817	5.449567619	3.213892564	0.094128116	0.252188084
Frg1	8833	-0.138715151	6.960477667	3.211424116	0.094242656	0.252374838
Tomm22	1024	0.123823293	7.591546975	3.211846566	0.094223042	0.252374838
Vps16	3926	-0.146586847	6.965411357	3.209285118	0.094342044	0.252580912
Crebzf	5649	0.267593535	3.887812347	3.207277143	0.09443546	0.2527709
Tcaim	6244	-0.425548297	3.132539009	3.205735455	0.094507258	0.25290295
Dgcr8	8794	0.205890864	5.079843011	3.204919658	0.094545277	0.252944565
Adgrg5	3082	-1.246579712	0.813748516	3.202570012	0.094654882	0.252997309
Tollip	3854	-0.175782343	6.293716708	3.202669504	0.094650238	0.252997309
Chp1	2612	-0.146300077	6.571795342	3.203146377	0.094627982	0.252997309
Idh3b	1520	0.110446449	7.668868607	3.202681892	0.09464966	0.252997309
Ttc37	7611	0.310683513	4.854747163	3.198861348	0.094828194	0.25318454
2810013P06Rik	2028	-0.301573007	4.387456741	3.198687326	0.094836335	0.25318454
Lrrc57	2214	0.243457323	4.537490406	3.200054459	0.094772396	0.25318454
R3hcc1l	4822	-0.21182014	5.363380837	3.20051965	0.094750652	0.25318454
Ubr5	16166	0.184089015	5.187042551	3.198665034	0.094837378	0.25318454
Popdc2	2256	-0.884803283	3.568504618	3.197259013	0.094903191	0.253300173
Saysd1	2643	0.170915209	4.985370389	3.19616514	0.094954431	0.253376863
Lcn4	774	-0.632889722	0.537789629	3.195581321	0.094981792	0.253389815
Nop14	2776	0.231415458	5.020432908	3.194733065	0.095021564	0.25343586
Parp2	4106	0.157591913	6.250717462	3.194005184	0.095055707	0.253466876
Pelo	1572	0.498834617	1.762809902	3.193249112	0.095091188	0.253501444
Atrx	10244	0.121008685	7.516624435	3.192652873	0.09511918	0.253516035
Rasgrp4	7845	-0.287299417	3.618728193	3.189818945	0.095252362	0.253720654
Fdft1	10420	-0.221581215	6.040876398	3.190242875	0.095232425	0.253720654
Ncbp1	3141	0.156447905	7.347220582	3.189580782	0.095263564	0.253720654
Mmadhc	4065	0.131439431	6.791157889	3.187743984	0.095350017	0.253890845
Stau2	9867	0.594676429	1.086070804	3.185874233	0.095438118	0.254064407
Pphln1	7494	0.230865272	6.00704152	3.185403076	0.095460334	0.254064407
Itm2a	1632	0.314555704	6.954788789	3.182064217	0.095617946	0.254423738
Cyld	8655	-0.133855583	7.531578876	3.175373332	0.095934735	0.255206345
Sar1a	3431	0.143665415	7.053858472	3.172922983	0.096051067	0.255455447
Trip13	2321	0.391225628	5.728119461	3.170730154	0.096155316	0.255672307
Tmem241	18561	-0.193732327	4.469801998	3.169399911	0.096218624	0.255780228
Atg13	3793	-0.163458581	5.327075854	3.168618822	0.09625582	0.255818701
Mndal	4887	0.192138361	6.972126635	3.167152763	0.096325681	0.255943951
Gorasp1	3483	0.336775644	3.836573529	3.165977645	0.096381723	0.25603243
H2ac15	536	-0.491182457	2.740863068	3.160771704	0.096630469	0.256250744
Skp2	3653	0.418037764	3.188797243	3.159971737	0.096668761	0.256250744
Myl4	16315	0.232680034	4.15600313	3.160121295	0.096661601	0.256250744
Samd10	2422	-0.217293852	5.261983203	3.161585474	0.096591535	0.256250744
Cyb5b	4294	0.209750731	7.492169222	3.160590524	0.09663914	0.256250744
Fam133b	2304	0.183508104	4.707273663	3.1614609	0.096597494	0.256250744
Wdr6	4137	0.157682083	7.171735308	3.160390963	0.096648692	0.256250744
Srpk1	5931	-0.12094834	8.378767252	3.161146267	0.096612546	0.256250744
Tbc1d10a	1913	-0.112476868	6.39107024	3.16003696	0.096665638	0.256250744
Myo1c	5908	-0.210810451	5.085025157	3.157568931	0.096783885	0.256324597
Lmf2	3444	-0.187815495	6.86603937	3.156946447	0.096813737	0.256324597
Fdxr	1997	0.182949304	6.012855003	3.15693705	0.096814188	0.256324597
Mettl4	8347	0.178760944	5.088466423	3.15738906	0.09679251	0.256324597
Calu	3423	0.156690962	7.151827079	3.156899362	0.096815995	0.256324597
Immp1l	955	0.136797089	6.302638025	3.156540079	0.096833231	0.256324597
Gimap1	1505	-0.14168173	8.508714107	3.155862381	0.096865751	0.256350405
Sptlc2	6710	-0.12003166	6.438507202	3.154161747	0.096947415	0.256506228
Atp9a	5313	-0.309379335	3.227796718	3.153041108	0.097001274	0.256514598
Zfp518a	8084	-0.28997775	4.089218309	3.152093931	0.097046824	0.256514598
Dennd11	6742	0.289432293	4.188302758	3.151726427	0.097064504	0.256514598
Card19	941	-0.249754571	4.956612504	3.152727132	0.09701637	0.256514598
Gmip	5580	-0.130399895	7.461906032	3.15201793	0.09705048	0.256514598
Nr2c2	8286	-0.318371153	3.728964889	3.146483519	0.097317159	0.257121937
Thumpd2	8976	-0.280790582	3.754966841	3.145434117	0.097367824	0.25719544
Wdr83os	699	0.137473647	6.623162294	3.141362282	0.097564715	0.257655071
Ttc39b	9229	0.125626254	7.007773324	3.139330337	0.097663148	0.257854532
Igfbp4	3242	-0.8288416	5.352357485	3.137578215	0.097748122	0.25797436
Eif2b5	2651	0.210925247	6.49746734	3.1374496	0.097754363	0.25797436
Slc29a4	3027	-0.78244956	0.86999975	3.13605758	0.097821941	0.258064184
Urb2	6098	0.286825969	5.027268889	3.135804253	0.097834245	0.258064184
Ldah	5446	0.156868992	6.60263168	3.133671745	0.097937897	0.258277078
Ino80e	2588	0.217111986	5.287637932	3.131207766	0.098057825	0.258532785
Fam241b	2129	0.719997077	1.254743784	3.128242977	0.098202363	0.25860434
Ptgfrn	10917	0.613974255	0.806368482	3.12782442	0.098222789	0.25860434
Rpgrip1	8961	-0.518702903	1.546907764	3.128371299	0.098196102	0.25860434
Zfp763	3385	0.415875351	2.578252403	3.12862701	0.098183626	0.25860434
Hras	2343	0.334477218	3.33277262	3.129592324	0.098136548	0.25860434
Rab8a	2012	-0.127597394	7.92212062	3.128503218	0.098189665	0.25860434
Ndufaf1	1676	0.215551994	5.067051193	3.124491253	0.098385634	0.258972519
LOC118567596	3531	0.659531697	0.505828874	3.122876944	0.098464619	0.259059285
Tmem208	1678	0.143123776	6.453695818	3.123290049	0.098444399	0.259059285
Oas1c	2317	-0.308722133	3.746702536	3.121537426	0.098530217	0.259171305
Arhgap29	6004	-0.681097914	1.895980283	3.120412439	0.098585351	0.259255752
Dipk1a	2724	-0.161918029	6.139750621	3.119415508	0.098634239	0.259323742
Cnst	4711	-0.193486607	5.670499146	3.118222985	0.098692758	0.259417013
Dynll2	2908	0.216031444	5.032337852	3.11729262	0.098738441	0.259476509
Trav13-4-dv7	331	-0.567578984	0.900421723	3.115795281	0.098812017	0.259591549
Necap2	2133	-0.134749646	6.774032686	3.115463417	0.098828333	0.259591549
Snx4	2442	-0.149199411	7.41417567	3.114501545	0.098875642	0.259619815
Spcs2	4524	0.114025254	8.701801519	3.114306957	0.098885216	0.259619815
Edem1	10749	-0.212370676	7.536138193	3.111562786	0.099020352	0.259913995
Psma6	1103	0.141092365	8.863370553	3.109459422	0.099124083	0.260125623
Cisd2	2869	0.157683425	6.395620044	3.106082464	0.099290896	0.260441964
Uqcrc2	1882	0.143920463	7.4679219	3.10610778	0.099289645	0.260441964
Rnf6	3627	-0.143706331	5.982022905	3.104387977	0.099374728	0.260601137
Stk38l	6806	0.189689646	4.138300616	3.100450736	0.099569844	0.261052004
Ndufa8	795	0.116244977	7.389380401	3.099097549	0.09963701	0.261167279
Kremen2	2701	-0.57443698	2.279173328	3.097670786	0.099707888	0.261259554
Mcrs1	2056	-0.1493419	6.372768307	3.097454704	0.099718627	0.261259554
Fam220a	2323	0.26298504	3.82569085	3.096045141	0.099788719	0.261382363
Nemp1	6517	-0.227431955	4.577156243	3.093567696	0.099912056	0.261644551
Daam1	7436	-0.460164499	2.515741168	3.091941127	0.099993133	0.261795975
Tmem199	1343	0.18823066	4.846221452	3.089688287	0.100105558	0.262029382
Gm15283	3105	-1.082890482	0.265999535	3.088449671	0.100167435	0.26204186
Ilkap	3389	0.175888313	6.404302152	3.088980879	0.100140892	0.26204186
Ssrp1	3200	0.173304847	8.60705884	3.088195186	0.100180153	0.26204186
Btg2	3083	-0.238178366	7.260798438	3.085430718	0.100318443	0.262342633
Ost4	678	0.158673804	6.537947902	3.078759908	0.100653094	0.26315665
Sh2b1	6226	-0.137663408	6.480677116	3.074770126	0.100853891	0.26362041
Ddx49	2193	0.178514765	4.8667734	3.072908999	0.100947723	0.263804426
Fance	2016	0.253622762	4.062353343	3.07195812	0.100995704	0.263868562
Cerk	5381	-0.574844305	2.701090091	3.070922752	0.101047979	0.263943887
Fndc3a	15588	0.235412961	4.33721436	3.069052005	0.101142516	0.264129538
Ppp1r15a	2333	-0.579695834	7.748748033	3.066328543	0.101280334	0.264428107
Tmem177	3316	0.360990264	3.476977782	3.062333973	0.101482886	0.264895509
Dctpp1	634	0.239356585	5.65479995	3.060783655	0.101561629	0.265039597
Rtca	1694	0.170676696	6.063203964	3.059500417	0.101626863	0.265148372
Ess2	4090	-0.127366291	5.932192355	3.058950145	0.101654852	0.265159945
Adora2a	2952	0.258937934	4.507618507	3.057711345	0.101717895	0.26526293
Rpa2	1782	0.180684844	6.808122102	3.053114395	0.101952252	0.265812517
Lsr	2177	-0.640778926	1.364550441	3.051682205	0.102025399	0.265887633
Zfp62	11418	0.142531457	6.184755002	3.051625478	0.102028298	0.265887633
Ampd3	5303	-0.357433182	3.059870557	3.050039057	0.102109399	0.266037402
Ttc28	29948	0.493363026	2.313189527	3.049126282	0.102156097	0.266097488
Arhgap18	3924	-0.234054409	4.673622845	3.048557992	0.102185185	0.266111683
Hk1os	1827	-0.56233679	1.97162945	3.047800933	0.102223949	0.266151069
Qser1	11428	0.539417118	2.093311616	3.046938637	0.102268124	0.266204518
Cpsf7	4039	0.179765362	5.548419975	3.046264518	0.102302675	0.266232898
Ift46	6376	-0.178264463	4.969362616	3.045276275	0.102353351	0.266303218
Gk5	7288	0.691059946	1.341518032	3.042719654	0.102484593	0.266337561
Vps37b	2512	-0.295617598	4.98389348	3.044289659	0.102403974	0.266337561
Rabgap1	21868	0.204814104	5.356088653	3.042535585	0.10249405	0.266337561
Spen	13564	0.192186285	5.068068039	3.042254432	0.102508497	0.266337561
Dicer1	11045	0.18337148	4.752797054	3.042972481	0.102471605	0.266337561
Atp6v0d1	1650	-0.139633087	6.149404379	3.042320583	0.102505097	0.266337561
Tfb1m	4678	0.273258811	3.341751267	3.041744347	0.102534713	0.266344208
Pde3b	5401	-0.334669348	5.252777408	3.040907031	0.102577765	0.266394575
Vkorc1l1	4919	0.622021612	0.656775572	3.038848351	0.10268371	0.266608212
Slc23a2	8382	0.175969448	5.428194837	3.037733167	0.102741155	0.266695855
Abcf2	3049	0.167304773	7.139089223	3.035206174	0.102871469	0.266943634
Mapk9	5015	0.149257749	6.02315669	3.034503447	0.102907743	0.266943634
Tpm3	7703	-0.122943983	9.725262374	3.034608915	0.102902298	0.266943634
Ptrh2	3042	0.194233211	5.15628487	3.027348203	0.103277973	0.267842298
Lfng	2284	-0.230894315	5.476212577	3.025714636	0.103362723	0.268000354
Hmg20b	2170	-0.202797393	4.621482937	3.022047138	0.103553301	0.268432665
Il21r	2858	-0.135965984	8.105869929	3.018949418	0.103714602	0.268788902
Ggnbp2	3381	-0.149319387	7.636845003	3.016974525	0.103817595	0.268993897
Zeb1	41309	-0.257355906	4.985736052	3.013512323	0.103998451	0.269400498
Apobec2	1218	0.697917923	0.959967367	3.012389553	0.104057184	0.269428651
Larp1b	17236	0.166156874	4.957956968	3.012804003	0.104035499	0.269428651
Ywhag	3592	0.195591252	6.608949441	3.010981748	0.104130883	0.26955748
Ifih1	5635	0.211476914	4.828569591	3.010235605	0.104169969	0.269557689
Ctnna1	4611	-0.207217279	4.718656739	3.010066104	0.104178851	0.269557689
Hspa14	5815	0.118084959	7.209477582	3.009478995	0.104209622	0.269575351
Fam104a	2900	0.16754883	5.911173001	3.008465741	0.104262754	0.269650836
Ywhaq	2110	0.140902579	7.749739138	3.007139895	0.104332327	0.269768796
Prepl	4620	0.301096335	3.725157669	3.005212668	0.104433557	0.269968538
Prkd3	6490	-0.175907724	5.149356288	3.004126823	0.104490645	0.270054104
Dstn	1900	-0.274454239	5.407846194	3.003038372	0.104547907	0.270140082
Trbj1-5	50	-0.724780898	3.066920538	2.998726867	0.104775105	0.270540856
Zfp52	4959	0.185534386	5.533875706	2.998859584	0.104768103	0.270540856
Cstb	602	-0.160963619	6.725376503	2.999496673	0.104734496	0.270540856
Ist1	3680	-0.126743017	6.263055892	2.997770512	0.104825582	0.270609126
Clec16a	22916	-0.18729738	4.947433723	2.996787776	0.104877482	0.270681038
Rpl13a	1026	0.138718642	9.460994077	2.995557863	0.104942479	0.270786713
Atp5md	363	0.160471118	8.131747288	2.992703613	0.105093506	0.271114273
Nfic	7429	0.301123414	3.806825539	2.991459489	0.105159418	0.27122216
Myo5a	15226	-0.257876106	4.019340329	2.988160936	0.105334415	0.271486914
Pigx	990	-0.135767512	6.423248526	2.988529718	0.105314832	0.271486914
Mfsd5	1742	0.134738811	6.342114358	2.988791027	0.10530096	0.271486914
Gm38426	1174	-0.473724402	2.166380368	2.986231341	0.105436948	0.271688981
Chd7	13745	-0.216882515	5.638923582	2.985709806	0.105464681	0.271698257
Casp7	5093	-0.173976803	5.81105608	2.985057533	0.10549938	0.271725467
Bcl7a	3809	-0.391308294	2.951111035	2.983474484	0.105583649	0.271880311
Srgap2	12512	-0.202232436	5.15631364	2.982080042	0.105657946	0.271899461
Rbx1	1655	0.151358037	8.291069961	2.982436408	0.105638952	0.271899461
Polr2c	1580	0.146657359	6.956405332	2.981975077	0.105663541	0.271899461
Gm32059	10634	-0.461526375	2.262711449	2.980899071	0.105720918	0.27198494
LOC118567711	2136	-2.554097984	0.024807705	3.146234214	0.105800925	0.272128583
Tgfbr1	6420	-0.247054309	4.25325992	2.978638414	0.105841589	0.272170993
Capg	1975	0.172662403	7.676020629	2.97716383	0.10592039	0.272311429
Fbxl5	5651	0.156514106	5.859927373	2.974750158	0.106049529	0.272581185
P2ry1	3899	0.636713218	0.683595831	2.971578607	0.106219506	0.272768977
Klf10	4021	-0.178145705	5.874090514	2.971906354	0.106201925	0.272768977
Trappc10	6354	-0.171176319	4.970732376	2.971810634	0.106207059	0.272768977
Park7	1125	0.12077471	8.17344447	2.972723954	0.106158084	0.272768977
Kdm6a	7804	-0.192892351	4.898301558	2.969973222	0.106305671	0.272927992
Tmem9	1750	-0.190073824	5.333821086	2.966137924	0.106511865	0.273386067
Polr2b	3812	0.15206416	7.002094233	2.965751635	0.106532659	0.273386067
Vars2	4489	0.21471541	5.167121181	2.964980282	0.106574197	0.273430335
Mpp7	11622	0.296545447	3.632333438	2.963637319	0.106646563	0.273553659
Atp6v1g3	1887	-1.01854501	0.679351055	2.960400516	0.106821224	0.27393863
Klhl28	9972	-0.242202086	3.878381387	2.959504321	0.106869645	0.27393863
Zfp217	8188	-0.210235205	4.778405919	2.959645925	0.106861993	0.27393863
Asb13	4993	0.205230186	4.286548825	2.95858561	0.10691931	0.274003549
Csgalnact2	4202	-0.439194614	3.303291753	2.957470767	0.106979615	0.2740957
Ahcy	2543	0.252048632	6.636500871	2.956256135	0.107045365	0.274139381
Lrba	13175	-0.213210365	4.758158622	2.956447586	0.107034998	0.274139381
Trbv2	344	-0.501481892	1.646716093	2.952353733	0.10725694	0.274493891
Slc35f6	3845	-0.243555837	3.792279895	2.952665737	0.107240005	0.274493891
Ssr4	922	0.134134665	7.355482117	2.953121947	0.10721525	0.274493891
Otud7b	8466	-0.148304824	5.565182171	2.950738983	0.107344634	0.274655884
Prkag1	1766	-0.141865705	7.055818399	2.949900557	0.107390202	0.274710041
Impdh1	2885	0.197156002	6.183892417	2.946371345	0.107582268	0.275138841
Gm37065	530	-0.502937227	3.233325648	2.942517724	0.107792465	0.27555122
Rnaseh2b	1498	0.149460845	6.131532005	2.942638193	0.107785887	0.27555122
Bag2	1815	0.38683595	3.253753471	2.940533104	0.107900911	0.275765825
Sumf2	3233	0.171083031	4.554735042	2.940084748	0.107925429	0.275765883
Hmcn2	15925	-0.99763994	0.859644191	2.93051523	0.108450341	0.276791497
Phyhd1	1793	-0.719453345	1.235299568	2.92952755	0.108504694	0.276791497
Gm23512	107	-0.552704827	2.428050089	2.930996291	0.10842388	0.276791497
2310075K07Rik	1944	-0.488703548	1.236564371	2.929185772	0.108523509	0.276791497
Eid2b	2424	-0.478830496	2.281591927	2.931604114	0.108390457	0.276791497
Vcpkmt	3971	0.279107594	3.889162436	2.929875849	0.108485523	0.276791497
Pus10	12186	0.191923069	5.417142494	2.931261051	0.10840932	0.276791497
Actn1	4660	-0.148424089	7.541397867	2.930129507	0.108471564	0.276791497
LOC118567599	3225	-0.422666583	2.752730568	2.928508829	0.108560789	0.276818797
Anapc13	1806	-0.184559939	5.356777979	2.928098562	0.10858339	0.276818797
Tmem161a	3151	0.138659726	5.885040726	2.927495462	0.108616624	0.276840833
0610042G04Rik	1899	0.607903793	1.318321741	2.926631995	0.108664228	0.276899475
Gm46093	9233	-0.881609188	0.878375498	2.923399409	0.108842668	0.277291413
Gm36738	367	-0.442289919	2.556548754	2.920662206	0.10899404	0.277614231
Tbc1d8	7895	0.665899303	0.743395821	2.918468129	0.109115561	0.277860887
Mir6385	105	-0.744180843	0.431964747	2.914720535	0.109323504	0.278159858
Plcb2	8271	-0.192353832	6.096049187	2.914571259	0.109331797	0.278159858
Rhot1	4619	0.168333112	5.544321638	2.915609092	0.109274157	0.278159858
Rplp2	457	0.165962672	9.525861688	2.914736183	0.109322635	0.278159858
H2-Oa	1222	0.309609203	3.967160974	2.911830533	0.10948419	0.27848464
Zik1	4191	0.424173435	2.407804145	2.907360847	0.109733273	0.279055158
Crybg3	10522	-0.495375959	1.97897004	2.905709652	0.109825463	0.279226526
Mier2	7601	-0.164807119	4.573119991	2.904012485	0.109920317	0.27940459
Myo1f	3833	-0.678563065	3.446757084	2.903557129	0.109945784	0.279406238
Ms4a4d	1519	-0.805570141	1.076857879	2.901595905	0.110055551	0.279622071
Zfp771	2970	0.419417706	3.693313156	2.900656936	0.110108151	0.279692592
Xbp1	2247	0.187478387	6.97169759	2.898730313	0.110216174	0.279903832
Sympk	5409	0.129873705	6.327101101	2.896269968	0.110354309	0.280191432
Jade1	6408	0.255708244	4.223060418	2.892497851	0.1105665	0.28060362
Bud13	2240	0.175854769	4.802772034	2.892612768	0.110560028	0.28060362
Ewsr1	4855	0.128169284	9.807180416	2.889839905	0.110716314	0.280920501
Pcdhgc4	5024	-0.609629357	1.388114168	2.888024123	0.110818801	0.281117184
Zmat1	3504	-0.353418018	3.07600098	2.886829444	0.110886295	0.28116169
Mfn1	4582	0.236493968	4.434526001	2.887112973	0.110870272	0.28116169
Ets2	3556	0.240012984	5.216117018	2.885936413	0.110936779	0.281226358
Tpcn2	9905	-0.310380784	4.192799926	2.885433353	0.11096523	0.281235155
Acpp	5957	-0.598776164	1.686646607	2.882765852	0.111116241	0.281501709
Eno1b	1758	0.43582033	1.731529946	2.882692244	0.111120412	0.281501709
Gm19897	1619	-0.29878243	3.196114143	2.882022532	0.111158366	0.281534507
Ociad1	7118	0.119963829	7.721159141	2.880362552	0.111252509	0.281709569
Gm35248	3273	-0.788707485	0.717882081	2.879077375	0.111325462	0.281830909
Acer2	7064	0.571579623	1.922967978	2.878069125	0.111382736	0.281849144
Gm26637	5916	-0.391654427	2.867748823	2.87807394	0.111382462	0.281849144
Trav12-1	341	-0.554603876	1.986875594	2.87746106	0.111417295	0.281873237
Tmem183a	3361	0.124263577	6.057675074	2.87665028	0.111463395	0.28192651
Esyt2	18184	-0.229853145	6.900049283	2.876168285	0.111490811	0.281932514
Sh3bp2	3520	0.316734882	3.652096564	2.874699691	0.111574398	0.282017191
Preb	5739	0.120469975	6.489702208	2.874734212	0.111572432	0.282017191
Abraxas2	2895	0.214555892	4.473096841	2.874182157	0.111603872	0.28202837
Oser1	1737	0.232381165	5.364664688	2.873453283	0.111645398	0.282069993
Ing5	4578	0.203009123	5.282829476	2.871963079	0.111730357	0.282221307
Tmx3	4611	-0.180231812	6.121830311	2.867688577	0.111974492	0.282774524
Zfp141	4127	-0.203744008	4.675973103	2.866755154	0.112027889	0.282845925
Aldoa	2420	0.17889382	9.577752591	2.864740578	0.112143241	0.283073679
Ttc7b	3777	0.505916764	2.139914133	2.862972863	0.112244577	0.283202476
Taf1b	2527	-0.146178123	6.258287237	2.863396424	0.112220286	0.283202476
Gm5148	1215	0.29191213	3.932238603	2.861580959	0.112324447	0.283340495
Gm34232	18332	-0.625555349	1.422990556	2.860281188	0.112399093	0.283465276
Cfap74	9294	-0.873101918	1.352398246	2.859266507	0.112457408	0.283548825
Secisbp2l	6950	-0.156196977	5.828278528	2.857954949	0.11253284	0.283675484
Igf2r	8929	0.302809529	5.217679735	2.85394583	0.112763797	0.284133168
Pfkl	4076	0.171754225	6.908794554	2.853927086	0.112764878	0.284133168
Zfp595	4321	0.38168519	2.352215924	2.852991393	0.112818865	0.28420559
Ndufb4b	471	0.468596075	1.39359617	2.850769088	0.112947211	0.284465258
Oaz2	1844	-0.180088472	5.599032404	2.848931454	0.113053476	0.284541925
Mbtps1	4771	-0.13998776	7.128163365	2.84952824	0.113018952	0.284541925
Mrps12	1041	0.132072718	6.270673313	2.849052452	0.113046475	0.284541925
Alpk1	9593	-0.558477981	1.582949063	2.844297376	0.113321989	0.285090268
Nfyb	3033	0.14306165	5.843241006	2.844685971	0.113299443	0.285090268
Foxp3	3928	-0.588502303	2.364346398	2.843186812	0.113386454	0.285188716
Gm52051	2399	-0.700108092	0.938387547	2.840783924	0.113526086	0.285348666
Etfbkmt	4437	-0.502178696	2.378876739	2.840903707	0.11351912	0.285348666
Atp1b3	2733	-0.111865785	8.902421099	2.841089762	0.113508302	0.285348666
Pls3	3723	-0.603437639	0.900599975	2.839169534	0.113620016	0.285458073
Armcx5	2826	-0.273855002	3.060008585	2.839164219	0.113620325	0.285458073
Dgat1	2728	-0.248634303	4.462233992	2.837222032	0.113733453	0.285551119
Serhl	1510	-0.234398934	4.398005185	2.837514559	0.113716405	0.285551119
Oip5os1	1551	0.138554356	5.45833375	2.837596025	0.113711658	0.285551119
Eri2	6020	-0.34656377	3.906636809	2.836417168	0.113780375	0.28560523
Map3k8	2743	0.199192664	5.336643199	2.835320071	0.113844371	0.285638494
Syvn1	3824	-0.164876868	5.501325116	2.83539648	0.113839912	0.285638494
Rbm22	2079	-0.124630547	6.556951309	2.834867841	0.113870763	0.285641053
Gm10033	5890	0.489282932	2.407236121	2.833959886	0.113923774	0.285710368
Crybg1	8013	-0.494624654	4.43287931	2.832576091	0.114004624	0.285849456
Taf8	6809	-0.155746259	5.753698373	2.831447078	0.11407064	0.285951295
Tada2a	2751	0.221452597	4.280144528	2.830200298	0.114143596	0.28602214
Pdcl3	1706	0.135875521	6.140486567	2.830095796	0.114149714	0.28602214
Mnd1	977	0.554296353	1.859559651	2.828939853	0.11421741	0.286094932
Grpel2	4712	0.233295366	4.963770166	2.828731958	0.11422959	0.286094932
Pxylp1	4721	-0.276540579	3.18404647	2.827707154	0.114289654	0.286151512
Lrrc14	2994	0.190642205	5.051212208	2.827479279	0.114303015	0.286151512
Klhl15	12607	0.310003644	3.133339999	2.825048131	0.114445681	0.286310716
Bicral	20860	0.239268032	4.222083799	2.825532471	0.114417241	0.286310716
Oxr1	11734	-0.200846292	5.581304833	2.824857943	0.11445685	0.286310716
Micos13	755	0.160508726	6.849197657	2.82466239	0.114468337	0.286310716
Slc25a4	1332	0.164800112	8.490012047	2.824106584	0.114500991	0.286328777
Comtd1	2241	0.435906396	1.994032216	2.822671457	0.114585359	0.286412515
Exoc6	3702	-0.14480662	6.041537808	2.823016152	0.114565088	0.286412515
Plekhm3	9198	-0.474722013	2.343627688	2.822220268	0.114611899	0.286415262
Mllt11	2692	-0.343996662	2.712848682	2.819049294	0.114798633	0.286818245
Hgsnat	2679	-0.229229592	5.28923801	2.817952056	0.114863334	0.286916223
H2bc6	2510	-0.691972939	0.686332954	2.816357008	0.114957469	0.287087663
1190007I07Rik	748	0.200785247	4.315384335	2.815531735	0.115006211	0.287145691
Akap1	4241	0.54327448	2.645124291	2.811375334	0.115252076	0.287668461
Coa7	2876	0.213595525	4.580498841	2.811128577	0.115266693	0.287668461
Tbc1d2b	6206	-0.229290329	5.01038813	2.80940804	0.115368671	0.287795369
LTO1	4145	-0.19749251	4.565125131	2.809527052	0.115361614	0.287795369
Kcnh6	6079	-0.561990644	4.182383441	2.808097792	0.115446405	0.287925483
Klf3	5346	-0.275723988	6.401410558	2.804817043	0.115641323	0.288347734
Mettl8	6578	0.215720942	4.490207241	2.800787735	0.115881264	0.288868733
Vma21	4993	0.149076645	5.749460893	2.799631531	0.115950226	0.288868733
Btf3l4	4105	-0.145173176	5.6008705	2.798644901	0.116009114	0.288868733
Plrg1	1771	0.14398752	6.634733078	2.800177792	0.115917638	0.288868733
Shc1	3713	-0.12869057	6.676847723	2.799007009	0.115987497	0.288868733
Tmbim6	2864	-0.119356774	9.018562871	2.799228069	0.115974302	0.288868733
Pum2	17227	0.112374722	6.775374803	2.798297084	0.116029882	0.288868733
Gaa	3561	0.17137374	5.321546738	2.79709971	0.116101412	0.288982909
Hectd2	12012	0.447033196	3.125465697	2.794967003	0.116228952	0.289172494
Prkch	3643	-0.109582815	9.143901024	2.795133533	0.116218987	0.289172494
Actg1	1953	0.160914384	11.63122556	2.792420278	0.116381473	0.289487987
Pim3	2419	0.343220654	4.525458526	2.791436357	0.116440465	0.289570744
Miga1	15013	-0.290440614	3.31979858	2.790660095	0.116487032	0.289622572
6330403K07Rik	1598	-1.059755434	1.992476503	2.78920701	0.116574262	0.289775456
Rpl39	434	0.207511405	9.319542513	2.787321465	0.116687571	0.289993085
Ormdl3	2023	-0.176727207	5.755276035	2.786850542	0.116715891	0.289999449
Thap7	2293	0.148228262	5.534779201	2.783482893	0.116918659	0.290439158
Atpaf2	4396	0.13229032	5.830480035	2.78221841	0.116994905	0.290564447
Sf1	4382	0.138822926	8.316706813	2.780491277	0.117099145	0.290759193
Rpsa	1861	0.098630497	11.3978078	2.778806301	0.117200951	0.290947806
Dkkl1	1188	-0.483790444	2.523137539	2.772811989	0.117563998	0.291656123
Spcs3	3466	0.1713131	8.131722255	2.772934693	0.117556552	0.291656123
Tmed10	3526	0.108534635	7.322274525	2.773116454	0.117545525	0.291656123
Borcs5	1937	-0.224761805	4.678766454	2.772372782	0.117590652	0.291657978
Gtf2b	1253	0.139394453	6.279180441	2.771858011	0.117621902	0.291671227
Nsmaf	6463	-0.233364942	6.354972743	2.770914152	0.117679226	0.291749114
2200002D01Rik	507	-0.630732578	0.756701623	2.767666879	0.117876705	0.291883007
Gtf2ird2	5148	-0.41011856	3.027313182	2.767468328	0.117888793	0.291883007
Pla2g15	3542	0.3397233	3.304608033	2.76826263	0.117840445	0.291883007
Yae1d1	3436	0.274873826	3.224386398	2.76849644	0.117826218	0.291883007
Rnf2	4252	-0.189220953	5.963221978	2.769238388	0.117781085	0.291883007
Pnrc2	2319	-0.140804887	7.191672496	2.767694727	0.11787501	0.291883007
Ptgr1	2176	-0.434871751	2.73521921	2.766229496	0.117964247	0.291941414
Hikeshi	3586	0.128551114	5.979454118	2.766471605	0.117949496	0.291941414
Fgf2	7257	0.748504278	0.497363265	2.764754243	0.118054178	0.292099765
Mapk6	4376	0.138155451	6.986403651	2.763197195	0.118149185	0.292270605
Ccdc71	3225	-0.14134651	5.756724316	2.762042436	0.118219706	0.29238081
Nrros	6411	0.158086281	6.316246336	2.761214408	0.118270305	0.292441706
Ccdc43	9589	0.203173467	5.193102239	2.760656163	0.118304433	0.292461858
Golph3l	2859	-0.172912643	5.314827145	2.760174074	0.118333914	0.292470518
Eftud2	3531	0.162222894	8.098003519	2.759635605	0.118366855	0.29248772
Cyth3	4376	0.206613707	5.514934869	2.757954889	0.118469743	0.292677719
Gm30992	5161	-1.314440701	0.117260514	2.757512619	0.118496836	0.292680424
Gcc1	4138	-0.203008945	4.880157513	2.756771526	0.11854225	0.292728373
Mxd4	1179	-0.576050151	3.136679926	2.756304126	0.118570904	0.29273492
Dpp7	1714	-0.311089373	3.308789509	2.755638962	0.118611695	0.292771425
4930581F22Rik	2402	-0.662444899	0.716561831	2.751929951	0.118839468	0.293140825
Zfp420	10889	0.402547356	2.613490074	2.752568476	0.118800218	0.293140825
Sh3gl1	2319	-0.120274935	7.196933248	2.75233147	0.118814784	0.293140825
A630089N07Rik	2131	0.293011698	2.68233494	2.75149562	0.118866175	0.293142475
She	6219	-0.614776793	1.674873764	2.748988624	0.119020475	0.293335633
Card6	6216	-0.345869358	4.338220467	2.749659542	0.118979158	0.293335633
Uty	15908	-0.20791696	4.897370627	2.748907706	0.119025459	0.293335633
Chmp7	2706	0.122645721	6.110784312	2.748530117	0.119048721	0.293335633
Gm19497	569	-0.48352561	2.156679481	2.747044966	0.119140271	0.293432765
Pdcd6ip	6105	-0.124264278	7.729910127	2.747291601	0.119125061	0.293432765
LOC118568400	1036	-0.687092018	0.750058673	2.745826452	0.119215448	0.293553699
Spryd7	4225	0.267958666	3.515485611	2.742644056	0.119412061	0.293973536
Strip1	3231	-0.123527028	6.207312366	2.742140558	0.119443204	0.293985918
Arid3a	6578	-0.196378306	4.515780795	2.74097078	0.119515597	0.294071137
Chid1	5075	0.165764696	4.879253821	2.740737022	0.11953007	0.294071137
Ano8	4202	-0.797800938	0.63922385	2.739627163	0.119598814	0.294175977
Mtg2	3469	0.204828845	5.369651668	2.736063529	0.119819871	0.294655331
Gm46116	1314	0.536158636	1.086842543	2.735056353	0.119882437	0.294680454
Hypk	604	0.161060825	7.131403204	2.735209085	0.119872947	0.294680454
Sccpdh	2552	-0.733961378	3.554991968	2.732902735	0.120016356	0.294929198
Akap8l	4161	-0.203784151	6.914288427	2.732586644	0.120036027	0.294929198
Exosc8	1282	0.137983661	6.920252227	2.731879574	0.120080043	0.29497297
Chchd6	1126	0.333217629	3.552687909	2.730214779	0.120183757	0.295163336
Gm41338	3796	0.644892779	0.554621159	2.729471812	0.120230078	0.295208446
D330023K18Rik	512	-0.561850009	0.987769126	2.729079129	0.120254569	0.295208446
Sde2	3189	0.141117266	5.95057562	2.72667777	0.120404469	0.295511994
Akr1c12	1231	0.743012319	0.798396749	2.725263064	0.120492887	0.295547519
Ece1	5116	0.202680726	5.696559534	2.724766297	0.120523953	0.295547519
Alkbh7	939	0.163717241	4.798507638	2.724786724	0.120522675	0.295547519
Sugt1	3024	0.117956994	6.910656408	2.7250713	0.120504878	0.295547519
P2ry12	2681	-0.935101825	1.58424552	2.722318652	0.120677163	0.295759749
AI847159	1006	-0.773293211	0.80601631	2.721935541	0.120701165	0.295759749
Golm1	3693	-0.24906503	4.908115338	2.721286282	0.120741855	0.295759749
Papss1	3330	-0.169704274	5.451780536	2.721288674	0.120741705	0.295759749
Cwc25	3307	-0.159358948	5.04854179	2.722502939	0.120665619	0.295759749
Lmntd2	3483	-0.421267846	2.589894867	2.719083303	0.120880044	0.295949994
Nudt4	3213	0.232714515	4.39323439	2.71843899	0.120920497	0.295949994
Srrt	5496	0.174505745	7.834713768	2.718167005	0.120937578	0.295949994
Bola3	3110	0.148820027	6.204376382	2.717953946	0.120950961	0.295949994
Exosc10	4271	0.143048386	6.982630617	2.719262677	0.120868785	0.295949994
Ylpm1	23983	0.197475014	5.464933432	2.717079821	0.121005886	0.296020049
Fbxo11	5518	0.262033379	4.643163188	2.714568975	0.121163822	0.296254674
Ints5	3294	0.177062766	6.274184246	2.714459976	0.121170684	0.296254674
Galt	2021	-0.155474195	5.02113094	2.714300253	0.12118074	0.296254674
Dgkz	12932	-0.207637193	7.14180796	2.712800449	0.121275217	0.296356933
Pnkd	3631	0.187257942	5.043636591	2.712930415	0.121267026	0.296356933
Atr	11775	0.24607301	4.139415042	2.711229281	0.121374285	0.296534656
Gpc2	3917	-0.649928554	0.624116919	2.710412524	0.121425823	0.296596207
Tbccd1	4107	0.27529073	4.256013939	2.707209791	0.121628178	0.296961621
Pitpnm2	8908	-0.245750165	4.85563603	2.707506044	0.121609443	0.296961621
Cox5b	569	0.127451167	8.334805542	2.701916522	0.121963521	0.297715811
Ganc	4818	-0.306567068	3.900146998	2.698659315	0.122170434	0.298156244
Hmgn3	2107	-0.26887805	3.437072196	2.694084252	0.122461789	0.298747195
Prkrip1	1654	0.207417224	4.467354199	2.694023687	0.122465652	0.298747195
Slc19a2	3571	0.378946055	3.190812459	2.692444459	0.122566423	0.298863501
Tank	4326	0.144277339	6.712585656	2.692782041	0.122544873	0.298863501
Ddx55	3147	0.184861389	4.494315428	2.6908959	0.122665335	0.299039918
Dync2h1	14810	0.345381571	2.862585513	2.689745996	0.122738847	0.299092953
Polr3c	2546	-0.134942657	6.719963529	2.689724458	0.122740224	0.299092953
Cbarp	4559	-0.69528856	1.616221744	2.686166213	0.122968042	0.299351182
Rsph1	1104	-0.640125721	0.698882115	2.684765218	0.123057883	0.299351182
1810044D09Rik	486	-0.566631851	1.326975406	2.683204571	0.123158056	0.299351182
H2bc8	464	-0.53682648	1.853782269	2.682726703	0.123188749	0.299351182
Pik3cb	5260	-0.338943166	2.938885216	2.684192116	0.123094657	0.299351182
Mtmr3	6084	-0.31922209	6.174575031	2.682310639	0.12321548	0.299351182
Gfer	2780	0.234135332	4.812414238	2.683692192	0.123126747	0.299351182
Bpnt1	5030	0.227215395	4.747249039	2.687427338	0.122887239	0.299351182
Itgb3bp	1305	-0.225667932	4.565985318	2.684938789	0.123046748	0.299351182
Mios	8174	0.193576329	5.18774952	2.684076424	0.123102082	0.299351182
Lcmt1	2167	0.192668816	4.881163048	2.686581026	0.122941457	0.299351182
Scyl2	4922	-0.19117355	4.491073444	2.682264252	0.12321846	0.299351182
Tgfb1	2197	0.164613314	5.148060443	2.683599749	0.123132681	0.299351182
Mien1	2150	-0.13921282	6.914511223	2.681850571	0.123245046	0.299351182
Ngly1	2903	-0.116473195	6.293001625	2.686902449	0.122920862	0.299351182
Rbak	3480	-0.267117108	3.75172162	2.680611327	0.123324729	0.299480112
Arf4	1689	0.139363429	7.477260795	2.679442865	0.123399918	0.299598077
Atrn	22880	-0.315212847	3.362888967	2.677975393	0.123494428	0.29969827
Zfp512	3440	-0.190357103	4.760324032	2.678277074	0.123474992	0.29969827
Csnk2a2	8180	0.181341247	4.851463444	2.677303619	0.123537722	0.299738723
Vps13d	18333	-0.215329081	4.093988427	2.676477675	0.123590977	0.299803322
Lrrc56	3664	-0.613054302	1.534402238	2.675571589	0.123649432	0.299815917
Ctsz	1440	0.150204689	6.720498684	2.675813733	0.123633807	0.299815917
Arl2bp	2235	-0.227144256	6.88444575	2.674942099	0.123690062	0.299849854
Vps9d1	2950	-0.18159036	4.491698109	2.673990119	0.123751539	0.2999343
Fbxw8	4978	-0.289989506	4.959996477	2.673272499	0.123797906	0.299982097
Sephs1	6122	0.173695759	6.536156751	2.672367622	0.123856402	0.299994701
Tubb5	2645	0.16819797	9.893936012	2.672758836	0.123831107	0.299994701
Gm32853	1639	-0.729037633	0.815633863	2.671503821	0.123912274	0.300065472
Prep	6560	0.223400385	6.55818493	2.67066551	0.123966527	0.300132292
Mast1	5375	-0.452618875	1.985760928	2.669809798	0.124021936	0.300201882
Rbm28	4446	0.159152613	6.024219944	2.667370601	0.124180045	0.30051998
Nedd1	5216	0.14793944	5.810248281	2.663842437	0.124409177	0.301009782
BC004004	2972	-0.160416396	5.863083624	2.663180912	0.124452196	0.301049168
Nelfa	2558	0.190993127	5.917590367	2.661665381	0.124550821	0.301223017
Fbxo45	4046	0.294320703	3.170899396	2.660037752	0.124656847	0.301285269
Tbcel	5395	-0.188494659	4.299365947	2.660661658	0.124616192	0.301285269
Ehmt2	5376	-0.143142768	6.533435943	2.660442413	0.124630476	0.301285269
Ndufv3	1580	-0.167727589	7.348137051	2.658781114	0.124738781	0.301418588
Iqgap2	6015	-0.357917099	4.655648506	2.655956286	0.124923204	0.3017347
C920009B18Rik	5659	-0.302192337	2.686992472	2.656219148	0.124906029	0.3017347
Pycard	2135	-0.130489476	8.413478005	2.655068037	0.124981264	0.301810182
D130037M23Rik	16349	-0.415150356	2.820883932	2.654417514	0.125023806	0.301848167
Nmt1	4771	0.124007028	7.214728615	2.653766535	0.125066395	0.301886251
Taf6l	2499	0.184582197	3.992288193	2.653206555	0.125103045	0.301909985
Gm41905	833	0.478838817	1.98156731	2.65271968	0.125134921	0.30192219
Get3	1406	0.20687513	4.943403381	2.651627354	0.125206472	0.30197417
Anapc7	3211	0.150719289	5.982825124	2.651571835	0.12521011	0.30197417
Rph3al	4869	-0.397464899	2.942739866	2.650787849	0.125261497	0.302033398
Ube2cbp	1886	0.446215052	1.741785184	2.650075959	0.125308181	0.302081263
Ager	1978	1.034520561	2.642415479	2.649223084	0.125364138	0.302140065
Setd2	9203	-0.184276506	5.503850496	2.648886207	0.125386248	0.302140065
Gm52920	13404	-0.946008861	0.557271376	2.646934206	0.125514461	0.302205108
Slc8b1	2905	-0.305829283	3.598938888	2.647112224	0.125502762	0.302205108
Marcksl1	1601	0.274240153	6.742679261	2.646840577	0.125520615	0.302205108
Gpx1	1045	0.110216539	9.519906507	2.647325172	0.125488769	0.302205108
Dgkq	5270	-0.212227866	4.131587841	2.643701225	0.125727165	0.30263768
Adam19	7093	-0.190728734	7.577233807	2.642202048	0.125825949	0.302810716
Foxo3	6787	-0.272712676	3.781962001	2.641208548	0.125891465	0.302838912
Asnsd1	2442	0.145669243	6.119845059	2.641402215	0.12587869	0.302838912
Yy2	2867	-0.343960902	2.765794637	2.640422262	0.125943345	0.302898992
Rps18	549	0.174628966	10.86110935	2.639115561	0.126029622	0.303041752
Timm17b	1792	0.116666414	6.938136779	2.638030152	0.126101343	0.303149458
Gm36043	2296	0.611766388	0.991030441	2.634938993	0.126305871	0.303576322
Carmil2	4601	-0.282014128	6.84859781	2.63425244	0.126351352	0.303620815
Zfp580	1734	-0.572857762	1.481715525	2.632860876	0.126443599	0.303777643
Itpr1	10668	-0.283462872	5.987930435	2.629742306	0.126650628	0.304105287
Aasdh	7949	0.27589624	3.996887496	2.629974859	0.126635175	0.304105287
Myg1	1673	0.126458427	6.137554344	2.629586028	0.126661013	0.304105287
Yif1b	1880	0.170585332	5.898883123	2.628027071	0.126764672	0.304272162
Eif2s3y	9900	-0.16279035	6.755310021	2.62772797	0.126784572	0.304272162
Slc25a14	1957	-0.197614994	3.868913045	2.626306486	0.126879199	0.30436949
Uck1	2005	-0.105178635	6.563119465	2.626347108	0.126876493	0.30436949
Gm15417	1568	-0.478735413	2.502116851	2.625581238	0.126927511	0.304420519
Rpf1	3486	0.124286586	6.134383761	2.622105466	0.127159361	0.304911627
Lgals1	800	-0.230290077	8.325324228	2.618782076	0.127381532	0.305204888
Tpd52	6617	-0.213543004	4.172261584	2.619335454	0.127344506	0.305204888
Bri3bp	7086	0.189035121	6.2250342	2.618654025	0.127390102	0.305204888
Asrgl1	2274	0.143261212	5.513966146	2.619053643	0.12736336	0.305204888
Cpne3	5679	0.173898194	5.329916896	2.617952343	0.127437075	0.305252465
Gm51905	2445	0.533662411	0.94968314	2.616690795	0.12752158	0.305324956
Efl1	3655	0.176188396	5.212147598	2.616755559	0.12751724	0.305324956
Pde4a	7460	1.099425012	0.361419132	2.615684557	0.127589032	0.305421501
Prss2	826	-0.750726965	1.427532741	2.613555463	0.127731897	0.305698491
Cbfa2t3	10458	0.82963941	0.985642239	2.611227785	0.127888313	0.305714902
Tulp2	4203	-0.698567475	0.996237986	2.611694647	0.127856922	0.305714902
H3c11	483	-0.297770642	3.804707792	2.612452332	0.127805996	0.305714902
Galns	3567	-0.230896956	4.294780627	2.612806374	0.127782209	0.305714902
Chchd5	1303	0.192656025	4.613877067	2.611276197	0.127885057	0.305714902
Depdc5	8522	-0.186036684	4.797343512	2.611028923	0.127901687	0.305714902
Zdhhc1	2252	-0.797749754	0.891543572	2.609810415	0.127983672	0.30584593
Ncoa4	4275	0.12415012	6.011089402	2.606536355	0.128204281	0.306308105
Zfp707	2010	-0.229387992	3.962344002	2.606041918	0.128237637	0.306322791
LOC115487949	14144	-0.63600625	1.229511134	2.604330962	0.128353144	0.306475038
Ptgr2	3349	0.158748104	5.894064479	2.604124172	0.128367113	0.306475038
Dnajc7	3666	-0.110650991	7.618957061	2.60388842	0.128383041	0.306475038
Nras	4803	0.122322393	7.517809809	2.603398291	0.128416163	0.306489117
Myo3b	7733	0.895198327	0.179568527	2.601019479	0.128577067	0.306737951
Pex5	3426	-0.149830696	5.436503037	2.600648814	0.128602161	0.306737951
Klhdc3	2393	0.111293791	6.30482684	2.601453482	0.128547692	0.306737951
Dennd2c	8105	-0.653823845	1.279068969	2.598635665	0.128738556	0.306998235
Egln1	3524	0.201878848	4.551837399	2.595789039	0.128931725	0.307393765
Tab2	11113	-0.152462525	5.486536457	2.594929571	0.128990117	0.307402781
Gorasp2	2817	0.151573612	7.110329732	2.595117363	0.128977356	0.307402781
Zfp329	11583	-0.22212786	3.79038329	2.594039083	0.129050651	0.307481953
Mettl25	5352	0.217250124	3.747647395	2.592543718	0.129152381	0.307596613
Plekhj1	1328	0.143664055	7.075928467	2.592528478	0.129153419	0.307596613
Tmem203	914	-0.249396229	4.037773185	2.591031336	0.12925537	0.307740497
Tstd2	4503	0.164606099	5.081936337	2.590838579	0.129268503	0.307740497
Pacsin1	4537	-0.336645111	5.308211093	2.588653124	0.129417522	0.308030119
LOC118568427	754	-0.677780302	1.269599462	2.587738827	0.129479927	0.308085852
Acot7	4010	0.243464258	7.419347048	2.587508268	0.12949567	0.308085852
Phax	2048	0.14260758	5.757078051	2.584136936	0.129726134	0.308568944
Arl5a	5506	0.311531986	3.598010154	2.582836643	0.129815156	0.308715467
Gm11767	5131	-0.753807349	1.692440024	2.581164258	0.129929762	0.308809984
Tmem126a	773	0.156704138	6.651999421	2.58105592	0.129937191	0.308809984
Etfdh	2281	0.139505698	5.774736288	2.581093057	0.129934644	0.308809984
Fah	1585	-0.70986929	0.922629579	2.580081299	0.130004043	0.308903654
Rab10	3513	0.120025779	7.628142912	2.579032345	0.13007604	0.309009508
Jpt2	2606	0.214511279	5.960394933	2.576122985	0.130275987	0.309419211
Pdp1	4398	0.238178795	3.528750375	2.570910099	0.130635188	0.31014149
Bap1	3495	0.127447185	6.922555204	2.571127148	0.130620208	0.31014149
Tnpo3	5250	0.177071943	6.564784634	2.569754831	0.130714958	0.310265443
Ddb1	4263	0.19297941	8.499754813	2.568015347	0.13083518	0.310419906
Kptn	1649	-0.174873397	5.062222287	2.56833469	0.130813099	0.310419906
Zfp758	9679	-0.215795994	4.370722174	2.56722297	0.130889988	0.310480006
Ube4a	11382	-0.188502835	5.361946363	2.566851861	0.130915668	0.310480006
Zfp46	6538	-0.241288157	4.330415748	2.564565648	0.131074002	0.31079004
Tstd1	551	-0.629684734	0.549013018	2.556814864	0.131612541	0.312001261
Rbm15	27366	0.191964293	4.949801038	2.554596155	0.131767201	0.312236402
Plaat3	4134	-0.152633463	6.756250608	2.554804779	0.131752649	0.312236402
Pithd1	1538	0.280122658	5.777356052	2.553139937	0.131868831	0.312411468
Uggt2	13229	0.603888411	1.399946264	2.552309191	0.131926852	0.312483169
Cpox	3186	0.385705951	4.908011794	2.551729017	0.131967391	0.312513439
Anp32b	2271	0.271294056	7.835741964	2.550737123	0.132036735	0.312611894
4931428F04Rik	3721	0.389685517	2.022710208	2.548660334	0.132182068	0.312627252
Zfp874a	3240	-0.388269291	2.876151304	2.550018451	0.132087005	0.312627252
Arhgap39	16095	0.225366341	4.990626092	2.549710319	0.132108565	0.312627252
Skil	7151	0.149732011	6.28779636	2.548907185	0.132164783	0.312627252
Reep4	1803	-0.149104759	6.061655786	2.549248069	0.132140918	0.312627252
Gm11998	983	-0.586051067	1.32937706	2.545731915	0.132387332	0.312981222
Slc9a1	5119	-0.199581272	4.727719304	2.546033469	0.132366176	0.312981222
Gm16364	2619	-1.122328061	0.262661901	2.545110602	0.132430932	0.312992186
Ubap2	5289	0.164342476	6.394936824	2.544873539	0.132447573	0.312992186
Hdhd3	1083	0.513180242	1.251188087	2.543324361	0.132556379	0.31311786
Zfp949	3782	-0.260174	3.524995569	2.543638246	0.132534325	0.31311786
Slc25a29	1964	-0.229992177	3.42462842	2.538446414	0.1328997	0.31386298
Arl2	869	0.262131994	3.521076328	2.537320356	0.13297911	0.313918813
Tmf1	7174	-0.251968654	4.886654048	2.537328037	0.132978568	0.313918813
Pcca	7491	-0.244114408	4.32782585	2.536720437	0.13302144	0.313919342
Agpat1	3165	0.161059597	5.616735695	2.536274599	0.133052909	0.313919342
Phf14	15997	0.144859394	5.211014726	2.536131854	0.133062986	0.313919342
Gtf2e1	3254	0.212403288	4.842022124	2.534814874	0.133156006	0.314071098
Rad1	4678	0.1373341	5.116617389	2.534431378	0.133183107	0.314071098
Cdc16	3997	0.137377798	6.314739416	2.533878478	0.133222193	0.314097475
Aplf	4045	0.313625331	3.136867758	2.533142905	0.133274213	0.314154332
Mllt1	3760	0.303930333	4.178556047	2.532699013	0.133305618	0.31416258
Mppe1	3133	-0.225098148	5.392995568	2.532012415	0.133354211	0.314211325
Cfap97	6202	0.176648866	4.763854465	2.529852341	0.133507231	0.31450605
BC005624	1600	0.119015112	5.934158125	2.528984761	0.133568752	0.314585148
Sf3a2	1674	0.24204714	5.759822502	2.528311042	0.133616549	0.3146319
Selenof	1510	0.11435933	8.277871651	2.524928233	0.133856864	0.315131863
Dennd6a	8122	-0.236955179	4.396209625	2.524506422	0.133886866	0.315136596
3110056K07Rik	1589	0.332233303	3.122583531	2.523830223	0.13393498	0.315183948
Slc35d1	13764	0.196992391	4.605835207	2.522997223	0.13399428	0.315257598
LOC115487638	83	0.668100358	0.980106749	2.521714292	0.134085673	0.31540671
Puf60	2909	0.0951664	8.407706114	2.521228376	0.134120309	0.315422277
Rgs12	11206	-0.300766766	2.703649381	2.520245154	0.134190426	0.31545538
Clic1	1159	-0.121489306	9.779121811	2.520405307	0.134179002	0.31545538
Gcnt7	7712	-0.600173106	1.646168641	2.517141188	0.134412075	0.315910469
Fam193a	5541	-0.161066146	4.500265883	2.515222192	0.134549333	0.316167062
H2-DMb1	1284	-0.563464088	1.730517926	2.513780685	0.134652552	0.316277577
Ibtk	7020	-0.142875632	5.970045841	2.513852051	0.134647439	0.316277577
Lactb	2042	-0.327869249	3.997550714	2.513124367	0.134699579	0.31632204
Pts	2294	0.114049943	6.28380148	2.511763009	0.13479719	0.316485247
Rpl37	867	0.162064232	8.87206407	2.510875009	0.134860907	0.316568826
Crtc2	3196	0.150846167	6.142665125	2.509524704	0.134957867	0.316730387
Smpd4	7293	0.195493319	5.742606835	2.508758783	0.135012903	0.31679351
Ero1b	5433	-0.232117328	3.9806884	2.507842629	0.13507877	0.316882017
Ginm1	1560	-0.195725851	5.01369682	2.507446723	0.135107247	0.316882788
Tnpo2	6725	0.126312974	5.819858293	2.504355997	0.135329805	0.317272584
Tram1	2943	-0.113968216	8.717819154	2.504705082	0.135304646	0.317272584
Zfp970	6616	0.54084971	1.072891799	2.502264214	0.135480687	0.317520292
Dtx2	3832	-0.143091221	5.082153736	2.502109281	0.135491871	0.317520292
Zfp943	2734	-0.229012028	3.70872267	2.500822339	0.135584812	0.317549425
Ccdc90b	2022	0.228106055	3.569739699	2.500330487	0.135620353	0.317549425
5830417I10Rik	9833	0.22743708	4.556791468	2.501040136	0.135569077	0.317549425
Vapa	6681	0.227120189	6.882371985	2.500657521	0.13559672	0.317549425
Psmb9	1110	0.119470435	8.542031167	2.499984856	0.135645335	0.317549425
Zfp954	2037	-0.128899061	5.231445849	2.493645463	0.136104552	0.318527626
Nosip	2147	-0.119957343	6.337327014	2.493435787	0.136119773	0.318527626
Hnrnpa0	2678	0.159077687	6.067613307	2.491557501	0.13625622	0.318780657
Cox20	1125	-0.452871793	1.783358422	2.489869629	0.136378977	0.318914599
Snhg7	742	0.438422653	1.393520373	2.489918696	0.136375407	0.318914599
Sin3b	4497	-0.10718368	7.253815501	2.489602006	0.136398454	0.318914599
Krit1	6514	-0.148779417	5.680067725	2.488758585	0.136459857	0.318991917
Pdcd2l	1916	0.160291189	4.642850576	2.487196903	0.136573641	0.319191624
Cd200r1	1891	-0.208672747	4.571822316	2.48544384	0.136701508	0.319424155
Fez2	4745	-0.185752101	4.570809651	2.485012057	0.136733025	0.319431499
Noc2l	3836	0.414966054	5.941796784	2.481786152	0.136968772	0.319915858
Tgoln1	5025	-0.13913472	7.346684642	2.481344289	0.137001102	0.319924997
Arid1a	11231	0.147887513	7.384069585	2.479916079	0.137105665	0.320102775
Arsg	8882	-0.463877543	1.675631583	2.478154249	0.137234789	0.320285058
Bicd2	6724	0.199183331	5.551683491	2.47794215	0.137250343	0.320285058
2610524H06Rik	945	-0.198409802	5.346877704	2.477686582	0.137269089	0.320285058
Ubtd2	3034	0.438167439	2.134747112	2.476610355	0.137348063	0.320346381
Snrnp35	4029	0.274729827	3.08931438	2.476552896	0.137352281	0.320346381
B4galt1	6181	-0.1151017	7.329698394	2.474123859	0.137530737	0.320696156
Rufy1	7131	-0.295335861	4.104176006	2.472448294	0.137654004	0.320917121
Prnp	3732	0.327388975	3.253399403	2.47036648	0.137807347	0.321208097
Ofd1	6811	-0.209205387	4.610848046	2.469383799	0.137879802	0.321310456
Gm12338	598	0.410582887	2.162933828	2.468453664	0.137948427	0.321403847
Gm29998	2375	-0.44899359	1.914098494	2.466835563	0.138067909	0.321615668
Gm4814	907	-0.926988993	0.778848283	2.465241007	0.138185778	0.321757081
Ddx43	2659	-0.862049186	0.463901442	2.465395315	0.138174366	0.321757081
B4galt4	2676	0.394081268	2.878219334	2.46254784	0.138385136	0.322091618
Atp5g2	647	0.126867585	7.277461491	2.462527109	0.138386672	0.322091618
Adpgk	2471	0.235106709	4.496133431	2.460281559	0.13855317	0.322412482
Slc38a1	11789	0.13028315	7.823144937	2.45844064	0.13868985	0.322663842
Map1s	3769	0.126539067	6.231029872	2.45686549	0.13880693	0.322869507
Itprip	4090	-0.179957097	5.763498465	2.456142352	0.138860721	0.322927906
Tada1	2226	0.173245382	4.742341255	2.454037141	0.139017465	0.323225654
Gatb	3864	0.277821587	3.940194784	2.45205567	0.139165195	0.323502325
Taz	4895	-0.1678343	5.881173452	2.450588661	0.139274693	0.323690028
Rbm34	3402	0.159934396	5.444017169	2.449111143	0.139385083	0.323850243
Lrrc42	1878	0.153039559	5.120144309	2.448896063	0.139401162	0.323850243
Msrb2	3005	-0.2184053	3.92760023	2.447936585	0.139472916	0.323883268
Tmco1	4474	0.108402478	6.670965505	2.448287374	0.139446677	0.323883268
Mtpap	10936	0.143050205	5.478891753	2.447091198	0.139536175	0.323963344
Xpnpep3	6263	-0.26766953	3.74857075	2.446048622	0.139614238	0.324077752
Rprd1b	4625	0.146729591	6.154892906	2.445144955	0.139681944	0.324168075
Prpf40b	4345	0.423637332	2.122399474	2.442016281	0.139916669	0.324645891
Adamts20	13066	1.396284524	0.187402247	2.441141188	0.139982409	0.324731498
Rtkn2	16039	-0.702257136	1.503826283	2.439689271	0.140091566	0.324850844
Ecsit	2688	0.127820879	5.411227079	2.439837444	0.140080421	0.324850844
Atg10	2270	-0.241983002	3.995979004	2.438954669	0.140146834	0.324876363
Mknk2	3644	-0.12447578	7.287009286	2.43877593	0.140160285	0.324876363
Ninj2	1288	-0.555125083	1.106005438	2.438061766	0.140214048	0.324934079
Ndufaf3	1439	-0.140147264	5.773517396	2.43743248	0.140261442	0.324977015
Snn	2904	-0.424734735	2.835925697	2.436860885	0.140304508	0.325009909
Irf2bp2	5080	-0.171230228	5.942859206	2.435454069	0.140410573	0.325188692
Slc35e1	7044	0.180584545	4.908590286	2.432969138	0.140598162	0.325528468
Zc3hc1	1966	0.129728695	5.617572417	2.432744797	0.140615113	0.325528468
Sltm	4472	0.138902934	6.33965259	2.432295882	0.14064904	0.325540067
Nme4	1131	-0.514993065	1.410921456	2.431629716	0.140699404	0.325588255
Spg20	4483	0.2487693	4.379206814	2.431255571	0.1407277	0.325588255
Cd3g	1023	-0.156781503	10.1378251	2.429170021	0.140885557	0.325886502
Etnk1	11337	-0.193106176	5.497832705	2.427967048	0.140976711	0.326030364
Msrb1	1307	-0.212872823	4.560356803	2.426136652	0.141115546	0.326284415
Pias1	7325	-0.110634932	6.618403025	2.425730845	0.141146349	0.326288625
C1galt1	2065	-0.281181075	2.989673896	2.425154298	0.141190127	0.326322819
Akt1s1	4118	0.247188558	3.905770215	2.423791763	0.141293652	0.326383547
Micos10	2926	0.139752044	8.11204203	2.42402773	0.141275717	0.326383547
Ndufs8	1027	0.127271707	8.063206232	2.423663846	0.141303376	0.326383547
Pdha1	2855	0.113128156	7.016294601	2.422840375	0.141365994	0.326461202
Cul1	4063	0.135818463	7.046786373	2.422450727	0.141395635	0.326462687
Crtc3	5933	-0.220820224	4.669381491	2.421894153	0.141437988	0.326480738
Pidd1	5313	0.183777688	4.935538491	2.42158588	0.141461453	0.326480738
LOC118568235	7259	-0.890233388	0.661040289	2.42055648	0.141539844	0.326527779
Ulbp1	1985	0.537119005	1.234323951	2.420774601	0.141523229	0.326527779
Cd44	5746	0.111305248	7.488417307	2.4199038	0.141589574	0.326575584
Tmem131	7278	-0.244613864	4.904751854	2.417188852	0.141796669	0.326986255
Rpgr	6751	0.304537195	3.083527481	2.415810628	0.141901942	0.327095016
Hibadh	1734	0.119415146	6.485463426	2.416159584	0.141875278	0.327095016
9530077C05Rik	11785	0.37418121	2.535891897	2.414527259	0.142000056	0.327130739
Trim27	4455	0.237476138	6.844049387	2.414780334	0.141980702	0.327130739
Usp24	11286	0.157329656	5.047382292	2.414467693	0.142004612	0.327130739
Csf1r	3875	-0.725236641	2.046773481	2.413615784	0.14206979	0.327213932
Smarca5	4639	0.196292241	6.631807389	2.411559206	0.142227287	0.327509675
Gm31623	11343	0.429288033	2.115644736	2.40760342	0.142530836	0.328074454
Tdp2	1977	0.149040228	5.66573062	2.407977157	0.142502123	0.328074454
Trappc6b	1969	0.16349478	5.957507949	2.405813968	0.142668414	0.328323998
Med6	1128	0.208465416	4.150973254	2.405378299	0.142701934	0.328334022
Fbxw10	3702	-0.931172632	0.340249306	2.404613045	0.142760835	0.328402428
Rnf139	4904	-0.193006593	4.288954173	2.404103879	0.142800042	0.328425511
Zgpat	2511	-0.182180758	6.51242653	2.403108333	0.14287674	0.328534793
Gm3696	2222	0.878638913	0.997111828	2.399016137	0.143192544	0.329052134
Prss36	3995	0.517219137	1.478874569	2.399220123	0.143176781	0.329052134
Pcx	4306	0.315609013	3.782389296	2.398678469	0.143218641	0.329052134
Miga2	4157	0.262133139	3.58906208	2.3995616	0.143150399	0.329052134
N4bp2l2	23096	0.137173302	6.078249121	2.397759772	0.143289673	0.329148161
Aoc2	4456	0.404692265	2.280077846	2.396620881	0.14337779	0.329283387
Ppib	960	-0.123534541	6.102150051	2.3953632	0.143475177	0.329439841
Trav8d-2	337	-0.763550873	0.690514129	2.39358832	0.143612751	0.329688488
Tmsb4x	947	-0.157620163	13.01687747	2.392305192	0.143712309	0.329849782
Insr	9423	-0.270627381	4.374441115	2.391419399	0.143781089	0.329940378
Ggh	4403	-0.200391665	4.543449191	2.388832933	0.143982153	0.330334435
Swi5	1137	0.14030299	7.760725345	2.384821171	0.144294703	0.33098406
Cdipt	1788	-0.12142768	7.521385507	2.382035093	0.144512256	0.331415558
Cul9	8559	0.598478006	1.237446253	2.379756296	0.144690498	0.331658864
Ccdc22	2256	0.208431052	4.237104314	2.378830331	0.144763003	0.331658864
Tssc4	3697	0.141882905	6.081081745	2.380116498	0.144662306	0.331658864
Gatad2a	6773	-0.139756431	6.835932436	2.379488743	0.144711444	0.331658864
Cdc123	2304	0.105057736	7.100405065	2.37879657	0.144765647	0.331658864
Ica1l	9814	-0.757385816	2.063414074	2.376008379	0.144984244	0.331889512
Ly6c2	925	0.642742929	1.193666824	2.376472427	0.144947834	0.331889512
Star	4046	-0.564246185	1.398565511	2.37612813	0.144974847	0.331889512
Rp9	1142	0.136760436	6.361367386	2.376395672	0.144953856	0.331889512
Ftsj1	3425	0.179453194	5.201668252	2.375565226	0.145019025	0.331901644
Tgif2	6154	0.275680296	3.333997265	2.372383902	0.145269017	0.332406218
Trbd1	12	-0.296488249	4.473650219	2.371799171	0.145315024	0.332443921
Sephs2	2181	0.12527225	6.914677475	2.364654275	0.145878643	0.333665536
5930430L01Rik	3986	-0.591385904	1.155309725	2.363744527	0.145950602	0.333756636
Snhg8	785	0.27752836	4.994586139	2.363249382	0.145989785	0.333756636
9330133O14Rik	2821	-0.246620604	3.197718125	2.362608926	0.146040487	0.333756636
Nup50	12401	0.137388282	6.904261821	2.362277871	0.146066703	0.333756636
Casp8	3028	0.131284019	7.520923198	2.362636007	0.146038343	0.333756636
Lmbrd2	8402	0.381279316	2.815106677	2.361181949	0.146153532	0.333802507
Ptges2	1952	0.273376541	4.632975735	2.3605794	0.146201298	0.333802507
Mthfd2	2366	0.13345039	7.560950054	2.360527925	0.146205379	0.333802507
Tcea1	2847	0.099841338	6.904683151	2.361160648	0.14615522	0.333802507
Rab10os	1073	0.250931581	4.010572549	2.358395714	0.146374569	0.333917912
Ube2m	1567	0.25043845	4.277702685	2.358898492	0.146334652	0.333917912
2510039O18Rik	4398	0.217616984	4.082511671	2.359325403	0.146300769	0.333917912
Cd2bp2	3828	-0.110128075	7.134858767	2.3586836	0.146351711	0.333917912
Zfyve27	5614	-0.182123981	5.444536665	2.355860441	0.146576056	0.334242098
Med20	5706	0.167248964	4.864487889	2.356167526	0.146551633	0.334242098
Tsc22d3	4195	-0.333318009	4.967527828	2.354714242	0.146667261	0.334359421
Zfp131	4302	0.203034068	5.072096619	2.354204045	0.146707881	0.334359421
Rad23b	3811	0.157022792	6.337180228	2.354094493	0.146716605	0.334359421
Adrm1	1429	0.132497402	7.021445734	2.351636515	0.14691251	0.334738117
D130040H23Rik	12020	0.228511885	3.589587696	2.34996959	0.147045551	0.334973454
Atp6v1b2	2742	0.110400551	6.573685006	2.34938087	0.147092573	0.335012784
Mier1	7678	0.164022357	6.105799489	2.348914349	0.147129849	0.335029902
Slc35b3	4427	-0.130695798	6.56450268	2.348357341	0.14717437	0.335063509
Prdm16	9906	0.333340858	3.159801015	2.346534469	0.147320186	0.335259885
Pgam5	2079	0.111120158	6.542416365	2.346764477	0.147301777	0.335259885
B4galt7	2302	-0.178754398	4.966509278	2.345373278	0.147413165	0.335403682
Pwwp2a	35132	0.230336368	4.458102191	2.344535889	0.147480263	0.335446027
Rlim	9595	0.151839994	5.808111679	2.344397323	0.147491369	0.335446027
Gm2237	2989	0.413963579	2.948940232	2.34372985	0.147544883	0.335499959
Rab11fip2	14278	-0.468977444	2.436330762	2.340546445	0.147800443	0.335705518
Traf3ip1	3940	0.412535101	2.502752982	2.341460966	0.14772697	0.335705518
Ankrd13d	2141	-0.393132156	2.320211668	2.341821075	0.147698052	0.335705518
Junb	1840	-0.385554835	9.262858757	2.341942251	0.147688322	0.335705518
Tmem60	885	-0.145673521	5.24602466	2.340534673	0.147801389	0.335705518
Mri1	2149	0.123955583	5.757737809	2.340375287	0.147814199	0.335705518
Hdac2	2716	0.216336442	6.651733287	2.338187243	0.147990191	0.336037427
Il12rb1	5590	0.203455992	5.943861713	2.337610741	0.148036604	0.336075032
Itch	5580	-0.194744976	5.82836039	2.336367447	0.14813676	0.336234607
Polr2i	690	0.220850269	4.429000163	2.334143004	0.148316166	0.336573956
Hspa2	2841	-0.406432333	2.616131386	2.331621664	0.148519842	0.336932737
Rfc5	1730	0.173173203	7.267387045	2.331445019	0.148534125	0.336932737
Smim15	1864	-0.14822398	5.906377127	2.325488249	0.149016754	0.337959431
Mif4gd	1985	-0.144551277	7.111540295	2.325111099	0.149047377	0.337960799
Uspl1	3968	0.152289353	5.734180574	2.324365195	0.149107964	0.338030096
Piwil2	6419	-0.760787703	0.86973663	2.321596042	0.149333158	0.338404327
Rmrp	275	0.423122954	4.301067228	2.321863978	0.149311351	0.338404327
Gm52129	48093	-0.870984009	0.794209284	2.319077994	0.149538299	0.338538891
Rab33b	3488	0.20933505	4.246869631	2.319068457	0.149539076	0.338538891
Abraxas1	3105	0.190758105	4.404712188	2.320420342	0.149428897	0.338538891
Gapdh	1736	0.180363971	11.10145818	2.31763023	0.149656403	0.338538891
Camta2	5438	-0.180188931	5.216585613	2.318324295	0.149599769	0.338538891
Ldha	5342	0.170538323	11.32865788	2.318205235	0.149609482	0.338538891
Katnb1	3757	-0.158119218	5.449854114	2.317547226	0.149663178	0.338538891
Ostf1	1714	-0.146350014	7.224622536	2.317671945	0.149652999	0.338538891
Arl6ip1	2135	-0.10924648	9.568400856	2.31947732	0.149505743	0.338538891
Etaa1	4188	0.276851289	4.312237031	2.315754502	0.149809592	0.338802007
Aco2	2768	0.152912281	7.692144785	2.314962281	0.149874351	0.338880385
Mynn	5557	-0.208084216	5.023145989	2.313933009	0.149958538	0.339002655
Nit2	1286	0.142632862	5.027994669	2.312366666	0.150086767	0.339224416
Vdr	4354	-0.55718621	3.934408625	2.309919278	0.150287394	0.339609692
Txnrd1	4019	0.156953643	6.769293534	2.309098793	0.150354729	0.339693666
Hnrnpu	15152	0.157244329	10.14182057	2.308463866	0.150406861	0.339743267
Czib	1875	0.182744443	5.299761847	2.30768568	0.150470787	0.339819481
Mccc1	5535	0.201124634	4.636231771	2.305923855	0.150615639	0.340078393
Glce	10370	0.219591734	3.690049434	2.305540775	0.150647158	0.340081353
Zfp619	8175	-0.646413262	0.662707496	2.303362589	0.150826529	0.340342543
Rasa4	3434	0.534891239	1.253362134	2.303034709	0.150853552	0.340342543
Tradd	1385	-0.123777883	6.165484034	2.303262334	0.150834791	0.340342543
Eci2	3305	-0.137881164	6.19742857	2.302027114	0.150936634	0.340461757
Prxl2a	2040	0.264772674	3.422966815	2.301578869	0.150973613	0.34047695
Prxl2b	785	-0.480009372	2.231211118	2.299476111	0.151147234	0.340704645
Acsf3	2583	0.235135461	3.869699913	2.299256664	0.151165367	0.340704645
Mettl22	1375	0.15608458	4.349934887	2.299607558	0.151136373	0.340704645
Zfp599	3644	0.321789002	2.941576117	2.298363659	0.151239187	0.34070815
Pkig	1623	0.304559691	2.345001137	2.29779588	0.151286145	0.34070815
Simc1	5047	0.278857694	3.249950145	2.297878758	0.15127929	0.34070815
Mon1a	2141	-0.178759278	4.740105642	2.297773737	0.151287977	0.34070815
Zfp597	5720	-0.22489719	3.726601432	2.296835729	0.151365596	0.340746626
Pmm1	1381	0.153354285	4.263085875	2.297171891	0.151337773	0.340746626
1700048O20Rik	1848	0.449253892	1.187859931	2.294632372	0.151548115	0.341089301
Tprn	2808	0.185561613	4.203536235	2.290757877	0.15186973	0.341714535
Calm3	2208	-0.133601377	7.948785365	2.290554727	0.151886617	0.341714535
Haus8	2267	-0.198506122	4.905005184	2.289543088	0.151970742	0.341767202
Mapk7	3434	-0.139053437	4.837426956	2.289880979	0.151942637	0.341767202
Mtif2	4644	0.16955287	5.492770035	2.287845408	0.152112047	0.341948368
Mrpl48	5203	0.131287698	5.625174023	2.288036919	0.152096099	0.341948368
Spdl1	3254	0.298574475	4.728996474	2.286971885	0.152184817	0.341996652
Dhx9	4815	0.115740277	6.16832784	2.286858315	0.152194282	0.341996652
Ppm1m	2070	-0.359055884	5.15379098	2.285436474	0.152312833	0.342194746
Nqo1	3352	-0.723024467	1.461223873	2.284163962	0.15241903	0.342365011
Acsl5	3362	0.127192014	8.071303752	2.282646911	0.152545755	0.342581311
A930005H10Rik	1406	-0.218756363	5.149332106	2.280392181	0.152734344	0.342868044
Erlec1	15981	-0.191791653	4.539624925	2.280543218	0.152721702	0.342868044
Klhl9	4217	0.13190628	5.899711197	2.27674116	0.153040334	0.34348646
Trir	1037	0.117331415	7.285216479	2.27528695	0.153162423	0.34369196
Zxda	7005	0.372725669	1.981057732	2.274375221	0.15323903	0.343795336
Cox10	3164	0.149731118	5.150264005	2.272896813	0.153363351	0.3440057
Zfp14	8128	-0.366087864	2.287585993	2.271798355	0.153455804	0.344075968
Mob1b	3171	0.246362356	3.486302663	2.27213947	0.153427086	0.344075968
Il2rb	4528	0.106680887	9.275838703	2.271409372	0.153488559	0.344080884
Luc7l2	22012	0.175521032	6.199279839	2.270364173	0.153576617	0.344209745
Tepp	6245	-0.388160855	2.411407137	2.269376605	0.153659876	0.344327804
Plp2	1157	0.18741557	5.622170472	2.268870954	0.153702528	0.344354838
Pcnx3	7403	-0.176493306	5.764759647	2.266420116	0.153909467	0.344749856
Actl6a	2381	0.132009289	7.218722708	2.26602838	0.153942575	0.344755424
Tasp1	4980	-0.172188432	5.455902377	2.262609455	0.154231911	0.345334698
Trav10	333	-0.570115219	1.070026364	2.261954674	0.154287401	0.345390249
Nudt3	2554	0.280631465	5.701134996	2.26097589	0.154370395	0.345438662
Hip1r	4527	-0.158066733	5.092534544	2.261027873	0.154365986	0.345438662
Aldh1l1	3274	-0.535660325	1.278900486	2.260028476	0.154450782	0.345549862
Jmy	8780	-0.511934932	2.075121265	2.256921912	0.154714735	0.346071625
Hcfc2	7445	0.153485275	4.876696417	2.255770863	0.154812678	0.346221917
Tceanc	8644	-0.385552034	3.032010709	2.255381368	0.154845838	0.346227297
B230354K17Rik	4918	0.315879007	3.00290292	2.253420222	0.155012934	0.346532091
Pde4dip	12942	-0.192328265	4.171122202	2.252784293	0.155067165	0.346584504
Gm41098	14179	-0.760040551	1.046175446	2.250226436	0.155285535	0.346999442
Med4	1304	0.14509909	5.548718754	2.249887966	0.15531446	0.346999442
Ywhab	3282	0.129014675	8.866837385	2.249253178	0.155368725	0.347051807
Cbll1	6386	0.183713826	5.309950964	2.248065743	0.155470297	0.3472098
TrnE	69	-0.362461453	5.679137975	2.247691833	0.155502298	0.347212389
Ssc4d	2843	-0.554103631	0.945074573	2.246743117	0.15558353	0.347324881
Nedd8	580	0.105570053	7.886395205	2.244624266	0.155765143	0.347661377
Fancc	7036	0.243482742	4.258836331	2.242735892	0.155927224	0.3478941
Hnrnpf	9608	0.139847548	9.072287537	2.242689417	0.155931216	0.3478941
Lratd2	6588	0.410727015	1.453056569	2.241005209	0.156075955	0.348148029
LOC118567635	6819	-0.602384659	0.539877578	2.23918184	0.156232842	0.348345352
Bahd1	4897	0.220091334	3.676151762	2.238898465	0.156257242	0.348345352
2510022D24Rik	1468	-0.203744792	4.301337664	2.239302985	0.156222412	0.348345352
Usp11	3686	-0.260111075	4.010492355	2.236868804	0.156432144	0.348597204
Hk1	5399	-0.143395953	7.850241118	2.23699564	0.156421207	0.348597204
Ncoa5	4214	0.158759085	5.778149698	2.234284783	0.156655169	0.349025112
Oxsm	5683	0.237113973	3.496802629	2.23116153	0.156925264	0.3495577
Laptm4b	1897	0.446718719	2.016062211	2.228080513	0.157192274	0.349863894
Pttg1	2867	-0.152071566	5.626505791	2.228874982	0.157123369	0.349863894
Zzef1	11523	-0.131891363	5.930626405	2.228692512	0.157139191	0.349863894
Nde1	2530	-0.122526444	6.954420081	2.228392583	0.157165204	0.349863894
Gak	8604	-0.119707203	7.508528538	2.227609257	0.157233165	0.349863894
Trim35	3684	0.114230692	7.201856193	2.22742469	0.157249183	0.349863894
Tspan3	1729	0.184775998	4.70940638	2.22499264	0.157460447	0.350264713
Trav13-2	331	-0.674290071	1.173664527	2.222345882	0.157690764	0.350707748
Snx16	3335	0.36260307	2.843115478	2.22127025	0.157784484	0.350777784
Fahd2a	1232	-0.243741498	4.184290932	2.220211474	0.157876803	0.350777784
Pcf11	6615	-0.187823439	4.748545742	2.22051454	0.15785037	0.350777784
Sntb1	5302	0.165768665	5.061988244	2.220197229	0.157878045	0.350777784
0610012G03Rik	1456	0.1582501	5.354675867	2.220571064	0.157845441	0.350777784
Nfrkb	5432	-0.148006409	5.543752615	2.219062245	0.157977085	0.350928575
Gpn3	1404	0.141074732	5.467915863	2.216424407	0.158207563	0.351371227
Pdik1l	4730	-0.190115478	4.758502323	2.214491645	0.158376703	0.3516775
Dbnl	2814	0.094661565	8.225963955	2.213372722	0.158474725	0.351825765
Poglut3	4806	-0.405201943	2.461416553	2.211397247	0.158647969	0.351957563
Ggact	1530	-0.198153505	4.767518943	2.211912515	0.158602758	0.351957563
Rmi1	6023	0.182379494	4.723891949	2.21126992	0.158659143	0.351957563
Upf3a	2681	-0.139806149	5.40009861	2.212152548	0.158581703	0.351957563
Dnase1l3	4161	-0.636370093	1.537225327	2.209562115	0.158809117	0.352190775
Man1b1	3755	0.151233798	5.501213105	2.209360425	0.15882684	0.352190775
Dhrs13	1744	0.259286914	3.134159909	2.208276586	0.158922124	0.352332664
Neil3	2359	-0.307659631	5.216856616	2.207369998	0.15900188	0.352426793
Arfip2	3444	0.183843674	4.87720784	2.207082412	0.15902719	0.352426793
Ppm1f	5151	0.21849897	5.971040547	2.205549335	0.159162201	0.352656575
Pde11a	8806	-0.408621014	2.116372371	2.204468077	0.159257508	0.352798313
Shoc2	5256	0.163298894	5.715773463	2.204033254	0.159295856	0.352813839
Bcorl1	9448	0.527386555	1.329603337	2.20353793	0.159339553	0.352841204
Jrkl	2952	-0.384040084	2.169800481	2.202218125	0.159456058	0.353029754
Il6st	5719	-0.180720774	8.059296941	2.200194304	0.159634916	0.353356249
Tmem126b	858	0.188188614	4.451485838	2.197580761	0.159866262	0.353798777
Tagln2	1382	0.192166557	8.276984277	2.196936901	0.15992332	0.353819291
Lnpk	9497	0.16623064	5.25927763	2.196766912	0.159938388	0.353819291
Clint1	3487	-0.345741494	6.702198901	2.195406696	0.160059025	0.353947064
Lmtk2	8193	-0.241224121	4.613182349	2.195454186	0.160054811	0.353947064
Cldn18	3121	2.147403838	0.53341676	2.194112374	0.160173924	0.354052535
Gm16845	1518	0.598217159	0.763489469	2.193806776	0.160201067	0.354052535
Ensa	2962	0.102034024	6.981258984	2.194354079	0.160152459	0.354052535
Fuz	2314	-0.210677341	4.469917183	2.19094975	0.160455107	0.354544376
Gna14	5978	0.531450749	4.326070629	2.190282897	0.160514474	0.354605956
1700049J03Rik	6128	0.556809745	0.570047362	2.188334676	0.160688074	0.354850203
Ribc1	1808	-0.457477553	0.8542223	2.188628498	0.160661877	0.354850203
Rbm48	4651	-0.180131526	4.449535888	2.187309735	0.160779497	0.354982463
Rngtt	25685	-0.112051293	5.778960843	2.186389069	0.160861674	0.355094261
9630013D21Rik	1017	-0.658342145	1.486729923	2.184830443	0.161000915	0.355107608
Pcsk4	3310	0.446502647	2.025758238	2.184945946	0.160990591	0.355107608
Rell1	5453	-0.27020037	3.885759667	2.185642569	0.160928344	0.355107608
Slc43a3	3370	0.236984938	6.066582571	2.18455615	0.161025434	0.355107608
Usb1	2435	0.130227033	5.987305026	2.184583737	0.161022968	0.355107608
Gm15772	539	0.414192639	2.453634237	2.183328337	0.161135248	0.355280185
Asah1	4112	-0.155749144	5.246220538	2.182032088	0.161251284	0.355466411
Scn11a	5941	-0.512471114	1.331447391	2.181489095	0.161299922	0.355504018
Phc2	5820	0.18963961	4.600830939	2.180541325	0.161384862	0.355621604
Gm38506	1332	0.59738809	0.398687867	2.179154392	0.16150926	0.355826076
Gm46901	2394	-0.568365031	1.281608677	2.177797599	0.16163107	0.356024768
Lamtor3	1263	0.158039204	6.07795562	2.176062974	0.161786969	0.356298454
Zfp39	3890	0.222939584	4.130377001	2.174242733	0.161950765	0.356589421
Ubxn1	1139	0.098145041	6.677847062	2.170847706	0.162256822	0.35719345
Polrmt	3881	0.198149114	5.516211512	2.170411301	0.162296216	0.357210322
Polg	10362	-0.212958146	6.882548221	2.169319312	0.162394841	0.357357528
Car5b	3449	-0.54623385	2.339961748	2.168326116	0.162484608	0.35748519
5830454E08Rik	743	-0.735941757	0.623845207	2.167469665	0.162562065	0.357585724
Tnfsf13b	2161	0.506529855	1.493298376	2.165469449	0.162743145	0.357844205
Zfp408	6008	-0.17011145	4.522288379	2.165683924	0.162723717	0.357844205
Chd2	9071	-0.163321041	5.946381768	2.164216279	0.162856724	0.358017478
Slc9a8	12346	-0.115751833	5.87517707	2.163898393	0.16288555	0.358017478
Insyn2b	5980	-0.600354556	1.64541809	2.163245493	0.162944777	0.358077746
Rab35	2256	-0.197458243	4.262860268	2.162378432	0.163023472	0.358180766
Ly75	6871	-0.199280213	5.282603784	2.16166131	0.163088594	0.358253931
Crls1	2218	0.476724201	2.567500783	2.158343882	0.163390276	0.358731023
Snx15	2018	0.154006958	5.01924931	2.15826323	0.163397619	0.358731023
Cox7b	1001	0.130282205	8.096263015	2.158221978	0.163401376	0.358731023
Anxa3	2213	-0.64845915	0.962965064	2.157780243	0.163441602	0.358749378
2610307P16Rik	2716	-0.671694272	0.522018777	2.156842796	0.163527012	0.358819578
Orai1	2511	0.316315936	5.437867274	2.156729599	0.163537329	0.358819578
Recql	7011	-0.186827536	5.079397143	2.155774711	0.163624393	0.358940649
Retsat	1963	0.421565574	2.277440435	2.155281406	0.163669393	0.358969419
Hsd17b10	911	0.120934879	6.529972405	2.154557799	0.16373543	0.359044307
Cmtr2	4438	0.27709715	3.297833657	2.153776937	0.16380673	0.359075874
Tdp1	8459	0.125816858	6.170518473	2.153701545	0.163813616	0.359075874
Gpt2	8508	-0.608438016	0.807100919	2.152096322	0.163960317	0.359257542
Cstf2	5731	0.171883549	6.594782795	2.152200944	0.163950751	0.359257542
5033430I15Rik	758	0.42540537	2.305702107	2.151338817	0.164029602	0.359339417
Zfp292	10236	-0.141042773	5.88210716	2.149651457	0.164184069	0.359607829
Mfap3	4966	-0.206847605	5.469656431	2.148754334	0.164266268	0.359717885
Zfp553	3391	0.164641123	4.885836531	2.147812488	0.164352621	0.35983699
C430042M11Rik	1645	0.511894509	0.913597531	2.146224939	0.164498303	0.360044092
Atad2b	11147	-0.280165735	4.713891884	2.146084749	0.164511175	0.360044092
Dnlz	2923	0.156114919	5.160988176	2.145195308	0.164592874	0.360152881
Atp6v1a	4393	0.146210992	6.183638976	2.143916776	0.164710401	0.36034001
Cd9	1197	-0.22245211	6.710381997	2.141559811	0.164927337	0.360744503
Ehhadh	3015	-0.206732188	4.408673019	2.137598734	0.165292721	0.361473476
Nup155	9515	0.27175272	5.209143283	2.136072144	0.16543381	0.361588356
Rnf43	4538	0.250939606	4.203636324	2.135987815	0.165441608	0.361588356
Iqgap1	7616	-0.114814127	8.703018218	2.136175575	0.165424246	0.361588356
H2ac10	504	0.500978866	0.205109044	2.133439804	0.165677447	0.36203352
Dtx4	5849	0.413021514	2.375526982	2.132358398	0.165777667	0.362182219
Fbxo48	6818	0.461151678	1.459311064	2.131125639	0.165892006	0.362361701
Zdhhc17	7317	0.276888806	4.166757625	2.129904837	0.166005334	0.36246859
Ubxn7	11542	0.191113024	4.662110533	2.13024627	0.165973629	0.36246859
Atp13a2	6595	0.267456324	5.602613517	2.127565269	0.166222789	0.362788795
Sesn1	3339	-0.207801862	4.896678829	2.127287198	0.166248658	0.362788795
Phf7	2169	-0.169008504	4.554425312	2.127488316	0.166229947	0.362788795
Fam199x	8299	0.303334774	3.357718199	2.126048103	0.166363995	0.362959595
Hexim1	3401	0.251946631	3.837175231	2.125753753	0.166391408	0.362959595
Zfp382	8062	-0.220043482	4.128291428	2.122781101	0.166668572	0.363401206
Prpf38b	4889	0.138666488	7.056975708	2.122544102	0.166690694	0.363401206
Rpl32	504	0.130416561	10.09782622	2.123022047	0.166646085	0.363401206
Ssr1	9339	0.123366821	7.504189689	2.121754759	0.1667644	0.363491503
Nup133	5977	0.231359301	5.858067185	2.120214822	0.166908311	0.36373476
Hace1	4241	-0.230555935	4.741868866	2.118180529	0.167098661	0.363976867
Zfp106	9590	0.174370954	7.062768013	2.118216256	0.167095315	0.363976867
Pars2	3094	0.174194783	3.979081294	2.117718798	0.167141903	0.363976867
Cep20	2326	-0.117388472	6.684902583	2.117645909	0.16714873	0.363976867
Tdrd3	34155	0.262426051	4.721165466	2.117219599	0.16718867	0.363980615
Acox1	4153	-0.186254243	4.629896382	2.116937413	0.167215113	0.363980615
Sik2	7460	0.231055312	3.981466056	2.116271045	0.167277579	0.364046198
Ppm1h	39675	-0.126936405	5.691255687	2.114452671	0.167448183	0.364347052
Wdr26	14173	-0.1375729	7.296006108	2.11333956	0.167552726	0.364504075
Mafk	9385	0.167605273	5.991926622	2.112992031	0.167585382	0.364504681
LOC118568588	2354	0.533210269	0.436877689	2.111891603	0.167688839	0.364588828
Zfp322a	5197	0.170129233	4.655599034	2.111958978	0.167682503	0.364588828
Zc3h7b	12437	0.254734558	3.089331885	2.111132162	0.167760285	0.364673738
Insl6	660	0.270348935	3.472179434	2.110742929	0.167796917	0.364682953
Ufsp1	996	0.618099722	0.593451873	2.109339017	0.167929129	0.364899853
Kat2b	5418	-0.246091306	4.178799301	2.107915473	0.168063324	0.365120976
Lypd6b	3023	0.512029102	2.324422689	2.106552715	0.168191914	0.36512876
Rps28	396	0.22215872	9.851092162	2.106502675	0.168196638	0.36512876
Coa4	1467	0.147230483	4.377548845	2.10726383	0.168124798	0.36512876
Traf5	2435	0.114318406	6.5008417	2.106706407	0.168177405	0.36512876
Ddb2	2363	-0.18860146	4.617318799	2.105589194	0.168282906	0.365245606
Gm19605	3623	-0.317413827	3.137333364	2.102848931	0.168542027	0.365737499
Nmrk1	1726	-0.299099557	2.858553475	2.101678491	0.168652857	0.3658926
Parl	1372	0.101805271	6.573808205	2.101407785	0.168678504	0.3658926
Lrif1	4692	-0.180905492	4.96408805	2.100583355	0.16875664	0.36592108
Snd1	5590	0.150064179	7.355079257	2.100725333	0.16874318	0.36592108
Gm5432	5251	-1.111095781	0.197049026	2.098506123	0.168953712	0.366207333
Nubp2	1745	0.123731434	7.193506671	2.098845194	0.168921524	0.366207333
Cox16	2794	0.203887715	3.823607006	2.096144168	0.169178147	0.366411616
Zdhhc3	13695	0.145792486	6.815834494	2.096183189	0.169174436	0.366411616
Bud23	2571	0.123395527	6.320746396	2.096646888	0.169130347	0.366411616
Chchd3	3546	0.115093061	6.366968608	2.097156192	0.169081938	0.366411616
Zcchc3	3089	0.292998125	2.466318955	2.094311441	0.169352553	0.366648276
Herc2	18431	-0.169772511	5.546385172	2.094590208	0.16932601	0.366648276
Eif4ebp2	1786	-0.176203903	5.51198159	2.093257393	0.16945296	0.36679512
Rasgrp2	8711	-0.199838013	6.712326649	2.092182075	0.16955547	0.366946459
Zfp839	5997	-0.376060119	2.763341244	2.091816618	0.169590327	0.366951355
Fermt3	2590	-0.121078709	8.077283844	2.090850045	0.169682561	0.367080374
Mrpl36	902	0.105719588	6.717163992	2.089659915	0.169796213	0.367255672
LOC115487644	60	0.485189753	1.08261358	2.089044233	0.169855046	0.367312353
Scaper	5939	-0.177456356	4.339848943	2.087737573	0.169979992	0.367511954
Trbj2-5	49	-0.616988998	1.357655466	2.086880656	0.170061994	0.367618651
Ctns	3469	-0.244150721	3.679789125	2.086407796	0.170107266	0.367645921
Gm33454	2881	-0.653181006	1.331924224	2.085571585	0.170187362	0.367677859
Marchf6	6738	-0.145991965	4.910602574	2.085785619	0.170166856	0.367677859
Gm27042	1234	0.479680895	1.562928584	2.08439806	0.170299847	0.367771198
Ndufaf8	494	0.130011594	5.767279592	2.084578005	0.170282593	0.367771198
Idh2	5556	0.126432111	6.799512352	2.084098574	0.170328569	0.367771198
Mpzl3	3430	-0.175073174	5.007755358	2.083661202	0.170370524	0.367791249
0610009L18Rik	619	-0.560851576	1.509444237	2.083235643	0.17041136	0.367808874
Dag1	5980	0.275895003	3.408575676	2.082625334	0.170469944	0.367864794
Peli1	3526	-0.27875494	6.618426057	2.08105353	0.170620941	0.36807622
Sass6	4590	-0.211501006	4.060424707	2.080924859	0.170633309	0.36807622
Ercc5	6906	-0.132060046	4.678957973	2.080297679	0.170693612	0.368135763
Alg2	3055	0.200493483	3.962065109	2.079148446	0.170804179	0.368233139
Lypla2	1635	-0.115328106	7.730412105	2.07926503	0.170792959	0.368233139
Hyi	843	-0.29318851	2.933213431	2.074789484	0.171224372	0.369068348
Fam118b	2178	0.136194531	5.287389345	2.069964522	0.171691002	0.370003311
Grb2	2916	-0.251530284	6.065764402	2.068061106	0.171875523	0.370330075
Irak1bp1	1893	0.630743776	1.405967564	2.067325281	0.171946923	0.370342157
Cdc73	17267	0.164029244	4.106581961	2.067642957	0.171916093	0.370342157
Stxbp5	10353	0.213085876	3.914834766	2.066632811	0.172014149	0.370345246
1110004F10Rik	1853	0.105167594	7.469584015	2.066879376	0.171990208	0.370345246
Recql5	5010	-0.183717534	4.701360898	2.065247489	0.172148739	0.370506227
Gga3	4464	0.127445902	5.336344296	2.064847212	0.172187652	0.370506227
Mvb12a	1251	0.097607669	6.213909938	2.065159808	0.172157262	0.370506227
Mtmr12	4642	-0.132864518	6.30517756	2.063686024	0.1723006	0.370607595
Cnih1	1532	0.095660493	6.802736821	2.063943832	0.172275515	0.370607595
Taf13	1289	0.178797621	4.782248992	2.063328778	0.172335367	0.370611569
1500015A07Rik	1865	-0.491057132	1.059246776	2.061979527	0.172466758	0.370823294
Dscc1	1511	0.238597053	4.230643591	2.061089372	0.172553511	0.370938978
Zfp251	3514	-0.19432031	5.231217523	2.059897179	0.172669786	0.37111807
Rtel1	4598	0.129036034	5.828814065	2.056374203	0.173013959	0.37178682
Abhd2	6967	-0.12925498	5.32181341	2.055996168	0.173050942	0.371795326
Zfp146	2931	0.281983809	4.295750729	2.054766317	0.173171326	0.371964902
Elmo1	6450	-0.125587392	7.313965795	2.053840385	0.173262031	0.371964902
Vasp	2252	0.124998512	8.235961809	2.054063168	0.173240202	0.371964902
Nup153	6475	0.122300268	6.523886383	2.054180052	0.17322875	0.371964902
Hcfc1	9740	0.137897653	8.0232242	2.052857844	0.173358346	0.372100717
AI837181	1546	-0.182928334	4.450547928	2.05027937	0.173611426	0.372572901
Zfp65	5916	0.258008013	3.052262768	2.048678629	0.173768775	0.372768458
Uba2	2970	0.120088313	8.299684064	2.048921173	0.173744922	0.372768458
Shprh	12035	0.192759498	5.039778058	2.048155622	0.173820224	0.372807788
Bsdc1	2800	-0.149627016	4.785316224	2.047587034	0.173876178	0.372856765
Clcn4	6158	-0.10956513	7.133508126	2.046962675	0.173937648	0.372917547
Nipa2	3989	0.132190991	4.871835341	2.044636443	0.17416691	0.37333798
Nkrf	5383	0.357260834	2.634913722	2.042708551	0.174357202	0.373637755
Thap3	1114	-0.195247482	5.194259767	2.042454672	0.17438228	0.373637755
Katna1	2652	0.114000734	6.057670808	2.042211306	0.174406324	0.373637755
Trav13n-1	331	-0.727326449	0.459474608	2.041264661	0.174499892	0.373767082
Gm4285	1363	-0.602725025	1.362771997	2.03928628	0.174695641	0.374115184
Nfkbie	2438	0.11142796	6.392332203	2.037202123	0.174902155	0.374486203
Serac1	5680	0.383290302	1.748761481	2.035769555	0.175044283	0.374719249
Gtf2a2	3388	0.126400491	7.334866548	2.0339337	0.175226634	0.375038298
Tm7sf2	1479	-0.184963291	4.173395563	2.032754616	0.175343876	0.375217897
Lars2	4438	0.149767117	14.77714759	2.031586221	0.175460153	0.375395362
Kansl1l	27264	0.274460318	2.91063671	2.030331543	0.175585124	0.375465955
F8a	2490	-0.170393441	4.34550699	2.030362976	0.175581992	0.375465955
Stub1	1410	0.118256005	5.451683527	2.030250492	0.175593201	0.375465955
AA388235	3867	-0.386351729	1.945866981	2.029685977	0.175649469	0.375514949
Tctex1d2	838	-0.456769535	0.878969415	2.028646509	0.175753137	0.375593929
Gm42266	4235	-0.286865046	3.055751794	2.028955512	0.175722312	0.375593929
Josd1	3394	0.29789876	4.298717816	2.026180631	0.175999373	0.376048764
Ldlr	4534	-0.332686459	5.032946772	2.024187676	0.176198701	0.376401152
Blcap	2108	0.252492219	3.872115654	2.023195567	0.176298035	0.376401152
Gtf3c2	4551	0.128928528	6.939526212	2.023255863	0.176291996	0.376401152
Zcchc9	2029	0.125457746	5.294412705	2.023358042	0.176281763	0.376401152
Gabarapl2	980	-0.142260307	6.743776765	2.022546265	0.176363083	0.376468637
A530040E14Rik	1876	0.752249019	1.941950171	2.021369598	0.176481042	0.376649018
Tbl2	5974	0.182664584	5.135727648	2.020909756	0.176527167	0.376676051
LOC118568331	1604	-0.528824524	1.065905284	2.020285193	0.176589839	0.376738376
Atat1	4257	0.323399072	2.523469548	2.019703384	0.176648246	0.376766271
Togaram1	9465	-0.192634233	4.555279235	2.019488268	0.176669848	0.376766271
Nrp	1170	0.414609888	2.363557956	2.017658936	0.176853679	0.377086879
Dynlt1a	4945	0.262788637	3.623150892	2.016754818	0.176944624	0.377137936
Scarb1	4137	0.217384967	5.541395278	2.016880991	0.176931929	0.377137936
Pag1	45744	-0.113699935	5.487270744	2.016240212	0.176996415	0.377176914
Haus1	3845	0.159153221	5.607074051	2.014685236	0.177153025	0.377439204
Wbp1	1321	-0.122707573	6.105619401	2.012932636	0.177329748	0.377673164
Cyb561a3	5206	-0.115228504	6.038495117	2.01293084	0.17732993	0.377673164
Thy1	1735	0.153187643	8.144330523	2.011528058	0.177471539	0.377831806
Fam89b	1212	-0.116584963	6.19037936	2.011743804	0.177449751	0.377831806
Gm42067	414	-0.640933465	0.423712505	2.009893534	0.177636723	0.377969048
Ppfibp1	7152	0.298671206	4.35658605	2.010293816	0.177596253	0.377969048
Cox11	2259	0.162115795	5.073518926	2.010123515	0.17761347	0.377969048
Rpl41	449	0.137481262	10.53402522	2.008264634	0.177801532	0.378248233
Zfp442	12479	0.550833107	1.588646593	2.004365102	0.178196863	0.378833642
Map3k2	11237	-0.183996494	4.338933363	2.004222766	0.178211313	0.378833642
Cblb	9598	-0.16159996	6.420302196	2.004657881	0.178167143	0.378833642
Tmem115	2177	0.129750701	5.150136769	2.004777232	0.178155029	0.378833642
Ssh1	9114	-0.129501142	5.687953728	2.001986923	0.178438504	0.379244985
Gin1	5276	-0.168565854	4.025303475	1.997661092	0.178879104	0.380109655
L3mbtl2	3810	0.149852612	5.949608753	1.990253809	0.179636753	0.381647588
Nf1	19057	0.319213566	2.3200657	1.989147039	0.179750306	0.381816782
Slamf1	3586	-0.156249449	4.501127535	1.988691308	0.17979709	0.381844112
Sos2	5615	0.295198065	3.226901152	1.987827115	0.179885847	0.381960555
Mbnl2	4778	-0.143142656	4.9069774	1.986788656	0.179992575	0.382115107
Gm19708	4906	-0.566863295	1.09309572	1.985694874	0.180105076	0.382149234
Arrdc2	3350	-0.351095147	2.997934498	1.985508258	0.180124279	0.382149234
Cntln	10767	-0.303976823	2.756961071	1.9849827	0.180178374	0.382149234
Dzip1	12565	-0.237400555	4.69056893	1.985095492	0.180166763	0.382149234
Acyp1	3570	-0.183231486	5.215632554	1.985581403	0.180116752	0.382149234
Prrc2a	7860	0.144546102	6.597335747	1.984516973	0.180226328	0.382178941
Rrm2b	5227	-0.24185093	3.785864188	1.982954754	0.1803873	0.382385949
Mga	27336	0.154891631	4.945548656	1.982910342	0.180391879	0.382385949
Mto1	2508	0.179670173	5.068804391	1.980215306	0.180670014	0.38290343
Cdip1	4583	0.221764122	4.981370005	1.97909111	0.180786194	0.383061293
Rtn4ip1	3014	0.195773507	4.419234594	1.978836193	0.180812552	0.383061293
Srpr	2934	0.128297879	7.359537556	1.978001848	0.180898854	0.383172023
Polq	17273	0.30515509	4.14167935	1.975695132	0.181137726	0.383540653
Slc25a37	5117	0.181606002	4.218416884	1.975663313	0.181141024	0.383540653
Erp27	1808	-0.599615647	0.567542389	1.974360143	0.181276153	0.383754594
Alg14	2419	-0.243385392	3.367473041	1.971524656	0.181570613	0.384305688
Pomc	1325	-0.68494444	0.444553875	1.970867101	0.181638985	0.384378137
Caml	1387	0.183866388	4.663409836	1.969665457	0.181764015	0.384570434
Trav8n-2	337	-0.728258359	1.746042756	1.968580456	0.181877002	0.384737183
Zdhhc8	8349	0.227627688	3.290750994	1.967486284	0.181991034	0.384906079
Sv2c	10143	-0.661399781	0.679793348	1.966822593	0.182060246	0.384980137
Brap	4483	-0.291415929	5.221295379	1.964764192	0.182275116	0.385362115
Zfp451	9158	0.157607788	4.771105858	1.96398743	0.182356283	0.385461329
Arih1	16963	0.148708296	5.48166123	1.962358827	0.182526612	0.385748938
Mrpl54	587	0.103186051	6.706395745	1.960902107	0.182679134	0.385933431
Cd4	3470	-0.091124265	10.05831717	1.960870254	0.182682471	0.385933431
Hspa13	5032	0.17631556	4.14082968	1.960194387	0.182753292	0.386010612
Gm30507	2427	0.711819009	0.692449658	1.958630277	0.182917322	0.386240573
Nepro	6056	0.1850447	4.410476465	1.958502015	0.182930781	0.386240573
Pcyox1l	3182	-0.189511378	3.907509048	1.957882607	0.182995797	0.386305397
Uggt1	9053	-0.100369158	7.583117732	1.956182263	0.183174422	0.386609982
Tial1	6294	0.148753886	5.509227322	1.955467803	0.183249544	0.386696038
Sec61a1	3039	0.108850426	8.694115067	1.954824172	0.183317251	0.38676642
Itfg1	3355	-0.127007143	5.617141479	1.953963775	0.183407812	0.386884981
Zfp51	2856	-0.123588813	5.685540161	1.953327395	0.18347483	0.386953846
Gm5915	3586	0.360933335	1.956794042	1.95031889	0.183792079	0.387550333
Gm34086	6773	1.056192906	1.178173256	1.948185905	0.184017425	0.387668548
Gm46110	48115	-0.354845648	3.804211596	1.948345088	0.184000595	0.387668548
P2rx4	2729	0.259824491	3.415610861	1.949431118	0.183885828	0.387668548
Fbxw17	6493	-0.201395063	4.771010898	1.948345095	0.184000595	0.387668548
Ciao2a	1978	0.09722034	7.383354494	1.948158557	0.184020316	0.387668548
Pom121	5651	0.182770281	4.89067702	1.947817755	0.184056355	0.387671925
Pds5a	11369	0.132305815	6.14865051	1.947149488	0.184127047	0.387748277
Pik3r5	4411	0.222085146	5.008836868	1.946492333	0.184196597	0.387822197
Ttll9	5054	0.336233346	2.802947556	1.94350496	0.184513186	0.388053324
Phf19	4126	0.269733516	4.401113027	1.943529122	0.184510622	0.388053324
Msi2	18926	0.192880461	4.552126393	1.944343083	0.184424296	0.388053324
Lrch3	9088	-0.168729329	5.224620332	1.943720558	0.184490315	0.388053324
Decr1	2965	-0.138270269	6.032116618	1.945039516	0.184350474	0.388053324
Mettl23	1222	-0.1206701	6.939887193	1.943552331	0.18450816	0.388053324
Trav7-5	329	-0.481069198	2.951137425	1.942553789	0.184614131	0.388120615
Mat2b	2258	-0.121909736	7.732516564	1.942628082	0.184606244	0.388120615
Tsc1	8369	0.13469656	5.117303977	1.941959715	0.184677215	0.388180747
Dhx38	4475	0.207033514	5.987145829	1.941559412	0.184719737	0.388197648
Gm52702	9565	-0.576638129	0.534589867	1.939554881	0.184932857	0.388356871
0610040B10Rik	440	-0.541503717	0.656033631	1.940392136	0.184843803	0.388356871
Xlr4c	1247	0.212536628	4.87856189	1.939372799	0.184952231	0.388356871
Uba52	1078	0.146965267	9.524380682	1.939189192	0.18497177	0.388356871
Ints3	4460	0.144192452	6.194813364	1.938900684	0.185002478	0.388356871
Etfa	9685	0.131848215	7.57683256	1.9393615	0.184953434	0.388356871
Zadh2	3855	-0.185810356	4.465741213	1.938042478	0.185093861	0.388476265
Prkag2	10783	0.153890928	4.850986901	1.935867016	0.185325762	0.388818008
Aifm1	2368	0.125817681	6.17570743	1.936022756	0.185309148	0.388818008
Traj19	61	-0.471043674	1.215358451	1.933232299	0.185607113	0.389335732
Bms1	4760	0.180462917	6.150396176	1.932707744	0.185663192	0.389380816
N4bp2l1	3345	0.150292225	5.472017519	1.931485435	0.185793952	0.389582475
Enpp4	4707	-0.341438314	2.617962888	1.929915676	0.185962052	0.389862342
Snord104	73	0.732845512	0.351728541	1.92852242	0.186111412	0.389894912
Zfp267	6625	0.28478064	3.123413038	1.926872842	0.186288447	0.389894912
Adam15	3462	-0.243731654	3.702720266	1.926926051	0.186282733	0.389894912
Ccr4	4042	-0.232138126	6.811383889	1.928019308	0.186165384	0.389894912
Fam110a	3040	-0.157180551	4.173212263	1.926220219	0.186358547	0.389894912
Cherp	3833	0.154910647	6.323661598	1.926696212	0.186307416	0.389894912
Slc7a6os	1533	0.138220256	5.228259492	1.929023078	0.186057723	0.389894912
Me2	8547	0.124171206	7.836563373	1.929049148	0.186054927	0.389894912
Atl3	6926	-0.121437326	5.207984398	1.928290751	0.186136262	0.389894912
Mrtfa	4620	-0.117133272	6.678019765	1.927507783	0.186220279	0.389894912
Txlna	4997	0.104351464	6.704278135	1.926460171	0.186332769	0.389894912
Nup210l	5809	-0.491912559	0.987892691	1.925578135	0.186427547	0.389895318
Asns	2365	0.439654828	1.338393689	1.92557386	0.186428006	0.389895318
Usp20	4306	0.223873713	4.352977172	1.924464335	0.186547316	0.389927531
Slc39a6	3882	-0.173678483	5.569942254	1.924574325	0.186535484	0.389927531
Mrps36	716	0.1255121	5.657435125	1.924687713	0.186523288	0.389927531
Gm42351	7944	0.978414056	0.306233345	1.921380169	0.186879471	0.390187145
Hipk2	16765	-0.310512066	3.618264674	1.921713361	0.186843551	0.390187145
Cdc6	5024	0.30388695	6.305954904	1.921464747	0.186870353	0.390187145
Mpst	2047	-0.28903648	3.472501952	1.92256773	0.186751486	0.390187145
Rpl36	783	0.173681503	9.591674823	1.922833057	0.186722906	0.390187145
Mms22l	5460	0.168117877	5.889267435	1.921516441	0.186864779	0.390187145
Gm15232	2250	-0.491166973	1.196017164	1.919853442	0.187044173	0.390214074
Dusp1	1942	-0.455043395	7.265529186	1.919544847	0.187077486	0.390214074
Trbv15	347	-0.330624603	2.635919075	1.920440897	0.186980777	0.390214074
Gdpgp1	3520	0.202355397	3.911925302	1.91935479	0.187098007	0.390214074
Cdpf1	1397	0.140597582	5.243116851	1.920508829	0.186973448	0.390214074
Kcnn4	2474	-0.086743352	8.809410552	1.919333231	0.187100335	0.390214074
Pcgf6	4853	0.277657729	4.194661177	1.918751186	0.187163198	0.39027288
Arl10	6422	0.672711837	0.604936781	1.916956176	0.187357233	0.390546128
Gins2	1038	0.299574274	5.556730524	1.91689713	0.187363621	0.390546128
Zfp746	5132	-0.283280079	3.966215203	1.916058108	0.187454408	0.390663037
Traj20	58	-0.822344518	0.363455117	1.914245242	0.187650763	0.390905782
Zfp58	2359	-0.230607129	3.20989003	1.91456031	0.187616618	0.390905782
Mcfd2	2457	0.18374802	4.963821831	1.914021138	0.187675054	0.390905782
Ppp3cc	5974	-0.324310469	5.328574073	1.913631181	0.187717332	0.390921517
Gm5113	5117	0.59721615	0.837126159	1.912678782	0.187820639	0.390992002
Zfp180	4047	-0.183954318	5.147401801	1.912941097	0.187792178	0.390992002
Rwdd2a	1383	-0.456395487	1.108286609	1.911155669	0.187986001	0.391196145
Inafm2	3053	-0.225299244	4.739100051	1.911135433	0.187988199	0.391196145
Trmo	5505	0.254504278	3.482065349	1.910583305	0.18804819	0.391248664
Gm32702	4135	0.471612189	0.751830376	1.910027828	0.188108568	0.39130197
Zfp874b	6208	0.237725481	3.033580616	1.908968514	0.188223781	0.391469301
Abcg1	5821	0.224999361	7.111880292	1.907575811	0.18837539	0.391712254
Inka2	4781	-0.61994015	1.045761334	1.906379896	0.188505701	0.391910836
Mob1a	3430	-0.149530691	7.315228259	1.906006942	0.188546362	0.391922996
Phf3	8447	-0.236763281	4.746381435	1.905226161	0.188631524	0.392027634
Tle4	5083	-0.165735155	4.525800047	1.904129739	0.188751195	0.392203941
Anxa4	2730	0.24948792	3.107836309	1.902985894	0.188876145	0.392318754
Dgcr6	1915	0.122562368	4.781315072	1.903100071	0.188863668	0.392318754
Pin4	637	0.16876385	5.342714388	1.902502885	0.188928939	0.392356023
Rnf7	1232	0.111037315	6.573484073	1.901526039	0.189035768	0.392505474
Proser1	4343	0.152519585	4.504985372	1.90027846	0.189172317	0.392716567
Yars2	1587	0.329911543	4.186971292	1.898992877	0.189313156	0.392826888
Hhat	3459	-0.237290969	3.238804093	1.898946738	0.189318213	0.392826888
Pskh1	3246	-0.188129843	4.781482593	1.898436951	0.1893741	0.392826888
Phf21a	11048	0.181054607	4.694274753	1.898201454	0.189399924	0.392826888
Eps15l1	9544	-0.117422754	5.892361837	1.898729459	0.18934203	0.392826888
Sumf1	3424	-0.167768539	4.444280085	1.896795911	0.189554147	0.39307434
Kcnmb4	5662	-0.458947282	2.173756715	1.895572293	0.189688539	0.393206594
Zfp667	5936	-0.266978751	2.670151854	1.89551613	0.18969471	0.393206594
Cyrib	19498	-0.173796625	7.605104556	1.895261385	0.189722705	0.393206594
Ift80	4293	-0.304466199	5.655111741	1.893709126	0.189893405	0.3933778
Tmem42	1282	0.197640441	4.522297836	1.893810979	0.189882198	0.3933778
Tpgs1	1073	-0.11748257	5.552449064	1.893557055	0.189910139	0.3933778
Mcm8	3481	0.253548363	3.943963795	1.892777213	0.18999598	0.393413988
Gvin3	8981	-0.201891604	5.90136123	1.892763412	0.1899975	0.393413988
Tmem65	4775	0.326438953	3.824725515	1.892169762	0.19006288	0.393431411
Ivns1abp	5049	0.154675753	7.954821947	1.892052405	0.190075808	0.393431411
Hmgb3	2061	0.180833792	5.973140685	1.891733512	0.190110943	0.393431801
Bbs10	2753	-0.418632908	1.021488816	1.890229847	0.190276726	0.39363017
Tmem64	4681	-0.213393637	4.273717798	1.890458303	0.190251527	0.39363017
Nt5dc3	6100	-0.393890671	1.808347053	1.887132956	0.190618747	0.394192845
Thumpd3	2892	0.105594365	6.653800251	1.887205216	0.190610757	0.394192845
Itk	4671	-0.139057956	7.860190236	1.886078036	0.19073543	0.394361704
Taf3	4805	0.131220452	4.84650605	1.885686353	0.190778777	0.394378897
Bin3	3519	-0.120421565	6.457462927	1.882641027	0.191116226	0.395003941
Mdm1	6017	-0.304734646	4.010708851	1.881035548	0.191294432	0.395299691
H4c8	435	-0.477198426	1.179817667	1.880039291	0.191405122	0.395455838
Zfyve26	9466	-0.162472774	4.371413692	1.878028327	0.1916288	0.395845327
Snap47	2676	-0.099517167	5.978813659	1.877567398	0.191680116	0.39587869
Prkcd	4427	0.102475304	6.355014938	1.876692124	0.191777609	0.395975221
Ptpn2	8430	0.089222649	6.66338896	1.876516303	0.1917972	0.395975221
Nfkbil1	1563	0.181157736	4.243473147	1.876008876	0.191853757	0.396019361
H3c13	502	-0.474655309	1.85486386	1.875424587	0.191918906	0.396031603
Spop	3082	0.134736766	7.018611082	1.875324734	0.191930043	0.396031603
Smc6	7550	0.091279764	7.359334689	1.874579453	0.192013191	0.396130566
Xrcc3	3160	0.221486646	3.260594209	1.873783973	0.192101989	0.39624115
Zfp799	9652	-0.211023393	3.860820571	1.871740925	0.192330292	0.39663939
Aig1	5844	-0.235642843	3.746565459	1.870363157	0.192484448	0.396811923
Jmjd6	2789	0.193935811	6.088638966	1.870627907	0.192454813	0.396811923
Znrd1as	1943	0.463085242	1.6523782	1.869845826	0.192542371	0.396858663
Tcf25	8090	0.087342001	8.025013296	1.868360398	0.192708813	0.397129016
Atxn7	12110	0.221871963	3.99815638	1.867369568	0.192819937	0.397285294
Pola2	4260	0.17639694	6.829533699	1.866946278	0.192867434	0.397310444
Coq6	1728	0.146499336	4.950884991	1.866537891	0.192913274	0.39733217
Chpt1	7251	-0.523975287	1.50472406	1.865436867	0.193036928	0.39744143
Vps13b	13799	-0.157844574	5.205534695	1.865720153	0.193005103	0.39744143
Sbno1	10630	0.094171219	7.288560419	1.864901533	0.193097087	0.397492596
Kansl2	6153	0.135661721	6.267464319	1.863367278	0.193269634	0.397775053
R3hdm2	5511	0.209628643	4.092584345	1.862676476	0.193347388	0.397822765
Gm51425	2987	0.200948058	3.97736058	1.86253346	0.19336349	0.397822765
Cnot11	3271	0.189925072	5.837230705	1.861554149	0.193473797	0.397976979
Twf1	3553	-0.155220424	5.317329765	1.860140746	0.19363314	0.398231986
Il4	844	-0.64597289	2.999201574	1.859309557	0.193726924	0.398325397
Plekha5	7649	-0.278795434	3.508959639	1.859111121	0.193749323	0.398325397
Dennd1b	13024	0.202258383	4.39358327	1.8585814	0.193809131	0.398375607
Zfp729a	9627	-0.267080864	3.738713219	1.858086921	0.193864981	0.398417663
Vmp1	3180	-0.088526338	6.88180276	1.857325483	0.193951024	0.398521743
Rps21	564	0.180306151	8.387812199	1.856668631	0.194025288	0.398570436
Ate1	8687	-0.087680813	6.317495843	1.856489661	0.194045529	0.398570436
Uqcrq	1525	0.110455603	7.94896805	1.855060669	0.194207237	0.398829821
Cplane2	1096	0.490688737	0.921187518	1.853830176	0.194346621	0.398935881
Zfp609	9280	0.2866504	2.538528303	1.853710383	0.194360198	0.398935881
Nupl2	3277	0.160858226	4.462002025	1.853666334	0.19436519	0.398935881
Gm46295	13080	-0.313205198	3.018818636	1.85147333	0.194613949	0.399082665
Cbr4	1115	0.181128537	4.230711106	1.85169507	0.194588777	0.399082665
Desi1	3061	0.121058212	6.305510686	1.852010356	0.194552995	0.399082665
Gipc1	2403	-0.105599592	6.168590138	1.851990656	0.19455523	0.399082665
Aip	2312	-0.094049664	7.527626773	1.852690181	0.194475868	0.399082665
Txnrd3	2836	0.532515875	1.039627628	1.851135391	0.194652318	0.399088653
Thada	32083	-0.186613088	5.440974335	1.850795844	0.19469088	0.399095033
Exo1	5875	0.367268316	4.670859311	1.848273019	0.194977698	0.399393702
Smurf1	5428	0.277527755	3.248563474	1.849073973	0.194886579	0.399393702
Appl2	10649	-0.259450556	3.09883602	1.848322434	0.194972074	0.399393702
Otud4	7497	0.201842107	5.32624992	1.848266096	0.194978485	0.399393702
Ing1	2935	-0.14760021	5.470601283	1.847051769	0.195116734	0.399560261
Khsrp	3999	0.136851555	5.860670989	1.84692846	0.19513078	0.399560261
Adgrl1	9936	-0.234841726	4.858325723	1.846442781	0.195186113	0.399600884
Nup160	13396	0.175430482	6.207685639	1.841905909	0.195703969	0.400515413
Cand2	5556	-0.144883425	4.528057109	1.842051724	0.195687298	0.400515413
6720489N17Rik	6525	0.367703239	2.378360427	1.840427556	0.195873093	0.400788673
Taf1	10581	0.166954352	5.725010766	1.838452503	0.19609933	0.401178676
Hinfp	10651	0.17253913	4.729438236	1.836821748	0.19628638	0.401488384
H3c6	911	-0.347933199	1.78575722	1.835888102	0.196393573	0.401634668
Rps6ka2	5989	-0.579127282	1.121142685	1.833168114	0.196706285	0.402201118
Nat8f1	1886	-0.270819101	3.320759752	1.832138983	0.196824768	0.402332017
Ercc8	3154	0.208231793	3.786059399	1.831991287	0.196841779	0.402332017
Kat6b	37946	-0.237275497	3.572536943	1.830966067	0.196959916	0.402500405
Gpr34	7036	-0.841737382	1.237767786	1.82921769	0.19716159	0.402766998
Rwdd3	2977	0.426000094	1.29047483	1.82921481	0.197161923	0.402766998
Bend3	7356	0.385593831	1.940762567	1.826739928	0.197447852	0.403104436
Trim12c	3820	-0.174936498	4.632145265	1.826251226	0.197504375	0.403104436
Sat1	1648	-0.136440817	7.245569414	1.82640224	0.197486906	0.403104436
Cox7a2l	1149	-0.135833026	7.091197183	1.826590442	0.197465139	0.403104436
Tia1	7570	0.131487504	5.993624274	1.826236012	0.197506135	0.403104436
Gzmb	1512	1.029527636	1.398323053	1.825601758	0.197579525	0.403181129
Bmf	5809	0.469084097	1.971025349	1.82381417	0.197786555	0.403530452
Macrod1	2351	-0.376524102	2.127782008	1.821303661	0.198077778	0.404049951
Ccz1	1952	0.103129012	6.110475178	1.820933379	0.198120778	0.404049951
Scamp4	1802	-0.090886143	6.981789962	1.820691676	0.198148852	0.404049951
Hsdl2	2862	-0.146961549	5.241124739	1.819200063	0.198322221	0.404257028
H2-T22	3079	-0.08951582	7.072835938	1.819429028	0.198295596	0.404257028
Gm32311	3112	-0.526158912	0.873914359	1.81806574	0.198454192	0.404306423
Nt5dc2	1815	0.430638976	2.356295023	1.818164035	0.198442752	0.404306423
Elovl5	3169	-0.125466583	7.455119337	1.818534883	0.198399597	0.404306423
Rab43	4881	-0.17303582	5.780875948	1.81661127	0.198623574	0.404578289
A230045G11Rik	8410	-0.293845085	2.754907069	1.814807879	0.198833848	0.404933332
Zbtb46	9854	-0.581173987	1.595819306	1.812807156	0.199067463	0.405259884
Foxo4	5043	-0.349472747	2.511229998	1.812841828	0.199063411	0.405259884
Cep41	4936	0.169396334	4.217172427	1.812510028	0.199102187	0.405259884
3300002I08Rik	21977	0.25565378	2.812122581	1.811949257	0.199167743	0.405320038
Sec23b	3246	0.16674735	6.963189732	1.811382269	0.199234054	0.405381706
Dynlt1f	1164	0.144306886	4.837955531	1.810367432	0.199352813	0.405550048
Pced1a	3912	-0.174385834	4.108526282	1.809044728	0.199507735	0.405791885
Apc2	9678	-0.847688777	0.133481171	1.808110177	0.199617288	0.40594137
Arhgap27os3	2731	-0.131446896	4.618226074	1.805425786	0.199932393	0.406508738
C130046K22Rik	6174	-0.388625223	1.485805528	1.80398678	0.200101572	0.406657777
Gnl1	3644	0.231115472	5.646105057	1.803904707	0.200111226	0.406657777
Praf2	1206	0.173902036	4.472070549	1.803880623	0.20011406	0.406657777
Prickle1	11507	0.54236353	1.823558812	1.80294256	0.200224452	0.406712405
Isoc2a	1088	0.428738273	1.264850657	1.801449319	0.200400339	0.406712405
Zfp946	3148	-0.420778947	1.644617338	1.801355154	0.200411437	0.406712405
Glyctk	4285	-0.401452256	1.843011479	1.801937044	0.200342869	0.406712405
Hirip3	2766	0.245332163	5.081683125	1.801198055	0.200429954	0.406712405
Rint1	6522	0.15348638	4.434748546	1.801760083	0.200363718	0.406712405
Slc29a1	4723	0.109937209	7.509052811	1.801585926	0.20038424	0.406712405
Plgrkt	1215	0.093297117	7.272482436	1.802820967	0.200238767	0.406712405
Wars2	8196	-0.207409538	3.326003847	1.800762166	0.200481344	0.406743372
Slc25a19	4360	0.134126568	6.315862765	1.800295883	0.200536336	0.406781634
Tnrc6c	9693	-0.197948655	5.319399501	1.796740722	0.200956255	0.407559992
Tex2	5756	0.189908156	4.634497623	1.796083706	0.201033982	0.407644194
LOC118567533	16807	-0.436348389	2.590207287	1.793898071	0.201292826	0.407948629
Zfp770	4398	0.33073841	2.199407867	1.794502772	0.201221169	0.407948629
Psmb10	1270	0.110399125	7.480287691	1.794189597	0.201258276	0.407948629
Gm16124	734	-0.41141731	1.69555048	1.792845965	0.201417579	0.408127988
Bicdl1	4396	-0.136087616	5.434383408	1.791859178	0.201534676	0.408291773
Mib1	14647	0.196838515	3.869197067	1.788575651	0.201924946	0.409000294
Fbxo38	8623	-0.147617301	6.146238007	1.788305785	0.201957065	0.409000294
Rundc3b	3949	0.25192823	3.494875677	1.787885117	0.202007144	0.409028135
Smim3	2580	-0.573193765	1.368315912	1.78723566	0.202084492	0.409104514
Mid1ip1	2059	-0.197842574	5.28071699	1.786958233	0.202117544	0.409104514
Bbs9	4133	-0.199167085	3.791579509	1.786576254	0.202163063	0.409118841
Zzz3	8561	0.149817647	5.528627557	1.786289001	0.202197303	0.409118841
Camkk1	4310	0.569014331	1.868702578	1.784316499	0.20243262	0.409521372
Wdr34	1807	0.445538143	2.171270146	1.783911191	0.202481016	0.409545685
Fam91a1	6143	0.234300709	3.962171963	1.782569977	0.202641271	0.409796197
Zfp54	3804	0.202814859	4.318163281	1.781546567	0.202763663	0.409935391
Prdx1	1417	0.14222807	9.530579826	1.781385555	0.202782927	0.409935391
Gm11613	3652	-0.502404431	1.17553104	1.780871654	0.202844429	0.4099861
Pnrc1	3045	-0.325053041	6.537693044	1.779496247	0.20300915	0.410245379
Pafah1b1	6176	0.087333222	6.869127053	1.778723718	0.203101744	0.410358836
Gpr18	1424	-0.236007697	6.524471454	1.776477666	0.203371261	0.410806513
Taf9b	2665	-0.135343448	5.958570371	1.776269229	0.203396296	0.410806513
TrnA	69	-0.525484531	2.494299837	1.774297129	0.203633356	0.411137791
Ints4	3249	0.137715076	6.157507497	1.774448291	0.203615173	0.411137791
Fundc2	3261	0.119851951	6.431288975	1.773702149	0.203704946	0.411208586
Scyl3	8354	-0.131160011	5.364967613	1.773251857	0.203759149	0.411244263
Tbc1d24	8053	0.491433172	1.02326459	1.772233802	0.203881762	0.411258904
Ust	6777	-0.457398181	1.504404737	1.771868037	0.203925837	0.411258904
Slc44a1	8005	0.29795542	2.646725466	1.771881815	0.203924176	0.411258904
Kbtbd3	4853	-0.259873866	3.697183629	1.772665294	0.203829782	0.411258904
Pigq	4847	0.126557489	6.412829159	1.771675401	0.203949055	0.411258904
n-TScga1	82	-0.8853692	0.206166429	1.770655307	0.20407206	0.411433248
1700001G11Rik	771	-0.577483836	0.723450301	1.769941635	0.204158173	0.411459491
Tmod3	3926	-0.10402137	7.133261113	1.770229696	0.20412341	0.411459491
Inpp4b	17174	-0.137603634	7.772953987	1.769468915	0.204215238	0.411500833
Vcp	3315	0.117967986	9.365275509	1.769147032	0.204254107	0.4115055
Dctn1	8429	-0.135975639	6.694217375	1.76881968	0.204293645	0.411511514
Fnip1	7299	0.255482108	3.943136941	1.768405303	0.204343708	0.411538724
Gm39474	1741	0.666506344	0.493327162	1.767736631	0.204424528	0.411610693
Larp4b	37060	0.150814579	6.753258158	1.76750473	0.204452567	0.411610693
Odc1	2612	0.351719803	6.245091021	1.767066766	0.204505533	0.411643714
Klhl23	5023	0.492380649	0.48356157	1.76532842	0.204715939	0.411993572
Psmc3ip	2807	0.207251741	4.204958545	1.76333675	0.204957349	0.412323092
Golga5	4260	-0.127944127	5.777338435	1.762769479	0.205026174	0.412323092
Slc1a5	2841	-0.098019379	8.261926038	1.76327053	0.204965381	0.412323092
Stxbp2	3896	-0.085095332	7.598418124	1.762817718	0.20502032	0.412323092
Fhl3	2542	-0.21742475	3.776548815	1.761961457	0.205124261	0.412446673
Suv39h1	4099	0.146894391	6.609130041	1.761239157	0.205211992	0.412549394
Ranbp10	5520	-0.11837688	5.86671352	1.760329443	0.205322556	0.412697971
4930523C07Rik	5391	-0.114303479	6.294652026	1.759694249	0.205399801	0.412779535
Mrgpre	3779	-0.351362677	3.490549673	1.758603057	0.205532586	0.412972667
Axin1	4142	0.141590488	4.916659162	1.75783765	0.205625793	0.41308622
Ndufa7	1201	0.148312587	7.734310602	1.757002195	0.205727591	0.413216989
Mamdc4	4680	0.472190402	1.276280548	1.75567969	0.205888869	0.413246013
Kbtbd2	4523	-0.143876924	5.147280899	1.755821749	0.205871537	0.413246013
Nup214	8860	0.143689297	6.110364599	1.756041724	0.205844703	0.413246013
Vamp4	5305	-0.129794994	5.725906974	1.756069556	0.205841308	0.413246013
Havcr2	2725	0.468754964	0.996535529	1.754762965	0.206000757	0.413249559
Osbpl3	7551	-0.368932455	3.007871848	1.755044498	0.205966387	0.413249559
Dmac1	731	0.102091321	5.849024647	1.754831171	0.20599243	0.413249559
Dram2	3204	-0.130097325	5.036558872	1.754037702	0.206089333	0.413353591
Cox19	761	0.135466285	5.452502142	1.753013181	0.20621454	0.413531045
Fbxo10	5970	-0.642582216	1.705791047	1.751758744	0.206367978	0.413617713
Lgals3	1406	0.408497412	2.571197885	1.752123343	0.206323366	0.413617713
Ly6e	3322	0.086185344	11.0491552	1.751998506	0.20633864	0.413617713
1810055G02Rik	2352	0.312258798	2.925573255	1.750030408	0.206579622	0.413738927
Snrpf	813	0.229244622	2.712335358	1.749963666	0.2065878	0.413738927
Itsn2	11835	-0.188250352	6.094981239	1.75042407	0.206531391	0.413738927
Coq8b	6104	-0.150514197	4.902536052	1.749764497	0.206612209	0.413738927
Slc38a2	4664	0.149973647	6.790529698	1.750686556	0.20649924	0.413738927
Serp2	1228	-0.546514489	0.528060869	1.748679191	0.20674528	0.413784597
Phkg2	5555	-0.139285508	4.955976574	1.748796902	0.206730842	0.413784597
Ndor1	4942	-0.112985614	5.708699336	1.749010022	0.206704704	0.413784597
Ranbp3	3884	0.097701144	7.020803923	1.747626567	0.206874449	0.413969525
Sec61g	779	0.121200161	7.55341952	1.746383018	0.207027181	0.414201528
Pigm	7569	-0.1346545	4.4941857	1.745916092	0.207084566	0.414242722
Dapp1	3434	-0.100261678	6.573559844	1.742338257	0.207524959	0.415049917
Dennd6b	4911	-0.210727603	4.227860325	1.741850515	0.207585088	0.415096433
Fam204a	2078	-0.160126687	4.54559622	1.741372343	0.207644059	0.415140617
0610010F05Rik	7244	0.336028305	2.931314731	1.740429507	0.207760398	0.41529946
0610009B22Rik	1360	0.257190407	3.732123194	1.739504408	0.20787463	0.415454036
Gramd1c	4931	-0.423905935	1.765847765	1.737176014	0.208162501	0.415955526
Stk35	6195	0.152946966	4.265276379	1.735658408	0.208350406	0.416257119
Gm14295	13538	0.454921917	0.732586914	1.734586998	0.208483195	0.416448512
Gm46914	5045	-0.513226608	0.616870533	1.733152256	0.208661187	0.416730112
Ndel1	3001	-0.112007074	5.826787458	1.732712273	0.20871581	0.416765269
Xrcc4	2102	-0.218123825	3.861259033	1.732227951	0.208775958	0.416811445
Invs	9462	0.230342578	3.287079412	1.731393224	0.208879677	0.416944574
H2-Q6	2180	0.563348354	2.949741439	1.730656952	0.208971216	0.417053351
Zfp282	6278	0.160940093	4.797591064	1.72946464	0.209119565	0.417275445
Zxdb	5623	-0.389157072	2.157019602	1.728747544	0.209208852	0.41737963
Cd24a	2208	0.719836322	0.981079413	1.726840571	0.209446531	0.417779775
Lyrm2	1344	-0.118262517	5.816795566	1.726054765	0.209544573	0.417901294
Nmral1	1793	0.150089741	5.152449223	1.725371086	0.209629921	0.417997459
Tmem107	1265	0.396070096	2.370511139	1.724769989	0.209704997	0.41807311
Rmnd5b	1946	-0.099470614	6.399718281	1.723679476	0.209841288	0.418270754
Mxd3	1810	-0.316895635	5.389153398	1.722614776	0.209974463	0.418388054
Zmynd11	8139	-0.180457189	4.816354801	1.722896427	0.209939223	0.418388054
Cdk8	3639	0.23631859	2.915508703	1.72095454	0.210182346	0.418728164
Psmd2	3417	0.116360147	8.643540071	1.720565937	0.210231043	0.418751076
Cdc5l	3108	0.103530697	6.786077373	1.720040701	0.210296884	0.418808123
Xrcc1	4103	0.118732216	5.878906393	1.719631093	0.210348249	0.418836327
Mideas	7397	0.134313411	4.994753116	1.71889036	0.210441179	0.418947266
Tmem131l	5020	0.099294896	7.200290147	1.714370999	0.211009308	0.419937804
Calm2	1216	-0.094260018	8.952035612	1.714339002	0.211013338	0.419937804
Vps35	3196	0.101302064	7.461716812	1.713799417	0.211081303	0.419998817
Smchd1	7075	-0.155843353	7.010484863	1.71350198	0.211118779	0.419999155
Grcc10	558	-0.16350474	7.847361626	1.713188649	0.211158268	0.420003495
Klc4	2986	-0.195979104	4.42332053	1.712828406	0.211203681	0.420019614
Fam160b1	6056	-0.190461972	3.897440094	1.710648763	0.211478717	0.420492299
Slc39a7	2393	0.099326599	7.127077267	1.709959481	0.21156579	0.420591146
Atg14	3451	-0.270152057	3.929291148	1.708876506	0.211702688	0.420608469
Rab11fip1	8377	0.151410403	5.111354897	1.708753358	0.211718263	0.420608469
Rbmx2	1743	0.147608306	4.502949638	1.709413076	0.211634846	0.420608469
Polb	2869	0.121951111	5.682086749	1.708708417	0.211723947	0.420608469
Rom1	1526	-0.292826009	2.531508666	1.706819422	0.211963039	0.420786438
Gvin-ps6	3091	-0.209277299	4.809171267	1.706902805	0.211952478	0.420786438
Zdhhc6	2553	0.124282593	6.08412552	1.707339785	0.211897141	0.420786438
Mrps16	957	0.123184678	6.834704948	1.706847746	0.211959451	0.420786438
Armcx4	9149	0.463484545	1.051506427	1.705972497	0.212070348	0.420925243
Coa6	763	0.137787984	4.722155664	1.704688314	0.212233194	0.421174211
Ddx19a	3095	0.123250379	4.972002847	1.70402277	0.212317654	0.421267563
Nhlrc3	1560	0.369300851	2.17383297	1.701854709	0.212593091	0.421739739
Prr5l	7671	0.524433317	1.057047952	1.700290873	0.212792052	0.421916551
Cul5	6252	0.128189363	5.830278535	1.700270459	0.212794651	0.421916551
Zfp950	12890	0.127097847	4.616752175	1.700680661	0.212742438	0.421916551
LOC115487771	23074	0.510681415	1.737870205	1.699419346	0.212903037	0.421921923
Slc27a1	4916	-0.284730911	3.068495384	1.699522816	0.212889857	0.421921923
Churc1	676	-0.129574694	7.880599327	1.69936632	0.212909792	0.421921923
Zxdc	6931	-0.344411907	3.791637208	1.698625069	0.21300425	0.42203482
Nat9	1330	0.246605706	3.052347974	1.698015912	0.213081916	0.422114413
Zranb3	16088	-0.299277844	3.471153894	1.696493562	0.213276171	0.422424899
Afdn	10489	-0.499873205	1.487969834	1.695313852	0.213426861	0.422495739
Ccl27a	3319	0.465705513	1.501332747	1.693600252	0.213645993	0.422495739
Arsk	3906	0.394500077	1.832926133	1.695472943	0.213406531	0.422495739
Lpp	21262	-0.358270296	3.441407077	1.693792616	0.213621379	0.422495739
Dnttip1	1245	-0.194408194	5.331934323	1.694399882	0.213543702	0.422495739
Csrnp1	3828	-0.191450216	5.837036912	1.695731629	0.21337348	0.422495739
Tti2	5080	0.164998032	4.192240346	1.694702093	0.213505058	0.422495739
Rnf38	6111	-0.137278594	5.865165522	1.693571339	0.213649693	0.422495739
Ube2a	1732	0.121640492	7.174674582	1.693625688	0.213642738	0.422495739
Crem	9121	0.228714368	3.66650274	1.691343379	0.213935042	0.422985722
Rps15a	5136	0.175431358	9.594817802	1.690083315	0.214096644	0.423230907
Zbtb9	2784	-0.198358024	4.712370895	1.688814582	0.214259517	0.423329878
Scai	11077	-0.174059671	3.782958964	1.688981312	0.214238104	0.423329878
Nr1h2	3659	-0.098852679	6.306380343	1.689323355	0.214194184	0.423329878
Hcls1	2018	-0.090436386	8.06883462	1.686958795	0.214498042	0.423726786
Prr14	14627	-0.109053258	6.786324251	1.68634662	0.2145768	0.423756876
Atg4b	3630	-0.100281227	6.095343149	1.686255277	0.214588555	0.423756876
Adarb1	24075	0.349812193	2.316406352	1.684537191	0.214809808	0.423918115
Elp1	9603	0.137596409	5.341779346	1.684314105	0.214838558	0.423918115
Med10	2982	-0.102629015	7.065865907	1.684657709	0.214794278	0.423918115
Rrp1	2179	0.086127337	8.337219437	1.684159544	0.21485848	0.423918115
Pdia3	2643	0.077947037	9.80787694	1.684980928	0.214752636	0.423918115
Tfap4	7698	0.467312363	1.314863945	1.68372665	0.21491429	0.42395393
Myef2	10149	0.153451128	4.452182465	1.682162921	0.215116048	0.424277588
D5Ertd605e	1062	0.514661082	0.909680994	1.681341134	0.215222176	0.424348424
Cep95	3343	-0.159557942	4.27202244	1.681301091	0.215227349	0.424348424
Pcgf3	9906	0.226929776	3.386866652	1.680867066	0.21528343	0.424379675
H2az1	1069	0.160235733	9.654630305	1.680303416	0.215356287	0.424379675
Pglyrp2	3803	-0.127522142	5.865714816	1.680570137	0.215321807	0.424379675
Gm12216	1152	0.620515486	1.140982507	1.6794904	0.215461434	0.42451257
Ticam1	2830	0.225451548	3.867125398	1.678328399	0.21561183	0.424734555
Taf1a	7116	0.174164643	4.038357156	1.676211056	0.215886223	0.425200683
Bzw1	3877	0.111744644	8.860504821	1.675808007	0.215938507	0.425229266
Intu	9880	0.542030956	0.429764364	1.674878499	0.216059146	0.425318039
Ciapin1	5111	0.134675627	6.435992292	1.674984318	0.216045407	0.425318039
Plcl1	9557	-0.23281917	3.619901155	1.67449182	0.216109357	0.425342508
Tmem41b	5035	0.141596941	5.003618903	1.673568525	0.216229312	0.425504212
Urod	1513	-0.123082809	5.844534752	1.673150431	0.216283659	0.425536777
Ypel1	4627	-0.422057844	1.747797608	1.669120013	0.216808472	0.426494808
LOC118568349	9703	-0.39516787	2.245133913	1.667362433	0.217037849	0.426647826
Irf2bp1	2706	0.2559131	4.795734303	1.667639778	0.217001632	0.426647826
Fam219b	4219	0.188430488	3.626148299	1.667682308	0.216996079	0.426647826
Cwc22	8520	0.134865323	5.167693784	1.668155305	0.216934334	0.426647826
Xlr3b	1792	0.472206489	2.024264955	1.667004722	0.217084571	0.426665171
LOC118568259	2104	-0.434582628	1.612307799	1.666078825	0.217205567	0.426828464
Ly6c1	1756	-0.644822701	1.049107277	1.665421235	0.217291553	0.426922916
Slc2a8	2271	-0.171308433	4.461722432	1.664885195	0.217361679	0.426986177
Aktip	7818	0.16054636	4.541879382	1.664550758	0.217405445	0.426997645
Dhx32	3791	-0.11531151	5.325251495	1.664204872	0.217450721	0.427012074
Slc9a6	5150	0.148864518	4.468311534	1.6618169	0.217763641	0.427551983
Cxcl10	1101	0.767580887	1.315969961	1.660151168	0.217982264	0.427906595
Rasgrf2	10995	-0.601566258	1.098625568	1.659789502	0.218029769	0.427925233
Map2k2	2537	0.159971402	7.107207012	1.659385	0.218082917	0.427954937
Nck2	2953	-0.260478692	3.875840292	1.659031812	0.218129336	0.427971429
Eral1	2014	0.113635361	5.32485561	1.656190249	0.218503267	0.428630384
Rnf138	4332	0.099134719	6.460441377	1.654288945	0.218753929	0.429047341
Oas1b	1840	-0.344936797	2.798768283	1.653301819	0.218884217	0.429216408
Snapc4	6257	0.192783414	4.227385304	1.653058241	0.218916381	0.429216408
Kdm5c	11552	0.145752341	6.150758704	1.651812389	0.219080991	0.429401517
Btbd9	26703	0.12144614	5.201720565	1.651766352	0.219087077	0.429401517
Pfn2	2020	-0.372097205	2.822845284	1.651072933	0.219178769	0.429431706
Adcy7	7338	-0.093359636	8.556295774	1.651350412	0.219142072	0.429431706
Trav1	332	-0.412916504	2.611621635	1.650062995	0.219312404	0.429618765
Elp4	6755	0.161080081	4.485286036	1.648838124	0.219474621	0.429861739
Atp6v0a2	5345	-0.130475078	7.449146814	1.647231637	0.219687613	0.430054451
Cdc7	3271	0.130085633	6.285228716	1.647412858	0.219663573	0.430054451
Sf3b6	1116	0.094613013	7.752434794	1.647704095	0.219624945	0.430054451
Gm49668	23617	-0.388016582	2.350189895	1.645043189	0.219978195	0.430475674
Tmem14a	1518	0.374777647	1.869898736	1.645035143	0.219979264	0.430475674
Lemd2	5438	-0.188900055	3.74593922	1.644387612	0.220065339	0.430569271
Nsa2	2686	0.131360372	6.191394826	1.643607714	0.220169067	0.430622543
Tex10	3670	0.09553645	6.233756437	1.64367347	0.220160319	0.430622543
Cactin	2724	0.121942695	6.148435861	1.642173878	0.220359937	0.430846157
Cab39l	3348	-0.099116757	5.947613905	1.642321768	0.22034024	0.430846157
Trmt44	3795	0.273018157	3.255259384	1.641367507	0.220467374	0.430895907
Gtf3c4	7486	0.201834543	4.262009411	1.640834095	0.220538481	0.430895907
Rnf10	3141	0.160188373	6.892275949	1.641110555	0.220501623	0.430895907
Nabp2	2243	0.118471928	6.48755553	1.641183444	0.220491907	0.430895907
F2rl3	1996	0.259128606	3.479893451	1.640195441	0.220623656	0.430920602
Ikzf5	5754	-0.140008038	4.317940411	1.640165322	0.220627673	0.430920602
Arfgef1	7453	0.098103121	5.80564915	1.639432875	0.220725412	0.43103672
Trip11	12189	-0.138017926	5.124831119	1.636671632	0.221094382	0.431682372
Prkx	4597	-0.11135245	5.29956244	1.635853791	0.22120382	0.431821155
Tgds	2265	0.131687863	4.927117914	1.635070428	0.221308709	0.431951014
Med26	3040	0.145403087	4.625222452	1.63477959	0.221347668	0.431952166
Desi2	5202	0.0914593	6.545335275	1.633880859	0.221468112	0.432112306
Zfp566	1692	0.235535954	3.052265826	1.633036374	0.221581364	0.43225836
Bmpr2	11804	0.372204905	1.650597725	1.632231885	0.221689322	0.432262678
Prkci	4492	0.345247674	3.325755056	1.631734818	0.22175606	0.432262678
Mrm2	1443	0.229709486	3.499221795	1.631857033	0.221739649	0.432262678
Cpsf4	1791	0.122298493	5.871899057	1.632437332	0.221661746	0.432262678
Gypc	2182	0.114382839	6.452046696	1.631589636	0.221775558	0.432262678
Idh1	2438	-0.220217471	3.667351343	1.630567134	0.22191294	0.432455579
Mast4	14136	-0.209316017	3.811322591	1.630245349	0.221956198	0.432465018
Tmem128	1501	-0.128964945	6.354694719	1.629834834	0.222011399	0.432497722
TrnQ	71	-0.328224108	6.192196985	1.629348082	0.222076875	0.432550426
Wdr60	5111	0.573034288	1.557362381	1.628613783	0.222175698	0.432668052
Themis	6497	0.118822885	7.214033184	1.627769073	0.222289451	0.432814707
Pim1	2715	-0.27437637	4.917049133	1.626091835	0.22251554	0.433180002
Depdc1b	3140	-0.347691348	5.259822833	1.62548223	0.222597788	0.433246751
Il10rb	2366	0.121140053	5.727548022	1.625267308	0.222626795	0.433246751
Rnf168	4468	0.139829186	5.073580018	1.624698219	0.222703625	0.433321363
Lbp	2525	-0.512609255	2.136026246	1.623497639	0.222865823	0.433496815
Tbc1d10b	3614	-0.20167903	5.387367357	1.622910925	0.222945143	0.433496815
Pip5k1a	4054	0.175069267	5.393010025	1.622891132	0.22294782	0.433496815
Tinf2	2841	-0.109644893	5.999984149	1.623402216	0.222878721	0.433496815
Cacna1a	9931	-0.439815513	1.207796374	1.620177716	0.223315144	0.434136054
Pkn3	4326	-0.419307542	0.750378289	1.618690526	0.223516803	0.434228157
Abcc10	7462	-0.260997182	3.168179131	1.619285535	0.223436093	0.434228157
Cotl1	1639	0.170801845	9.757477157	1.618943625	0.223482467	0.434228157
Ntan1	1666	-0.125026697	5.882529679	1.619108026	0.223460167	0.434228157
Trav21-dv12	332	-0.400829187	1.887471232	1.612195545	0.224400289	0.435147618
Zfp300	6066	-0.359133012	1.780057048	1.611905988	0.224439782	0.435147618
Galnt4	5113	-0.274183238	2.976149677	1.614854576	0.224038044	0.435147618
Klhl7	5972	0.232172781	3.760807919	1.613546701	0.224216123	0.435147618
Ubr3	9693	0.230781939	4.033054635	1.611695441	0.224468505	0.435147618
Fhod1	4126	0.229495011	3.096361156	1.613776665	0.224184798	0.435147618
Fbrsl1	7221	-0.229344013	3.224889118	1.612349145	0.224379343	0.435147618
Necap1	2395	-0.166512825	3.81882764	1.611701156	0.224467725	0.435147618
A430033K04Rik	3154	0.165282489	3.834329986	1.611307053	0.2245215	0.435147618
Tbc1d22a	6547	-0.149278037	5.849365307	1.610952628	0.224569876	0.435147618
Zkscan6	3112	-0.146129393	4.775102261	1.613824957	0.22417822	0.435147618
Mtfmt	2042	0.136804938	4.604066918	1.611812802	0.224452494	0.435147618
Brat1	4177	-0.114523142	5.664858781	1.61301758	0.22428822	0.435147618
Pde12	3529	0.114007681	5.954106304	1.614428543	0.224096032	0.435147618
Ugp2	3100	0.089805188	6.202107449	1.611013613	0.224561551	0.435147618
Fdxacb1	1989	0.219965034	3.429397439	1.610440502	0.2246398	0.435208203
Krt14	1720	0.457850382	1.562450424	1.609412004	0.224780314	0.4353306
Akap17b	6259	-0.419178652	1.413244602	1.609542903	0.224762424	0.4353306
Tmem184b	7108	-0.173142982	5.50689876	1.609089472	0.224824402	0.435341094
Vps8	8335	0.180947483	4.679556834	1.608438975	0.224913355	0.435378987
Rnpc3	3888	-0.144203438	4.68768764	1.608380767	0.224921317	0.435378987
Arhgap33	5080	-0.418931523	2.318348806	1.607831601	0.224996453	0.435449555
Espn	3986	-0.499782941	1.266421495	1.606578215	0.22516806	0.435523693
LOC115488671	11488	-0.344754145	1.982755545	1.606421694	0.225189502	0.435523693
Trbv19	352	-0.303152829	3.019437319	1.606486535	0.225180619	0.435523693
Cebpg	4702	0.200795924	4.799968847	1.606957704	0.225116084	0.435523693
Dnajc27	16767	-0.204398423	3.85952084	1.606022109	0.225244254	0.43555476
Slc49a4	5409	-0.529468201	1.608210356	1.603486571	0.225592083	0.436152441
Gm41538	937	0.289298296	4.45988703	1.602496974	0.225728027	0.436268117
Amfr	3808	-0.129577384	6.049987281	1.602486853	0.225729417	0.436268117
Lpgat1	8502	0.227926181	3.46049647	1.601595895	0.225851904	0.436429923
Nup93	16743	0.175572038	7.140804593	1.599890201	0.226086638	0.436808542
Nradd	1164	-0.540247453	0.400992143	1.599399238	0.226154263	0.436864223
Pigc	3860	0.138655692	4.695454592	1.598144514	0.226327206	0.437123296
Id3	953	0.156504745	8.537277662	1.596534921	0.226549315	0.43747722
Zfp563	19183	-0.285193545	2.652039193	1.59582242	0.226647725	0.437592194
4930579G18Rik	1461	-0.453332021	0.81501285	1.594093139	0.226886801	0.437616584
Ap1m2	2596	-0.381908443	1.619230179	1.594261937	0.22686345	0.437616584
Zfp719	6506	0.24900504	3.559650203	1.59418859	0.226873597	0.437616584
Atp23	5828	0.219593718	3.761350114	1.594044092	0.226893587	0.437616584
Cipc	5899	-0.144404482	4.474911599	1.595112518	0.22674583	0.437616584
Tmem19	13667	-0.12429948	5.743764295	1.594187027	0.226873813	0.437616584
Fbh1	6344	0.165822386	6.011215938	1.593052944	0.227030769	0.437806166
Asl	2365	-0.136171731	5.869826614	1.592642652	0.227087588	0.437840737
Prdm2	12559	-0.139088946	5.536845714	1.591170707	0.227291582	0.438159012
Gm41442	11746	0.652782126	0.366428758	1.590151877	0.227432919	0.438356413
Rnf11	2132	0.302414868	2.647380686	1.587711699	0.2277719	0.438620091
Tlr6	4511	-0.273770989	2.605976689	1.588754815	0.227626914	0.438620091
Anp32a	2567	0.209305975	5.784958582	1.587773019	0.227763374	0.438620091
1110059E24Rik	1428	0.184098518	3.749248567	1.587583872	0.227789676	0.438620091
2810006K23Rik	2880	0.173569043	3.730064419	1.587484551	0.227803489	0.438620091
Ift20	1136	0.122418885	5.92482432	1.58795095	0.227738635	0.438620091
Plxdc1	5331	-0.677560891	1.793964067	1.58537884	0.228096589	0.438959214
Nudt14	1259	-0.173804226	5.216460004	1.585577519	0.228068914	0.438959214
Dhps	1682	0.108001793	5.698227675	1.585471488	0.228083683	0.438959214
Cyp20a1	2246	0.154382295	4.156585694	1.58490838	0.228162142	0.439010322
Gm28913	9361	0.492233226	1.868938639	1.583999834	0.228288805	0.43910394
Ptdss2	2388	0.148017753	4.443517377	1.584081541	0.22827741	0.43910394
Usp5	3458	0.104102561	7.699994169	1.582035315	0.228562998	0.43955624
Cpsf3	3195	0.083984989	7.280958813	1.580719794	0.228746849	0.439834676
D2hgdh	5351	-0.203834702	4.357734773	1.578951483	0.228994285	0.440235255
D730005E14Rik	3607	0.376788467	1.483026851	1.578158434	0.229105368	0.440373609
C1qc	1122	-0.47356247	1.502652188	1.577351043	0.229218532	0.440515915
Gm51446	10628	-0.394502482	1.886840143	1.575899809	0.22942212	0.440831922
Ankib1	6990	-0.258898998	4.360829243	1.574428686	0.229628741	0.441003133
Mfsd6	5850	-0.249530746	4.36563604	1.574872715	0.229566351	0.441003133
Smarcad1	8721	0.139622037	5.130215221	1.574484141	0.229620948	0.441003133
Clcn2	5190	-0.423083313	0.830448919	1.572984749	0.229831779	0.441203054
Rsrp1	1415	-0.23979455	8.227951144	1.572852339	0.22985041	0.441203054
Trps1	29833	0.197849684	3.762721208	1.573051752	0.229822352	0.441203054
Cd99	206	-0.523758355	2.176404083	1.572291432	0.229929353	0.441212709
Ino80d	14237	0.154367462	4.773585748	1.57198133	0.229973012	0.441212709
Nfatc1	7601	-0.120559801	9.166321535	1.571985629	0.229972407	0.441212709
Urgcp	6397	0.105552264	5.652488743	1.570860495	0.230130906	0.441290026
Kmt2e	9670	-0.101450225	7.6600561	1.570990568	0.230112576	0.441290026
Khdrbs1	14951	0.08709904	7.962409962	1.570962732	0.230116498	0.441290026
Relb	6167	0.137478344	6.434378332	1.568791945	0.230422679	0.441774271
Adat2	1453	0.298120095	2.859590964	1.567662379	0.23058221	0.442004857
Fmnl1	4494	-0.099298621	7.260859393	1.567211778	0.23064589	0.442051656
Rdh10	2295	0.378886352	2.488789114	1.566927279	0.230686108	0.442053481
Trp53i11	3939	-0.17645295	6.222543342	1.563775317	0.231132294	0.442833112
Fggy	7646	-0.483397576	0.967100612	1.563260327	0.231205303	0.442897617
Niban1	5693	0.156468468	5.237559045	1.56281555	0.231268381	0.442943082
Usp53	7138	-0.219062018	3.999580385	1.561539724	0.231449445	0.443206366
Cog7	2947	0.171026833	4.57476617	1.561054505	0.231518356	0.443206366
Rc3h1	11011	0.13410936	5.232855333	1.560460961	0.231602687	0.443206366
Zmiz2	9944	0.128135093	6.225821034	1.560666705	0.23157345	0.443206366
Babam2	1460	0.112305245	5.288346198	1.560820034	0.231551665	0.443206366
Ddx3y	4850	-0.122935249	6.219389705	1.55810702	0.231937533	0.443771711
Ercc2	3571	0.177294176	3.779334921	1.55618986	0.232210716	0.443955212
Sacs	16770	-0.153944096	4.53085048	1.556965575	0.232100131	0.443955212
Ndufa6	560	0.123228704	7.381244329	1.556211795	0.232207588	0.443955212
Ccdc124	1327	0.116754635	6.638365148	1.556050336	0.232230613	0.443955212
Atp5j2	428	0.110290911	8.388860067	1.556258311	0.232200955	0.443955212
Cep170	13335	0.256957984	3.149712087	1.555439873	0.232317698	0.443980716
H2-K1	2182	-0.106168822	11.07329582	1.555403923	0.232322828	0.443980716
Mcm3ap	6825	-0.153595299	6.031935017	1.55367749	0.23256935	0.444376398
Plekhg5	4879	-0.532050354	1.320405248	1.553274109	0.232626999	0.444411124
Stx8	6768	-0.11164311	5.443855089	1.552832688	0.232690106	0.444456262
Hemgn	2310	0.648680826	1.259224013	1.551745021	0.232845698	0.44467801
Snrnp200	6760	0.168184203	7.716642269	1.551268663	0.232913884	0.444732787
Cdc42bpg	6170	0.447989641	0.895145763	1.550943927	0.232960383	0.44474614
Ralgapa2	13756	-0.20567076	3.793436982	1.549272004	0.233199973	0.44512806
A930024E05Rik	1896	-0.225527381	2.968082458	1.548830151	0.233263346	0.445173546
Zfx	8994	0.139264843	5.460216966	1.548113532	0.233366175	0.445218844
Sars	3704	0.085421986	7.60645439	1.548203691	0.233353235	0.445218844
Iars2	6408	0.132660722	6.315983486	1.546347416	0.233619851	0.445627293
A630026N12Rik	5360	0.637404587	0.767933002	1.545279428	0.233773427	0.445694776
Gm6988	501	0.31519859	1.647341096	1.545661389	0.233718486	0.445694776
Hectd3	4606	-0.131408455	6.171032237	1.545275473	0.233773996	0.445694776
Rdh11	3121	-0.151230266	4.75374861	1.544890874	0.233829334	0.445724795
2210408I21Rik	20413	0.425356898	1.291094806	1.544071351	0.233947307	0.445874181
Fam50a	1443	0.116788987	5.14805233	1.54362665	0.234011357	0.44592076
Cbfa2t2	6809	0.159744894	4.733709623	1.543284295	0.234060681	0.445939269
Arl13b	3920	-0.234494113	3.17126398	1.542315067	0.234200394	0.4460199
Lmf1	2684	-0.16160642	4.154407977	1.54261179	0.23415761	0.4460199
Brd8	5758	-0.087999317	6.794618542	1.542166254	0.234221855	0.4460199
Gpatch2	21530	-0.189886168	4.035325651	1.541156214	0.234367586	0.446199024
Api5	3797	0.120084286	8.071989429	1.540964999	0.234395188	0.446199024
Dnase1	1492	0.408757426	1.296277257	1.53978228	0.23456601	0.446297811
Med23	4946	0.187511679	5.270965501	1.539877042	0.234552318	0.446297811
mt-Rnr2	1582	-0.148892209	13.70385684	1.540303999	0.234490637	0.446297811
Racgap1	3065	-0.306909095	7.603405566	1.539411615	0.23461958	0.446324304
Wwox	20986	0.238875617	3.030255707	1.537866877	0.234843002	0.44667385
Szt2	11832	-0.184454654	4.875816164	1.537534861	0.23489106	0.446689789
Tbc1d13	4729	0.272161894	3.199113929	1.536690698	0.235013305	0.446771326
Lrrc20	3217	0.172357677	4.22794084	1.536728464	0.235007835	0.446771326
Zfyve1	6446	-0.180259328	4.282717893	1.535857176	0.235134092	0.446850035
Wdr83	1238	0.123183812	4.926510751	1.536057014	0.235105126	0.446850035
3110040N11Rik	1275	0.129931732	5.196517655	1.533719815	0.235444192	0.447337237
Eps15	5619	-0.101351914	6.733765302	1.533542584	0.23546993	0.447337237
Slfn10-ps	3710	-0.160490431	4.390957734	1.532777149	0.23558113	0.447472981
Nup210	9147	-0.148851885	9.273414298	1.532128811	0.235675372	0.447576474
Zfp952	3936	-0.173875215	4.08923286	1.531682191	0.235740321	0.447624311
Arrdc4	3955	0.537357393	1.432141399	1.530631556	0.235893202	0.447688076
Mia2	5584	-0.268649763	5.54423729	1.530921804	0.235850954	0.447688076
Parp10	3395	-0.133870632	5.969861042	1.530763778	0.235873955	0.447688076
Zfp607b	8221	0.280457792	2.360149681	1.530212777	0.235954176	0.447728318
Ggt5	4754	-0.593020105	1.91260498	1.529668293	0.236033483	0.447803329
Ficd	3369	-0.251447514	3.405000776	1.528786488	0.236161998	0.447896187
Arfip1	3591	0.096474111	5.851387537	1.528882494	0.236148001	0.447896187
Emc3	1958	-0.087741445	6.607170703	1.52840861	0.236217098	0.447925229
Nr2c1	5121	0.350083246	2.361293944	1.526938518	0.236431619	0.448126509
Ncaph2	3367	-0.117543967	7.861974275	1.526862905	0.23644266	0.448126509
Spcs1	1006	-0.105144734	7.465666095	1.527204319	0.236392813	0.448126509
Smim24	575	-0.445081023	1.839164225	1.525541784	0.236635673	0.448265927
Idua	4732	-0.18052075	4.552303697	1.525747909	0.236605545	0.448265927
Tmem101	1653	0.150703317	4.332954107	1.526052155	0.236561084	0.448265927
Pold1	4642	0.14929843	7.20842755	1.524770568	0.236748442	0.448328672
Fdx1	3441	0.144610762	4.973861194	1.524840538	0.236738208	0.448328672
Pgpep1l	7025	-0.668301564	0.991856633	1.522371937	0.237099626	0.448787113
Gm41331	4979	-0.297203361	4.033506048	1.52175645	0.237189849	0.448787113
Mief2	2522	-0.131399891	4.349537883	1.522031517	0.237149522	0.448787113
Mrpl14	7525	0.101376418	6.035025211	1.521765357	0.237188544	0.448787113
Elob	508	0.096994468	8.131853645	1.522837083	0.23703147	0.448787113
Gm36897	960	0.313132647	2.305816799	1.518281695	0.237700059	0.449364217
Ttc19	4974	-0.276000045	2.842453179	1.518048529	0.237734347	0.449364217
Eif4ebp3	1151	0.243127167	2.860443448	1.518323422	0.237693923	0.449364217
Zfp738	4504	0.241378938	3.337670699	1.518313751	0.237695345	0.449364217
Arhgap10	5537	-0.235457851	3.492427322	1.518422719	0.237679324	0.449364217
Gga1	3371	-0.108001029	5.665125967	1.518116194	0.237724396	0.449364217
Tbc1d7	1391	0.153715387	4.75206494	1.517572813	0.237804323	0.449421029
1700019D03Rik	4304	0.681484938	0.613090419	1.517034315	0.237883567	0.449439837
Zbtb7b	5008	0.107551275	6.719193207	1.516962632	0.237894119	0.449439837
Rprd1a	4509	0.255549614	3.188258236	1.516290962	0.237993014	0.449551234
Cpsf6	12804	0.131606211	7.492788835	1.516017546	0.238033287	0.449551879
C1qb	1104	-0.578765396	1.935080248	1.514774057	0.23821656	0.449822549
Hmgcr	5458	-0.194808564	7.297580469	1.51416559	0.238306308	0.449916554
Tbk1	3031	-0.090519782	6.330213086	1.51356266	0.238395282	0.450009069
Thap6	3673	-0.363164609	1.873707791	1.513284397	0.23843636	0.450011155
Gm13212	3547	0.227505413	3.291146261	1.512996345	0.238478893	0.450015987
Gm32687	3883	-0.354165147	1.305180935	1.511644621	0.238678618	0.450317392
Elf4	6551	-0.139651152	6.78544635	1.511101253	0.238758965	0.450318049
Ifi35	1360	-0.096268489	6.308146533	1.511295319	0.238730265	0.450318049
Tyms	7450	0.248044755	7.76350669	1.510566557	0.238838066	0.450338348
Bet1l	2182	-0.136645076	5.191873795	1.510108479	0.238905859	0.450338348
Wsb1	3909	-0.108417619	6.746325409	1.50994719	0.238929734	0.450338348
Ndufv1	1608	0.08623366	7.176111299	1.510382143	0.238865355	0.450338348
Niban3	6246	0.280077142	2.83352925	1.508878129	0.239088069	0.450561346
Slc10a7	5819	-0.169565348	4.526782272	1.508552661	0.2391363	0.450576815
Nnt	3645	0.137309391	5.347698449	1.50828055	0.239176634	0.450577401
Tubgcp4	4321	0.148833184	5.287855529	1.507393813	0.239308134	0.450749703
Erich1	3172	-0.141200001	4.659722139	1.507053398	0.239358642	0.450769419
Rhebl1	1321	-0.234142498	2.638123167	1.50586256	0.239535438	0.451026921
Zfp783	4415	0.257926109	3.217761557	1.504894176	0.239679334	0.45115082
Cebpzos	1880	0.228560143	3.733664734	1.504880367	0.239681387	0.45115082
Usp3	26310	-0.101964528	6.529125824	1.503447761	0.239894475	0.451476429
Lysmd3	4250	0.206289473	4.072077146	1.502516337	0.24003315	0.45166191
Acd	1718	0.116141603	6.238315115	1.50215686	0.2400867	0.451687176
Cdk6	12096	-0.220724851	6.413256561	1.501350574	0.240206864	0.451837741
Tln1	9170	-0.117163491	9.248854383	1.500684427	0.240306203	0.451949087
H2ac6	487	-0.425095729	1.28585784	1.500392878	0.240349697	0.451955385
Gm2245	3290	-0.337569504	2.257438014	1.499202988	0.240527316	0.452073822
Zfp422	3705	-0.127274002	5.270321802	1.499455995	0.240489534	0.452073822
Coq9	1697	0.108767566	5.595048074	1.499163931	0.240533149	0.452073822
Ccdc181	1937	-0.226614547	3.171838092	1.498729621	0.240598025	0.452120275
Gmppb	1825	0.163856744	5.478359274	1.497446353	0.240789851	0.452341909
Thoc5	2333	0.120746717	6.227360876	1.497403045	0.240796328	0.452341909
LOC115490200	3722	0.174989036	4.091157455	1.497126395	0.24083771	0.452344168
Prpf38a	1519	0.092517088	6.249656332	1.496492534	0.24093256	0.452446833
Pcid2	8063	0.096751535	6.016488584	1.495509488	0.241079759	0.452647753
Gon4l	7648	-0.109504539	4.827648622	1.494752894	0.24119313	0.452785103
Dnajc12	1365	-0.425656061	1.267505898	1.493413226	0.241394044	0.453086721
Tsen54	2965	0.118374355	5.446629901	1.49305137	0.241448351	0.453113108
Cldn34c1	4596	-0.358989924	1.134644647	1.492486099	0.241533218	0.453196827
Pif1	4807	-0.244228352	5.144062087	1.490846175	0.241779649	0.453557086
Cenpj	5307	0.211200585	3.910416491	1.490404467	0.241846082	0.453557086
Reep5	4474	0.095894054	7.832035259	1.490626745	0.241812648	0.453557086
Phospho2	2159	-0.12943521	5.271721222	1.489812852	0.241935097	0.453648455
Kif24	19187	-0.245681734	3.491758223	1.489267466	0.242017196	0.453726826
Ddt	609	-0.132460216	5.630601824	1.488036475	0.242202635	0.4539233
Mtf2	10391	0.094062611	6.770369028	1.488061611	0.242198846	0.4539233
Ampd1	2344	-0.498355284	1.45526281	1.486493425	0.242435348	0.454283813
Atp11b	5599	-0.12724789	7.29448095	1.486086959	0.242496698	0.454323152
Nufip2	11054	0.103569413	5.795536262	1.48532637	0.242611552	0.454462704
Rpl18a	1291	0.145785607	11.74621936	1.485057033	0.242652241	0.454463305
Gng5-ps	491	-0.47713551	1.040088022	1.484531276	0.242731693	0.454519879
Chd6	12225	-0.175625937	5.09022135	1.484261464	0.24277248	0.454519879
Nsmce3	1359	0.158090429	4.893772007	1.484055866	0.242803567	0.454519879
Sh3bgrl2	3501	0.613008502	0.694132548	1.481957884	0.24312108	0.454962951
E130308A19Rik	23851	-0.338555003	1.909697475	1.482062608	0.243105217	0.454962951
Pnpla2	2717	-0.131272365	6.082276419	1.481167149	0.243240893	0.455035888
Ghitm	3314	-0.0840516	8.485639788	1.481412039	0.243203779	0.455035888
Alg1	2012	0.154999818	4.409258516	1.480875054	0.243285172	0.455043107
Zfp94	2660	0.311932731	2.219273137	1.480527382	0.243337889	0.455066105
Tonsl	4292	0.153598897	5.65093682	1.479139556	0.243548474	0.455308655
Ftl1	970	-0.111969348	10.62396653	1.47930484	0.243523382	0.455308655
Timmdc1	2579	0.185428597	4.374273804	1.477614073	0.243780225	0.455666241
Proz	4088	-0.344676228	1.354319625	1.476787853	0.243905865	0.455749748
Hnrnpab	2545	0.300443341	7.695579347	1.477004166	0.243872963	0.455749748
Ptp4a3	5721	0.113979648	5.886439618	1.476420725	0.243961721	0.455778469
Rnf121	2828	0.197160394	3.882579942	1.476148028	0.24400322	0.455780364
Sfpq	13555	0.115588997	7.115478473	1.475350379	0.244124661	0.455855936
Sp1	7960	-0.102471223	5.698492363	1.4753623	0.244122846	0.455855936
Cog5	9558	0.156665952	5.124620656	1.473617631	0.244388745	0.456156128
Rbm25	5921	0.115492243	7.610274056	1.473498083	0.244406979	0.456156128
Slc35c2	3510	0.093000453	6.193058857	1.473641712	0.244385072	0.456156128
Raf1	3330	-0.1083794	6.268001801	1.472507046	0.244558205	0.456362716
Ndst2	3944	-0.198682333	4.674274745	1.471340296	0.244736402	0.456619558
Btaf1	9194	0.191872773	5.380622055	1.470747241	0.244827044	0.456712985
Smpd2	1930	-0.135213696	5.036600417	1.470108315	0.244924748	0.456819551
Vav1	4222	-0.099532059	7.982535636	1.469260421	0.245054485	0.45698582
Hsbp1	1165	-0.098143957	7.651123314	1.467834143	0.245272928	0.457251464
Manf	868	0.097770665	6.740363907	1.467799962	0.245278166	0.457251464
Gm10130	2141	0.446703644	1.77313341	1.466450172	0.245485137	0.457313597
Zfp729b	4835	-0.183551733	3.788339789	1.466263898	0.245513717	0.457313597
Cplane1	10689	-0.171559512	4.106025547	1.466357664	0.24549933	0.457313597
Atp13a3	7967	0.16869273	5.238846168	1.46625814	0.245514601	0.457313597
Rad9a	2156	-0.103012643	5.874564826	1.466827254	0.245427294	0.457313597
Gtf2h4	1732	0.154455791	4.63040612	1.464967439	0.245712759	0.457606987
Trub2	4633	0.153190394	4.584446708	1.464291536	0.245816613	0.457724682
Gm36417	1584	-0.179493434	4.139462512	1.463377026	0.245957221	0.457910765
Fbxo21	3916	-0.165100062	5.2379945	1.46307581	0.246003558	0.457921305
Gm10505	2280	-0.326211054	2.823072178	1.462332294	0.246117982	0.457982851
Dido1	28570	0.094272212	6.030781914	1.462336555	0.246117327	0.457982851
Oma1	11342	0.127115336	5.122454537	1.46160674	0.246229711	0.458115036
Synj1	11725	0.097326759	5.447239966	1.460043255	0.246470701	0.458487632
Msln	2178	1.531516706	0.414727855	1.45972559	0.246519703	0.458503025
Ilrun	3812	0.13055578	5.12037205	1.459409929	0.246568408	0.458517863
Fastkd1	3903	0.202514398	3.100500074	1.458183928	0.246757697	0.45879408
Tep1	10036	-0.165993993	4.499620777	1.457135172	0.246919773	0.459019617
Scaf11	8103	0.124965558	7.075403183	1.456047557	0.247088003	0.459256519
Ccdc61	2199	-0.115322457	4.673557548	1.455264611	0.247209201	0.45940594
Gpank1	2371	-0.114662814	4.991486467	1.454315958	0.247356156	0.459540152
Mettl14	2625	0.112324229	5.007066181	1.454271413	0.247363059	0.459540152
Zfp558	10053	0.369819331	1.928461118	1.453875977	0.247424352	0.459551187
Cox8a	545	0.08701	8.7456427	1.453443181	0.247491459	0.459551187
Maea	2432	0.082150375	7.052413247	1.453699687	0.247451684	0.459551187
Trav7d-4	341	-0.765114696	1.181595126	1.452274434	0.247672799	0.459812066
Gpnmb	3823	-0.660894335	0.514781794	1.451229666	0.247835051	0.460037429
Gpr137	3005	-0.20860169	3.441914228	1.447822675	0.248365136	0.460945384
Dazap1	2309	0.098404618	6.376160324	1.447217162	0.248459503	0.461044517
Il11ra1	1961	0.504631206	1.273847378	1.446828248	0.248520139	0.461081036
Trav8d-1	337	-0.775042485	0.977795429	1.444262818	0.248920611	0.461595822
Pycr1	2876	0.569465297	0.507248526	1.4443142	0.248912581	0.461595822
Zc3h11a	4883	0.11110579	6.346360436	1.444414412	0.248896923	0.461595822
Brca2	12026	0.192098884	4.544440078	1.4434102	0.249053896	0.461741047
Nmi	1654	-0.08325287	6.36740431	1.443237186	0.249080954	0.461741047
Top2b	5633	-0.198801057	6.833448665	1.442275991	0.249231348	0.461943779
Zfp426	3665	-0.135839975	5.05451445	1.43960454	0.249649971	0.462491258
Sec22b	1815	0.083463122	6.940326017	1.439785996	0.249621507	0.462491258
Fnbp1	9728	0.076932666	8.153382673	1.439853513	0.249610917	0.462491258
LOC118568082	9800	-0.590821991	0.723549936	1.43693758	0.250068821	0.463060539
LOC118567611	779	-0.504636031	1.200888362	1.436339213	0.250162924	0.463060539
Gm39478	556	-0.392689719	1.765541688	1.436347765	0.250161579	0.463060539
Ulk2	10749	-0.1817743	3.892154846	1.436481745	0.250140504	0.463060539
Chtf18	3199	0.181725081	5.220209987	1.437377886	0.249999607	0.463060539
Rras	1431	-0.341539647	2.452737824	1.435031805	0.250368698	0.463360341
Plekha1	5280	0.182399768	5.201251278	1.434787301	0.250407205	0.463360341
Slc1a4	3926	0.35349409	1.830590881	1.432989053	0.250690657	0.463596479
Rpusd1	5033	0.160097695	4.987078865	1.433613119	0.25059224	0.463596479
Gtf2h2	2220	0.125466407	5.219683752	1.433185442	0.25065968	0.463596479
Rex1bd	806	-0.106308315	5.994602027	1.432932776	0.250699535	0.463596479
Mgat1	7494	-0.097297506	6.635374099	1.43252722	0.250763523	0.463638651
Champ1	4040	0.136413227	5.520452189	1.432151705	0.250822791	0.463672083
Tbca	550	0.146410955	6.608591855	1.431091571	0.250990213	0.463905405
Mlkl	2932	0.482376608	1.284612717	1.429422794	0.251254057	0.464316837
Dst	41151	-0.35857453	1.819055385	1.427802587	0.251510573	0.464333557
Ift74	3797	0.27951596	2.446889898	1.428388856	0.251417713	0.464333557
Tma7	637	0.128562866	8.02735295	1.427895742	0.251495815	0.464333557
Pef1	1551	-0.108057187	5.963254057	1.429040415	0.251314565	0.464333557
Arhgap27	5973	-0.099736571	6.539085835	1.428013948	0.25147709	0.464333557
Arap1	7248	-0.090889821	6.501853913	1.427887055	0.251497191	0.464333557
Gm6485	927	-0.303542311	2.148378078	1.426902856	0.251653172	0.464520644
Gm46371	20130	0.372993664	1.810448487	1.426613738	0.251699017	0.464529104
Gtf2h5	1859	0.126923929	6.657561751	1.425107586	0.251938026	0.464894
Bloc1s2	3169	0.09656386	6.35393341	1.424390882	0.252051864	0.465027841
Ccdc84	3496	-0.198023215	4.480258163	1.423730717	0.252156783	0.465105649
1700037H04Rik	1975	0.126858233	5.373448924	1.423605661	0.252176664	0.465105649
Cdin1	5710	-0.153638139	4.419202415	1.422110868	0.252414467	0.465467989
Ppp2r3a	11354	-0.412586608	0.649200265	1.419929865	0.252761973	0.466032476
Ier2	1522	-0.121948754	7.885450124	1.4188518	0.25293398	0.46607188
Tpp2	4726	0.102949146	7.064670231	1.41923723	0.252872466	0.46607188
Slc38a10	5481	-0.099454426	7.138064886	1.418758071	0.252948942	0.46607188
Tbc1d4	9499	0.098217586	8.926291558	1.419394566	0.252847361	0.46607188
Dnajc4	1162	-0.164406548	4.694266583	1.41759712	0.253134361	0.466337202
St8sia6	3161	0.386018749	2.975981942	1.415985988	0.253391981	0.466513971
Srpk2	9978	-0.114765064	6.237125096	1.416353453	0.253333192	0.466513971
Sin3a	5869	0.108029173	6.074746723	1.416345371	0.253334485	0.466513971
Nfkbib	2125	0.107196444	6.725294628	1.415960445	0.253396068	0.466513971
Malsu1	6493	0.121058805	5.470770079	1.41446634	0.253635291	0.466878043
Stk11ip	4634	-0.129110347	5.250184756	1.412908668	0.253885013	0.467261317
Cbx4	5197	-0.235301379	5.014827785	1.412283949	0.253985258	0.467357665
Arpc2	1646	-0.090132191	10.06999477	1.412065085	0.25402039	0.467357665
Stard5	2425	-0.111765681	5.292924226	1.411673106	0.254083327	0.467397075
Med27	3552	0.120238439	5.6014411	1.411297649	0.254143631	0.467431628
Stard7	8684	0.15515056	6.935926749	1.40993613	0.25436247	0.467757708
Pde1b	3809	-0.331045469	2.344707641	1.408631692	0.25457237	0.467991383
Cenpf	11365	-0.248796043	6.007716939	1.408517334	0.254590782	0.467991383
Cir1	1945	-0.183625958	4.544181091	1.408318458	0.254622807	0.467991383
Psenen	790	-0.101549765	6.765536047	1.408113486	0.254655819	0.467991383
Raly	6087	-0.134158226	7.736354984	1.40716966	0.254807902	0.468083219
Brox	4159	-0.118230307	5.342564362	1.407449381	0.254762817	0.468083219
Nudt1	1224	0.114908974	5.373424246	1.407029328	0.254830525	0.468083219
n-THgtg5	72	-0.626625882	0.185465422	1.404512609	0.255236695	0.468676353
Kctd3	4124	0.267570853	3.479484367	1.404569451	0.255227512	0.468676353
Xpo7	7379	0.149914903	6.285273557	1.403225593	0.255444739	0.468981877
Gadd45b	1266	-0.278484615	5.458969407	1.402608204	0.255544619	0.469047714
Mxd1	4738	-0.14905989	4.196034446	1.402382454	0.255581153	0.469047714
Nipsnap2	2290	-0.133512773	5.423358377	1.402231483	0.255605589	0.469047714
LOC118567874	5494	0.521706767	0.769033534	1.400862932	0.255827246	0.469107375
Gm13528	6124	0.493609813	1.27628536	1.400744467	0.255846446	0.469107375
Rbm41	7978	-0.228651915	2.742276855	1.401428131	0.255735673	0.469107375
Ash1l	13660	-0.14184852	5.315006334	1.401266772	0.255761812	0.469107375
Ubb-ps	703	-0.118504813	8.245250016	1.400909626	0.255819679	0.469107375
Timm10b	1985	0.096377134	6.841844348	1.400376987	0.255906014	0.469140189
Rps15a-ps4	697	-0.417263122	0.807630959	1.398678149	0.256181635	0.469492569
Arhgap5	9948	0.371705486	2.658731672	1.398776383	0.256165687	0.469492569
Zfp821	2852	-0.229876129	3.838769039	1.398276874	0.256246796	0.469535552
Stx6	6676	0.076354714	7.417872073	1.397718625	0.256337485	0.469625289
Chst14	2089	-0.229039119	2.568756735	1.396419669	0.256548667	0.469671654
Cog6	2920	0.125900377	6.161893812	1.396222272	0.25658078	0.469671654
Ttc9c	3629	0.118206001	5.814305838	1.396023599	0.256613106	0.469671654
Sub1	3359	0.111519786	8.873048589	1.396246022	0.256576916	0.469671654
Arf3	3738	0.108389315	8.019961321	1.39702481	0.256450255	0.469671654
Smad2	14167	-0.083840511	6.690166332	1.396436162	0.256545984	0.469671654
Fam3a	2540	-0.154110095	4.336633326	1.395661664	0.25667201	0.469703102
Vipas39	3081	-0.118921618	5.456132767	1.394716658	0.256825892	0.469908319
Tent4b	6239	0.161176122	4.126291169	1.394150388	0.25691816	0.470000755
Gm41949	7402	0.29541499	3.02191385	1.393789023	0.256977065	0.470032136
Kri1	2598	-0.150662155	4.284753379	1.392151819	0.257244163	0.47028456
Atg3	2013	0.133028191	6.640238098	1.39236048	0.257210101	0.47028456
Rad21	4046	-0.10800268	6.62569793	1.391663276	0.257323938	0.47028456
Rfc2	1518	0.105738237	7.482842205	1.392039519	0.257262498	0.47028456
Plaa	7027	0.105548621	7.086599539	1.391792368	0.257302855	0.47028456
Arhgef5	5466	0.447765827	1.008314933	1.390465288	0.257519697	0.470518531
Setd6	2424	0.262831662	4.544112834	1.390368342	0.257535547	0.470518531
Slc39a13	3606	-0.141947576	4.158263771	1.389390715	0.257695458	0.470730753
Cox6c	503	-0.092042288	8.800945246	1.389147074	0.257735332	0.470730753
Atxn7l2	2637	0.184773351	3.109124664	1.388603432	0.257824331	0.470816922
Ftx	7491	-0.312453872	1.914614532	1.386884198	0.258106057	0.471113062
Carnmt1	4837	0.309804528	4.091048201	1.386752171	0.258127709	0.471113062
Phc3	11199	0.131538387	4.844021054	1.386717317	0.258133426	0.471113062
Ncstn	3186	-0.106258294	6.822568344	1.386592555	0.258153889	0.471113062
Sec13	1301	0.099507859	7.783877118	1.385884587	0.25827005	0.471248658
Tsc2	6459	-0.118112487	6.009882322	1.385249291	0.258374346	0.471362565
Eps8l1	5082	-0.971843939	2.653205112	1.382847192	0.258769208	0.472006439
Mcee	847	0.183499067	4.35181007	1.382424058	0.258838847	0.47205698
Gfpt1	6414	0.139196144	4.617262568	1.382046065	0.258901078	0.472093996
Limk1	5372	-0.407244754	2.396980195	1.381751744	0.258949547	0.472105911
E2f6	4203	0.16582272	5.045703108	1.380654733	0.259130312	0.472358979
Ago1	7442	0.151738352	4.611473343	1.3801896	0.259207007	0.472422291
Scaf4	9898	0.207091243	5.179784891	1.377963525	0.259574483	0.473015463
Kcnk6	4089	0.417351341	0.278428185	1.375925361	0.25991155	0.473553039
Neu3	3392	-0.167992411	5.111427013	1.375290854	0.260016602	0.473667784
Mlf1	1161	0.425354338	1.31257479	1.374169051	0.260202473	0.473836415
Dip2c	8237	-0.353531011	1.451385521	1.373994	0.260231494	0.473836415
Cnr2	4337	-0.23791687	3.10179848	1.373716383	0.260277526	0.473836415
Gpbp1l1	3809	-0.139810577	5.713768614	1.373862305	0.260253329	0.473836415
Pdcd2	6326	0.156193148	5.211511914	1.373186815	0.260365366	0.47391969
Paxbp1	3826	-0.136928101	4.880476155	1.372614121	0.260460403	0.473939424
Eif2d	14558	0.09253627	6.259595353	1.372822202	0.260425867	0.473939424
Kbtbd6	2982	0.36309764	2.227906328	1.370002572	0.260894374	0.474575676
Insig1	2648	-0.171373564	5.996503592	1.370014054	0.260892463	0.474575676
Scly	2739	0.13840847	4.668445538	1.369322181	0.261007595	0.474704928
Mrps26	962	0.093451438	6.363069172	1.368556996	0.261135006	0.474859942
Cenpc1	5354	-0.168347132	5.014486527	1.364943077	0.261737885	0.475839352
Ndufs1	3657	0.087442809	6.855375461	1.364821872	0.261758137	0.475839352
Rftn2	5352	-0.372928158	1.445285429	1.364369684	0.26183371	0.475899889
Pomp	740	0.08413376	8.33703852	1.363410201	0.261994164	0.476114657
Hexim2	11669	-0.288491405	2.317487364	1.362558397	0.262136721	0.476296838
Khdc4	3790	0.128868991	5.842012614	1.362095244	0.262214278	0.476311636
Pygb	3838	-0.123124648	7.411732686	1.362004463	0.262229483	0.476311636
Gpatch2l	9395	-0.133219019	5.671483654	1.361696569	0.262281062	0.476328471
Trav19	341	-0.396767786	1.430935477	1.360657941	0.262455154	0.476490909
Morc2a	6483	0.122941931	5.141645818	1.360704637	0.262447324	0.476490909
Gm36445	2037	-0.335312606	2.508623942	1.359498018	0.262649762	0.476563336
Gm38712	4069	-0.264734823	2.574426477	1.359158844	0.262706703	0.476563336
Tmem185b	2830	-0.124949201	5.150179577	1.35929383	0.262684039	0.476563336
Haus7	1365	0.118520823	5.708118689	1.359726853	0.262611353	0.476563336
Sting1	2329	0.084326593	8.158231952	1.359597464	0.262633069	0.476563336
Zfp933	5977	0.434861847	2.110402731	1.358680607	0.262787019	0.476602622
F730043M19Rik	1551	0.393207978	0.798156515	1.358366168	0.262839845	0.476602622
H2ac22	475	-0.356375286	1.224882788	1.358273813	0.262855363	0.476602622
Ash2l	3537	0.096971374	6.759495241	1.357242165	0.263028793	0.476840282
Trav13-1	331	-0.449237186	2.905557926	1.356477401	0.263157456	0.476996723
Ccar1	4564	0.081286325	7.463559564	1.355378952	0.263342406	0.47725512
Poll	2848	-0.135262779	4.841453108	1.354996059	0.263406916	0.477295197
Ints1	7151	-0.117458657	6.14668442	1.353419145	0.263672818	0.477700127
Kcnq5	15312	0.45465687	2.072111848	1.352460897	0.263834576	0.477839391
1110002L01Rik	3300	0.380873144	1.92051024	1.352524975	0.263823755	0.477839391
Slc25a1	1678	0.118927176	6.171443704	1.352061449	0.263902044	0.477884706
Banp	5925	0.180177998	4.678336738	1.35042831	0.264178129	0.478307715
Itih5	7928	0.309740547	2.56542679	1.3496736	0.264305845	0.478462003
Slk	7210	0.130441341	4.64394642	1.348856659	0.264444185	0.478635471
Dhfr	5290	0.212143328	5.69866076	1.348295951	0.264539191	0.478730463
LOC118567719	34440	0.683660622	1.459506579	1.347040113	0.264752146	0.478739732
Lrr1	1503	0.329707538	3.981822359	1.347265338	0.264713937	0.478739732
Usp30	4398	0.177879848	3.581102706	1.347982556	0.264592312	0.478739732
Stradb	2367	0.146593136	4.838689211	1.347011885	0.264756935	0.478739732
Surf1	1390	0.0935459	5.910551273	1.347606311	0.264656106	0.478739732
Clybl	5504	0.269562999	2.934077972	1.346448305	0.264852579	0.47883577
Hnrnpm	2532	0.12084036	8.812391407	1.345968511	0.264934041	0.478906139
Cxcr4	2876	-0.318678565	3.441352565	1.345635392	0.264990619	0.478931513
Msl2	5674	0.127016279	5.236146463	1.345227767	0.265059874	0.478979786
Nmb	692	-0.198375137	3.882076074	1.344611236	0.265164668	0.479023501
Alkbh4	2345	-0.120375294	5.237597985	1.344584788	0.265169165	0.479023501
Ipcef1	9011	-0.141275395	6.487006476	1.344298174	0.265217901	0.479034676
Fam193b	4696	-0.215095925	4.343279669	1.342877862	0.265459594	0.479264592
Zfp346	3688	-0.133780788	4.828480399	1.342575044	0.265511162	0.479264592
Cdc14a	8443	-0.133083683	4.800279135	1.343049002	0.265430455	0.479264592
Ikbkb	4586	-0.098750922	7.103190555	1.342549697	0.265515479	0.479264592
Smarcc1	5673	0.099660566	6.998049379	1.342085628	0.265594535	0.479330439
Brms1l	2609	-0.205373568	4.179858874	1.341503302	0.265693782	0.479432697
S100pbp	5068	0.146241996	3.926375986	1.340995734	0.265780328	0.479512009
Jmjd4	8849	0.181862191	4.384193632	1.340311507	0.265897057	0.479548921
Cnep1r1	3096	0.110267956	5.415573571	1.340126817	0.265928576	0.479548921
Cbl	11835	-0.099279748	6.15582235	1.340472943	0.26586951	0.479548921
Adcy3	4737	-0.269420282	3.530392519	1.338044524	0.266284294	0.479806112
Nrde2	5118	0.123101792	4.984382768	1.338590955	0.266190886	0.479806112
Pqbp1	1334	0.097832692	6.709546828	1.338285072	0.266243169	0.479806112
Grk2	3551	-0.08057026	7.658076625	1.338259325	0.26624757	0.479806112
Atp5d	2113	0.077947595	8.705162217	1.338077082	0.266278728	0.479806112
Pecr	1193	0.325737674	2.306624995	1.337271443	0.266416522	0.479813983
Rbm3	3582	-0.150066759	8.339238709	1.337721425	0.266339547	0.479813983
Pus3	2350	0.149403529	4.847351392	1.337468109	0.266382876	0.479813983
1110065P20Rik	928	-0.404192955	1.416891873	1.336942453	0.26647282	0.479838613
Rhoa	2455	-0.077443501	8.783229246	1.336335406	0.266576741	0.479948976
Unc13a	9348	-0.553532769	0.590983142	1.335004388	0.26680479	0.480100216
Ppp2r5b	3214	-0.163383934	3.542032805	1.33460092	0.26687397	0.480100216
Kansl3	7988	0.118460409	5.832005202	1.334648806	0.266865758	0.480100216
Parn	3266	0.114073301	5.90697079	1.33537479	0.266741301	0.480100216
Ttc13	3841	-0.112713896	5.882423285	1.335033973	0.266799718	0.480100216
Zfp788	3290	0.189141252	4.135768387	1.334089589	0.266961678	0.480181271
Cnbd2	6056	-0.415942219	1.168195982	1.333699239	0.267028661	0.48019394
Atp6v1e1	1217	-0.087642858	6.583724396	1.33355144	0.267054029	0.48019394
Jade3	5553	0.330784745	2.739284807	1.329717217	0.267713259	0.481302438
Trbj1-2	48	-0.434401104	2.804893146	1.328297211	0.26795796	0.481665451
Trmt112	1034	0.093749166	6.18146349	1.327693148	0.268062146	0.481775805
Ccdc12	2490	-0.10487135	7.069700195	1.326765977	0.268222166	0.481986456
Cep89	5456	-0.152182751	4.875313503	1.325770652	0.268394092	0.482218431
Apba3	3314	-0.135724487	4.789404251	1.325351861	0.268466476	0.482271515
Tax1bp3	1417	0.188088483	3.159581645	1.324558909	0.268603601	0.482440865
Srr	7869	-0.235388766	2.955903007	1.323335753	0.268815307	0.482590133
C87436	7171	-0.134523438	4.401902543	1.323597852	0.268769924	0.482590133
Rangap1	3211	0.132644515	7.723833036	1.323570096	0.268774729	0.482590133
Sharpin	1752	-0.088157356	6.304878199	1.322702139	0.268925062	0.482710196
Lenep	668	0.327808019	2.115569034	1.322033827	0.269040893	0.482771481
Leo1	2926	0.118174317	5.25672426	1.322010313	0.26904497	0.482771481
6820431F20Rik	4659	0.280915239	2.320003806	1.321425518	0.269146383	0.482876491
Cyfip2	17273	-0.116335152	8.318946342	1.320855792	0.269245232	0.482976868
LOC118567504	5650	-0.37418843	0.920276605	1.318794353	0.269603308	0.483542144
Slc22a15	6641	-0.229127907	3.449474933	1.317414779	0.269843301	0.483819568
H1f4	782	-0.183065521	4.950249229	1.317411114	0.269843939	0.483819568
Gm40346	4691	-0.691318223	0.67026656	1.316823001	0.269946336	0.483926091
Eid1	2544	-0.139018516	5.418938728	1.314934796	0.270275448	0.484438941
Bloc1s3	2030	-0.450705427	2.655849958	1.314217407	0.27040063	0.484519656
Spata2	5358	-0.131592761	5.442666189	1.314183459	0.270406555	0.484519656
Brf2	2511	0.187992871	3.52876639	1.31277893	0.270651874	0.48488205
Klf9	4481	0.656686801	0.120555101	1.311160077	0.270935	0.485157663
Tbc1d31	5179	-0.236337018	4.39283223	1.311487689	0.270877671	0.485157663
Ctcf	16978	-0.149540757	6.267070125	1.311229867	0.270922786	0.485157663
Irf6	4300	-0.252657439	2.299907668	1.309372373	0.271248121	0.485409529
Cenps	930	0.224993238	4.502590805	1.310098809	0.271120825	0.485409529
Mindy3	10041	0.105955099	5.758354416	1.3095367	0.271219319	0.485409529
Clptm1	4329	0.086702481	7.566617138	1.30949574	0.271226497	0.485409529
Tctn3	3597	0.18803323	3.273923725	1.308764472	0.271354708	0.48544594
Slc25a40	26119	-0.144496367	4.756958406	1.309010315	0.271311596	0.48544594
Rpusd3	1277	-0.166733348	4.160304221	1.308317165	0.271433173	0.485509161
Bbs2	3738	0.308970999	1.749345378	1.307211948	0.271627177	0.485640712
Nbas	12051	0.122726586	4.448752923	1.307160964	0.271636131	0.485640712
Ndufb7	533	0.090842504	7.70112223	1.307175807	0.271633524	0.485640712
Gdap10	2804	0.301784228	2.389882637	1.305919647	0.271854259	0.485921822
Tbc1d23	8971	-0.21890123	3.377959827	1.30577501	0.27187969	0.485921822
Ubtf	10407	0.099517408	7.436978166	1.305496607	0.271928651	0.485932183
Nfyc	4564	-0.093288115	6.322812182	1.304726151	0.272064207	0.486097261
Mbnl3	15261	0.14130868	6.117507304	1.302875985	0.272390102	0.486602311
Gnb2	4782	0.113916405	6.995569657	1.302404002	0.272473323	0.486673754
Mfsd2a	3168	0.342971756	2.77111215	1.300765335	0.272762524	0.487113022
Cep43	4982	0.130965855	5.671225996	1.300362593	0.272833665	0.487162792
Etv4	4515	0.590320286	0.315763521	1.299806638	0.272931912	0.487260936
Epb41	14414	-0.135942628	5.87806153	1.2984247	0.273176331	0.487482804
Lin37	1511	-0.111992799	5.688441922	1.298369554	0.273186091	0.487482804
Nme3	724	0.102282702	5.751647781	1.298551951	0.273153812	0.487482804
Cracr2a	12177	-0.139805442	4.269655126	1.29695697	0.273436248	0.487851867
Gm36402	7113	-0.331601907	1.66152511	1.296406947	0.273533737	0.487948472
Reck	4543	-0.290906552	2.452373953	1.296028807	0.273600787	0.487990757
Znrf2	2610	-0.149861286	4.660586538	1.294498081	0.273872437	0.488397893
1300002E11Rik	3960	-0.170888366	5.115630001	1.293731291	0.274008652	0.488563416
Gadd45g	1081	-0.335011366	2.85417667	1.292791225	0.274175774	0.488653441
Sap18b	801	0.250251981	2.380087175	1.29247084	0.274232763	0.488653441
Wasf2	5816	-0.122980819	6.9979046	1.292522577	0.274223559	0.488653441
Aco1	4407	0.116229355	5.763300811	1.292753114	0.274182552	0.488653441
Zfp110	7297	0.104049957	5.720816722	1.291773297	0.274356893	0.488797263
Wwp2	6561	-0.093813049	7.00544536	1.291269058	0.274446672	0.488879848
Sh3rf1	6087	0.186901489	4.046531741	1.290766102	0.274536263	0.48896207
Tspyl3	3072	-0.142068488	6.063645571	1.289820878	0.274704739	0.489184745
1810014B01Rik	1620	0.207685716	3.053198301	1.289316502	0.274794697	0.489267547
Prrg2	1502	0.348809737	1.052561882	1.288068249	0.275017499	0.489389056
Det1	5409	0.172381024	4.340372457	1.28853689	0.274933822	0.489389056
Aagab	5341	-0.103084785	6.027289257	1.287813068	0.275063077	0.489389056
Atxn7l3b	3599	0.096802756	6.749318728	1.288297348	0.274976589	0.489389056
Psmb4	949	0.081629269	7.581752654	1.287716687	0.275080294	0.489389056
Lin9	3303	0.120677335	4.581226371	1.287415336	0.275134136	0.489407505
Parp3	3298	-0.084119941	6.350127292	1.286054293	0.275377488	0.489762996
9430015G10Rik	2660	0.180610871	4.681197826	1.285280759	0.275515925	0.489931809
Rps4l	941	0.544377741	0.927614237	1.284770378	0.275607318	0.489958464
Stk26	3534	-0.1092027	5.588609564	1.284710981	0.275617957	0.489958464
Zbed6	5007	-0.351915633	1.753315048	1.283750714	0.27579003	0.489961914
Sfxn4	5035	0.322169421	1.663907952	1.284113418	0.275725019	0.489961914
Fbxo3	6260	-0.135920252	6.183599175	1.284346106	0.275683322	0.489961914
C1d	3348	0.089158742	6.985168469	1.283716273	0.275796204	0.489961914
Ddx47	1764	0.084961867	7.027320514	1.283485927	0.275837503	0.489961914
Fpgt	3869	0.19221572	4.397790247	1.282755431	0.275968531	0.490117325
Ccdc77	3574	-0.151860845	4.103011137	1.281866651	0.276128064	0.490323303
Tyw1	7467	0.120189164	6.032390914	1.279130771	0.276619929	0.491119249
Pgk1	1825	0.16557962	8.002880207	1.278239326	0.276780452	0.491326762
Rnasel	5795	-0.14127362	4.360033432	1.27660547	0.27707499	0.491772069
Tert	4318	0.313692611	2.507388021	1.275936767	0.27719566	0.491908692
Spast	6875	0.152739888	4.400642014	1.275447533	0.27728399	0.49198789
Ggct	1457	0.134658959	4.673286123	1.274906941	0.277381637	0.49202687
Ciao2b	680	0.107418462	6.330800957	1.274842009	0.277393369	0.49202687
Jkamp	2076	-0.098522507	5.30346262	1.274560103	0.27744431	0.492039705
Zfp148	13638	0.077227268	6.278229542	1.273662186	0.277606653	0.492250071
Gimap5	1943	0.077663215	7.285917051	1.273367176	0.277660019	0.492267164
Romo1	630	0.139903163	6.979230205	1.272963926	0.277732987	0.492319
Snora81	164	-0.385775991	2.85167083	1.27233038	0.27784768	0.492444771
Vav2	6162	0.214186502	3.364679301	1.271972702	0.277912461	0.492482053
Nup205	8061	0.201081092	6.644013323	1.270732363	0.278137261	0.492802846
Samd8	7107	0.174257134	3.413010244	1.2692652	0.278403489	0.493034514
Zyx	4397	0.132650365	7.793173564	1.269078001	0.278437483	0.493034514
Trappc3	1256	-0.127413228	5.173347809	1.269046573	0.278443191	0.493034514
B3gat3	1601	0.121969872	4.741330863	1.269503193	0.27836028	0.493034514
D330041H03Rik	1484	-0.304576459	1.212538061	1.267503815	0.278723564	0.493184001
Rb1	6595	-0.202767447	3.994739699	1.267376874	0.278746651	0.493184001
Rbm12	3752	0.147733818	5.74072287	1.267555196	0.27871422	0.493184001
Stap1	1663	0.126143223	5.292119582	1.267588926	0.278708087	0.493184001
Lpin2	22389	0.112593928	5.506632105	1.267476343	0.27872856	0.493184001
Rnf170	4424	0.152454779	4.422877069	1.265133639	0.279155056	0.493828979
Dtx1	4148	-0.218790007	7.849718875	1.264890164	0.279199432	0.493829884
Aff4	11044	-0.167092663	4.24226982	1.262919424	0.279558976	0.494365633
Vps26c	2405	-0.078799793	6.74945241	1.262748673	0.279590157	0.494365633
Nptn	2648	0.093397972	6.433473085	1.262409593	0.279652092	0.494397495
Chst11	6915	0.530248776	0.422763894	1.26156216	0.279806962	0.494593621
Slamf7	5487	0.395255187	1.819370141	1.261162687	0.279880006	0.494645073
Ndufs6	567	0.10758183	7.527477594	1.259322117	0.280216895	0.495007344
Orc3	7048	0.09182988	6.700583499	1.259438523	0.280195572	0.495007344
Naa60	2920	-0.078688083	7.043162778	1.259698009	0.280148049	0.495007344
Ncf2	3590	0.353013125	1.413577044	1.257678862	0.280518134	0.495228657
Socs6	6287	0.171029138	4.23053893	1.257729302	0.28050888	0.495228657
Ap1g1	6876	0.121884374	6.325577282	1.2583002	0.280404179	0.495228657
Rbm6	6663	0.112444513	6.376109909	1.258052712	0.280449561	0.495228657
Gmnn	2648	0.144545885	6.638743613	1.257391983	0.280570769	0.495243919
Ube2v1	2077	0.085834735	6.561487802	1.256178777	0.280793511	0.49555939
Oplah	4985	0.474687774	0.810323232	1.25469282	0.281066658	0.495728799
Asap2	11982	-0.41550501	0.858375099	1.254658269	0.281073014	0.495728799
Bard1	5621	-0.221352586	4.097729977	1.254459015	0.281109669	0.495728799
Zfp850	6846	0.185058938	3.817687982	1.254755235	0.281055178	0.495728799
Acp2	4836	0.173932006	4.17847019	1.254967997	0.281016048	0.495728799
Zfp276	5329	-0.155764024	3.898551224	1.251675402	0.28162243	0.496555257
Pik3c2b	10484	0.405772078	1.893923587	1.250230018	0.281889182	0.496947763
Gm33325	827	-0.456113579	0.475152676	1.24809879	0.282283137	0.497307044
Nudt8	786	-0.181275302	3.645402019	1.248575911	0.282194877	0.497307044
Ormdl2	1654	0.131135746	4.973421244	1.247777465	0.282342599	0.497307044
H2-Ke6	964	-0.119041398	6.26936647	1.248011791	0.282299235	0.497307044
Ercc1	4715	-0.117849732	5.038377619	1.247878358	0.282323927	0.497307044
Rock1	6664	-0.103670929	7.491905238	1.247474695	0.282398643	0.497307044
Smarcc2	5727	-0.102908063	6.45185251	1.247437884	0.282405458	0.497307044
Pdpk1	8866	0.08672886	6.496413383	1.247216917	0.28244637	0.497307044
Msmo1	2328	-0.172770209	6.518053543	1.246434056	0.282591384	0.497406785
Myb	3777	-0.121789337	6.205446086	1.246553606	0.282569232	0.497406785
Sdf2	1393	-0.096294031	5.796214305	1.2453554	0.282791355	0.497680956
Cdyl	3973	0.29118037	2.206176915	1.244458099	0.282957852	0.497818388
Fau	756	0.111526947	8.839567935	1.244350667	0.282977796	0.497818388
Mfng	3748	-0.095279653	6.827133108	1.244219736	0.283002104	0.497818388
Gng12	4838	0.174460578	3.483016778	1.243933138	0.283055323	0.497834217
Gm51534	2710	-0.216072598	3.736774849	1.240928253	0.283614125	0.498677282
Shld1	5653	-0.158428178	4.803195561	1.240759585	0.283645536	0.498677282
Fbxo34	4266	-0.135589461	4.791950372	1.240641371	0.283667553	0.498677282
Gm51891	8029	-0.359898797	2.210949649	1.238874746	0.28399687	0.499044383
Uhrf2	3623	-0.135200289	5.849704881	1.238807802	0.284009359	0.499044383
Emd	2404	0.080616668	6.63889374	1.2388566	0.284000255	0.499044383
Irgm2	3514	-0.219518859	4.28627931	1.237641275	0.28422711	0.499342662
Rad18	3213	0.093446012	5.633786664	1.23742332	0.28426782	0.499342662
Arxes2	1540	-0.197595142	3.383091935	1.235948182	0.284543559	0.499671094
Rnf216	4936	-0.126311465	4.744781095	1.236115273	0.284512307	0.499671094
Cdk11b	3511	0.099231667	6.376312562	1.235580134	0.284612413	0.499714058
Slc35f5	3324	0.393538012	1.256623015	1.234459614	0.284822178	0.499848492
Ccdc17	2003	-0.272496833	3.162352095	1.234501779	0.284814281	0.499848492
Sppl2a	6892	-0.089741272	6.389011428	1.234933668	0.284733407	0.499848492
Slc35c1	3255	-0.108006653	6.293453699	1.233327076	0.285034407	0.500065039
Lamtor2	786	0.083767679	6.845721117	1.2335392	0.28499464	0.500065039
Gadd45a	1224	-0.33890925	2.462000053	1.232676898	0.285156343	0.500151089
Wdr48	4271	-0.090296552	6.174283256	1.232591804	0.285172307	0.500151089
Atp6v1c1	2150	-0.080958843	6.472524069	1.231451235	0.285386402	0.500448615
Dmtf1	6529	-0.105030847	5.790203064	1.231152514	0.28544251	0.500469052
Cdk12	23557	0.111698247	5.583151399	1.230781206	0.285512274	0.500513419
Lair1	4421	0.417831409	2.838938017	1.229571921	0.285739643	0.500834019
Cstf3	5190	0.090160434	6.062835059	1.227799256	0.286073386	0.501340937
Dsel	5898	-0.347505744	1.413863769	1.227466069	0.286136175	0.501372928
Trav14d-3-dv8	361	-0.411770802	2.217824384	1.22676989	0.286267431	0.501474032
Slc25a12	8664	-0.085610756	7.011721348	1.226687536	0.286282963	0.501474032
Wdcp	7818	0.213418238	3.309211522	1.225503485	0.286506407	0.501656466
Med18	1677	0.181703182	3.926161147	1.225427302	0.286520792	0.501656466
Ptbp1	3108	0.102749935	8.667886746	1.225805511	0.286449389	0.501656466
Zmym1	4068	0.218891889	2.987215319	1.224951275	0.286610697	0.50165784
Ptp4a1	4497	0.205579342	4.638272103	1.225171901	0.286569023	0.50165784
Cep290	11089	0.358184878	1.311756106	1.224301516	0.286733476	0.501794726
Hook3	13962	0.124785784	4.682475008	1.22273854	0.287029112	0.50223403
Exoc8	7407	0.169185785	3.754591007	1.22241689	0.287090004	0.502262512
Ssbp3	4422	-0.112495094	5.430615931	1.222006835	0.287167657	0.502320306
Snord3a	212	-0.238619973	4.275392272	1.220793666	0.287397567	0.50264437
Kctd6	6166	0.417408675	0.904518534	1.219761911	0.287593295	0.502803666
Dnase1l1	1753	-0.199155306	3.12351607	1.219883697	0.287570182	0.502803666
Sec24a	8438	-0.168050671	4.27474113	1.219174165	0.287704874	0.502803666
Csnk1g3	4521	-0.164568309	4.216182714	1.218901699	0.28775662	0.502803666
Nup188	5940	0.138621679	6.010531156	1.21910825	0.287717391	0.502803666
Trim37	6173	0.124902553	5.212304948	1.219357022	0.287670154	0.502803666
Rps6ka3	9240	-0.158414001	5.056474306	1.218648258	0.287804763	0.50280975
Ccnc	4729	0.10882697	5.859703527	1.218189992	0.287891844	0.502883845
Fam43a	3075	-0.613138052	2.257198075	1.217886336	0.287949566	0.502906641
LOC118567463	4758	-0.461849988	0.560435557	1.217134489	0.288092551	0.5030003
Ak3	7897	0.114156478	6.034676364	1.217137903	0.288091901	0.5030003
Rtl8a	1276	-0.259339207	2.285343237	1.216413864	0.288229689	0.503161706
Pla2g4c	7654	0.617132022	0.281578621	1.21614618	0.288280654	0.503172651
Ilk	1879	-0.077463866	7.551453893	1.215043014	0.288490816	0.503461417
Snapc3	23153	0.0926842	5.270297157	1.214785837	0.28853984	0.503468928
Sp4	9053	-0.132061541	5.042375252	1.214500655	0.288594216	0.503485772
Spring1	2670	0.122797324	4.420995088	1.214160426	0.288659107	0.503520952
Fam126b	9060	-0.282981149	2.685910411	1.213120146	0.288857639	0.503555173
Cep131	5040	-0.266511878	2.37395563	1.213315141	0.288820411	0.503555173
LOC118567335	16941	-0.180259496	3.786129395	1.213126662	0.288856395	0.503555173
Tmem184c	2735	0.114321068	5.520847302	1.213236411	0.288835442	0.503555173
Mir22hg	1766	-0.547030336	1.422710733	1.212255087	0.289022874	0.503609274
Cep83os	4135	0.177984719	3.175024623	1.212352293	0.2890043	0.503609274
Lsm1	4483	-0.090453905	6.259079195	1.212598317	0.288957298	0.503609274
Gclm	2072	-0.279814877	3.729423799	1.211600599	0.289147974	0.503695005
Nsd1	14990	0.082960704	6.884114531	1.211529555	0.289161558	0.503695005
Gm45871	5162	-0.145054005	3.892515157	1.210735918	0.289313364	0.503881475
Atp5k	320	0.12666834	7.188011378	1.210041026	0.289446372	0.504035152
Nudt9	2815	0.145517767	4.770133246	1.209204649	0.289606573	0.504234275
Sgta	2745	0.104640366	7.040271135	1.208976475	0.289650298	0.504234275
Vps54	4607	0.174882915	4.337377675	1.208120932	0.28981433	0.504441825
Zbtb44	10004	0.136903201	4.982008993	1.207443364	0.289944329	0.50453628
Ppil2	2501	-0.09078123	7.451154896	1.207370943	0.289958228	0.50453628
Mr1	2547	-0.221966271	3.308100915	1.206999561	0.290029521	0.504582343
Xrcc2	3217	0.192415667	3.815885359	1.206072577	0.290207574	0.504792887
Tfe3	4133	-0.098562216	5.578206492	1.205902718	0.290240216	0.504792887
Txlnb	4457	-0.629533403	0.480399868	1.205303772	0.290355358	0.504891853
4930430F08Rik	3993	0.277089592	1.823729915	1.204963838	0.290420735	0.504891853
Ptpn4	11005	0.216276261	3.136001789	1.204907039	0.290431661	0.504891853
LOC108167553	10477	0.333539972	1.925074137	1.204439837	0.290521552	0.504892195
Nup107	3145	0.132481616	6.796974992	1.204570872	0.290496337	0.504892195
Epas1	5453	0.444207681	2.497724732	1.204060469	0.290594572	0.504941147
Immt	4865	0.128790401	7.237954428	1.203582769	0.290686554	0.505023029
Entr1	4115	0.090267344	6.036987061	1.202579238	0.290879917	0.50525749
Psen2	2232	0.083582391	6.827223178	1.202416615	0.290911268	0.50525749
Ube2d-ps	1840	0.226351853	2.725770526	1.201670061	0.291055251	0.505429588
Gm20605	4513	-0.400755358	1.862854325	1.198943127	0.29158201	0.506110125
Ripk1	16571	-0.155094967	6.260707833	1.199125802	0.291546682	0.506110125
Arf6	3731	-0.117588522	6.262158834	1.199086723	0.291554239	0.506110125
Ankrd55	7040	-0.386384902	1.480070976	1.198573131	0.291653582	0.506156317
Gata1	2086	0.34195297	1.166191433	1.197687695	0.29182496	0.506320007
Cdc42ep3	2388	-0.195837424	3.902597977	1.197388894	0.291882825	0.506320007
Emc1	6237	0.096026372	6.433943815	1.19746458	0.291868167	0.506320007
Pglyrp1	681	-0.154874331	3.979962117	1.196567226	0.292042028	0.506518125
Pou2f1	35808	-0.182286234	4.315016487	1.195378066	0.292272645	0.506840024
Tpt1	1118	0.105936469	9.827771764	1.195053296	0.292335672	0.506871246
Men1	3040	0.092926678	6.194233472	1.194813069	0.292382304	0.506874035
Gpr171	2225	-0.120014409	6.771904818	1.194451463	0.292452517	0.506917697
Chaf1b	2030	0.151632803	6.459650723	1.193872191	0.292565043	0.507034676
Armc3	3269	-0.240428016	3.117684143	1.19187139	0.292954164	0.507496169
Ubr7	3247	0.116742041	6.443334902	1.192187558	0.292892627	0.507496169
Tprkb	3496	0.093207852	5.419716252	1.191807679	0.292966566	0.507496169
Zpbp2	1639	-0.288453359	1.585803963	1.191212769	0.293082409	0.507618733
Cdkl2	14073	-0.282526652	2.499197937	1.190249038	0.293270205	0.507865862
D8Ertd738e	1065	0.080218478	7.345811895	1.18952397	0.293411603	0.508032579
Kif23	3474	-0.220023804	6.242344824	1.189068377	0.293500498	0.508108351
H2ac20	468	-0.194269959	2.975928374	1.187934081	0.293721981	0.508390486
Rnasek	622	-0.129082544	6.498581741	1.1877713	0.293753785	0.508390486
Gtf3c5	3137	0.140356924	5.568767949	1.187349812	0.293836156	0.508454879
Tmcc3	7354	-0.398615444	0.712278422	1.186383331	0.294025154	0.508703732
Med8	2137	0.078817044	6.67035795	1.184329258	0.29442739	0.509321382
Spryd3	2503	-0.103346701	5.627698293	1.183207364	0.294647403	0.509623669
H2-DMa	8325	0.145567251	7.412509048	1.182820776	0.294723269	0.509676583
Mau2	8964	-0.073914654	6.751675122	1.182408474	0.29480421	0.509738258
Dnhd1	14585	-0.352683996	1.097019529	1.181806973	0.294922349	0.509785937
Commd1	3995	0.085205263	6.513559381	1.181860918	0.294911751	0.509785937
Prdm9	6374	-0.345041319	2.514231288	1.181160839	0.295049328	0.509927131
Atp5j	4137	0.103382999	9.096080977	1.180829643	0.295114443	0.509961382
Tmem160	885	-0.289320993	5.66662032	1.179312944	0.295412891	0.510320443
Ptdss1	3424	0.072705676	6.294513337	1.179492201	0.295377596	0.510320443
Gm35558	14718	-0.252766478	2.519862941	1.178485903	0.295575807	0.510400912
Zmym6	5284	-0.248847079	3.867481248	1.178355302	0.295601545	0.510400912
Anks3	6413	-0.092072603	5.102048087	1.178477996	0.295577365	0.510400912
Pygo2	3634	0.07803635	6.282871302	1.178156044	0.295640819	0.510400912
Trav6n-6	341	-0.46437404	0.873915015	1.176902039	0.295888153	0.510593014
Tmem156	5822	-0.18208297	4.319787602	1.177108027	0.295847505	0.510593014
Supt3	2054	0.165833393	3.931279815	1.177276636	0.295814239	0.510593014
Med14	9772	0.144751274	5.369971629	1.176473913	0.295972659	0.510601847
Lztr1	5057	0.111714954	5.934047673	1.17641657	0.295983981	0.510601847
Picalm	4298	-0.151661746	5.476250778	1.176093541	0.296047768	0.51063364
Smarca4	9113	0.089700424	7.595571595	1.175063475	0.296251297	0.510906419
Gm14966	534	0.553398622	0.26989471	1.174715576	0.296320082	0.510946773
Mterf1b	5188	-0.360100127	1.480400388	1.172332813	0.296791779	0.511681754
A930013F10Rik	2439	-0.334404536	1.504783676	1.171857692	0.296885959	0.511731462
Ubl5	3189	-0.106425695	7.680238321	1.17172877	0.296911522	0.511731462
2900060B14Rik	597	-0.448475558	3.612019221	1.171459786	0.296964865	0.511745056
Otub1	1677	0.082837102	7.3052442	1.171181721	0.297020024	0.511761773
Ift88	4311	0.453941732	1.301307023	1.170139167	0.297226955	0.511883289
Dstyk	8237	-0.33700642	2.154775845	1.170326289	0.2971898	0.511883289
Tnfaip8	4370	-0.106704739	8.311227397	1.170324851	0.297190085	0.511883289
Tm2d2	1281	0.103311617	5.54857343	1.168372796	0.297578008	0.512409485
Gm36447	11288	-0.71510827	0.546485946	1.168117072	0.297628879	0.512418706
Naxe	1382	0.073543099	6.673186659	1.167514017	0.297748891	0.512546944
Stam	3916	0.140079371	4.636391883	1.166643807	0.297922186	0.51268847
Cep68	4810	-0.114487487	5.03197762	1.166852064	0.297880701	0.51268847
Ms4a4a	1424	-0.562860404	0.719051761	1.166287897	0.297993103	0.512732134
Tbc1d17	2618	-0.10499814	5.712605751	1.166024691	0.298045563	0.512744032
Nt5m	1596	0.163286711	3.872608961	1.164442975	0.298361086	0.51320842
Rab11fip3	7753	0.363255585	1.745152355	1.163617106	0.298526015	0.51333525
Rft1	5832	-0.177561565	4.042346591	1.163732436	0.298502976	0.51333525
Wee1	3419	0.219110026	4.173730483	1.162015819	0.298846157	0.513807275
Ap4m1	3506	0.185322411	3.403415339	1.161443053	0.298960784	0.513925868
Fbxw7	6332	-0.156535888	3.868444455	1.160408865	0.299167909	0.514203408
Gclc	3711	-0.164081643	3.494912651	1.159920995	0.299265688	0.514214455
Dvl2	2969	-0.099986824	4.965599304	1.160018806	0.299246081	0.514214455
Nagk	2989	-0.136526471	4.409223519	1.159584112	0.299333231	0.514252024
Plpbp	7897	0.082763495	5.71337362	1.159274071	0.299395412	0.51428037
Engase	4360	0.188039663	3.864405842	1.158638935	0.299522847	0.514420781
Slc30a7	15072	0.108607363	5.619633738	1.15800801	0.299649512	0.514548645
Stx18	5106	0.101031177	4.978930757	1.157812854	0.299688707	0.514548645
Mpi	4732	0.174978215	4.460000682	1.157225315	0.29980675	0.514672826
Pex16	1863	-0.119360331	5.290594126	1.156876996	0.299876762	0.514714527
Ptger2	4295	-0.184005124	4.204461259	1.155116237	0.300231017	0.515244022
Elk3	5080	0.09635301	5.898197065	1.153653295	0.300525793	0.515671297
BC034090	11029	0.391921459	0.914807703	1.153397188	0.300577439	0.515681318
Mrps6	780	-0.108800442	6.987942183	1.152929819	0.300671719	0.515764469
Tecpr2	8445	0.271760543	2.186603119	1.152553588	0.300747643	0.515816113
9130002K18Rik	21159	-0.47288769	1.626961923	1.15165667	0.300928751	0.516002137
Dnajb6	5133	-0.087579681	6.397833697	1.151562508	0.300947773	0.516002137
Cdkal1	37251	0.118196772	4.817822191	1.150555283	0.301151353	0.516272564
Virma	7115	-0.083258843	6.895470291	1.149828218	0.301298425	0.516446052
Spg21	4380	-0.077569861	6.921996689	1.149457483	0.301373457	0.516496023
Dnajb4	6343	0.318834472	3.2696958	1.147743127	0.301720754	0.517012519
Gys1	3681	-0.185011442	3.737665727	1.14709742	0.301851706	0.517157733
Emg1	1080	0.073708596	6.973656021	1.146872334	0.301897373	0.517157733
n-TYgta10	73	-0.52297582	0.485504948	1.145431327	0.302189961	0.517580189
Morn4	1920	-0.508874804	0.341765102	1.145156635	0.30224578	0.517597048
Ccs	1091	-0.112411892	5.895535858	1.144696794	0.302339255	0.517678377
Ppp1r12b	14296	-0.264241632	3.181972728	1.144137577	0.302452984	0.517794358
Trpc4ap	3198	-0.08011886	7.977023949	1.142393089	0.302808147	0.518323569
Ppp2cb	2036	0.168223709	3.960322924	1.141391733	0.303012275	0.518594131
Atp10d	6048	-0.122434014	4.363375133	1.140202759	0.303254898	0.518930482
Taf12	1704	0.070398002	6.545411369	1.139865547	0.303323759	0.518969434
Zfp882	5651	0.272304897	2.441803588	1.138897797	0.303521499	0.519086438
Arl4a	3807	0.121531233	5.199313457	1.138821425	0.303537112	0.519086438
Sec22a	4352	0.113622878	5.116021819	1.138515298	0.303599705	0.519086438
Kdm4a	5599	-0.092543663	6.072152617	1.138687309	0.303564532	0.519086438
Rraga	1613	0.08238851	6.164081999	1.138402929	0.303622685	0.519086438
Pik3r3	5711	-0.468413294	1.407067565	1.138030089	0.303698951	0.519137988
Zbtb24	4375	-0.10310316	5.343975865	1.137099685	0.303889384	0.519384649
LOC118567927	3371	-0.496213246	0.356165735	1.136700305	0.303971179	0.519445588
Atm	12263	-0.116572477	4.946895305	1.135956877	0.304123518	0.519587565
Purb	8478	0.095059735	5.795027281	1.135715688	0.304172964	0.519587565
Ndufb3	750	0.086409458	7.121300751	1.135619339	0.30419272	0.519587565
Arpc5l	2071	-0.076487782	7.689969452	1.134559171	0.304410216	0.51988019
Kif1b	17153	0.279121804	3.210870902	1.132926712	0.304745542	0.520137251
Lsm11	6453	0.248193736	3.886352798	1.133497096	0.30462832	0.520137251
Mmaa	16219	0.211261581	2.990573151	1.133044669	0.304721295	0.520137251
Rbm39	8601	0.090889833	8.82599311	1.133300327	0.304668752	0.520137251
Fam222a	3443	-0.583679508	0.809575956	1.130660827	0.305211831	0.520854145
Akap17a	4548	0.319784869	0.812217601	1.130211936	0.305304325	0.520874203
3110053B16Rik	10144	0.126709586	4.358256216	1.130154709	0.305316119	0.520874203
Heatr5b	6437	-0.177653488	4.559858629	1.128912341	0.305572325	0.521153345
Man1a2	7944	0.110672075	5.840098602	1.129044373	0.305545082	0.521153345
Trav6-2	341	-0.516070542	0.503067028	1.128361651	0.305685986	0.521268226
Slc17a5	6181	-0.231329795	3.117376085	1.128007003	0.305759215	0.521314136
Clcn5	9521	0.321802008	2.107275058	1.126641517	0.306041395	0.521716237
Filip1l	4297	0.26567324	3.900092976	1.125585375	0.306259897	0.52198288
Dock9	21522	-0.243496355	2.122625684	1.125437343	0.306290541	0.52198288
Sirt6	2843	-0.116348365	5.030257805	1.124745744	0.306433761	0.522147916
Prpf4	5826	0.113950391	5.773332116	1.123216384	0.306750801	0.522609037
Sbf2	8550	0.422799332	1.438020004	1.122249669	0.306951439	0.522871735
6330549D23Rik	2828	-0.329795777	1.040926515	1.120976405	0.307215979	0.52324319
Rsu1	1620	-0.113357483	7.134050805	1.12043018	0.307329562	0.523357467
Mitd1	2476	-0.097320426	5.920268122	1.119796785	0.307461346	0.523502696
Gm4013	416	-0.411725277	0.926503818	1.119249535	0.307575269	0.52352107
Lmna	4155	0.407966839	1.361782585	1.119074865	0.307611643	0.52352107
Serp1	2451	0.076888159	7.591835618	1.119086675	0.307609184	0.52352107
B3glct	7553	-0.262643682	3.298574071	1.117871738	0.307862352	0.523868554
Rxylt1	2210	0.123001663	4.650672794	1.117519478	0.30793581	0.523914364
Dapk3	2129	-0.251730186	3.140511729	1.117160359	0.308010723	0.523962636
Adamts6	8521	0.171531168	4.434580113	1.116741871	0.308098054	0.524032012
Mfsd12	3971	0.234473526	2.750086729	1.115865334	0.308281081	0.524105771
Stk24	7523	-0.107109935	5.634506233	1.116017865	0.308249221	0.524105771
Xab2	2775	-0.078895819	6.933048581	1.116074633	0.308237364	0.524105771
Lars	4023	0.121471595	6.351286084	1.115599378	0.308336645	0.524121086
Zfp626	6134	-0.167459839	3.473766686	1.114740884	0.308516097	0.524346954
Zfp598	3376	0.187511669	3.74463114	1.113192672	0.308840091	0.524818376
Mboat7	2766	-0.093113593	6.259204556	1.112744116	0.308934048	0.52489881
Hint2	591	-0.130920592	5.516343305	1.112312382	0.30902452	0.524973298
Trbv4	344	-0.229819804	2.941877682	1.111734215	0.309145735	0.525099982
P4ha1	4213	-0.122529024	4.414788077	1.109987156	0.309512416	0.525643503
Gm32633	1340	-0.418327393	2.282591806	1.109715291	0.309569531	0.525661204
Tyw5	1629	0.140901811	3.939423039	1.108867666	0.3097477	0.525884422
Gm22513	164	-0.329251124	5.588450783	1.106815814	0.310179586	0.526458884
Acot13	686	-0.11648895	5.446866056	1.106966654	0.310147808	0.526458884
Gm51464	2299	-0.295987536	2.162154804	1.106442898	0.31025817	0.526512884
Tmem17	1370	0.370384014	1.063874622	1.105944196	0.310363304	0.526532561
Fbxl15	1456	-0.252175739	2.74726993	1.106150035	0.310319904	0.526532561
Plk2	2802	-0.508787704	0.465823508	1.105233434	0.310513229	0.526548868
Plcxd1	3702	-0.467921533	1.349610509	1.105331776	0.310492479	0.526548868
Zfp772	2772	-0.209653137	3.067594068	1.105484411	0.310460277	0.526548868
Rwdd2b	2104	0.11968311	4.442137181	1.102696544	0.311049177	0.527298845
Tmem164	7512	0.096202352	6.641449213	1.102749934	0.311037884	0.527298845
Cdh13	11160	-0.79990125	0.070493013	1.099860454	0.311649865	0.528208046
Tet3	12131	-0.086851315	6.296132605	1.099721472	0.311679343	0.528208046
Wdr44	4262	-0.117287329	4.703886969	1.099294764	0.311769873	0.528281943
Smarcal1	8491	0.13079154	4.61468785	1.099016056	0.311829023	0.528302655
Taf1c	4054	-0.126231548	5.300328168	1.098300176	0.311981026	0.528401142
Pknox1	4519	-0.091141199	6.378984952	1.098304452	0.311980118	0.528401142
Fhl2	1746	-0.228028257	4.365774929	1.097885083	0.31206921	0.528470994
Zfp414	1209	-0.10630368	5.147865902	1.097075838	0.31224123	0.528682775
Zfp467	4861	-0.464940803	3.093098014	1.096403307	0.31238429	0.528841656
Pcnx4	5836	0.17475553	3.547878831	1.096193139	0.312429015	0.528841656
Rab22a	1909	0.136731667	5.421211657	1.095881311	0.312495391	0.528874491
Mtrex	4223	0.128393663	6.640566546	1.095481708	0.31258048	0.528938981
Apmap	9773	0.093504748	5.527408397	1.095115918	0.312658397	0.528991319
Lysmd1	2401	0.196616634	2.619551221	1.094455138	0.312799219	0.529095538
Arcn1	3456	0.086985736	7.852456274	1.094385852	0.31281399	0.529095538
Gm39170	5033	-0.741027364	0.710441375	1.093229866	0.313060578	0.529210389
Ankrd37	2045	0.20734742	3.585530865	1.093376705	0.31302924	0.529210389
Recql4	4156	0.151402355	4.008742921	1.093186085	0.313069923	0.529210389
Anapc2	3051	0.093795597	7.104539695	1.09338775	0.313026883	0.529210389
Ankrd52	6615	0.131203127	4.610420525	1.092482153	0.313220221	0.529384964
Mrpl44	1424	0.095171722	5.396556044	1.090581547	0.313626528	0.529992113
Polr2g	868	0.080270682	7.047092188	1.090350929	0.313675879	0.529995955
Kdm4b	5809	-0.116943687	5.131350335	1.089735196	0.313807697	0.530139113
Taf4	4502	-0.161404517	3.505730872	1.087679852	0.314248272	0.530803757
Gdap2	3162	-0.102002292	5.422736723	1.087412769	0.314305586	0.530820925
Zfp568	7297	0.236920109	3.020173002	1.085519015	0.314712395	0.531428249
Ubl4a	2317	0.168656982	3.872389435	1.085286867	0.314762314	0.531432834
Ino80b	1191	-0.135221667	4.075210928	1.084149845	0.315006974	0.531766159
Rnls	1634	-0.361384921	1.218115673	1.082382669	0.315387757	0.532329141
Flad1	2429	-0.088953665	6.076888969	1.081294169	0.315622624	0.532645705
Creb3	1559	0.074270417	6.230450555	1.081051282	0.315675065	0.532654359
Nudt21	1111	0.088192328	7.149094612	1.07947545	0.316015598	0.533149049
Ms4a4c	2749	-0.262008268	4.419629479	1.079242292	0.316066027	0.53315423
Zfp873	7503	0.173137487	3.601406188	1.078708237	0.316181578	0.533189365
Gapvd1	9209	0.08501161	6.954475914	1.07888314	0.316143728	0.533189365
Atox1	514	-0.099268627	7.211467418	1.078250193	0.31628073	0.533276689
Cfb	2769	0.56429364	0.579789513	1.076318111	0.316699444	0.533589102
Zup1	4753	-0.138460696	5.458694685	1.076301717	0.316703001	0.533589102
Snx13	7359	-0.109011674	4.597576036	1.076944482	0.316563614	0.533589102
Atf6b	2566	0.107458971	6.1553161	1.076738014	0.316608378	0.533589102
Gid8	5692	0.082659385	6.476252509	1.076387309	0.316684435	0.533589102
Lins1	5476	0.259952825	3.298440597	1.075692303	0.316835234	0.533732017
Prkce	9010	-0.586647489	0.98185244	1.074848891	0.31701837	0.5338009
Efcab2	3665	0.186488066	2.830766883	1.075161011	0.31695058	0.5338009
Arhgef4	8121	-0.170996654	4.087604553	1.074965157	0.316993116	0.5338009
Efhd2	2381	0.192777989	7.012521159	1.073497597	0.317312097	0.53421558
Smim40	1589	-0.390905261	1.551839097	1.072945884	0.317432131	0.534337758
Cd79b	1231	0.317402363	2.39476987	1.072085758	0.317619392	0.534413259
Traj31	57	-0.225016936	3.131258665	1.072343648	0.31756323	0.534413259
Aars	6346	0.120353615	7.078077553	1.072288135	0.317575318	0.534413259
Fam210b	3658	-0.173110218	4.375420833	1.071774655	0.317687162	0.53444741
Aff1	8787	-0.084986534	5.883990167	1.071334936	0.317782983	0.534528736
Slc52a3	2766	-0.449125286	1.400177374	1.070787492	0.317902337	0.534591849
Slc66a2	7303	0.200621812	3.25567693	1.070727243	0.317915476	0.534591849
Pheta1	2371	-0.219204147	3.246812744	1.069094964	0.31827174	0.535110999
Ccdc116	6401	0.294437181	1.154305067	1.068863687	0.318322264	0.53511603
Sh3d21	2405	0.411940334	1.174602111	1.068483681	0.318405304	0.535175712
H1f1	745	0.474303081	0.792271413	1.067996198	0.318511875	0.53527492
Trmt1l	3052	0.07718038	5.896769653	1.067626788	0.318592667	0.535330782
Ralgds	4264	0.349261774	1.73800979	1.066471714	0.318845473	0.535435908
Tent4a	4731	0.18586787	3.247232991	1.066595404	0.318818388	0.535435908
Zdhhc7	3137	-0.181047423	5.587347993	1.066676113	0.318800716	0.535435908
Zfp160	3796	-0.167581586	3.628140031	1.066576569	0.318822512	0.535435908
LOC118568007	898	-0.116678986	8.843679043	1.066180121	0.318909337	0.535463283
Ppp1r13l	4250	0.410236889	0.209673321	1.065730165	0.319007921	0.535548937
Otub2	3981	-0.248964496	2.010441775	1.064983155	0.319171684	0.535743971
Grik5	11314	-0.375460079	1.492622005	1.064321992	0.319316725	0.535747793
Dtl	4823	0.218728479	6.08507099	1.064608132	0.319253942	0.535747793
Ubl7	1714	-0.097733115	6.379987474	1.064465772	0.319285176	0.535747793
Slc25a46	4503	0.106131731	5.934566849	1.06362763	0.31946915	0.535923661
3110045C21Rik	1135	-0.411527746	0.827270038	1.062745564	0.319662926	0.536168836
LOC118568244	11990	0.25623665	1.961373551	1.062099659	0.319804927	0.536327107
Pdcd7	2455	0.179168477	3.355060436	1.061805974	0.319869522	0.536355538
Mex3b	3416	0.267924409	2.415348719	1.06113702	0.320016726	0.536519078
Celsr1	11920	-0.156262779	4.719691818	1.060929696	0.320062367	0.536519078
Arhgdib	1646	-0.067625635	11.55788182	1.060288157	0.320203656	0.53667601
Col23a1	6873	0.502700715	1.316886489	1.05968754	0.320336012	0.536687094
Gas2l1	5430	-0.295883497	1.740373742	1.059993053	0.320268677	0.536687094
Zcrb1	938	0.088617956	5.998700345	1.059609187	0.320353284	0.536687094
St3gal2	7782	0.196441701	4.615149091	1.059115992	0.320462034	0.536709547
Cog8	2104	-0.078588227	6.017929691	1.059218041	0.320439528	0.536709547
Rhof	10637	0.070268232	7.603065858	1.057702256	0.320774052	0.537152206
Iqce	6593	-0.168090095	3.79977417	1.056668982	0.321002372	0.537454596
Csnk1a1	9307	-0.061778279	8.998847452	1.056341069	0.321074878	0.537496055
Arl4d	1382	0.40422395	0.57023771	1.056091018	0.321130182	0.537503888
Gm39932	854	0.267458734	2.153467073	1.055888226	0.321175045	0.537503888
Asb1	6820	-0.14285056	3.817299966	1.055266933	0.321312545	0.537654077
Strn4	5224	0.134916774	6.200238673	1.054141543	0.321561819	0.537831371
Tmem250-ps	2683	0.113951827	4.959043592	1.054205947	0.321547546	0.537831371
Hcfc1r1	1247	-0.105556307	4.702883901	1.054378716	0.321509263	0.537831371
Rpl27a-ps4	6194	0.322256266	1.332240522	1.052945787	0.321826979	0.537955179
Plxnd1	7296	-0.319609459	1.559804772	1.053396503	0.321726996	0.537955179
Gtf2ird1	5716	0.184716393	3.059113527	1.053169995	0.321777237	0.537955179
Ngrn	1718	0.098548627	4.835216081	1.053103938	0.321791891	0.537955179
Sparc	2641	0.540199107	1.631004823	1.052528432	0.3219196	0.538011825
Spc24	1612	0.201523623	6.778269746	1.052362452	0.321956446	0.538011825
Acad10	3894	-0.219402627	2.696728641	1.051372127	0.322176409	0.538299498
Gtdc1	7491	-0.205752804	3.030665193	1.050520437	0.322365751	0.538535928
Klf6	4217	-0.179183498	6.603688827	1.049474922	0.322598396	0.53884462
Gm31349	29526	0.607945241	0.839606829	1.048667158	0.3227783	0.539024839
Trav9-4	338	-0.386993779	1.93761304	1.048560574	0.322802049	0.539024839
Ncor2	18325	-0.119614548	4.917211033	1.045396822	0.323508116	0.540123738
Gm40869	1315	-0.477655455	0.759038525	1.044158004	0.323785182	0.540345921
Ticrr	7199	-0.163153237	5.176993051	1.044188423	0.323778375	0.540345921
Ufm1	4867	0.084790685	6.202187602	1.04458568	0.323689493	0.540345921
Tmem91	3965	-0.410712233	0.614588366	1.043722474	0.32388267	0.540428501
Smug1	7427	0.284026666	2.284623673	1.043424599	0.323949369	0.540459692
2510009E07Rik	5164	-0.474884315	0.997311081	1.040793	0.324539475	0.54117728
Kctd11	2722	0.458645557	0.902280339	1.040649172	0.324571771	0.54117728
Gm38521	3139	-0.448515158	0.351386007	1.041054453	0.324480779	0.54117728
Mpdu1	1363	-0.120654889	6.269841843	1.041227868	0.324441856	0.54117728
Lsm14b	3541	-0.21245841	2.953571058	1.038965872	0.324950082	0.54164762
Nt5c3b	4183	-0.071741165	7.04520418	1.039004198	0.324941462	0.54164762
Tango2	6942	-0.114264276	6.020725215	1.038558448	0.325041742	0.541720198
Ahsa2	4175	0.128592767	4.287222253	1.038226485	0.325116453	0.541764509
Lman2l	6283	0.126060356	4.626909687	1.037524998	0.325274406	0.541893031
Slc35b4	6305	-0.100026566	5.629437838	1.03745645	0.325289847	0.541893031
Ankrd27	4973	0.096624563	6.001600275	1.036078248	0.325600515	0.542330314
St3gal5	4399	-0.276260041	2.036638892	1.035287954	0.325778848	0.542386613
Fbxl4	5827	-0.205740141	3.245138322	1.03537406	0.325759411	0.542386613
Ncoa7	9666	0.125077583	6.793027798	1.035334856	0.325768261	0.542386613
Zfp963	2291	-0.224455856	2.743370103	1.034685696	0.325914844	0.542532797
Nub1	3278	-0.092168779	5.559947501	1.034416706	0.32597561	0.542553728
Sptssa	1363	-0.088296337	7.200693426	1.033482084	0.326186871	0.5428251
Mcph1	31743	0.146918341	4.566818927	1.032217653	0.326472992	0.543220949
Rccd1	5395	0.113076446	4.488977851	1.03172405	0.326584783	0.543326656
Trav6-3	338	-0.504556685	1.257499149	1.030510025	0.326859966	0.543623798
Lax1	2972	0.084799865	7.82643039	1.030644391	0.326829493	0.543623798
Rsad1	5212	-0.386025589	1.201136208	1.029665692	0.327051544	0.54370146
Tmem259	2290	-0.120910695	4.212934154	1.029964467	0.326983734	0.54370146
Ppp1ca	1363	-0.075347896	10.08593407	1.029833927	0.327013359	0.54370146
Egr3	4134	-0.145394054	4.836486088	1.029317283	0.327130644	0.543752664
Ccdc127	8615	0.097590425	5.17141707	1.028981983	0.327206794	0.54379895
Vac14	3489	0.104432989	6.208542067	1.028646109	0.327283099	0.543845481
Nek8	3174	-0.143401476	4.308594606	1.028294628	0.327362977	0.543897934
Tpst1	2169	0.251989645	3.193293001	1.027756769	0.327485265	0.543969936
Qsox2	3914	0.187703567	3.524156617	1.027252964	0.32759987	0.543969936
Ncapd2	5905	-0.171705557	7.699249696	1.027203207	0.327611192	0.543969936
Cep72	5782	-0.144348015	4.273635412	1.027041864	0.327647907	0.543969936
Alas1	3259	0.131111642	5.527777181	1.027291631	0.327591072	0.543969936
Trav14-2	451	-0.385693024	1.898905599	1.026318518	0.327812586	0.544163092
Ccl25	3071	-0.246939526	2.577115872	1.024883922	0.328139538	0.544625522
Ccdc173	4543	-0.294925729	1.72470328	1.024066452	0.32832605	0.544854757
Clpb	7717	0.102594053	5.890566181	1.02376769	0.328394253	0.54488762
Ehd2	5118	0.534147516	0.798483826	1.022414264	0.328703471	0.545304996
Stk16	3021	0.080190673	5.942059066	1.022242811	0.328742672	0.545304996
4930520O04Rik	1255	0.389912131	1.555866923	1.021818318	0.328839758	0.545305347
Mmut	4660	0.096717685	5.174654355	1.022016373	0.328794456	0.545305347
Klhl12	3337	0.160052691	5.010140417	1.021375652	0.328941044	0.545319834
Fam3c	3042	0.154892174	6.848755611	1.021356743	0.328945371	0.545319834
Pdk3	11504	0.093184614	6.502567599	1.020740487	0.329086452	0.545393093
Mgat2	2616	0.067601972	6.911509871	1.020817327	0.329068856	0.545393093
Ncdn	4090	0.085598007	6.27244226	1.020041259	0.329246632	0.545497952
Cox6a1	538	0.076647175	8.739465817	1.020252448	0.329198241	0.545497952
Nudt6	4323	0.313739509	1.817199808	1.019723441	0.329319475	0.545538353
Tmem238	1051	0.398789643	1.755200636	1.017706882	0.329782198	0.546145979
Nxn	2728	0.315935624	1.967163577	1.017702093	0.329783298	0.546145979
Selenot	3568	0.142065103	5.752494766	1.015971999	0.330181027	0.546724225
Gm39530	4688	0.726313988	0.599204987	1.015629589	0.330259824	0.54677428
Crocc	8274	-0.512569347	1.496569771	1.015362129	0.330321392	0.5467958
H3c4	504	-0.303485604	2.00226649	1.014739296	0.330464828	0.546872415
Cenpw	1579	0.125913819	5.394338829	1.014896598	0.330428594	0.546872415
Kcnq1ot1	83437	0.157322669	5.087368205	1.013955454	0.33064547	0.547090932
Il2	949	0.398582106	1.382925016	1.012155839	0.331060737	0.547691583
Abhd14a	1770	0.179864657	3.002117154	1.011960816	0.331105784	0.547691583
Lcorl	32496	-0.216634452	2.584870958	1.011659486	0.331175403	0.547726264
Cep152	6229	-0.127951939	4.470963253	1.011393632	0.331236842	0.547747411
Mycbp2	19472	0.093697245	6.621610832	1.010481685	0.33144772	0.548015631
Thap4	2230	0.158531168	4.00150523	1.009990193	0.331561452	0.548054699
Srrm2	11992	0.086997809	8.889782631	1.009892543	0.331584055	0.548054699
Ergic2	6028	0.079252849	5.898432575	1.009748531	0.331617393	0.548054699
Bnip1	2061	0.105768266	4.602044433	1.00948776	0.331677773	0.54807403
Gm5134	4364	0.515871976	0.61374808	1.008998775	0.331791036	0.54810029
Mapk8ip3	5603	-0.135708401	5.721788802	1.009208554	0.331742438	0.54810029
Slc11a2	6291	-0.098775773	6.366043934	1.007453563	0.332149314	0.548611646
Uros	10726	-0.139769192	5.283397149	1.006436177	0.332385511	0.548921238
Chd1	8491	0.162447877	5.764325109	1.005986275	0.332490036	0.549013321
Rnaset2a	1154	-0.16176696	5.98591295	1.005761561	0.332542261	0.549019032
H1f5	794	-0.226971197	4.701016708	1.003856386	0.332985509	0.549670215
Trav14n-3	361	-0.363065671	1.743918284	1.001529385	0.333528042	0.550343374
Gm24924	164	-0.330122486	2.261965031	1.001528815	0.333528175	0.550343374
Rab1b	1835	-0.079233404	8.336154181	1.001478338	0.333539957	0.550343374
Gnb1	3204	0.093961011	7.29009097	0.999971825	0.333891887	0.550843327
Parp4	6669	-0.197640912	4.67469725	0.998552981	0.334223822	0.551310152
Gpm6b	8838	-0.460644327	1.804538932	0.998066232	0.334337804	0.551328589
Smarcd2	2941	-0.293844642	6.222900839	0.997753502	0.334411066	0.551328589
Aknaos	8032	-0.289949633	1.472704987	0.997668904	0.334430888	0.551328589
Hmox2	2149	0.080485541	6.125037245	0.997927735	0.334370246	0.551328589
Lpcat3	2863	0.092846531	6.070168667	0.997068175	0.334571693	0.55147996
Cmip	5374	-0.109114216	5.149436509	0.996247021	0.334764302	0.551716661
Papolg	6562	0.101200956	5.184206781	0.995587712	0.334919063	0.551890926
Rpain	1836	0.10250261	4.991599336	0.994873269	0.335086881	0.552086654
Nyap1	4051	-0.390898158	0.825119733	0.993217888	0.335476182	0.552439895
Thrb	14960	0.349181693	1.301676208	0.992655906	0.335608493	0.552439895
Gm28809	4547	-0.29675645	3.642459846	0.992578237	0.335626785	0.552439895
Fmc1	441	0.136689281	5.171235737	0.992581754	0.335625956	0.552439895
Sart3	4517	0.114161099	6.761850531	0.993367546	0.33544096	0.552439895
Ndufb1	339	0.0988421	7.063994781	0.992501851	0.335644775	0.552439895
Vamp8	786	0.085309556	7.760428036	0.993641941	0.335376395	0.552439895
Upf1	5152	0.102183822	4.955293674	0.991863005	0.335795296	0.552606847
Mfsd8	3205	-0.12333899	4.225565289	0.990742471	0.336059542	0.552880071
Exoc3	6766	0.077120109	6.877611115	0.99092011	0.336017631	0.552880071
Gm33950	3381	0.417963187	0.93180296	0.990044372	0.33622432	0.553070338
Tcea2	1954	-0.243611515	3.098477687	0.989371048	0.336383359	0.553089507
LOC118567339	49962	-0.220487777	2.672631337	0.989736007	0.336297142	0.553089507
Rnft1	4434	0.101806244	5.824138853	0.989382503	0.336380652	0.553089507
Cdc37l1	25816	0.107742125	4.888439546	0.988960706	0.336480335	0.553168167
Gabpb1	15073	0.073718215	6.185468761	0.987670114	0.3367856	0.553589178
Lias	2884	0.088941784	5.796164887	0.985256673	0.337357519	0.554448313
Nceh1	4452	-0.159223109	4.642731601	0.983773144	0.337709766	0.554946218
Mtmr7	12277	0.427652192	0.960307895	0.982408227	0.338034315	0.555300531
Wdr91	2637	-0.182809795	3.795862292	0.982055443	0.338118273	0.555300531
N4bp1	14978	0.182682838	3.713299838	0.982642746	0.337978519	0.555300531
A630001G21Rik	2389	-0.105542397	5.584107262	0.982036924	0.338122681	0.555300531
Lipo3	3299	0.129534753	4.743895214	0.980911259	0.338390778	0.55565977
Ctla4	2135	-0.160584666	7.206651317	0.980680129	0.338445864	0.555669175
Gm36756	1924	0.413398721	0.496280847	0.980373128	0.338519052	0.555708294
Snx18	4447	0.269720577	3.202427107	0.980110906	0.338581582	0.55572991
Lpar5	5280	0.163167499	3.987531222	0.978881642	0.33887494	0.555968241
Ubxn2b	4735	-0.120645461	4.440082137	0.97895733	0.338856867	0.555968241
Fbxo25	4515	-0.11612198	4.695302755	0.979049269	0.338834915	0.555968241
Cmtr1	6380	0.273607155	2.207947907	0.976987706	0.339327632	0.556598286
Fbxo8	3623	-0.116594695	4.483978235	0.976861425	0.339357847	0.556598286
Trim14	3538	-0.133335207	4.58177257	0.976329229	0.339485226	0.556645015
Apeh	2465	-0.071442016	6.986316527	0.976501366	0.339444018	0.556645015
Clic3	1534	0.422993166	1.023651738	0.975961847	0.339573197	0.556645648
Tmem209	4416	-0.084365939	6.239811502	0.975914651	0.339584501	0.556645648
Manea	5061	-0.193644152	3.270039655	0.975394255	0.339709175	0.556696523
Mindy2	10461	-0.157839273	5.089472734	0.975372302	0.339714435	0.556696523
Gxylt1	6734	-0.146046082	3.679503463	0.974915224	0.339823996	0.556795015
Trmt13	8750	0.172130797	3.021895016	0.97404781	0.340032054	0.557010902
Fam172a	9148	-0.166464755	4.145257119	0.973953399	0.34005471	0.557010902
Acadsb	4362	-0.245585763	3.652008584	0.97314365	0.34024912	0.557215645
Spata5l1	2583	0.195713146	4.168395437	0.972944603	0.340296933	0.557215645
Cep104	5153	0.132748378	3.779056407	0.972814496	0.340328191	0.557215645
Mmp10	1734	-0.523378628	0.55755518	0.972411024	0.340425151	0.557293348
Plekha8	8644	-0.291736623	1.902885394	0.972056513	0.340510378	0.557351823
Ankrd16	5840	-0.114385595	5.018502112	0.971521723	0.340639003	0.557421676
Sra1	1087	0.07740434	6.986873598	0.971467364	0.340652081	0.557421676
Itpripl2	6865	-0.351415011	1.650408318	0.970701425	0.340836434	0.557561257
Dpy19l4	6951	0.168317433	3.399036176	0.970779981	0.34081752	0.557561257
Tasor2	8749	0.119848116	4.511321748	0.968382388	0.341395473	0.55839463
Sh2b3	5874	-0.233846648	4.971281323	0.96765443	0.341571231	0.558600947
Ttc30a1	2862	0.399095904	1.629939981	0.967168897	0.34168853	0.558614123
Sos1	9065	-0.163229036	3.171340959	0.967004972	0.341728146	0.558614123
Tmem256	644	-0.125871255	6.401076013	0.967373759	0.341639031	0.558614123
Gm38424	10443	-0.375839063	0.923660182	0.96669076	0.341804099	0.558657165
Gnpda2	5131	-0.130523786	5.908588369	0.965108654	0.342186907	0.559201654
Thap2	4976	0.157098058	3.714693927	0.963038373	0.342688767	0.559930915
Pomk	3601	-0.123027425	4.310276084	0.962857638	0.342732629	0.559930915
Rtl6	4426	-0.133596085	4.196080708	0.962375846	0.342849595	0.560040734
Wdr7	7186	-0.120251743	4.675663231	0.961743722	0.343003144	0.560143779
4833420G17Rik	3341	-0.092627916	6.287070065	0.961706504	0.343012188	0.560143779
LOC118568450	6105	-0.622586393	0.384648325	0.961338945	0.343101521	0.5602084
Zfp688	3782	-0.146976163	4.593531899	0.960398303	0.34333029	0.560499045
Gng5	535	0.110834578	7.669359211	0.960197724	0.3433791	0.560499045
Mvk	1777	-0.148603958	4.324254804	0.958186538	0.343869071	0.561217455
Gm46594	11546	-0.278503947	2.106333726	0.955580379	0.344505493	0.561936048
Trmu	2292	0.137414874	4.23147673	0.955565936	0.344509025	0.561936048
Aff3	9849	-0.1001863	6.147146748	0.955592725	0.344502474	0.561936048
Sp3	4430	-0.097691719	6.934713945	0.956094612	0.344379783	0.561936048
Tnfaip3	4778	-0.211128368	6.623429962	0.954818116	0.344691959	0.561965768
Gfod2	11791	0.193840581	2.243933355	0.954850871	0.344683943	0.561965768
Tmem265	1222	-0.148718707	3.882841042	0.954675286	0.344726914	0.561965768
Prcc	2053	0.118849949	4.018464409	0.95474825	0.344709056	0.561965768
Tmem248	4847	0.157630531	5.707464881	0.952394315	0.34528584	0.562713953
Ints6	8624	-0.087201372	5.539986384	0.952453987	0.345271201	0.562713953
Mypop	2257	-0.295861058	2.300171487	0.9514255	0.345523633	0.563019983
Gne	6067	0.086459002	5.564692886	0.950966002	0.345636499	0.563122389
LOC115490443	2291	-0.378732564	0.455609935	0.948781623	0.346173772	0.563190268
Ccdc141	10566	0.27984334	1.830837583	0.948945348	0.346133461	0.563190268
Ift22	2852	0.220084329	3.269805964	0.948762749	0.34617842	0.563190268
Krt10	10555	-0.176689612	3.23846469	0.949499871	0.345996978	0.563190268
Zfp592	7462	0.123861225	5.594146799	0.949205745	0.34606936	0.563190268
Ppp3cb	4813	0.116272193	5.456581178	0.949565269	0.345980887	0.563190268
Emp3	972	-0.104019584	7.407996367	0.949647736	0.345960598	0.563190268
Nsun4	5613	0.103423148	4.582756609	0.948925441	0.346138362	0.563190268
Atg2a	6568	-0.100554068	5.865525446	0.950081791	0.345853836	0.563190268
Arhgef6	6538	-0.091416007	7.86496486	0.949664011	0.345956593	0.563190268
Zfp260	3940	-0.128451735	5.162877442	0.948309193	0.346290131	0.563233933
Mtmr14	4894	0.105916844	6.163587855	0.948247544	0.346305319	0.563233933
Lin54	6428	-0.130315145	4.333675206	0.946330837	0.346778011	0.563921255
Nfatc2ip	3446	-0.142089302	3.772241397	0.945195791	0.347058372	0.564295661
Dusp12	1388	0.118813195	4.174646774	0.94451458	0.347226792	0.564487974
Opa1	7509	0.109057838	5.740015261	0.943648551	0.347441076	0.564608062
Rpap1	5074	0.105406575	6.228002842	0.943939825	0.347368984	0.564608062
Zcchc17	2316	0.067991233	6.54113346	0.943607998	0.347451115	0.564608062
Morn1	18043	-0.233782196	2.628512693	0.942760987	0.347660887	0.564785898
1600012H06Rik	2756	0.132473442	4.292553549	0.942852429	0.347638232	0.564785898
Egfl7	1592	0.340100049	0.940658766	0.942407354	0.347748523	0.564846757
Akr1a1	1414	-0.07670055	8.741783162	0.941807406	0.347897273	0.565006852
Enkd1	2075	-0.241438774	2.946006024	0.941604711	0.347947549	0.565006997
H3c1	502	-0.314268054	1.003159855	0.941053316	0.348084371	0.565147656
Farp2	3912	0.394519929	0.665077365	0.93905801	0.348580132	0.565562104
Abcg3	3804	0.166572278	4.73651929	0.939587263	0.348448532	0.565562104
AW549877	5078	-0.163804456	4.747366714	0.939178834	0.348550083	0.565562104
Tcof1	4659	0.092773474	7.689450862	0.939015046	0.348590819	0.565562104
Zfp655	6098	-0.07300733	5.665038313	0.939580943	0.348450104	0.565562104
Plpp2	1651	-0.317476213	2.431611808	0.937872526	0.348875167	0.565941878
Ptcd2	4712	0.116198561	5.866196584	0.936944718	0.349106326	0.566153705
Akr1b3	1402	-0.072123987	8.006045911	0.937098181	0.349068076	0.566153705
Sla	6612	-0.07617399	8.597611695	0.936235398	0.3492832	0.566358961
Klk15	1339	0.779543551	0.287102631	0.936000298	0.349341852	0.566367437
Itgal	5420	-0.082136157	9.916996103	0.935811179	0.349389044	0.566367437
Mtrf1	2285	0.186496082	3.182502489	0.935329769	0.349509213	0.566480668
Xkrx	6775	-0.28918448	2.26760969	0.93422557	0.34978507	0.566734595
Nusap1	3050	-0.245463187	7.038224774	0.934479197	0.34972168	0.566734595
Plxna3	7692	0.203726127	3.126782061	0.93409823	0.349816903	0.566734595
Ccdc18	14814	-0.245894294	2.889939624	0.933088559	0.350069455	0.567062147
9930021J03Rik	18008	0.159710072	3.602897209	0.932057697	0.35032758	0.567398633
2610044O15Rik8	1776	-0.153882269	3.725943473	0.931168546	0.350550444	0.567677919
Coprs	1897	0.360747859	0.798109899	0.929187187	0.351047807	0.568206763
Tmem170	3874	0.293257351	1.513038105	0.928871817	0.351127067	0.568206763
Slc35g1	3471	0.214379538	3.547174745	0.928862654	0.35112937	0.568206763
Smurf2	5449	0.102908237	5.077975385	0.92926138	0.351029165	0.568206763
Nelfb	2866	-0.067810242	7.287751908	0.929160579	0.351054494	0.568206763
Uba1y	3565	-0.134052016	4.652738704	0.928555044	0.351206705	0.568250227
Rab4a	1564	-0.555548084	1.57226176	0.926471744	0.35173111	0.568645185
Zfp956	2761	-0.124200565	4.221710584	0.926591659	0.351700894	0.568645185
Zfp524	1798	-0.095017969	5.003239652	0.926647287	0.351686879	0.568645185
Ehmt1	5682	0.090272802	6.177340399	0.926446752	0.351737408	0.568645185
Lsm5	501	0.089186432	6.211224801	0.926381428	0.35175387	0.568645185
Eef1a1	1790	0.063999772	12.26572535	0.92645524	0.351735269	0.568645185
Ttyh2	3456	-0.43694786	1.008419494	0.925591852	0.351952937	0.568721999
Snx20	1714	-0.211119824	3.694449558	0.925731962	0.351917601	0.568721999
Tpd52l2	3656	0.079876695	5.951104852	0.925636962	0.35194156	0.568721999
Fanci	5325	-0.138198983	4.683528927	0.925073239	0.352083779	0.568851777
Araf	6748	-0.066846611	7.286416655	0.924074636	0.352335917	0.569177465
Smim11	560	0.100082689	5.709032303	0.923781078	0.352410088	0.569215605
Gm16599	38661	-0.282027967	2.330635364	0.921926074	0.352879302	0.56989172
Cd101	4636	-0.234817971	2.983869354	0.919868871	0.353400725	0.570242993
Kif1c	7029	-0.226355189	2.394662009	0.919952546	0.353379495	0.570242993
Tmem237	2145	-0.211455584	3.65804755	0.920550678	0.353227788	0.570242993
Incenp	3249	-0.169576195	7.485552425	0.920108168	0.353340015	0.570242993
Slbp	1906	0.119487303	8.103349639	0.92008607	0.35334562	0.570242993
Erg28	1958	0.07960687	6.904109677	0.920507539	0.353238727	0.570242993
BC037032	4622	-0.413197836	0.523984068	0.919324647	0.353538853	0.570384123
Pigl	4750	0.145908313	4.18217494	0.918707927	0.353695476	0.570555047
Zbtb32	3864	-0.25602558	5.909989834	0.917540419	0.353992256	0.570951979
Zfp867	4216	-0.291232263	1.418923814	0.916858599	0.354165742	0.571149967
Map2k4	4237	0.092261945	5.89101298	0.915314712	0.354559035	0.571702322
Snf8	1870	0.077022332	6.444523039	0.914752324	0.354702457	0.571851677
Crip2	1884	-0.251235988	1.843838283	0.914517333	0.354762411	0.57186644
Sec31b	3923	0.579251491	0.967830825	0.913624066	0.354990445	0.572070202
D6Wsu163e	2522	-0.111938693	4.182207021	0.913703987	0.354970034	0.572070202
Rnf113a1	1246	0.184499806	2.63279588	0.913151277	0.355111226	0.572182937
Flywch1	10096	-0.184444108	4.720558967	0.91259256	0.355254036	0.57233113
Tbcb	1377	0.069815614	6.739177523	0.912043431	0.355394477	0.572475465
1700007L15Rik	747	-0.253802982	2.785538911	0.911197471	0.355610991	0.572585554
Dmxl1	12795	0.213294076	3.224647298	0.911180248	0.355615402	0.572585554
Aga	2922	-0.096830508	5.202041365	0.911303809	0.355583765	0.572585554
Lrp8	11103	-0.230474916	2.477002908	0.910517852	0.355785073	0.572776827
Asb6	2114	-0.078000321	5.88479607	0.909977606	0.355923543	0.572917821
Zfp784	2146	-0.202869521	2.594262503	0.909539904	0.356035788	0.573016569
Chmp5	1372	-0.115535755	5.12478099	0.908659183	0.356261798	0.573298359
Pum1	5524	0.071684814	6.734860783	0.908243669	0.356368499	0.573388104
Tsc22d2	14908	0.160781968	4.052420456	0.907817089	0.356478091	0.573482474
Usp40	8770	-0.142664611	3.790336759	0.907323896	0.356604858	0.573604443
A930038B10Rik	4370	-0.463706212	0.972292863	0.906103792	0.356918749	0.573789873
LOC118568531	8311	-0.345313419	1.310609477	0.905885403	0.356974975	0.573789873
Hps6	2696	-0.141787464	4.227363615	0.905981794	0.356950157	0.573789873
Gm32276	2587	-0.117078314	4.311673719	0.906143761	0.35690846	0.573789873
Erp44	5313	0.070633659	6.735878009	0.906546329	0.356804853	0.573789873
Gm21297	3029	-0.506796515	1.275640301	0.905460954	0.357084291	0.573883648
Tubg2	2542	0.39411152	1.483690169	0.904541602	0.357321237	0.574182484
Nenf	681	0.206424744	3.311499006	0.904151294	0.3574219	0.574262274
Rnf25	1544	-0.107850721	4.600179744	0.903639186	0.35755404	0.574392607
Ppil1	1215	0.133797538	7.564319912	0.902297341	0.357900619	0.574867337
Zfp85	5669	0.232818011	2.914445338	0.902058705	0.357962306	0.5748844
Fam149b	10284	-0.101471468	5.220239515	0.899786962	0.358550333	0.575746634
LOC108167751	7745	-0.430632539	0.72985814	0.898649855	0.358845198	0.575891552
H2-DMb2	1810	-0.26477736	4.110749994	0.898951521	0.358766938	0.575891552
Utp14b	3981	0.25929228	1.595511199	0.898707333	0.358830285	0.575891552
Ptbp2	4639	-0.164570455	3.402742195	0.898687508	0.358835428	0.575891552
Rexo5	21579	0.187319428	4.2443678	0.898151332	0.358974583	0.575934994
Zbtb48	3168	0.135817372	4.214823634	0.898240733	0.358951375	0.575934994
Srcap	10904	0.084986455	7.398569131	0.897949262	0.359027047	0.575937089
Ctss	1450	-0.093746069	7.79231798	0.897681622	0.359096552	0.575966517
Pdss1	5985	0.150442467	3.923920885	0.896877299	0.359305552	0.576143303
Mllt10	10188	0.092454297	5.557074614	0.896740549	0.359341103	0.576143303
Surf6	2996	0.087955077	5.39986774	0.896666709	0.359360302	0.576143303
Gm33118	4158	-0.39346319	2.704378512	0.896168379	0.359489909	0.576269029
B9d2	1224	-0.088921962	5.718488073	0.895929558	0.359552046	0.57628658
Cd151	2012	-0.271558466	1.995854013	0.895291864	0.359718041	0.576470564
Col20a1	6342	-0.338969096	1.192484585	0.89408332	0.360032941	0.576745956
Ypel2	11036	0.237299929	2.631947849	0.894133156	0.360019947	0.576745956
Gimap7	1269	-0.156597252	6.375251577	0.894042531	0.360043576	0.576745956
Gpr65	2147	0.111158512	4.347825154	0.892460893	0.360456318	0.577324972
Nlrc5	7915	-0.085405226	7.049268053	0.891957429	0.360587847	0.577453483
Commd10	4844	-0.118678821	5.592440834	0.89167856	0.360660732	0.577488055
Traj9	58	-0.443198795	0.57594241	0.890320916	0.361015871	0.577810016
Rad54b	7051	0.248729175	4.066864411	0.890044712	0.361088184	0.577810016
4632415L05Rik	4114	-0.163720512	3.091500004	0.890385591	0.360998941	0.577810016
Styx	4634	0.162413859	2.832034114	0.889929216	0.361118429	0.577810016
Poc1b	3107	0.106942382	4.660497112	0.890507985	0.360966906	0.577810016
Vkorc1	792	0.134301896	4.438216663	0.889199724	0.361309545	0.578033659
LOC115487643	80	0.354604724	0.622974768	0.886847154	0.361926897	0.578437739
LOC118568566	27463	0.246753145	2.584592231	0.8866951	0.361966852	0.578437739
Zfp459	11432	0.238024444	2.403399816	0.887149411	0.361847493	0.578437739
Scoc	2521	0.162895337	3.226457977	0.887239982	0.361823705	0.578437739
Gpam	7028	0.161171787	3.715813224	0.886671083	0.361973163	0.578437739
Numb	4694	-0.139847053	4.281624233	0.887106599	0.361858738	0.578437739
Slc25a38	4862	0.101865245	5.325681696	0.88796421	0.36163357	0.578437739
Wars	2883	0.083595949	6.659523403	0.886918585	0.361908129	0.578437739
Mcmbp	4171	-0.116532507	5.941169791	0.886114405	0.362119499	0.578589457
Pigv	6478	-0.108880056	4.695722221	0.885487875	0.3622843	0.578766874
Sec16a	9127	-0.106558639	6.316600351	0.885301458	0.362333357	0.578766874
Med31	1161	0.113999873	4.357733579	0.883613384	0.362778024	0.579394949
Net1	4386	0.089457735	5.59198586	0.882184849	0.363154953	0.579914675
Slc37a4	2908	-0.090920054	5.334044465	0.881802415	0.363255958	0.5799937
Rps6ka1	3670	-0.085737092	7.535399308	0.880816419	0.363516563	0.580327491
Rxrb	2768	0.172250392	5.479970131	0.879874428	0.363765794	0.580643033
Trmt10b	2575	0.162475442	3.323827481	0.878433045	0.364147642	0.581170138
Supt6	6729	0.086588421	6.450489253	0.878165513	0.364218581	0.581200961
Mfsd13a	2284	0.214719858	3.193897239	0.876877778	0.364560322	0.581663847
Gm30214	1385	-0.555289304	0.447174942	0.875777451	0.364852704	0.581965393
Cyb561	4246	-0.414450871	0.746157661	0.875923935	0.36481376	0.581965393
Slc25a33	2290	0.317553139	2.358603686	0.874706592	0.365137588	0.58225481
Nab2	2575	0.077266314	6.963016995	0.874884633	0.3650902	0.58225481
1110038F14Rik	1661	0.103560093	5.449526297	0.874076373	0.3653054	0.582439908
Cox6b1	471	0.081207202	8.926845447	0.873801591	0.365378604	0.582474132
Fam53c	4820	0.106085594	5.859405898	0.873396342	0.365486604	0.582563809
Atp6v1g2	1890	-0.220996263	2.172323742	0.873201784	0.365538471	0.582564002
Pus7l	2857	0.119962858	4.390709425	0.872579947	0.365704319	0.582745821
Gm30373	8681	-0.589440529	1.026976674	0.871546782	0.365980117	0.583102768
Fam222b	4144	0.103222287	4.205337458	0.870810654	0.36617681	0.583333597
Vopp1	6664	0.099791466	4.425808908	0.87059392	0.366234751	0.583343354
Avl9	6987	-0.117687208	4.588635677	0.870353791	0.366298962	0.583363095
Txndc5	3163	0.13706154	5.84210398	0.869819335	0.366441937	0.583501745
Ube2j1	3570	0.09534577	6.581067674	0.869640925	0.366489682	0.583501745
H4c4	402	-0.164735928	5.201444157	0.868392259	0.366824104	0.583951607
Fv1	1380	0.277174953	1.315774984	0.867882884	0.366960656	0.584020584
Qpct	2059	-0.13061562	3.697874698	0.867650188	0.367023062	0.584020584
Rnf115	2323	0.076483973	6.796206437	0.867751954	0.366995768	0.584020584
Metrn	1363	0.185593019	4.423133055	0.867097331	0.367171393	0.584091499
Fam120b	5831	-0.110038077	5.508631874	0.867132984	0.367161824	0.584091499
Siae	3399	-0.108198963	4.425661593	0.866479101	0.367337368	0.584272972
Tbcc	1843	0.090144667	5.290792485	0.865728425	0.367539051	0.584511179
Ptar1	13856	0.117508252	3.943318597	0.86513821	0.367697738	0.584680951
Kantr	4258	0.174856575	3.050787782	0.864882678	0.367766472	0.584707661
Gatad1	2547	0.127180169	4.967809652	0.864051962	0.367990055	0.584980519
St8sia4	19156	0.10515328	5.808126941	0.863680478	0.368090102	0.585056949
Bambi	5682	-0.431784512	0.78902948	0.863294399	0.368194123	0.585122945
Tbc1d32	9206	0.370998435	1.719090296	0.862574933	0.368388085	0.585122945
Cit	13238	-0.164638831	6.006561481	0.862562295	0.368391494	0.585122945
Ranbp6	4867	-0.141471032	3.929191067	0.862957931	0.368284813	0.585122945
Klhl36	2216	-0.110206026	5.13155127	0.86290362	0.368299455	0.585122945
Tnfrsf22	5649	0.125415042	3.956481919	0.862176668	0.368495519	0.585193332
Fbxl14	4219	0.088866483	4.978078129	0.862012679	0.368539769	0.585193332
Pla2g4f	3147	0.876958234	1.418016632	0.861354609	0.36871742	0.585310309
Clock	10151	-0.170299502	3.334209859	0.861441585	0.368693933	0.585310309
Zfp639	4675	0.114202201	5.122248329	0.860402217	0.36897475	0.585636224
Ndufa2	602	0.090699175	7.610940445	0.860114934	0.369052424	0.585676937
Ogfod3	1243	0.229512028	2.507365547	0.859254347	0.36928525	0.585798697
Ccdc138	7089	-0.210577136	3.478756134	0.8593634	0.369255735	0.585798697
Zdhhc15	5606	-0.192373312	3.53219262	0.859276537	0.369279245	0.585798697
Usp4	4966	-0.079305283	7.776123777	0.858198696	0.369571148	0.586169623
Sf3b1	7722	0.065827122	9.555956454	0.857199236	0.36984213	0.58651679
Plek	4117	0.419291692	0.705269285	0.856667512	0.369986415	0.586605052
Syne3	5956	0.144271061	5.31069507	0.856610111	0.370001996	0.586605052
Gm4924	15035	-0.226943493	2.682836712	0.855809153	0.370219511	0.58681721
Hdac10	2705	-0.091729464	5.994297434	0.855733505	0.370240064	0.58681721
Dbp	2529	0.346315618	1.456719521	0.854551954	0.370561308	0.587243695
Dubr	1815	-0.199247894	2.788518316	0.852729211	0.371057695	0.587874927
Ncapd3	8737	-0.137250409	6.14061153	0.852705846	0.371064064	0.587874927
Cep83	4940	0.085973114	5.304566437	0.852384144	0.371151778	0.587931155
Senp7	15625	-0.096179909	5.146564631	0.851768236	0.371319794	0.588031825
Ccdc59	1078	0.092603722	5.412106625	0.851914671	0.371279837	0.588031825
Csad	4163	0.194244093	3.407695647	0.851565114	0.37137523	0.588036897
Dclre1b	4288	0.123886061	3.920537566	0.8513603	0.371431139	0.588042718
Tbc1d25	2534	0.141500234	4.191168194	0.850609666	0.371636152	0.588131376
Ermp1	5399	0.125633233	5.237433525	0.850651439	0.371624738	0.588131376
Psmd4	1375	0.057342375	7.609155531	0.850581444	0.371643863	0.588131376
Ubxn11	5120	0.10832246	4.588084707	0.850324877	0.371713977	0.588159657
H4c17	405	-0.311560294	1.607958113	0.849516309	0.37193507	0.588426788
Zfp809	2629	-0.098397422	4.356836651	0.848969359	0.372084738	0.58858086
Srebf1	4905	0.087918358	7.360261983	0.848071394	0.372330652	0.588887114
Fam168a	7471	-0.126715936	5.11398245	0.847054677	0.372609379	0.589245173
Wdr5b	1785	0.185866134	2.88560991	0.846784389	0.372683529	0.589279658
Zfp934	2714	0.229488544	3.101252592	0.846451383	0.372774915	0.589341383
Zfp266	6285	0.079331575	5.244422966	0.845728157	0.372973503	0.589572549
Axl	5428	-0.235976014	3.759079267	0.845494494	0.373037697	0.589591239
1700066M21Rik	4239	0.225851128	3.387880279	0.844240967	0.373382361	0.58976171
Dbi	745	-0.112986615	7.160367833	0.844149658	0.373407485	0.58976171
Gpx4	1465	-0.082417592	7.139175515	0.844825515	0.373221577	0.58976171
Smg1	15781	0.077900523	6.142795264	0.844258428	0.373377556	0.58976171
G3bp2	4923	-0.070952679	7.888151823	0.844350708	0.373352168	0.58976171
Usp31	10405	0.243458886	2.112529845	0.843836991	0.373493537	0.589814874
Mapkbp1	7267	0.242304755	3.03616241	0.843155819	0.373681111	0.590008089
Pcnt	12043	-0.10783624	6.033583113	0.842821904	0.373773112	0.590008089
Fus	3220	-0.091562346	7.325191136	0.842962812	0.373734284	0.590008089
Slc18a2	3803	0.279532802	2.074952092	0.842114502	0.373968128	0.590233168
Mcm5	3501	0.18296442	9.020070012	0.841869701	0.37403565	0.590256988
Ankrd10	17249	0.060892688	7.245827704	0.841353738	0.374178025	0.590398908
Mfsd9	3152	0.374018512	0.737432249	0.839370584	0.374726008	0.590931657
Abi2	10694	-0.190191754	2.534787379	0.839032113	0.374819654	0.590931657
Gfi1	3107	0.182876844	3.213471747	0.838613266	0.374935586	0.590931657
Fkbp5	3884	0.175525384	5.246063555	0.839333385	0.374736299	0.590931657
Wdr41	5992	-0.117276848	4.314551391	0.838759327	0.374895152	0.590931657
Zfp142	6699	0.103437962	4.620603298	0.839619725	0.3746571	0.590931657
Alkbh1	1949	0.100051094	5.377586052	0.83993554	0.374569778	0.590931657
Fbxo46	3612	-0.095190726	5.411116773	0.838800142	0.374883854	0.590931657
Mapkapk5	2208	0.137141873	4.250455401	0.837534409	0.375234447	0.591237145
Cnot6	6315	0.101375918	6.707791477	0.837643951	0.375204086	0.591237145
Phf13	3128	-0.170963646	3.481932303	0.836088333	0.375635591	0.591786382
Atf7	7651	0.126013661	4.383606423	0.835555675	0.375783513	0.591936587
Usf2	2968	-0.099674996	4.680294751	0.8353483	0.375841126	0.591944515
Fam120a	5424	0.096470219	6.754245459	0.834809737	0.37599081	0.592014621
Irf2bpl	4112	0.094875303	6.438464171	0.834865172	0.375975399	0.592014621
Atp11c	7397	0.096056754	4.440936857	0.833889604	0.376246751	0.592251947
Emc7	5836	0.081282332	6.490281614	0.833908576	0.376241472	0.592251947
LOC118568122	9038	-0.283291729	0.835972185	0.833178794	0.376444646	0.592480613
Trdmt1	8664	-0.114002549	3.965472924	0.832527016	0.376626243	0.592683568
Lmln	7064	0.330555933	1.345756158	0.831325978	0.376961216	0.592936389
Fam124b	3316	-0.318168231	1.602887318	0.831017444	0.377047339	0.592936389
Tgif1	4890	-0.216858644	4.608666956	0.830441285	0.377208245	0.592936389
Ube2d1	1718	-0.120656269	4.910373717	0.830581357	0.377169117	0.592936389
Mtif3	5157	-0.110925749	4.36334568	0.830997157	0.377053003	0.592936389
Rnf145	7569	-0.094475441	7.595710264	0.831489028	0.376915715	0.592936389
Fth1	1511	-0.076024464	10.03399082	0.830748664	0.377122389	0.592936389
Scamp2	2471	-0.070618218	6.774031418	0.831415373	0.376936268	0.592936389
Rai1	48298	-0.12152464	5.56436833	0.829777685	0.377393698	0.593090067
H3f3b	2718	-0.064715965	10.46220045	0.829714463	0.377411373	0.593090067
Casc3	3742	0.127884303	5.744763572	0.828386725	0.377782865	0.593590997
Ddx46	6659	0.071308587	6.967490221	0.82795986	0.377902415	0.593695979
Tmem181b-ps	4710	-0.24911625	4.016164963	0.827207329	0.378113311	0.593786442
Ccny	8084	0.207979149	4.596181278	0.827001692	0.378170971	0.593786442
Agpat2	1574	0.16396353	3.265449114	0.827084403	0.378147777	0.593786442
Sugp2	6651	-0.090811732	5.61586031	0.827119997	0.378137797	0.593786442
Slc25a25	9952	0.120053077	4.491362988	0.826558751	0.378295215	0.593898694
Rgl1	7507	-0.302957514	0.785949388	0.824090931	0.378988556	0.59465154
Abcb6	3073	0.202986595	2.89418826	0.824376959	0.378908098	0.59465154
Kif2a	6693	-0.112405355	4.363488914	0.824267108	0.378938995	0.59465154
Sphk2	4313	-0.101408649	5.447685346	0.824528448	0.378865496	0.59465154
Abcb7	5759	0.088869766	5.465435641	0.823912158	0.379038857	0.59465154
Rgs2	3009	0.364100918	4.883350949	0.823433063	0.379173707	0.594780214
Fbxw4	4753	-0.17470141	3.453702569	0.823008695	0.379293214	0.594801922
Eif4e2	8237	0.078921552	7.133930773	0.823041928	0.379283853	0.594801922
Fam76b	8795	-0.09860484	5.331096185	0.821075887	0.379838229	0.595490709
Wipi2	4283	-0.079832579	6.050979413	0.821117018	0.379826618	0.595490709
Traf7	2735	0.062457031	6.791611181	0.820020707	0.380136265	0.595874975
Cog3	4418	-0.104004336	5.510258711	0.819620666	0.380249349	0.595969256
5730552O08Rik	3940	0.293997801	2.090975252	0.81877907	0.380487416	0.5960757
Zbtb33	5122	-0.226235844	2.223489021	0.818786648	0.380485272	0.5960757
Arhgap11a	5017	-0.203142456	6.26659313	0.818719851	0.380504176	0.5960757
Yme1l1	4571	0.059783678	7.045663329	0.818631967	0.380529051	0.5960757
Trav5-1	343	-0.372426555	2.183646119	0.817420543	0.380872183	0.596504033
Stag2	7131	-0.119589443	7.035550241	0.817134362	0.380953311	0.596504033
Atxn7l1	11390	0.096070634	5.484646047	0.817105658	0.38096145	0.596504033
Nudt22	1065	-0.109506208	4.834055577	0.816616332	0.38110023	0.596590772
Slc37a3	5104	-0.089235145	5.140526635	0.81653667	0.381122831	0.596590772
Pex12	5614	0.115303479	4.110192009	0.815910896	0.381300437	0.596785809
Rab28	2285	0.091242263	4.997703888	0.814113652	0.38181122	0.597502185
Crnkl1	3111	-0.073472021	6.034956376	0.813920826	0.381866083	0.597504985
Pctp	2844	0.184779084	2.761781705	0.812913694	0.382152826	0.597866251
Ttll1	3101	-0.166631188	3.487445055	0.812736947	0.382203181	0.597866251
Habp4	2567	-0.258468501	3.910253731	0.812195508	0.382357499	0.598024552
Mcl1	8725	-0.093640176	6.850727174	0.811756215	0.382482774	0.598084202
Gimap9	1657	-0.084671585	7.148717415	0.811689206	0.382501888	0.598084202
Spag1	11262	-0.301495918	2.140517993	0.811218044	0.382636329	0.598211331
Gmds	1730	0.094035491	4.656005975	0.810942356	0.382715027	0.598251287
Phxr4	1391	0.435972062	1.344295008	0.809180033	0.383218674	0.598955412
5530601H04Rik	3732	0.181737896	2.941681142	0.808514578	0.383409111	0.598964435
Zfp995	7067	0.096404238	4.802212451	0.80851917	0.383407797	0.598964435
Dnajc10	4074	-0.080420983	6.346037921	0.808230455	0.383490464	0.598964435
2310011J03Rik	1659	-0.077354903	6.526566772	0.808415316	0.38343753	0.598964435
Tm9sf1	3004	-0.060310536	6.728245056	0.808966263	0.383279834	0.598964435
Zswim1	2701	-0.14847608	4.689632832	0.807840715	0.3836021	0.599055687
Ctdspl	8990	-0.293201296	1.576800617	0.807324865	0.383749935	0.599165977
Gtf2f1	1826	0.069728667	6.769686654	0.807222897	0.383779167	0.599165977
Ppp2r5a	3082	-0.088466739	6.622664549	0.806479185	0.383992478	0.599415879
Jund	2877	-0.278715586	5.501257894	0.806249998	0.38405825	0.599425299
Gm5785	6413	0.248223809	1.959440574	0.806004112	0.384128832	0.599425299
Pi4ka	7674	-0.123257206	6.315918918	0.805901665	0.384158246	0.599425299
Ebp	1743	0.059983271	6.916219967	0.805375789	0.384309284	0.599577871
Angel2	4510	-0.060977085	6.643603916	0.804743036	0.384491136	0.599778469
Zbtb41	9080	-0.168230772	3.252093849	0.80136986	0.385462779	0.601169272
Xpo1	5653	0.108123201	7.710220551	0.801277221	0.385489516	0.601169272
Kxd1	1216	0.069869477	6.676172982	0.800606324	0.38568323	0.601388061
Begain	3514	0.353785897	0.849266734	0.800193167	0.385802598	0.601407594
Prim1	1533	0.191658229	6.5762482	0.800341684	0.385759682	0.601407594
Pepd	1853	0.072422806	6.237592892	0.798039289	0.386425792	0.602295662
Rbbp6	10428	0.115696357	6.102311867	0.797810743	0.386492008	0.602315479
Kbtbd7	4529	-0.224530384	2.980750452	0.797453259	0.386595615	0.602337034
Cibar1	2658	-0.14130669	3.986394557	0.797393821	0.386612845	0.602337034
H3f3a	1086	0.068359639	8.880982514	0.795037632	0.387296821	0.603319165
Odf2	8819	-0.083658033	6.87524189	0.794706829	0.387392996	0.603351322
Klhl25	3851	0.07962594	5.376081157	0.794597977	0.38742465	0.603351322
Cyb5r3	4864	-0.073248162	6.634362207	0.793068925	0.387869719	0.603960899
Pdss2	10120	0.147720838	3.234218821	0.792473025	0.38804338	0.604147749
Cdc40	3366	-0.08065052	6.109816401	0.791940235	0.38819875	0.604306073
Hdac8	17153	-0.118850249	4.336268055	0.791193692	0.388416611	0.604377867
Rbm10	3848	0.089598	7.079796295	0.791446161	0.388342913	0.604377867
Zfp869	4027	0.083923429	5.981770896	0.791155311	0.388427816	0.604377867
Arih2	9693	0.066791705	6.253164545	0.791046435	0.388459606	0.604377867
Snrnp48	3550	0.10606274	5.122181953	0.789927585	0.388786518	0.604802905
Mis18bp1	4017	-0.193912241	5.515008916	0.789434655	0.388930678	0.604943571
Poglut1	3173	0.084996097	5.076031351	0.788622582	0.389168348	0.605146105
Mrps23	1642	0.061898849	6.123517013	0.78862242	0.389168396	0.605146105
Nr4a2	4012	0.51467321	1.172065359	0.787018437	0.389638484	0.605638164
Sgpp1	3324	-0.186446045	4.729635009	0.786992043	0.389646227	0.605638164
Zfp628	3576	-0.165446081	2.642203928	0.787104183	0.389613332	0.605638164
Wdr19	5920	-0.317748174	2.038701247	0.78679005	0.389705489	0.605646659
P4htm	2775	0.215886687	2.605396141	0.785102272	0.390201196	0.605998768
Ralgapb	10735	-0.141477036	4.752653694	0.785129618	0.390193157	0.605998768
Slc25a44	5439	-0.133997219	4.646683246	0.785553113	0.390068689	0.605998768
Gsk3b	8484	-0.072225915	6.177909463	0.785773525	0.390003932	0.605998768
Ubash3a	5910	0.062179344	8.075608453	0.78535468	0.390127002	0.605998768
Actr5	2527	-0.223418258	2.199606767	0.783843184	0.390571619	0.606072404
Phldb1	9979	0.199777529	3.096203244	0.78384728	0.390570414	0.606072404
Cdadc1	11425	-0.087150297	5.049356239	0.784338663	0.390425786	0.606072404
Secisbp2	4487	-0.084564254	5.592153979	0.783944683	0.390541739	0.606072404
Svil	9201	0.070870756	5.52694391	0.784402034	0.39040714	0.606072404
Slc25a11	2109	-0.055734821	7.609968408	0.784224826	0.390459284	0.606072404
Myo1h	5565	-0.327337237	1.352890976	0.782487622	0.390971022	0.6061259
1700052K11Rik	2414	-0.304798865	0.662876589	0.782610159	0.390934893	0.6061259
Trav12-2	344	-0.289596344	2.844441749	0.78273456	0.390898218	0.6061259
Nsd2	16809	0.089922825	6.163438071	0.782447101	0.390982971	0.6061259
Rnaseh2a	2527	0.08976488	5.610389336	0.78300255	0.390819231	0.6061259
Mettl6	8772	0.077175259	5.373149046	0.782593744	0.390939732	0.6061259
Csde1	4860	0.060405274	8.385171561	0.782614157	0.390933714	0.6061259
Lmbr1	17839	0.274373973	1.39440833	0.782059022	0.391097434	0.606133552
Sgsm2	4961	0.220688661	2.78115985	0.782014943	0.391110439	0.606133552
Vezt	14025	0.172326873	3.130962692	0.781882799	0.391149428	0.606133552
Wipf1	6280	0.111624298	5.225495421	0.781555779	0.391245941	0.60619967
F2r	3338	0.178989975	3.89756933	0.781030345	0.391401087	0.606356604
Kif18b	3593	-0.264312217	6.41971274	0.779955789	0.391718667	0.606478302
Raph1	16854	0.224717935	2.302056621	0.780225669	0.391638868	0.606478302
8030462N17Rik	7186	0.162169602	3.384580013	0.779853232	0.391748997	0.606478302
Kti12	1556	0.080204659	5.872873692	0.780295109	0.39161834	0.606478302
Rbbp5	6687	0.069943489	5.967225203	0.780130517	0.391667	0.606478302
Prkaca	2504	0.135568925	4.4110107	0.776669115	0.392692462	0.607855319
Cul4a	3726	0.072239758	5.69563596	0.776232423	0.392822125	0.607972434
Mir3101	88	-0.348195625	0.381986798	0.775172013	0.393137255	0.60829291
Eloa	4592	0.077430296	6.848551146	0.775202588	0.393128163	0.60829291
Ufc1	1017	0.074691892	6.273218579	0.774269452	0.393405779	0.608624744
Arfrp1	2621	0.070708618	6.640194879	0.773578225	0.393611617	0.60885952
Zbtb37	20708	-0.129023317	3.711843344	0.773019265	0.393778188	0.608956538
Gins4	1364	0.062833289	6.219381426	0.773004738	0.393782519	0.608956538
Med15	4940	-0.085614656	6.434841978	0.771776507	0.394148918	0.609439434
2310039H08Rik	773	0.115898668	4.588409217	0.771423	0.394254471	0.609518928
Nat8f4	5095	0.134202902	3.898002458	0.770912251	0.39440705	0.609591987
Fuca2	6172	-0.118902527	5.428627066	0.770902302	0.394410023	0.609591987
Gtf3c1	6869	0.116020098	6.285601131	0.770511212	0.394526918	0.609688956
2610002M06Rik	5842	0.091809905	5.637159616	0.770032683	0.39467002	0.609826391
Git1	3774	0.118806384	4.490060313	0.769706848	0.394767505	0.609893313
Zcchc4	15113	0.121824124	4.24533322	0.769461479	0.39484094	0.609923066
Dennd4c	8328	-0.181859187	3.440861093	0.768940595	0.394996901	0.609955405
Cep295	12045	0.116004267	4.774663111	0.768848738	0.395024415	0.609955405
Ptpn7	3683	0.058886338	9.196685444	0.76907682	0.394956104	0.609955405
Trav15-1-dv6-1	352	-0.478058922	1.797045061	0.767981677	0.395284263	0.610044566
Stx12	2320	0.169107946	4.509123253	0.76807068	0.395257578	0.610044566
Isoc1	2563	0.166620605	4.888021713	0.767932837	0.395298908	0.610044566
Retreg2	2742	-0.162829793	6.050891508	0.767972085	0.395287139	0.610044566
Bola1	1020	0.164556187	4.445445251	0.76767199	0.395377136	0.610081661
Pick1	2186	0.082297577	4.85417907	0.767027547	0.395570508	0.610212767
Cdca4	2705	0.069109755	7.109360909	0.767116957	0.395543671	0.610212767
1600020E01Rik	681	-0.16137526	4.13484087	0.7667513	0.395653442	0.610257084
Bbs12	10532	0.272596893	2.403328361	0.765965614	0.395889466	0.610454381
Akr1e1	3138	0.089433409	4.497224589	0.765964484	0.395889806	0.610454381
Chrnb1	2177	-0.518065753	0.575236974	0.764557887	0.396312893	0.611023082
Uba6	5097	0.139263398	4.623739778	0.764131692	0.396441223	0.611137244
Zc3h12a	2805	-0.122928644	4.411728175	0.763833989	0.396530902	0.611191798
Gm32474	2000	-0.333247249	1.617988843	0.763023491	0.396775209	0.611484641
Snx21	3003	-0.311967871	1.327293757	0.761117172	0.397350737	0.612261343
Il1rap	13345	-0.115523369	4.135612951	0.760994029	0.397387958	0.612261343
Cep78	2765	0.177436259	3.79916337	0.760493125	0.397539418	0.612327099
Faap20	2870	-0.06806927	6.548140239	0.760546666	0.397523224	0.612327099
Xkr8	4367	0.258064208	2.442597659	0.759630294	0.397800521	0.612645454
Mtmr2	6266	-0.076299428	5.715652171	0.758800698	0.398051815	0.612948617
Spred2	37937	-0.173255808	3.678547776	0.75739803	0.398477253	0.613392147
Stn1	2476	0.102114412	5.100405244	0.757312225	0.398503301	0.613392147
Rtf1	5274	-0.062282181	6.230859245	0.757370923	0.398485482	0.613392147
Zfp335	7369	-0.106684962	6.227006671	0.756727298	0.398680937	0.61358168
Pheta2	3280	0.380326531	0.864512037	0.755517936	0.399048592	0.613691415
Plekhn1	2210	-0.293543994	2.021473205	0.756120674	0.39886529	0.613691415
LOC118567838	1635	0.222455641	2.836728444	0.755237834	0.399133819	0.613691415
Idi1	2867	0.217437526	4.544730722	0.755511585	0.399050524	0.613691415
Gm10777	7731	-0.144407205	3.146649077	0.755282497	0.399120228	0.613691415
Mthfsl	5063	-0.101492919	4.638612491	0.756013926	0.398897745	0.613691415
Hpf1	3790	0.071194331	6.967701011	0.75570922	0.398990406	0.613691415
Dgkh	23560	0.231691782	2.336500807	0.755053834	0.399189821	0.613693705
Siah2	2709	0.319488686	3.169954819	0.75484692	0.399252811	0.613706737
Nphp4	10189	-0.235989216	2.058958255	0.754566141	0.399338311	0.613754363
Rassf3	3948	-0.180674939	2.960747417	0.754233847	0.399439535	0.613826137
1700028E10Rik	2718	-0.310509357	1.111766901	0.753818709	0.39956605	0.613936753
Agap3	5895	0.185291835	3.554454821	0.753509208	0.399660411	0.613959611
Ccr7	1975	0.143237	9.066896361	0.753312213	0.39972049	0.613959611
Pdzd8	7076	0.08713305	5.274056429	0.75323339	0.399744533	0.613959611
Ntpcr	2970	-0.10688656	4.700917422	0.753014113	0.399811429	0.613978593
Trbv13-3	340	-0.194828166	2.885560176	0.751445518	0.400290473	0.614630407
St6galnac2	3256	-0.327488619	0.663628176	0.750149681	0.400686883	0.615071302
Zrsr2	10185	0.105936721	4.634863358	0.75016106	0.400683399	0.615071302
Atxn3	14275	-0.092445761	4.254246775	0.749810382	0.400790778	0.615146908
Tspan6	2647	-0.204024748	2.105903966	0.748782997	0.40110562	0.615490904
Hdac6	4255	0.140243754	5.020170149	0.748722256	0.401124246	0.615490904
Wdr78	3922	0.309773717	0.709630252	0.748339973	0.401241502	0.615586922
Ssh3	2801	-0.30895181	1.267621914	0.747029082	0.401643988	0.615976622
Slc25a32	6008	0.107051635	5.2295522	0.747115795	0.401617345	0.615976622
Atg7	4357	-0.10445179	5.625810054	0.746978099	0.401659654	0.615976622
Ppp2r1a	2256	0.084237326	8.516019545	0.746457232	0.401819759	0.616138225
Ankmy2	2525	-0.07727495	6.244323084	0.746138436	0.401917799	0.616158116
Paf1	3899	0.059231594	6.404175614	0.746059135	0.401942193	0.616158116
Dnajc30	1160	0.152170604	3.239053158	0.745512221	0.402110489	0.616332183
Hic2	6339	0.295958195	1.341849022	0.744896711	0.402300023	0.616538751
Pisd-ps3	2863	-0.152964018	7.009142044	0.743707928	0.402666476	0.61687597
Rfwd3	4443	0.11478976	7.126809839	0.743912113	0.402603497	0.61687597
Icam1	2577	0.095037419	5.383732451	0.743649673	0.402684447	0.61687597
Ppp4r3b	10244	-0.068269882	7.196633045	0.743462854	0.402742086	0.616880327
Zfc3h1	7386	-0.06789425	5.491221659	0.742928253	0.402907097	0.617049122
5830444B04Rik	3204	-0.366090924	1.550999091	0.741449719	0.403364007	0.61758085
Gm11110	1026	-0.151802307	3.040913101	0.741537229	0.403336941	0.61758085
Ccnl1	11054	-0.148784387	7.103658374	0.740960119	0.403515483	0.617597275
Usp28	4697	-0.11315545	4.618159108	0.741104684	0.403470747	0.617597275
Btbd6	5055	-0.094136091	5.441343925	0.740883131	0.40353931	0.617597275
Gm35566	1776	-0.395629948	0.838539852	0.740687146	0.403599976	0.617606161
Odf2l	10925	0.1924095	3.170234525	0.739559892	0.403949183	0.618056523
4933434E20Rik	2832	0.070218948	6.89237036	0.739274333	0.404037718	0.618107981
Cldn10	1446	-1.077413742	0.948404654	0.738642463	0.404233733	0.618235062
Fxr2	3447	0.113203504	4.248434288	0.738475561	0.404285532	0.618235062
Cenpx	2121	0.061409059	6.363559429	0.738537753	0.404266229	0.618235062
BC064078	897	-0.299451566	1.356253088	0.737615031	0.404552769	0.618559701
Azin1	9176	0.082330986	7.879034872	0.737321513	0.404643983	0.61861515
Irgq	6124	0.134227103	3.503664748	0.735485869	0.405215153	0.619330459
Nagpa	5318	0.110865421	5.410753137	0.735464206	0.405221901	0.619330459
Rpl34-ps1	413	0.217649738	2.187892702	0.734480144	0.405528618	0.619715105
Zfp622	2803	0.094931318	6.134603729	0.733046291	0.405976171	0.620314839
Bud31	974	0.07448858	6.147258401	0.732448299	0.40616305	0.620516165
Tead2	2359	-0.434661269	0.595834468	0.732110399	0.406268706	0.620566184
1700113A16Rik	983	0.22775595	1.51202232	0.73199105	0.406306035	0.620566184
Nipsnap1	7859	-0.096276987	5.68067886	0.731813939	0.40636144	0.620566615
Cpq	2013	-0.185049609	3.092477212	0.73143974	0.406478537	0.620661247
Rexo1	10087	-0.067137488	6.330697952	0.731239814	0.406541121	0.620672626
Spns1	2982	-0.096642019	5.559922284	0.730985126	0.40662087	0.620710203
Gpr19	2949	-0.195586341	3.238166679	0.730574476	0.406749504	0.620739828
Ranbp9	3564	0.106588305	5.031533428	0.730571131	0.406750551	0.620739828
Atp6ap1	3785	-0.059247338	7.440942158	0.730305267	0.406833866	0.620782823
Osm	1907	0.144195945	3.996181191	0.729886117	0.40696527	0.620899174
Mmgt2	2967	0.077124275	4.714601437	0.729543548	0.407072714	0.620978946
Pard6a	1437	-0.124847572	3.542823062	0.728822026	0.407299159	0.621240201
LOC115490435	2672	-0.345140104	0.74105366	0.72857039	0.407378179	0.621248898
Zfp937	8889	0.30655165	1.862197558	0.728452439	0.407415226	0.621248898
Ptpn21	5758	-0.304339844	1.362398687	0.727931624	0.407578874	0.621392655
Dhx40	3955	-0.121447714	5.018156118	0.727801129	0.407619893	0.621392655
Orc4	8784	0.076265032	6.039320319	0.7273606	0.407758415	0.621519664
Nrm	1687	-0.113887116	5.796926405	0.726191745	0.408126309	0.621996208
Ttbk2	11269	-0.218217058	1.804910692	0.725569759	0.408322287	0.622126446
Jpt1	1389	0.052684419	9.250471599	0.725694203	0.408283065	0.622126446
Letm1	5454	0.070042799	7.298850359	0.724621617	0.408621314	0.622413577
Triobp	13175	-0.062319944	6.365637867	0.724656515	0.408610301	0.622413577
Trip4	10230	-0.088436945	5.454341891	0.723924686	0.40884133	0.62266446
Bmt2	4141	-0.26771063	2.57791388	0.723230443	0.40906068	0.622776202
Def8	7948	0.105307784	4.964355779	0.723199682	0.409070404	0.622776202
Zc3h13	6464	0.076404762	6.113412958	0.723167252	0.409080655	0.622776202
Gm35315	4836	0.298195254	1.709461634	0.720166807	0.410030843	0.624138349
Zfp975	3239	-0.233454004	1.900738486	0.719302972	0.410305041	0.624343051
Zfp637	2485	0.13653606	4.16706139	0.719219044	0.410331696	0.624343051
Flnb	9136	-0.120600021	5.399374275	0.719403075	0.410273251	0.624343051
Cacna1d	17279	0.358112737	1.088977609	0.718652706	0.410511636	0.624532127
Suv39h2	4710	0.300179214	1.474308881	0.71830433	0.410622384	0.624532127
Rps29	390	0.106146806	10.24729266	0.718335685	0.410612415	0.624532127
Klhl17	3014	-0.257651656	3.189546858	0.717928632	0.410741871	0.624629472
Rhno1	4889	-0.062543112	6.082450309	0.716806411	0.411099103	0.62508829
Aunip	1270	0.278717021	3.741017654	0.716278327	0.411267373	0.625154933
Nup62	3746	0.137290806	7.281476225	0.716098802	0.411324602	0.625154933
Ahcyl2	6520	0.121557236	5.232834074	0.71591565	0.411383	0.625154933
Eme2	1521	0.100537336	4.322326819	0.715623712	0.411476111	0.625154933
Tbc1d5	8821	0.093282453	4.548775296	0.715691414	0.411454515	0.625154933
Coro1b	2077	-0.059396865	9.21971193	0.715843447	0.411406025	0.625154933
Otud5	6480	-0.159754062	6.160950386	0.715051686	0.411658648	0.62534787
Zfp319	3973	-0.186876926	3.869648484	0.714865504	0.411718088	0.625353782
Ska1	2669	0.190161067	5.157571833	0.714416348	0.411861537	0.625402911
Rnf44	5201	-0.094433894	5.658848784	0.714432398	0.41185641	0.625402911
Mrpl58	2751	-0.062298119	6.583431313	0.714188745	0.411934258	0.625428978
Max	2647	-0.088982638	6.814176381	0.713890689	0.412029519	0.625489256
Dock10	13167	0.076144504	7.673521846	0.713206636	0.412248278	0.625736971
Trio	30793	0.230143637	2.414661046	0.712703022	0.412409449	0.625829113
Mcm2	3371	0.14032207	8.286488377	0.712669555	0.412420162	0.625829113
Fchsd2	4558	-0.134919187	4.655264612	0.712255385	0.412552788	0.625945995
Cryzl1	1792	-0.092553534	4.565959336	0.711978657	0.412641438	0.625996134
Zfp40	12471	0.16115597	3.143250109	0.711140689	0.412910065	0.626319256
Trappc8	11610	-0.149147053	4.254506517	0.710708914	0.413048586	0.626364659
Fam76a	3394	0.075639308	5.181273603	0.710700541	0.413051273	0.626364659
Gm6644	1369	-0.198399253	1.781082479	0.710262661	0.413191827	0.626455342
Pcsk7	7990	-0.081724561	6.168430539	0.710167561	0.413222363	0.626455342
Zbtb45	5654	0.077920016	5.643729346	0.709458157	0.413450259	0.626716442
Gm16001	1102	-0.285403009	1.096266109	0.708981831	0.413603389	0.626864156
Cfap54	10935	0.447615338	0.547661552	0.707556776	0.414062047	0.627340161
Zbtb3	2908	0.29743776	1.511470713	0.707610884	0.414044617	0.627340161
Gtf2a1	8464	-0.080763708	5.933584859	0.70748668	0.414084628	0.627340161
Crat	5329	-0.250727434	2.356268421	0.706482652	0.414408282	0.62737955
Particl	1933	0.179578875	3.061867117	0.706368851	0.414444992	0.62737955
Pigo	4870	-0.115881231	5.498772563	0.706396008	0.414436231	0.62737955
Arid4b	6976	-0.090472636	6.18673126	0.706389437	0.414438351	0.62737955
Cflar	9210	-0.071386315	6.382193057	0.707154252	0.414191744	0.62737955
Cnot8	4118	0.056615396	6.702732532	0.706708278	0.414335516	0.62737955
Ccdc47	3589	0.070407619	7.225608239	0.706157338	0.414513234	0.627398493
Trdc	1105	0.215398296	2.260371914	0.705254029	0.414804875	0.627755516
Rbm4b	6924	0.072093259	4.951800996	0.704959165	0.414900144	0.627815298
Bcl9	12303	-0.122435869	4.094800615	0.704209374	0.415142551	0.62809768
Deaf1	11347	-0.148112288	4.724138554	0.703881678	0.415248565	0.628173655
Tent2	5754	0.090112273	6.110978467	0.703548416	0.415356423	0.628252399
Arhgef9	6586	-0.433523277	1.24019956	0.702730804	0.415621223	0.628568475
Orai3	1996	-0.130494104	4.198412732	0.702529171	0.415686566	0.628582856
Klhl22	7801	-0.158045634	3.31312016	0.701097344	0.416151045	0.629200707
Fxyd4	1742	0.305891981	0.827301044	0.700333655	0.416399115	0.62932429
Rdh14	1500	0.118407776	4.69165667	0.700329446	0.416400483	0.62932429
Pop7	792	0.075545077	5.653110147	0.700522697	0.416337687	0.62932429
Lrp6	9368	0.188493835	3.148037194	0.700026757	0.41649887	0.629388494
Dnajb5	4033	0.124860877	3.835610124	0.699684535	0.416610152	0.629472163
Cntrob	6389	-0.084588242	4.97863983	0.698697724	0.416931298	0.62987286
Zfp81	7630	0.192979131	3.742034396	0.69737662	0.417361844	0.630438702
Tmem119	2268	-0.528566982	0.450490673	0.697160784	0.417432251	0.630460462
Specc1l	6837	-0.098014791	5.715891776	0.696372257	0.417689632	0.630764571
Ctsb	4743	-0.065526207	9.258505543	0.693962626	0.4184777	0.631869897
Gstk1	930	-0.159255199	2.8849395	0.693553632	0.418611693	0.631987454
Trbj1-6	53	-0.355471285	2.6853807	0.692870055	0.418835795	0.632071499
Gngt2	914	0.175257442	4.111711422	0.693095849	0.418761751	0.632071499
Mia3	10811	-0.080454248	6.652208544	0.692986127	0.418797729	0.632071499
Ccdc117	3402	0.224102128	4.167422706	0.691673898	0.419228394	0.632494407
Ercc6l	4198	0.207788627	4.590328678	0.69180608	0.419184982	0.632494407
Dctn3	1672	0.059548547	6.861816038	0.690624275	0.419573376	0.632930064
Pbrm1	8460	-0.088439081	7.488915628	0.689997949	0.419779444	0.633156081
Bmyc	843	0.138551534	4.289384665	0.688404786	0.420304333	0.63386285
Fbxl17	27529	0.160378443	4.036269338	0.688224768	0.420363707	0.633867481
Kdm6b	11152	0.120320285	5.872050184	0.687928406	0.420461483	0.633924981
Dalrd3	3819	-0.096897321	4.960054761	0.687767886	0.420514457	0.633924981
Litaf	2421	0.131867331	5.322919176	0.687557557	0.420583885	0.633944755
Gm38553	18990	-0.481356534	1.271541295	0.687168423	0.420712382	0.634053547
Rps6kb2	2546	-0.078192405	5.672843302	0.686188689	0.421036177	0.634456603
Naa80	1499	-0.129005424	3.697572997	0.685601804	0.421230327	0.634664216
Ap3s2	5804	0.075100657	5.491315982	0.685427534	0.421288005	0.63466618
Gm32497	8948	-0.404657143	0.589130849	0.684913889	0.421458079	0.634837443
Tmem39b	7729	-0.095156139	4.959597165	0.684194718	0.421696386	0.635111427
Mastl	4823	-0.247704978	3.814158786	0.683668451	0.421870908	0.635226547
Lemd3	4999	0.184028407	3.496458971	0.683623945	0.421885672	0.635226547
4921522P10Rik	4523	0.365507821	0.620317541	0.682978179	0.422099989	0.635460515
Rasl11b	1768	0.27396324	2.449967383	0.682645705	0.422210398	0.635460515
Pja1	3364	0.080651938	5.918272837	0.682692003	0.42219502	0.635460515
Clip2	7725	-0.393891369	1.201371762	0.680680137	0.422864061	0.636183247
Bcas1	3617	0.344369741	0.589244738	0.680522271	0.42291663	0.636183247
Suds3	6413	0.131411124	4.39895913	0.680883586	0.422796329	0.636183247
Vps13a	14836	0.078230168	5.224281051	0.680735593	0.422845597	0.636183247
Clasp2	15828	-0.111694942	4.936679905	0.678519425	0.42358447	0.637017628
Sh2d2a	4806	-0.057377087	9.028308464	0.678578482	0.423564754	0.637017628
Foxn2	9265	-0.077716857	5.254379248	0.678262068	0.423670405	0.637061764
Hadha	2716	-0.057018825	7.081083699	0.677568262	0.423902216	0.637325207
Atg101	1895	-0.068310883	6.136213204	0.676836762	0.424146838	0.637607838
Trbj2-6	48	-0.967160844	1.317786662	0.676257976	0.424340549	0.637643606
Gm34450	7630	0.472001146	0.520289568	0.676345345	0.424311299	0.637643606
Gm36462	1727	-0.383850297	0.70703511	0.676450033	0.424276254	0.637643606
Polm	4084	0.08541979	5.324306	0.675907989	0.424457752	0.637734602
Cramp1l	8323	0.088509202	4.634520996	0.675728771	0.424517789	0.637739694
Zbtb21	8352	0.159398661	3.786833577	0.675170333	0.424704946	0.637850625
Acly	7850	0.091024845	8.214366466	0.675249474	0.424678414	0.637850625
Tob1	2492	0.225137261	3.119561196	0.674793513	0.424831309	0.637870216
Mospd3	1747	-0.092172177	5.892932397	0.674871596	0.42480512	0.637870216
BC051226	840	-0.287394172	1.701448476	0.674238505	0.425017535	0.63806473
Tgtp2	2816	0.133211588	4.097309243	0.673494976	0.425267219	0.638099207
Mir6236	123	-0.091569245	11.24051251	0.673680101	0.425205031	0.638099207
Hdac4	22164	-0.081883896	5.605778481	0.673710847	0.425194704	0.638099207
AI662270	1408	0.079543901	7.349262484	0.673510597	0.425261971	0.638099207
Fen1	2601	0.126411112	7.678876878	0.672984658	0.425438724	0.638267968
Arhgef7	11106	0.108124582	4.636635074	0.672654394	0.425549775	0.638267968
Borcs8	2784	-0.079074516	6.373094563	0.672705895	0.425532455	0.638267968
Ppp1r13b	4738	0.169719341	3.554831154	0.671836626	0.425824948	0.638595613
Clcf1	2092	-0.375756852	2.023840371	0.671551897	0.425920824	0.63865432
Smarce1	2919	0.052020034	6.806014756	0.671100208	0.42607299	0.638797405
Mir3068	79	-0.437046689	0.493692515	0.668620018	0.426910061	0.639286175
Gm46733	521	-0.434147374	1.513556073	0.669184791	0.426719219	0.639286175
Gnal	6228	0.347476552	0.61428761	0.669206227	0.426711978	0.639286175
Aldh1b1	2302	-0.131272366	3.651112123	0.668965163	0.426793417	0.639286175
Minpp1	2619	0.103689397	6.059090211	0.669851226	0.426494198	0.639286175
Golga2	4400	-0.100733826	5.71651452	0.668691128	0.426886025	0.639286175
Cpt2	2350	0.088715802	4.401320504	0.668772626	0.42685848	0.639286175
Rabgef1	3347	0.088692419	5.025504488	0.668621381	0.4269096	0.639286175
Lamtor4	877	-0.082320013	5.942380531	0.668964296	0.42679371	0.639286175
Nfxl1	3819	-0.221432753	2.597263904	0.668081653	0.427092106	0.639404209
Slc12a2	6829	0.167718694	2.681568974	0.668051002	0.427102474	0.639404209
Pikfyve	11554	-0.118819031	4.604468403	0.667453734	0.427304589	0.639522748
Wdr53	1525	0.112250938	3.76216608	0.666978004	0.427465685	0.639522748
Dtwd1	1786	0.110540374	4.034688916	0.667123659	0.427416352	0.639522748
Clk4	4358	0.092041502	6.550245072	0.667602055	0.427254383	0.639522748
Med1	8127	0.069592362	6.4972821	0.667086116	0.427429066	0.639522748
2810039B14Rik	1680	-0.224773999	2.166695418	0.666504123	0.42762625	0.63967796
Gm34079	14516	-0.50350047	0.78773375	0.665395269	0.428002339	0.639828892
Dna2	5946	0.222246114	5.105507662	0.665259623	0.428048382	0.639828892
Stk11	4418	-0.163644792	4.757250576	0.665594768	0.427934636	0.639828892
Impact	23221	-0.135865453	4.54334265	0.665971139	0.427806956	0.639828892
Gpat4	5643	0.090730443	6.050512747	0.665034008	0.428124982	0.639828892
Taf2	5092	0.060438032	6.195327769	0.665414537	0.4279958	0.639828892
Ccng1	3529	0.059115214	7.068506549	0.665170033	0.428078797	0.639828892
Srsf5	1665	0.062450555	8.738913855	0.663903229	0.428509225	0.640318138
Ghdc	2484	-0.189769235	2.611491495	0.663186991	0.42875289	0.640597218
4921524J17Rik	1595	-0.091362386	5.321081256	0.663005502	0.428814668	0.640604503
Bcl2l13	6957	0.099015489	6.094477276	0.662524453	0.428978483	0.640764198
Gm15473	2288	-0.354326844	1.139960217	0.662325077	0.429046407	0.64077244
Ss18	4597	0.075430831	7.036379513	0.662174156	0.429097835	0.64077244
1810058I24Rik	1165	-0.076684639	6.248382527	0.661799615	0.429225506	0.640878083
Swt1	3742	0.098338853	4.985918249	0.660887258	0.429536757	0.641257765
Sardh	4716	0.349549599	1.629425995	0.660315224	0.42973209	0.641322684
Zfp579	3170	-0.203169803	3.014970966	0.660092727	0.429808105	0.641322684
Amer1	8469	0.158980098	3.094671712	0.660469432	0.429679419	0.641322684
Cnot7	5087	0.069111631	5.957519565	0.660107543	0.429803043	0.641322684
Tram2	1390	0.241156057	1.661444709	0.659696124	0.429943656	0.641346419
Gm10382	1483	-0.20119369	2.89350644	0.659825815	0.429899323	0.641346419
Pip4p1	1608	-0.154853879	4.748285859	0.659546192	0.429994917	0.641346419
Mkrn2	5311	0.080050906	5.264195618	0.659110957	0.430143778	0.641483461
Mbd5	10831	-0.146468253	3.185077055	0.658918566	0.430209606	0.641496655
Bag3	2595	0.191051261	2.855654802	0.656954263	0.430882634	0.642415136
Coa5	3862	0.080316105	7.334319721	0.655874868	0.431253183	0.64288246
Zfp551	5202	-0.267504972	1.845867768	0.655427748	0.431406826	0.642941229
Ccdc14	9764	0.144748334	2.731762384	0.655437435	0.431403496	0.642941229
A330069E16Rik	892	0.298752488	0.959286273	0.651509012	0.432757167	0.644617116
Podnl1	2641	-0.145723925	4.651077001	0.651499761	0.432760363	0.644617116
G2e3	6726	-0.077918428	4.952808719	0.651511974	0.432756144	0.644617116
Tmbim4	808	-0.070974531	6.487032974	0.651811304	0.432652761	0.644617116
BC055324	3760	0.146814373	4.103598872	0.651131856	0.432887487	0.64463589
Iqcc	2811	0.095121863	4.546190848	0.651220842	0.432856733	0.64463589
Ints7	6152	0.058620445	6.992796228	0.650953246	0.432949224	0.644642556
Iffo2	7613	-0.128976702	3.534433262	0.650378009	0.433148154	0.644853466
Spaca1	1348	-0.363194767	0.87680704	0.649829572	0.433337952	0.64488574
Mapk1	5700	0.13745194	7.961607135	0.650023764	0.433270733	0.64488574
Rhot2	2867	-0.065642432	6.254843514	0.649818806	0.433341679	0.64488574
Zfp433	7096	-0.239453027	1.296770792	0.646710999	0.43441974	0.646167154
Nek3	2722	-0.179808849	2.39120602	0.646789032	0.434392619	0.646167154
Slc30a6	2274	0.113841488	4.698156469	0.646674775	0.434432331	0.646167154
Gpd2	5931	0.108197684	6.15930907	0.646895376	0.434355662	0.646167154
Myadm	3511	0.368866885	1.414996234	0.645925677	0.434692841	0.646181663
Bdp1	13918	0.108602829	4.889128282	0.645821544	0.434729074	0.646181663
Nacc1	4769	0.107023264	4.512529292	0.646315566	0.43455722	0.646181663
Fbxw5	2401	-0.066604887	6.453529479	0.646227821	0.434587736	0.646181663
Psmb1	1036	0.058715892	9.004043921	0.645872508	0.43471134	0.646181663
Gna12	1880	-0.241424726	1.461833491	0.645497142	0.434841983	0.646222828
Zfp507	7158	-0.117319371	4.665231645	0.645412152	0.434871571	0.646222828
Klhl2	5831	0.168403474	3.107810558	0.644542288	0.435174594	0.646571977
D230025D16Rik	3062	-0.110243074	4.223378953	0.64374933	0.435451122	0.646571977
Maip1	3602	0.078690796	4.858898428	0.644010987	0.435359843	0.646571977
Ilf3	6650	0.0764069	7.222258469	0.643750781	0.435450616	0.646571977
Wrnip1	2642	0.073397865	6.792231459	0.644082886	0.435334767	0.646571977
Parvg	3043	0.056163413	8.001800819	0.64404459	0.435348123	0.646571977
Coa8	2258	-0.084446824	5.545592911	0.643439072	0.435559395	0.646647457
Scaf8	4873	-0.091799708	5.682351704	0.643074778	0.43568658	0.646750992
Tarsl2	3230	0.252521801	2.789872514	0.642741512	0.435802986	0.646799661
Ankrd54	2021	-0.093760538	5.778711703	0.642651966	0.435834271	0.646799661
Fam241a	1603	0.251081506	2.779954989	0.641858429	0.436111676	0.646955495
Efcab11	2069	-0.215720944	2.255475935	0.641979602	0.436069298	0.646955495
Ell	3085	-0.077821158	5.080436917	0.641858455	0.436111668	0.646955495
Anks1	14194	0.150606096	3.707564315	0.641591193	0.436205161	0.64700892
Cx3cr1	3753	-0.361641555	1.213167566	0.641208178	0.436339203	0.647121816
Ppox	2149	0.090028682	5.479044779	0.64104527	0.436396236	0.647121816
Zfp248	4054	0.257374914	2.184987649	0.640651788	0.43653404	0.647240909
Tnp2	550	0.20762468	2.420608519	0.63925512	0.437023742	0.647285
Mospd2	4258	-0.168151964	2.934061568	0.639304161	0.437006532	0.647285
Cenpu	3607	0.166626197	2.959703412	0.639568815	0.436913677	0.647285
Polk	5167	0.149660707	3.662096333	0.639936257	0.43678481	0.647285
Tcf20	13579	-0.109130284	4.834543303	0.639891105	0.436800642	0.647285
Brd1	10014	-0.082230701	5.410636398	0.639452884	0.436954348	0.647285
Rtn3	5219	0.068544698	7.754499206	0.639425962	0.436963794	0.647285
Sri	3149	-0.060430353	9.386818717	0.639519787	0.436930876	0.647285
Hddc3	3088	0.210814602	1.957301534	0.63848425	0.437294405	0.647430354
Fsd2	2976	-0.178346831	2.522904576	0.638598552	0.437254255	0.647430354
Dennd1a	5948	-0.097125016	4.716223601	0.638676069	0.437227029	0.647430354
3000002C10Rik	1279	0.255088631	1.342669486	0.638317973	0.437352822	0.647431699
Sp3os	1147	-0.174859392	3.219848649	0.63803813	0.437451167	0.647492143
Gm46272	2758	-0.35395294	0.665263254	0.637567859	0.437616514	0.647651731
Mir6516	110	0.206927259	2.446829037	0.637128608	0.437771045	0.647760961
Tfip11	3549	-0.082500423	5.311140007	0.637030999	0.437805397	0.647760961
Arglu1	3262	0.226305564	2.051512908	0.636193661	0.438100259	0.647920424
Neurl4	6595	0.149570913	3.901140459	0.636461981	0.438005737	0.647920424
Lin52	3121	-0.101383406	4.191776994	0.636095309	0.438134914	0.647920424
Dhrs7b	5604	0.086286564	4.944512163	0.63607128	0.438143381	0.647920424
Tatdn1	10044	-0.107473345	3.828277579	0.635565968	0.438321507	0.648098703
Noct	3112	-0.218620001	3.158554576	0.634364975	0.438745333	0.648600443
Bmi1	7261	-0.114390542	4.489671481	0.634277953	0.438776068	0.648600443
Cc2d1a	3569	-0.100289765	5.448838866	0.633788273	0.438949084	0.648771011
4930432K21Rik	3172	-0.455149725	0.534971172	0.633153371	0.439173575	0.649017604
Ubp1	5511	0.131550801	4.342197751	0.632157231	0.439526167	0.649368188
Keap1	4470	-0.063692163	6.98298207	0.632277857	0.439483446	0.649368188
9130019O22Rik	3878	0.224893762	2.767790433	0.631741763	0.439673361	0.649500419
Tmed2	2884	0.152384326	6.822834725	0.631540967	0.439744528	0.649520323
Tdrd7	9131	-0.303746029	1.730201555	0.630389455	0.440153015	0.65003839
Khnyn	6147	0.141458553	5.477263582	0.630200416	0.440220133	0.650052238
Usf3	12869	0.142149055	4.125064018	0.62943049	0.440493667	0.650370846
Dock6	8542	-0.174400093	2.622549041	0.628845762	0.440701588	0.65059251
Ppp1r16b	6569	-0.06746012	7.999607645	0.628575974	0.440797575	0.650648892
Plekhf2	2920	0.124249508	5.244114174	0.627803465	0.44107261	0.650932865
Zfp871	11116	-0.081450769	4.586970339	0.627564933	0.44115759	0.650932865
Cox4i1	764	0.057283838	9.408268865	0.627548578	0.441163418	0.650932865
Chrm3	4587	-0.437094858	1.011035703	0.62733776	0.441238548	0.650958403
Kctd1	14303	-0.325247082	0.907904498	0.626943901	0.441378966	0.650964748
Gm4668	943	0.323000546	0.926229745	0.626839171	0.441416316	0.650964748
Prkab2	5249	0.189802022	2.607871365	0.627074209	0.441332501	0.650964748
Zfp606	10491	0.111871503	3.534225347	0.624779739	0.442151822	0.651878629
Kdsr	11264	0.078585261	4.854744182	0.624815596	0.442138999	0.651878629
Hmces	1867	-0.081147015	6.194904311	0.624598822	0.44221653	0.65188866
Camta1	31109	-0.109975784	3.572972025	0.623922694	0.442458494	0.652159953
Chek1	4133	0.138314741	4.723674642	0.623100029	0.442753188	0.65242348
Hint3	10977	-0.084458539	5.15460842	0.6231769	0.442725638	0.65242348
Zcchc7	3010	-0.080790573	6.014057209	0.622847229	0.44284381	0.652471615
2310009B15Rik	571	-0.137168008	3.497985064	0.622514175	0.442963246	0.652562186
Mgat4b	2429	-0.367398456	0.365614743	0.622004629	0.443146076	0.652660718
Mmab	3033	-0.092051612	4.272911028	0.622154992	0.443092112	0.652660718
Kifap3	4201	-0.144451694	2.916308693	0.621655829	0.4432713	0.65275975
Lmnb1	2843	-0.226325988	6.860693563	0.6213143	0.443393969	0.652854996
Iqcb1	12070	0.171985409	3.140169583	0.621032273	0.443495308	0.652918814
Trbv17	344	-0.225325402	3.17307814	0.620511322	0.443682596	0.653041228
Dhx34	5632	-0.097366322	5.218713111	0.620036667	0.443853353	0.653041228
Ldb1	6857	-0.080972617	5.826242897	0.620282853	0.443764775	0.653041228
Cdt1	2191	0.079020151	5.844118086	0.6199946	0.443868492	0.653041228
Eefsec	2808	0.062082388	6.193056867	0.620234436	0.443782193	0.653041228
Napepld	4149	-0.220240633	1.374166485	0.619444333	0.444066595	0.653247318
Ddx42	4542	-0.065624709	6.982403222	0.619082121	0.444197074	0.653353889
Edrf1	5466	0.088297294	4.750497491	0.618579759	0.444378143	0.653534832
LOC118567567	1025	-0.713078007	0.024817597	0.618193367	0.444517494	0.653654382
Golim4	4551	-0.119835866	4.116148854	0.617722807	0.444687296	0.653818674
4833417C18Rik	1319	0.23912215	0.827175958	0.617511029	0.444763751	0.653845692
Gm31504	791	-0.314819554	1.426443327	0.616874765	0.44499358	0.653927389
Map2k6	13337	-0.158272289	3.367353714	0.617020798	0.444940814	0.653927389
Ldhb	1304	-0.071643475	5.564402565	0.617017572	0.444941979	0.653927389
Stk3	11279	-0.133707331	3.489471551	0.615298522	0.44556378	0.654594419
Polr3a	4709	0.103698953	4.801751158	0.615418127	0.445520471	0.654594419
Birc6	17036	-0.067197611	6.832467847	0.614860747	0.445722354	0.654741945
Naglu	2539	-0.100914711	4.849988826	0.614118791	0.445991322	0.655051573
Gm42372	5064	-0.200156534	2.656353099	0.613901699	0.446070071	0.655081771
Tfpt	1166	0.099822273	4.15810263	0.613595612	0.44618114	0.655090563
Ap2s1	798	-0.063150598	7.429934239	0.613564492	0.446192435	0.655090563
Map10	3548	-0.434433781	0.297918554	0.612202916	0.446687077	0.655304028
Taf4b	6893	0.239343356	2.4702825	0.612740028	0.446491845	0.655304028
Prodh	2580	-0.201683414	2.005961274	0.612327733	0.446641695	0.655304028
Fig4	3263	-0.0666813	5.687372485	0.612301081	0.446651385	0.655304028
Mrpl4	8452	0.063915955	7.201336219	0.612211402	0.446683991	0.655304028
Rnf4	3257	0.049586636	7.28359714	0.612392223	0.446618251	0.655304028
Apbb3	2258	-0.120840858	4.38407181	0.611806659	0.4468312	0.655344665
Sqle	2748	-0.114179671	5.993279887	0.611846052	0.446816869	0.655344665
Gpbp1	8094	-0.053574046	7.211527317	0.610865006	0.447173994	0.655761994
Tyrobp	575	-0.310089668	1.163969116	0.608640416	0.447985531	0.656866516
Paip2b	3325	0.070569447	4.982038862	0.608470263	0.448047703	0.656872124
Sirt5	3580	-0.143120903	3.911418115	0.60811328	0.448178186	0.656931609
Mtln	806	0.114092334	4.208081744	0.60803999	0.448204982	0.656931609
Usp42	6316	0.08734585	4.747214166	0.606881382	0.448628941	0.657381832
Ddx41	2245	0.066248364	6.486597407	0.606953625	0.448602486	0.657381832
Gm7240	4704	0.212708975	1.758834484	0.606668667	0.448706849	0.657410425
Perm1	4387	0.264302723	1.359040597	0.605842488	0.449009652	0.657631253
Kremen1	5833	-0.145990504	4.236676303	0.605534009	0.449122799	0.657631253
Cacul1	9289	0.126648759	4.92528367	0.605460836	0.449149645	0.657631253
Snrnp27	836	0.073521215	5.836234198	0.605886095	0.448993661	0.657631253
Psen1	2690	-0.067916515	7.203594205	0.605648458	0.449080815	0.657631253
Morn2	1961	0.304342874	1.422024631	0.604218354	0.449605892	0.658039127
Slain2	4873	-0.178621858	5.254529048	0.604374602	0.449548475	0.658039127
Zfp870	5665	0.13567365	3.219970767	0.604271912	0.44958621	0.658039127
Pex3	2405	0.077558304	5.088574314	0.604065649	0.449662019	0.658039127
Arhgdia	2130	0.062781224	9.925745625	0.603776243	0.449768421	0.658109291
LOC118568021	4457	0.439043591	2.089996696	0.603124916	0.450008038	0.658374334
Vwa8	7826	-0.152263333	4.559360024	0.602613564	0.450196307	0.658564193
Kif22	2203	-0.207139612	7.03968347	0.601451292	0.450624711	0.659105236
Dcaf4	8404	0.089809178	4.734179973	0.60127985	0.45068796	0.659112114
Gm33363	1756	-0.162687355	2.801720579	0.600752256	0.450882693	0.659140028
Lasp1	3949	-0.062547265	8.247675274	0.600818769	0.450858136	0.659140028
Mydgf	913	0.062468934	5.04954868	0.600766321	0.4508775	0.659140028
Phf6	4420	0.057101696	6.50658843	0.600561101	0.450953282	0.659157627
Chmp6	2066	0.063910404	6.173601351	0.600378277	0.451020811	0.65917075
Edaradd	8185	0.39479599	0.407607598	0.60013114	0.451112122	0.659218622
H2-Q9	1538	-0.127774393	4.347368516	0.599741049	0.451256313	0.659343746
Ube2f	2461	-0.071528068	6.026038177	0.59935677	0.451398429	0.659465807
Mrpl33	466	-0.066130391	7.298644982	0.598823822	0.451595649	0.659668329
Slc35a5	4470	-0.151798252	3.855328788	0.598539343	0.451700979	0.659736588
Sntb2	4473	0.193697446	3.877718534	0.596841529	0.452330451	0.660313306
Tmem189	1700	-0.139559208	4.695128435	0.597230654	0.452186054	0.660313306
Wdr70	3825	0.073469128	5.467993624	0.596914683	0.452303299	0.660313306
Aftph	4179	-0.057843277	6.27701777	0.596862663	0.452322606	0.660313306
Pros1	3337	-0.328006549	0.683732949	0.596641792	0.452404599	0.660335923
Strbp	56612	0.154194503	4.846830946	0.595959853	0.452657906	0.660620003
Gm10509	2954	-0.115336664	3.730938511	0.595737243	0.452740645	0.660655111
AU041133	4853	-0.132378583	3.230718539	0.595277936	0.452911438	0.660791567
Med12	8447	-0.061079971	6.421233996	0.595170113	0.452951547	0.660791567
LOC118568581	20776	0.34370679	2.04326806	0.593718492	0.45349211	0.661302593
Trip6	2050	0.197238894	2.293128997	0.593283548	0.453654284	0.661302593
Mfsd3	2169	0.12891593	3.35944152	0.593865818	0.453437199	0.661302593
Pan3	10097	-0.113670871	5.35253208	0.5939018	0.45342379	0.661302593
Vps72	1436	0.071885221	5.844566216	0.593497999	0.453574311	0.661302593
Gmeb1	16035	-0.069395762	4.466120842	0.593417959	0.453604156	0.661302593
Serf1	589	0.205739974	2.049694417	0.592675544	0.453881145	0.661547635
Gm38641	3415	-0.314592926	1.549153654	0.592487582	0.453951317	0.661564262
Tec	3003	0.229593313	2.2326251	0.591601599	0.454282319	0.661960957
Rab5b	4428	-0.065905479	5.590299545	0.590513624	0.454689332	0.662468292
Gm12191	524	0.247785482	1.710193855	0.589875911	0.454928181	0.66273052
Mul1	5789	0.104966674	4.565402679	0.589537509	0.45505501	0.662829512
Kcnk5	4348	-0.209343338	4.148807736	0.589098321	0.4552197	0.66298362
Zscan2	16479	-0.212515895	2.104739765	0.588134449	0.455581485	0.663388654
Sgcb	3733	-0.119476562	3.902748294	0.588043473	0.455615658	0.663388654
Mtr	9784	0.173847268	4.940381321	0.587572636	0.455792579	0.663487997
D3Ertd751e	5585	0.133744557	3.325484343	0.587548223	0.455801756	0.663487997
Zfp938	2308	-0.097933888	4.168751823	0.586383829	0.456239792	0.664001194
Aurkaip1	1347	0.058051514	7.150585338	0.586297564	0.456272272	0.664001194
Mosmo	4860	0.301298725	1.390825697	0.585317506	0.456641546	0.66436683
Ddx50	4966	0.055065834	6.385568728	0.585388687	0.45661471	0.66436683
Kdm1b	5380	0.091083147	5.215735297	0.584975	0.456770715	0.664468886
Tbc1d22b	3600	-0.078624234	5.466479155	0.583850015	0.457195407	0.665000761
Rfc1	7701	0.06283498	6.494361867	0.583377377	0.457374027	0.665174628
Xpc	3634	-0.110703009	4.337132908	0.582434355	0.457730761	0.665607454
Slc20a1	7512	-0.062878065	6.19234154	0.581855494	0.457949967	0.665840207
Mcm10	4121	0.272474071	5.729872312	0.581676707	0.458017705	0.665852702
Micu2	2363	-0.098562047	6.65074223	0.58140606	0.45812028	0.665915831
Elk4	5396	-0.136368074	4.973510862	0.581166799	0.458210991	0.665961702
Gm34755	2643	0.275799473	2.348113224	0.580523709	0.458454954	0.666230267
H3c8	492	-0.296150122	1.104296974	0.579935817	0.458678166	0.666468611
Hadh	1789	-0.066151364	6.280570375	0.579540282	0.458828445	0.666600934
Tmem254a	2375	-0.053075946	7.45095502	0.579074721	0.459005435	0.666772025
Gm51714	13728	0.204843671	2.069547231	0.578038539	0.459399762	0.667258744
Rilpl1	2603	0.298898457	0.721653682	0.577631428	0.459554846	0.667397891
Cyb5r1	2422	0.083096364	4.88444891	0.577348341	0.459662735	0.66740771
Spint2	2213	-0.069636781	7.087525961	0.577302599	0.459680172	0.66740771
Sfn	1613	0.14797673	2.52357392	0.576914192	0.459828279	0.667536656
Itgb1bp2	15081	0.308641196	0.834036653	0.57641071	0.460020385	0.667643353
Cep70	17700	-0.089358286	3.980126164	0.576554926	0.459965345	0.667643353
Acat2	2076	0.098957975	5.603860841	0.575289238	0.460448767	0.668178941
Trav6-1	338	-0.464195961	0.926269876	0.575058098	0.460537141	0.668221051
Mdk	1406	0.322426119	1.555890056	0.57356381	0.461109149	0.668756888
Urm1	2143	-0.120248903	4.215176113	0.573621433	0.46108707	0.668756888
Rrp36	2585	0.066583704	5.591839004	0.573859946	0.460995696	0.668756888
Mapkap1	4004	-0.062337529	6.346700813	0.573472735	0.461144051	0.668756888
Tmem14c	1047	0.062255845	7.78301868	0.573304812	0.461208414	0.668764081
Pcdhgc3	4687	-0.231927599	1.224137582	0.572875627	0.461372982	0.668764692
Zfyve16	5451	-0.148621528	3.649879898	0.573147802	0.461268607	0.668764692
Ppp2r3c	2898	0.081011253	4.831958969	0.572838962	0.461387046	0.668764692
Chkb	1922	-0.171405205	2.549516296	0.572559279	0.461494347	0.668834109
Lpin3	3696	0.264170187	1.547982215	0.57198827	0.461713545	0.668992226
Pla2g6	5299	0.116332631	4.188198105	0.571965487	0.461722295	0.668992226
Atp6v0a1	5813	0.151151845	3.242470877	0.571437501	0.461925139	0.669200002
Zfp273	2321	-0.21280387	1.892419582	0.570993968	0.462095653	0.669360893
9230114K14Rik	2118	-0.223537284	1.54944014	0.569563285	0.462646387	0.670072434
Gm51915	14146	0.376572266	1.375954442	0.568596447	0.463019188	0.670439874
Opa3	2260	-0.090153856	5.461616387	0.568642856	0.463001282	0.670439874
Rnf169	30338	-0.147124489	3.669458711	0.568401735	0.463094328	0.670462441
Glud1	3158	-0.129971949	6.441929761	0.5678323	0.46331419	0.670694503
Acin1	6501	0.057574129	6.88563616	0.567601324	0.463403421	0.670737428
Ctnnal1	3889	0.309125006	1.616106467	0.566555841	0.463807673	0.670919597
Pdzd9	5750	-0.233048468	0.935493519	0.56618125	0.463952658	0.670919597
Enc1	6971	0.20219948	1.791122971	0.566043384	0.464006039	0.670919597
Srp54a	4284	0.189624336	2.031345051	0.566759391	0.463728921	0.670919597
Slc25a30	4230	0.183416951	2.236068909	0.566049059	0.464003841	0.670919597
2310010J17Rik	538	-0.13019456	3.276349995	0.566258529	0.463922741	0.670919597
Irak1	3955	0.102993466	6.402129152	0.566817921	0.46370628	0.670919597
Cops3	5025	0.064820341	6.801434523	0.566542931	0.463812669	0.670919597
Ube2o	5261	-0.150838693	2.869768111	0.565831804	0.46408798	0.670951904
Tmem216	1861	0.178107048	2.82299111	0.565065851	0.464384823	0.671208671
Nucks1	6096	0.081985186	7.709077242	0.565183795	0.464339093	0.671208671
Fbxo5	2525	0.123337078	6.48349604	0.564453871	0.464622223	0.671465595
Acot9	1848	-0.063581922	6.625552451	0.564103583	0.464758199	0.671575895
Peak1	11315	-0.17230223	3.468270348	0.563807545	0.464873168	0.671655816
Llph-ps2	728	0.257520254	1.074801698	0.562993555	0.465189534	0.671940437
Ascc2	5013	0.077306198	6.258707726	0.563018617	0.465179788	0.671940437
Flii	4060	-0.072506483	7.770919476	0.561336131	0.465834827	0.672613631
Zfp445	8754	-0.070472669	5.738073905	0.561562016	0.465746794	0.672613631
Ubap1	8176	-0.058728372	5.904983529	0.561446469	0.465791822	0.672613631
Zfp948	4781	0.160066555	2.918189716	0.561091316	0.46593027	0.672665167
Pfkfb1	3089	-0.233165442	2.114637916	0.560156818	0.466294891	0.673060135
Bsn	19166	0.20525803	1.821666731	0.559777605	0.466442989	0.673060135
Dnaaf5	3641	0.111227552	3.718284389	0.559834332	0.46642083	0.673060135
Hmgn2	1254	0.087198324	8.912104095	0.559833332	0.466421221	0.673060135
Mob4	2826	-0.080035638	6.195338821	0.559419034	0.466583098	0.673176025
Gm26520	1514	-0.236725028	1.859294139	0.558623423	0.46689423	0.673193551
Arrdc3	5450	-0.148638964	3.421130258	0.559165878	0.46668206	0.673193551
Cd55	12210	-0.120076391	6.006714874	0.558784681	0.46683114	0.673193551
Rfx7	8176	0.088004747	5.442376356	0.558687005	0.466869353	0.673193551
Fkbp8	3251	-0.050284289	7.805133316	0.559050366	0.466727226	0.673193551
Wfs1	3564	0.241617908	1.857911587	0.558366938	0.466994606	0.673194908
Gm17251	5660	-0.203273166	2.136194858	0.558315436	0.467014766	0.673194908
Zfp759	4422	-0.270048762	1.505980062	0.558161284	0.467075115	0.673195704
Slc15a4	8202	0.118348346	4.323638888	0.557878848	0.46718572	0.673268925
Upf3b	8363	0.091264528	5.093090353	0.557557118	0.467311768	0.673356414
Pias4	1673	0.066722892	5.469413114	0.557418604	0.467366053	0.673356414
LOC118568324	21189	0.516221441	0.327651624	0.556453938	0.467744407	0.673815295
Fuom	5058	-0.180671731	2.506776219	0.556259148	0.467820869	0.673839219
Ccdc88b	4986	0.067936277	6.894804824	0.556097854	0.467884198	0.673844224
Clta	1878	-0.050391517	7.290715759	0.55570398	0.468038907	0.673980815
Zfp101	3397	0.163432108	3.134632979	0.55519917	0.468237315	0.674094079
Mlh3	5771	-0.116728345	4.21863619	0.555348583	0.468178576	0.674094079
Pgm2l1	8759	-0.256644799	2.184792981	0.554645011	0.468455284	0.674235436
Pgm3	5358	0.129150131	4.051893408	0.55474435	0.468416198	0.674235436
Tssk6	1335	0.272948911	1.014564946	0.554326158	0.468580776	0.674243658
Zkscan7	5018	-0.179479213	2.799524048	0.554437831	0.468536818	0.674243658
Sdr39u1	2374	0.118445701	3.842170103	0.55380732	0.468785099	0.674451456
Dnaaf4	5093	0.232282587	2.021773335	0.552235951	0.469404836	0.675072797
Slc33a1	3122	-0.135762998	4.087645851	0.552104291	0.469456824	0.675072797
Hmgcl	3070	-0.065639697	6.253255526	0.552381506	0.469347372	0.675072797
Cdkn2aipnl	1864	-0.062062381	7.127735256	0.552237828	0.469404094	0.675072797
Zfp647	3875	0.30228864	1.138225257	0.551638797	0.469640712	0.675078541
Mtm1	4070	0.174292875	2.352620449	0.551754504	0.469594992	0.675078541
Pomt1	3361	0.086994765	4.175967019	0.55171323	0.4696113	0.675078541
Rmnd1	2579	0.107051663	4.878700038	0.55126647	0.469787882	0.675203878
Mzt2	1057	0.09711416	4.100373181	0.550549291	0.470071583	0.675525387
Atad3aos	1162	0.372791757	1.056852956	0.549718909	0.470400427	0.675566782
Mbd6	5184	0.135208502	4.214317686	0.549983945	0.470295426	0.675566782
Baz1a	6286	0.115156893	6.112256624	0.550054129	0.470267628	0.675566782
Slc66a1	7292	0.097120583	4.144066928	0.549827678	0.47035733	0.675566782
9530068E07Rik	2467	0.061638548	6.884179796	0.549873611	0.470339133	0.675566782
Mib2	4218	-0.144860812	4.457065961	0.549136539	0.470631286	0.67581212
Atp6v0b	1505	0.067357749	5.827920287	0.548219288	0.470995286	0.67607611
Rgs19	2687	0.060100284	7.512167999	0.548253842	0.470981565	0.67607611
Hmgb1	3193	0.04863619	9.488880816	0.548314255	0.470957577	0.67607611
Prdx5	1271	-0.081315684	6.736214248	0.548055725	0.471060244	0.67608315
Apc	13474	-0.096285697	4.921903853	0.547243604	0.471382997	0.676373921
Snrnp25	833	0.074438234	6.355841502	0.547244709	0.471382558	0.676373921
Zfp472	2337	0.092500188	4.663907145	0.546712557	0.471594249	0.676590806
Nsg1	2775	-0.280460426	-0.01446791	0.546468416	0.471691422	0.676601379
Usp48	11105	0.101989552	5.530314062	0.546241131	0.471781918	0.676601379
Abl1	8753	0.066231844	5.614522984	0.546264665	0.471772546	0.676601379
Txndc12	1275	-0.092697881	4.99528868	0.545287034	0.472162119	0.677060391
Lgals9	1586	0.059979185	8.908818134	0.544797039	0.47235758	0.677254412
Ankrd29	4371	-0.261785207	1.186091269	0.543789301	0.472760005	0.677745082
Foxm1	4365	-0.186800941	5.414343267	0.543111212	0.473031116	0.677807629
Als2	7038	-0.175256091	5.450877578	0.543077853	0.473044461	0.677807629
Sfi1	10248	-0.156129649	3.65778999	0.543459832	0.472891699	0.677807629
Stambp	3086	0.066166417	5.464118988	0.543229666	0.472983737	0.677807629
Sik3	6306	-0.154572729	3.885616262	0.54262962	0.473223825	0.677978344
Cd5	2157	0.063274407	8.180279191	0.542018872	0.473468408	0.67824244
Gm46436	8872	0.387536748	0.909281614	0.541540071	0.473660301	0.678288511
Zfp326	4478	-0.108676591	4.43438971	0.541487652	0.473681317	0.678288511
Hsd17b12	1839	0.05817521	6.608506426	0.54167329	0.473606897	0.678288511
H2ac24	452	-0.238341452	1.295274999	0.54110167	0.473836118	0.678423887
E030030I06Rik	3977	0.355309078	1.151028658	0.540200007	0.474198073	0.678544341
Serf2	3186	-0.071369876	7.479158179	0.540141416	0.474221609	0.678544341
Mink1	6594	0.066773093	5.233697709	0.540701668	0.473996633	0.678544341
Stx4a	4782	-0.06308638	6.008476251	0.540238427	0.47418264	0.678544341
Ddx52	4561	-0.061335108	6.386385379	0.540235125	0.474183967	0.678544341
Csnk2a1	15059	-0.052727649	6.71622101	0.539669443	0.474411277	0.678729464
Syce2	1373	0.19220355	4.108054548	0.539203891	0.47459849	0.67891103
Rin3	6802	0.06097864	6.711839678	0.53898611	0.474686111	0.6789501
Rab40c	2466	-0.138592812	3.515712411	0.538540225	0.47486559	0.67912053
Mcm6	4431	0.110173659	9.225387999	0.538383554	0.474928681	0.679124488
Ppp1r16a	2831	-0.079237975	4.990940838	0.538167706	0.475015626	0.67916255
Atl2	11267	-0.077169249	5.008614199	0.537805707	0.475161503	0.679284851
Glrx5	1002	0.180963171	5.595410654	0.536789583	0.475571384	0.67978449
Ncbp3	7680	-0.069415932	5.825813087	0.536617067	0.475641033	0.679797734
Ehbp1	24148	0.363506997	0.401050777	0.535878074	0.475939579	0.680138078
Rundc1	3223	-0.083665384	5.145368968	0.535426419	0.476122201	0.680312696
Gm39323	6955	-0.136681635	4.624829658	0.534517175	0.476490206	0.680692392
Upf2	8692	0.083649588	4.694984864	0.53447112	0.476508859	0.680692392
Ahctf1	8831	0.095221128	5.388152299	0.534268254	0.476591039	0.68072341
Oxnad1	2628	0.116301785	3.783574484	0.533973322	0.476710556	0.680807743
Pot1b	6954	-0.126991733	3.267206224	0.533325546	0.476973239	0.68109649
Zfp512b	5854	-0.089796441	5.004553986	0.532795457	0.477188383	0.681317288
Cox14	723	-0.077013967	7.138339325	0.532644345	0.477249744	0.681318491
Tmem243	988	0.214451914	2.610884102	0.532454931	0.477326677	0.681341921
H6pd	7965	0.161273961	3.29482239	0.532067657	0.47748404	0.681480137
Tab1	3025	-0.085684408	5.196558703	0.531788984	0.477597329	0.681527152
Tmem123	3076	-0.070988558	7.030229293	0.531539989	0.477698593	0.681527152
Fundc1	3491	0.067356566	6.282909518	0.531660783	0.477649463	0.681527152
Pafah1b3	1274	-0.106372887	4.169263115	0.530561267	0.478096983	0.682009103
Cyp4f16	2309	0.277415856	1.123958518	0.529697199	0.478449177	0.682425039
Pias2	8802	0.12726991	5.086821068	0.528571703	0.478908594	0.682834312
Slc22a5	3205	0.1075647	3.785941171	0.528335462	0.479005122	0.682834312
Atp9b	5591	0.059115727	6.993418855	0.528823625	0.478805697	0.682834312
Abhd17a	4616	-0.057556669	7.488338964	0.528491734	0.478941266	0.682834312
Pcyt2	2499	0.056814172	6.868190683	0.528251627	0.479039385	0.682834312
Tmem106c	7395	-0.070739684	4.724488983	0.528025006	0.479132024	0.6828799
Myo9a	12309	-0.11188257	3.791291989	0.527381261	0.479395346	0.683168709
Pdcd10	1923	-0.059081626	7.019445007	0.526265476	0.479852342	0.683733409
Tnfrsf10b	3179	0.163508325	2.350810064	0.525715279	0.480077964	0.683968326
Mapre1	10389	0.046654349	8.263274188	0.525537012	0.480151105	0.683985973
Zc3h3	3593	0.119232043	3.181545878	0.524861298	0.48042852	0.68429457
Paox	9323	-0.100877466	3.812032955	0.524186922	0.48070566	0.684602697
Dnajb2	3515	0.203482093	2.76405871	0.524024494	0.480772452	0.684611215
Trav15-2-dv6-2	349	-0.314980865	0.453548206	0.522778774	0.481285236	0.684768788
Dock5	10394	0.212725447	1.610826953	0.522721381	0.481308884	0.684768788
Ank	3498	-0.199597668	1.957200123	0.52316193	0.481127415	0.684768788
Sav1	3663	0.174856373	2.21287025	0.522957033	0.481211801	0.684768788
Gch1	2775	0.123695135	4.105224035	0.523404184	0.481027677	0.684768788
Borcs7	2176	0.094292245	4.45090808	0.523290577	0.481074445	0.684768788
Tmem222	1627	0.06149269	6.134826118	0.52274409	0.481299527	0.684768788
Sirt3	1601	-0.186021937	2.907972851	0.522383409	0.48144818	0.684880415
H2-Q7	1536	-0.228241601	4.414810981	0.521803049	0.481687538	0.68513434
Socs2	13085	0.36193824	0.481803261	0.521149173	0.481957461	0.685194941
Wdr86	10207	-0.291651148	0.588526276	0.521110108	0.481973596	0.685194941
E430024I08Rik	9942	-0.119826241	3.801096657	0.521450532	0.481833026	0.685194941
Ralgapa1	10465	-0.082794111	5.127248178	0.52124733	0.481916925	0.685194941
Sec63	6032	-0.097544778	5.215206122	0.520537792	0.482210078	0.68527153
Ddx54	3979	0.069807091	7.560390657	0.520577025	0.482193861	0.68527153
Psmd8	1513	-0.057318578	8.237412586	0.520688444	0.48214781	0.68527153
Zfp692	2711	0.101057976	4.915286333	0.520321476	0.482299513	0.685312119
Ell3	1674	0.313354392	0.916561819	0.519334878	0.482707779	0.685373209
LOC115486538	12403	-0.188392727	2.427822806	0.519758689	0.482532328	0.685373209
Cutc	1308	-0.130631212	3.735244002	0.51982079	0.482506628	0.685373209
Cyb5d1	4281	0.090485896	4.345521995	0.519782502	0.482522473	0.685373209
Esco1	6129	-0.065709176	6.783034373	0.519535097	0.482624877	0.685373209
Exoc4	6213	-0.063357692	5.675779254	0.519379017	0.482689501	0.685373209
Trav4-3	328	-0.24210697	1.303468821	0.519075615	0.482815163	0.685439232
Rad51	2144	0.169242239	6.511827252	0.517724043	0.483375642	0.686005223
Nubp1	2210	-0.085697696	5.651730506	0.517673448	0.483396646	0.686005223
Cap1	2787	-0.070796443	8.577019595	0.517818501	0.483336436	0.686005223
E130309D02Rik	2424	0.119802679	5.060061701	0.517347636	0.483531933	0.686110727
Morc3	4278	-0.06562463	6.287957865	0.515603472	0.484257282	0.687053368
Ube2d2a	3037	-0.049512414	6.762949429	0.515361139	0.48435821	0.687109971
Spry1	2493	0.210587229	3.001862242	0.514860422	0.484566866	0.687319363
Mipol1	1454	0.260478802	1.072679857	0.514489488	0.484721541	0.687364203
Herc4	4734	0.081675668	5.866844984	0.514345401	0.484781646	0.687364203
Limd1	6131	0.050015012	6.447338822	0.514353361	0.484778325	0.687364203
Trav4-4-dv10	331	-0.278150089	1.116003479	0.513099505	0.485301904	0.687715992
5330438D12Rik	1369	-0.256017999	1.353168334	0.512656736	0.485487027	0.687715992
Zfp202	6717	-0.233068642	1.289834613	0.513370476	0.48518867	0.687715992
Blm	6040	0.146324092	5.099608882	0.512263588	0.485651506	0.687715992
Luzp1	10616	0.14274511	3.293868808	0.511997704	0.485762797	0.687715992
Akirin2	1741	0.134237154	3.27095179	0.513378678	0.485185243	0.687715992
Zfp398	9818	0.123499629	4.465933936	0.512821856	0.485417976	0.687715992
Adprh	1583	0.090532821	7.693965268	0.512192003	0.485681465	0.687715992
Tfb2m	2856	0.077026857	4.461349327	0.512268637	0.485649393	0.687715992
Mdh1	1958	-0.058200354	8.413430635	0.512233297	0.485664183	0.687715992
Terf2ip	3599	-0.057668395	5.394603514	0.512138813	0.485703727	0.687715992
Kctd10	3098	-0.051226517	6.384470536	0.513272072	0.485229786	0.687715992
Tpk1	9610	0.154567452	2.90673312	0.511818124	0.485837989	0.687735958
Ckap2l	3274	0.156799497	6.544416438	0.511070943	0.486151057	0.688092607
Taok2	9103	0.074755775	6.029345064	0.51086797	0.486236162	0.688126551
Stat6	3805	0.058476958	8.069315683	0.510543331	0.486372336	0.68823275
Flywch2	918	-0.378683178	0.752082348	0.509974121	0.486611258	0.688397781
Stard10	1948	-0.148283126	3.501962246	0.510117862	0.486550904	0.688397781
Vat1	2732	-0.266510728	1.014856169	0.509643797	0.486750002	0.688447424
Plscr3	5636	-0.15082135	2.582222321	0.509466704	0.486824414	0.688447424
Alg5	3321	-0.076191931	6.125636492	0.509453876	0.486829805	0.688447424
Ddhd2	7730	-0.083912219	4.705971703	0.50911234	0.486973372	0.688563956
8430429K09Rik	2583	-0.175148961	2.024070857	0.508929903	0.48705009	0.688585949
Gm36715	7890	-0.293800252	0.866730617	0.508324202	0.487304951	0.688600369
Ccdc62	4622	0.192321714	1.738185938	0.50872329	0.487137001	0.688600369
Ncoa3	7752	-0.0773673	7.317113858	0.508415052	0.487266709	0.688600369
Usp33	4628	-0.076359029	5.946921025	0.508537832	0.487215035	0.688600369
Proser3	2584	-0.200947384	1.843655615	0.508001515	0.487440822	0.688705921
Rabl2	2000	0.270620122	1.548154736	0.505381407	0.488546494	0.689364597
4933404O12Rik	3970	0.209560856	3.760996041	0.505771564	0.488381574	0.689364597
Klf16	2652	-0.168419128	2.797948624	0.506579775	0.488040249	0.689364597
Tube1	11886	-0.16798292	3.893614995	0.506049598	0.488264107	0.689364597
Maco1	10118	-0.10119267	3.762252438	0.505300808	0.488580576	0.689364597
Clptm1l	2378	0.09450038	5.604398644	0.505537338	0.48848057	0.689364597
Ndst1	13045	-0.0834846	5.477397206	0.506397899	0.488117023	0.689364597
Arfgap1	3619	-0.066445774	6.30783188	0.506475041	0.488084457	0.689364597
Rap1gds1	4063	0.060666834	6.953193451	0.506231067	0.488187465	0.689364597
Cndp2	3505	-0.059286413	7.239468051	0.505545428	0.48847715	0.689364597
Pdhb	1622	0.046053955	7.412278328	0.505851425	0.488347828	0.689364597
Gm15738	2588	0.421223832	1.041609038	0.504409816	0.48895761	0.689577211
Zfp438	3539	-0.189434352	2.031375219	0.503778312	0.489225146	0.689577211
Colgalt1	4272	0.118936341	4.910879053	0.503872942	0.48918504	0.689577211
Cemip2	6702	-0.115547918	4.87673845	0.504686139	0.488840626	0.689577211
Atg2b	10238	-0.109897681	5.114562173	0.503520534	0.489334426	0.689577211
Mrps21	510	0.07397114	7.089383952	0.503466543	0.48935732	0.689577211
Abracl	882	-0.067258314	8.10395923	0.504471602	0.488931448	0.689577211
Higd2a	613	-0.06725189	6.671028708	0.503959637	0.489148301	0.689577211
Sucla2	2409	0.058586085	6.588054179	0.503354024	0.489405038	0.689577211
Helz	13306	-0.057224092	6.468428832	0.504150923	0.489067259	0.689577211
Vti1b	4494	0.045034397	6.367165419	0.503472951	0.489354603	0.689577211
Cradd	4573	-0.107329719	3.523089428	0.503037672	0.489539241	0.689679988
Tedc1	11185	-0.157795152	5.583825754	0.501544679	0.49017347	0.690487103
Tfpi	4449	0.179569	2.072616349	0.500108627	0.490784864	0.691121208
Gabpa	5235	0.07335888	6.091184316	0.500137874	0.490772399	0.691121208
Ramac	1423	-0.054726896	6.377375318	0.500054848	0.490807786	0.691121208
Npc1	5617	-0.084753985	5.195418074	0.499235457	0.491157264	0.69144035
Ncor1	11483	-0.052294583	6.806326134	0.499303703	0.49112814	0.69144035
Wdhd1	5172	0.112454153	6.011373118	0.499036333	0.491242258	0.691473536
Coq2	3763	0.206389839	3.734720158	0.498650443	0.491407045	0.691619016
Cep55	2839	-0.207806606	5.715807913	0.497893561	0.491730536	0.691987797
As3mt	2845	-0.152489581	2.683639382	0.497698132	0.491814123	0.692018922
Gm13807	1295	0.34157906	1.117487067	0.496638338	0.49226784	0.692570776
Ccdc125	3507	-0.114285489	3.822710606	0.496472006	0.492339117	0.692584503
Paqr4	2608	-0.142482417	4.544387745	0.49521583	0.492877995	0.693136394
Gpd1l	4544	-0.095428467	5.832839859	0.495358562	0.492816714	0.693136394
Gfm2	8458	0.083800082	5.311991582	0.495126989	0.492916146	0.693136394
Wdr73	2604	0.074356562	4.65490883	0.494982736	0.492978103	0.69313694
Tmsb15b1	439	0.231108567	1.071955515	0.49396912	0.493413837	0.693489759
Rps6kc1	5579	0.170902402	2.566883558	0.494091519	0.493361184	0.693489759
Haus4	2474	-0.068155442	6.647842685	0.494132591	0.493343518	0.693489759
Afmid	6589	-0.12155494	4.459180461	0.49373433	0.493514865	0.693545169
Dnajb9	1865	-0.217137812	4.944656698	0.493103531	0.493786471	0.693753662
Smc1a	4359	-0.057712543	7.946083877	0.493148913	0.493766922	0.693753662
E130317F20Rik	3595	-0.311886009	0.929408884	0.492163033	0.494191915	0.693984486
Snora68	98	0.192421042	0.907693012	0.491864751	0.494320624	0.693984486
Acbd3	3471	-0.139937543	4.584193859	0.491947547	0.494284891	0.693984486
Rnpepl1	6060	-0.081328823	5.221830032	0.492168532	0.494189542	0.693984486
Sel1l	6300	0.055221205	6.959351208	0.49210137	0.494218517	0.693984486
Mdm2	7415	-0.048707226	6.63453732	0.492013417	0.494256467	0.693984486
B3gnt3	2601	-0.233907358	1.129147871	0.491394744	0.494523553	0.694171284
Cenpl	2439	-0.081120028	5.638222122	0.491271012	0.494577	0.694171284
Cks1b	757	0.123338133	7.897319067	0.491050782	0.494672155	0.694218289
Kdm3b	7112	-0.06511029	5.564468095	0.490580559	0.494875431	0.694373878
Brd7	5439	0.058860645	5.593011579	0.490509003	0.494906378	0.694373878
Actr8	6023	0.057666038	6.19009938	0.490020866	0.495117577	0.694583636
A430046D13Rik	2169	-0.196856763	2.480311907	0.489617363	0.495292277	0.694640201
Stag1	25284	-0.061780829	6.200039735	0.489528962	0.495330566	0.694640201
Zfp143	3106	0.060442459	5.566021133	0.489500249	0.495343003	0.694640201
4930402H24Rik	8087	-0.139873441	3.586648237	0.488954258	0.495579611	0.694779208
Ptpn12	9501	0.135141585	3.311682654	0.488844334	0.495627271	0.694779208
Vps13c	17785	-0.097720261	4.143301777	0.488981466	0.495567816	0.694779208
Igtp	2023	0.069527313	6.952567003	0.487601763	0.496166579	0.695448624
Btbd10	9582	-0.077692657	5.050141717	0.487066837	0.496399069	0.695601285
Tmem104	4733	0.072783135	4.488937795	0.48714888	0.496363399	0.695601285
Kank3	3435	-0.214297176	1.845677798	0.486626123	0.496590757	0.695739492
Rbbp9	2160	0.199203638	2.701112456	0.48628752	0.496738121	0.695739492
Gbe1	2988	0.131793695	3.807202695	0.486271956	0.496744896	0.695739492
Nkiras1	5311	0.094184724	3.865690303	0.486354948	0.496708769	0.695739492
Zfp82	3396	-0.1073562	3.595906541	0.486127342	0.496807858	0.695741121
Zfp652	2667	-0.235787253	0.883028571	0.485565333	0.497052682	0.69591302
Zfp605	5219	-0.228095291	2.245056195	0.485561765	0.497054237	0.69591302
Wdr13	4655	-0.113620568	4.033787762	0.484928041	0.497330557	0.696213307
Vipr2	11500	0.379935394	0.809608732	0.484733364	0.497415496	0.696245637
Slx1b	3692	0.137544352	3.116178487	0.484264189	0.497620306	0.696445724
Mtcp1	1635	0.239248581	0.791399549	0.483246763	0.498064955	0.696924861
Cenpe	7813	-0.156181743	6.679487227	0.482711964	0.498298963	0.696924861
Fam160a2	15550	0.147512284	4.407279156	0.482694215	0.498306732	0.696924861
Zscan12	4924	0.143356423	2.882701212	0.482492816	0.498394909	0.696924861
Rttn	9001	0.142848205	3.429177734	0.482560564	0.498365244	0.696924861
C9orf72	3584	0.126569605	3.142300006	0.482737675	0.498287708	0.696924861
Mpv17	1811	0.088993538	5.11972914	0.48239145	0.4984393	0.696924861
Zmym4	7361	-0.077818362	4.152635865	0.482348994	0.498457895	0.696924861
Mocs1	2738	-0.135257312	4.00449723	0.482047536	0.498589961	0.697022946
Gns	3864	0.127988654	3.838274406	0.481637747	0.498769586	0.697187484
Marf1	7851	0.086573504	4.46768456	0.481363865	0.498889702	0.69726881
Yrdc	1554	0.206559372	3.531799866	0.481087646	0.499010894	0.697351619
B230307C23Rik	4703	-0.070568249	4.757809914	0.480509908	0.499264548	0.697619497
1700030K09Rik	2703	0.116533493	2.915179465	0.479440687	0.49973459	0.698189627
Ufl1	5772	0.064103426	5.464042815	0.479179727	0.499849429	0.698263417
Wdr24	3099	-0.056736728	5.643216154	0.47865381	0.50008101	0.69850025
Snora70	129	-0.298912117	0.705544517	0.47836855	0.500206701	0.698589138
Gm30461	2482	-0.375063367	1.665120898	0.478095551	0.500327041	0.698670532
Csrp2	889	-0.234896438	1.14033484	0.477678115	0.50051115	0.698840944
Ap2a2	4642	0.077043984	5.881703338	0.477535161	0.500574227	0.698842343
Cdc42	15975	-0.049339266	10.08921365	0.477019738	0.50080177	0.69907332
Dcdc2b	3294	-0.376517672	0.272192532	0.47482402	0.50177317	0.700010484
LOC118568773	14475	0.283708022	1.573392766	0.475348592	0.501540791	0.700010484
Fam83g	4873	0.268337524	1.155557326	0.474244225	0.502030234	0.700010484
Gm43305	1301	-0.253779149	5.755109189	0.474105767	0.502091657	0.700010484
9430091E24Rik	2671	0.213132414	1.614550662	0.474641299	0.501854158	0.700010484
Golga4	10463	-0.116506106	5.085778291	0.474098403	0.502094924	0.700010484
Rab1a	2847	0.088043417	7.110711088	0.474429956	0.501947861	0.700010484
Nudt2	1270	0.082830763	4.212171742	0.474937129	0.501723048	0.700010484
Dock11	9427	-0.079008757	6.822220812	0.474724341	0.501817348	0.700010484
Akap10	16678	-0.078915902	5.315534942	0.474635571	0.501856697	0.700010484
Fam72a	2659	0.192515925	2.8127064	0.47242701	0.502837455	0.700872115
Mzt1	2582	-0.07640404	5.81341869	0.472434531	0.50283411	0.700872115
Btbd2	2461	0.122873903	3.302155847	0.472262704	0.502910555	0.700887228
Rcor1	5669	-0.08782976	4.704489607	0.472081001	0.502991417	0.700913155
Gm41077	5075	0.217602107	1.569128456	0.471111689	0.503423175	0.701427983
Tet2	9739	0.101464802	4.844205566	0.470683126	0.503614279	0.701462514
Pex19	3131	0.073248091	5.93936788	0.470688639	0.50361182	0.701462514
Emc10	2269	-0.052754385	7.342517328	0.47063694	0.503634882	0.701462514
Adgre5	3317	0.054891407	6.572614893	0.470280252	0.503794046	0.701597399
Dars2	3700	0.100386978	5.33887654	0.469699044	0.50405359	0.701698444
Prune1	4811	0.088859922	4.063998137	0.469870325	0.503977078	0.701698444
Cenpt	3074	-0.080143507	4.561096365	0.469713324	0.504047211	0.701698444
LOC118568094	11109	-0.228740851	1.216577536	0.467327044	0.505115309	0.703089534
Tfcp2	4984	0.159004142	3.084098442	0.466960456	0.505279752	0.703231481
Rnf19b	2728	0.14586219	4.019474835	0.46650628	0.505483618	0.703428254
Mknk1	4103	-0.073334036	5.283762499	0.46616876	0.505635217	0.703552252
Cep19	1760	-0.068285468	5.461982791	0.465900752	0.505755651	0.703632862
Tada3	2249	0.056651742	5.810468158	0.465649926	0.505868411	0.703702777
Nbdy	856	-0.092758926	4.857951466	0.465501254	0.505935269	0.703708828
Rnpep	2742	0.078478448	6.610017115	0.464421213	0.506421437	0.704298028
Dda1	1961	-0.046745706	7.157300647	0.464150918	0.506543238	0.704380406
Fbxo36	4668	0.255272501	1.664330656	0.464008403	0.506607479	0.704382734
Phldb3	3299	-0.268618368	0.313124794	0.46364536	0.506771195	0.704523353
Mfap1a	3419	0.067729741	5.354710463	0.463462161	0.506853845	0.704551252
Tfdp2	8657	-0.107488239	4.074663651	0.463066208	0.507032562	0.704625673
Klk8	1390	-0.084812557	5.524232001	0.463203118	0.506970753	0.704625673
Tmem263	3778	0.128362506	3.038124016	0.462615641	0.507236067	0.704821481
Usp1	3596	0.126772633	6.627468418	0.462105325	0.507466735	0.704973612
Bora	4603	-0.090466635	5.971435939	0.461957896	0.50753341	0.704973612
Tomm7	1109	0.073219051	7.564959625	0.461980865	0.507523021	0.704973612
Diablo	3892	0.052569762	6.687126817	0.461586745	0.507701332	0.705051833
Myl12a	1907	0.044539832	9.418205762	0.461556596	0.507714977	0.705051833
Pip4k2b	13251	-0.074818969	4.409130246	0.461089267	0.507926566	0.705258668
Brip1os	6508	0.076437197	5.852944415	0.459661264	0.508574095	0.706070683
Snx17	2057	0.048256687	7.025474563	0.459200626	0.508783289	0.706274016
Gm52364	13023	0.392524371	0.415898003	0.458603931	0.509054502	0.706563381
C030006K11Rik	1821	-0.092039022	3.953873178	0.458228208	0.509225411	0.706713471
Gm20257	936	0.202850306	2.900974849	0.457889715	0.509379473	0.706753033
Pard6g	3208	0.169696332	2.328895775	0.457997612	0.509330356	0.706753033
Xpnpep1	3670	-0.072276751	6.829399735	0.457555297	0.509531763	0.706790117
Osbpl8	7915	0.071760827	5.86691603	0.457598278	0.509512186	0.706790117
Klhdc2	1946	-0.162063977	4.473922901	0.456990281	0.509789251	0.707000002
Ctsc	11154	-0.059338269	7.330294475	0.456947689	0.509808671	0.707000002
Slc7a4	4065	-0.439211535	-0.102205179	0.456206589	0.510146783	0.707124874
LOC118567423	4581	0.200841827	1.616249104	0.45611226	0.510189848	0.707124874
Tmc4	2346	0.19306138	2.094971075	0.456335223	0.510088068	0.707124874
Ube2z	3974	0.123169769	5.655364858	0.456062061	0.510212769	0.707124874
Disp1	5492	-0.112654462	3.820334372	0.456471811	0.510025734	0.707124874
Btbd1	5145	0.087858887	4.422540071	0.45471909	0.510826648	0.707888528
Ap1s1	2340	0.060652701	7.109552814	0.453474775	0.511396623	0.70859116
Zdhhc2	7538	-0.12118502	3.247875353	0.453020436	0.511605025	0.708792687
5430431A17Rik	795	-0.312168099	0.530959595	0.452377782	0.511900069	0.708799264
Trappc2	1462	-0.119858812	3.552836461	0.452818931	0.511697503	0.708799264
Ubqln2	3331	0.098787267	4.040590699	0.452324444	0.511924571	0.708799264
Arnt	4552	-0.0805877	5.683007738	0.452574818	0.511809577	0.708799264
Babam1	3087	0.047556329	6.695096604	0.45242808	0.511876966	0.708799264
Heca	5244	-0.117272782	4.363232367	0.451729116	0.512198186	0.708916545
Pex2	5015	-0.051763227	6.081685561	0.451795136	0.51216783	0.708916545
Sf3b2	3235	0.044111901	8.52715249	0.451743085	0.512191762	0.708916545
Anapc1	9718	0.085977949	7.321872469	0.451351415	0.512371916	0.709043593
Usp22	4442	0.083028249	5.683498881	0.451118889	0.512478923	0.709043593
Gtpbp3	5554	-0.076603889	4.383278883	0.451127645	0.512474893	0.709043593
Ptgir	3334	0.228142768	2.326052562	0.450810413	0.512620945	0.709152937
Gm38865	43926	0.220424959	3.789849452	0.450063438	0.512965147	0.709541912
Gm30990	6957	0.375614862	0.868770373	0.44847824	0.513696986	0.710466913
Ccnt2	3514	-0.05841012	5.619921497	0.447856956	0.513984332	0.710689708
Ndufa3	351	0.055901482	8.349000427	0.44798355	0.513925758	0.710689708
Dntt	2143	-0.305809411	0.543889272	0.447408623	0.514191868	0.710714801
Xk	5043	-0.195792086	1.738533583	0.447452532	0.514171536	0.710714801
Appl1	7078	0.05222251	6.434284859	0.447587	0.514109279	0.710714801
Lca5	7288	0.198393944	1.149354372	0.447037498	0.514363781	0.710777886
Rpgrip1l	8874	0.155017919	1.924702487	0.447115173	0.514327791	0.710777886
Zfp93	5670	-0.237564719	1.67724024	0.445758634	0.514956974	0.710877286
LOC115488691	139	-0.19533337	3.309408583	0.446435352	0.514642928	0.710877286
Arhgap19	5209	-0.178241945	6.387651534	0.446296433	0.514707368	0.710877286
Rad51b	8011	0.165447004	2.726495773	0.445528638	0.515063789	0.710877286
Hs1bp3	4353	-0.132542473	3.096615677	0.445521394	0.515067154	0.710877286
Dnajc16	5851	-0.099191532	3.414287468	0.445632927	0.51501535	0.710877286
Use1	1294	-0.078288035	6.38156328	0.446630841	0.514552272	0.710877286
Btd	2001	-0.068040237	4.6291809	0.445820037	0.514928465	0.710877286
Gosr1	4288	-0.066296002	5.975645554	0.44635525	0.514680083	0.710877286
Mrps11	1049	0.065659	5.660340971	0.445645013	0.515009737	0.710877286
Cdk20	2223	0.214483418	2.131271868	0.44462668	0.515483064	0.711364101
Ube2q2	3547	-0.105574269	4.17825735	0.444384737	0.515595637	0.711432244
Mrpl34	646	0.073148564	5.726522965	0.4437982	0.515868732	0.711655189
Blvra	1664	0.053688809	6.426701333	0.4437662	0.515883638	0.711655189
Ube2q1	3203	0.073231025	5.494229871	0.443458497	0.516027019	0.711765766
Tubb4b	1600	0.107104994	8.67251557	0.44249401	0.516476913	0.712299043
Zfp955b	5809	0.103850411	3.680283069	0.442208705	0.516610134	0.712378964
Zfp830	3278	-0.091354249	4.654113637	0.442098911	0.516661418	0.712378964
Lrrc40	2831	0.071417554	5.169037747	0.441959491	0.516726553	0.712381526
Hivep1	12120	-0.083081147	4.684693276	0.440778707	0.517278804	0.713055562
Diaph1	5899	-0.067905867	5.782175578	0.440193618	0.517552849	0.713345981
Ubash3b	7264	-0.065909024	6.080697953	0.439921214	0.517680528	0.713434617
Pex7	1894	0.057715165	4.881388186	0.439692528	0.517787761	0.713495056
Polr2a	6736	0.071818356	7.64378854	0.439475968	0.517889345	0.713547699
TrnT	67	0.187014526	2.245777408	0.438763104	0.518223994	0.713921405
Gatad2b	13982	0.071937059	5.633151914	0.438464167	0.518364445	0.71402752
Gm14279	1491	-0.207940247	1.355560327	0.438060982	0.518553986	0.714201221
Zfp787	3113	0.082500465	3.829777718	0.437718674	0.518715008	0.714335604
Cep162	7694	0.107150297	4.057276785	0.436422843	0.519325399	0.715088716
Pmaip1	2654	0.255463227	1.5264639	0.435608419	0.519709701	0.715374093
Commd2	2961	0.069282548	5.900562432	0.435579659	0.519723282	0.715374093
Tbc1d20	3468	-0.063042749	5.708502149	0.435586513	0.519720045	0.715374093
Sgo1	3730	0.149586468	5.621760366	0.434892772	0.520047824	0.715529551
Gla	3153	-0.130685106	3.462844775	0.434861487	0.520062615	0.715529551
Pja2	4706	0.082283447	5.31735457	0.435168912	0.519917308	0.715529551
B2m	858	0.077502825	11.41453596	0.434802608	0.520090453	0.715529551
Trav9n-4	340	-0.371554254	0.829939689	0.432606701	0.52113064	0.71593727
Gm13840	8692	-0.218628513	1.220156773	0.432819617	0.521029616	0.71593727
Trbv12-1	372	-0.189952486	3.001020025	0.433122011	0.520886198	0.71593727
Apoe	2440	-0.165264042	3.412589563	0.433115007	0.520889519	0.71593727
Asf1b	1599	-0.147556511	7.959104116	0.432566052	0.521149931	0.71593727
Smim26	460	0.128049722	3.457100613	0.433504063	0.520705104	0.71593727
Cst7	986	-0.108198748	5.098969567	0.432970257	0.520958162	0.71593727
Snapc1	7665	0.067746438	4.616178458	0.432971242	0.520957695	0.71593727
Cisd1	965	0.061361144	6.33823478	0.433750329	0.520588434	0.71593727
Gskip	2787	0.056689939	6.510086335	0.432611841	0.521128201	0.71593727
Fnbp4	6586	0.048595711	6.762651163	0.433992488	0.520473757	0.71593727
Cnot10	4133	-0.047551053	6.027039965	0.433662443	0.520630065	0.71593727
Rcn2	2607	0.049475721	5.892614632	0.432378021	0.521239184	0.715972516
Hspa1a	2798	-0.630588612	5.582567258	0.431539058	0.521637759	0.716364579
Fam229b	822	-0.240481207	0.542450045	0.431509364	0.521651876	0.716364579
Zcwpw1	4333	0.176032936	2.680940139	0.431348442	0.521728395	0.716382275
Cnksr3	3584	0.301114081	0.789725661	0.430306442	0.522224369	0.716801018
Cdr2	2550	0.206902055	1.655646469	0.430314521	0.522220521	0.716801018
Ptprs	16704	0.137100573	4.969687471	0.430308681	0.522223302	0.716801018
2610001J05Rik	3177	0.057068471	6.25381012	0.430099278	0.522323079	0.716849107
S100a1	615	0.258063055	1.313749524	0.429535105	0.522592072	0.716934531
Zfp526	6638	0.134175095	2.722460678	0.429503579	0.522607111	0.716934531
Dhrsx	2250	-0.072987738	4.938029375	0.429434534	0.522640051	0.716934531
Nrd1	4515	0.055122334	6.959859812	0.429567919	0.52257642	0.716934531
Maged1	2921	-0.218279337	2.79805129	0.429153966	0.522773941	0.717030827
Sfmbt2	17847	0.155406359	2.698759205	0.42776636	0.523437055	0.717590643
Asb7	5678	-0.122580793	3.49196622	0.428028225	0.523311795	0.717590643
Zfp41	6548	-0.10940927	4.527298423	0.427969632	0.523339817	0.717590643
Ormdl1	1846	0.05173253	6.361037926	0.427869794	0.523387572	0.717590643
Ttc14	9957	0.07601464	5.811066815	0.427473559	0.523577178	0.717695345
Gm39469	2942	0.097221333	4.017145837	0.427275748	0.523671882	0.717737771
Sapcd2	3772	-0.19059933	5.285782972	0.42629808	0.524140415	0.717942911
Gorab	2685	-0.112544884	3.160383455	0.426410614	0.524086445	0.717942911
Gm15564	2094	0.083834201	10.45473291	0.426332645	0.524123837	0.717942911
Glrx2	5195	0.06365575	5.844471831	0.426664871	0.523964545	0.717942911
Dnpep	2216	0.054347208	5.872794683	0.42634841	0.524116276	0.717942911
Whamm	3890	0.137815461	2.978000299	0.425927721	0.524318107	0.718011585
Erlin2	4783	0.077323691	4.336762508	0.425984584	0.524290817	0.718011585
Zfp689	3621	0.105770474	3.690456838	0.425304227	0.5246175	0.718334202
2410006H16Rik	461	0.109975657	6.859217323	0.424299893	0.525100433	0.718908023
Gm4890	2642	-0.232196021	1.075080963	0.423488359	0.52549126	0.719331125
2500004C02Rik	1898	-0.196897558	1.462541248	0.423263033	0.525599871	0.719331125
Arfgap3	2750	-0.090782762	4.012953446	0.423260363	0.525601158	0.719331125
Slc30a1	5360	-0.230298604	1.768274104	0.422993522	0.525729834	0.719332337
Mad2l2	2567	0.064908206	5.548733406	0.423117994	0.525669804	0.719332337
Gm16861	1531	-0.228480171	0.389553612	0.42209669	0.526162732	0.719574835
AI987944	3841	0.096353047	5.134821767	0.422398224	0.526017109	0.719574835
Zfp511	1917	0.07766464	5.094323447	0.422274368	0.526076915	0.719574835
Cwc15	1195	-0.049142937	6.908680543	0.42213561	0.526143932	0.719574835
Itprid2	6296	0.155279302	2.402459985	0.421915635	0.526250207	0.719607049
TrnF	68	-0.266345788	3.588241273	0.420889036	0.52674671	0.719764775
Scamp1	4439	-0.227474377	1.485177294	0.4215412	0.526431198	0.719764775
9930104L06Rik	3117	0.126423859	3.430892575	0.420944733	0.526719751	0.719764775
Zfp36l1	2984	0.091794827	7.383668141	0.420883985	0.526749155	0.719764775
Ints6l	7255	-0.072098584	4.944835382	0.421278506	0.526558245	0.719764775
Nktr	19634	0.06085555	6.547972779	0.421007598	0.526689325	0.719764775
Pibf1	4110	-0.099720036	3.779665493	0.419909766	0.527221134	0.720082166
Rc3h2	9062	-0.099104293	4.255816209	0.420244781	0.527058741	0.720082166
Umad1	2252	-0.074180931	4.63850839	0.419876469	0.52723728	0.720082166
Tmed4	1625	-0.06116967	5.470850755	0.419948672	0.52720227	0.720082166
Rab2a	15329	0.070407511	7.117825382	0.419270487	0.527531273	0.720396297
Trbj1-4	51	-0.283856704	2.689842395	0.41898488	0.527669942	0.720441807
Pip4p2	2595	-0.095586418	4.949468724	0.418938253	0.527692587	0.720441807
Ctc1	5155	0.087811397	5.808562667	0.417524413	0.528380093	0.721292966
Tbxas1	37767	0.321459664	1.256104581	0.417025521	0.528623087	0.721362269
Haao	4761	0.306583042	1.402558949	0.417038764	0.528616634	0.721362269
Gpkow	3575	-0.052022748	6.282778253	0.417195435	0.528540305	0.721362269
Ccdc167	5646	-0.141965682	2.445795613	0.416692022	0.52878564	0.721496636
Safb	3189	0.077698092	6.574170225	0.416403792	0.528926204	0.72160097
Cgrrf1	1438	0.114589121	3.317591931	0.416171504	0.529039536	0.721668132
Bag4	4798	-0.071600796	4.27900452	0.415620643	0.52930848	0.721860068
Cpne1	3520	0.069354308	6.729240648	0.415683595	0.529277732	0.721860068
B230217O12Rik	1954	-0.320992711	0.647382485	0.415294953	0.52946761	0.721989626
Cisd3	1218	0.066587098	5.654893214	0.415064074	0.52958047	0.722056065
Fmnl3	4533	0.068452065	6.584120683	0.413519915	0.530336454	0.722999249
Slf2	7783	0.071843108	5.600235465	0.413276213	0.53045595	0.723074595
Cenpk	2314	0.145728436	5.127736928	0.412772397	0.530703147	0.723181868
Rfc4	1216	0.087715296	6.388165218	0.412799606	0.530689791	0.723181868
Ap5m1	6796	-0.063427065	5.183858343	0.412723077	0.530727358	0.723181868
Tuft1	2984	0.16075125	2.440383363	0.412209532	0.530979573	0.723350439
Dop1b	15236	-0.078787635	5.137446987	0.412246291	0.530961512	0.723350439
n-TRacg6	73	-0.230146042	2.302309424	0.412018233	0.531073582	0.723390073
AU022252	5690	-0.096282863	4.032926871	0.411888859	0.531137177	0.723390073
Parpbp	4164	-0.122996525	4.577826807	0.411502126	0.531327365	0.723561567
Cfp	1636	0.208099645	1.466916388	0.411269569	0.531441794	0.723612888
Lst1	416	0.205207856	1.552867642	0.411043368	0.531553139	0.723612888
Zfp940	8452	0.133602759	2.971123931	0.411033744	0.531557877	0.723612888
Gm9833	1660	0.203930182	0.526315445	0.410526317	0.531807818	0.723725978
Agl	9963	0.149376949	2.620205695	0.41052028	0.531810793	0.723725978
Ptprv	6089	-0.058652327	6.572625555	0.410397251	0.531871426	0.723725978
Atp6v1f	635	0.049570722	8.201102565	0.410343148	0.531898094	0.723725978
Hexdc	4532	-0.17342131	1.441218578	0.409243036	0.5324409	0.723764749
Fyco1	8711	0.140115921	4.405995431	0.409488511	0.532319691	0.723764749
Gins1	1604	0.11852838	4.21789043	0.409248837	0.532438035	0.723764749
Polh	3234	0.108686574	5.121460857	0.409809808	0.53216112	0.723764749
Rab3gap2	7081	-0.064267914	5.79933775	0.409261341	0.53243186	0.723764749
Odr4	3273	-0.062912119	4.800787209	0.409832873	0.53214974	0.723764749
Zbtb38	17323	-0.062882392	5.28718971	0.4093444	0.532390843	0.723764749
Arid2	9547	0.052116069	5.860514956	0.409834244	0.532149063	0.723764749
LOC102634078	2060	0.235993641	1.103618862	0.409091057	0.53251597	0.723779403
Ap4s1	31399	-0.062794979	5.13673318	0.40893677	0.5325922	0.723795629
Dusp7	3213	0.081721409	3.87347899	0.408554756	0.532781033	0.723964861
Ccdc51	2397	-0.088580619	3.925602503	0.408057574	0.533026984	0.724211657
Gm41523	1931	0.285480201	0.708941316	0.406967298	0.53356708	0.724422496
Gm35730	5060	-0.252941615	1.246867133	0.40691167	0.533594665	0.724422496
LOC118567375	36545	0.228685985	1.854795324	0.406838721	0.533630842	0.724422496
Sall2	5336	0.152806447	2.899994107	0.40715197	0.533475526	0.724422496
Rnf227	1746	-0.130448267	2.806131424	0.40670648	0.533696436	0.724422496
Ipo13	3976	0.110798954	4.989353579	0.407206108	0.533448692	0.724422496
Wrap53	2851	0.070268857	5.020977381	0.407370217	0.533367364	0.724422496
Nt5c	1091	-0.053077292	6.751697635	0.406705459	0.533696943	0.724422496
Yipf5	2329	-0.074704927	5.827111647	0.405866449	0.53411346	0.724900462
Flcn	9248	-0.057098542	5.896606506	0.405728545	0.53418198	0.724906067
Ndufc1	694	0.068925207	6.958122489	0.404996039	0.534546214	0.725312917
Gm31493	3207	-0.106446557	3.147001096	0.40440449	0.534840699	0.725362798
Zfyve19	2160	0.069878458	5.095552153	0.404482944	0.534801625	0.725362798
Cwf19l1	5969	0.066910886	4.282555095	0.404601078	0.5347428	0.725362798
Wtap	6562	0.053012109	6.365543123	0.404571634	0.53475746	0.725362798
Epb41l2	9029	-0.070244868	5.671532379	0.403810993	0.535136462	0.725676499
Rps15a-ps6	824	0.140391631	3.087378465	0.402774549	0.535653704	0.726290425
Prdx4	2947	0.105562499	6.099904793	0.402376696	0.535852506	0.726472484
St6galnac6	2695	0.189852094	1.697862694	0.402042683	0.536019515	0.726600561
AB010352	10259	-0.115074939	2.902280045	0.401572228	0.536254913	0.726600561
Bcdin3d	1271	-0.106729449	3.8443956	0.401773674	0.536154093	0.726600561
Cd2ap	5993	0.093118991	4.799642195	0.401542728	0.53626968	0.726600561
Rbm45	1922	0.069992559	4.941369904	0.401744053	0.536168915	0.726600561
Copz1	1981	0.050350239	8.032074396	0.401232971	0.536424786	0.726723254
Vamp3	2115	0.055731419	5.872765044	0.400772182	0.536655675	0.726948574
Dync1li1	2046	-0.056097385	5.999307418	0.400641136	0.536721373	0.726950099
Sfswap	6438	-0.059654555	5.175637424	0.400463129	0.536810639	0.726983541
Prrg1	6901	0.195010751	0.916305227	0.400200002	0.536942642	0.727074845
5830416I19Rik	2630	-0.174006637	1.634831204	0.399832439	0.53712714	0.727149753
Kbtbd8	4732	0.171847642	2.600540043	0.399958884	0.537063658	0.727149753
Abhd17b	2759	0.092582254	3.480733794	0.399664146	0.537211655	0.727176723
LOC118567770	1054	0.232188275	1.286547709	0.399244227	0.537422642	0.727200013
Ect2	4572	-0.128688149	5.635372171	0.399317543	0.537385794	0.727200013
Trappc12	7802	-0.055490082	6.332727467	0.399373655	0.537357595	0.727200013
Ttc8	2357	0.22068224	0.795318539	0.398878271	0.537606645	0.727265805
Uri1	3599	0.103348097	5.598769361	0.398956629	0.537567237	0.727265805
Map3k7	6293	0.077770266	4.673734929	0.398762132	0.537665064	0.727265805
Trim45	8358	0.196896014	1.618389959	0.398128035	0.537984237	0.727435328
Cdk9	8915	0.102259024	6.10195406	0.398148663	0.537973848	0.727435328
Vps11	3570	-0.063921436	5.701806967	0.39813291	0.537981781	0.727435328
Nadk2	4066	0.147601634	2.612165469	0.397792881	0.538153081	0.72748888
Dpf2	3356	0.043173671	7.081141695	0.397865427	0.538116526	0.72748888
Rbbp4	4407	0.046541892	9.205824014	0.397521664	0.53828979	0.727586319
Kin	1440	-0.074307996	4.884800848	0.397073677	0.538515744	0.727804351
Slc35f2	2994	0.108922299	3.985515133	0.39676469	0.538671694	0.727840367
Rheb	1521	-0.0587795	6.229359891	0.396785686	0.538661095	0.727840367
Gm32036	7319	0.209576398	0.781909361	0.396479285	0.538815819	0.727947737
Nhej1	1405	0.100730358	3.361237982	0.395852103	0.539132794	0.728201199
Xiap	27375	0.063676302	5.437304317	0.395894532	0.539111339	0.728201199
Ppp4c	1620	0.042229907	8.740828604	0.395721663	0.539198762	0.728202935
Pdk2	2603	0.301318289	1.800355771	0.395053127	0.539537106	0.728237982
H3c3	480	0.282893323	2.058066397	0.395397814	0.53936261	0.728237982
Stmn1	1060	-0.124112626	8.595908418	0.395277676	0.539423418	0.728237982
Clcn7	4241	-0.06354275	5.176419077	0.39503133	0.539548144	0.728237982
Cog4	2983	-0.057710427	5.640139616	0.395525887	0.539297802	0.728237982
Spg11	10178	-0.093395813	4.873208124	0.394859563	0.539635143	0.728268094
Rpl28	496	0.242946541	0.725853629	0.394578946	0.539777332	0.728372672
Gdi2	2681	-0.051154108	9.508946872	0.394434173	0.539850717	0.728384393
B9d1	1118	-0.220058153	1.257384987	0.393784905	0.54018006	0.728741416
Prc1	3584	-0.111402446	6.681661712	0.393431596	0.540359439	0.728896065
Arfgef3	8216	-0.568410579	0.368131966	0.392243777	0.540963339	0.72936111
Sptb	10394	-0.229782231	1.127613049	0.392456587	0.540855049	0.72936111
Mcts1	4114	0.053044194	6.988126035	0.392308603	0.540930347	0.72936111
Rps6kb1	10288	0.049113346	6.222062475	0.392291026	0.540939292	0.72936111
Pafah2	4352	-0.24541501	1.199018469	0.391492479	0.541345972	0.729748034
Apobec3	10713	-0.050626838	8.151133488	0.391425794	0.541379959	0.729748034
Cst3	796	-0.046286369	6.551972	0.390988499	0.541602937	0.729961195
Anapc16	1902	-0.045037695	6.234709716	0.389479066	0.54237395	0.730912847
Lyrm7	4299	0.133946399	2.619212647	0.388515368	0.542867302	0.731490136
Cdc42ep4	4279	0.147848313	2.495084009	0.388127856	0.543065926	0.731496469
Fancl	1782	0.078033005	4.686189743	0.3881259	0.543066929	0.731496469
Cep350	13442	-0.074489026	5.093433039	0.388224203	0.54301653	0.731496469
Pmf1	1223	0.077226956	5.750981789	0.387224944	0.543529266	0.73203164
Ptpn3	7363	0.180920446	1.855541078	0.386608649	0.54384596	0.732282959
Cdca3	2148	-0.129802025	7.304735264	0.386695091	0.543801519	0.732282959
Smpdl3b	2146	0.36573667	0.481423946	0.386252217	0.544029281	0.732442196
Trav13n-4	331	-0.290660253	1.458950088	0.385737203	0.544294373	0.732536288
Zmat3	8122	-0.116435409	3.544100123	0.385775941	0.544274425	0.732536288
Gtf3a	1298	0.104941497	4.166442605	0.385744108	0.544290817	0.732536288
Ddx11	5313	-0.07528417	5.602121158	0.385584654	0.544372942	0.732554456
Oaz1-ps	963	0.101080411	3.617917541	0.38537399	0.544481478	0.732570529
Kmt2c	18878	0.0683646	5.639338054	0.385056423	0.544645171	0.732570529
Bag6	4499	0.052518577	6.325984319	0.385214413	0.544563721	0.732570529
Ndufb9	687	0.043607569	8.017373073	0.385164132	0.544589641	0.732570529
Stag3	4841	-0.341926929	0.207348503	0.384678836	0.544839924	0.732736578
Nudt15	3576	0.175049525	1.723142289	0.384060506	0.545159138	0.732736578
Rps27rt	374	0.159794012	4.070970732	0.384303953	0.545033415	0.732736578
LOC118567916	9745	-0.133397715	2.677748516	0.384226311	0.545073506	0.732736578
Ercc6	12451	-0.063212092	5.015242762	0.384094329	0.545141668	0.732736578
Map2k7	3731	0.057229059	5.820612962	0.384521355	0.54492119	0.732736578
Ythdc2	6510	-0.127372124	3.58032624	0.38274773	0.545838056	0.733561518
Hsd17b11	1699	-0.138209245	3.084491318	0.382043724	0.546202813	0.733964104
Dctn4	3806	-0.075489253	5.24661083	0.381732431	0.546364248	0.734093413
Dnajb14	7489	-0.200455887	1.769720739	0.380996253	0.546746394	0.734519201
N4bp2	25136	-0.060848953	4.830947866	0.380434254	0.547038472	0.734789862
Rbm38	2016	-0.050418146	7.682838316	0.380357473	0.547078399	0.734789862
Hira	5124	0.130633219	2.920806349	0.380026453	0.5472506	0.73488979
Xpr1	7651	-0.085529628	4.489887931	0.379838097	0.547348631	0.73488979
Ppcs	1714	-0.052993788	5.579547318	0.379948077	0.547291387	0.73488979
Ncapg2	6688	0.131504884	6.51369442	0.379702733	0.547419104	0.734896765
6030458C11Rik	7940	0.0707333	5.6428541	0.379566887	0.547489845	0.734904099
Mtarc2	2336	-0.054021308	6.595362889	0.378789961	0.547894765	0.73535995
Synpo	9015	0.065410018	5.817942165	0.378375512	0.548111005	0.735562485
Plk3	2502	-0.1826154	3.907492473	0.377891504	0.548363747	0.735726261
Dtnb	8000	-0.076195172	5.079664233	0.377943499	0.548336585	0.735726261
Ccdc191	9163	-0.176591375	2.343751255	0.377678606	0.54847499	0.735787827
Msh3	4869	0.070171369	4.782713162	0.37747692	0.548580416	0.735841573
H2-Ab1	1193	-0.241527533	1.445528535	0.377052707	0.548802289	0.736051486
Trav16n	350	-0.227559046	1.982960991	0.376773352	0.548948493	0.736159874
Nrbf2	3244	-0.061930398	4.720841965	0.376171873	0.549263542	0.736494635
Pfkm	3320	0.083674644	3.740583934	0.375075367	0.549838783	0.737090381
Pspc1	2385	-0.052387468	5.853046821	0.375186849	0.549780245	0.737090381
Usp32	7400	-0.137878592	3.930071764	0.374865307	0.549949117	0.737150513
Tst	1102	-0.185661128	1.267400805	0.374707386	0.550032093	0.737173965
Etv5	4919	0.170271257	2.4912171	0.374303375	0.550244483	0.737370835
Srl	8487	0.326794933	0.593857625	0.373800494	0.550509071	0.737374315
Stxbp4	29899	0.268170026	0.878708773	0.373834895	0.550490963	0.737374315
Spice1	4423	-0.109266808	3.920901721	0.373984263	0.550412353	0.737374315
Flvcr1	4555	-0.100278945	4.703325874	0.373978027	0.550415634	0.737374315
Fbxl6	1719	0.055504551	6.159342557	0.373593979	0.550617799	0.737432213
Oxld1	820	-0.130201968	2.809150347	0.372919656	0.550973116	0.737820309
Mcm4	3589	0.090618879	8.54585543	0.372426036	0.551233499	0.7380812
Mmp14	3801	0.243861623	0.813486981	0.372260011	0.55132113	0.738110749
Ddr1	11676	-0.173024116	2.346548371	0.371798138	0.551565059	0.738169108
Mgme1	3107	0.122959389	4.207449648	0.371854135	0.551535474	0.738169108
Baz1b	12498	0.096313756	6.486500192	0.371680929	0.551626994	0.738169108
Commd3	923	-0.05307167	7.003422576	0.371991874	0.551462716	0.738169108
Aph1b	6950	-0.249057755	1.073075584	0.371502864	0.551721113	0.738207308
Bri3	2040	-0.250965819	1.184065743	0.371179251	0.551892242	0.738348527
Cdkl3	10379	-0.153724055	1.908761926	0.370524613	0.552238737	0.738716909
Poldip3	3301	-0.038389865	7.93337148	0.37041116	0.55229883	0.738716909
Gm52899	2027	-0.297356565	1.570508201	0.370140073	0.552442469	0.738735046
Crybg2	5841	0.178073088	2.403180225	0.369617189	0.552719731	0.738735046
Arhgap21	24393	-0.169130169	1.751692876	0.369120635	0.552983285	0.738735046
Kiz	3942	-0.12802883	3.697497345	0.369446691	0.552810198	0.738735046
Ap1s3	3115	0.105803241	2.835556879	0.368960459	0.553068353	0.738735046
Fam126a	6789	-0.093398193	4.690206823	0.368901233	0.553099813	0.738735046
Zfp748	4615	-0.088068068	4.56121033	0.369052841	0.553019286	0.738735046
Acbd6	3224	0.085382987	5.104171346	0.369922755	0.55255767	0.738735046
Ppp4r3a	6537	0.076247578	6.489848786	0.369530193	0.552765888	0.738735046
Dpp4	7308	-0.068328222	6.204761307	0.369674744	0.552689199	0.738735046
Ube4b	8840	-0.050585785	6.088789562	0.369046322	0.553022749	0.738735046
Pmm2	1990	-0.044842985	6.596511431	0.368996904	0.553048995	0.738735046
Gm24407	141	-0.152737668	4.331130881	0.368214577	0.553464821	0.73913487
Adam17	4550	-0.065212683	6.375301567	0.367470652	0.553860803	0.73948825
Dctn2	2532	0.06343138	7.128333211	0.367557887	0.55381434	0.73948825
Lif	5474	0.173744847	4.807994926	0.367260428	0.553972803	0.739550079
N6amt1	1791	-0.070071982	4.726550119	0.367008236	0.554107221	0.739554131
Mta3	9491	-0.049838908	5.64148105	0.367072161	0.554073143	0.739554131
Abcb10	4509	-0.199034622	2.630329666	0.366564359	0.554343962	0.739782399
Rab6a	3401	0.070411248	5.44477715	0.366350954	0.554457851	0.739846685
Gm36198	4362	-0.356943265	0.506330428	0.365864092	0.55471785	0.740018196
Naa38	518	0.127263962	2.858653836	0.365916485	0.554689859	0.740018196
Vrk2	2055	-0.06635805	4.494892513	0.365506559	0.554908936	0.740185403
Pdcd1	1933	0.092933389	7.935455984	0.365314127	0.555011836	0.740234954
Gm30149	9172	0.260869596	0.940778996	0.365161798	0.555093318	0.740255931
Tpmt	4853	0.166348067	2.149075433	0.36472926	0.555324814	0.740476934
AI504432	5544	-0.078155759	4.409635056	0.364222246	0.555596411	0.740663635
Topors	3874	0.053427365	5.975212024	0.364267529	0.555572144	0.740663635
Sh3pxd2a	10892	-0.25056876	1.825529583	0.363653728	0.555901266	0.740858108
Akap11	9425	0.110540501	5.128039228	0.363745961	0.555851785	0.740858108
Gtpbp1	4527	-0.044593398	7.123742165	0.36358207	0.555939714	0.740858108
Peli3	4110	-0.606502186	0.007664715	0.363330436	0.55607477	0.740950379
D830050J10Rik	2400	-0.225933781	1.502595262	0.363158677	0.556166993	0.740985563
2810408A11Rik	2442	-0.231576428	0.843798116	0.362563275	0.556486916	0.741094443
Tubd1	6656	-0.121843732	4.392474824	0.362583426	0.556476082	0.741094443
Zfp775	2578	-0.087592326	3.947822596	0.362558577	0.556489442	0.741094443
Hdac3	2063	0.047127833	7.044457071	0.362516566	0.556512029	0.741094443
Mthfr	6141	0.133188642	3.239600692	0.36207635	0.556748821	0.741322085
Zrsr1	4492	-0.219179507	2.006747172	0.361469598	0.557075518	0.741586095
Pomgnt1	3024	0.18850609	3.518460913	0.361373362	0.55712737	0.741586095
Psd	7775	0.143572833	3.263351746	0.361341177	0.557144714	0.741586095
Ei24	2376	-0.10384416	5.864219789	0.361172512	0.557235618	0.74161941
Tcf12	9801	-0.044507584	6.247504979	0.360709419	0.55748536	0.741864087
Zfp931	4410	-0.142233334	2.310233861	0.360440242	0.557630626	0.741969695
Gm40476	8843	-0.205097533	1.167072781	0.360214866	0.557752311	0.742043905
Psmd13	1563	0.074443342	7.677290718	0.35992848	0.557907013	0.742162017
Zbtb26	5318	0.19163646	1.759885253	0.359452934	0.558164083	0.742384148
S1pr2	3925	-0.08956454	4.482127844	0.359375654	0.558205881	0.742384148
Piezo1	8987	0.153224866	4.594072561	0.359192845	0.558304781	0.742427974
Gm10369	1361	-0.470747322	0.916216533	0.357616508	0.559159017	0.742540874
Gm42005	4082	0.248743578	0.814885243	0.357744574	0.55908952	0.742540874
Myo1b	6215	0.245461557	1.078826019	0.35765903	0.55913594	0.742540874
Etohd2	3135	-0.220644745	1.391484509	0.358231862	0.558825242	0.742540874
1700028J19Rik	1188	0.156168949	1.073845463	0.358036677	0.55893107	0.742540874
Fancb	3551	0.13857816	3.317535998	0.357332727	0.559313076	0.742540874
Prcp	2964	-0.136387761	3.386442279	0.357634014	0.559149516	0.742540874
Lrrc8b	7811	-0.125325878	2.694296113	0.358615755	0.558617214	0.742540874
Atad5	7723	0.100717368	5.28453029	0.358494563	0.55868287	0.742540874
Rnf26	2271	0.079604251	5.907702201	0.358797107	0.558518994	0.742540874
Dlg3	6617	0.078479495	3.694481172	0.35736947	0.559293125	0.742540874
Dynlt3	2153	0.073742949	6.007699026	0.357347488	0.559305061	0.742540874
Rnf111	5431	-0.073601553	5.428170025	0.358397515	0.558735458	0.742540874
Msl3	6484	0.062181114	5.943627294	0.358135462	0.558877505	0.742540874
4632404H12Rik	2951	-0.204525332	0.893349959	0.357149816	0.559412419	0.742585192
Mtmr10	6724	-0.133210815	2.413608639	0.356530466	0.559749062	0.742944464
Vps35l	3698	-0.040009423	6.702547274	0.355415486	0.560356114	0.743662516
Med28	4568	0.05226161	7.241233634	0.353620886	0.561335931	0.744875049
Gm34065	2589	-0.226350627	1.321376129	0.353014207	0.561667936	0.745179227
Trbv20	335	-0.224807408	2.375535421	0.352938199	0.561709559	0.745179227
Adam9	4387	-0.156292989	2.107897421	0.352834512	0.56176635	0.745179227
Mier3	6219	-0.099492566	3.914919433	0.352718464	0.561829924	0.745179227
LOC118567854	7121	0.179067854	2.194918363	0.352237104	0.562093777	0.745265781
Lrrc8d	8144	0.090150286	3.803777264	0.352468923	0.561966677	0.745265781
Yipf6	5358	0.079318702	4.335838845	0.352300495	0.562059016	0.745265781
Efcab8	12234	-0.251471738	1.017431588	0.351947945	0.562252396	0.745388303
Lrrc29	2373	-0.155279909	2.710048274	0.3510499	0.562745589	0.745866475
Mettl3	8117	0.056570872	5.14306208	0.351154644	0.562688021	0.745866475
Fbxl22	4253	-0.206038693	1.587810099	0.350511893	0.563041468	0.746170788
Gmeb2	8231	-0.066335236	5.320208311	0.349887211	0.563385403	0.746538708
Gm13420	6181	0.230999878	1.77501214	0.34925169	0.563735737	0.74691502
Gm46830	36644	-0.232277889	1.554484463	0.348441285	0.564183107	0.747113173
Gm11769	1774	-0.223244945	1.605492207	0.348379746	0.564217108	0.747113173
Marveld1	3077	0.139593787	2.84898446	0.34868578	0.564048063	0.747113173
Usp8	4358	0.059625423	5.808581006	0.348591913	0.564099902	0.747113173
Fbxo7	7088	-0.055758837	5.824096696	0.348848255	0.563958357	0.747113173
Gm31560	3935	0.258290999	0.651251968	0.348036966	0.56440657	0.747197547
Vps33a	4388	-0.059898504	5.758334744	0.348024311	0.564413567	0.747197547
Top2a	5239	-0.107310479	8.89802335	0.347481214	0.564714017	0.747419516
Wipf2	7589	-0.087851355	4.380169021	0.347497819	0.564704826	0.747419516
Gpc1	7119	-0.22623471	0.69051072	0.347040019	0.564958329	0.747654975
Rbm3-ps	1146	0.204844735	0.687269111	0.346872793	0.565050986	0.747689704
LOC115489886	5974	-0.249003855	1.061892867	0.346530765	0.565240592	0.747852695
Rab11fip4	14759	-0.08624012	5.367782603	0.345970192	0.565551626	0.748176288
C1qtnf12	1321	-0.155616383	2.378510719	0.345677959	0.565713908	0.748215129
Tmem120a	1278	-0.060471238	5.647341606	0.345684293	0.565710389	0.748215129
Rgp1	5872	0.082596227	4.297689039	0.345426996	0.565853346	0.748311637
LOC118567733	8209	0.307229186	0.853354566	0.345109674	0.566029753	0.748376585
Vezf1	10117	0.060055024	5.762909338	0.344980592	0.566101545	0.748376585
Prmt9	3481	0.059105795	5.418149845	0.344979983	0.566101883	0.748376585
Gm39888	4279	-0.104318976	3.078021809	0.344779078	0.566213657	0.748436462
Trav9-1	337	-0.202371223	1.67256501	0.34431883	0.566469883	0.748687244
Ankfy1	8083	-0.084858384	6.25790123	0.344180103	0.56654716	0.748701482
Pafah1b2	5719	0.050073446	6.810595499	0.343869711	0.566720138	0.748842173
Angel1	11814	-0.080139653	4.084047633	0.343459587	0.566948859	0.749056478
Camsap1	8652	0.116629827	2.914115828	0.343314508	0.567029812	0.749075525
Mvd	1864	-0.09759773	3.77876697	0.342429468	0.567524162	0.749565058
Sod1	637	0.06623684	5.607566054	0.342412699	0.567533537	0.749565058
Bod1l	10586	0.051222683	5.788103657	0.342279482	0.567608024	0.7495755
Dip2a	6806	-0.176809956	1.806129766	0.342149003	0.567681	0.749583943
Trav6-5	338	-0.215305036	0.912168803	0.341850879	0.567847809	0.749688289
Gm2423	1476	0.203603142	0.740745144	0.341769772	0.567893208	0.749688289
Cbfb	2990	-0.079907756	7.018978376	0.341620947	0.56797653	0.749710373
Cenph	1644	0.136448493	4.947104499	0.341402613	0.568098812	0.749783872
Scmh1	9230	-0.103923682	3.139410884	0.340995159	0.568327157	0.749935512
Pnpla8	6958	-0.07238279	4.970546405	0.340959885	0.568346934	0.749935512
Vgll4	14816	-0.081963491	5.750674912	0.340063573	0.568849932	0.750455701
Ovca2	2642	-0.071789443	4.323811111	0.339901209	0.568941145	0.750455701
Snx6	2113	0.040702451	6.67661387	0.339916093	0.568932782	0.750455701
Sirt4	3845	0.105754199	2.865948063	0.339512271	0.569159762	0.750480276
Fbxo33	8722	0.081224946	5.425746288	0.339576659	0.569123559	0.750480276
Unc50	1308	0.045490549	6.115252279	0.339555181	0.569135634	0.750480276
H2bc3	490	-0.197039133	1.113102705	0.338961345	0.569469721	0.750542928
Gss	1986	0.111997587	3.523534978	0.339098795	0.569392358	0.750542928
Atp11a	16018	0.093787009	3.651286155	0.338953839	0.569473946	0.750542928
Phpt1	1104	0.048236326	6.353818789	0.339057339	0.569415689	0.750542928
Rhbdf2	4025	-0.10064021	3.337551813	0.337868731	0.570085452	0.751260917
Ly6d	691	0.262684945	0.730079314	0.337344053	0.570381607	0.751563218
Gm36266	1895	0.239776907	1.030266552	0.336556488	0.570826735	0.751721928
Adam22	12918	-0.210674145	0.811404417	0.336754416	0.570714801	0.751721928
Fhdc1	6413	-0.157522223	2.547989733	0.336831981	0.570670947	0.751721928
Pak1ip1	1753	0.045179709	6.419712323	0.33657006	0.570819058	0.751721928
Cyb5r4	2650	-0.044547914	6.960272224	0.336540254	0.570835918	0.751721928
Slc15a2	4466	-0.726051386	1.551096329	0.336040843	0.571118556	0.75190054
TrnS2	59	-0.412341745	0.767417175	0.335958525	0.571165171	0.75190054
Mettl15	4103	-0.117390678	3.295084737	0.335946616	0.571171915	0.75190054
Cbx2	6141	0.088857535	3.991416409	0.335312031	0.571531533	0.75211011
Gnpda1	3785	-0.062146778	6.40912683	0.335482145	0.571435085	0.75211011
Dhdds	3414	0.056778478	5.448692793	0.335332148	0.571520126	0.75211011
Ipp	4883	0.069589987	5.0752266	0.334934378	0.571745766	0.752304095
Zfp865	4710	-0.110810869	3.850674172	0.334356945	0.572073645	0.752647551
Arl8a	3674	-0.121455576	2.904374188	0.334142455	0.572195534	0.752705848
Uqcrh	546	0.054661567	8.325786289	0.334043695	0.572251675	0.752705848
Them6	1488	0.133120204	2.245425644	0.333878284	0.572345729	0.752741614
Map3k10	5549	0.229724795	1.405044722	0.332622184	0.573060982	0.753506253
Zdhhc13	2410	0.052958304	5.283346398	0.332690364	0.573022112	0.753506253
Shld3	1630	-0.101711315	3.279371353	0.332315066	0.573236139	0.753648541
Nfe2	2806	0.316445186	1.079874022	0.331502246	0.573700238	0.753864663
Serpine2	2555	0.2527088	0.910832535	0.331469745	0.573718812	0.753864663
Rsph3b	1614	-0.10960343	3.199860725	0.331206551	0.573869263	0.753864663
Lig1	3656	0.108881147	7.817076123	0.331376616	0.573772039	0.753864663
Cfl2	3676	0.089869307	3.538149056	0.33187473	0.573487465	0.753864663
Arl14ep	3666	0.075869559	4.931898728	0.331481468	0.573712112	0.753864663
Ykt6	2476	-0.063753892	6.723042536	0.331270699	0.573832586	0.753864663
Fam216a	1362	-0.066683663	4.731367033	0.330887288	0.574051873	0.754016566
Cd160	2642	0.116566291	4.220909638	0.330618347	0.574205792	0.754130753
Wwp1	6622	0.082078581	3.714801293	0.330169952	0.574462604	0.754380029
Trav17	341	-0.154264213	2.59358447	0.329405093	0.574901207	0.754512346
Zfp974	8585	0.129417584	2.5051832	0.329339972	0.574938581	0.754512346
Caap1	2789	-0.10777342	3.624048155	0.329641275	0.574765697	0.754512346
Ttc33	1965	0.055156214	5.306655782	0.329324452	0.57494749	0.754512346
Sft2d1	1085	-0.049787786	6.358480474	0.329314047	0.574953462	0.754512346
Itpr2	12700	-0.04573516	7.184287373	0.329293104	0.574965483	0.754512346
Nsun6	9499	-0.091536835	3.36490524	0.329160499	0.575041612	0.754524297
Ubr1	8037	-0.052055248	5.695074654	0.328906855	0.575187286	0.754627487
Ammecr1	5435	0.118995926	3.09552614	0.328544338	0.57539562	0.754812851
Mtmr11	2812	-0.219129683	0.507962786	0.32798183	0.575719192	0.755149326
Caskin2	5285	-0.136810798	2.717729856	0.327673556	0.575896679	0.75529413
Dyrk2	8482	-0.105402754	4.339424564	0.327552901	0.575966176	0.755297287
Tatdn2	3390	0.160789659	2.62145111	0.327317724	0.576101687	0.755299032
Tmem86b	1726	-0.152568231	2.51503674	0.327346592	0.576085049	0.755299032
Slc30a5	3249	0.065884738	6.020327493	0.327180553	0.576180756	0.755314735
Tarbp1	6431	0.106590321	2.839292396	0.327039563	0.57626205	0.755326743
Ccdc85b	4401	0.066225555	4.529903147	0.326931974	0.5763241	0.755326743
Thoc6	1579	0.067861129	5.433958007	0.326695052	0.57646079	0.755417946
Pank2	4898	-0.124165308	5.337437015	0.326533707	0.576553915	0.755452046
Sap130	12221	-0.057466593	5.460456872	0.326368421	0.576649347	0.75548916
H2-Q4	1793	-0.07175971	4.766235463	0.325796906	0.576979574	0.755833842
Atg16l1	3308	-0.067018979	4.925365545	0.325656148	0.577060965	0.755852512
Gcat	2977	0.108601245	5.068420002	0.325207165	0.577320739	0.756026685
Wnk1	12257	0.060541166	6.303630317	0.325194193	0.577328248	0.756026685
Dnajc18	6324	-0.063979642	4.233693704	0.325067612	0.577401531	0.75603471
Fry	12390	-0.147008015	2.123826127	0.324328446	0.577829848	0.756507551
Efcab7	2421	-0.158145558	1.501730242	0.323965852	0.578040196	0.756606967
Bclaf3	4240	-0.077835108	5.085188376	0.324008542	0.578015422	0.756606967
Snora30	107	0.27274739	1.252111079	0.323511207	0.578304166	0.756864486
Adh1	1401	0.219053116	2.105308153	0.323041357	0.578577227	0.757133839
Trav3-1	417	-0.231043654	2.512128119	0.322318048	0.578998108	0.757281629
Rapgef4	10182	-0.184622672	2.623926734	0.321922923	0.579228292	0.757281629
Fbxl18	9742	-0.135083329	2.808762593	0.322005674	0.579180069	0.757281629
Rnf149	7490	-0.089572141	4.887203058	0.322023048	0.579169945	0.757281629
Pogz	8935	0.082946719	4.492738047	0.322048362	0.579155196	0.757281629
Mysm1	9827	-0.068626564	5.431506055	0.322495818	0.578894608	0.757281629
Sc5d	4929	-0.064870561	6.155075525	0.322000772	0.579182925	0.757281629
Zfp263	4069	-0.063557588	5.700559559	0.322392163	0.578954953	0.757281629
Snhg20	600	0.157840042	3.117885626	0.321779608	0.579311828	0.757302898
Lrrc1	4836	-0.144668772	3.351302496	0.321365026	0.579553621	0.757531019
Akap5	6835	0.317810779	1.155690413	0.320880246	0.579836619	0.757776391
Siah1b	2106	0.110504488	3.560195787	0.320812886	0.579875965	0.757776391
Alg12	2437	-0.086266791	4.437513697	0.32069726	0.579943515	0.757776705
Smoc1	3731	-0.352902564	0.482960784	0.319891299	0.580414821	0.758304521
Rufy3	18161	0.17181662	1.238306701	0.319499324	0.580644325	0.758441335
Tsr3	1317	-0.06801226	4.403477601	0.319471947	0.580660361	0.758441335
Cfl1	1184	-0.06222468	11.40090123	0.319367335	0.580721647	0.758441335
Ambra1	5309	0.043191052	5.829726055	0.318999922	0.580937	0.758634584
Sec24b	5433	-0.061693253	5.795781272	0.318656892	0.58113821	0.758721323
Kif5b	6030	-0.042068732	7.53411853	0.318710699	0.581106639	0.758721323
Kcnip2	3185	-0.170883124	2.094784985	0.318503547	0.581228204	0.75874582
Txlng	5686	0.081265511	4.274737268	0.318395272	0.581291765	0.75874582
LOC115487097	9394	0.303330305	1.011462188	0.31804121	0.581499712	0.758929256
Bub3	2198	-0.054811737	8.304979456	0.317514486	0.581809352	0.759245356
Avpr2	1938	0.290708639	0.415789416	0.317353298	0.581904176	0.759257548
Traf6	6188	0.058807094	5.625074977	0.317269343	0.581953578	0.759257548
Phf2os1	4285	-0.198194173	1.171910224	0.317015482	0.582103012	0.759364508
Btbd8	8291	-0.107271155	2.771443682	0.316575763	0.582362038	0.759526393
Naa16	4137	-0.06199112	6.055416372	0.316680455	0.582300345	0.759526393
Phlpp2	7941	-0.150357762	1.651401053	0.316090428	0.582648214	0.759675331
Mcm3	3035	0.109006642	8.519303112	0.315880357	0.582772172	0.759675331
Capn10	2877	0.089762108	3.411213696	0.31588767	0.582767856	0.759675331
Foxred1	3587	0.049098596	5.793007582	0.316208172	0.58257876	0.759675331
Eef2	3100	0.039143099	11.06771133	0.315810121	0.582813629	0.759675331
Rad52	3581	-0.07085551	4.342668564	0.315400438	0.583055568	0.759902707
Gigyf1	6630	-0.115040897	4.176942226	0.315225743	0.583158797	0.759949269
Rad23a	3449	0.040897883	6.849358366	0.315099222	0.583233584	0.759958761
Mpzl1	4031	0.330156637	0.449005557	0.31483505	0.583389801	0.760074341
Zbtb6	4535	-0.096885434	2.963190974	0.314334144	0.583686249	0.760202965
Fastk	2570	0.051775585	6.104768458	0.314325948	0.583691102	0.760202965
Atp13a1	4072	0.047092074	7.089547066	0.314466906	0.583607647	0.760202965
Rrad	1594	0.059105733	4.618021417	0.314132192	0.583805858	0.760264471
Nebl	22216	-0.128518135	5.113692769	0.313992314	0.583888732	0.760284449
Ubxn4	4380	0.038867941	6.918909878	0.313861766	0.583966101	0.760297256
Pgap3	3189	-0.123364495	3.296579485	0.313511133	0.584174009	0.760412575
Sfmbt1	8772	-0.111475953	3.439165179	0.313370723	0.584257308	0.760412575
Usp21	2185	0.065601482	5.405476433	0.313436486	0.584218291	0.760412575
Slc26a2	3863	-0.078495908	4.890590631	0.312941479	0.584512114	0.760656269
Tox	4558	0.042939325	6.793584818	0.312766746	0.584615905	0.760703405
Gmppa	1919	-0.047863172	5.60427912	0.312549915	0.584744755	0.760783133
Naa35	7241	0.044821658	5.813156455	0.312159103	0.584977142	0.760997535
Clk1	3088	-0.081793276	7.526930479	0.311801589	0.585189899	0.761186352
Gm52508	993	0.403139214	0.34593399	0.311312362	0.5854813	0.761191245
Mgst3	1097	0.158136654	2.374363306	0.311168336	0.585567144	0.761191245
Kif11	4844	-0.119883057	7.410349562	0.311114331	0.58559934	0.761191245
Ube2e3	4491	-0.08283571	4.704158049	0.31128487	0.585497684	0.761191245
Mplkip	2679	0.046357502	5.650040083	0.311365303	0.585449751	0.761191245
Capzb	2047	-0.043965794	9.756551458	0.311253168	0.585516578	0.761191245
Creld1	2252	-0.122080886	2.794889938	0.310619437	0.58589455	0.761399151
Rbm42	1701	-0.038015895	7.629546824	0.310640457	0.585882005	0.761399151
Heatr5a	8194	-0.065543859	4.437139267	0.310500164	0.585965745	0.761403781
Tm9sf4	7843	0.055355121	5.916013706	0.310059331	0.586229036	0.76165799
Rpusd4	1797	0.046803925	5.324305516	0.309910916	0.586317734	0.761685328
Zc3h18	4710	0.057126045	6.315140379	0.309291541	0.586688199	0.762078659
Maats1	2997	0.271221212	2.270285423	0.307384592	0.587831886	0.762352235
Tnfsf4	1609	0.204118616	2.918772989	0.308058694	0.58742706	0.762352235
Spag5	3884	-0.147482641	6.08401269	0.308393919	0.587225962	0.762352235
Sgk3	5622	-0.122927011	3.445258095	0.308767474	0.587002041	0.762352235
Ap5s1	1601	-0.082156591	4.305407959	0.307287494	0.587890246	0.762352235
Itfg2	2299	0.077260187	4.187275923	0.308260941	0.587305717	0.762352235
Tor3a	3268	0.065254649	5.249315296	0.308323889	0.58726796	0.762352235
Msantd4	2830	-0.06376934	4.461332997	0.307407279	0.587818252	0.762352235
Znrd1	783	0.055819932	5.721419875	0.307700495	0.5876421	0.762352235
Dolpp1	2921	-0.054717428	5.570648031	0.307247048	0.587914559	0.762352235
Cnpy2	1414	-0.052885883	6.487977225	0.307291347	0.587887929	0.762352235
Cib1	1371	-0.05133211	7.026134533	0.307579173	0.587714972	0.762352235
Apbb1ip	3363	-0.047311368	5.781553423	0.307614863	0.587693533	0.762352235
Rfk	2482	-0.045930723	6.16556582	0.308664998	0.58706345	0.762352235
Vps25	1419	0.04176954	7.459465637	0.307593229	0.587706528	0.762352235
Pak1	3745	0.213480717	1.562616697	0.306107463	0.588600466	0.763153753
Hipk1	8739	0.04293398	6.145497756	0.305894181	0.588729025	0.763232539
Gm52816	12242	-0.284299419	0.149745174	0.305721063	0.588833419	0.763279981
App	20895	-0.275225754	0.613096695	0.305522358	0.588953291	0.763347473
Galnt10	4763	-0.118569897	5.417380215	0.304981444	0.589279865	0.763682827
Cnpy4	1781	0.067567527	4.717735786	0.304755704	0.589416268	0.763771678
Cdc45	3645	0.126376729	6.344578661	0.304331226	0.589672938	0.763991638
Zfp623	3586	0.102103905	3.70643033	0.304066686	0.589833017	0.763991638
Lcmt2	3407	0.071275124	3.942459901	0.304166612	0.589772538	0.763991638
Gbp4	5236	0.061686943	6.49619901	0.303934844	0.589912831	0.763991638
Cnpy3	2459	0.051475175	5.114507752	0.303914211	0.589925325	0.763991638
Sfxn5	4580	0.215024563	0.667062964	0.303759118	0.590019249	0.764025385
Appbp2	2407	0.09593475	5.257183333	0.303452534	0.590205008	0.764178032
Gm22068	164	0.259094075	0.919657883	0.303071722	0.590435916	0.764220306
Ly6g5b	4310	-0.209056615	1.548881868	0.303062836	0.590441306	0.764220306
Zfp935	2472	-0.073122036	4.124104558	0.303178648	0.590371061	0.764220306
Reps1	5671	0.082000039	4.163759458	0.302512619	0.590775277	0.76456467
Vegfb	1282	-0.155456524	1.549317288	0.302203894	0.590962842	0.764719503
Hap1	4402	-0.217133681	2.243547329	0.301847554	0.591179492	0.764911933
Hmbox1	13949	-0.086805608	3.42420547	0.301507345	0.591386492	0.7650113
Vamp7	2578	0.056953439	5.312388015	0.301497974	0.591392196	0.7650113
Foxd2os	2908	-0.124669864	3.392029946	0.301064817	0.591655979	0.765188274
Gna11	3386	-0.10409726	4.056419922	0.300938563	0.591732911	0.765188274
Samd1	2256	0.101870857	3.229666016	0.300949568	0.591726205	0.765188274
Spc25	2181	-0.120834439	6.468768346	0.299567289	0.592569864	0.766006606
Sfxn2	3219	-0.069103652	4.243946838	0.299728375	0.592471416	0.766006606
Cmc1	1949	0.060132714	5.760498226	0.299598337	0.592550887	0.766006606
Ptprf	10956	-0.283143889	0.847483496	0.299125023	0.592840337	0.766180291
TrnW	67	-0.115380807	3.069115921	0.299231902	0.59277495	0.766180291
Brca1	6997	-0.103251699	4.755505922	0.298912297	0.592970525	0.76626058
Gm41608	14664	0.131477056	3.000200316	0.298530269	0.59320448	0.766411528
Parp8	9566	0.081583176	4.289919771	0.298388144	0.593291567	0.766411528
Tfam	4020	-0.03643224	6.441497103	0.29844297	0.593257969	0.766411528
BC005537	2551	-0.049525537	5.244548651	0.297954106	0.593557694	0.766667339
Mpg	1745	0.05373499	4.987135373	0.297771315	0.593669848	0.766724234
Zfp26	11473	-0.063665705	5.203376975	0.296512603	0.594443369	0.767535227
Cuedc2	2045	0.058474233	4.400328608	0.29641681	0.594502326	0.767535227
Qars	2501	-0.042596169	7.27607335	0.296424514	0.594497584	0.767535227
Capn15	5835	-0.067610056	4.346412844	0.296139367	0.59467315	0.767667736
2610306M01Rik	1034	-0.149732239	2.118817938	0.295713317	0.594935676	0.767918579
Fbrs	6619	0.083218546	5.179406875	0.295514645	0.59505818	0.76798865
Zbtb2	18357	-0.067308725	4.911509237	0.295326613	0.595174173	0.768050303
Rgs9	8671	0.104490809	3.554982068	0.294674352	0.595576914	0.768481937
Gm16638	4585	-0.266917892	0.629468451	0.293898704	0.596056601	0.769012745
Spata1	2558	-0.186540196	1.365345773	0.292888887	0.596682348	0.769731852
Gm14410	4104	0.179206866	0.903223902	0.292723849	0.59678475	0.769775746
Elf2	7038	-0.042160552	6.06536627	0.292224393	0.59709488	0.770087543
Tmem79	2562	0.16003074	1.367017336	0.291873526	0.597312953	0.770184099
Arl3	987	0.090262113	3.760804607	0.291773775	0.597374982	0.770184099
Mtfr1l	2673	-0.042164419	6.506084739	0.291903273	0.597294458	0.770184099
Srsf4	4467	0.097326332	4.940759462	0.291644895	0.597455146	0.770199248
Lrp12	4345	-0.180617018	1.225069502	0.291282276	0.597680818	0.770225578
Ippk	4885	0.070617421	4.427344548	0.291375313	0.5976229	0.770225578
Sla2	1499	-0.051041101	5.901955959	0.291407345	0.597602962	0.770225578
Birc5	3416	-0.130596461	8.029929931	0.290573531	0.598122429	0.770580743
Katnbl1	2883	0.073431426	4.69757114	0.290596168	0.598108313	0.770580743
Ufd1	2179	-0.037976951	6.310849669	0.290510461	0.598161761	0.770580743
Usp19	5427	-0.051016073	7.078270917	0.290002764	0.598478579	0.770900668
Txnl4b	1890	0.082522696	3.969687518	0.289829723	0.598586644	0.770951657
Chic1	12980	-0.264142536	0.702124126	0.289585488	0.598739242	0.771059985
Zfp583	11803	0.16084449	1.749462023	0.289273159	0.598934507	0.771135027
Ppp1r35	1075	-0.066486307	4.820054347	0.289309297	0.598911907	0.771135027
Spty2d1	5226	-0.064874686	5.246633612	0.288918856	0.599156181	0.771332222
Gramd1b	26857	0.05288497	5.822279996	0.288529785	0.599399811	0.771557635
Zfp418	2700	0.212280116	1.511507883	0.288003754	0.599729544	0.771875369
Snx10	3178	-0.113260703	3.114347988	0.287917299	0.599783774	0.771875369
Eaf1	4238	0.061058963	5.387665371	0.287279686	0.600184055	0.772302217
Wdpcp	4629	-0.240428426	0.533854355	0.286397625	0.600738749	0.77277454
Gm32604	10860	0.179197849	1.652371463	0.286368567	0.600757042	0.77277454
Gm40309	26216	0.134286942	3.484806239	0.28641817	0.600725817	0.77277454
Mef2a	10080	-0.087141105	4.575376401	0.285227347	0.601476409	0.773611495
Gemin8	2186	-0.109104583	3.75860843	0.284768205	0.601766357	0.773719238
Zfp74	4185	-0.088570968	3.242341775	0.284982275	0.601631134	0.773719238
Gbf1	6532	-0.047009977	6.64637783	0.284858906	0.601709055	0.773719238
Agk	10158	0.059841351	5.242315898	0.284477579	0.601950044	0.773867031
Mcm7	3470	0.091397943	8.505266395	0.284150718	0.602156778	0.773956046
Osgep	1608	0.041721125	6.303990193	0.284192849	0.602130122	0.773956046
Mbtps2	4799	-0.150379468	2.910045543	0.283726509	0.602425314	0.774212806
Gm36496	2182	-0.113118541	3.022187448	0.282793325	0.603016962	0.774426393
Casd1	4128	0.110885807	4.687056487	0.282972274	0.602903408	0.774426393
Gm20939	4700	-0.109645627	3.143414808	0.283048986	0.602854745	0.774426393
Stxbp3	2406	-0.062119311	5.483547529	0.282704992	0.603073031	0.774426393
Galnt6	5969	-0.056891939	7.705851445	0.282843237	0.602985285	0.774426393
Cd3e	1517	-0.055293313	9.696895395	0.283254407	0.602724473	0.774426393
Nupl1	6518	0.04763711	6.037331046	0.283023528	0.602870893	0.774426393
2900093K20Rik	591	-0.192404656	1.156253383	0.282078023	0.603471329	0.774562111
Paqr3	11914	-0.145011577	1.883739155	0.281997184	0.603522725	0.774562111
Swsap1	1846	-0.11224804	3.123250006	0.282009435	0.603514935	0.774562111
Mfap1b	1887	-0.104492969	2.350022124	0.282179706	0.603406693	0.774562111
Eml4	6755	0.077781601	5.531908087	0.282343598	0.603302545	0.774562111
Golga1	5384	-0.082573051	3.721301773	0.280933936	0.604199618	0.77525408
Sdf4	5705	-0.034657323	8.521974642	0.280958772	0.604183788	0.77525408
Trappc5	2034	0.063941256	5.547881284	0.280607897	0.604407515	0.775377144
Pik3ca	8257	0.063709091	4.664197033	0.280567516	0.604433275	0.775377144
Gm20324	1116	-0.068774509	3.473467241	0.280320756	0.60459074	0.775490776
Extl2	3532	-0.098618181	3.244811281	0.279899962	0.604859466	0.77574708
Lnx2	4646	-0.058056522	6.030826139	0.279783393	0.604933955	0.77575424
Rev1	12644	0.136103785	2.758119479	0.279485496	0.605124408	0.775910089
Gyg	1774	0.046901788	6.543100653	0.279222642	0.605292565	0.776037319
Tuba1c	1977	0.071480831	7.482201197	0.279064614	0.605393711	0.776078615
Inpp5d	5165	-0.060947302	6.910150093	0.278297797	0.605885037	0.776620032
LOC100861749	3939	0.140839997	2.416913832	0.277471655	0.606415355	0.7772113
Szrd1	6615	0.055142531	6.84455846	0.277279145	0.606539077	0.777281381
B230217C12Rik	1612	-0.16045247	1.634327017	0.276824194	0.606831686	0.777529118
Slc25a26	2684	-0.143230346	2.354174187	0.276763844	0.606870524	0.777529118
Dph7	2128	0.064268375	4.639602971	0.276574036	0.606992711	0.777597171
Stx17	6288	0.073991462	3.868059322	0.2763828	0.607115872	0.777666457
Gripap1	4807	0.052025745	5.740181171	0.27614244	0.607270748	0.777776347
Mrpl43	1213	0.056882953	4.685309412	0.275410882	0.607742664	0.77829222
Nudt16l1	1352	0.035910596	6.794103434	0.274933385	0.608051125	0.778598676
Ascc1	8230	0.053750894	5.242641086	0.274426512	0.60837894	0.778929842
Acp6	1933	0.075884782	4.856023899	0.274023516	0.608639852	0.779086692
Pccb	2362	0.069091951	4.224932132	0.274065507	0.608612655	0.779086692
Azi2	7046	-0.039658338	6.368360721	0.273536357	0.608955585	0.779402225
Mdc1	7529	0.087766013	4.878054882	0.273392429	0.609048935	0.779433092
Gm16158	2420	-0.404451738	0.621874108	0.272767419	0.609454678	0.779590745
Gm8465	1456	0.199913572	0.641339498	0.272708937	0.609492673	0.779590745
Meis3	2665	-0.097664651	4.713623574	0.2726694	0.609518363	0.779590745
Ccdc91	3218	-0.090642539	4.196322188	0.273089938	0.609245231	0.779590745
Bax	940	0.045395563	6.931165803	0.272822151	0.609419123	0.779590745
LOC118568526	12306	-0.157107838	1.269060947	0.272393216	0.609697888	0.779731776
Wrn	6774	-0.058515505	5.016673293	0.272117867	0.609876987	0.77987223
Extl1	4225	0.231117071	0.851039497	0.271695388	0.610152011	0.780135303
Rrm1	3997	0.097208107	8.926778065	0.271215009	0.610465061	0.780446929
Zswim3	2689	-0.09702783	2.719362622	0.270894217	0.610674311	0.780625797
Slc35a2	3193	0.056112708	4.360512234	0.270614222	0.610857079	0.780770776
Metap1d	8460	0.086125443	4.102032861	0.270203306	0.611125528	0.781014698
Slc39a11	3719	0.071428601	5.441281626	0.269938569	0.611298617	0.781014698
Cfap36	4192	-0.060885347	4.827886925	0.269897597	0.611325415	0.781014698
Dhx16	3449	-0.053964056	6.535613291	0.270055063	0.611222438	0.781014698
LOC118567424	3649	0.243317517	0.878283094	0.269408847	0.611645285	0.78133469
Twsg1	4063	-0.057358697	6.504316392	0.269169605	0.611801996	0.781357558
Ndufb11	908	-0.041665834	7.569744418	0.269192041	0.611787296	0.781357558
Gm41590	5517	0.207886609	1.966074051	0.268760861	0.612069944	0.781611097
Mtus2	8279	-0.33442054	1.142163032	0.268500435	0.6122408	0.781622544
Agps	7403	0.10386167	4.798569939	0.26836621	0.612328901	0.781622544
Srbd1	23870	-0.072154778	4.458599882	0.268323987	0.612356621	0.781622544
Zfp35	3127	-0.052925585	4.771860895	0.268472387	0.612259208	0.781622544
Zfp932	7722	0.050144235	4.571195258	0.26810292	0.612501799	0.781719222
Tm9sf3	6144	-0.103707877	7.373510101	0.267314938	0.613019905	0.782122926
Galk2	4347	-0.061135301	5.777510529	0.267304868	0.613026532	0.782122926
2210016L21Rik	1388	0.057964092	4.921266475	0.267344416	0.613000505	0.782122926
Med13	10540	-0.046417701	5.349452791	0.267140588	0.613134674	0.782172256
Zranb1	6272	0.074281697	4.226424453	0.266628639	0.61347195	0.782513847
Fam151b	1383	0.100184566	2.618882418	0.266382232	0.613634433	0.782632428
Gm14853	4740	-0.299213681	0.726519784	0.266152889	0.61378575	0.782648088
Dnajc13	8628	0.080596467	5.603348541	0.266170743	0.613773967	0.782648088
Slc25a17	1667	0.056233225	6.091567094	0.265555337	0.614180398	0.783062619
Brms1	1495	-0.035577838	6.17415545	0.26534161	0.61432169	0.78315407
1700010I14Rik	1976	-0.138724923	2.106146714	0.264924391	0.614597718	0.783328553
Senp2	7931	0.090758962	5.260679363	0.26493152	0.614592999	0.783328553
Clspn	5870	0.099425441	5.277786406	0.264662242	0.614771295	0.783461087
Rita1	1668	-0.123097664	2.552407972	0.26440761	0.61494	0.783561093
Mthfs	866	-0.080364205	4.449302206	0.264333729	0.614988969	0.783561093
Mapk1ip1	1524	0.088435589	3.317766634	0.264162795	0.615102299	0.783616803
Oscp1	8371	-0.155085589	1.534339939	0.263422225	0.615593842	0.783968296
Rab31	3499	-0.120412999	2.601330481	0.263454048	0.615572702	0.783968296
2300009A05Rik	598	0.086810626	3.92321652	0.263222755	0.615726388	0.783968296
Aamp	2466	0.03948642	6.481179789	0.263353723	0.615639354	0.783968296
Gstp1	744	0.034357048	7.487659704	0.263268137	0.615696226	0.783968296
1810013L24Rik	4074	0.07685688	5.201736961	0.26288196	0.615952992	0.784113169
Ywhaz	4154	0.037161405	9.957844301	0.262842159	0.615979469	0.784113169
Sergef	27884	0.063023239	4.269871323	0.262621019	0.616126625	0.78421182
Bcat2	3672	0.041034034	6.07061534	0.26239916	0.61627434	0.78431116
Acss2	2833	-0.075249917	3.817716323	0.261704936	0.616737071	0.784790715
Kdm8	3831	0.060879251	4.20270819	0.261624747	0.616790571	0.784790715
Tma7-ps	460	0.158424325	1.234018864	0.261398769	0.616941394	0.784893911
Arhgef2	11986	-0.037650986	7.830605397	0.261233098	0.61705202	0.784945948
Gm51436	12235	-0.407681948	0.496584728	0.26040467	0.617605867	0.785280764
Ablim2	4531	-0.299498762	0.168804701	0.260005332	0.617873246	0.785280764
Lipt2	1229	0.167805836	0.450605165	0.260165539	0.617765947	0.785280764
Zdhhc23	5964	0.148213973	1.801100024	0.260734523	0.617385209	0.785280764
Nsun3	4068	-0.055805042	4.46502195	0.260150433	0.617776063	0.785280764
Prkaa1	5447	-0.040031709	5.533468927	0.260283312	0.617687096	0.785280764
Csnk1d	4690	-0.038689552	7.852053649	0.260557672	0.617503493	0.785280764
Fam107b	3632	-0.037428186	8.593979108	0.260044842	0.61784678	0.785280764
Trbj1-1	48	-0.207917931	2.405493907	0.258482442	0.618895312	0.786476743
Wdtc1	4589	-0.073319324	3.858619532	0.258395193	0.618953983	0.786476743
Zfp335os	1049	-0.120675616	2.095607385	0.257557018	0.619518268	0.786838522
Dzip3	7181	0.08206992	3.751134727	0.257659805	0.619449006	0.786838522
Cmpk1	1880	0.04135025	6.912606141	0.257711204	0.619414378	0.786838522
Rchy1	2537	-0.034175038	6.918078496	0.257817893	0.619342515	0.786838522
Fancg	3090	-0.049445344	5.238688221	0.257248201	0.619726467	0.786925397
Ing3	5579	0.047017898	5.637238288	0.257341992	0.619663218	0.786925397
Ccdc82	8901	-0.060820827	5.670068084	0.256837745	0.620003435	0.787188302
Rnf157	5055	-0.146547845	2.568618588	0.256454731	0.62026214	0.787339178
Fancm	9096	0.053565952	4.834049168	0.256554897	0.62019446	0.787339178
Retnlg	608	0.644577842	1.134988505	0.254971101	0.62126657	0.78767553
Stard6	5872	0.235507362	0.789767424	0.255594861	0.620843828	0.78767553
2010001A14Rik	764	0.180983021	1.628867091	0.254716996	0.621438972	0.78767553
Gm52502	12593	-0.144266907	2.566930912	0.255149406	0.62114566	0.78767553
Adamts3	8302	-0.143335636	1.957447078	0.255481907	0.620920332	0.78767553
Ttll5	24867	-0.13677398	3.717662365	0.254968276	0.621268485	0.78767553
Eif2ak3	4868	-0.128700383	2.899798723	0.255142295	0.621150481	0.78767553
Zkscan5	4080	0.122897164	3.063045605	0.254913853	0.621305401	0.78767553
Mnt	7929	-0.067604404	3.569408698	0.254617307	0.621506638	0.78767553
Fam122a	1696	-0.057121485	4.52492725	0.255190156	0.621118034	0.78767553
Pigbos1	499	-0.054848574	4.935216056	0.255173095	0.6211296	0.78767553
Cds2	8988	-0.052602669	6.523284403	0.255308391	0.621037896	0.78767553
Arpc1a	1588	-0.047667966	6.95818342	0.255776267	0.620721007	0.78767553
Faim	1230	0.041135616	5.693331964	0.254808614	0.6213768	0.78767553
D430020J02Rik	2892	0.126209584	3.650540694	0.254075951	0.621874387	0.787756921
Pdcl	3393	-0.060665269	5.040438699	0.254151054	0.621823339	0.787756921
Poc5	4912	-0.060469887	4.478931434	0.254007791	0.621920724	0.787756921
Rab3gap1	4465	-0.057040101	6.162519592	0.254187189	0.621798781	0.787756921
Tomm34	2450	0.034955773	7.45088712	0.254075746	0.621874526	0.787756921
Cert1	11298	0.054649505	4.661521949	0.253423411	0.622318325	0.788171864
Tprgl	3408	-0.103208775	6.34448029	0.252794981	0.622746545	0.788536791
Pigp	1748	-0.070666214	5.538219131	0.252812833	0.622734371	0.788536791
Klf7	8188	0.064809719	4.481916729	0.252618589	0.622866861	0.788600441
AW554918	18983	-0.100073525	3.024341202	0.25203239	0.62326709	0.788929716
Pih1d1	5466	-0.054426275	5.461204822	0.25209804	0.623222238	0.788929716
Rbks	2047	-0.113473668	2.840204211	0.251600582	0.623562284	0.789184152
Ctu1	2517	0.075866726	3.946891739	0.251430859	0.623678398	0.789184152
Arid4a	8698	-0.036944687	6.490378082	0.251458878	0.623659226	0.789184152
Rnf130	8200	-0.197911291	0.8713758	0.250396023	0.624387445	0.789194325
Fignl1	3422	0.154672923	6.706630804	0.250479454	0.624330212	0.789194325
Zfp523	3710	0.150083455	2.4955357	0.250412204	0.624376344	0.789194325
Mki67	10257	-0.120937179	8.107599913	0.250500659	0.624315667	0.789194325
Eif5a2	5026	-0.089688048	3.773829699	0.2509951	0.623976745	0.789194325
Tmem260	11631	0.086758862	4.330672783	0.251138196	0.623878737	0.789194325
Fem1c	2866	0.06111062	4.987955312	0.251060495	0.623931951	0.789194325
Smarcd1	3153	-0.057624174	5.175895661	0.250713511	0.624169713	0.789194325
Dctn6	3187	-0.050591116	6.771906302	0.250485867	0.624325812	0.789194325
Cul4b	5061	0.050317953	5.804580549	0.25051663	0.624304713	0.789194325
Ptms	1155	-0.083842797	4.030933729	0.250005953	0.624655193	0.789304063
Fam117a	6606	-0.080229703	4.979934202	0.249963138	0.624684598	0.789304063
Map2k5	18344	-0.049580529	5.507704377	0.2500675	0.624612929	0.789304063
Pigg	4685	0.111388226	3.128470673	0.249596538	0.624936503	0.789533739
Chrna2	4172	-0.331139085	0.425072268	0.249335198	0.625116223	0.789589855
Top3a	6451	0.068698089	4.900787271	0.249327975	0.625121192	0.789589855
Tspyl2	2762	0.064594646	4.438626933	0.249129637	0.625257668	0.78967364
Atp5h	680	0.038559356	8.824222459	0.248637109	0.625596873	0.790013415
Hps4	4094	0.078596747	4.371427771	0.248294081	0.625833367	0.790056242
Trim30d	3896	-0.077350176	4.115536587	0.248321905	0.625814177	0.790056242
Tjap1	3604	-0.074988537	4.860773094	0.248282552	0.625841318	0.790056242
Kdelr1	1525	0.044323682	5.36581552	0.248134748	0.625943286	0.790096369
Nedd4l	18467	0.11066687	3.285611282	0.247521773	0.626366575	0.79054203
Atp5l	792	0.049572307	7.30427701	0.247231388	0.626567331	0.79070676
Nme7	4411	0.076994682	3.637141088	0.247036794	0.626701945	0.790787996
Dclk2	10490	-0.095919383	3.486525268	0.246912679	0.626787839	0.790807743
Gcfc2	5763	0.101194342	3.01824574	0.245888593	0.627497599	0.791525822
Rabif	1985	0.044987513	6.092168926	0.245932143	0.627467378	0.791525822
Mbp	8472	-0.034384597	8.184299593	0.24569446	0.627632355	0.791607109
Chd8	9965	-0.043980687	6.139784969	0.245331241	0.627884663	0.791747931
Uso1	4075	0.036438884	5.716154171	0.245408539	0.627830949	0.791747931
Adgrd1	5323	0.191434952	1.177568412	0.244954068	0.628146912	0.791970092
Gm38561	8329	0.097235814	3.461631715	0.244875549	0.628201539	0.791970092
Ddi2	3539	0.12939867	3.135088688	0.244474259	0.628480891	0.792233554
Erf	4844	-0.101817623	2.524566258	0.243744531	0.628989621	0.792519301
Arv1	10291	-0.069570411	3.939155788	0.243792486	0.62895616	0.792519301
Fxn	3050	0.066801644	5.066377074	0.2439423	0.628851653	0.792519301
Zfp984	7263	0.063170537	4.673122884	0.243644324	0.629059556	0.792519301
Zbtb25	13427	-0.058666382	4.776671874	0.243801344	0.62894998	0.792519301
Zfp1	5621	0.086849623	4.427543278	0.2434287	0.629210101	0.792620265
Thnsl2	2086	-0.146441881	1.926069644	0.242759975	0.629677524	0.793120336
Nt5e	3580	-0.068359913	6.677149878	0.24228664	0.630008863	0.793448908
Cchcr1	4861	-0.093960346	4.227223646	0.241464311	0.630585469	0.794086265
Zfp11	3916	-0.140129077	2.425493725	0.24135105	0.630664983	0.79409757
Aptx	6923	-0.069555784	5.170271389	0.241100296	0.630841105	0.794117176
Arhgap17	3617	-0.064364441	4.606350135	0.241027626	0.630892168	0.794117176
Mcu	3845	0.059754501	4.427765739	0.241178613	0.630786085	0.794117176
1700066B19Rik	2651	-0.122401212	3.021677091	0.240457737	0.631292944	0.794382802
Sppl3	3201	0.072480109	3.829456876	0.240582667	0.631205035	0.794382802
Supt16	4491	-0.042822711	6.865262542	0.240426567	0.631314881	0.794382802
Dera	2194	-0.040850059	7.365298779	0.23997589	0.631632268	0.794604545
Xrn2	11054	0.033740474	7.622984609	0.240023113	0.631598995	0.794604545
Nynrin	7413	0.260936584	1.023189269	0.239407632	0.632032994	0.794974289
Taok1	13151	0.080080398	4.795775886	0.239299163	0.632109552	0.794974289
Setdb1	4660	0.057159231	5.778158709	0.239258836	0.632138021	0.794974289
Xylt1	3070	0.285307185	0.355362435	0.238724866	0.632515257	0.795359853
Chm	5449	0.075899309	4.840714231	0.238430468	0.632723467	0.795443975
Bak1	2023	0.072096354	4.136868236	0.238478118	0.632689756	0.795443975
Vps51	2631	-0.037058166	6.256504017	0.238227263	0.632867276	0.795535931
Ppp1r3f	3492	-0.269000104	1.515308925	0.237921167	0.633084046	0.79571957
Snx9	8321	-0.145206298	1.529336039	0.237592262	0.633317163	0.795923713
A730008H23Rik	2213	0.065682687	4.223941733	0.237370355	0.633474558	0.795943814
Atp6v0e	797	-0.041081501	8.133768329	0.237399679	0.633453753	0.795943814
Hsf2	9618	0.103992162	2.625562622	0.237023021	0.6337211	0.796001333
Plcl2	4435	-0.073577198	5.215273865	0.237136133	0.633640787	0.796001333
Strada	2688	-0.063257907	5.644203408	0.237007035	0.633732452	0.796001333
Tbc1d15	3833	-0.05700737	5.989474345	0.236888198	0.63381686	0.796018542
Atp8a1	8494	0.071419259	5.536254628	0.236708224	0.633944742	0.796090341
Tanc1	9848	0.074374469	3.971225527	0.236391499	0.634169941	0.796284318
H2ac8	558	-0.089854755	5.576712397	0.235664151	0.634687817	0.796845706
Mfhas1	6666	-0.067154211	4.684272569	0.23502258	0.635145449	0.797331341
Hdgfl3	8888	0.099942539	3.8015058	0.234785078	0.635315056	0.797455335
Krt5	2205	0.197276357	0.811346769	0.234310687	0.635654153	0.797792024
9030025P20Rik	4522	0.120196519	2.00680937	0.234001667	0.635875272	0.797946717
Cdkn3	1037	-0.105094667	5.471233264	0.233940357	0.635919164	0.797946717
Cenpo	9503	-0.045561723	4.893348012	0.233839261	0.635991555	0.797948615
Brf1	11610	-0.063204601	5.721759036	0.233616422	0.63615119	0.798059961
Nrp2	8122	-0.254299254	0.718151873	0.233355278	0.636338385	0.798205854
Gm35574	10220	-0.130770183	1.718271097	0.233044412	0.636561393	0.798396631
Zfp712	3970	-0.108091085	2.969569287	0.232338016	0.637068835	0.798941563
Frs2	7953	0.096812102	3.833588219	0.232044823	0.637279733	0.798941563
Cdca7l	4263	-0.05480656	5.152131287	0.232082257	0.637252797	0.798941563
Kif3b	7301	-0.05335475	5.090590495	0.232231176	0.637145667	0.798941563
Nudt7	5696	-0.057908412	4.072203706	0.231220003	0.637873929	0.799538252
Bcl2l12	1492	-0.056940064	4.220831556	0.23118701	0.637897724	0.799538252
Nr2c2ap	1263	-0.117507909	2.202844415	0.231024782	0.638014758	0.799595919
Katnal1	6841	-0.219247692	1.146994508	0.230329128	0.638517192	0.799602509
Gm42127	4652	0.193106268	0.495650947	0.230413968	0.638455866	0.799602509
Gm46178	303	-0.142278149	1.201869862	0.230620814	0.638306408	0.799602509
Cpped1	6324	0.103146637	3.528044727	0.230779135	0.638192068	0.799602509
Zfp7	3870	-0.059585565	4.082098026	0.230330919	0.638515898	0.799602509
Ifi30	981	-0.049398356	5.426249259	0.230335782	0.638512382	0.799602509
Tomm40l	2921	0.047026144	5.098552897	0.230665402	0.638274201	0.799602509
Rps6kl1	2898	0.125168827	2.133299575	0.229517949	0.639104257	0.800248662
Tmem223	748	0.042809768	5.537817021	0.229399484	0.6391901	0.800267142
Gm30455	4283	-0.20052577	0.542194608	0.229036488	0.639453308	0.800410165
Perp	1901	0.159779767	1.041722852	0.228947839	0.639517626	0.800410165
Ireb2	8474	0.044088481	5.077970271	0.229122575	0.639390863	0.800410165
Troap	2329	-0.105869884	4.324895022	0.227812659	0.640342617	0.801353622
1110032A03Rik	5581	-0.111122541	2.635173894	0.227095407	0.640865195	0.801918457
Srp9	1388	0.039943551	7.277015927	0.226968497	0.640957766	0.801945157
Nit1	3396	0.04884523	4.645559217	0.226773413	0.641100126	0.801988682
Pfkfb3	6428	0.044055568	5.007273349	0.226725602	0.641135027	0.801988682
Cep170b	6751	-0.107226764	2.628651439	0.22656881	0.641249515	0.802042777
Cd48	1534	-0.044532839	8.454629126	0.226278293	0.641461777	0.802219138
Zfp607a	5038	0.065285471	3.886665922	0.226174715	0.641537495	0.802224716
Scg5	2572	0.443301163	0.8083368	0.225036645	0.642370874	0.80265703
Zfp473	5484	-0.23474412	1.260369408	0.224776271	0.642561905	0.80265703
Zfp90	3952	0.159321482	2.19722859	0.225375648	0.642122358	0.80265703
Hs6st1	3719	0.14846844	2.618983816	0.225443964	0.642072306	0.80265703
Elac1	8046	-0.11725917	3.587570646	0.225392332	0.642110134	0.80265703
Rfx3	17965	-0.096060982	3.128276597	0.224973915	0.642416885	0.80265703
Fut11	3344	-0.061853659	4.326782762	0.225142246	0.642293435	0.80265703
Blmh	2355	-0.05110084	7.462349435	0.224729571	0.642596182	0.80265703
Gpalpp1	8312	0.046374244	5.324904704	0.225271059	0.642199006	0.80265703
Rap1a	3327	0.037718038	8.820833774	0.224906508	0.642466336	0.80265703
Lmo4	2049	0.08495721	3.418088154	0.224230772	0.642962571	0.802689368
1110059G10Rik	3361	-0.05783941	4.221001041	0.22450757	0.642759189	0.802689368
Cnot3	10402	0.056908477	5.61688642	0.224184135	0.642996853	0.802689368
Alkbh3	12269	0.046822711	5.327571047	0.224112027	0.643049868	0.802689368
Coq10b	1733	0.044051061	4.765936866	0.224315803	0.642900076	0.802689368
Cnot2	5881	0.036309468	6.969438597	0.224392004	0.642844084	0.802689368
Aup1	1724	0.030035634	7.591859622	0.223971362	0.643153317	0.802729495
Gm42307	2238	-0.256168719	0.350475633	0.223771869	0.643300099	0.802734705
Il2rg	1663	-0.02978659	10.25490165	0.223843755	0.643247198	0.802734705
Tubb4a	2051	-0.264713715	0.572572231	0.223094591	0.643799027	0.803268253
Slc26a6	3316	-0.099267094	3.493344624	0.222354403	0.64434537	0.803860835
Akr1b10	1341	-0.077715575	4.092596492	0.221635542	0.644877046	0.80443499
Trim33	8890	0.071387172	4.36822105	0.221358726	0.645082065	0.804601583
Afg3l2	4451	0.086357205	5.613663509	0.221133896	0.645248698	0.80463113
Dpp3	2868	0.039354519	7.749994058	0.221169011	0.645222666	0.80463113
Gm36677	3537	0.10327238	2.548095729	0.220842984	0.645464463	0.804794861
Smcr8	8077	-0.067107546	4.657488874	0.22076414	0.64552297	0.804794861
Dele1	2404	-0.068563681	4.435469872	0.220378099	0.645809625	0.805063089
Mtbp	5879	0.057879998	5.042914324	0.220127233	0.645996071	0.805117211
Sugp1	2900	0.03744278	6.116120055	0.220143453	0.645984012	0.805117211
Casc1	11337	0.290716279	0.568926133	0.219869605	0.646187679	0.805177741
Crebbp	10847	0.046842556	6.927142009	0.219942048	0.646133786	0.805177741
Gm33989	24726	0.113266818	3.13334473	0.219170886	0.646708041	0.805736955
Tmtc3	11338	0.324033791	0.207539441	0.218845475	0.646950734	0.805950135
Coasy	2207	0.057396302	5.388187646	0.218621725	0.647117738	0.806068985
Bcl2l14	2428	0.16314128	1.680247975	0.218006912	0.647577166	0.806356235
Entpd1	4966	0.149173167	2.096908112	0.218213496	0.647422704	0.806356235
Glb1	2487	-0.067849774	6.043543519	0.217929802	0.647634844	0.806356235
Mtpn	4042	-0.04647579	7.619948697	0.218035856	0.647555519	0.806356235
Snora31	112	-0.166772861	1.016003034	0.217347963	0.648070461	0.806452664
Plod2	9445	-0.153539187	2.08229708	0.21734939	0.648069392	0.806452664
Stim2	4934	-0.118532727	5.292851226	0.217575013	0.647900386	0.806452664
Gm12174	906	0.10820758	2.127304264	0.217482581	0.647969611	0.806452664
Slx4	10632	0.080924859	5.138867312	0.217410558	0.648023562	0.806452664
LOC118567497	25097	0.19497304	0.597503749	0.216997533	0.648333171	0.806690411
Otulin	1795	0.101578428	4.252286187	0.216204421	0.648928712	0.807223957
Zfp3	1823	-0.078514668	3.378380038	0.216044726	0.649048788	0.807223957
Cep57l1	6021	-0.06515765	4.283633433	0.216221906	0.648915568	0.807223957
Trim21	2790	0.034042476	6.137784001	0.216065275	0.649033335	0.807223957
Spopl	23683	0.069917321	3.776253027	0.215888041	0.649166654	0.807281364
Cers6	20503	0.064019204	4.051031188	0.215514059	0.649448192	0.807453092
Vps29	2842	0.032803252	7.388384402	0.215591979	0.649389509	0.807453092
Capn7	4668	0.037987622	6.17991661	0.214979748	0.64985095	0.807864619
Trbj1-7	46	-0.227628053	1.785659517	0.214685846	0.650072752	0.808012862
Macf1	35185	-0.046327782	6.963503056	0.214631559	0.650113741	0.808012862
Gm46367	8939	-0.268718074	1.484330529	0.214349359	0.65032692	0.808099389
H2-Aa	1128	-0.262769123	0.508996844	0.21440915	0.650281738	0.808099389
Clec2d	1511	-0.083280644	4.472126706	0.213958966	0.650622113	0.808376973
Nfix	7951	0.24389156	0.537526987	0.213679633	0.650833531	0.80850361
A730017L22Rik	2375	-0.193637499	1.287996879	0.213634551	0.650867669	0.80850361
Glt8d1	3433	-0.119968047	3.131744254	0.212954767	0.651382951	0.80905442
Pacrgl	1464	0.07392447	3.799590828	0.21220725	0.65195074	0.809670318
Cenpb	2779	0.062935554	4.427156167	0.212047951	0.652071897	0.80973146
Crtc1	10649	0.048768911	4.891832147	0.211702177	0.65233507	0.809968922
Ighmbp2	8026	0.052039145	4.899900934	0.211257975	0.652673544	0.81029982
Mttp	4759	-0.210834435	1.035010734	0.210787654	0.653032395	0.810549491
Snx29	12979	-0.163447642	1.996058892	0.210617111	0.653162639	0.810549491
Ccdc157	6034	-0.125609458	1.632139446	0.210751397	0.653060079	0.810549491
Rnf34	2030	-0.050511916	4.990707349	0.210632833	0.653150629	0.810549491
Hdac11	2769	-0.302813519	0.355325612	0.210115962	0.65354574	0.810768202
Trav4-2	334	-0.162059	0.912497276	0.210103945	0.653554933	0.810768202
Cog2	2872	0.037360529	6.489460791	0.210225537	0.653461928	0.810768202
Nfs1	2122	0.03827394	6.181365657	0.209644276	0.653906829	0.811115368
Spata24	1003	0.100015781	2.657467399	0.209117507	0.654310671	0.811181869
Trbv3	347	-0.091700208	3.308802299	0.209056136	0.654357761	0.811181869
Slc38a9	11348	-0.081445597	4.360295402	0.209028076	0.654379294	0.811181869
Sh3glb1	7579	0.055003035	6.122513548	0.209384901	0.654105598	0.811181869
Bckdk	2857	0.051619795	6.900562743	0.209446887	0.654058082	0.811181869
Kat7	6302	0.033641933	6.789799261	0.209010524	0.654392764	0.811181869
Zfp764	9214	0.073906452	3.765025499	0.208901678	0.654476314	0.811196118
Mid1	6018	0.249180631	1.168705881	0.208791706	0.654560754	0.811211467
4632427E13Rik	669	-0.163166628	1.630611605	0.2082857	0.654949634	0.811604071
Tmem181a	5274	0.060237766	4.247122295	0.207510866	0.655546234	0.812081303
Phf2	5260	-0.054883693	4.29244551	0.207504485	0.655551153	0.812081303
Ube2s	988	0.046639017	7.170226317	0.207672238	0.655421871	0.812081303
Msantd2	33646	0.097710227	3.315573734	0.207073768	0.655883386	0.812321115
Acadm	2062	-0.056689898	4.678598386	0.207035102	0.655913232	0.812321115
Atp8b2	5851	0.047360955	5.903472828	0.206972959	0.655961206	0.812321115
Eif1ad	2912	0.03819617	6.751039498	0.20687934	0.656033496	0.812321283
1110019D14Rik	1498	-0.148466188	1.076824695	0.206553379	0.65628535	0.812365087
Wdr76	5775	0.071252706	4.47544313	0.20662735	0.656228175	0.812365087
Rab18	3688	-0.03841657	6.762056097	0.206707517	0.656166225	0.812365087
Vav3	5410	-0.147835668	3.545093107	0.206222031	0.656541614	0.812592952
9330151L19Rik	2546	0.161457318	1.490706415	0.205461698	0.657130604	0.812930184
Zfp658	4330	0.156187567	2.250593598	0.205738207	0.656916254	0.812930184
Lancl2	3657	0.081946129	3.950549955	0.205556001	0.657057481	0.812930184
Galnt12	2383	-0.076637445	5.421948469	0.205504465	0.65709744	0.812930184
Golga3	8265	-0.063871952	5.135232291	0.20540429	0.657175129	0.812930184
Eepd1	14816	-0.14097752	1.039463327	0.204820046	0.657628691	0.813312512
Rusc1	4259	-0.057101677	5.144912979	0.2048973	0.657568672	0.813312512
H4c2	450	-0.157331137	0.878184939	0.204332834	0.658007526	0.813526271
4931406C07Rik	3181	0.154852826	1.613657394	0.204450452	0.657916022	0.813526271
Dcun1d4	21648	0.085794965	3.267386064	0.204226115	0.65809058	0.813526271
Ciao3	2572	-0.044834233	5.122619966	0.204239625	0.658080064	0.813526271
Pola1	5941	0.080494469	5.877285827	0.203919385	0.658329438	0.813732193
Traf4	3269	0.156054086	2.906603414	0.203439238	0.658703778	0.813831779
Ralgps1	6628	-0.103160262	2.922147169	0.20340655	0.658729282	0.813831779
Dcaf5	5706	-0.08390249	5.255532992	0.203693868	0.658505192	0.813831779
Dbt	3301	0.063779421	4.018357631	0.20335251	0.658771452	0.813831779
Asb8	2842	-0.043465189	5.816309329	0.203508787	0.658649522	0.813831779
Gm52603	17792	-0.098288569	3.516968178	0.202808115	0.659196642	0.813999758
Cyfip1	7947	-0.053064093	5.264188887	0.203033936	0.659020185	0.813999758
Dffa	2672	-0.038397572	5.525261906	0.20287116	0.659147366	0.813999758
Mta2	3737	-0.035400225	8.695243845	0.202880525	0.659140048	0.813999758
Gsk3a	2260	-0.097143633	2.945621365	0.201724891	0.660044741	0.814957632
Sh2d4b	22390	-0.222618996	1.643869672	0.201362874	0.660328794	0.814997439
LOC118568325	5225	0.14132482	1.266926549	0.20112874	0.660512669	0.814997439
Vasn	3189	0.139090505	1.204576008	0.20120794	0.660450456	0.814997439
Gm46174	4930	-0.092602121	3.05634629	0.200842216	0.660737866	0.814997439
Gm12250	2702	-0.076394066	3.981017112	0.200735766	0.660821581	0.814997439
Nr4a1	7150	0.054601961	6.700514985	0.201587217	0.660152728	0.814997439
Taf5l	3177	0.05007327	5.800458645	0.200670017	0.660873301	0.814997439
Sec62	3966	0.047329741	6.597844768	0.200795238	0.660774807	0.814997439
Ap2b1	8513	0.038543847	6.876713717	0.201260647	0.660409061	0.814997439
Tnip1	3222	0.03334077	6.785831113	0.200921888	0.660675227	0.814997439
Tpr	7595	-0.029767348	7.934136934	0.201363307	0.660328454	0.814997439
Dctn5	1532	-0.048281042	5.825846645	0.20057577	0.660947457	0.814999613
Slc2a3	5864	-0.068314764	4.41245468	0.199997794	0.661402683	0.815445152
Vps26b	6873	0.033818236	6.494143951	0.199933153	0.661453645	0.815445152
Apol8	6570	-0.321685853	0.280849382	0.198583343	0.662520103	0.816072219
Icam4	1052	0.25681394	1.049334504	0.198791551	0.662355316	0.816072219
Usp12	4541	0.107694031	3.281800846	0.198677199	0.662445808	0.816072219
Ppp3ca	9908	0.096616529	3.322826711	0.19897472	0.662210433	0.816072219
Abhd17c	2238	0.072031698	4.192414905	0.19862267	0.66248897	0.816072219
Sepsecs	5989	-0.068732164	4.129551008	0.198463895	0.662614687	0.816072219
R3hcc1	2072	-0.055242301	4.863208586	0.198531072	0.662561489	0.816072219
Mbip	1938	0.052678995	4.542922462	0.198912204	0.662259873	0.816072219
Naxd	1425	-0.042462341	5.505385103	0.199137409	0.662081817	0.816072219
Nabp1	7434	-0.042568201	5.345072697	0.197935942	0.663033158	0.816498282
Eml5	16265	-0.124858981	2.741825825	0.197086265	0.663708054	0.817222598
Ring1	2034	-0.045826525	4.838152901	0.197012768	0.663766516	0.817222598
Tspan17	1859	-0.170779176	0.760986266	0.196804779	0.663932026	0.817336987
Usp54	15977	0.06902654	3.753015084	0.196279748	0.664350298	0.817762481
Gstm4	2235	0.059610343	3.60110472	0.196122973	0.664475324	0.81782696
Trav7-3	337	-0.18177551	0.925727759	0.195564901	0.664920875	0.818107017
Trav8-1	307	0.162598873	1.561760436	0.195585944	0.66490406	0.818107017
Dffb	5105	0.040583873	5.450113224	0.195651945	0.664851331	0.818107017
Cyp51	4353	-0.081117228	6.932120864	0.194911939	0.665443157	0.818637395
Dlgap5	2964	-0.07972525	5.91565912	0.194753445	0.66557009	0.818637395
Pmvk	3401	0.054158229	5.652608014	0.194841808	0.665499314	0.818637395
Ppp1ccb	1471	0.114895237	1.600125278	0.19445326	0.66581067	0.818654277
Mepce	3276	0.060453166	4.354599799	0.194553182	0.665730563	0.818654277
Edem3	6681	0.053721369	3.917832979	0.194440373	0.665821002	0.818654277
Med25	5632	0.036437873	5.823890457	0.19437343	0.665874686	0.818654277
Pcgf1	1921	-0.067112678	3.890594802	0.194277094	0.66595196	0.818659878
Zfp444	4563	-0.044621403	5.38810601	0.19396308	0.666204	0.818701521
Edc4	4813	0.044183326	6.767841927	0.194004956	0.666170375	0.818701521
Gmpr2	6902	0.042953351	5.323475268	0.193981304	0.666189367	0.818701521
Cmc2	2827	-0.056733313	5.527048003	0.193672716	0.666437277	0.818898806
Ap4b1	3450	-0.052815168	5.05140639	0.1931248	0.666878043	0.819350978
R74862	3889	-0.135963022	1.55640357	0.192777611	0.667157726	0.81960516
C2cd3	8177	-0.057220111	5.722553478	0.1925115	0.667372302	0.81977931
5430405H02Rik	1509	0.146018789	2.225642917	0.192205085	0.667619595	0.819993607
Gm46589	1572	0.116138545	2.026831143	0.191882683	0.667880049	0.820138476
Stimate	3836	0.098773213	3.989804384	0.191788614	0.667956092	0.820138476
Srf	6562	-0.054988851	4.791257528	0.191791644	0.667953643	0.820138476
Dbf4	2517	-0.054698668	6.129589329	0.191558434	0.668142259	0.820188154
Helb	4644	-0.046515459	4.716723162	0.191593648	0.66811377	0.820188154
Cdk5rap1	4348	-0.101612603	3.974058935	0.191332902	0.668324798	0.820322784
Kctd7	10569	0.056695099	3.862673204	0.191175032	0.66845265	0.820390269
Nlk	5391	-0.063281946	5.930468612	0.190920233	0.668659135	0.820554233
Map11	2577	-0.048714487	4.561883469	0.190766525	0.668783776	0.820617739
Safb2	6599	-0.046766302	6.173239002	0.190301857	0.669160944	0.820991054
Hsd17b7	5687	0.069911148	3.56774562	0.189549747	0.6697726	0.821651948
Pstk	1497	-0.054528075	4.217154142	0.189388571	0.669903866	0.821723439
Galnt6os	3722	-0.13689338	1.643289533	0.189178015	0.670075451	0.821844365
Srrd	1455	0.093296234	3.431816616	0.188948841	0.670262336	0.821984029
Cntrl	11257	0.038513991	7.204248307	0.188838431	0.670352422	0.822004963
Sec23a	4108	0.054025939	5.01660664	0.188507585	0.670622553	0.822012805
Srp68	2526	0.045774735	6.571887683	0.188392664	0.670716452	0.822012805
Scnm1	1093	0.045342216	5.50596542	0.188696219	0.670468501	0.822012805
Lypla1	2503	0.040511784	7.583446847	0.188383554	0.670723897	0.822012805
Idh3g	1444	0.031666244	7.678905053	0.1885514	0.670586763	0.822012805
Zfp786	12305	0.205804317	1.303821788	0.187600861	0.671364342	0.822526946
Dcaf10	8560	0.087996083	3.910833351	0.187460177	0.671479628	0.822526946
Tagap1	3194	-0.076776437	4.155826648	0.187424687	0.671508719	0.822526946
Naa40	3275	0.046172746	7.052534221	0.187762028	0.671232335	0.822526946
Hdac1	1971	0.033538437	8.635861321	0.187453084	0.671485442	0.822526946
Dmac2	2436	-0.050792853	4.81619667	0.187291267	0.671618113	0.822571444
Cd81	1518	0.079544345	3.843006185	0.18718416	0.671705965	0.822589553
BC029722	1421	0.050554044	5.258947793	0.187037772	0.671826087	0.82264717
Mpv17l2	1179	0.04540047	5.808550015	0.186794084	0.672026174	0.822802682
Zfand1	1922	-0.053035326	4.31885692	0.186685661	0.672115247	0.822822255
Ap1ar	2859	-0.0981893	5.033183224	0.186248401	0.672474789	0.823083407
Wdr90	6068	-0.071988382	4.968369954	0.186278373	0.672450128	0.823083407
Mon1b	5170	0.055647844	5.741295335	0.185888731	0.67277091	0.823356333
Ssx2ip	3701	-0.183791561	1.993491715	0.18542354	0.673154417	0.823563585
Zfp518b	7040	0.13158734	1.842054733	0.185417114	0.673159719	0.823563585
Map4	14429	0.056066629	7.03750695	0.185537159	0.673060695	0.823563585
Atpaf1	1925	0.040407315	4.577218202	0.185173819	0.673360526	0.823719744
Dennd5a	5004	-0.194686881	1.149848328	0.184858536	0.673620985	0.823926874
Tlnrd1	3847	-0.119889019	2.71755362	0.184791717	0.673676219	0.823926874
Tle1	18899	-0.190116181	1.175622622	0.184478407	0.673935367	0.824002014
Itga5	4470	-0.133299204	1.774243688	0.184535027	0.673888516	0.824002014
Wdr20	10022	-0.054065321	5.020787548	0.184451984	0.673957234	0.824002014
Icmt	5392	0.098304548	4.501438307	0.184183811	0.674179276	0.824183982
Dbndd2	5046	-0.112374218	2.148003334	0.183612561	0.674652904	0.824654417
Ano10	3245	0.040308783	5.317593827	0.183543056	0.674710591	0.824654417
Sytl1	1948	0.115723034	3.267489391	0.183142758	0.675043081	0.82488169
Apool	1341	0.036004571	5.332708064	0.183213343	0.674984422	0.82488169
Gem	4325	-0.230799839	1.78008216	0.182656895	0.675447225	0.82493336
Gm51995	4742	-0.176473929	1.889525054	0.182563461	0.675525017	0.82493336
Nsmce4a	1435	-0.096745191	5.288328429	0.182566997	0.675522073	0.82493336
Akt3	14040	-0.084217629	3.035701351	0.182977473	0.675180495	0.82493336
Tmem185a	2523	-0.052249246	4.980444314	0.182891722	0.675251814	0.82493336
Pak2	5954	0.027509312	7.918437443	0.182654996	0.675448805	0.82493336
Gm24289	135	-0.144224477	2.032612236	0.181974295	0.6760161	0.825085565
Fbxw9	1843	-0.110983442	2.572719201	0.182105371	0.675906763	0.825085565
Rala	2662	-0.067606127	5.234849049	0.182021988	0.675976312	0.825085565
Nkap	4262	0.044966112	4.861392995	0.182070719	0.675935664	0.825085565
Atg4d	3255	0.032830546	5.544066442	0.182241692	0.675793101	0.825085565
Mtf1	7631	0.051378751	4.556540966	0.181786944	0.67617246	0.825186944
Megf9	3062	0.125428234	2.404353502	0.181476065	0.676432127	0.825235466
Chst12	1821	-0.056494356	4.951395992	0.181628965	0.676304381	0.825235466
Ube2r2	3312	-0.052222717	5.781365912	0.18151687	0.676398028	0.825235466
Mutyh	2644	-0.064015668	3.751904373	0.18107838	0.676764685	0.82555172
Selenoh	685	0.051274438	7.532009211	0.180736179	0.677051194	0.825811739
Arf5	1072	-0.058523841	7.338248111	0.180587829	0.677175502	0.825873882
Tmem168	4917	0.058741555	5.522124113	0.180210112	0.677492277	0.826170716
Ppp6r1	3793	0.031210523	7.137782681	0.179946877	0.677713275	0.826350704
Lrrc51	1648	-0.193433353	0.775550827	0.179662027	0.677952637	0.826374057
Trbv16	347	-0.126398995	2.653565154	0.179675746	0.677941104	0.826374057
Gm16907	2764	-0.104317131	2.149224243	0.179769752	0.677862088	0.826374057
Prkar2b	3811	0.175432105	0.595886943	0.17922362	0.678321476	0.826652381
Rnf40	4204	-0.039345262	6.911931579	0.179216075	0.678327828	0.826652381
Rfxap	2162	0.087691516	4.692411411	0.179077364	0.678444642	0.826705247
Chrac1	851	0.031020876	6.628502164	0.178976545	0.67852958	0.826719265
Pex6	3372	-0.125382321	3.862177442	0.17880968	0.678670222	0.826801143
Rspry1	9448	-0.035995832	6.019611397	0.178683099	0.678776963	0.826841707
Sesn2	2658	-0.079549946	3.720678065	0.178454563	0.678969793	0.826987118
Gbp8	4396	0.087516508	5.33322265	0.17793936	0.67940504	0.827352362
Tmem18	2958	0.045804689	4.447795788	0.177925635	0.679416645	0.827352362
Amigo3	2543	-0.186791061	0.780400703	0.177755255	0.679560755	0.827438349
Lrch1	7035	0.036996703	5.780670959	0.177597037	0.679694651	0.827511883
Pik3c3	15963	-0.038071589	5.832222023	0.177499373	0.679777337	0.82752306
Chmp3	5004	0.030527478	6.25939317	0.177189251	0.680040077	0.827753399
Cope	1063	0.028290609	7.97546217	0.177051645	0.680156747	0.827805909
Rcsd1	4089	0.029667521	7.936354769	0.176748029	0.680414359	0.828029927
Stk19	1078	0.042540107	4.872667215	0.176188161	0.680890085	0.828444808
Commd6	875	-0.04115564	6.329776845	0.17617362	0.680902452	0.828444808
Dhrs4	1993	0.051898949	5.326416887	0.175769751	0.681246198	0.828773471
Fam102b	6367	-0.150000897	1.201411881	0.175428649	0.681536886	0.829037522
Pyroxd1	6064	0.084065511	3.138582162	0.175153659	0.681771477	0.829233285
Cdan1	6384	-0.080786006	3.901572021	0.175060414	0.681851073	0.829240508
Myo10	19807	-0.147799639	2.090143057	0.174824169	0.682052849	0.82928706
Gm15446	1551	0.140317172	1.183749647	0.174670716	0.682183999	0.82928706
LOC115490270	134	-0.115373516	1.806034493	0.174734369	0.682129589	0.82928706
Leng1	2213	0.059587397	4.582900082	0.174904668	0.681984077	0.82928706
Zfand3	3711	-0.061525337	4.464837885	0.17424477	0.682548396	0.829371813
Ckap5	17608	-0.055571062	6.746323033	0.174352439	0.682456236	0.829371813
Rsf1	11129	0.052692373	4.980049094	0.174300675	0.682500539	0.829371813
Clasrp	4750	-0.047338566	5.61764937	0.174361692	0.682448317	0.829371813
Gm10224	725	0.144959664	1.169385022	0.174061358	0.682705467	0.829473144
Eldr	1810	0.100038285	2.002172982	0.173924984	0.68282232	0.829525594
Klhl21	3895	0.105966126	3.542981118	0.173594599	0.683105636	0.829601214
Pkmyt1	3129	0.052840031	5.497300044	0.173596005	0.68310443	0.829601214
Tomm6	1007	-0.047716725	5.736675551	0.173671266	0.683039863	0.829601214
5830432E09Rik	1494	0.115110848	1.422289713	0.173318971	0.68334224	0.829799044
Nek2	4295	-0.130020302	6.954130434	0.172866358	0.683731256	0.830012013
Prdm10	19750	0.086937418	3.742386895	0.172857588	0.6837388	0.830012013
Aste1	8942	0.049830181	4.162894759	0.172873801	0.683724854	0.830012013
Thoc2l	11010	0.130471985	2.972307864	0.172518234	0.684030874	0.830277044
Spsb2	1474	0.157263975	0.718853962	0.172167541	0.684333065	0.830424198
Ccdc71l	4155	0.112280959	2.107093064	0.172208746	0.68429754	0.830424198
Sec61a2	7201	0.070542172	3.580958099	0.172120767	0.684373397	0.830424198
4930520E11Rik	4552	-0.235424558	0.498089029	0.170615312	0.685675001	0.83125631
Sult2b1	2112	0.189661516	0.897025676	0.170672171	0.685625718	0.83125631
Otud1	3549	-0.174861211	1.538155632	0.17092348	0.685408011	0.83125631
Atg9b	3934	0.134353097	1.273897118	0.170531394	0.685747754	0.83125631
LOC118568759	2864	-0.11874864	1.796282574	0.170197823	0.686037158	0.83125631
Esco2	2899	-0.114679965	5.359631216	0.17045212	0.685816502	0.83125631
1700094D03Rik	3085	0.110529227	2.982721954	0.17014268	0.686085032	0.83125631
Smad5	7417	-0.072590674	3.702160815	0.170133643	0.686092879	0.83125631
Ccdc32	1892	-0.052661024	4.585981394	0.170984344	0.685355314	0.83125631
Isca2	905	0.047465969	5.971290959	0.170226439	0.686012318	0.83125631
Iah1	1645	-0.042707752	4.898262939	0.170690813	0.685609562	0.83125631
Ppp6r3	5844	-0.041559548	6.555275724	0.17095067	0.685384468	0.83125631
Gabpb2	13589	-0.037246692	5.723898325	0.170498856	0.68577597	0.83125631
Zfp410	5478	0.036515901	6.084901936	0.170781563	0.685530929	0.83125631
Wdsub1	6195	-0.088160884	3.362620896	0.169586216	0.686568654	0.831478514
Ncaph	2695	-0.073647737	6.711138122	0.169328127	0.686793276	0.831478514
Arhgap35	8913	0.063673556	3.394048026	0.169766156	0.686412166	0.831478514
Plxnc1	8014	0.039848608	5.547346776	0.169581668	0.68657261	0.831478514
Ppp1cb	4147	0.035728707	7.537812245	0.169463705	0.686675253	0.831478514
Sec24c	6681	-0.035582493	7.751859508	0.169392898	0.686736885	0.831478514
Adipor1	3449	-0.03432033	6.978247665	0.169565869	0.686586355	0.831478514
Dync1h1	14398	-0.052469124	6.233427668	0.168870579	0.687191989	0.831666109
Atp2c1	5407	0.047290213	5.91939813	0.16890002	0.687166315	0.831666109
Hnrnpul2	5727	0.038870387	5.415394361	0.168920936	0.687148077	0.831666109
Itm2c	2024	-0.03695139	7.900600201	0.168811268	0.687243721	0.831666109
Farp1	6000	0.251277099	0.768000358	0.168712504	0.687329886	0.831680982
Msh5	5636	0.134073865	1.445255214	0.168409733	0.687594221	0.831911418
Gale	2156	-0.058118082	5.410042122	0.167885976	0.68805215	0.832376005
Nfe2l1	5275	0.03662395	6.053963353	0.167389478	0.688487024	0.832812605
Rbsn	5309	0.04913156	4.817535186	0.167293048	0.688571573	0.832825394
Gm38649	15042	0.31883897	0.390631673	0.167018822	0.688812169	0.832937422
Dcaf7	5750	0.034755444	7.482300139	0.167100483	0.688740499	0.832937422
Hey1	2408	0.25053039	0.326067309	0.166819148	0.688987503	0.833059962
Hmgcs1	4215	-0.071953497	6.462262508	0.166517367	0.689252731	0.833112223
Mlx	2553	-0.036489153	5.383490878	0.166683867	0.689106363	0.833112223
Chd4	8794	0.031523476	7.418175736	0.16658402	0.689194127	0.833112223
Zfp157	14577	-0.051614623	4.437529684	0.165995125	0.689712385	0.83348884
Dnajc8	1567	-0.026615928	7.201599778	0.16600281	0.689705615	0.83348884
Alyref2	1273	0.085224262	2.926079048	0.165854852	0.689835992	0.833548738
Wdr62	5733	-0.10384471	4.856712448	0.165506586	0.690143145	0.833651451
Dusp23	1417	-0.090091271	2.245705375	0.165640907	0.690024636	0.833651451
Mtor	8595	0.039302596	5.209819937	0.165560191	0.690095844	0.833651451
Them4	1949	0.081240887	3.04280767	0.165072775	0.690526277	0.833935295
Kmt5a	3884	-0.038135131	5.790342492	0.165119761	0.690484752	0.833935295
Ythdf3	5957	-0.052395965	5.853151497	0.164770527	0.690793565	0.83416861
Hnrnph2	2477	0.030671806	7.041745484	0.164686281	0.690868118	0.834169163
Kifbp	4512	-0.092531542	4.71263658	0.164403439	0.691118581	0.834292621
Fis1	1102	-0.032680793	7.988638782	0.164436463	0.691089324	0.834292621
Slc38a7	3563	0.077406057	3.664384094	0.163654388	0.691783106	0.834934727
Fip1l1	5195	0.033470449	7.01235552	0.163636697	0.691798822	0.834934727
Tmem8b	5591	-0.221165638	0.793304066	0.163298593	0.692099376	0.834957004
Zfp942	3378	-0.068424617	4.472719826	0.163306789	0.692092086	0.834957004
Dpcd	1489	0.049307539	4.969179581	0.163220884	0.692168506	0.834957004
Aplp2	3741	-0.036497293	6.507936901	0.163427426	0.691984808	0.834957004
Vta1	1999	0.033495349	6.749021829	0.163198854	0.692188108	0.834957004
Oip5	1557	0.090586415	4.418781727	0.16290189	0.692452487	0.835186426
Gm24949	215	-0.20159007	0.981557645	0.162296928	0.692991944	0.8352552
Gpr155	6955	-0.094816469	2.913058642	0.162416889	0.692884878	0.8352552
Rn7sk	332	0.092963034	5.599710225	0.162089439	0.693177237	0.8352552
Fbxo4	3446	-0.076578275	3.69439116	0.162282999	0.693004378	0.8352552
Trmt2b	3710	0.039950137	5.762191989	0.162138009	0.693133851	0.8352552
Pgm2	5386	-0.038481716	5.27416217	0.162581506	0.692738034	0.8352552
Med24	3513	-0.036985687	6.265220066	0.162171466	0.693103968	0.8352552
Stat5a	4583	-0.03388371	7.09506671	0.162132782	0.693138519	0.8352552
H2aj	1827	-0.03378453	7.010208987	0.162541981	0.692773283	0.8352552
Prpsap2	2035	0.038765949	4.991876872	0.16160455	0.693610799	0.835688183
2700049A03Rik	6045	-0.054254295	4.456160776	0.161330699	0.693855999	0.835804712
Slc25a10	4000	0.053417797	5.1128662	0.161354416	0.693834753	0.835804712
Zfp59	7655	0.071002579	3.27216508	0.160697094	0.694424249	0.836399721
D5Ertd579e	11903	-0.062553395	4.082347603	0.160154806	0.694911643	0.836718211
Btrc	11830	0.048043064	5.197066653	0.160235143	0.694839377	0.836718211
Zbtb11	7959	-0.040385379	5.789401252	0.160224423	0.694849019	0.836718211
Lrsam1	4539	-0.080296637	2.817998856	0.159782808	0.695246543	0.836942427
Cggbp1	4404	0.037638722	6.25705563	0.159862278	0.69517496	0.836942427
Amn1	1542	0.09690226	3.054717489	0.159394423	0.695596683	0.837217501
Acad11	3337	-0.061926329	3.564040898	0.15936439	0.695623779	0.837217501
Maff	3285	-0.146917197	1.353571853	0.159140692	0.695825697	0.837230995
Cmtm3	2644	-0.080212415	3.797633617	0.159241229	0.695734928	0.837230995
Mbtd1	7365	0.048182502	4.951211148	0.159104818	0.695858094	0.837230995
Setmar	1770	-0.17742129	1.224921153	0.158941061	0.696006032	0.837289717
Kcnmb1	4244	-0.141211096	0.758475276	0.158886163	0.696055646	0.837289717
Rnf5	1101	0.037989397	6.187798025	0.158566874	0.696344406	0.837547577
Paqr8	5516	-0.155874794	1.973446279	0.157952455	0.696901034	0.838038009
Cwf19l2	5697	0.051076701	4.434715475	0.158010337	0.696848543	0.838038009
Kif20b	5950	0.05933037	5.701755315	0.157285818	0.697506399	0.83867639
Armcx3	3935	-0.081388884	3.003300876	0.157115647	0.697661169	0.8387729
Prim2	4502	0.067342463	5.421097854	0.157008798	0.697758397	0.838800217
H2bc14	483	-0.127294622	2.200252805	0.156632895	0.698100763	0.838933235
N4bp3	2905	0.114053948	2.248399291	0.156560094	0.698167124	0.838933235
Sipa1l3	13335	-0.084832968	2.986479652	0.156643346	0.698091238	0.838933235
Zfp64	4791	-0.03928892	5.016442141	0.156585476	0.698143985	0.838933235
Eef2k	6935	0.143553871	1.252522623	0.156410821	0.698303248	0.839007254
Zkscan8	8922	0.103232983	2.674544875	0.156108311	0.698579345	0.839249415
Slc39a8	8023	-0.080826067	3.374727007	0.155836981	0.698827249	0.839457658
Carf	5815	0.113710237	2.735669997	0.155639959	0.699007418	0.8395845
Rbms2	5633	-0.057364383	4.82789296	0.155373545	0.699251256	0.839755334
Smim7	2842	0.02797241	6.420538143	0.155321594	0.699298833	0.839755334
Rac1	2364	-0.040438479	7.135856499	0.154850875	0.699730341	0.840183893
Nbn	7158	0.038973178	6.314012116	0.154663032	0.69990275	0.840301287
Supt5	3738	0.028737605	8.156515064	0.154560377	0.699997022	0.840324853
Gstz1	4003	0.053233376	3.526682708	0.154383655	0.700159398	0.840340565
Brwd1	20256	-0.043691917	5.074170852	0.154447862	0.700100391	0.840340565
Cuedc1	3189	-0.189659954	0.949020683	0.154065023	0.700452437	0.840420058
Chic2	2550	-0.094459437	5.292969913	0.154203532	0.70032501	0.840420058
Txndc17	1446	-0.035624742	6.873477706	0.154052374	0.700464077	0.840420058
Hnrnph1	6158	0.031566501	7.342013695	0.153987014	0.700524234	0.840420058
Trmt61b	2945	0.09224762	2.362168677	0.153880263	0.700622518	0.840448408
Nck1	3201	-0.049484288	5.427665775	0.153457744	0.701011915	0.840825926
Rab24	1901	-0.096890992	5.581348715	0.153291412	0.701165379	0.840920404
Fhit	1492	0.185519129	1.73868041	0.152391161	0.701997668	0.841704562
Idi1-ps1	2501	0.156274762	0.733260368	0.152341665	0.70204351	0.841704562
Chek2	4448	0.059971101	4.057746895	0.152468533	0.701926025	0.841704562
Faf2	4483	0.034271008	6.39286721	0.152134066	0.702235878	0.841845545
Zfp971	4206	0.098058313	2.104339916	0.151744178	0.702597573	0.842189467
Fbxl20	10179	-0.079830449	3.928940942	0.151533017	0.70279369	0.842334863
Ankrd40	3763	0.04949628	4.594979939	0.151381937	0.702934104	0.84241347
Ubn1	8158	-0.05184273	5.813372671	0.151128142	0.703170164	0.842606675
Ccnl2	6713	-0.031077287	7.454392162	0.15100607	0.703283787	0.842653137
LOC118567910	6011	0.142411457	0.994073085	0.150523839	0.703733166	0.842922437
Adnp2	5758	-0.052837586	4.357649647	0.15062423	0.703639546	0.842922437
Chtop	4450	-0.028922819	7.374279436	0.150560775	0.703698717	0.842922437
Pfdn5	679	-0.041431183	7.810841276	0.150116674	0.704113243	0.843287967
Commd9	1175	0.061508616	3.878178039	0.149399209	0.704784432	0.844002036
Cenpq	7726	0.038136821	5.101559921	0.148873454	0.705277463	0.84436604
Zfp68	4731	-0.03261333	6.092808647	0.148904919	0.705247928	0.84436604
Csk	4412	-0.024635987	7.755537832	0.148835175	0.705313399	0.84436604
Enpp2	3995	-0.206364722	1.268070655	0.148596564	0.705537524	0.844454757
Sirt1	3910	0.064177991	3.384097923	0.148620874	0.70551468	0.844454757
Erdr1_1	777	0.186896996	2.928997222	0.147816545	0.706271644	0.844847488
Gm13778	12746	0.123617076	0.880121632	0.147591867	0.706483516	0.844847488
Zfp760	13938	0.09748614	2.315823501	0.147747767	0.706336482	0.844847488
Cdca5	1906	-0.096853857	5.845933927	0.148086769	0.706017067	0.844847488
Rcan1	2532	0.091152248	3.152218655	0.147739992	0.706343813	0.844847488
Dynlt1c	1023	-0.079561481	2.770159271	0.147863769	0.706227135	0.844847488
Tmem63b	3588	0.071342904	2.801058673	0.147487986	0.70658154	0.844847488
Zbtb43	5226	0.06385223	4.104959558	0.147451381	0.70661609	0.844847488
Smap1	5467	0.058262919	4.439621731	0.147987638	0.706110427	0.844847488
LOC118568402	4909	-0.055142964	5.179118321	0.147568935	0.706505152	0.844847488
Lss	6956	0.086239014	5.240772798	0.147370494	0.706692455	0.844849066
Tmem267	2762	0.169652312	1.066415481	0.146968431	0.707072399	0.844964944
Vangl2	8346	0.156345147	0.549646734	0.146962797	0.707077727	0.844964944
Zfp777	6524	0.072838507	3.117924299	0.147178924	0.706873411	0.844964944
Timm21	3726	0.035592365	5.348959341	0.146950241	0.707089602	0.844964944
Tstd3	1587	0.043188315	5.018606165	0.146862196	0.70717289	0.844974782
Zgrf1	7891	-0.066806267	3.839479044	0.146365878	0.707642929	0.845366202
Mfsd10	1972	0.039113972	6.016925405	0.146357727	0.707650656	0.845366202
Cryzl2	3525	0.141115842	0.99579333	0.14627106	0.707732831	0.845374665
Mtfr2	2613	0.072475883	4.898168213	0.145963663	0.708024523	0.845574812
Uba1	5068	-0.033559385	9.382066929	0.145936191	0.708050609	0.845574812
Gna13	6458	0.030708009	6.706710773	0.145811001	0.708169518	0.845627114
Pms2	11400	0.054096765	5.313422582	0.14570712	0.708268231	0.845655291
Chml	6117	0.130227498	0.843971248	0.145352936	0.708605103	0.845904905
Homez	7741	-0.061242354	3.921961232	0.145329333	0.708627568	0.845904905
Dnajc5	4936	-0.029951966	7.249578689	0.145180656	0.708769133	0.845984191
Map7d1	3387	0.066361198	4.371379013	0.144968491	0.708971291	0.846046088
Stau1	3860	0.032405272	5.640581649	0.145031718	0.708911029	0.846046088
Kras	4982	-0.098612271	5.382498692	0.144667614	0.709258272	0.846136996
Tti1	5952	0.056012349	5.662594916	0.144652239	0.709272946	0.846136996
Dcp1b	3943	-0.039045195	4.4309524	0.144753198	0.709176606	0.846136996
Zfp653	2246	0.071931591	3.538181135	0.144413825	0.709500607	0.846260667
Pkn2	6207	0.068851713	4.795492912	0.144344757	0.7095666	0.846260667
Dynlrb1	1009	0.030773062	7.92091489	0.144307588	0.709602122	0.846260667
Ppp4r1	22687	-0.038099465	4.889059192	0.144129452	0.709772437	0.846374123
Dnajb1	3227	0.066798034	7.432435246	0.144049601	0.709848822	0.84637556
Epm2aip1	7249	-0.046859008	4.136547739	0.143552322	0.710325065	0.84685371
Ebag9	2459	0.054800193	4.690691915	0.143420456	0.710451512	0.846914773
1700123O20Rik	1891	-0.037320915	5.807757432	0.143192028	0.710670711	0.847086381
Zbtb8os	3996	-0.034844625	6.031768847	0.143032357	0.71082405	0.847109283
Snapc5	1059	-0.031665727	6.424532401	0.143015323	0.710840415	0.847109283
Eme1	2346	0.09057218	4.346194696	0.142770411	0.711075824	0.847120807
Cltc	6788	0.052614494	7.964765556	0.142792243	0.711054829	0.847120807
Tmem161b	7194	-0.046220667	4.359960467	0.142789162	0.711057792	0.847120807
Ivd	3660	0.030056898	6.030479765	0.142402116	0.711430265	0.847453384
Tyk2	5239	0.035002861	7.033488877	0.142100463	0.711720965	0.847620293
Krcc1	3419	0.028355915	6.327207043	0.142165892	0.711657882	0.847620293
Lzts3	8972	-0.234812421	0.488197602	0.141950505	0.71186561	0.847702882
Rmi2	3739	-0.118518665	4.309430421	0.141494124	0.712306363	0.848138025
Dlg1	16825	-0.04950555	4.382694127	0.1410663	0.712720279	0.848272006
Soat1	4808	-0.038983427	5.346588211	0.141196174	0.712594551	0.848272006
Rest	7559	-0.03683899	6.311813245	0.141241599	0.712550592	0.848272006
Calm1	4287	0.027116345	10.563518	0.141128614	0.712659946	0.848272006
Gm36449	1307	0.178585121	2.385588756	0.140540681	0.713229801	0.848511521
Echdc1	18269	0.080951031	2.33724246	0.140695537	0.713079574	0.848511521
Ext1	3464	-0.061328602	3.955159108	0.140470033	0.713298369	0.848511521
Taf6	2758	-0.050122829	5.384596705	0.140507744	0.713261765	0.848511521
Prelid1	1089	0.028754256	8.53096279	0.140545039	0.713225572	0.848511521
Lrrc70	1209	-0.142334265	1.478075025	0.139942499	0.713810997	0.848697623
Foxred2	9332	0.083155351	3.014328604	0.139976331	0.713778087	0.848697623
Slc16a6	9010	0.082161406	2.769472114	0.140186568	0.713573687	0.848697623
Accs	7001	-0.052740247	3.968923774	0.140146277	0.713612845	0.848697623
Cby1	1192	0.049329144	3.962995316	0.139921171	0.713831745	0.848697623
Wdr82	4343	0.050320925	6.187878611	0.139552465	0.714190724	0.849025828
Atad2	6253	0.047135212	7.241107113	0.139482785	0.714258626	0.849025828
Gm39214	9934	0.174199497	0.491864102	0.139180113	0.714553805	0.849247039
Pigs	2488	0.031323312	7.210844587	0.139137293	0.714595594	0.849247039
Traf3	8148	0.037936815	5.641019359	0.13891112	0.714816447	0.84941984
Trbd2	14	-0.410888397	2.625545728	0.1386307	0.715090557	0.849566219
Olfml3	1736	-0.185020122	0.498735688	0.138697686	0.71502505	0.849566219
Gm4258	61016	0.151836903	1.433379092	0.138155121	0.715556163	0.849939996
H3f3c	1037	0.124296674	0.845237404	0.138193224	0.715518825	0.849939996
Gm7072	10339	-0.049407178	5.347848032	0.137634848	0.71606658	0.850456541
Gm24265	141	-0.103588123	4.504476191	0.137373105	0.716323782	0.850672271
Rbm44	4025	-0.147974864	2.316003413	0.137224303	0.716470128	0.850756323
Zc3h6	5054	-0.091855477	2.418716676	0.136989223	0.716701512	0.850851589
Nbeal1	17951	-0.068604604	3.072069269	0.13699916	0.716691727	0.850851589
Gm13351	3699	0.202108725	0.72899778	0.136858889	0.716829895	0.850914272
Fosb	3776	-0.197064956	0.940172412	0.136361418	0.717320565	0.851100081
BC024978	8117	0.086839061	1.799771066	0.136555664	0.717128853	0.851100081
Spg7	2616	-0.079180813	5.445935365	0.13651357	0.717170385	0.851100081
Bad	1521	-0.04164503	4.92668027	0.136317003	0.717364422	0.851100081
Rpp21	500	-0.034315833	6.547816462	0.136441178	0.717241827	0.851100081
Pbk	1712	0.084090231	5.394722973	0.136038207	0.717639906	0.851337204
Tcf19	1787	-0.064798398	6.991384125	0.135895546	0.717780997	0.851359814
Ndufa13	1268	0.030022993	8.280442601	0.135866018	0.717810211	0.851359814
Siah1a	10774	-0.098559855	2.801993758	0.135429992	0.718242018	0.851541396
Tut4	12446	-0.079126284	4.300433774	0.135608287	0.718065352	0.851541396
Tbc1d19	9720	0.05860411	2.782194562	0.135405937	0.718265864	0.851541396
Slc37a1	9092	-0.038192547	5.574125643	0.135439457	0.718232636	0.851541396
Uimc1	3521	-0.037410057	6.40037932	0.135300626	0.718370285	0.851575516
Zbtb40	7408	-0.117247748	3.561677717	0.134224983	0.719439517	0.852548311
Gm32999	4937	0.096018842	3.962991532	0.134018546	0.719645284	0.852548311
Csrnp2	5635	-0.07399343	3.175392199	0.134140682	0.719523523	0.852548311
Ksr1	13255	-0.048220629	5.185642287	0.134106974	0.71955712	0.852548311
Rasal1	4911	-0.048152001	4.363302673	0.134281027	0.719383686	0.852548311
Mnat1	2607	0.042295389	5.060725705	0.134068341	0.719595633	0.852548311
Gm32803	1403	-0.217056368	0.831974402	0.133823375	0.719839986	0.852689243
Tm6sf1	3052	0.107691911	2.678665134	0.133236044	0.720426888	0.852786246
Aspm	11345	-0.090682189	5.585743746	0.133480964	0.720181968	0.852786246
Ankrd23	2610	0.057771408	4.224636073	0.133210826	0.720452122	0.852786246
Pgs1	3476	-0.040225509	5.735568276	0.133422546	0.720240363	0.852786246
Sft2d2	5795	0.0297548	6.484346049	0.133571297	0.7200917	0.852786246
Dnajc14	4365	-0.028932469	6.414783351	0.133446305	0.720216612	0.852786246
Sec61b	552	-0.02871221	7.644860626	0.133342157	0.720320743	0.852786246
Gm36220	105	0.084452101	3.991852988	0.13277961	0.72088401	0.853207757
E2f5	7181	-0.092948124	2.134391836	0.132627553	0.721036495	0.853208238
Gt(ROSA)26Sor	1606	0.055949079	4.922362746	0.132652479	0.721011492	0.853208238
D030056L22Rik	1636	-0.045146502	4.932085877	0.132552519	0.721111777	0.853208238
Rftn1	3840	-0.034486602	6.873996007	0.132406352	0.721258496	0.853292155
Mex3d	3258	0.131938056	0.6245906	0.132133151	0.721532978	0.85352719
Anln	7851	0.105033429	4.034556101	0.13181964	0.721848358	0.85381055
Sh3tc1	5150	-0.229782314	0.321242228	0.131557524	0.722112364	0.854010017
H2bc11	461	-0.103056134	3.266556152	0.131377158	0.722294205	0.854010017
Gm33887	5594	-0.079597906	3.827500564	0.131273575	0.722398699	0.854010017
Paip1	4717	0.052613339	4.287926361	0.131200799	0.722472145	0.854010017
Pbx2	3072	-0.050820957	4.135183781	0.131282758	0.722389434	0.854010017
Ap1s2	5930	-0.044206719	4.594244567	0.131315431	0.72235647	0.854010017
Acta2	2834	-0.117399669	1.127442621	0.130830837	0.722845864	0.854022309
Zfat	6592	0.08518363	2.732859935	0.130869952	0.722806323	0.854022309
Prdm4	4136	0.070958249	4.853487117	0.130815036	0.722861839	0.854022309
Lats1	7287	0.062798835	3.307686174	0.130840498	0.722836097	0.854022309
Dusp11	6818	-0.029887466	7.121139835	0.131080643	0.722593455	0.854022309
Gm35149	2545	0.153216433	0.872378287	0.130465196	0.72321581	0.854350848
Gnas	9024	0.038884836	6.931152437	0.130318382	0.723364518	0.854436863
Ccnb2	1541	-0.109558531	7.870255241	0.129810763	0.723879424	0.854955367
Cables2	2970	0.060768672	3.29109239	0.129654768	0.724037888	0.854998934
Atraid	971	-0.027367606	5.780657563	0.129624937	0.724068204	0.854998934
Pfkfb2	9788	0.102096172	2.897015678	0.129496877	0.724198389	0.855062975
Rpl6l	945	0.10947031	1.065573385	0.12930329	0.724395328	0.85520581
Xylb	4914	-0.128775806	1.168225169	0.128982943	0.72472159	0.855369263
Glb1l	5541	-0.098160171	2.242532273	0.128708112	0.725001863	0.855369263
Tubg1	1954	0.051382585	6.708922339	0.12892267	0.724783028	0.855369263
Ubox5	3884	0.045578656	4.154569677	0.128687891	0.725022497	0.855369263
Chchd7	4218	0.043936902	4.502464196	0.12885355	0.724853502	0.855369263
Zc3h10	2881	-0.043085361	4.762150467	0.128902635	0.724803453	0.855369263
Aar2	3623	0.037218853	5.104779845	0.128571203	0.72514161	0.855369263
Zfp868	3059	-0.036552541	4.688544321	0.128611144	0.725100832	0.855369263
5031434O11Rik	2311	-0.162928748	0.820925963	0.128295983	0.72542279	0.855465664
Cd99l2	3909	-0.053098132	4.065610039	0.128212123	0.725508535	0.855465664
Btbd19	4174	0.044175441	5.503792518	0.12819379	0.725527284	0.855465664
Ipo8	5375	0.028704532	6.079632025	0.12828618	0.725432812	0.855465664
Dsn1	2283	0.071667018	5.510380073	0.127922631	0.725804776	0.85561363
Ints14	3215	0.032414082	6.101321927	0.127930112	0.725797116	0.85561363
Gm15938	11081	-0.108438586	1.627505421	0.127472774	0.726265879	0.855990268
Vps53	3450	-0.027475999	6.357970254	0.127462578	0.72627634	0.855990268
Tmem38a	3080	-0.131657654	0.838973315	0.126761983	0.726996324	0.856059844
Cdc25c	2112	-0.104492793	4.974624929	0.127207456	0.726538261	0.856059844
Slfn3	1816	-0.090516425	2.255833082	0.127054098	0.726695851	0.856059844
Clstn1	4940	-0.055119301	3.254953656	0.126739239	0.727019734	0.856059844
2610005L07Rik	4009	0.054014404	3.526139065	0.126880527	0.726874341	0.856059844
Sh3bp5	7761	0.041785521	4.858913148	0.126984643	0.726767257	0.856059844
Fem1b	6496	0.03926057	5.485955435	0.12710659	0.726641899	0.856059844
Fntb	2866	-0.038481974	4.666719571	0.127111113	0.72663725	0.856059844
Ppme1	2361	-0.024953772	6.111171454	0.126814013	0.726942776	0.856059844
LOC115487814	33523	0.085014434	2.317029157	0.126037242	0.7277435	0.856822456
Rbmx	3752	0.044961254	6.326098547	0.125909082	0.727875882	0.856888704
Nrip1	20535	-0.049084997	6.928206581	0.12582394	0.727963869	0.85690268
Snora28	122	-0.177088976	0.798360856	0.12559609	0.728199502	0.857084404
Nab1	5164	-0.037364996	5.654900184	0.125527473	0.728270511	0.857084404
Traj8	37	-0.156417949	0.780917009	0.125049202	0.72876606	0.857577956
Ctdsp1	3393	0.04385604	4.616441723	0.12494817	0.72887088	0.85761166
Mlxip	8548	0.044117382	5.110420167	0.124874037	0.728947823	0.85761256
Lrig1	14487	0.044864688	5.808666147	0.124799509	0.729025202	0.857613973
Sarm1	7317	-0.163824455	1.026466717	0.124675633	0.729153873	0.857675719
Pcyt1a	5194	0.074328825	3.746150062	0.124439273	0.729399585	0.857785494
Actr1a	2749	-0.031630302	7.499341926	0.124482773	0.729354344	0.857785494
0610030E20Rik	4996	-0.034557085	5.278664114	0.12436223	0.729479734	0.857790145
Esrra	2579	-0.082516267	3.39230259	0.123990787	0.729866544	0.858065743
Elavl1	6418	0.073315555	6.61522074	0.123991026	0.729866295	0.858065743
P4ha3	2480	-0.18482248	1.305552275	0.12369749	0.730172438	0.858246117
Nsrp1	3116	0.03519155	5.419276914	0.123721285	0.730147606	0.858246117
Cep76	4431	0.04943303	4.324595155	0.123588137	0.730286593	0.858290684
Ccne1	1956	0.07929707	6.044512726	0.123386916	0.730496799	0.858448117
Plppr3	4638	0.099759614	2.161705442	0.122879927	0.731027288	0.85898186
Map3k4	6420	0.035963248	5.350127431	0.122797142	0.731114027	0.858994126
Mrgbp	2278	-0.037378428	5.221698091	0.122639362	0.731279436	0.859048958
Oxa1l	2534	-0.032080304	5.92212596	0.122607067	0.731313307	0.859048958
Mterf3	5058	0.034314581	5.175722269	0.12243455	0.731494329	0.859171952
Mapk3	1772	-0.039732095	5.485388834	0.122328982	0.731605174	0.859212502
Mblac2	3881	-0.085079854	2.939708934	0.122122588	0.731822039	0.859377544
Kpna2	2038	0.074711531	8.692572292	0.121828885	0.732130999	0.859650687
Doc2g	1397	0.178267649	0.864814001	0.121285099	0.732704147	0.859785218
TrnM	69	0.127366478	1.838931082	0.12129384	0.732694923	0.859785218
4933407K13Rik	3376	0.105216037	1.610567739	0.12110678	0.73289241	0.859785218
Zfp947	2858	0.096871092	1.907364568	0.121605902	0.732365848	0.859785218
Setd7	7979	-0.059742633	4.053216806	0.121068436	0.732932914	0.859785218
Hagh	3833	0.040745223	5.034971603	0.121337105	0.732649271	0.859785218
Mlec	6590	0.03550632	8.216308946	0.121135427	0.732862155	0.859785218
Snap29	3432	-0.033971454	4.850641057	0.121573533	0.73239996	0.859785218
Ep300	8865	0.030302558	5.846842775	0.12107737	0.732923475	0.859785218
Atp2a1	3440	-0.135332966	0.725116446	0.120727414	0.733293453	0.860028929
Rlf	8175	-0.039366568	4.978537938	0.120786446	0.733231002	0.860028929
Tm7sf3	3325	-0.070402542	3.617433368	0.120603118	0.733425006	0.860093616
BC065397	3229	0.203490969	0.749167878	0.11994885	0.734118734	0.860258949
Jrk	5529	-0.113588938	2.831117518	0.119893713	0.734177294	0.860258949
Gm15927	10080	0.068064007	2.67714761	0.119914838	0.734154856	0.860258949
Zfp703	3305	0.06381351	3.430579655	0.120105054	0.733952916	0.860258949
Msl3l2	2496	-0.0479249	4.301560008	0.119906344	0.734163878	0.860258949
Ddx59	3124	0.043942251	3.999424884	0.120322684	0.733722093	0.860258949
Ndufa11	2661	0.027680852	7.546335725	0.119917632	0.734151889	0.860258949
H13	11068	0.023958282	7.688997248	0.119919108	0.734150321	0.860258949
Ecpas	13887	0.035247242	5.813563098	0.119692182	0.734391466	0.860420348
Terf2	4786	-0.046445527	4.905640505	0.119505319	0.73459023	0.860563664
St7	9101	0.098393425	2.75483278	0.118914752	0.735219565	0.86094257
Zbtb18	7101	-0.067237873	2.742762618	0.119029218	0.735097448	0.86094257
Yeats2	10541	0.041974054	4.867754369	0.119091846	0.735030661	0.86094257
Ogdh	7669	0.033874473	8.286921869	0.118961591	0.735169587	0.86094257
Arhgef39	2425	-0.058143398	4.218710959	0.118503452	0.735658906	0.861367443
Nat2	7152	-0.062037831	3.537334483	0.118289496	0.735887788	0.861393206
Msh2	3081	0.043466889	6.267810414	0.118196854	0.735986965	0.861393206
Nudt18	4253	-0.039438032	5.143512625	0.118258866	0.735920573	0.861393206
Scyl1	2778	0.032629067	6.084060429	0.118346348	0.735826947	0.861393206
4930412M03Rik	3016	0.147054739	0.742325723	0.118051057	0.736143135	0.861396883
Crim1	6070	0.115365798	2.783448668	0.118052202	0.736141908	0.861396883
4930486L24Rik	1373	0.073814153	2.862265269	0.117903006	0.736301831	0.861491124
Dolk	2126	0.04022131	3.975900077	0.117833178	0.736376718	0.861491124
Lrrc45	2464	0.053651557	4.756076384	0.117622659	0.736602642	0.861653224
Ddx28	1871	-0.044383365	4.696207581	0.117490222	0.736744887	0.861653224
Qrich1	4624	0.024159505	7.332996926	0.117509222	0.736724475	0.861653224
3830403N18Rik	1364	0.184617048	1.150183139	0.117268361	0.73698338	0.861812839
Pask	5573	0.100652604	4.360615133	0.117218129	0.737037413	0.861812839
Rab7	2622	0.028611674	7.908648214	0.117149722	0.737111017	0.861812839
Abcd4	3533	-0.048753541	4.000945113	0.117004401	0.737267459	0.861906236
Smim19	1459	-0.058388101	3.35614614	0.116834475	0.737450527	0.862030737
Mybl2	4129	0.089361749	6.190606823	0.116397001	0.737922525	0.862450861
Smim20	954	-0.02829076	6.376043999	0.116359391	0.73796315	0.862450861
Tubgcp2	3739	0.031630281	6.149448681	0.116024213	0.73832552	0.862784794
Csf2ra	13857	0.065815291	3.052256193	0.115542085	0.738847794	0.863154271
Thap12	3932	-0.048532721	4.97706226	0.115646217	0.738734887	0.863154271
Snip1	2429	0.031158336	5.550326053	0.115520034	0.73887171	0.863154271
Ppp1r3b	4592	0.134315578	1.479754854	0.115377341	0.739026536	0.863245563
Agpat4	2718	0.078400544	3.096585361	0.115082183	0.739347132	0.86353045
Slc35e3	3483	-0.11015014	1.649908636	0.115007536	0.739428286	0.863535647
Rnaseh2c	646	0.030710609	5.813441595	0.114870315	0.739577545	0.863620371
Commd5	1851	0.033521346	4.849495912	0.114425319	0.740062267	0.864096764
Traj17	63	-0.128455323	1.376500489	0.114164927	0.740346396	0.864256635
Crcp	1474	0.035043194	6.040792295	0.11415913	0.740352726	0.864256635
Mospd1	2686	0.064834367	4.151089888	0.113947191	0.74058426	0.864347667
Abhd5	3754	0.047019441	3.954537074	0.11394805	0.740583321	0.864347667
LOC115488002	2959	0.123256787	1.710470507	0.113701979	0.740852443	0.864571038
D17H6S53E	2126	0.05167467	3.105733149	0.113417799	0.741163652	0.864844569
Xpo6	5371	0.033038019	7.457739445	0.113297694	0.741295312	0.864908553
Acot6	3393	0.10829284	0.80942228	0.113111956	0.741499073	0.865056639
Dennd4a	12547	-0.074938211	3.310496315	0.112969292	0.741655708	0.865149721
Tlr2	3299	0.088664278	2.242787326	0.112863136	0.741772331	0.865196115
Kmt2d	23080	0.03973838	7.004559644	0.112709651	0.741941059	0.865303268
Gm14326	11450	0.10743511	2.354955599	0.112109252	0.742602322	0.865984767
Zan	18502	-0.154564595	1.382726361	0.111950797	0.742777171	0.866020122
Pfn1	1847	0.028863872	11.44288707	0.111942356	0.74278649	0.866020122
Krt15	1720	0.121378285	1.073305413	0.111701127	0.743052953	0.866241083
Pomt2	5181	0.113338914	2.704545459	0.111294678	0.743502649	0.866496152
Ttc4	3470	-0.030801813	5.946230452	0.111313612	0.74348168	0.866496152
Psph	3922	0.027576274	6.080878673	0.111431968	0.743350649	0.866496152
Epn2	7433	0.203489318	0.296782281	0.110974913	0.743857083	0.866594475
Meak7	3330	-0.056214073	4.088056458	0.110960903	0.743872625	0.866594475
Frrs1	8069	-0.051014395	4.967259506	0.110940808	0.74389492	0.866594475
Ino80	17128	0.041849463	4.158444572	0.111129129	0.743686076	0.866594475
Gle1	3111	0.02904255	6.725637037	0.110868194	0.7439755	0.866598673
Wrap73	2437	-0.039225069	5.181917875	0.110755251	0.744100892	0.866655063
Klhl18	6377	-0.051341177	4.134210795	0.110611735	0.74426033	0.866675078
Ints13	8521	0.031602078	6.041110087	0.110601197	0.744272042	0.866675078
Plxna1	9028	-0.099583058	1.946893651	0.110528031	0.744353374	0.866680141
Zbtb4	8457	0.09480027	3.460691851	0.110310038	0.744595876	0.86687284
Kif4	6549	-0.093389393	5.66687572	0.109974706	0.744969433	0.867128399
C1galt1c1	1507	-0.040322696	4.068011875	0.110005688	0.744934893	0.867128399
Morf4l1b	1710	0.050035376	3.804723491	0.10983648	0.7451236	0.867218184
Rab5if	1051	0.064912455	6.590035667	0.109706254	0.745268944	0.867251416
Smim4	1357	-0.048253941	5.285109557	0.109672867	0.745306223	0.867251416
Taf7	3302	0.063109787	4.770331588	0.109499565	0.745499826	0.867387044
Prrt2	3279	0.141375115	1.551749483	0.109376363	0.745637564	0.867398642
Gmcl1	3143	-0.05081052	5.762741055	0.109288677	0.745735648	0.867398642
Sec11a	1796	0.023678785	7.694467257	0.109283952	0.745740936	0.867398642
Parg	5734	-0.033095199	6.058212691	0.108731787	0.746359606	0.868028559
Avpi1	976	-0.069991413	3.030986624	0.108546569	0.746567527	0.868180685
Ccnf	4330	0.079334165	6.703472456	0.108199475	0.746957695	0.868544694
Clk2	2320	0.051421894	4.343114496	0.108067784	0.747105913	0.868627323
Pcsk1	5438	-0.289433498	0.066088353	0.107740042	0.74747522	0.86894076
Rap1b	1937	0.068365544	8.373602298	0.107691591	0.747529869	0.86894076
Crppa	9562	-0.087088641	2.722032679	0.107551181	0.747688317	0.869035213
Prorsd1	2128	0.037666905	5.193880957	0.107189239	0.74809729	0.8694208
Pdzk1ip1	1129	0.101348041	3.528011444	0.106813706	0.748522434	0.86950351
Cenpm	4221	-0.080667647	5.326806917	0.106763029	0.74857987	0.86950351
Entpd7	6050	-0.039792775	4.415799578	0.106848468	0.748483045	0.86950351
Dpp8	7287	-0.03633568	6.443889454	0.106960324	0.748356348	0.86950351
Pnpla6	8623	-0.035435233	5.016758131	0.106717165	0.748631864	0.86950351
Aldh9a1	3250	0.025146811	6.383769814	0.106853223	0.748477657	0.86950351
Parp11	5695	0.04212463	4.93591918	0.106584074	0.748782812	0.869589117
Ogdhl	3758	-0.143216486	0.777805889	0.106083929	0.749351007	0.87015922
Gm15760	3445	0.099380509	0.857027818	0.105984665	0.749463954	0.870200618
Dipk2a	3950	-0.097717169	2.853751255	0.105616182	0.749883745	0.870508476
Dusp10	8386	0.030404068	6.671487215	0.105620554	0.749878759	0.870508476
Fkbpl	1713	-0.086994121	1.777233567	0.105492005	0.750025396	0.870583143
Bbc3	4005	-0.126995892	0.509314549	0.105327397	0.75021331	0.87071149
Donson	2954	0.078666268	4.524419471	0.105042903	0.75053847	0.870852948
Dcxr	1789	0.048237761	4.159805111	0.104953048	0.750641271	0.870852948
Hmgb2	2757	-0.041798657	10.14729124	0.105141113	0.750426167	0.870852948
Unk	4061	-0.029263155	5.11129951	0.104950131	0.750644609	0.870852948
Magi3	6672	0.080478428	1.800443472	0.104760401	0.750861838	0.871015206
Lmnb2	3780	0.037152654	5.502214011	0.104258907	0.751437073	0.871592682
4933407O12Rik	1147	-0.10017349	1.8051531	0.1041423	0.751571047	0.871658272
Armc10	2099	0.034212936	5.545008338	0.104049082	0.751678207	0.87169038
Zfp672	13583	0.032062878	5.293910581	0.103983536	0.751753589	0.87169038
Lzts2	4983	0.1397201	1.592529564	0.103635541	0.752154246	0.871844858
Lat2	4088	-0.127757559	1.034925537	0.103598809	0.752196581	0.871844858
Cnrip1	1614	0.109358958	1.277354437	0.103796666	0.751968646	0.871844858
Gpi1	2887	0.026373052	8.845767215	0.103631253	0.752159188	0.871844858
Mis12	3402	0.046243304	5.618681903	0.103495276	0.752315949	0.871893448
Rtl8b	1273	-0.06611869	3.445865671	0.102989514	0.752900021	0.872480539
Fan1	6304	0.054275793	3.425029957	0.102817673	0.753098831	0.872621104
Gm50287	13851	-0.129943986	2.005293627	0.102413749	0.753566876	0.873073571
Kif13b	13395	0.090795184	2.787559533	0.102271795	0.753731607	0.873174566
Ythdc1	5482	-0.037062838	5.311323921	0.102006079	0.7540403	0.873442298
Rhoc	1074	0.148713189	0.681916394	0.101926156	0.754133237	0.873460081
Camkmt	17346	-0.066273034	3.230573903	0.101681376	0.754418125	0.873610291
Eif4ebp1	981	-0.058354271	3.725252982	0.101710418	0.754384305	0.873610291
Taf5	3258	-0.079864723	3.091023204	0.101472325	0.754661732	0.873712647
Snap23	3177	-0.024057926	5.668367439	0.101505454	0.754623108	0.873712647
Mcm9	12161	0.06944142	3.097538366	0.101392065	0.754755332	0.87373116
Arf2	2776	-0.040608437	4.382257824	0.10113018	0.755061032	0.873905325
Golgb1	11246	0.038532167	4.905388134	0.101144108	0.755044763	0.873905325
Espl1	6980	-0.082136972	6.134815964	0.101034851	0.75517242	0.873944398
Dlg4	8390	0.099990327	1.852707355	0.100901312	0.755328551	0.873945409
Tmem218	1147	0.085825443	2.190134531	0.100910987	0.755317235	0.873945409
Brpf1	5175	-0.030682174	6.202938843	0.100619634	0.755658259	0.874237045
Hdac5	5484	-0.039199823	4.76126219	0.100489654	0.755810575	0.874323412
Zwilch	3050	0.045369325	4.099917093	0.10038085	0.755938159	0.874381157
Gm32483	17858	0.094641603	1.873687017	0.100001323	0.756383797	0.874577145
5031439G07Rik	7241	-0.074859767	2.50701519	0.099971938	0.756418339	0.874577145
BC031181	1209	0.024015913	6.80046055	0.100094784	0.756273969	0.874577145
Actr1b	3344	0.021903199	6.640178702	0.099996206	0.756389812	0.874577145
Inip	3226	-0.029198445	5.796686038	0.099824835	0.756591345	0.874687345
Maml2	45896	-0.0354898	5.93560149	0.099691771	0.756747963	0.874778577
Gm39342	23117	0.181970748	0.414545692	0.09925579	0.757261926	0.875024577
Fam8a1	3717	-0.064639514	2.538263425	0.099331869	0.75717215	0.875024577
Ttf1	4421	-0.031449881	5.438906372	0.099387873	0.757106087	0.875024577
Nisch	10696	-0.028847061	7.221596605	0.099247536	0.757271669	0.875024577
Dync1li2	8261	-0.030779472	5.257316221	0.099135032	0.757404505	0.87508825
Lcp1	4929	-0.03440761	11.40912402	0.099001971	0.75756172	0.875180076
Mbd2	5106	0.041865865	5.414444609	0.09878455	0.757818861	0.875387311
Zfp189	3047	-0.093302174	1.754317962	0.098574758	0.758067275	0.875584424
Zfp687	13262	-0.040034467	5.37922793	0.098393259	0.758282424	0.875743078
Akap9	24765	0.031421411	5.411243209	0.098307204	0.758384509	0.875771136
Pbld2	5843	0.085479899	2.181658408	0.098097882	0.758633032	0.875878441
Ier3ip1	1394	0.02552475	6.859593495	0.098136032	0.758587716	0.875878441
Ppip5k1	8557	0.042701721	4.356608595	0.097731448	0.759068795	0.876201835
Pigk	26076	0.028708169	5.757153218	0.097756697	0.75903874	0.876201835
Ddit3	2542	-0.062267243	4.050036659	0.097566872	0.759264803	0.876248401
Cln6	2142	0.038897956	4.231068942	0.097592204	0.759234621	0.876248401
Zscan21	2407	-0.038558276	4.848943672	0.097245424	0.759648168	0.876586797
Ints12	3086	0.034885761	5.050008495	0.097190495	0.759713748	0.876586797
Zfp428	4327	0.092265598	1.482763839	0.096946338	0.760005493	0.876716161
Galnt1	4368	-0.031025929	5.378311718	0.096913289	0.760045015	0.876716161
Psmf1	3751	0.025781684	6.284028755	0.096901187	0.760059489	0.876716161
Tom1	2413	0.050579631	3.680181482	0.096765168	0.760222237	0.87681405
Caprin2	5067	-0.124243661	1.753559772	0.096682141	0.760321641	0.876838868
Art4	2384	0.073441326	2.764701313	0.096478475	0.760565681	0.877030465
Tysnd1	2349	0.107751559	4.571861351	0.095854227	0.76131545	0.877715242
Maz	3376	-0.040104062	6.297885254	0.095887131	0.761275864	0.877715242
Grhpr	1281	0.032870879	4.671996341	0.095597299	0.761624822	0.877892111
Rilpl2	1260	0.028358531	7.72200437	0.095616493	0.761601694	0.877892111
Dhcr24	4028	0.067680045	4.954017541	0.095310625	0.761970553	0.878200705
Fbxo47	6234	-0.121138544	0.581613355	0.095150786	0.762163569	0.878333243
Lrrc47	3395	-0.09522154	3.061345673	0.094959255	0.762395089	0.878420214
Yipf2	2181	-0.040691	4.04506568	0.095000747	0.762344912	0.878420214
Nucb1	2723	0.020917322	8.08352577	0.094735132	0.762666333	0.878642814
Apbb2	19958	0.161464037	0.495331262	0.094535857	0.762907802	0.878831068
Nek6	4341	0.123526794	0.793297147	0.094451372	0.76301026	0.878859168
Ro60	8732	0.08356505	1.833129536	0.094347223	0.763136634	0.878914806
Reep2	1926	0.183765106	0.734326921	0.09408439	0.763455898	0.879192563
Tigd3	2139	0.102495454	1.556025575	0.09388363	0.763700093	0.879383824
2810002D19Rik	1484	0.064386396	3.779387093	0.093713943	0.763906715	0.879531785
Vapb	6969	-0.067666675	4.375716751	0.093467294	0.76420742	0.879608132
Cln3	4037	0.02950825	5.35887485	0.093511895	0.764153012	0.879608132
Lamtor5	884	0.026991806	7.380787783	0.093495096	0.764173502	0.879608132
Rasa2	11795	0.022413611	6.398746125	0.093271949	0.764445886	0.879792658
Gm11423	784	-0.12751254	1.357641024	0.093121799	0.764629367	0.879823939
Ybx1	3955	0.08310467	8.414343983	0.093175016	0.764564318	0.879823939
Nudt13	6817	-0.052564167	3.121424921	0.093042922	0.764725818	0.879844993
Ddx5	3900	0.02901204	9.362296727	0.09284791	0.764964475	0.88002964
Pak4	3186	0.046477027	3.385556848	0.09274967	0.765084805	0.880078138
Gm31616	1255	-0.084344942	1.40611264	0.092543661	0.765337365	0.880098882
Impa2	4065	0.035468397	5.332377141	0.092555611	0.765322707	0.880098882
Rnf14	4150	-0.023176601	6.374745869	0.092620725	0.765242852	0.880098882
Ubr2	8172	-0.029688184	6.162971995	0.092290629	0.765647998	0.880279704
Snapin	1916	-0.029292971	5.734229228	0.092288192	0.765650991	0.880279704
Xpo4	16210	0.036126063	5.530440643	0.091920166	0.766103637	0.880710175
Gm31619	5225	0.153058554	0.672218615	0.091620711	0.76647268	0.880792223
Ppp2ca	1930	0.044245857	6.180747554	0.091659158	0.766425262	0.880792223
Ogfr	2405	0.024049271	6.618527209	0.091608327	0.766487956	0.880792223
Prkcsh	2108	-0.022474801	7.016544129	0.091669795	0.766412145	0.880792223
Gm33272	7572	0.16831158	1.480990847	0.091133319	0.76707475	0.881196687
Fam122b	4596	-0.063488204	3.646428506	0.091198583	0.766994028	0.881196687
Srp14	790	0.023310094	7.695998483	0.091151893	0.767051773	0.881196687
Ralgps2	8256	0.032907287	4.964610167	0.09085624	0.767417811	0.881500838
Mocs3	1682	-0.120273686	1.397808284	0.090476832	0.7678885	0.881539949
Kif3a	9837	0.07346248	3.397791624	0.090601687	0.767733487	0.881539949
Marchf5	5291	0.071989202	5.193248473	0.090527618	0.767825433	0.881539949
Brwd3	12801	-0.055897029	3.00467567	0.090588194	0.767750233	0.881539949
Smim12	1022	0.03585392	5.2717462	0.090708438	0.767601044	0.881539949
Fadd	2876	0.034989195	4.753174208	0.090450119	0.76792168	0.881539949
Gpr83	4225	-0.159441228	1.97612204	0.090275319	0.768138934	0.881609555
Gpatch11	4903	0.027408761	5.117551284	0.090302167	0.768105551	0.881609555
Gm34305	3842	-0.128860693	0.723335083	0.090094156	0.768364341	0.881616494
Boll	9142	-0.108118448	0.641642796	0.090018761	0.768458221	0.881616494
Aqr	6141	0.028103403	6.563592587	0.090202953	0.768228944	0.881616494
Oxct1	3482	-0.022129467	7.62117098	0.090060233	0.768406576	0.881616494
Zfp24	7827	-0.030486998	5.113739276	0.089833355	0.76868927	0.881791705
Bcl2l2	7753	-0.097530903	0.776671327	0.089257739	0.769408257	0.882445998
Pacsin2	6233	-0.029592908	5.666167787	0.089251225	0.769416408	0.882445998
Bptf	13184	-0.024499577	6.388289147	0.089047271	0.769671781	0.882648967
Rbm43	3419	-0.025837478	5.522908449	0.088904028	0.769851329	0.882764948
Nek9	5961	-0.032522005	5.953836721	0.08867374	0.770140314	0.883006381
Klc2	2995	0.084747962	2.289791275	0.088568863	0.770272059	0.883023738
Alg10b	3727	0.043401395	3.824181353	0.08847443	0.770390758	0.883023738
Golph3	4907	-0.035929547	7.269373802	0.088486677	0.77037536	0.883023738
Depdc1a	3591	-0.068549817	4.769065725	0.088280796	0.770634364	0.883164425
Rsl1	2046	0.05843514	3.023715997	0.088189882	0.770748844	0.883164425
Rasa1	6210	0.055022421	5.875788315	0.088205099	0.770729678	0.883164425
Pcbd2	985	-0.035235038	4.379081993	0.088009942	0.770975612	0.883244474
Ap2a1	3801	0.03240606	6.187330948	0.088015276	0.770968887	0.883244474
Mir682	96	0.051008917	5.809284204	0.087758923	0.771292381	0.883336152
Klhl26	3589	-0.046662211	4.334953238	0.087573719	0.771526415	0.883336152
Rassf7	2065	0.035865324	4.614674493	0.087761617	0.771288979	0.883336152
Rsbn1l	12491	-0.033595471	4.616332466	0.087618587	0.771469693	0.883336152
Jtb	1103	0.02304499	6.447230967	0.087700662	0.771365974	0.883336152
Sec23ip	4586	0.021657282	6.489261381	0.087638407	0.771444641	0.883336152
Ift27	990	0.02686043	6.390044413	0.087427756	0.771711052	0.8834577
Toe1	2084	0.029771893	5.240126231	0.08729574	0.771878192	0.883559195
Gm14325	4394	0.081641493	1.996198119	0.087161717	0.772048014	0.883663739
Mrps30	1590	0.069665656	5.078131092	0.086875311	0.772411401	0.88372028
Ptpa	2761	0.029383384	7.755765113	0.086991333	0.772264115	0.88372028
Prmt6	4227	0.028772548	5.221595004	0.086879807	0.772405692	0.88372028
Hnrnpul1	6068	-0.022742925	7.752007813	0.087022666	0.772224358	0.88372028
2310015A10Rik	4845	-0.059818377	3.168999149	0.08667423	0.772666921	0.883922792
Fcer1g	658	-0.129218678	0.622118578	0.086277927	0.773171464	0.884095212
Diaph3	6394	-0.062295458	4.628195148	0.08632738	0.773108435	0.884095212
Fam120aos	1461	0.059552295	2.726043137	0.086198685	0.7732725	0.884095212
Rpap2	4244	0.037354556	4.37294703	0.086456415	0.772944069	0.884095212
Ap4e1	9977	-0.033732759	4.294034935	0.086399316	0.773016787	0.884095212
Ppp1r10	6682	-0.031117604	5.61374895	0.086185888	0.773288821	0.884095212
B3gnt2	2818	-0.024759296	8.067496811	0.085977401	0.773554914	0.884309629
H2ac4	505	-0.086352822	3.061105413	0.085893233	0.773662438	0.88433197
Mad1l1	36091	0.0286295	5.453335745	0.085839149	0.77373156	0.88433197
Hspa1b	2810	-0.262627814	7.126121668	0.085652655	0.773970091	0.884514799
Zfp866	5764	0.034030094	4.946238376	0.085590681	0.774049421	0.88451567
Gpr174	5386	-0.026507793	6.061964909	0.085418795	0.774269606	0.884677481
Dusp28	1491	-0.079390177	2.448985198	0.085352843	0.774354154	0.884684298
Crk	6720	0.033379551	4.724810026	0.08526674	0.774464589	0.884720684
Gm24119	246	-0.14473418	0.690417665	0.084968442	0.774847655	0.884888913
Vps37a	9437	-0.033794981	5.027352356	0.084993046	0.774816031	0.884888913
Zmat2	2257	0.021659745	6.577453669	0.085025172	0.774774747	0.884888913
Ldhd	5422	-0.084118484	1.942390678	0.084838388	0.775014896	0.884990131
Gucy1b1	3251	0.175497985	0.602073145	0.084543743	0.775394308	0.885333582
Pi4k2b	3224	0.103448727	2.516555255	0.084349298	0.775645088	0.885530108
Il18bp	4609	0.0767402	1.579758799	0.083947352	0.776164487	0.885853588
Mir703	109	-0.039520121	3.808290715	0.084017962	0.776073146	0.885853588
Hyls1	1643	-0.030748251	4.914811033	0.083964263	0.776142607	0.885853588
Qrsl1	1982	-0.036680347	4.649908447	0.083824262	0.776323816	0.885945618
Ube2l6	1387	-0.078374544	2.592794901	0.0833338	0.776959944	0.886416692
Nr3c1	8749	-0.039320102	5.754823398	0.083323895	0.776972812	0.886416692
Thrap3	5669	0.028232622	7.681645872	0.083368056	0.776915448	0.886416692
Rnft2	14095	-0.106582273	1.288123091	0.083071479	0.777301011	0.886617815
Cenpp	8426	0.080091816	3.614884552	0.083067175	0.777306612	0.886617815
LOC118567856	19043	0.114765786	0.688082326	0.082907531	0.777514471	0.886705734
Nxf1	4049	0.031276485	7.694076363	0.082887003	0.777541216	0.886705734
LOC118568032	2879	-0.084508467	5.623388397	0.082610548	0.777901729	0.886937175
Phrf1	6336	0.039512559	6.647294196	0.082643312	0.77785897	0.886937175
Lysmd2	2296	0.070766549	2.921365044	0.082459586	0.778098871	0.887013641
Kctd2	2224	0.051223942	3.379741597	0.082438537	0.778126374	0.887013641
Trbj2-7	47	-0.315941528	1.471452387	0.082067966	0.778611204	0.887362594
Fbxo31	4626	-0.077326095	3.548070829	0.082023887	0.778668953	0.887362594
Fbf1	7823	-0.062822958	3.259039085	0.082028526	0.778662874	0.887362594
Per3	9162	0.148662712	1.091233572	0.08179773	0.778965513	0.887610703
Kyat1	4355	0.052189785	3.625852181	0.081491993	0.779367134	0.887708944
Timm22	3056	-0.028125869	5.877165966	0.081632209	0.779182842	0.887708944
Oard1	2899	0.026858733	6.037049839	0.081558137	0.779280178	0.887708944
Yeats4	1408	-0.021492299	6.057630416	0.081508691	0.779345178	0.887708944
Hic1	7767	0.113580543	3.119226516	0.081313454	0.779602046	0.887796867
Naip2	4853	0.11277811	0.840383021	0.081352648	0.779550452	0.887796867
Gm36591	3304	0.097581055	1.668910722	0.080990251	0.780028012	0.887809764
Mapk14	3861	-0.065552241	5.883755775	0.081109548	0.779870676	0.887809764
Zfp846	13103	-0.054972476	3.183109394	0.081031419	0.779973702	0.887809764
Synrg	7766	-0.043908411	4.80858399	0.081158454	0.779806213	0.887809764
Neu1	3850	0.025049734	5.638076172	0.081235002	0.779705357	0.887809764
Sdhaf2	3097	-0.020461982	6.495060487	0.080945902	0.780086533	0.887809764
Micu3	6445	-0.089557499	2.792567008	0.080743309	0.780354091	0.887934744
Dcaf12	4927	-0.029857518	6.367136963	0.080799962	0.780279235	0.887934744
Clcn3	10847	-0.028857082	5.72484653	0.080460295	0.780728469	0.888270956
Poli	8603	-0.04756379	4.242467449	0.080379686	0.780835232	0.888302651
Shpk	3030	-0.05631072	3.335731838	0.080208954	0.781061549	0.888334226
Cd52	503	-0.028292364	11.59959102	0.080180188	0.781099707	0.888334226
Josd2	1245	0.026500469	5.565210821	0.080226029	0.781038904	0.888334226
Ppp1r9b	4330	0.040117934	3.533016382	0.079965719	0.781384427	0.888568271
1700008J07Rik	2432	0.082877937	1.02770679	0.07976125	0.781656259	0.888697855
Rabac1	875	-0.041788856	6.399578744	0.079809172	0.781592514	0.888697855
Zbtb34	6958	0.089229021	1.625288699	0.079593031	0.781880181	0.888862675
Thra	6364	0.108673917	1.789742322	0.079493162	0.782013241	0.888924179
2610020C07Rik	2156	-0.095776006	1.011875276	0.079049178	0.782605883	0.889508029
Traip	4074	-0.05121562	5.124339796	0.078783033	0.782962006	0.889822962
Fam221a	2488	0.043535093	3.138569272	0.078658967	0.78312824	0.889922047
LOC118567558	21021	-0.120840498	0.467513105	0.078508692	0.783329779	0.890061229
Fam161a	8725	-0.154095066	0.593987979	0.078292981	0.783619445	0.890300505
Zfp664	4078	-0.032551306	4.983345231	0.078056363	0.78393768	0.890485943
Papola	6371	-0.021490318	7.993619104	0.078054002	0.783940858	0.890485943
Copg1	4656	0.02329583	7.41403369	0.077942342	0.784091219	0.890566883
Fanca	6861	-0.057552089	4.55356049	0.077802579	0.784279586	0.89069097
Mansc1	2376	0.08311023	1.332777671	0.077644527	0.784492824	0.890843273
Gm34596	6152	0.135480932	0.811607183	0.077578134	0.784582469	0.890855213
Zscan20	12077	-0.060459709	3.192193707	0.077505998	0.784679914	0.890876006
Slc30a9	3410	0.040734927	4.857204547	0.077393334	0.784832208	0.89095906
Zfp33b	4032	-0.045650847	4.294591845	0.077282384	0.784982301	0.891039599
C030034I22Rik	2747	-0.084210704	2.192807312	0.07714297	0.785171065	0.891074179
Lrrfip2	7012	0.036110434	4.115656339	0.077177807	0.785123879	0.891074179
Kpna1	5312	0.02625197	6.297352543	0.076936089	0.785451519	0.89121278
Rhog	1264	-0.01839701	8.290172719	0.076937604	0.785449464	0.89121278
E2f7	6126	-0.072655961	3.891467308	0.076835401	0.785588163	0.891277994
Phf8	7332	-0.030110455	5.741375004	0.076616215	0.785885954	0.891526005
Kif20a	3905	-0.069999807	5.447472003	0.076550282	0.785975622	0.89153789
Rbm3os	841	-0.079716558	1.188614783	0.076127296	0.786551876	0.891901847
Plxdc2	12802	-0.074427486	2.241055493	0.076156962	0.786511404	0.891901847
Rabep1	5534	0.033914759	4.83555847	0.076099873	0.786589296	0.891901847
2610507B11Rik	8147	0.029384305	7.018974575	0.076082225	0.786613381	0.891901847
Abcb1a	5177	-0.076433963	3.488117109	0.075903832	0.786857011	0.891998412
Trip12	10622	-0.026988076	7.238842839	0.075917922	0.786837757	0.891998412
Ddx19b	6750	0.030839216	5.544888342	0.075792227	0.787009586	0.892081547
Gm33335	4145	-0.107440287	1.0758053	0.075534703	0.787362112	0.892293134
Ticam2	3264	0.062781758	2.638230552	0.075484498	0.787430913	0.892293134
Zfp560	5616	0.061626701	4.267768273	0.075424413	0.787513286	0.892293134
Dus2	3311	-0.035509042	5.224018663	0.075449984	0.787478225	0.892293134
Trav12-3	347	-0.1275606	2.420835428	0.07525863	0.78774075	0.892371239
Gpatch3	2003	0.045853134	3.511467799	0.075312311	0.787667068	0.892371239
Gm34407	3544	-0.159907223	0.591591379	0.075096454	0.787963528	0.892533796
Cep85	4106	-0.037801927	5.510178422	0.074908916	0.788221469	0.892736147
Gm44040	10049	-0.138803973	1.163739537	0.074658985	0.788565768	0.892919017
H2ac23	552	0.071491027	2.929683054	0.074619025	0.788620873	0.892919017
Etaa1os	864	-0.070368211	1.497614768	0.074702075	0.788506364	0.892919017
Chaf1a	3308	0.073799436	5.516374243	0.074483676	0.78880764	0.892950871
Mrpl52	412	0.02446024	6.658932922	0.074523067	0.788753265	0.892950871
Atxn1l	7617	0.048239596	3.194759301	0.074000957	0.789475236	0.893366043
Hgs	3653	0.026008403	6.200356946	0.074146636	0.789273517	0.893366043
Chd1l	3586	0.024534416	5.954392406	0.074100328	0.789337614	0.893366043
Hacd3	4603	-0.023648206	6.847746464	0.073988997	0.789491806	0.893366043
Sar1b	1253	0.024861159	7.163244175	0.073761446	0.78980735	0.893633281
Zfp708	2634	0.093598625	1.779932562	0.073617594	0.790007099	0.893679655
Elk1	3548	-0.03143816	4.1928986	0.073666093	0.789939731	0.893679655
Dhcr7	4511	-0.028454531	6.226471004	0.073537567	0.790118313	0.893715661
Gm27162	3346	0.089348291	1.485777529	0.073337244	0.790396991	0.893761483
Cox15	4798	-0.037383798	5.970930389	0.073382971	0.790333341	0.893761483
Sh3bp5l	3271	-0.030282371	4.739649814	0.073368458	0.790353541	0.893761483
Cdk1	4349	0.069794064	7.398954831	0.072933872	0.790959387	0.894128002
Gm3325	5739	-0.052591381	3.802604536	0.072969972	0.790908987	0.894128002
Washc5	4194	-0.029609091	6.286650102	0.073035967	0.790816884	0.894128002
BC049715	4751	0.106220931	1.213415961	0.072758158	0.791204897	0.894225954
Zfp953	4641	-0.069809916	2.074969019	0.072780336	0.791173892	0.894225954
Top3b	4254	0.021268518	5.932481729	0.072700399	0.79128567	0.894227471
Haus6	6183	0.033577247	5.500159784	0.072575222	0.791460839	0.894304965
Ranbp2	9477	-0.032144985	6.426290885	0.072481174	0.791592554	0.894304965
Lsm10	1109	-0.02868355	5.31186785	0.072536511	0.791515043	0.894304965
Gm50340	793	-0.086401319	1.840532584	0.072161455	0.792041015	0.894721829
Pnisr	7466	-0.03662735	5.965020573	0.072070245	0.792169147	0.894776789
Trim13	6174	-0.073576824	2.45447847	0.071820181	0.792520891	0.895084289
Tmem143	2326	-0.054058035	2.878245768	0.07155974	0.792887932	0.895409002
Ube2j2	3622	0.035167024	5.786193324	0.071415557	0.79309144	0.895459174
Pgrmc1	1870	0.023920106	6.015086099	0.071450313	0.793042362	0.895459174
Cxcr6	1893	0.077795618	4.158721272	0.071299156	0.793255894	0.89555504
Rnf113a2	1379	-0.027323963	4.833527577	0.070913914	0.79380121	0.896076577
Rnf185	3508	-0.024982709	4.664713483	0.070860429	0.793877046	0.896076577
Bag1	1349	0.075081213	6.005263096	0.07068753	0.794122405	0.896173821
Tmie	4002	-0.065552681	3.912951193	0.070710929	0.79408918	0.896173821
Sdr42e1	3489	0.073269783	2.028604436	0.070158007	0.794875858	0.896684441
Tchp	3494	-0.059115625	3.828976288	0.070145652	0.794893473	0.896684441
Bub1	4351	-0.054546806	6.239559011	0.070260761	0.794729412	0.896684441
Pfkp	11760	0.029353025	8.559835075	0.070223573	0.794782399	0.896684441
Get4	3087	0.049652051	6.218716399	0.070048263	0.795032393	0.896751296
Rbl1	5548	0.017059711	6.479912853	0.06984293	0.795325628	0.896992178
Gm10548	2629	-0.102185529	1.318111499	0.069747011	0.795462768	0.897056981
Bnip3	1756	0.061435542	3.273332494	0.069687691	0.795547632	0.897062824
Rad51ap1	2542	0.071191825	5.446166196	0.069297962	0.796106148	0.897422951
Zmynd8	11975	0.024630672	6.146686277	0.069326389	0.796065353	0.897422951
Ufsp2	1864	-0.024343296	5.723228401	0.06935282	0.79602743	0.897422951
LOC108168868	4685	-0.065212719	2.65349031	0.069231122	0.796202104	0.897441258
Pggt1b	10597	0.035262223	4.539473106	0.069048065	0.79646516	0.89764789
Alcam	5043	0.08073143	2.112684019	0.068611945	0.797093381	0.898265994
Efnb1	3358	0.102318111	0.841205058	0.068503957	0.797249266	0.898269636
Gas2	6626	0.079533307	2.600338357	0.068460735	0.797311696	0.898269636
Haspin	2811	0.035199808	5.208185453	0.068388714	0.79741577	0.898269636
Mbnl1	7584	0.019827319	9.782780455	0.068419559	0.79737119	0.898269636
Pon3	7921	0.097182961	1.300973691	0.068156552	0.797751656	0.898378328
Snx25	3986	-0.052068021	3.610448815	0.068215076	0.797666927	0.898378328
Cat	2551	-0.023059723	7.316296047	0.06818504	0.797710407	0.898378328
Plk4	4107	0.042933668	6.024010417	0.06773332	0.798365561	0.898530389
Tlk2	11304	0.035307692	4.139336154	0.067872677	0.798163195	0.898530389
Tmem29	4360	-0.034080497	4.335519142	0.067750254	0.798340958	0.898530389
Tmem258	510	-0.024248786	7.413568377	0.067758803	0.798328539	0.898530389
H2-M3	2416	0.024003748	5.825716591	0.067795999	0.798274514	0.898530389
Fbxo22	6392	0.021679	5.716660134	0.067988052	0.797995822	0.898530389
2610318N02Rik	1668	0.067064235	5.201834914	0.067662941	0.798467845	0.898555678
Actr2	3684	0.021104979	9.186335888	0.067571534	0.798600777	0.898615447
Epc2	4691	0.044139152	3.625539329	0.067386436	0.798870255	0.898828836
Taf10	798	-0.078468003	5.679912072	0.067234329	0.799092001	0.898898655
Herc1	15446	0.030572087	6.25894003	0.067243321	0.799078885	0.898898655
Nmnat3	3213	-0.040308171	3.680580669	0.067028763	0.799392108	0.899119185
Scrib	6034	0.028806443	4.30561484	0.066943187	0.799517186	0.899119185
Cep57	4243	-0.021931385	5.617813365	0.066936038	0.799527639	0.899119185
Arpc5	1897	-0.025791896	10.01782586	0.066864187	0.799632729	0.899147549
Dgcr2	4080	0.02108448	6.893369838	0.066794699	0.799734421	0.899172087
Gm1976	1912	-0.108168444	1.476756242	0.066409413	0.800299293	0.8993581
Tpx2	4390	-0.07587212	7.020029277	0.066625123	0.799982822	0.8993581
Gstp-ps	4426	-0.06618793	2.161957778	0.066511324	0.80014971	0.8993581
Grk4	7384	-0.064320557	2.254170095	0.066448911	0.800241304	0.8993581
Gba2	3557	-0.031909443	5.98925576	0.066538427	0.800109949	0.8993581
Auh	7067	-0.035335176	4.376157104	0.066349278	0.800387616	0.899367579
Ctbp1	2601	-0.037576938	5.838161712	0.06605591	0.800819113	0.899658248
Tmlhe	2642	0.029483736	4.601993247	0.066010475	0.800886033	0.899658248
Gatd1	1497	-0.020727458	5.887711953	0.066057177	0.800817247	0.899658248
Casp9	3899	-0.041271969	3.896541062	0.065752753	0.801266087	0.899905588
Eogt	7875	-0.029045145	4.718085506	0.065798202	0.801199008	0.899905588
D330050I16Rik	1734	0.113620313	1.034902201	0.065556666	0.801555785	0.90014115
Rsrc2	2601	0.022841623	6.656649782	0.065344181	0.801870233	0.900404457
Idnk	4663	-0.025888403	6.000546253	0.065230751	0.802038317	0.900503378
Gpatch1	3057	-0.045724428	4.294746155	0.064933306	0.802479826	0.900909242
Gm36712	2952	0.115709983	1.135088123	0.06454494	0.803057921	0.901089992
Creb3l1	2271	-0.076572413	1.497278563	0.064502593	0.803121068	0.901089992
Ankle1	8165	0.061971985	5.510090783	0.064532365	0.803076671	0.901089992
Rbm12b2	12912	0.061338791	2.989965137	0.064527645	0.803083708	0.901089992
Focad	12496	-0.04000021	4.809048813	0.064603525	0.802970597	0.901089992
Csrp1	2510	-0.027669877	7.850661948	0.064627515	0.802934851	0.901089992
Gm26510	1133	-0.070338977	2.600871919	0.06433543	0.803370555	0.901190286
Dpp9	4733	0.026087189	6.625291513	0.064341695	0.803361198	0.901190286
Gm46430	6449	-0.03839805	3.782476106	0.064001496	0.803869984	0.901301492
Pdlim7	3016	-0.038203482	4.631106823	0.064199614	0.803573513	0.901301492
Zfp825	3298	0.036449243	3.964862402	0.064122078	0.803689483	0.901301492
Tob2	5647	0.026529702	6.654293274	0.064039031	0.803813778	0.901301492
Snapc2	1790	-0.021914847	5.513064266	0.064060878	0.803781072	0.901301492
Septin8	6503	0.082060679	2.074910878	0.063777721	0.804205439	0.901575369
Tubgcp6	7161	-0.035449953	5.236737107	0.063678417	0.804354504	0.901575369
Med19	2059	-0.031410268	4.195425153	0.063691118	0.804335432	0.901575369
Trbc1	519	-0.295829759	7.658803372	0.063388006	0.804791154	0.901901273
Gm34854	20183	-0.158619681	0.358055802	0.063333698	0.804872927	0.901901273
Mad2l1	2088	0.040548401	7.208458075	0.063218954	0.805045824	0.901901273
Usp45	6212	-0.031907728	4.243728859	0.063228784	0.805031006	0.901901273
Kctd13	1654	0.026121239	4.807618655	0.06327695	0.804958416	0.901901273
Pole2	2355	0.041858447	4.414736538	0.063153444	0.805144611	0.901922193
Sart1	5132	-0.039160746	6.761036055	0.063075997	0.805261469	0.901963349
Cmya5	11896	0.131601389	0.686927457	0.062750291	0.805753757	0.90242497
Gm17745	876	0.080940722	1.484640653	0.062633962	0.805929912	0.902532473
Fkbp7	1014	-0.093031958	0.671712504	0.062483333	0.806158266	0.902698405
Gm43380	24569	0.093759502	1.127258605	0.062274828	0.806474848	0.902873293
Hnrnph3	2654	-0.030635656	4.363527321	0.062303656	0.806431043	0.902873293
Tlk1	6486	0.029839442	6.234600202	0.062163644	0.806643893	0.902972751
Zfp455	2712	0.121195936	0.727349204	0.061996479	0.806898356	0.903167796
Tgm2	3549	-0.102599197	1.253545335	0.061798023	0.807200927	0.903416646
Camsap2	8249	0.066265652	3.360327089	0.061578938	0.807535551	0.903431902
Exoc6b	21319	-0.035180037	4.185451896	0.061626462	0.807462911	0.903431902
Anapc5	3878	-0.027742477	8.579284284	0.061665959	0.807402562	0.903431902
Vps33b	2832	-0.025888502	5.388855487	0.061722341	0.807316451	0.903431902
Klf11	3982	-0.09170492	2.238507625	0.061295026	0.807970136	0.903648698
Rragb	5417	-0.050794342	3.095377874	0.061331705	0.807913931	0.903648698
Fam114a2	6027	-0.020602891	6.067768339	0.061307715	0.80795069	0.903648698
Rbm5	3550	-0.021060087	7.78637075	0.06123964	0.80805504	0.903653883
Neto2	6539	0.117129861	0.872986045	0.061071738	0.808312676	0.903687076
Vaultrc5	345	-0.073821545	2.6757261	0.061125376	0.808230331	0.903687076
Cep192	8586	-0.023591677	5.820189693	0.061011107	0.808405804	0.903687076
Ide	7327	-0.022952148	7.673965712	0.061059277	0.808331812	0.903687076
Ogg1	2383	-0.0380568	3.528238963	0.060908784	0.808563081	0.903744142
Zfp955a	3774	-0.035330798	3.637845209	0.060873463	0.808617404	0.903744142
Zfp87	2710	0.031755664	5.001919234	0.060729629	0.808838793	0.90390184
E430018J23Rik	3406	-0.056968841	2.810850002	0.06057924	0.809070571	0.904071115
Zfp239	4032	-0.069610958	1.693275624	0.060441914	0.809282484	0.904218163
Wasl	5426	-0.037507015	3.861631367	0.060351933	0.809421476	0.904232029
Hdgfl2	4123	0.019209829	6.605073708	0.060329896	0.809455533	0.904232029
Cd79a	1002	0.124810064	0.833609949	0.059881185	0.810150434	0.904689106
Gm40528	7298	0.110585776	1.034365704	0.059496327	0.810748658	0.904689106
Rec8	2387	-0.10693192	1.959087666	0.059933348	0.810069509	0.904689106
Sh3d19	8799	-0.105040185	0.99621415	0.059557047	0.810654137	0.904689106
Riox1	2346	0.078985464	4.008095972	0.059610475	0.810571012	0.904689106
Pxmp2	1165	-0.072571002	2.647422428	0.059618635	0.81055832	0.904689106
2810408I11Rik	713	-0.052422016	2.932906595	0.059529479	0.810697046	0.904689106
LOC118568783	7110	0.047453381	3.388206382	0.059742273	0.810366123	0.904689106
Sars2	2287	-0.032374359	4.997365839	0.059790202	0.810291673	0.904689106
Fiz1	3023	0.025100058	5.359384557	0.059896937	0.810125993	0.904689106
Thoc7	2129	0.024472255	6.42006077	0.05951443	0.810720472	0.904689106
Dync1i2	3580	0.020126105	6.09956498	0.059434226	0.81084538	0.904707363
Aggf1	3254	-0.053828791	5.496602223	0.059342873	0.810987761	0.904776554
Actr3	2746	-0.017798292	10.65517259	0.059222031	0.811176281	0.904897202
Vps36	3660	0.020689215	6.706860008	0.059093618	0.811376837	0.905031252
Rn7s1	299	-0.093975235	2.445645947	0.058942617	0.811612967	0.905115283
Cip2a	4012	0.054542862	5.323047936	0.058976176	0.81156046	0.905115283
Rap2b	4197	-0.017800189	6.369248667	0.058856241	0.811748184	0.905176412
Dcaf17	20710	-0.029979925	4.807562365	0.058723468	0.811956237	0.905229086
Slc35a3	6166	-0.029221521	4.911976064	0.058765248	0.811890742	0.905229086
Rn7s2	299	0.076990236	2.40223144	0.058510517	0.812290452	0.905512022
Pou2f2	10755	-0.02920491	5.18255361	0.058391572	0.812477411	0.905630762
Mgmt	1957	-0.05124715	2.648441733	0.058333122	0.812569356	0.905643581
Mctp2	7445	0.050262753	3.485368384	0.058216112	0.812753571	0.905731133
Sord	2259	-0.044259303	3.581727452	0.058078975	0.812969719	0.905731133
Ppp2r3d	5895	0.041720595	3.966352031	0.058090319	0.81295183	0.905731133
Fam53a	7944	-0.023773377	6.278224527	0.058093536	0.812946756	0.905731133
Acad8	3075	-0.031982248	4.578584788	0.057890547	0.813267155	0.905972851
Col11a2	7743	-0.099370828	0.958991232	0.057746718	0.813494536	0.906136488
Snx30	16598	0.047228892	3.78677866	0.057648451	0.81365006	0.90618079
Gen1	5654	0.040813513	4.306732412	0.057619888	0.813695293	0.90618079
TrnV	69	-0.148834345	2.183133361	0.057304995	0.814194746	0.90637837
BC048403	3130	0.078679622	1.728142664	0.057434017	0.813989929	0.90637837
Rad54l	5852	0.061079167	5.661563742	0.057397104	0.814048501	0.90637837
Atp2b4	9219	0.031372938	4.487628356	0.057327527	0.814158961	0.90637837
Ube2t	1134	0.027542512	4.609706791	0.056999283	0.814681033	0.906830045
H1f3	776	0.062641272	1.823830982	0.056943669	0.814769647	0.906839019
Zfp456	4079	0.046151245	2.6239226	0.056838784	0.814936889	0.906935497
Bcl2a1d	796	0.020567849	6.491586667	0.056270108	0.815846524	0.907858078
Echs1	1502	-0.019867533	5.991528633	0.055994588	0.816288989	0.908260668
Arpc4	2271	-0.018075804	8.540493259	0.055913004	0.816420229	0.908316922
Pbx4	1574	-0.071810454	2.395639508	0.055770923	0.816649028	0.908391934
Cenpn	2219	-0.051118351	4.834873966	0.055800601	0.816601211	0.908391934
Abhd13	5181	-0.05457404	4.282049863	0.05563021	0.816875929	0.908527544
Ndc80	2201	-0.044040751	6.284467227	0.055595254	0.816932344	0.908527544
AV099323	3216	-0.084113636	0.892262424	0.055435421	0.81719053	0.908635159
Bod1	1402	0.053885791	2.10948251	0.055472467	0.817130653	0.908635159
Samd4b	4391	-0.04676048	3.289125558	0.054922787	0.818021287	0.909387117
Rcan3	5127	-0.021938715	5.923775911	0.054918431	0.818028365	0.909387117
Zfp407	35962	-0.033303027	4.046607179	0.0546913	0.818397773	0.909618138
Ltn1	8745	-0.024654151	6.373667926	0.054713075	0.818362322	0.909618138
Dyrk1a	8982	-0.033158927	4.329858024	0.05459728	0.818550925	0.90969855
Ier5	3270	0.057828846	5.386233246	0.054415378	0.818847628	0.909938465
Rsph3a	1960	-0.046291045	3.024875837	0.054059142	0.819430213	0.910406133
Rfx1	8309	0.025075849	4.792902115	0.05408625	0.819385811	0.910406133
Gm9234	746	0.046851735	2.621279212	0.053944127	0.819618742	0.910525735
Tex9	7438	0.045557357	3.357684715	0.053703897	0.820013205	0.910784201
Tnrc6b	17528	-0.021797535	5.788847263	0.053711161	0.820001262	0.910784201
2900076A07Rik	852	-0.056316093	2.567083024	0.053586674	0.820206025	0.910908497
Slc9a3r1	1956	-0.016766684	8.440790887	0.053412725	0.820492567	0.911136843
Nipbl	11351	-0.01936541	6.743497435	0.053305749	0.82066903	0.911242918
Trav9-2	330	-0.076827103	1.962357584	0.053231545	0.820791545	0.911289074
Cstad	817	-0.118434607	0.494846801	0.053067292	0.821063056	0.911310426
Alkbh5	6025	0.032492821	5.128631833	0.053166989	0.820898203	0.911310426
Foxj3	6415	0.031404309	5.068307872	0.053024075	0.821134567	0.911310426
Actn4	5809	0.024832659	8.953392701	0.053075121	0.821050105	0.911310426
Atf3	1977	0.10499053	1.303872704	0.052903568	0.821334133	0.911438324
Eri1	5587	-0.023748574	7.046301648	0.052856752	0.821411728	0.911438324
LOC115488798	6088	-0.163535014	0.323930657	0.052787108	0.821527226	0.911476645
Slc39a1	2363	0.033170865	4.228545737	0.052630952	0.82178649	0.911674449
Emilin1	3871	0.060139374	2.253070916	0.052488223	0.822023815	0.911847878
Trav13n-3	337	0.092978771	1.004824187	0.052290653	0.822352893	0.912123041
Atad1	2964	-0.017432689	6.404363225	0.052216914	0.822475882	0.912169587
Ercc4	7361	0.024463493	5.239266764	0.052113521	0.822648486	0.912271144
Nploc4	4729	0.054328497	5.695379646	0.051874538	0.823048136	0.912499311
Ahcyl1	4240	0.028918003	4.916539148	0.051796738	0.823178451	0.912499311
Traf1	4088	0.018183651	7.178037085	0.051806176	0.823162636	0.912499311
Tespa1	2718	0.015507513	7.134011437	0.051800833	0.823171588	0.912499311
Gm9836	949	0.062723643	1.143881274	0.051446485	0.823766403	0.912973676
Ssna1	864	0.018620971	6.783288532	0.051445195	0.823768573	0.912973676
Ints9	2709	0.024681335	6.143708653	0.05138297	0.82387325	0.912999808
Ganab	4173	0.023538307	7.01958453	0.051300858	0.824011482	0.913063116
Anapc4	2668	-0.019491542	6.46000151	0.051215145	0.824155901	0.913133268
Ngdn	1201	0.015162317	6.410984551	0.051150685	0.824264596	0.913163828
Gm39603	10121	-0.102755459	1.466421038	0.050947142	0.82460829	0.913454701
Rbm12b1	5474	0.059421167	2.544662031	0.050783265	0.824885531	0.91347314
Stk40	4221	-0.047162653	5.249490486	0.050813533	0.82483429	0.91347314
Cdk2	2657	0.03506617	6.502782492	0.050794016	0.824867329	0.91347314
Tor1b	4081	0.024988844	5.398658413	0.050745495	0.824949495	0.91347314
Fahd1	1407	-0.075870911	0.759874513	0.050192198	0.825889416	0.914154266
Prr11	3827	0.054893953	4.380624407	0.05026722	0.825761653	0.914154266
Cox18	1959	-0.025901129	4.927335558	0.050332195	0.825651082	0.914154266
Mrpl10	1686	0.017245987	6.560425353	0.050211329	0.825856827	0.914154266
Mfsd14b	3489	-0.023899493	6.134353056	0.050087043	0.826068667	0.914206762
Trrap	14468	0.018029071	6.324818496	0.050069111	0.826099253	0.914206762
Itpkc	3238	-0.050566074	2.534546296	0.049957447	0.826289852	0.914327811
Tmem67	4349	-0.082499449	1.201734335	0.049629352	0.826851175	0.914495848
Cpeb4	7670	-0.043639507	3.279498377	0.049809194	0.82654325	0.914495848
Taf15	5416	0.033715278	4.473034987	0.049700066	0.826730029	0.914495848
Hipk3	7497	-0.025117988	5.202483374	0.049710252	0.826712586	0.914495848
Dguok	1924	-0.023578606	6.120224384	0.049583899	0.826929093	0.914495848
Slc39a3	3831	0.021030322	5.072352964	0.049606755	0.826889908	0.914495848
Fbxl19	6214	-0.080196553	1.422739015	0.049429182	0.827194597	0.914555431
H4c9	403	0.043367817	3.58657909	0.049363226	0.827307915	0.914555431
Zfp362	3384	0.026341426	4.986653017	0.049488044	0.827093534	0.914555431
Sipa1	3926	0.018372237	8.310640661	0.04937666	0.827284829	0.914555431
Irf3	2532	0.020221086	6.797281837	0.049188596	0.82760833	0.914797701
Zfp27	4370	-0.04009465	3.537844641	0.049104688	0.827752876	0.914867649
Wiz	9569	-0.025618354	4.916023903	0.0490285	0.827884235	0.914923011
Gopc	4317	0.040538447	4.529863853	0.048864946	0.82816659	0.915145217
Bloc1s5	3785	0.032832479	3.978493951	0.048730555	0.828398969	0.91531216
Nprl3	3206	-0.027353264	5.063486784	0.04863713	0.828560713	0.915377539
B4galt3	1998	-0.02641994	4.755608925	0.048602471	0.828620758	0.915377539
Nt5c2	6823	-0.021157302	5.580167559	0.04854726	0.828716457	0.915393433
Gm46519	1935	-0.073189931	1.823422532	0.048377931	0.829010313	0.915434842
Med16	3307	0.024882401	6.351347963	0.0482915	0.829160515	0.915434842
Pck2	3405	-0.024408498	4.211948234	0.048474411	0.828842813	0.915434842
Rnf146	4456	-0.024129806	5.109060886	0.048377175	0.829011626	0.915434842
Brd4	20725	0.021977989	6.888497524	0.04832503	0.829102229	0.915434842
Shcbp1	2169	0.056391329	6.431194392	0.048230281	0.82926699	0.915462617
Mapre2	4453	-0.039279431	7.202879235	0.048095996	0.82950079	0.915614618
Kmt2b	8974	0.028292217	5.108186824	0.048057809	0.829567339	0.915614618
Pole	7129	0.063748156	5.918700821	0.047986409	0.829691845	0.915662268
Kif16b	10145	-0.028450492	4.530272514	0.047892812	0.829855204	0.915752783
H4c3	375	-0.037876616	3.011861945	0.047845278	0.829938231	0.915754641
Rpl37a	588	0.029148287	10.68897763	0.047693511	0.830203611	0.915957689
Gnaq	6848	-0.079562406	2.326547688	0.047585473	0.830392799	0.915967998
Cript	1171	-0.027811786	5.112928675	0.047548816	0.83045704	0.915967998
Mpc2	806	0.019456536	6.436615035	0.047585756	0.830392303	0.915967998
Sys1	5395	-0.015640405	7.021505159	0.047472779	0.830590379	0.916025322
Xndc1	3246	-0.050303396	2.546015048	0.047315837	0.830865949	0.91623948
Gm34006	1254	0.100089809	0.895226609	0.046957794	0.831496427	0.916600622
TrnI	69	0.040689365	4.647161901	0.046852711	0.831681946	0.916600622
Rnf8	2078	0.035267695	2.861824617	0.046870654	0.831650254	0.916600622
Uhmk1	8660	0.027813873	5.695038772	0.047026024	0.831376086	0.916600622
Zfp330	1663	0.019149663	6.561625868	0.046911043	0.831578938	0.916600622
Copb1	3315	0.015969046	7.617882452	0.046943522	0.83152161	0.916600622
S100a8	392	-0.296209877	3.59181895	0.046788041	0.831796227	0.916636837
Dek	4100	0.019213107	7.764672764	0.04672272	0.831911742	0.916674404
Icam5	3238	-0.084427821	1.606776401	0.046595271	0.83213737	0.916743567
Crkl	5050	0.018434729	6.926020852	0.046628913	0.832077782	0.916743567
Zfp992	3691	0.080241659	0.996114519	0.046402456	0.832479337	0.916766531
Zfand4	10107	0.075245741	2.736872018	0.046511502	0.832285846	0.916766531
Kif15	4823	-0.045789032	6.155797269	0.046484468	0.832333794	0.916766531
Tor1aip2	8133	0.02397842	5.781034116	0.046399861	0.832483944	0.916766531
Mfsd4b4	6801	0.051760246	2.677287939	0.04622637	0.832792284	0.917016386
Gm38485	18963	0.069386376	1.382402125	0.045958199	0.833270093	0.91712526
Pcnx	12255	0.045268218	2.957044782	0.046054187	0.833098899	0.91712526
Tgfbrap1	5941	0.031449215	4.01351053	0.045976822	0.833236863	0.91712526
Topbp1	5522	0.027665904	5.935793613	0.045921769	0.833335113	0.91712526
Pip4k2a	3752	0.024537126	6.991519327	0.04589666	0.833379944	0.91712526
Smg5	7390	-0.017746901	6.786502676	0.04590072	0.833372694	0.91712526
Ikzf4	9571	0.085794951	2.449311121	0.045813256	0.833528951	0.917154465
Tapbpl	2492	0.015389802	6.282827744	0.04579062	0.833569416	0.917154465
AI854703	3573	-0.062692956	2.58498597	0.045568635	0.833966803	0.917322742
Tab3	7075	0.044573269	3.074234255	0.045604845	0.833901912	0.917322742
Kat8	1785	0.023217682	4.691534211	0.045612805	0.833887652	0.917322742
Pcm1	8795	0.029414118	4.703686127	0.04545529	0.834170099	0.917456719
2810021J22Rik	5440	0.035629759	3.817047565	0.045379942	0.834305392	0.917515883
3110009E18Rik	5423	0.040179848	3.712546109	0.0451097	0.834791599	0.917960913
Dgkd	17540	0.028948996	6.883599688	0.045043522	0.834910896	0.918002429
TrnG	68	0.088784683	1.405377682	0.044635391	0.835648659	0.91827551
Cd69	2422	-0.037671737	7.049438959	0.04479794	0.835354403	0.91827551
Zfp317	10242	-0.026259827	5.210694609	0.044721015	0.835493587	0.91827551
Bet1	1474	-0.023779108	4.646058035	0.044695466	0.835539841	0.91827551
Parp1	3656	0.023697346	7.45211298	0.044802256	0.835346597	0.91827551
Sppl2b	3628	0.022521483	5.14167395	0.044638357	0.835643284	0.91827551
Gon7	1162	-0.027666237	4.184393081	0.044558172	0.835788641	0.918339696
Bub1b	3680	0.062080025	7.387406666	0.044431855	0.836017904	0.918501957
Lysmd4	4902	-0.037712105	3.615849511	0.044344322	0.836176972	0.918587076
Prdm5	5850	-0.101878196	0.758386068	0.04428161	0.836291039	0.918622746
Gm38639	431	-0.069004578	1.539075428	0.043913273	0.836962711	0.919182222
Gmfb	6979	0.018453741	6.931820703	0.04391275	0.836963667	0.919182222
Mtmr1	5151	0.036436576	5.457645396	0.04383069	0.837113707	0.919257327
Zscan26	4751	0.031621438	4.51242895	0.043622166	0.837495642	0.919587042
Tusc3	4614	0.01837455	6.046563945	0.043285856	0.838113647	0.920175876
Htt	13276	-0.033954381	4.935564212	0.043063653	0.838523349	0.920266705
Dedd	8039	-0.030338833	3.518798518	0.043074977	0.838502442	0.920266705
Fech	3092	-0.022417372	5.623453787	0.043130989	0.838399076	0.920266705
Glyr1	4376	0.017445722	7.578737711	0.043172483	0.838322548	0.920266705
Ccdc93	7256	-0.031762631	4.741926905	0.042959124	0.838716463	0.920299214
Gabarap	1122	-0.021838981	8.243263038	0.04298154	0.83867503	0.920299214
4930558J18Rik	2052	-0.07070037	1.32191784	0.042464269	0.839634046	0.920959593
Guf1	6150	0.042487291	4.540144312	0.042550516	0.839473721	0.920959593
Was	2094	-0.019373203	7.069407675	0.042477637	0.839609184	0.920959593
Tiprl	5182	0.015438444	6.739294594	0.0424581	0.83964552	0.920959593
Asb3	3407	0.018424488	5.524442573	0.042413319	0.839728836	0.92096125
Ubr4	15873	-0.0193863	7.020143801	0.042367863	0.839813455	0.920964336
Etfrf1	2908	0.031198535	4.262837236	0.042215467	0.840097497	0.921186094
Knstrn	5870	-0.042530834	6.036304143	0.042146369	0.840226461	0.921206597
Lig4	4237	-0.038352223	3.22950126	0.042117781	0.84027985	0.921206597
Gm39860	4281	0.08731838	0.905798363	0.042071705	0.840365939	0.92121127
Sh3gl3	3368	-0.125574713	0.577865782	0.041872372	0.840738938	0.921530422
Macroh2a1	8507	0.025324207	8.229216114	0.041700835	0.841060669	0.921793323
Suox	2349	0.024222916	4.908835687	0.041553593	0.841337385	0.922006841
Brd2	5684	-0.015186262	7.887552716	0.041444081	0.841543525	0.922142983
Stom	2816	-0.087617697	1.874747746	0.041326432	0.8417653	0.922292512
Hars2	3400	-0.022498357	5.452281549	0.041284814	0.841843831	0.922292512
Elmod2	5218	-0.048364147	3.400235512	0.041116136	0.842162542	0.922551902
Dusp14	3234	-0.07106702	1.102658725	0.040951008	0.842475206	0.922625084
LOC118568621	10217	0.064156616	0.966298381	0.040972112	0.84243521	0.922625084
Sem1	491	-0.016270475	8.350832587	0.040966493	0.842445858	0.922625084
A530072M11Rik	1852	-0.080552058	1.167893034	0.040870674	0.842627553	0.922626984
Bloc1s4	1306	-0.043147881	3.856293509	0.040863669	0.842640846	0.922626984
Fbxo9	2219	-0.017585166	5.700608797	0.04070661	0.842939175	0.922863875
Naif1	3173	-0.030489818	3.640551173	0.040457558	0.843413477	0.923203591
Nf2	5557	0.022732176	6.010665667	0.040478603	0.843373341	0.923203591
Magee1	3584	-0.027604604	4.420359462	0.040352322	0.843614351	0.923333693
Pitpna	3795	-0.031648683	7.944433783	0.040207065	0.843892063	0.923412629
Tsen34	2881	0.025497696	4.473653247	0.040246964	0.843815729	0.923412629
Zmym2	7477	-0.024314063	5.252616936	0.040100265	0.844096586	0.923412629
Zfp236	11419	-0.023892839	4.812786184	0.040171755	0.843959652	0.923412629
Smdt1	935	0.019275499	7.837591355	0.040107319	0.844083068	0.923412629
Polr3g	3060	0.035705439	3.297288547	0.040007788	0.844273909	0.923427152
Ints10	6075	0.018984614	6.087504043	0.040047352	0.844198019	0.923427152
Zfp715	6148	0.039758768	4.241625077	0.039525216	0.845202718	0.924276287
Fem1a	6816	0.024532917	5.368525492	0.03947663	0.845296558	0.924276287
Adam10	4739	0.016590067	7.20195457	0.039507652	0.845236634	0.924276287
Chaserr	5143	-0.035730399	5.307266607	0.039301404	0.845635497	0.924377553
Smad4	7628	-0.03060819	5.076157509	0.039381086	0.845481271	0.924377553
Ercc3	2709	-0.022703863	5.04229087	0.039341931	0.845557034	0.924377553
Rbbp8	4105	-0.027827785	5.581761067	0.039048058	0.846126934	0.924735174
Atmin	4877	0.024430519	4.942672715	0.039089867	0.84604572	0.924735174
Ankrd28	10493	-0.030638822	3.745920679	0.03890655	0.846402154	0.92494617
Fastkd5	3131	-0.025235059	4.044295977	0.038809224	0.846591746	0.925063562
Zfp654	6540	0.029497882	4.663262964	0.038735879	0.846734787	0.925130069
Ttn	117640	0.090446775	0.910819999	0.038649716	0.846903007	0.925134296
Cers2	2511	-0.012790259	7.443885013	0.038669862	0.846863657	0.925134296
Lrrc75a	2847	-0.068521263	1.785171493	0.038548723	0.847100428	0.925170413
Traf2	5090	-0.014560703	6.658730534	0.038586118	0.847027296	0.925170413
Ccnb1-ps	1534	0.087204654	0.152746332	0.038407602	0.847376742	0.925382419
Cog1	6594	0.01672506	6.136944002	0.038360434	0.847469216	0.925393641
Gm41309	1346	0.06725973	0.684725301	0.03820727	0.847769901	0.925518071
Mns1	6671	0.020514787	4.5400088	0.038223971	0.847737083	0.925518071
Epn1	2913	-0.020257571	4.761803632	0.038176798	0.847829798	0.925518071
LOC108167518	10904	-0.030213723	3.314298363	0.038088162	0.848004165	0.925563831
Nfkbia	1579	-0.027861682	8.956361447	0.038071917	0.848036145	0.925563831
Haus5	2195	-0.02341396	5.835860833	0.038023458	0.848131585	0.925578265
Ppp1r37	5443	-0.036409471	2.995260011	0.03797313	0.848230772	0.925596785
Ankrd13c	6236	-0.024787404	4.798647781	0.037921747	0.848332109	0.925617647
Kctd20	4305	-0.017282209	6.993284985	0.037869801	0.848434629	0.925639796
Senp8	3904	0.051904754	2.238821627	0.037764962	0.848641763	0.925686365
Pot1a	3003	-0.015776397	5.855094572	0.037770214	0.84863138	0.925686365
Zfp128	3833	-0.061005018	1.784329528	0.037571514	0.849024751	0.92584366
Zdhhc9	3412	-0.039382115	3.306226224	0.037560008	0.849047563	0.92584366
Gm9222	19993	0.035423893	3.209548976	0.037644088	0.848880949	0.92584366
Tm9sf2	3610	0.017848288	7.548343306	0.037526043	0.849114922	0.92584366
Tyro3	5043	-0.039057428	3.004633085	0.037250422	0.849662716	0.926170681
Smyd3	10312	-0.024985394	4.221971811	0.037209659	0.849743912	0.926170681
Myo18a	11039	-0.024628065	6.489348255	0.037210587	0.849742062	0.926170681
Slc4a1ap	15160	-0.01808786	4.893098003	0.037303729	0.849556605	0.926170681
Fkrp	3139	0.021150388	4.795559854	0.037147905	0.849867005	0.926215173
Esrp2	4077	0.085311951	1.162425208	0.037038723	0.8500849	0.926273306
Rfesd	2906	0.023418503	4.699122801	0.037040339	0.850081672	0.926273306
Aldh16a1	2620	0.018125035	5.499546972	0.036839054	0.850484241	0.926618754
Themis2	3919	-0.088417462	0.695499004	0.036402915	0.851360458	0.92748365
Zswim7	752	0.048876729	2.740170642	0.036236185	0.851696864	0.927760357
Gas2l3	7117	-0.059291174	3.044920972	0.036157826	0.851855244	0.927843105
Ccdc66	4432	-0.025617203	4.400400537	0.03589455	0.85238869	0.928244522
Trim11	7100	-0.017574268	5.7977368	0.035901544	0.852374493	0.928244522
Nelfcd	2360	-0.01624896	6.825550266	0.035760137	0.852661819	0.928452148
Tmem219	1669	-0.026919331	4.856910379	0.035587261	0.85301389	0.928745684
Kntc1	7613	-0.03096008	5.34614835	0.03554488	0.853100336	0.928749984
Mrpl57	2697	0.019009946	7.044843904	0.035383586	0.853429826	0.929018853
Ift57	2540	0.045247616	2.530273971	0.035278897	0.853644098	0.92916226
Gm24507	134	0.067040206	0.746963415	0.035068749	0.854075221	0.929541651
Trav2	330	-0.064726239	1.591020355	0.034953515	0.854312196	0.929587704
Llgl2	4007	-0.027012016	4.305765423	0.034883692	0.854455981	0.929587704
Ggta1	4580	-0.025271317	4.93688787	0.034847586	0.854530392	0.929587704
Bloc1s6	3494	0.016235193	5.799373401	0.034906855	0.854408266	0.929587704
Fbxw2	6008	-0.013113241	6.89625141	0.034880529	0.854462498	0.929587704
Atf2	14191	-0.016742322	6.006741378	0.034788689	0.854651859	0.929630012
Arl5b	7057	-0.033352975	3.012008431	0.034670291	0.854896361	0.929806128
Gm30369	2792	-0.058247894	0.731559263	0.034611328	0.855018288	0.929848907
Zfp820	3695	0.070414053	1.058248071	0.03436719	0.855524272	0.930039809
Hs2st1	18983	0.032517105	3.219900299	0.034435812	0.855381863	0.930039809
Taco1	2092	0.032361451	4.123147447	0.034449358	0.855353769	0.930039809
Coil	2607	-0.029905153	4.250117859	0.034394023	0.855468568	0.930039809
E2f8	3964	-0.051509685	5.78262459	0.034123165	0.856031888	0.93027586
Dnal4	1556	-0.02745051	3.511957953	0.034109744	0.856059862	0.93027586
Rev3l	11528	-0.022613264	4.736037287	0.034103949	0.85607194	0.93027586
Clp1	1849	-0.015474689	5.711749048	0.034166413	0.855941787	0.93027586
Acrbp	2154	-0.052949807	1.926271778	0.034009534	0.856268904	0.930400089
Wfikkn1	2536	0.074098941	1.026463326	0.033760571	0.856789637	0.930427099
2810403D21Rik	1005	0.073275993	1.908388174	0.033788163	0.856731827	0.930427099
Tmem220	3370	0.062164029	1.553318068	0.033950487	0.856392227	0.930427099
Ric1	6980	-0.035569663	3.503508535	0.033788675	0.856730755	0.930427099
Wapl	8150	-0.026168658	6.822311798	0.033871883	0.85655657	0.930427099
Tmem229b	5331	0.021566267	6.591293904	0.033889587	0.856519538	0.930427099
Rsbn1	7497	-0.026537319	4.01640162	0.033573827	0.857181539	0.930762902
Pex11g	3028	0.028013514	3.722674783	0.033289563	0.85778027	0.931323202
Trbv14	346	0.071161119	2.229646853	0.033079665	0.858224071	0.93151411
Ndufs5-ps	500	-0.046036685	2.213452515	0.033096013	0.858189452	0.93151411
Milr1	2820	-0.027464531	3.685259226	0.033010884	0.858369815	0.93151411
Sprtn	4814	-0.024610893	4.351425775	0.033079008	0.85822546	0.93151411
Timeless	8139	0.018106169	6.40062505	0.033024189	0.85834161	0.93151411
Zfp78	5964	-0.07013188	1.501458189	0.032963182	0.858470985	0.931534106
Trbv29	344	-0.061663439	1.463626656	0.032788748	0.858841589	0.931823863
Uhrf1	3719	0.047662042	8.33422567	0.032759629	0.858903555	0.931823863
Atn1	4396	-0.040498093	3.00532478	0.032597805	0.85924844	0.932108204
Gan	3454	-0.057365666	1.527333511	0.032343498	0.859792222	0.932453731
Kif2c	3266	-0.051200384	6.063793803	0.032341536	0.859796426	0.932453731
Ggps1	7336	-0.015485808	5.908245874	0.032332665	0.859815436	0.932453731
Cnnm4	4582	-0.024415392	3.928994343	0.032258357	0.859974773	0.932464236
Orc5	2303	-0.013720981	5.670048339	0.032250898	0.859990777	0.932464236
B3gntl1	6919	-0.032145038	3.530079827	0.031909992	0.860724307	0.933094582
Mast2	8368	-0.030348075	3.95965325	0.031810478	0.860939196	0.933094582
Ubn2	14669	-0.021081212	4.223958908	0.0318641	0.860823362	0.933094582
E4f1	2876	-0.019901301	5.780726341	0.031875261	0.860799265	0.933094582
Tmed9	1454	-0.014372844	7.92793469	0.031788572	0.860986545	0.933094582
Zfp668	9577	-0.018285998	5.255397653	0.031672437	0.861237854	0.933277097
Ift52	2459	0.012991904	6.125354741	0.031576898	0.861444953	0.933411673
Gm41569	962	0.088944887	0.939280864	0.031392745	0.861845051	0.933531146
Adal	6522	-0.032772615	3.501044904	0.031459102	0.861700743	0.933531146
Cyren	3830	0.032512818	2.713006826	0.031371061	0.861892243	0.933531146
Stam2	4364	-0.018343831	5.302876172	0.031335431	0.861969823	0.933531146
Tes	2442	-0.014543904	7.770935893	0.031359831	0.861916691	0.933531146
Ifi204	2417	0.073639068	0.871172826	0.03096178	0.862786154	0.933653254
Angptl6	2437	0.071792275	1.335089943	0.031162205	0.862347648	0.933653254
LOC118568019	11348	0.058394962	1.290248399	0.030823952	0.863088557	0.933653254
Pygm	2870	-0.055098217	1.044224034	0.030742414	0.863267785	0.933653254
Fbxo28	4913	0.044855307	3.896907702	0.030947966	0.862816432	0.933653254
Dmac2l	2575	-0.039114833	3.220346944	0.030760052	0.863228995	0.933653254
Slc27a4	4054	-0.036338367	3.452871345	0.030729889	0.863295338	0.933653254
Trappc2l	610	-0.01976193	5.987318813	0.031143832	0.862387786	0.933653254
Mdm4	7436	0.017766804	6.495700711	0.031114665	0.862451528	0.933653254
Hjurp	8504	0.015569628	7.624974759	0.030823677	0.863089161	0.933653254
Sbds	1547	-0.015157046	6.127692769	0.030758881	0.86323157	0.933653254
Mettl9	3284	-0.014212856	5.989836152	0.030851756	0.863027498	0.933653254
Nek7	4304	0.013601739	7.655135839	0.030898192	0.862925584	0.933653254
Dad1	3735	0.013387532	8.523595266	0.030715701	0.863326556	0.933653254
Dnm1l	4439	0.012395987	6.562066322	0.031127274	0.862423968	0.933653254
Cd46	7424	0.068600885	0.517009465	0.030640523	0.863492096	0.933742581
Gab3	2129	-0.046036856	2.730390091	0.030568246	0.863651446	0.9338252
Phf12	8575	-0.014608465	5.64910975	0.030481222	0.863843568	0.933943233
Ccdc174	2764	0.02290313	4.624769566	0.030441679	0.86393096	0.933948027
Firre	5815	0.075148007	0.805211697	0.030267022	0.864317663	0.934160024
Rab20	1676	0.065389667	2.776854113	0.030109228	0.864668022	0.934160024
Tada2b	4293	0.047185726	1.798009384	0.03019275	0.864482457	0.934160024
Zdhhc12	1194	-0.028495928	3.578325951	0.03019475	0.864478017	0.934160024
Erc1	15912	-0.023646796	4.423952688	0.030091292	0.864707906	0.934160024
Ptpn18	1682	0.020378262	7.963275314	0.030186735	0.864495811	0.934160024
Tmem175	3976	0.014894747	5.390702851	0.030122348	0.864638855	0.934160024
Mecp2	10661	-0.019182803	4.851341647	0.030008135	0.864892983	0.934270313
Rer1	1816	0.01323074	7.73384117	0.02983186	0.865286183	0.934605378
Tnnt1	1491	-0.055079976	2.052046061	0.02975901	0.865449033	0.934691598
Tacc3	3723	-0.040280723	7.733655766	0.029637107	0.865721995	0.934896712
Itgb3	5960	-0.048629067	4.482626379	0.029547017	0.865924097	0.935006346
Fancd2	5536	-0.046171266	4.50140929	0.029480876	0.866072675	0.935006346
Zfp12	6228	-0.02178475	4.546763366	0.029516236	0.865993222	0.935006346
Cxxc1	2551	-0.014234183	6.771413216	0.02943933	0.86616609	0.935017532
Gtpbp6	2323	0.029842727	3.163370795	0.029244657	0.86660472	0.935311661
Bbs4	2561	-0.028856555	3.602142781	0.029278334	0.866528732	0.935311661
Unc45a	3773	-0.013502104	6.41268936	0.029158319	0.866799737	0.935432461
Birc3	4559	-0.014744367	6.573814944	0.028984747	0.867192693	0.93576683
Gm36109	2924	-0.066925508	0.891823533	0.028868461	0.867456638	0.935872241
Cdc23	7101	-0.014852559	6.113142602	0.028870006	0.867453128	0.935872241
Klhdc10	7773	0.04522925	3.493365587	0.028749254	0.867727782	0.936075064
Sestd1	9590	0.047874892	2.652513779	0.028588435	0.868094494	0.936338895
Ccdc134	3731	0.021448553	4.829681645	0.028569083	0.868138691	0.936338895
Daglb	3487	0.021626737	4.192252595	0.028359148	0.868619174	0.936767378
Jcad	7162	0.101690886	0.420765423	0.028069592	0.869284904	0.936971138
Gm36298	2179	0.070674898	1.023688884	0.028020017	0.869399235	0.936971138
Spidr	4370	0.030225795	4.613089988	0.028042657	0.869347009	0.936971138
Ccdc15	15975	-0.029482177	3.035795283	0.02810748	0.869197593	0.936971138
Trp53bp1	10735	-0.025301896	5.649698717	0.027931499	0.869603641	0.936971138
C330018D20Rik	2546	0.023297801	3.748933884	0.027946192	0.869569691	0.936971138
Zc3h14	16173	0.021827162	5.568094143	0.028224665	0.868927932	0.936971138
Atg4a	2963	-0.021081391	5.201026991	0.028055648	0.869317051	0.936971138
Zfp91	5609	-0.020773195	4.452436091	0.028057449	0.869312898	0.936971138
Spin1	28149	0.013217475	5.953866228	0.027915604	0.869640382	0.936971138
Krtcap3	908	0.048009085	3.577384205	0.027697379	0.870145887	0.937426067
Zbtb1	12558	-0.019216509	6.25689292	0.027634047	0.870292975	0.937494815
Bbip1	2698	0.020061108	5.146541242	0.02751267	0.870575358	0.937709279
Gm38785	31842	0.09913719	0.781413803	0.027244136	0.871202389	0.937928016
Armc9	31018	0.038890572	2.415880686	0.027305263	0.871059378	0.937928016
Rfng	2165	0.037976475	4.332865579	0.027339459	0.870979446	0.937928016
Wdr47	5115	0.034139447	3.444035401	0.027332694	0.870995254	0.937928016
Dgke	7828	0.024168726	4.017730024	0.027211714	0.871278308	0.937928016
Psmd10	1456	0.013684326	6.041308911	0.027250247	0.871188084	0.937928016
Morrbid	4492	0.033052905	4.218359407	0.027130802	0.871467979	0.937963784
Scrn3	5064	0.024007234	4.134861829	0.02712646	0.871478165	0.937963784
Ube2c	931	-0.037657655	8.063221957	0.026956569	0.871877397	0.93830377
Aida	3293	-0.01831291	4.897580493	0.026840869	0.872150025	0.938331667
Tex264	2025	0.017528282	5.43924421	0.026839454	0.872153363	0.938331667
4833439L19Rik	4185	-0.013274939	6.259596427	0.026909979	0.871987106	0.938331667
Tesk2	3264	-0.044404991	2.359451983	0.026340853	0.873335239	0.939513438
Gm26944	12538	-0.057415494	1.715588565	0.026236848	0.873583219	0.939552839
LOC115485682	156	-0.04827657	1.017268441	0.026268795	0.873506994	0.939552839
Apol9a	1940	-0.0452866	2.500266399	0.026219183	0.873625386	0.939552839
Poc1a	4568	-0.036493438	5.352674358	0.026185559	0.873705691	0.939552839
Trak1	8747	-0.023662031	4.197612125	0.026040849	0.874051914	0.939745626
Acads	1870	-0.020135257	5.589939473	0.026070529	0.873980824	0.939745626
Cnn3	2003	0.056374211	3.418930431	0.026003619	0.874141147	0.939751818
Ssbp2	41776	-0.028270926	4.572384458	0.025898257	0.874394037	0.939763985
Yipf4	2133	0.017144949	6.108623503	0.025859844	0.874486366	0.939763985
Pdp2	5735	0.016812979	4.529665558	0.025885434	0.874424849	0.939763985
Ap2m1	2937	0.013345757	8.667145216	0.025919758	0.874342386	0.939763985
Snx12	10206	-0.017495814	5.930436831	0.02582409	0.874572369	0.939766701
Rnmt	6632	0.01592944	5.783636185	0.025766522	0.874710972	0.939825932
Dnajb11	3236	-0.011669955	7.357293744	0.025406566	0.87558124	0.940671209
Rbm33	9873	-0.021070579	4.926281291	0.025337731	0.875748382	0.940671242
Eif4g3	10641	-0.019825108	6.334938865	0.025342326	0.875737218	0.940671242
Snhg9	183	-0.052105796	2.233307227	0.025239803	0.875986572	0.940728899
Ccnb1	2316	0.046544608	8.086114958	0.025212632	0.876052743	0.940728899
Ankrd13a	3448	-0.018320174	5.824650936	0.025252479	0.875955712	0.940728899
BC106179	2649	-0.05738552	1.81402751	0.025138291	0.876233977	0.940744051
Izumo1r	3280	0.026135625	9.091416902	0.025158861	0.876183802	0.940744051
Ttc21b	5193	0.024110808	4.291356557	0.024993019	0.876588932	0.941035395
Vsig10l	3951	-0.081862347	1.114986742	0.024903339	0.876808581	0.941091715
Aars2	4108	0.019494381	4.684678176	0.024917383	0.876774157	0.941091715
Cass4	4529	-0.085389988	0.626356493	0.024300478	0.878295806	0.941918309
Golm2	5563	-0.07034363	0.960726727	0.024515731	0.877762637	0.941918309
Kifc5b	2627	0.067752205	2.456397928	0.024452831	0.877918188	0.941918309
Acsl1	7037	0.035713563	3.02659624	0.024346041	0.878182748	0.941918309
Ankhd1	8231	-0.021677586	5.998893651	0.024335442	0.878209037	0.941918309
LOC118568312	1633	-0.018386803	13.86962185	0.024318043	0.878252209	0.941918309
Gosr2	6246	-0.014651276	7.434544764	0.02445776	0.877905991	0.941918309
Ddx17	8791	-0.012867661	6.773754084	0.024286017	0.878331712	0.941918309
Krtcap2	1145	0.012417571	7.365877602	0.024346671	0.878181186	0.941918309
Ino80dos	1802	0.056597867	1.402413058	0.024173068	0.878612535	0.942129719
Hectd4	17937	-0.016657305	4.862263495	0.024089861	0.87881984	0.942262263
Tor1a	1452	-0.015364496	5.17373743	0.023906469	0.879278055	0.942663779
Arfgap2	3409	-0.014766324	5.670756893	0.023787019	0.879577476	0.942894994
Zfp661	10050	0.045129921	1.499930323	0.023718696	0.879749086	0.942989165
S100a9	524	-0.201445784	3.255796321	0.023618801	0.880000451	0.943079018
LOC115488525	5550	-0.070721669	0.593166501	0.023632973	0.879964757	0.943079018
Zbtb8a	2229	-0.031930416	2.954124419	0.023523714	0.880240227	0.94324619
6430590A07Rik	1053	0.083010323	0.898582878	0.023444173	0.880441185	0.9433636
Cc2d1b	8135	-0.011920879	6.7746572	0.023414048	0.880517384	0.9433636
Gm16973	2171	-0.037301082	2.506307487	0.023348915	0.880682308	0.943420949
Tmem242	971	0.018750311	5.150886715	0.02332674	0.880738512	0.943420949
Cbx8	1393	0.026490865	3.470373358	0.023203269	0.881051955	0.943573071
Laptm4a	4544	-0.015275731	6.197798396	0.023196471	0.881069236	0.943573071
Pagr1a	1412	0.012176645	6.362217303	0.023171804	0.881131968	0.943573071
Cmtm4	7734	0.050823202	1.188362019	0.022990314	0.881594577	0.943641187
4930579G24Rik	1970	0.022951607	5.39460143	0.022982446	0.881614674	0.943641187
Fra10ac1	2105	0.016808511	4.437148654	0.023008681	0.881547676	0.943641187
Cs	2979	0.016678207	8.608531969	0.023108199	0.881293882	0.943641187
Arl16	2023	0.015626426	4.893992213	0.023015011	0.881531517	0.943641187
Ggnbp2os	676	-0.035377064	2.82748555	0.022903765	0.881815846	0.943766783
Map4k3	7943	0.05965673	1.37374229	0.022833955	0.881994632	0.943778687
Chd3	7958	-0.016843927	7.329143804	0.022836094	0.881989149	0.943778687
Gm16576	5404	0.052785962	1.429443699	0.022684607	0.88237806	0.943822191
TrnL1	75	0.025976571	3.212403453	0.022654906	0.882454467	0.943822191
Ccdc9	4957	-0.01691679	5.286218964	0.022664762	0.882429104	0.943822191
Ppp1r2	4074	0.012539571	5.788048664	0.022737965	0.882240921	0.943822191
Son	9278	0.011885356	8.34524508	0.022762425	0.882178113	0.943822191
Pank3	7365	-0.02041087	3.840909184	0.022520943	0.882799728	0.944040582
Stard3	2257	-0.015306509	5.620679813	0.022510624	0.882826368	0.944040582
Wdr25	4971	0.035075191	2.681773439	0.02241753	0.883066975	0.944151537
Map2k1	3042	-0.014206751	6.364161476	0.022386358	0.883147655	0.944151537
Atg16l2	6472	-0.012413578	6.12865117	0.022373202	0.883181723	0.944151537
Trpt1	2486	0.039739139	2.210748054	0.022102909	0.883883941	0.94454979
Zbed3	11641	-0.031658441	2.906196628	0.022193971	0.883646874	0.94454979
Tedc2	2295	0.026155021	3.282366993	0.022068458	0.883973759	0.94454979
Rap2c	4354	0.015465859	5.524642568	0.022076535	0.883952695	0.94454979
Pigt	3259	-0.011908241	6.688744345	0.022088813	0.883920684	0.94454979
Cdk16	3705	-0.037575954	4.4215828	0.021852592	0.884538192	0.944704579
Tatdn3	1502	0.033666059	2.820843035	0.021895428	0.884425961	0.944704579
Dvl3	4931	0.020643122	4.45400604	0.021852817	0.884537603	0.944704579
Ska2	1349	0.019116803	5.749678745	0.021933336	0.884326736	0.944704579
Senp1	7461	0.017333962	6.51409494	0.021871864	0.884487686	0.944704579
Tnks	6444	0.040454212	2.293497675	0.021743337	0.884824953	0.944859717
Camk2g	4843	0.024449285	4.077954426	0.021669504	0.885019161	0.944859717
AY036118	1409	0.021978788	12.51969332	0.021695072	0.88495187	0.944859717
Usp47	6527	0.020526595	5.969315163	0.021730519	0.884858645	0.944859717
Fzr1	2254	-0.015730206	7.535254495	0.021575775	0.885266189	0.944969987
Cers5	2010	-0.01068924	6.684135845	0.021566629	0.885290323	0.944969987
Rad9b	3917	0.037892877	2.526717763	0.021343665	0.8858803	0.945510089
Decr2	2212	0.015816875	5.287647706	0.021252277	0.88612303	0.945679502
Tk1	2046	0.032799307	6.8439732	0.021208424	0.886239694	0.945714358
Gm32401	1988	-0.071507064	0.588174087	0.021107983	0.88650737	0.945850495
Pip5k1c	6943	0.010560489	6.251932149	0.021097516	0.886535301	0.945850495
Prpf6	3055	-0.015190064	6.778855889	0.021047865	0.886667893	0.945902316
Snw1	2257	0.01069691	7.552550286	0.021003651	0.886786103	0.945938786
Cst6	3951	-0.075764223	1.276070828	0.020964962	0.886889644	0.945959603
Shf	9096	-0.058644399	0.432789686	0.020933127	0.886974915	0.945960932
Uvssa	9312	-0.020910394	4.156728182	0.020856001	0.887181777	0.946091925
Zfp169	11210	-0.031606215	3.269940474	0.020785053	0.887372415	0.946152054
Mocs2	1955	-0.015036727	5.412584682	0.020772474	0.887406248	0.946152054
Cops9	711	-0.016376246	7.771438872	0.020735152	0.887506698	0.946169546
2010110K18Rik	903	0.072220855	0.074691862	0.020532397	0.888054015	0.946215418
Stx2	5027	0.045023116	1.527099756	0.020587564	0.887904826	0.946215418
Arhgap12	5053	0.023859774	4.41924084	0.020562409	0.887972827	0.946215418
Zfp994	5193	-0.020664485	3.72646952	0.020588593	0.887902043	0.946215418
Rogdi	1440	0.014774172	4.511939743	0.020638511	0.887767229	0.946215418
Casp8ap2	6821	0.012003941	6.067772627	0.020589516	0.88789955	0.946215418
Yju2	1313	0.016438704	4.853057085	0.020478064	0.88820115	0.94628263
Zpbp	6280	-0.059569502	1.312273695	0.020255526	0.888805881	0.946382963
Tnfrsf19	4917	-0.043809003	1.674504787	0.020254662	0.888808236	0.946382963
Gm51604	847	0.042014523	1.500249604	0.020193684	0.888974536	0.946382963
Iqgap3	5725	0.031949613	4.102681966	0.020343214	0.888567192	0.946382963
Ddias	3473	0.029364965	3.996986838	0.020112951	0.889195105	0.946382963
Stard4	5441	0.020549797	6.045056455	0.020130053	0.889148342	0.946382963
Ccdc166	2414	0.019548554	3.708203025	0.020253905	0.888810299	0.946382963
Mtmr9	6428	0.01791571	5.496681105	0.020156604	0.889075784	0.946382963
Ttf2	5097	0.015330304	5.608379577	0.020148205	0.889098731	0.946382963
Eef1akmt2	1081	-0.015210103	4.723688908	0.020103842	0.889220019	0.946382963
Relt	7303	-0.012580584	5.282010911	0.020170016	0.889039152	0.946382963
Map1lc3a	1045	-0.042449281	2.064786972	0.020048867	0.889370511	0.946453655
Aurka	2249	0.036523827	7.009387159	0.019995642	0.88951641	0.946519447
Slc4a7	8115	0.024623745	4.662704051	0.019948504	0.889645791	0.946567651
Stil	5556	0.037387983	5.377845684	0.019608605	0.890583378	0.94684934
Bivm	4339	-0.026668517	3.078073915	0.019642575	0.890489302	0.94684934
Rps27	575	-0.023826994	10.52254321	0.019625368	0.890536945	0.94684934
Pex1	6415	-0.02314751	3.858113336	0.019675406	0.890398459	0.94684934
Dym	4375	0.017907929	4.657734751	0.019771837	0.890132085	0.94684934
Exoc7	3424	-0.014080312	6.08972963	0.01974431	0.890208057	0.94684934
Cyb561d2	2082	-0.011442461	5.938412597	0.019742772	0.890212303	0.94684934
Tox4	4458	-0.01126631	7.154955463	0.019639772	0.890497061	0.94684934
Ltf	2742	-0.202467041	1.732083627	0.019426937	0.891087899	0.946915887
Sgo2a	5416	-0.032562001	5.071573265	0.019487169	0.890920359	0.946915887
Per1	8573	-0.028801887	4.776458632	0.019404408	0.891150633	0.946915887
Iqsec1	14552	-0.018857319	3.639622477	0.019461905	0.890990599	0.946915887
Rsrc1	9519	-0.0163246	4.814900083	0.019490002	0.890912485	0.946915887
Trappc1	745	-0.012567702	6.728994405	0.019552691	0.890738405	0.946915887
Rhbdd3	3210	0.022329116	3.460160839	0.019351919	0.891296937	0.946981966
Gm30957	494	-0.033897256	4.796915664	0.019245256	0.891594869	0.947209119
Slmap	11453	-0.018434491	4.85732376	0.019146459	0.891871582	0.947413689
Fars2	12531	-0.013626545	4.994818153	0.019089138	0.892032462	0.947495184
Slfn8	4011	0.026679357	4.930228732	0.018974242	0.89235568	0.947702278
Mrpl9	1783	-0.014628261	6.05134247	0.018960007	0.892395794	0.947702278
Mapk8	5928	0.018545634	3.835090893	0.018919243	0.892510753	0.947734961
Asxl2	21468	0.012220967	5.767749666	0.018677074	0.893196312	0.948373486
Usp9x	13674	-0.018369253	5.57130435	0.01859322	0.893434751	0.948537196
Trim59	3228	0.032850756	6.051825765	0.018533826	0.89360397	0.948627393
Cdk5r1	4162	-0.035202231	2.594771692	0.018477434	0.893764892	0.948655196
Msh6	4263	0.01658099	6.920187054	0.018465601	0.893798691	0.948655196
D16Ertd472e	6160	-0.010665258	5.587506535	0.018351953	0.894123869	0.94891087
U2af1l4	864	-0.011689415	5.680619111	0.018251167	0.894413105	0.949128356
Gm14230	4779	0.031457459	2.832196497	0.018187082	0.894597439	0.949234493
Zfp341	4972	-0.047179066	1.408769936	0.018034346	0.895038113	0.949579556
Tmcc1	17282	-0.023239055	3.064346628	0.018015929	0.895091378	0.949579556
Lcor	19502	-0.016679862	4.695090035	0.017957679	0.895260029	0.949579556
Tceal9	1018	-0.015439789	5.790905093	0.017979622	0.895196464	0.949579556
Gpr15	2230	-0.041164757	3.84459652	0.017789617	0.895748188	0.949952955
Utp23	2917	0.013556674	4.781775722	0.017778408	0.895780829	0.949952955
Rab11a	2333	-0.012240319	7.023305083	0.01749263	0.896616605	0.950749717
Nicn1	2122	0.045999545	1.704996099	0.017382561	0.896940361	0.950826048
Tmem170b	7501	0.025951736	3.70769278	0.017383833	0.896936615	0.950826048
Dtd1	1283	0.013172138	5.719560024	0.017382017	0.896941964	0.950826048
Rnf13	5148	-0.015196986	5.384192564	0.017325681	0.897108078	0.950909206
Smg6	6433	-0.011925285	5.103571115	0.017298156	0.897189339	0.950909206
Rrm2	2180	0.036086981	9.245068836	0.017166093	0.897580142	0.951062484
Gtpbp10	3030	0.027716482	3.37836656	0.017163123	0.897588947	0.951062484
Smad1	3227	-0.026285426	3.59267692	0.017135169	0.897671874	0.951062484
Selenos	1220	0.00903266	6.790435568	0.017146501	0.897638248	0.951062484
Gm34865	635	0.041514144	1.387721285	0.016997147	0.898082329	0.951407816
Senp6	5284	0.015559279	5.83712138	0.016878244	0.898437288	0.951694297
Naa30	4598	0.030995389	4.376840369	0.016829168	0.898584166	0.95176033
Prr14l	12774	0.0094428	6.044655203	0.016796136	0.898683147	0.951775623
Ifngr2	2105	-0.019551875	5.343265524	0.016762975	0.898782616	0.95179143
Phc1	6291	0.025496827	3.135749981	0.016718401	0.898916479	0.951843653
Bpnt2	6494	0.010068329	5.564630067	0.016668743	0.899065821	0.951912255
n-TWcca7	72	-0.05164797	1.393685569	0.01663232	0.899175503	0.951938858
Antkmt	978	0.009381972	6.598946339	0.016541587	0.89944927	0.952139152
Ybey	4522	0.022694121	3.229589567	0.016461401	0.899691846	0.95223983
Rprd2	11049	-0.010368052	5.339039821	0.016432014	0.899780899	0.95223983
Chmp2a	1062	-0.008699884	7.737660651	0.016426332	0.899798127	0.95223983
Cd6	3039	-0.013802676	8.196244517	0.016333769	0.900079204	0.952447756
H2bc18	493	-0.030920036	3.02596095	0.016270964	0.900270376	0.952470998
Bpgm	1594	-0.016176762	5.098698584	0.016287509	0.900219977	0.952470998
Knl1	13538	-0.030193186	6.0562016	0.016207566	0.900463738	0.952472386
Wbp4	3452	0.01267453	5.772350121	0.016203222	0.900477	0.952472386
Capza1	3191	-0.010757684	8.68532053	0.016187342	0.900525499	0.952472386
Fam83d	4302	-0.036775566	3.950417845	0.015932304	0.901307766	0.953118851
Gtse1	2820	-0.024616678	5.6593339	0.01590536	0.901390783	0.953118851
Kif18a	3371	0.023981045	4.9119021	0.015917708	0.901352729	0.953118851
Gm11478	572	0.023914322	3.034535945	0.015877935	0.901475353	0.953118851
Zfp709	3975	0.025088723	3.441495784	0.015828564	0.901627784	0.953190496
Ccdc142	3129	0.026280115	3.497822935	0.015760669	0.901837806	0.953323007
Ifi47	2013	0.009333939	7.967699657	0.015656119	0.902162114	0.953576291
Ids	5723	-0.019608161	4.532997472	0.015591451	0.90236326	0.95369936
Napa	3104	-0.008624764	7.449631439	0.015477367	0.902719154	0.953985941
Ttk	3187	0.029300561	4.602145166	0.015410681	0.9029278	0.954116873
Traj18	66	0.043464361	1.535148936	0.015340968	0.90314641	0.954247184
Rragc	2606	-0.021317603	5.672599924	0.015317333	0.903220642	0.954247184
Vps52	3988	-0.009789606	7.13179364	0.015252542	0.903424432	0.954372924
AW146154	3411	-0.023670721	3.281613622	0.015115007	0.903858486	0.954664763
Zfp747	2684	-0.019394426	3.721601163	0.015101185	0.903902217	0.954664763
Gins3	2412	-0.012766769	4.839554597	0.015084484	0.903955088	0.954664763
Gm16157	1340	-0.059279334	0.665651479	0.014968297	0.904323713	0.954785366
Mettl18	1513	-0.024462695	3.13543243	0.014978	0.904292873	0.954785366
Wdr1	4301	0.010511777	10.14400915	0.014990665	0.904252634	0.954785366
Pld4	2082	-0.065526164	0.360955358	0.014908108	0.904515248	0.954898036
Pms1	6744	-0.017302311	4.508716619	0.014880412	0.904603513	0.954901673
Dnase1l2	1998	0.04865879	0.895632812	0.014734674	0.905069358	0.954999694
Itsn1	22954	0.046618155	0.805487256	0.014660213	0.905308271	0.954999694
Mtx3	7533	0.037352481	1.48391426	0.0145368	0.905705613	0.954999694
Pla2g12a	1901	0.029597456	2.414139151	0.014695927	0.905193604	0.954999694
Cdca8	1626	-0.027080278	7.587922365	0.014543412	0.905684282	0.954999694
Hrob	3214	0.021766557	4.122023253	0.014632918	0.905396005	0.954999694
Ankrd50	8502	0.020272524	3.825632969	0.014534104	0.905714312	0.954999694
Npat	7635	-0.015822055	5.301456746	0.01455251	0.905654939	0.954999694
Impa1	4424	0.0127337	7.425883834	0.014535301	0.905710451	0.954999694
Atp5e	414	0.011177859	8.1758877	0.01481955	0.904797773	0.954999694
Vps41	13527	0.010980461	6.245176593	0.014547121	0.905672317	0.954999694
Atp6v1h	4357	-0.008264935	6.533870188	0.01458173	0.90556076	0.954999694
Trav7-1	337	-0.065809246	0.468134335	0.014475318	0.905904199	0.955110458
Ubqln1	3686	-0.027628278	6.486972616	0.014421836	0.906077296	0.955114063
Wdr37	9801	0.017880164	5.034730737	0.01444024	0.906017694	0.955114063
Cul7	5529	0.02891842	2.857119255	0.014244351	0.906654078	0.955632582
Klhl5	8706	-0.021235813	3.035453624	0.014164567	0.906914544	0.955817631
Usp2	6486	-0.045169841	0.718911658	0.014105779	0.907106942	0.955930913
Arl6	1951	0.029668998	1.772984423	0.014047101	0.907299388	0.956044226
Stx3	9870	0.036590557	1.477501495	0.013860255	0.907914916	0.95624531
Ppp1cc	2618	-0.018830317	7.336370222	0.013882015	0.907843016	0.95624531
Klhl20	4131	0.016181732	4.753714815	0.013890232	0.90781588	0.95624531
Tigd2	3007	0.012836385	5.543079255	0.013892337	0.907808929	0.95624531
Ik	1996	0.008821285	6.743521687	0.013960033	0.907585695	0.95624531
Dnmt1	6326	0.023860609	8.52152293	0.013816835	0.908058558	0.956307132
Sclt1	3260	-0.038565468	2.271891624	0.013613157	0.908735434	0.956372832
Nxt2	3124	0.032302312	2.18816573	0.013651105	0.908608936	0.956372832
Cdca2	8074	-0.026114539	6.065034103	0.013682586	0.908504128	0.956372832
Gpsm1	6070	0.023081355	2.789160603	0.013730966	0.9083433	0.956372832
Enpp1	6873	-0.020294839	4.354684002	0.013749957	0.908280248	0.956372832
Palb2	4898	-0.017622425	3.485183963	0.013593645	0.908800547	0.956372832
Hbs1l	7318	-0.00936096	6.040489816	0.01366305	0.908569153	0.956372832
Snx1	2079	-0.007986414	6.821367109	0.013630822	0.908676526	0.956372832
TrnP	67	-0.032912901	6.403690079	0.013513681	0.909067888	0.956377913
9130023H24Rik	3581	-0.02259134	3.032826254	0.013498332	0.909119294	0.956377913
Mmd	5663	0.016693361	6.497152381	0.013490607	0.909145179	0.956377913
Pnp	2941	-0.014016024	5.374322456	0.013551636	0.908940894	0.956377913
B230398E01Rik	10387	-0.022846351	2.712129606	0.013390344	0.909481813	0.956642647
Snrpc	856	0.012302272	6.387340136	0.0133582	0.909590007	0.956667068
Mpp1	2525	-0.010610344	7.29766079	0.013311309	0.909748076	0.956743937
Efcab14	5777	0.011996597	5.265141645	0.013284563	0.909838363	0.956749514
Rad51d	7827	-0.009876364	5.68495455	0.013237131	0.909998709	0.956828754
Triap1	1066	-0.013659267	5.165569584	0.013128713	0.910366313	0.957036507
Ddrgk1	2174	-0.011481918	5.628388636	0.013139494	0.91032969	0.957036507
Emid1	3565	-0.035464171	0.975584532	0.013031028	0.910698849	0.957296698
Ppt2	2335	0.025731329	3.391243629	0.012946809	0.910986555	0.957420336
Lman2	4315	-0.007304879	8.15978677	0.012949914	0.910975932	0.957420336
Setdb2	2991	-0.032885843	1.23727051	0.012835847	0.911367078	0.957730847
Pkd1	15519	-0.025834584	5.362393291	0.012728191	0.911737859	0.957950909
Ift172	5408	0.022146189	2.889661148	0.012725639	0.911746668	0.957950909
Lrwd1	2179	0.008995299	6.748134531	0.012615268	0.912128492	0.958262651
Lancl3	3920	0.048043034	1.848093862	0.012337533	0.913096862	0.958313449
Rcn1	3063	0.046745014	1.340529699	0.012287386	0.913272879	0.958313449
Fhl4	2670	-0.044148379	0.851300859	0.012324609	0.91314219	0.958313449
Ift122	4626	-0.038991094	1.469628951	0.012447655	0.912711595	0.958313449
Ncapg	4468	-0.035277737	6.670977801	0.012353326	0.913041501	0.958313449
BC024063	4676	0.035064906	1.477878632	0.012516698	0.912470923	0.958313449
Ppard	3349	0.03055811	1.746347147	0.01228438	0.913283442	0.958313449
Setd1b	9008	-0.017217023	4.761339618	0.012364011	0.913004068	0.958313449
Rpap3	2341	-0.015106935	4.705672011	0.012455713	0.91268347	0.958313449
Creg1	2306	0.01458857	5.373574046	0.012547405	0.9123641	0.958313449
Fbxw11	4496	0.011539663	6.449087149	0.012413719	0.912830135	0.958313449
Ppp1r15b	5588	0.011041934	6.440693579	0.012459174	0.912671395	0.958313449
Eif2b2	1605	0.008358474	6.667214718	0.012504733	0.912512584	0.958313449
Rhbdl3	5241	0.046966292	0.906620549	0.012049449	0.914113058	0.958556818
H2ac11	472	-0.044050649	2.635723221	0.011989542	0.914325914	0.958556818
Trim68	2393	-0.029679024	3.212038791	0.012002765	0.914278885	0.958556818
Ddhd1	5222	0.02841467	2.693591495	0.012012033	0.914245939	0.958556818
Ccdc163	4117	-0.023613378	3.836343593	0.01209451	0.913953302	0.958556818
Katnip	7881	-0.021641351	3.135714444	0.012092066	0.913961959	0.958556818
Lrrc61	2997	-0.019158834	4.521275565	0.012015878	0.914232272	0.958556818
Iba57	5023	0.014880177	3.763774242	0.011989405	0.914326402	0.958556818
Ctdnep1	1615	-0.010156744	5.265854995	0.012192771	0.91360598	0.958556818
Cr1l	1921	0.008460734	6.422438308	0.011978047	0.91436682	0.958556818
Smarca2	10399	0.010217475	6.358806095	0.01192135	0.914568866	0.958590102
Cant1	6109	0.00985536	6.509406776	0.011929872	0.914538464	0.958590102
Derl3	1344	0.041725127	1.132560221	0.011849887	0.914824226	0.958679246
Ccp110	5108	-0.013944306	4.337075803	0.01185953	0.914789723	0.958679246
Phip	11026	0.010819382	6.081794393	0.01171651	0.915302926	0.959091617
Gm10785	1709	0.045014155	0.567700326	0.011626371	0.915628003	0.959342955
Gm26782	7296	0.024827276	3.563930887	0.011547787	0.915912449	0.959462394
Trim41	4508	0.020521937	2.933479475	0.011568345	0.915837945	0.959462394
Cdk13	16821	0.012849418	4.895772412	0.011509274	0.916052211	0.959519519
Morn3	1426	-0.040566266	1.593650045	0.011482285	0.916150296	0.959532983
Gm34828	2811	-0.057253641	1.043485363	0.011426407	0.916353739	0.959656781
Il20rb	2478	0.050922782	0.802434156	0.011355242	0.916613567	0.959811686
Hmmr	3958	0.028620873	6.620007805	0.011317124	0.916753081	0.959811686
Zbtb22	2607	-0.011937757	4.901980736	0.011315939	0.916757423	0.959811686
Casp3	2770	-0.014439485	7.107607005	0.011256506	0.916975434	0.959950663
Rmdn1	2068	0.016781245	3.843401898	0.011227705	0.917081287	0.959972211
Atpsckmt	9255	0.01762063	4.065767929	0.0111393	0.917407078	0.960134692
Dnajb12	3062	-0.010798795	4.339452829	0.0111446	0.917387512	0.960134692
Helq	4086	0.013020831	4.77753295	0.011028836	0.917816006	0.960473377
5730455P16Rik	4644	-0.010538369	4.594634572	0.010966805	0.918046547	0.960594776
Pfdn6	719	0.008899556	6.113620298	0.010951732	0.918102664	0.960594776
Chka	9842	0.019820543	3.811928179	0.010899227	0.918298453	0.960621073
Aak1	15617	0.010105379	6.22216533	0.010910062	0.91825801	0.960621073
Ip6k2	3410	-0.017788582	3.259375413	0.010811444	0.918626863	0.960875334
Cd68	1247	-0.037324996	1.708553226	0.010746402	0.918871063	0.960988478
Tubgcp5	6866	-0.009972058	5.109862495	0.010737179	0.918905753	0.960988478
Anp32e	3272	-0.010974505	9.119363447	0.010565623	0.919553759	0.961576837
Tubgcp3	4935	0.009655119	5.896228654	0.01047149	0.91991158	0.961861667
Amacr	2604	-0.022106197	2.159617133	0.010305719	0.920545692	0.962167199
Prmt2	2200	0.014780915	4.128557792	0.010335969	0.920429599	0.962167199
Mrtfb	14860	0.011567424	5.008598952	0.010362591	0.920327567	0.962167199
Tnrc6a	11179	-0.010380914	6.324512707	0.010283491	0.920631113	0.962167199
Hnrnpr	22053	-0.00716416	7.604985046	0.010323192	0.920478612	0.962167199
Enox2	5291	-0.019523855	3.195861975	0.010261121	0.920717169	0.962167817
2010320M18Rik	745	0.028869212	1.911280085	0.010224793	0.920857129	0.96222476
Tmem86a	1791	-0.025174479	2.529249614	0.010093165	0.921366357	0.962667513
Opn3	1837	-0.043673122	0.885134187	0.010027968	0.921619826	0.962842984
Ankle2	5282	-0.012655921	6.049256525	0.009861487	0.922270867	0.963165623
Heg1	9474	-0.009155758	6.437581372	0.009897359	0.922130118	0.963165623
Mbd1	6776	0.008510427	5.869814855	0.00992273	0.922030726	0.963165623
Dap3	5208	0.006957366	7.08777355	0.009879605	0.922199746	0.963165623
Selenok	1018	-0.008535486	7.564142856	0.009825731	0.922411416	0.963223052
Nrg4	3319	-0.044797915	1.430541323	0.009745664	0.922727085	0.963463321
Polr3b	5083	0.013784246	5.259598073	0.009696975	0.922919685	0.963575055
Pclaf	2387	0.028607871	8.792541077	0.009590047	0.923344387	0.963750334
Crtap	1714	0.02180285	3.381603095	0.009623536	0.923211117	0.963750334
Herpud2	9790	0.015628813	5.294788553	0.009600666	0.923302101	0.963750334
Thoc2	8615	-0.007258566	6.90957645	0.009484716	0.923765088	0.964100061
Actb	1920	-0.007465568	11.85411937	0.009451932	0.92389651	0.964147841
Lrrc49	3311	-0.040758011	0.68146993	0.009418793	0.924029589	0.964197342
Cklf	4919	0.012737002	5.665022574	0.009306527	0.924482199	0.964312109
Trmt12	4133	0.012261619	3.775353636	0.009343315	0.924333581	0.964312109
Rbfa	1339	0.009996963	4.646945333	0.00932999	0.92438738	0.964312109
Tmub1	1345	0.008097763	5.676900786	0.009321582	0.924421345	0.964312109
Ttpal	5133	-0.010810713	6.443291108	0.00919841	0.924920691	0.964680113
Rab12	2107	-0.020434054	2.121302891	0.009175402	0.925014342	0.964688417
Cpne2	2686	-0.031065032	1.168744193	0.009148478	0.925124082	0.964713497
Rfx5	10269	0.012718468	4.567162899	0.009065826	0.925461988	0.964887114
Derl2	4222	-0.008059496	6.360558629	0.009085561	0.925381164	0.964887114
Brip1	7036	-0.024556969	5.104383439	0.008985823	0.925790546	0.965140288
Brdt	9599	0.03284908	1.089212571	0.008928625	0.926026356	0.965225707
Uxt	872	0.014241987	4.693135663	0.008898574	0.926150549	0.965225707
G6pdx	2338	-0.011234307	6.464791867	0.008862199	0.926301167	0.965225707
Mettl26	811	0.008741581	6.216077948	0.008862528	0.926299801	0.965225707
Tnks2	7922	-0.007875131	6.05020057	0.008881755	0.926220155	0.965225707
Pik3r1	11472	-0.007277054	5.945621818	0.008831668	0.926427827	0.965268346
Trbj2-1	50	-0.100441163	1.846333145	0.00877722	0.926654253	0.965325583
Gm5141	3279	0.015641576	3.079254063	0.008786216	0.926616794	0.965325583
Gm8149	10924	0.035925191	0.564906776	0.008732213	0.926841959	0.965371892
Zfand2a	3106	-0.011757556	4.701921377	0.00872545	0.926870206	0.965371892
Slc9a7	9644	0.011591933	4.746482622	0.008649104	0.927189853	0.965615482
Wdr45b	4360	-0.008302616	5.706228754	0.008587709	0.92744794	0.965794923
Plk1	2214	-0.024275777	7.665210183	0.008524517	0.927714556	0.96598321
2310022B05Rik	3307	0.023096334	2.502869204	0.008481806	0.92789532	0.966082079
Lamtor1	1186	-0.00694665	6.911122618	0.008451186	0.928025201	0.966127956
Ccnj	4546	0.023996781	2.131561626	0.008287457	0.928723734	0.966581699
Slc38a6	11197	0.021928766	2.206038067	0.008268635	0.928804479	0.966581699
Dnajc17	1190	0.016219842	3.280266436	0.008291356	0.928707017	0.966581699
Setd3	6313	-0.009816637	6.845329529	0.008293307	0.928698657	0.966581699
Polr2m	2472	0.017638861	7.828280248	0.008152969	0.929302736	0.966969629
Actr10	4022	0.007055297	7.220710668	0.008122422	0.929434922	0.966969629
Oaz1	1075	-0.006745961	9.794818741	0.008133871	0.929385351	0.966969629
Ptpn9	4057	0.017888643	4.23582464	0.008059584	0.929707621	0.967163962
Stx7	2535	-0.008531473	5.296299443	0.007973421	0.930083299	0.967465378
Dhx8	4319	-0.009421842	6.036564434	0.007924416	0.930297879	0.967509794
Tbck	9273	-0.008730276	5.215503376	0.007936055	0.930246852	0.967509794
Ctdp1	13922	0.019986809	3.957038612	0.007882529	0.930481822	0.967522338
Emsy	10860	-0.008588408	5.747149038	0.007886976	0.93046227	0.967522338
Vps37c	5252	-0.010510898	4.485036875	0.007781243	0.930928653	0.96789756
Plpp5	1646	-0.013792603	4.095147151	0.007755207	0.931043988	0.967928084
Ehd4	3593	-0.013902753	4.9025864	0.007710995	0.931240284	0.968042762
St3gal3	2974	-0.025152071	1.391577592	0.007689324	0.931336707	0.96805361
Slc30a4	5482	0.026165985	1.254550898	0.007625537	0.931621323	0.96826005
Slc36a1	5292	0.01872366	2.997957984	0.007491089	0.932225184	0.968754651
Sp2	3673	-0.010263812	5.856141109	0.007481312	0.93226931	0.968754651
Garre1	7209	-0.015937382	3.441206036	0.007433871	0.93248383	0.968888137
Sbsn	8567	0.040235999	0.969111134	0.007397899	0.932646947	0.968968192
Ywhah	1764	0.007949263	8.595431868	0.007292138	0.933128863	0.969379417
Celf2	65418	0.005357609	8.308830642	0.007265563	0.933250509	0.969416334
A930006K02Rik	778	0.034505208	2.226184137	0.007200066	0.93355128	0.969628125
Trim39	3840	-0.018539008	4.213079279	0.007178897	0.933648785	0.969628125
Itgav	10171	-0.014342383	3.340040557	0.00716502	0.933712782	0.969628125
Slc25a28	1887	-0.021130527	2.903172621	0.007105007	0.933990264	0.969826821
Fdps	1461	-0.013664886	7.229391577	0.007080723	0.934102884	0.969854309
Gm36459	11288	0.056971574	0.420224655	0.006966171	0.934636767	0.969945838
H4c18	406	0.031132913	1.335399938	0.006950963	0.934707976	0.969945838
4930522L14Rik	5676	0.009400373	4.653799794	0.006962643	0.934653278	0.969945838
Abcc4	9135	0.008994203	6.086978583	0.006963916	0.934647319	0.969945838
Wac	5961	-0.008902909	5.844926464	0.006998051	0.934487747	0.969945838
Lin7c	4137	0.00801931	5.656300841	0.007028967	0.934343556	0.969945838
Eif4e3	6854	0.012982056	4.223437955	0.006923161	0.934838362	0.96999173
Ss18l1	4638	-0.026710495	1.903429435	0.006862565	0.935123454	0.970108721
Rbck1	2691	-0.006165829	8.158393832	0.006865538	0.935109437	0.970108721
Ezh2	4786	0.00921765	7.693827421	0.006838686	0.935236149	0.970136235
Dqx1	3474	-0.022947621	1.785863921	0.006811926	0.935362681	0.970178096
Ctr9	4300	0.009618138	5.936451511	0.006790797	0.935462761	0.970192516
Gm40582	6675	0.017041442	3.384780653	0.006637057	0.936195738	0.970326976
Ermard	15195	-0.013258358	3.800109704	0.006676594	0.936006429	0.970326976
Paxip1	10483	0.012265995	5.224267449	0.006652369	0.936122356	0.970326976
Slco3a1	5368	-0.010938108	5.421268973	0.006686741	0.935957936	0.970326976
Mief1	5311	0.008209243	5.512998174	0.006675879	0.936009848	0.970326976
Tcirg1	3913	0.006699804	5.998828442	0.006679488	0.935992596	0.970326976
Pwwp3a	4145	0.006539644	6.572672585	0.006645542	0.936155065	0.970326976
Ska3	4257	-0.01829311	4.841155584	0.006562388	0.936554817	0.970609788
Gm32006	10427	-0.0302756	1.404782678	0.006538512	0.936670069	0.970639879
Gm51438	19069	-0.036396229	1.143002864	0.00650122	0.936850509	0.970737509
Hmgn5	1907	0.007858867	5.362852645	0.006453319	0.937083045	0.970835231
Psmd9	2592	-0.007276113	5.340935145	0.00644628	0.93711729	0.970835231
Slc2a1	2682	0.007246635	5.197317547	0.006376722	0.937456701	0.971008146
Rmc1	2615	-0.005758655	6.072564813	0.006382758	0.937427174	0.971008146
Ppm1d	2894	-0.024641248	3.992553191	0.006316941	0.937749898	0.971133139
Zfp367	3846	-0.010597666	4.625825306	0.006329553	0.937687924	0.971133139
Tssk4	3612	0.029988186	0.947270617	0.006192448	0.938364989	0.971680744
Trak2	6693	0.01058594	5.050919613	0.006111226	0.938769646	0.97192603
Sap30bp	2168	0.007869615	5.590025738	0.00611025	0.938774529	0.97192603
Zfp780b	9145	-0.01146398	4.153199709	0.006065878	0.938996756	0.972066711
Susd2	3255	0.033054655	0.823597234	0.006015113	0.939252013	0.972152171
Ikbip	4411	-0.025700408	1.913507269	0.006015362	0.939250758	0.972152171
Parp6	6596	-0.011498607	4.372728398	0.005968837	0.939485637	0.972304587
Copb2	3043	-0.005854948	7.432646688	0.005944887	0.93960691	0.972340711
Eif1b	917	0.006957051	6.328823842	0.005894796	0.939861345	0.972514616
E330033B04Rik	6712	0.033608118	1.513844069	0.005813699	0.940275588	0.972763766
Melk	2955	0.013504198	5.913711777	0.00571844	0.940765909	0.972763766
Pign	8374	0.01162499	4.217866498	0.00572943	0.940709131	0.972763766
Fmr1	5149	0.011151253	5.158842907	0.005737406	0.940667958	0.972763766
Diaph2	10107	0.011020587	3.460227864	0.005716496	0.940775957	0.972763766
Smyd4	3519	-0.010181272	4.388671731	0.005717089	0.94077289	0.972763766
Efr3a	5315	-0.006435538	7.589481945	0.005713126	0.940793381	0.972763766
Bcap31	1669	-0.004763865	8.068723871	0.005736668	0.940671769	0.972763766
Hscb	839	0.008409364	4.634167498	0.005630819	0.941220548	0.973116073
Mcoln3	3330	0.030643708	1.5113828	0.005587986	0.941444095	0.973137588
Faf1	4471	-0.017295698	3.972745068	0.005560668	0.941587115	0.973137588
Wsb2	2631	0.010152697	4.404188278	0.005563188	0.941573907	0.973137588
Man2c1	4445	0.00697148	5.288556283	0.005582224	0.94147423	0.973137588
Sft2d3	2810	-0.024757539	1.732421798	0.00550831	0.941862228	0.973332564
Pycr2	1599	0.005456066	6.867695427	0.005482694	0.941997302	0.973382801
Khk	1734	0.012622534	3.426827046	0.005393144	0.942472021	0.973783958
Cep250	8319	0.007997854	5.933629741	0.005288499	0.94303181	0.97427293
Cacfd1	4587	0.007943712	5.259409162	0.005258137	0.943195267	0.974352388
Ppm1j	2194	-0.030910732	2.788727286	0.005236877	0.94331001	0.974381512
Ngp	1161	-0.100142914	2.985018268	0.005148341	0.943790371	0.97455101
Niban2	3693	0.029503572	1.557037961	0.005126973	0.94390693	0.97455101
Tmem159	1551	-0.027032124	0.750777342	0.005136554	0.943854636	0.97455101
Alms1	11493	0.012785556	3.592002818	0.005144634	0.943810575	0.97455101
Kctd9	3446	0.009406968	4.418124749	0.005164922	0.943700095	0.97455101
Fcsk	4065	0.015340512	3.199591242	0.005105429	0.944024692	0.974583217
Rab5a	2364	0.014394372	4.940285248	0.005051117	0.944322682	0.974801463
Ccna2	3376	0.022989688	8.263027475	0.005003865	0.944583253	0.974981045
Gdpd5	7588	-0.017212695	2.56554465	0.00496402	0.944803941	0.975119433
Rec114	3561	0.033194615	0.354525297	0.004824559	0.94558346	0.975213371
Hs3st3b1	6026	0.025218333	1.273290892	0.004904862	0.945133244	0.975213371
Timm29	3170	0.017444249	4.592073681	0.004835309	0.945522972	0.975213371
Ap5b1	3229	0.008770418	4.571000711	0.004861292	0.945377054	0.975213371
Ttc7	6967	-0.007541102	6.693354791	0.004841881	0.945486026	0.975213371
Gatd3a	1351	0.00632281	5.988729843	0.004878416	0.945281101	0.975213371
Nrf1	14628	0.006041735	6.917335448	0.004823762	0.945587951	0.975213371
Ppil4	3049	-0.005161438	6.692611712	0.004825696	0.945577061	0.975213371
Lcn2	853	-0.091330541	0.841198879	0.00474826	0.94601473	0.975296139
Cenpi	5841	-0.013949229	4.81875796	0.004788185	0.94578863	0.975296139
Sdhaf4	667	-0.011868308	4.927811953	0.00475433	0.945980297	0.975296139
C2cd2l	4337	0.008374086	4.594163031	0.004757419	0.94596278	0.975296139
Gm15501	883	0.010998947	4.357926616	0.00471212	0.946220225	0.975418669
Ap3m1	4950	-0.006747686	6.018974882	0.004563965	0.947071036	0.976206347
Dennd4b	6575	0.006712259	6.508998148	0.004538961	0.947215985	0.97626637
Plxnb1	11701	0.01708184	1.528222783	0.0044597	0.947678143	0.97665329
Psd4	7682	0.006935836	7.461649557	0.004442739	0.947777573	0.976666354
Ovgp1	2525	0.03619107	0.870950386	0.004405666	0.947995574	0.976712197
LOC118568242	1042	-0.028150244	0.85362522	0.004415932	0.947935118	0.976712197
Ppm1a	11053	-0.010696751	4.132210465	0.004279242	0.948746008	0.977357145
Ppp2r5e	7905	-0.007850211	5.16855776	0.004256529	0.948882003	0.977357145
Abcb8	5774	0.007211527	6.073014262	0.004257651	0.948875272	0.977357145
Cnot1	9617	-0.007706226	7.446966372	0.004191712	0.949272113	0.977490666
Osbpl11	4521	-0.00668071	4.992571985	0.004214092	0.949137076	0.977490666
Lsm14a	3968	0.005798097	7.144870824	0.00420047	0.949219227	0.977490666
Tlcd3a	3410	-0.014145202	2.300330972	0.004143171	0.94956625	0.977646607
Klhl42	8361	-0.011684566	3.616080153	0.004138075	0.949597233	0.977646607
E2f1	3099	0.011102696	3.839647238	0.004123224	0.949687624	0.977650263
Vmn2r96	2947	0.024444296	0.84104679	0.004036363	0.950219623	0.978019064
Tex261	3413	0.004735865	6.987302694	0.004049578	0.950138315	0.978019064
Map4k5	4454	-0.026618033	0.579519505	0.004001117	0.950437131	0.978091945
Ing2	3763	0.014212089	3.955283263	0.003996743	0.950464192	0.978091945
Ttll3	4015	0.013257419	2.815555789	0.003932165	0.950865446	0.978415428
Car9	2201	0.025124269	1.019653182	0.003916397	0.950963926	0.978427333
Rab23	4721	-0.012577637	2.808011955	0.003862198	0.951303937	0.978624557
Epc1	4651	0.008170505	5.162811804	0.003858144	0.951329468	0.978624557
Gm31290	20414	-0.024337208	1.011265734	0.003835818	0.951470298	0.978680001
Hacd1	1008	-0.027819633	0.096006309	0.003795445	0.951726024	0.978853607
Harbi1	5149	0.011727595	3.558634443	0.003625511	0.952817657	0.97894117
Cdk17	10073	0.010075626	6.159993523	0.003735673	0.952107141	0.97894117
Zfp644	7568	-0.009438412	4.718633336	0.003673898	0.952504256	0.97894117
Strn	9098	-0.008192984	5.407951957	0.003619825	0.952854623	0.97894117
Slc39a9	5562	-0.00688754	5.480137804	0.003737067	0.952098215	0.97894117
Tceanc2	6496	0.006775539	4.691885967	0.003620966	0.952847201	0.97894117
Ppip5k2	6695	0.006562439	6.432134396	0.003688381	0.952410856	0.97894117
Exo5	1990	0.006527334	4.865776625	0.003664487	0.952565052	0.97894117
M6pr	2515	-0.006103457	7.734273541	0.003646007	0.952684655	0.97894117
Kat5	4305	-0.005602694	5.517908226	0.003712484	0.952255819	0.97894117
Mis18a	1300	0.005594904	6.061837847	0.003681143	0.952457508	0.97894117
Meaf6	9487	0.005061144	5.700851918	0.003722319	0.952192704	0.97894117
Gm15764	8450	-0.018979773	2.095101424	0.003579535	0.953117398	0.979121787
Zfand5	7583	-0.01199466	4.737347931	0.0035356	0.953405638	0.979328529
Mark3	3608	-0.006801364	4.549925762	0.003518103	0.953520924	0.979357592
Tpm4	2099	-0.006714565	8.357293695	0.003454103	0.953945106	0.979703887
Aamdc	1000	0.008762207	4.637683949	0.003399457	0.954310423	0.979989669
Shld2	4972	-0.009622932	3.761155837	0.003374149	0.95448061	0.980075037
Pcmtd1	7477	-0.010524982	4.68193107	0.003323149	0.954825515	0.980160996
Srp54c	5475	-0.009614631	4.110864987	0.003329668	0.954781281	0.980160996
Phkb	9113	-0.006073659	4.992948531	0.003323276	0.954824657	0.980160996
Mest	31852	0.02718848	0.206362869	0.003296935	0.955003834	0.980254665
Prr33	2245	0.023610997	0.432649755	0.003272162	0.955173005	0.980338927
Cd40lg	1250	0.005880096	6.9985436	0.003258566	0.955266121	0.980345123
Ccl4	660	0.027651027	0.935353042	0.003198105	0.955682594	0.980683132
Chuk	5004	-0.005239327	6.190246192	0.003164197	0.955917893	0.980835184
Anxa1	1395	0.024019372	1.961294438	0.003136323	0.956112272	0.980883267
Trit1	2122	0.008554921	4.047847261	0.003119243	0.9562318	0.980883267
Mtmr4	9077	0.007783395	5.963460998	0.003095233	0.956400392	0.980883267
Lta4h	2066	0.005285439	7.402369204	0.003096496	0.956391507	0.980883267
Zdhhc16	3521	-0.005281459	5.456546881	0.003130081	0.956155916	0.980883267
Rnf141	10419	0.009926752	3.475458046	0.00306517	0.95661241	0.981011341
Med7	2727	0.004774374	5.511035494	0.003011581	0.956992952	0.981312201
Vps4b	3272	-0.003983844	7.1197918	0.002996256	0.9571024	0.981335048
Tctn1	4153	0.015710632	1.485146188	0.002968576	0.957300797	0.981449082
TrnS1	69	-0.017497236	2.024767585	0.00295484	0.957399596	0.981460995
Rubcn	6998	-0.007661578	4.319045734	0.00290045	0.957793076	0.981774966
Csnk1g1	11553	-0.006383566	5.150699567	0.002876089	0.957970517	0.981867451
Slx4ip	7615	-0.008373765	3.689116004	0.00286072	0.958082852	0.981893195
Gm13546	1016	0.009952002	4.612185284	0.002804849	0.958493788	0.982224929
Coro1c	3436	0.006316107	7.567682461	0.002785985	0.958633458	0.982278645
Gps2	1898	-0.00355883	6.606712329	0.002768859	0.958760668	0.982319585
H4f16	439	0.01655956	1.368173761	0.0027405	0.958972195	0.982357504
Zw10	2915	-0.004840358	6.228790288	0.002750685	0.958896104	0.982357504
Clpx	2961	-0.005200302	5.583674861	0.002704198	0.959244576	0.982547123
Trav7n-4	340	0.027055278	0.812974381	0.002692076	0.95933594	0.982551311
D830024N08Rik	14186	0.01718899	2.278412409	0.002658125	0.959592926	0.982725113
Optn	4651	0.018294827	2.61304532	0.002587679	0.960131452	0.983187182
Rp2	5353	-0.007955372	3.893435294	0.002554462	0.960387931	0.983360376
Cmc4	1011	0.013003184	2.66813892	0.002500648	0.960807026	0.983700027
Mterf1a	4804	0.009219856	2.59393192	0.002469073	0.961055037	0.983864472
Nelfe	1610	0.00460897	6.164772785	0.002438189	0.961299156	0.98393544
Eif3k	1233	-0.003513004	7.820363826	0.002441262	0.961274796	0.98393544
Calhm6	1082	0.030081079	0.98404306	0.002379773	0.961765177	0.984322942
Armh3	3970	0.008018668	4.236717461	0.002346673	0.962031786	0.984409013
Zbtb5	5606	-0.007464737	3.941380363	0.00233681	0.962111598	0.984409013
Psip1	3938	-0.007379545	5.798734686	0.002339574	0.962089218	0.984409013
Extl3	6069	-0.00439549	6.097344564	0.002296462	0.962439849	0.984655382
1700086O06Rik	1931	0.01966923	0.93728698	0.002217483	0.963090854	0.98468089
Tmem165	1896	-0.01502684	4.742261974	0.002250208	0.962819725	0.98468089
Dtnbp1	6872	0.008641194	4.633574276	0.002198151	0.963251967	0.98468089
Trp53bp2	4370	-0.007874983	3.775454333	0.002256906	0.962764473	0.98468089
Zfpl1	1507	-0.006212516	5.089524709	0.002247625	0.96284105	0.98468089
Washc1	3290	0.004479726	4.929607974	0.00228097	0.962566651	0.98468089
Pdxdc1	4950	-0.004230545	5.293747229	0.002203771	0.963205059	0.98468089
Ctnnbl1	2785	0.003692664	6.994513667	0.002204195	0.963201519	0.98468089
Mff	2189	-0.003445034	7.063826209	0.002205527	0.963190412	0.98468089
Gm39272	12830	-0.018490965	1.648638828	0.002182828	0.963380171	0.984722532
Osbpl2	4592	0.004759523	5.898741095	0.00215064	0.963650963	0.9849099
Igf2bp3	14140	-0.010113782	3.658124362	0.002128148	0.963841393	0.984927758
Nt5c3	2042	-0.003479495	6.220951028	0.002127911	0.96384341	0.984927758
Fam219a	3483	-0.011713398	1.949948933	0.002105428	0.964034779	0.984944508
Rnf220	9216	-0.010089613	5.054932419	0.002106455	0.964026014	0.984944508
Chil3	1539	-0.06150111	1.313536694	0.002085694	0.964203597	0.985027595
Ppm1b	6107	-0.009216077	6.12903847	0.002057034	0.96445021	0.985099883
Brpf3	8777	-0.008717656	2.877481966	0.002054688	0.964470476	0.985099883
Ahi1	6522	-0.007803912	3.173620998	0.002047011	0.964536864	0.985099883
Zfp277	2454	0.003860159	5.604475285	0.002022793	0.96474712	0.985225243
Tmem74b	15063	-0.019050011	0.657782064	0.001902488	0.965810778	0.98523378
Phlda3	1467	0.018289021	0.845350386	0.001979733	0.965124087	0.98523378
Mir692-3	109	0.015712267	0.456680314	0.001976029	0.965156704	0.98523378
Tjp2	5794	-0.008220812	3.772319921	0.001928933	0.965574147	0.98523378
Pde7a	9596	-0.007268331	4.289658816	0.001909777	0.965745391	0.98523378
Map3k3	15794	0.007259956	4.481671824	0.001974349	0.965171512	0.98523378
Zbtb49	10181	-0.005302814	3.868480744	0.001893324	0.965893163	0.98523378
Smc4	7505	-0.005295284	9.02862402	0.001907902	0.965762205	0.98523378
Zfp384	3983	-0.004748252	5.473412403	0.001921516	0.965640345	0.98523378
Arl6ip5	1339	0.004162881	7.435501547	0.001999737	0.964948458	0.98523378
Pik3r2	3310	-0.003945949	5.574259789	0.001931553	0.965550785	0.98523378
Armc8	7395	-0.003651952	5.516593268	0.00194405	0.965439608	0.98523378
Glod4	3084	-0.00362445	6.500614375	0.001906873	0.965771431	0.98523378
Ankrd9	1898	-0.009460132	2.817157758	0.001860668	0.966188388	0.985445631
Pxn	5912	-0.004024434	6.027950128	0.001827799	0.96648816	0.985662081
LOC118567469	2323	0.019088905	0.94509687	0.001817409	0.966583484	0.985670005
Ctdspl2	7851	0.003464526	5.973298504	0.001805262	0.966695272	0.985694717
Lrrcc1	7373	-0.003952403	5.105630135	0.001777723	0.966950115	0.985865278
Ccni	2900	-0.005033495	7.681810191	0.001767064	0.967049283	0.985877101
Txndc11	3122	-0.004492832	5.527418899	0.001738291	0.967318486	0.986062253
Zscan25	2939	0.015088888	1.415348195	0.001708551	0.967599092	0.986258993
Psmc3	1635	0.003624922	8.340513233	0.001688086	0.967793607	0.986367955
A530021J07Rik	1427	-0.031287935	1.253712535	0.001643215	0.968224273	0.986501043
Nrip2	3200	-0.016146648	0.566607259	0.00162896	0.968362322	0.986501043
Xkr5	4840	-0.014287578	2.129123511	0.001661253	0.968050443	0.986501043
Snx19	8720	0.005563002	5.691531291	0.001655118	0.968109462	0.986501043
Kdm1a	3180	-0.003931738	4.412409361	0.001637793	0.968276711	0.986501043
Prdm15	7229	0.006788298	4.419198675	0.001583026	0.968811324	0.986869154
Ptpn13	8282	-0.010889855	4.197915826	0.001562381	0.96901525	0.986941936
Tmem186	3072	0.006397249	4.696989955	0.001558059	0.969058107	0.986941936
LOC118567814	4687	0.016664384	1.370144474	0.001516566	0.969472671	0.987096258
Hmgxb4	4219	0.004289486	4.76236203	0.001521325	0.969424842	0.987096258
Ankrd39	2050	0.004286912	4.449180178	0.001529567	0.969342177	0.987096258
Gm14051	12650	0.019290203	0.464417955	0.001472045	0.969923857	0.987393138
Ubxn8	6328	0.004385373	5.142533236	0.001470498	0.969939662	0.987393138
LOC118567935	5684	0.017737989	0.303525834	0.001437085	0.970282961	0.987482866
Nuf2	2481	-0.008269153	6.136399206	0.001438718	0.970266093	0.987482866
Zfp808	8497	-0.006978866	3.598246116	0.001434536	0.970309316	0.987482866
Surf4	2943	0.002831981	8.302019698	0.00142784	0.970378659	0.987482866
Ppp1r12a	6161	0.003138882	6.932104825	0.001408542	0.970579407	0.987597881
Ndufs2	2353	-0.002335701	7.81167108	0.001382849	0.970848837	0.987782757
Gabarapl1	1773	-0.007155448	3.766617356	0.00134075	0.971295791	0.987880388
Mcat	2015	0.006820763	4.711089412	0.001349628	0.97120096	0.987880388
Gsr	2672	0.006294925	5.273605363	0.001342931	0.971272467	0.987880388
Smc5	5919	0.003090023	5.489115981	0.001363966	0.971048459	0.987880388
Tpgs2	7569	0.005139927	4.594752872	0.001294839	0.971791294	0.988295066
Mblac1	1308	-0.015262175	0.804692489	0.001253726	0.972242533	0.988328123
Tex15	16940	-0.013280668	1.006009093	0.001226748	0.972542676	0.988328123
Zfp951	7687	-0.008851687	2.883288691	0.001214473	0.972680332	0.988328123
C730014E05Rik	1080	0.006904133	5.117966355	0.00126051	0.972167577	0.988328123
Ddx23	3273	0.005694774	3.441413945	0.00122929	0.972514251	0.988328123
Tshz1	6817	0.004266495	5.114241525	0.001212574	0.972701688	0.988328123
Ebpl	2077	0.003926386	5.042296313	0.001282346	0.97192765	0.988328123
Osbpl7	4165	-0.00370159	5.204511894	0.00122189	0.972597068	0.988328123
Larp7	2121	0.00311628	5.749411596	0.001249184	0.972292839	0.988328123
Gcc2	6762	0.003098432	5.357470938	0.001272434	0.972036298	0.988328123
Zfp113	6507	0.005699349	3.340832267	0.001204367	0.972794187	0.988332909
Camp	599	-0.042810463	0.824788865	0.001182972	0.973036817	0.988490209
Mxi1	4644	0.010912705	1.587928765	0.001124898	0.973706706	0.988913435
Ppp4r1l-ps	4466	-0.007054041	2.805074	0.001103719	0.973955302	0.988913435
Drap1	1020	0.00498144	5.298862547	0.001072024	0.974331837	0.988913435
Ptrhd1	4027	0.004402016	3.834402732	0.001092211	0.974091385	0.988913435
Sh3bp1	2603	0.003796092	6.728780774	0.001106674	0.973920469	0.988913435
Itpa	1717	0.002877015	6.255502054	0.001076618	0.974276914	0.988913435
Dcp1a	5695	-0.00279619	5.479650787	0.001093834	0.974072154	0.988913435
Amz2	3082	-0.002776881	5.745909217	0.001072759	0.974323043	0.988913435
Ndufs4	1534	-0.002576361	7.144440147	0.001117239	0.973796335	0.988913435
Morf4l1	1983	-0.002186441	7.844187911	0.001134324	0.973596817	0.988913435
Zcchc2	7883	0.00471791	3.846204024	0.001032606	0.974807987	0.989256497
Gpatch8	19665	0.003077554	6.251211535	0.001029525	0.974845584	0.989256497
Cep128	5875	0.004493188	3.909211711	0.001010187	0.975082855	0.989408093
Rmdn2	9322	-0.008943342	2.16266549	0.000994755	0.975273849	0.989443715
mt-Rnr1	955	-0.006808923	10.48779151	0.000993155	0.975293738	0.989443715
Aacs	3175	-0.003863717	6.35246653	0.000977718	0.975486422	0.989550022
Gm41610	2909	0.016782923	0.657258372	0.000965289	0.975642681	0.98956186
Phlpp1	6104	0.010687439	1.603285031	0.000960927	0.97569776	0.98956186
Zfp446	5977	-0.005680811	3.539833674	0.000955869	0.975761788	0.98956186
Fam174b	2678	0.009298001	1.827966218	0.000910857	0.976339162	0.990058214
Adipor2	4389	0.003185241	5.781361946	0.000881138	0.976728234	0.990363547
Rab26os	295	0.009864034	0.729018742	0.000856585	0.977054667	0.990426926
Tmem62	3451	0.003541681	4.502394171	0.000869703	0.976879688	0.990426926
Pttg1ip	3355	-0.002104206	6.501258243	0.000862665	0.976973403	0.990426926
Padi4	2640	-0.010608083	1.837439956	0.000841177	0.977261901	0.990547806
Mad2l1bp	1272	0.003405801	5.677641942	0.000832209	0.977383405	0.990581776
Lsm4	2160	0.001781864	7.826889682	0.000808043	0.977714103	0.99082774
Nsmce2	3463	-0.003089462	5.839964012	0.000799591	0.977830932	0.990856943
Abhd10	6705	-0.002232712	5.348196103	0.000787613	0.977997549	0.990936586
Sco1	4310	-0.003033126	4.366539166	0.000774084	0.978187293	0.991039646
Ric8b	5700	-0.004435037	3.618358902	0.000754312	0.978467597	0.991234429
Zbtb7a	8369	-0.002351442	6.066934969	0.000744964	0.978601391	0.991280768
Nr2f6	4880	-0.008215928	1.847827838	0.000690695	0.97939536	0.991818594
Pik3r4	4946	0.00263516	5.291623717	0.000699416	0.979265708	0.991818594
Copa	5008	0.002559392	8.667880747	0.000690609	0.979396634	0.991818594
LOC102639683	4130	-0.00970267	0.678929259	0.000642073	0.980133658	0.99220796
2700099C18Rik	1275	-0.005512076	3.295333285	0.000644129	0.980101878	0.99220796
Slc39a14	10218	0.004951572	3.806359918	0.000653111	0.979963651	0.99220796
Smc2	5714	0.003465528	7.49587869	0.000654724	0.979938939	0.99220796
Wdr33	27825	0.001901666	7.16466399	0.000634089	0.98025753	0.992244135
Agrn	12783	-0.010490861	1.89340352	0.000609373	0.980646037	0.992306751
Specc1	11090	-0.007670814	1.513989131	0.00060774	0.980671975	0.992306751
Sap30l	1824	-0.005480838	3.032440112	0.000606584	0.980690361	0.992306751
Capza2	2510	0.001898093	8.640000032	0.00060221	0.980760101	0.992306751
Tmx2	2287	-0.00183387	6.40061047	0.000623598	0.980421493	0.992306751
Nadsyn1	2753	-0.00305617	4.580043993	0.000587151	0.981002126	0.992462431
A230072C01Rik	2201	-0.007738602	1.782508112	0.000572467	0.981241137	0.992615035
Mtrf1l	5429	-0.004881478	3.540135262	0.000554499	0.981537824	0.992750447
Cyb5d2	2376	0.004524273	2.671302458	0.000553686	0.981551362	0.992750447
Itgb1bp1	2588	-0.001821388	6.706310557	0.000548273	0.981641742	0.992752671
Tmem87a	3224	-0.0035459	3.681386295	0.000528762	0.981971296	0.992996753
Hspb6	1927	0.006873954	2.169609536	0.000440982	0.983535375	0.993240155
AI225912	6830	-0.006511052	2.075053276	0.000456069	0.983256141	0.993240155
Pfkfb4	4930	-0.006397472	2.200222753	0.000503692	0.982403798	0.993240155
Marveld2	3382	-0.005925061	3.121984755	0.000496214	0.982534874	0.993240155
Dynlt1b	771	0.005913499	3.862701131	0.000468778	0.983024499	0.993240155
Fcho2	6247	-0.00481156	3.550400507	0.000449299	0.983380859	0.993240155
Lyrm1	2758	0.004315632	3.633658871	0.00048042	0.982815022	0.993240155
Tmpo	7666	0.003726086	8.077455588	0.000498741	0.982490472	0.993240155
Cspp1	4927	-0.003436146	3.98087329	0.000456193	0.983253878	0.993240155
Mlst8	4042	-0.003092786	4.134881278	0.000471253	0.982979742	0.993240155
Osbp	7846	-0.002663361	4.215668587	0.000448984	0.98338669	0.993240155
Tmppe	6856	-0.002279792	4.938512721	0.000466053	0.983073888	0.993240155
Mon2	11122	-0.001931885	5.249252254	0.000464381	0.98310427	0.993240155
Ammecr1l	9461	-0.001916137	5.317258539	0.000441151	0.983532217	0.993240155
Ap1m1	2663	-0.001793071	7.622695796	0.000459601	0.983191442	0.993240155
Pkm	7687	0.00197513	10.72558647	0.000430441	0.983733313	0.99335094
1700037C18Rik	1097	-0.005559233	1.771732885	0.000401361	0.984292321	0.993423231
Yod1	3843	0.005233386	2.252041987	0.000414417	0.984038915	0.993423231
Acap3	4487	0.002763776	4.900148852	0.000402858	0.984263065	0.993423231
Zmpste24	3500	-0.002045609	5.999746741	0.000399216	0.984334352	0.993423231
1810030O07Rik	3516	0.001605278	6.560188966	0.000408333	0.984156497	0.993423231
Dnajc3	5190	0.001575306	7.551264765	0.000399334	0.984332038	0.993423231
Lyz2	1057	-0.010582762	3.684110655	0.000362623	0.985069466	0.993605375
Gm9917	5230	0.007966689	0.837709068	0.000359561	0.985132634	0.993605375
Aven	2149	0.004879072	2.713398488	0.000384863	0.984618491	0.993605375
Blvrb	998	-0.004370735	2.750747362	0.00038047	0.98470652	0.993605375
Csnk2b	1386	-0.003359652	4.815550091	0.0003669	0.984981687	0.993605375
Rmnd5a	6165	-0.002371552	5.420177762	0.000364144	0.985038202	0.993605375
Eif3h	1407	-0.001173145	8.811981658	0.000361675	0.985089	0.993605375
Myo7a	7943	0.007343796	1.440959939	0.000352742	0.985274266	0.993659203
LOC115488065	164	-0.0076126	1.487759224	0.000327656	0.985807483	0.993733669
Zfp458	10449	0.005986037	1.388690706	0.000327411	0.985812795	0.993733669
Cdc20	1784	0.004723482	7.952715589	0.000318522	0.986006692	0.993733669
Nsl1	5269	0.003722439	4.60595961	0.00031636	0.986054256	0.993733669
Hif1an	6190	0.002599354	5.571020583	0.000329309	0.985771746	0.993733669
Dhx57	6805	-0.002488696	4.961090073	0.000335476	0.985639145	0.993733669
Commd7	4574	-0.001719894	7.041524822	0.000343604	0.985466244	0.993733669
Rnf20	7621	0.001587442	6.010097315	0.000317773	0.986023141	0.993733669
Ppp1r12c	5070	-0.002147171	4.822397345	0.000302302	0.986367594	0.993871509
Ciao1	3075	-0.001531038	5.460684772	0.000304434	0.9863196	0.993871509
Gm30466	3763	0.007850672	1.135941647	0.000278179	0.986922766	0.994285021
Aurkb	2177	0.004150828	7.089262292	0.000276825	0.98695462	0.994285021
Cyhr1	6850	0.0026409	4.751361085	0.000251409	0.987567842	0.994724771
Gm38396	2403	0.002546586	3.59024824	0.000254513	0.987491348	0.994724771
Dock4	9773	-0.007891902	1.752008404	0.000227609	0.988170877	0.995089645
Gm16794	13024	0.005080539	1.784770873	0.000225426	0.98822773	0.995089645
Sertad3	1257	-0.002932571	4.564108805	0.000233052	0.988030295	0.995089645
Iws1	12160	0.001337209	6.15741241	0.00022329	0.988283649	0.995089645
1700123M08Rik	1066	-0.004849851	0.847331516	0.000198516	0.988952648	0.995156948
Gm12258	4254	0.00428743	2.207697688	0.000194826	0.989055806	0.995156948
F630048H11Rik	10759	0.004120858	1.692360036	0.00019686	0.988998815	0.995156948
Spag9	8523	0.003146539	3.952767161	0.000212603	0.988567443	0.995156948
Cyp4f17	3148	0.002581165	3.744227727	0.0002051	0.988770957	0.995156948
Acer3	5651	-0.002436404	3.552198763	0.000199987	0.988911804	0.995156948
Evi2a	2297	-0.001436549	6.087156395	0.00021233	0.988574786	0.995156948
Eif3f	1507	-0.001328246	7.869492042	0.00019476	0.989057656	0.995156948
Lpcat1	3876	-0.001361172	6.367472262	0.000186333	0.989296983	0.995220666
Glo1	1940	0.001099398	6.552298649	0.000186305	0.989297786	0.995220666
Pde4d	53295	0.002784207	4.342985491	0.000179717	0.989488696	0.99532378
Zfp638	7659	-0.001721605	6.121884731	0.000174672	0.989637269	0.995327725
Cdk5rap2	11840	-0.001610916	5.169103734	0.00017359	0.98966944	0.995327725
Ogfod2	1825	-0.001286394	5.010303878	0.000164459	0.989944779	0.995515706
Cyp39a1	3106	-0.005122214	0.458266927	0.000154361	0.990258345	0.995568072
Tmem198b	4284	0.003853817	1.322586107	0.000138749	0.990764096	0.995568072
Rnf187	1939	-0.003699269	6.276438266	0.000151201	0.990358587	0.995568072
Cbx7	6631	-0.003639193	2.020521625	0.000150884	0.990368678	0.995568072
Zswim9	3347	-0.003389898	1.726134462	0.000140251	0.990714239	0.995568072
Ckap2	2895	-0.002838638	5.736045468	0.000139666	0.990733635	0.995568072
Ccnk	3654	-0.001584832	4.035812695	0.000146923	0.990495938	0.995568072
Lnpep	6757	-0.00138613	5.239642587	0.000146791	0.990500214	0.995568072
Fam168b	5090	-0.001093106	6.651275371	0.000137889	0.990792742	0.995568072
Catsper2	4691	-0.003246845	1.874714301	0.000128236	0.99112088	0.995808913
H2bc12	500	0.003609255	1.89752448	0.000123674	0.991280231	0.995843881
Tsg101	1949	-0.001005231	6.681629557	0.000122193	0.991332597	0.995843881
Ago3	16963	0.002074225	3.796029828	0.000108353	0.991838181	0.995996275
Polg2	2682	0.001385187	3.817801465	0.000109216	0.991805741	0.995996275
Tmed7	3452	0.001319454	4.693551089	0.000111779	0.991710158	0.995996275
Insig2	7015	-0.00115961	5.105481282	0.000114757	0.991600434	0.995996275
Rab3ip	4529	0.001347017	5.228370791	9.18E-05	0.992487714	0.99655964
Fam120c	9648	-0.001901833	3.025126358	8.75E-05	0.992667085	0.99656198
Ten1	902	-0.000927885	6.004824017	8.93E-05	0.992588809	0.99656198
Tgfbr3l	1400	0.003078583	0.885832228	7.64E-05	0.993147363	0.99695524
Pi4k2a	4055	-0.001783753	3.873715107	7.44E-05	0.993236647	0.996955971
Gdf11	5833	-0.001820056	2.982020087	6.51E-05	0.993672154	0.997304191
Mrs2	7018	0.001695158	4.249370702	5.99E-05	0.993929749	0.997473803
Vti1a	42738	0.000685321	5.522756619	5.63E-05	0.994115506	0.997571296
H2ac13	448	0.001750753	1.877184109	5.22E-05	0.994336387	0.997704015
E330020D12Rik	2827	-0.002249781	1.111604629	4.99E-05	0.994463463	0.997742596
Ar	10063	-0.002114917	2.606364199	4.67E-05	0.994643301	0.997745191
Tigar	6487	0.001200366	3.890066258	4.71E-05	0.994621519	0.997745191
Wdr35	4497	-0.001449211	2.431813763	4.03E-05	0.995020562	0.997860798
Slc31a2	2014	0.001262054	2.943876019	4.06E-05	0.995002625	0.997860798
Zcchc8	4369	-0.000511285	6.286921661	4.03E-05	0.995024455	0.997860798
2010315B03Rik	2786	0.000905744	3.963564455	3.35E-05	0.995460013	0.997888385
Bfar	5147	0.00053425	6.261809164	3.65E-05	0.995260294	0.997888385
Ppp6c	7266	-0.000429359	7.119491716	3.38E-05	0.995440966	0.997888385
Prrc2c	10518	-0.000424774	7.642405859	3.30E-05	0.995495155	0.997888385
Pdlim2	1887	-0.000397015	7.283928354	3.44E-05	0.995398564	0.997888385
Hspa12a	7448	0.003025325	0.4558353	2.12E-05	0.996393624	0.998150827
Pkd1l3	13136	-0.001806708	1.536691452	2.51E-05	0.996074042	0.998150827
Dhx35	4465	-0.00070754	4.466229196	2.70E-05	0.995929165	0.998150827
Fads1	3541	-0.000589892	4.894395063	2.17E-05	0.996348963	0.998150827
Copg2	4472	0.00051269	5.546089403	1.83E-05	0.996643582	0.998150827
Nudcd3	5320	0.000496115	6.353624953	2.18E-05	0.996339988	0.998150827
Ccdc97	3313	-0.000492761	5.988194776	2.41E-05	0.996153953	0.998150827
Ccdc25	2227	-0.000395292	5.820958712	1.97E-05	0.996519342	0.998150827
Cetn2	1186	0.000373311	6.830155682	1.84E-05	0.996637076	0.998150827
Ergic3	1427	0.000372711	6.942815685	2.43E-05	0.996136657	0.998150827
Nlrx1	3980	0.000482005	5.003345839	1.46E-05	0.996999749	0.998418714
Epg5	12083	0.000585902	4.363213225	1.33E-05	0.997141771	0.998472121
Trav6-4	339	0.001415545	0.321692611	1.05E-05	0.997457531	0.998699474
Grk5	7861	-0.001244967	0.996484448	8.83E-06	0.997670633	0.99882401
Snord96a	77	-0.000600569	1.547818009	4.93E-06	0.998258388	0.999160439
Gm31597	1183	-0.000556608	2.559762762	4.85E-06	0.998272928	0.999160439
Slc25a16	3157	-0.000498129	3.999041285	5.39E-06	0.99817987	0.999160439
Aldh6a1	3749	-0.000268296	2.957718266	1.34E-06	0.999091215	0.999712817
Nkiras2	3182	0.000244667	3.325652376	1.68E-06	0.998983675	0.999712817
Fto	4509	0.000151512	5.760899996	1.45E-06	0.999057253	0.999712817
D730003I15Rik	568	-0.000387939	1.348203026	9.49E-07	0.999236029	0.99974061
Golga7	2036	5.89E-05	7.093659437	8.05E-07	0.999296597	0.99974061
Prox2	9243	-0.000139293	1.480498171	2.15E-07	0.999636025	0.999813644
Slc10a3	2023	-7.31E-05	5.159046749	3.77E-07	0.999518238	0.999813644
Mbd4	6256	6.79E-05	4.208121411	2.91E-07	0.999576831	0.999813644
Ctbs	2913	-3.80E-05	2.828868223	4.20E-08	0.999839334	0.999912409
Zbtb14	4144	2.31E-05	3.675160189	1.25E-08	0.999912409	0.999912409